,year,case,par,repjur,crash_dt,crash_tm,accday,accmon,holiday,county,co_char,city,weather,weather2,lightcond,surfcond,surftype,numfatal,nmforms,pforms,vforms,not_tm,arr_tm,hosp_tm,fhevent,hitrun,manncol,milepnt,reljunc,reljuncinter,intersectiontype,funcsystem,landuse,ownership,route,schlbus,spejur,contdev,devfunc,trafid1,trafid2,x,y,wk_zone,vnumber,crashtype,criticalevent,criticaleventcat,spdlim,body,trailer,emerg,hazcargo,leave,mhevent,roadalgn,roadprof,traflane,trafflow,vehmanvr,numoccs,regowner,regstate,spuse,make,model,modelyr,vrf1,vrf2,seqevent1,seqevent2,seqevent3,seqevent4,seqevent5,seqevent6,pnumber,ptype,age,sex,hispanic,race,injury,diedscene,restraint,restraintmisuse,seatpos,takehosp,death_dt,death_tm,cert,cernum_wa,commlic,licendor,licrestrict,liccomp,drivpres,drf1,drf2,drf3,drf4,distract1,distract2,distract3,distract4,distract5,distract6,dricond1,dricond2,dricond3,dricond4,dricond5,dricond6,dzip,licstate,drhgt_in,weight,noncdl,noncdltype,prevdwi,prevoth,prevacc,prevspd,prevsus,driviol1,driviol2,driviol3,driviol4,driviol5,driviol6,spdrel,first_dt,last_dt,airbag,ejection,ejectpath,extricat,injurwrk,methalc,methdrug,nmlocat,strikveh,prf1,prf2,prf3,druginv,alcinvol,drugsts,drugres1,drugres2,drugres3,drugtst1,drugtst2,drugtst3,alcsts,alctst,alcres,nmact1,nmact2,nmact3,nmact4,nmact5,nmact6,nmprior1,nmprior2,nmprior3,nmprior4,nmprior5,nmprior6,nmcond1,nmcond2,nmcond3,nmcond4,nmcond5,nmcond6,nmsafe_helmet,nmsafe_pads,nmsafe_oth,nmprev_ref,nmprev_lgt,nmprev_oth,crashlocation,nmcrashtype,crosswalk,schoolzone,sidewalk,train_inv,wildlife_inv,rotr_fars,intersect_fars,dd_inv,aid_inv,dpd_inv,id_inv,mj_inv,impnm_inv,ainm_inv,dpnm_inv,speed_inv,unlic_inv,unendmc_inv,drowsy_inv,drdist_inv,nmdist_inv,fty_inv,unrestfat_inv,dr1617_inv,dr1820_inv,dr1620_inv,dr2125_inv,dr1625_inv,dr65_inv,dr70_inv,dr75_inv,mc_inv,pv_inv,ht_inv,ped_inv,bike_inv,unrest_fat,mc_fat,unhelmet_mc,pv_fat,ht_fat,ped_fat,bike_fat,dr_alc7,dr_alc8,dr_drug,dr_imp,dr_dist,dr_spd,dr_fty,dr_unlic,dr_alc7only,dr_alc8only,dr_drugonly,dr_drink,nm_imp,nm_alc7,nm_alc8,nm_drug,nm_dist,agegrp1,agegrp2,roadclass,urbrur,dayweek,restuse,vehtype,race_me,intersect,lanedep,oppdir,wrongway,rep_typ,investag,repag_long,rotr,st_rd,cty_rd,city_rd,oth_rd,drug_thc,thc_res,drug_cthc,cthc_res,drug_cann,prevpersemin,prevperse,prevsusoth,drugtst4,drugtst5,drugtst6,drugtst7,drugtst8,drugres4,drugres5,drugres6,drugres7,drugres8,adspresent,adsengaged,adslevel,race1,race2,race3,race4,race5,helmet,helmetmisuse,nmdistract1,nmdistract2,nmdistract3,nmdistract4,nmdistract5,nmdistract6,lab,isedtcase,crf1,crf2,crf3,CoRoadName,CoMP,IntCoRoadName,IntCoMP,zipcode
38,2017,25,E634964,8.0,01/20/2017,13:15,20,1,0.0,31,Jefferson,0,10,0.0,1,1,2,1,0,5,3,,,,12,0,2,3.6,1,0,1,4,1,1,3,0,0,0,0,SR-19,,-122.734225,47.940188889,0,3,98,62,4,50,4,0,0,1,2,1,3,1,2,1,14,2,1,53,0,37,31,2002,0,0.0,63,1.0,,,,,1,1,24,1,0.0,0.0,1,0,3,0,11,5,,,,,0.0,0.0,0.0,3.0,1,0,0.0,0.0,0.0,0,,,,,,0,,,,,,98337.0,53,65.0,148.0,6.0,1.0,0.0,0.0,0.0,5.0,0.0,76,,,,,,0,07/15/2013,07/15/2016,20,0,0,0,8.0,9,8,,,0,0.0,0.0,8,0,0.0,0.0,0.0,0.0,0.0,0.0,0.0,0,0,996.0,,,,,,,,,,,,,,,,,,,,,,,,,,,,,,0,0,0,0,0,0,1,1,0,0,0,0,0,1,0,0,0,0,0,0,0,0,0,1,1,1,0,0,0,1,1,0,0,0,0,,0,0,0,0,0,0,0,0,0,0,0,0,0,0,0,0,,,,,,21-25,16-25,State route,R,Friday,Belt Used,PV,Not Fatal,0,1,1,0,State Route,State Patrol,Washington State Patrol,0,1,0,0,0,,,,,,,,,,,,,,,,,,,,,,,,,,,,,,,,,,,,,,,,,,,,98365
39,2017,26,E635844,1.0,01/23/2017,17:19,23,1,0.0,21,Franklin,0,1,0.0,2,2,2,1,0,8,3,17:28,17:50,18:43,12,0,8,12.5,1,0,1,3,1,1,3,0,0,0,0,SR-17,,-119.0447972,46.728127778,0,1,64,10,2,60,4,0,0,1,2,12,1,1,2,1,6,3,1,53,0,37,31,1999,0,0.0,68,12.0,12.0,,,,1,1,21,1,0.0,0.0,3,0,20,0,11,4,,,,,0.0,0.0,0.0,2.0,1,28,91.0,0.0,0.0,96,,,,,,9,,,,,,99344.0,53,67.0,135.0,1.0,1.0,1.0,1.0,0.0,5.0,4.0,1,,,,,,0,08/15/2012,07/15/2016,1,0,0,0,8.0,1,8,,,0,0.0,0.0,8,1,2.0,1.0,0.0,0.0,1.0,0.0,0.0,2,1,0.18,,,,,,,,,,,,,,,,,,,,,,,,,,,,,,0,0,0,0,1,1,0,1,0,0,0,0,0,1,0,0,0,0,0,1,0,0,0,1,1,0,0,0,0,1,0,0,0,0,0,,0,0,0,0,0,1,0,1,0,0,0,1,0,1,0,1,,,,,,21-25,16-25,State route,R,Monday,Not Used,PV,Not Fatal,0,1,1,0,State Route,State Patrol,Washington State Patrol,0,1,0,0,0,,,,,,,,,,,,,,,,,,,,,,,,,,,,,,,,,,,,,,,,,,,,
40,2017,26,E635844,1.0,01/23/2017,17:19,23,1,0.0,21,Franklin,0,1,0.0,2,2,2,1,0,8,3,17:28,17:50,18:43,12,0,8,12.5,1,0,1,3,1,1,3,0,0,0,0,SR-17,,-119.0447972,46.728127778,0,2,65,62,4,60,4,0,0,1,2,12,1,1,2,1,1,1,1,53,0,55,33,2013,0,0.0,12,,,,,,1,1,40,1,0.0,0.0,0,0,3,0,11,0,,,,,0.0,0.0,3.0,3.0,1,0,0.0,0.0,0.0,0,,,,,,0,,,,,,98837.0,53,68.0,250.0,6.0,1.0,0.0,0.0,0.0,0.0,0.0,0,,,,,,0,,,20,0,0,0,8.0,9,8,,,0,0.0,0.0,8,0,0.0,0.0,0.0,0.0,0.0,0.0,0.0,0,0,996.0,,,,,,,,,,,,,,,,,,,,,,,,,,,,,,0,0,0,0,1,1,0,1,0,0,0,0,0,1,0,0,0,0,0,1,0,0,0,1,1,0,0,0,0,1,0,0,0,0,0,,0,0,0,0,0,0,0,0,0,0,0,0,0,0,0,0,,,,,,36-40,36-45,State route,R,Monday,Belt Used,PV,Not Fatal,0,1,1,0,State Route,State Patrol,Washington State Patrol,0,1,0,0,0,,,,,,,,,,,,,,,,,,,,,,,,,,,,,,,,,,,,,,,,,,,,
41,2017,26,E635844,1.0,01/23/2017,17:19,23,1,0.0,21,Franklin,0,1,0.0,2,2,2,1,0,8,3,17:28,17:50,18:43,12,0,8,12.5,1,0,1,3,1,1,3,0,0,0,0,SR-17,,-119.0447972,46.728127778,0,3,98,62,4,60,4,0,0,1,2,12,1,1,2,1,1,4,1,53,0,52,40,2003,0,0.0,12,,,,,,1,1,31,1,0.0,0.0,3,0,20,0,11,4,,,,,0.0,0.0,0.0,3.0,1,0,0.0,0.0,0.0,0,,,,,,0,,,,,,98837.0,53,73.0,185.0,6.0,1.0,0.0,3.0,0.0,3.0,0.0,0,,,,,,0,02/15/2013,01/15/2016,1,0,0,0,8.0,9,8,,,0,0.0,0.0,8,0,0.0,0.0,0.0,0.0,0.0,0.0,0.0,0,0,996.0,,,,,,,,,,,,,,,,,,,,,,,,,,,,,,0,0,0,0,1,1,0,1,0,0,0,0,0,1,0,0,0,0,0,1,0,0,0,1,1,0,0,0,0,1,0,0,0,0,0,,0,0,0,0,0,0,0,0,0,0,0,0,0,0,0,0,,,,,,31-35,26-35,State route,R,Monday,Not Used,PV,Not Fatal,0,1,1,0,State Route,State Patrol,Washington State Patrol,0,1,0,0,0,,,,,,,,,,,,,,,,,,,,,,,,,,,,,,,,,,,,,,,,,,,,
42,2017,27,E636880,4.0,01/22/2017,21:27,22,1,0.0,63,Spokane,2113,4,0.0,3,2,2,1,1,1,1,21:23,21:31,22:05,8,0,0,9.9,1,0,1,3,2,1,3,0,0,0,0,SR-290,,-117.2082833,47.694941667,0,1,13,11,2,50,34,0,0,1,5,8,1,1,5,5,1,1,1,53,0,7,472,2000,0,0.0,63,8.0,,,,,1,1,21,1,0.0,0.0,0,0,3,0,11,0,,,,,0.0,0.0,0.0,3.0,1,0,0.0,0.0,0.0,13,,,,,,0,,,,,,99027.0,53,73.0,190.0,6.0,1.0,0.0,6.0,0.0,6.0,0.0,69,,,,,,0,09/15/2013,11/15/2016,20,0,0,0,8.0,9,8,,,0,0.0,0.0,8,0,0.0,0.0,0.0,0.0,0.0,0.0,0.0,0,0,996.0,,,,,,,,,,,,,,,,,,,,,,,,,,,,,,0,0,0,0,0,0,0,0,0,1,1,1,0,0,0,0,1,0,0,0,0,0,0,1,1,0,0,0,0,0,0,1,0,0,0,,0,0,0,0,0,0,0,0,1,0,0,0,0,0,0,0,,,,,,21-25,16-25,State route,U,Sunday,Belt Used,PV,Not Fatal,0,0,0,0,State Route,State Patrol,Washington State Patrol,0,1,0,0,0,,,,,,,,,,,,,,,,,,,,,,,,,,,,,,,,,,,,,,,,,,,,99216
43,2017,28,E636871,1.0,01/22/2017,14:46,22,1,0.0,5,Benton,2475,1,0.0,1,1,2,1,0,2,2,,,,12,0,6,5.1,2,0,2,5,2,1,3,0,0,20,3,SR-224,KEENE RD,-119.3892361,46.286172222,0,1,89,17,2,45,4,0,0,1,2,12,1,1,2,1,1,1,2,53,0,49,40,2003,0,0.0,12,,,,,,1,1,28,1,7.0,1.0,4,7,3,0,11,0,01/22/2017,14:46,53003474.0,3474.0,0.0,0.0,3.0,3.0,1,38,0.0,0.0,0.0,96,,,,,,0,,,,,,99337.0,53,72.0,150.0,6.0,1.0,0.0,1.0,2.0,1.0,0.0,0,,,,,,0,05/15/2014,12/15/2016,20,0,0,0,0.0,9,8,,,0,0.0,0.0,8,0,2.0,1.0,0.0,0.0,1.0,0.0,0.0,2,1,0.0,,,,,,,,,,,,,,,,,,,,,,,,,,,,,,0,0,0,1,0,0,0,0,0,0,0,0,0,0,0,0,0,0,1,0,0,0,0,0,0,0,0,0,0,1,0,0,0,0,0,,1,0,0,0,0,0,0,0,0,0,1,0,0,0,0,0,,,,,,26-30,26-35,State route,U,Sunday,Belt Used,PV,White,1,0,0,0,State Route,State Patrol,Washington State Patrol,0,1,0,0,0,,,,,,,,,,,,,,,,,,,,,,,,,,,,,,,,,,,,,,,,,,,,99353
44,2017,28,E636871,1.0,01/22/2017,14:46,22,1,0.0,5,Benton,2475,1,0.0,1,1,2,1,0,2,2,,,,12,0,6,5.1,2,0,2,5,2,1,3,0,0,0,0,SR-224,KEENE RD,-119.3892361,46.286172222,0,2,88,66,4,55,34,1,0,1,2,12,8,8,5,1,1,1,1,53,0,12,481,1999,0,0.0,12,,,,,,1,1,52,2,0.0,0.0,1,0,3,0,11,4,,,,,0.0,0.0,0.0,3.0,1,0,0.0,0.0,0.0,0,,,,,,0,,,,,,98849.0,53,67.0,160.0,6.0,1.0,0.0,0.0,0.0,0.0,0.0,0,,,,,,0,,,20,0,0,0,8.0,9,8,,,0,0.0,0.0,8,0,2.0,1.0,0.0,0.0,1.0,0.0,0.0,2,1,0.0,,,,,,,,,,,,,,,,,,,,,,,,,,,,,,0,0,0,1,0,0,0,0,0,0,0,0,0,0,0,0,0,0,1,0,0,0,0,0,0,0,0,0,0,1,0,0,0,0,0,,0,0,0,0,0,0,0,0,0,0,0,0,0,0,0,0,,,,,,51-55,46-55,State route,U,Sunday,Belt Used,PV,Not Fatal,1,0,0,0,State Route,State Patrol,Washington State Patrol,0,1,0,0,0,,,,,,,,,,,,,,,,,,,,,,,,,,,,,,,,,,,,,,,,,,,,99353
45,2017,29,E636762,122.0,01/25/2017,6:52,25,1,0.0,61,Snohomish,690,1,0.0,3,1,2,1,1,1,1,,,,8,0,0,0.0,1,0,1,3,2,4,6,0,0,0,0,SEAWAY BLVD,,-122.2673083,47.937058333,0,1,1,13,2,98,6,0,0,1,5,8,1,2,2,1,1,1,1,53,0,6,52,2002,0,0.0,63,8.0,40.0,,,,1,1,55,2,0.0,0.0,0,0,3,0,11,0,,,,,0.0,0.0,3.0,3.0,1,0,0.0,0.0,0.0,92,,,,,,99,,,,,,98020.0,53,65.0,250.0,6.0,1.0,0.0,0.0,0.0,0.0,0.0,0,,,,,,0,,,20,0,0,0,8.0,9,8,,,0,0.0,0.0,8,9,0.0,0.0,0.0,0.0,0.0,0.0,0.0,0,0,996.0,,,,,,,,,,,,,,,,,,,,,,,,,,,,,,0,0,1,0,0,0,0,0,0,1,0,1,0,0,0,0,1,0,0,0,0,0,0,0,0,0,0,0,0,1,0,1,0,0,0,,0,0,0,0,0,0,0,0,1,0,0,0,0,0,0,0,,,,,,51-55,46-55,City street,U,Wednesday,Belt Used,PV,Not Fatal,0,0,0,0,City Street,Municipal/City Police,Everett Police Department,0,0,0,1,0,,,,,,,,,,,,,,,,,,,,,,,,,,,,,,,,,,,,,,,,,,,,98203
46,2017,31,E638169,8.0,01/27/2017,10:11,27,1,0.0,35,Kitsap,0,1,0.0,1,1,2,1,0,2,2,,,,12,0,6,29.3,8,0,1,3,2,1,3,0,0,0,0,SR-3,,-122.7846,47.481644444,0,1,82,15,2,55,4,0,0,1,2,12,1,1,2,1,11,1,1,53,0,13,13,2011,0,0.0,12,,,,,,1,1,64,2,0.0,0.0,1,0,3,0,11,6,,,,,0.0,0.0,3.0,3.0,1,38,0.0,0.0,0.0,96,,,,,,0,,,,,,98312.0,53,59.0,115.0,6.0,1.0,0.0,0.0,0.0,0.0,0.0,39,,,,,,0,,,1,0,0,0,8.0,3,2,,,0,0.0,0.0,0,0,0.0,0.0,0.0,0.0,0.0,0.0,0.0,0,0,996.0,,,,,,,,,,,,,,,,,,,,,,,,,,,,,,0,0,0,0,0,0,0,0,0,0,0,0,0,0,0,0,0,0,1,0,0,0,0,0,0,0,0,0,0,1,0,0,0,0,0,,0,0,0,0,0,0,0,0,0,0,1,0,0,0,0,0,,,,,,61-65,56-65,State route,U,Friday,Belt Used,PV,Not Fatal,0,0,0,0,State Route,State Patrol,Washington State Patrol,0,1,0,0,0,,,,,,,,,,,,,,,,,,,,,,,,,,,,,,,,,,,,,,,,,,,,98312
47,2017,31,E638169,8.0,01/27/2017,10:11,27,1,0.0,35,Kitsap,0,1,0.0,1,1,2,1,0,2,2,,,,12,0,6,29.3,8,0,1,3,2,1,3,0,0,0,0,SR-3,,-122.7846,47.481644444,0,2,83,72,4,55,3,0,0,1,2,12,1,1,2,1,1,1,1,53,0,37,31,1991,0,0.0,12,,,,,,1,1,63,1,99.0,99.0,4,7,3,0,11,0,01/27/2017,10:11,53005725.0,5725.0,0.0,0.0,3.0,3.0,1,0,0.0,0.0,0.0,0,,,,,,0,,,,,,98312.0,53,74.0,375.0,6.0,1.0,0.0,0.0,1.0,0.0,0.0,0,,,,,,0,10/15/2016,10/15/2016,20,0,0,0,0.0,9,8,,,0,0.0,0.0,8,0,2.0,1.0,0.0,0.0,1.0,0.0,0.0,2,1,0.0,,,,,,,,,,,,,,,,,,,,,,,,,,,,,,0,0,0,0,0,0,0,0,0,0,0,0,0,0,0,0,0,0,1,0,0,0,0,0,0,0,0,0,0,1,0,0,0,0,0,,1,0,0,0,0,0,0,0,0,0,0,0,0,0,0,0,,,,,,61-65,56-65,State route,U,Friday,Belt Used,PV,Oth/Unk,0,0,0,0,State Route,State Patrol,Washington State Patrol,0,1,0,0,0,,,,,,,,,,,,,,,,,,,,,,,,,,,,,,,,,,,,,,,,,,,,98312
48,2017,32,E636978,35.0,01/30/2017,12:38,30,1,0.0,53,Pierce,0,1,0.0,1,2,1,1,0,1,1,12:38,12:58,,1,0,0,2.1,1,0,1,4,1,2,4,0,0,0,0,CR-ALDER CUTOFF RD E,,-122.2512889,46.835138889,0,1,5,13,2,45,4,0,0,1,2,1,1,1,2,2,1,1,2,53,0,49,32,1989,0,0.0,63,1.0,,,,,1,1,53,2,7.0,1.0,4,7,99,0,11,0,01/30/2017,12:38,58053005431.0,5431.0,0.0,0.0,3.0,3.0,1,0,0.0,0.0,0.0,96,,,,,,9,,,,,,98304.0,53,65.0,125.0,6.0,1.0,0.0,0.0,0.0,0.0,0.0,0,,,,,,0,,,20,0,0,0,0.0,9,8,,,0,0.0,0.0,1,1,2.0,605.0,0.0,0.0,1.0,0.0,0.0,2,1,0.29,,,,,,,,,,,,,,,,,,,,,,,,,,,,,,0,0,1,0,1,1,1,1,1,0,0,0,0,0,0,0,0,0,0,0,0,0,0,0,0,0,0,0,0,1,0,0,0,0,0,,1,0,0,0,0,1,1,1,0,0,0,0,0,0,0,1,,,,,,51-55,46-55,County road,R,Monday,Unknown,PV,White,0,1,0,0,County Road,County Sheriff,Law Enforcement Support Agency,1,0,1,0,0,thc,3.3,,,,,,,,,,,,,,,,,,,,,,,,,,,,,,,,,,,,,,,,,,98328
49,2017,33,E636017,1.0,01/07/2017,17:55,7,1,0.0,77,Yakima,1440,4,0.0,2,3,2,2,0,2,1,,,,3,0,0,190.4,1,0,1,2,2,1,2,0,0,0,0,US-12,,-120.6830778,46.720247222,0,1,0,6,1,60,34,0,0,1,2,3,1,1,1,2,1,2,1,53,0,49,482,2002,0,0.0,63,3.0,,,,,1,1,23,1,7.0,1.0,4,7,99,0,11,0,01/07/2017,17:55,144053001596.0,1596.0,0.0,0.0,0.0,3.0,1,87,0.0,0.0,0.0,96,,,,,,99,,,,,,99350.0,53,71.0,165.0,6.0,1.0,0.0,0.0,0.0,0.0,0.0,0,,,,,,4,,,20,0,0,0,0.0,1,8,,,0,0.0,0.0,8,1,2.0,1.0,0.0,0.0,1.0,0.0,0.0,2,1,0.082,,,,,,,,,,,,,,,,,,,,,,,,,,,,,,0,0,0,0,1,1,0,1,0,0,0,0,1,0,0,0,0,0,0,0,0,0,0,1,1,0,0,0,0,0,0,0,0,0,0,,0,0,0,0,0,1,0,1,0,1,0,0,0,1,0,1,,,,,,21-25,16-25,US highway,U,Saturday,Unknown,PV,White,0,1,0,0,State Route,State Patrol,Washington State Patrol,1,1,0,0,0,,,,,,,,,,,,,,,,,,,,,,,,,,,,,,,,,,,,,,,,,,,,98937
50,2017,34,E637343,1.0,01/24/2017,23:20,24,1,0.0,77,Yakima,0,5,0.0,2,1,1,1,0,2,2,23:28,23:48,0:23,12,0,2,48.0,1,0,1,1,1,1,1,0,0,0,0,I-82,,-120.3454889,46.434405556,0,1,52,54,3,98,4,0,0,1,2,12,2,1,2,2,14,1,2,53,0,55,36,2013,0,0.0,12,,,,,,1,1,27,1,0.0,0.0,3,0,3,0,11,8,,,,,0.0,0.0,0.0,3.0,1,51,0.0,0.0,0.0,96,,,,,,9,,,,,,98935.0,53,70.0,150.0,6.0,1.0,0.0,1.0,0.0,2.0,1.0,1,,,,,,0,11/15/2013,11/15/2015,1,0,0,0,8.0,1,8,,,0,0.0,0.0,8,1,2.0,605.0,0.0,0.0,1.0,0.0,0.0,2,1,0.18,,,,,,,,,,,,,,,,,,,,,,,,,,,,,,0,0,0,0,1,1,1,1,1,0,0,0,0,0,0,0,0,0,0,0,0,0,0,1,1,0,0,0,0,1,0,0,0,0,0,,0,0,0,0,0,1,1,1,0,0,0,0,0,0,0,1,,,,,,26-30,26-35,Interstate,R,Tuesday,Belt Used,PV,Not Fatal,0,0,0,1,State Route,State Patrol,Washington State Patrol,0,1,0,0,0,thc,6.2,carboxy-thc,18.0,,,,,,,,,,,,,,,,,,,,,,,,,,,,,,,,,,,,,,,,98953
51,2017,34,E637343,1.0,01/24/2017,23:20,24,1,0.0,77,Yakima,0,5,0.0,2,1,1,1,0,2,2,23:28,23:48,0:23,12,0,2,48.0,1,0,1,1,1,1,1,0,0,0,0,I-82,,-120.3454889,46.434405556,0,2,52,54,3,70,4,0,0,1,2,12,3,1,2,2,14,1,1,53,0,6,43,2004,0,0.0,12,,,,,,1,1,22,1,1.0,98.0,4,0,3,0,11,4,01/25/2017,15:10,196053004373.0,4373.0,0.0,0.0,0.0,3.0,1,0,0.0,0.0,0.0,0,,,,,,0,,,,,,98901.0,53,70.0,125.0,6.0,1.0,0.0,0.0,1.0,1.0,0.0,0,,,,,,0,12/15/2012,07/15/2015,1,0,0,0,0.0,9,8,,,0,0.0,0.0,8,0,2.0,1.0,0.0,0.0,1.0,0.0,0.0,2,1,0.0,,,,,,,,,,,,,,,,,,,,,,,,,,,,,,0,0,0,0,1,1,1,1,1,0,0,0,0,0,0,0,0,0,0,0,0,0,0,1,1,0,0,0,0,1,0,0,0,0,0,,1,0,0,0,0,0,0,0,0,0,0,0,0,0,0,0,,,,,,21-25,16-25,Interstate,R,Tuesday,Belt Used,PV,Hispanic,0,0,0,1,State Route,State Patrol,Washington State Patrol,0,1,0,0,0,,,,,,,,,,,,,,,,,,,,,,,,,,,,,,,,,,,,,,,,,,,,98953
52,2017,35,E631434,305.0,01/11/2017,17:00,11,1,0.0,11,Clark,2370,4,0.0,3,4,2,1,2,1,1,,,,8,1,0,0.0,2,0,3,4,2,4,6,0,0,2,3,SE 10TH ST,SE NANCY RD,-122.5551722,45.614341667,0,1,13,16,2,98,99,0,0,1,5,8,1,2,4,1,10,99,9,99,0,99,999,9999,0,0.0,8,8.0,,,,,1,1,999,9,0.0,0.0,0,0,99,0,11,0,,,,,99.0,9.0,9.0,9.0,1,87,0.0,0.0,0.0,96,,,,,,99,,,,,,99999.0,99,,999.0,9.0,9.0,99.0,99.0,99.0,99.0,99.0,97,,,,,,4,,,99,0,0,0,8.0,9,8,,,0,0.0,0.0,8,9,9.0,999.0,0.0,0.0,9.0,0.0,0.0,9,99,999.0,,,,,,,,,,,,,,,,,,,,,,,,,,,,,,0,0,0,1,0,0,0,0,0,0,0,0,1,0,0,0,0,0,0,0,0,0,0,0,0,0,0,0,0,0,0,1,0,0,0,,0,0,0,0,0,0,0,0,0,1,0,0,0,0,0,0,,,,,,,,City street,U,Wednesday,,NR-U,Not Fatal,1,0,0,0,City Street,Municipal/City Police,Vancouver Police Department,0,0,0,1,0,,,,,,,,,,,,,,,,,,,,,,,,,,,,,,,,,,,,,,,,,,,,98664
53,2017,36,E637961,5.0,01/23/2017,20:10,23,1,0.0,15,Cowlitz,0,1,0.0,2,1,2,1,0,2,2,20:08,20:42,21:06,12,0,2,8.4,1,0,1,4,1,1,3,0,0,0,0,SR-504,,-122.7753028,46.31885,1,1,50,10,2,55,3,0,0,1,2,12,2,1,2,1,14,1,1,53,0,37,31,1998,0,0.0,68,12.0,,,,,1,1,42,1,7.0,1.0,4,7,20,0,11,0,01/23/2017,20:10,53005573.0,5573.0,6.0,0.0,3.0,3.0,1,28,0.0,0.0,0.0,96,,,,,,9,,,,,,98611.0,53,73.0,230.0,6.0,1.0,0.0,0.0,0.0,0.0,0.0,0,,,,,,0,,,1,0,0,0,0.0,1,8,,,0,0.0,0.0,8,1,2.0,155.0,996.0,996.0,1.0,1.0,1.0,2,1,0.13,,,,,,,,,,,,,,,,,,,,,,,,,,,,,,0,0,0,0,1,1,1,1,0,0,0,0,0,0,0,0,0,0,0,1,0,1,1,0,1,0,0,0,0,1,0,0,0,1,0,,1,0,0,0,0,1,1,1,0,0,0,0,0,0,0,1,,,,,,41-45,36-45,State route,R,Monday,Not Used,PV,White,0,1,1,0,State Route,State Patrol,Washington State Patrol,0,1,0,0,0,,,,,,,,,,,,,,,,,,,,,,,,,,,,,,,,,,,,,,,,,,,,98645
54,2017,36,E637961,5.0,01/23/2017,20:10,23,1,0.0,15,Cowlitz,0,1,0.0,2,1,2,1,0,2,2,20:08,20:42,21:06,12,0,2,8.4,1,0,1,4,1,1,3,0,0,0,0,SR-504,,-122.7753028,46.31885,1,2,51,62,4,55,2,0,0,1,2,12,3,1,2,1,14,1,2,53,0,22,16,2002,0,0.0,12,,,,,,1,1,18,1,0.0,0.0,1,0,3,0,11,8,,,,,0.0,0.0,0.0,3.0,1,0,0.0,0.0,0.0,0,,,,,,0,,,,,,98645.0,53,67.0,130.0,6.0,1.0,0.0,0.0,0.0,2.0,0.0,0,,,,,,0,12/15/2015,05/15/2016,1,0,0,0,8.0,9,8,,,0,0.0,0.0,8,0,0.0,0.0,0.0,0.0,0.0,0.0,0.0,0,0,996.0,,,,,,,,,,,,,,,,,,,,,,,,,,,,,,0,0,0,0,1,1,1,1,0,0,0,0,0,0,0,0,0,0,0,1,0,1,1,0,1,0,0,0,0,1,0,0,0,0,0,,0,0,0,0,0,0,0,0,0,0,0,0,0,0,0,0,,,,,,18-20,16-25,State route,R,Monday,Belt Used,PV,Not Fatal,0,1,1,0,State Route,State Patrol,Washington State Patrol,0,1,0,0,0,,,,,,,,,,,,,,,,,,,,,,,,,,,,,,,,,,,,,,,,,,,,98645
55,2017,37,3753857,263.0,01/13/2017,15:07,13,1,0.0,33,King,1960,1,0.0,1,1,2,1,1,1,1,,,,9,0,0,0.0,1,0,1,4,2,4,6,0,0,0,0,S GRAHAM ST,,-122.2861917,47.546036111,0,1,13,83,5,98,14,0,0,1,2,9,1,1,2,1,1,1,1,53,0,49,402,2012,0,0.0,9,,,,,,1,1,59,1,0.0,0.0,0,0,3,0,11,0,,,,,0.0,0.0,3.0,3.0,1,0,0.0,0.0,0.0,96,,,,,,98,,,,,,98108.0,53,64.0,130.0,6.0,1.0,0.0,0.0,0.0,0.0,0.0,0,,,,,,0,,,20,0,0,0,8.0,9,8,,,0,0.0,0.0,8,8,0.0,0.0,0.0,0.0,0.0,0.0,0.0,0,0,996.0,,,,,,,,,,,,,,,,,,,,,,,,,,,,,,0,0,0,0,0,0,0,0,0,1,0,1,0,0,0,0,0,0,0,0,0,0,0,0,0,0,0,0,0,1,0,0,1,0,0,,0,0,0,0,0,0,0,0,0,0,0,0,0,0,0,0,,,,,,56-60,56-65,City street,U,Friday,Belt Used,PV,Not Fatal,0,0,0,0,City Street,Municipal/City Police,Seattle Police Department,0,0,0,1,0,,,,,,,,,,,,,,,,,,,,,,,,,,,,,,,,,,,,,,,,,,,,98118
56,2017,38,E635532,25.0,01/17/2017,22:43,17,1,0.0,33,King,0,2,0.0,3,2,2,1,0,2,2,,,,12,0,6,3.7,2,0,3,3,2,2,4,0,0,3,3,CR-AVONDALE RD NE,NE 132ND ST,-122.0879417,47.717611111,0,1,83,17,2,40,64,0,0,1,5,12,1,1,5,1,1,1,3,53,0,7,881,2013,0,0.0,12,,,,,,1,1,46,1,0.0,0.0,0,0,3,0,11,0,,,,,8.0,0.0,0.0,3.0,1,0,0.0,0.0,0.0,96,,,,,,98,,,,,,98077.0,53,71.0,192.0,6.0,1.0,0.0,0.0,0.0,0.0,1.0,97,,,,,,0,11/15/2012,11/15/2012,20,0,0,0,8.0,9,8,,,0,0.0,0.0,8,1,0.0,0.0,0.0,0.0,0.0,0.0,0.0,0,0,996.0,,,,,,,,,,,,,,,,,,,,,,,,,,,,,,0,0,0,1,1,0,0,0,0,0,0,0,0,0,0,0,0,0,0,0,0,0,0,0,0,0,0,0,0,1,1,0,0,0,0,,0,0,0,0,0,0,0,0,0,0,0,0,0,0,0,1,,,,,,46-50,46-55,County road,U,Tuesday,,MHTRUCK,Not Fatal,1,0,0,0,County Road,County Sheriff,King County Police,0,0,1,0,0,,,,,,,,,,,,,,,,,,,,,,,,,,,,,,,,,,,,,,,,,,,,98052