,year,case,par,repjur,crash_dt,crash_tm,accday,accmon,holiday,county,co_char,city,weather,weather2,lightcond,surfcond,surftype,numfatal,nmforms,pforms,vforms,not_tm,arr_tm,hosp_tm,fhevent,hitrun,manncol,milepnt,reljunc,reljuncinter,intersectiontype,funcsystem,landuse,ownership,route,schlbus,spejur,contdev,devfunc,trafid1,trafid2,x,y,wk_zone,vnumber,crashtype,criticalevent,criticaleventcat,spdlim,body,trailer,emerg,hazcargo,leave,mhevent,roadalgn,roadprof,traflane,trafflow,vehmanvr,numoccs,regowner,regstate,spuse,make,model,modelyr,vrf1,vrf2,seqevent1,seqevent2,seqevent3,seqevent4,seqevent5,seqevent6,pnumber,ptype,age,sex,hispanic,race,injury,diedscene,restraint,restraintmisuse,seatpos,takehosp,death_dt,death_tm,cert,cernum_wa,commlic,licendor,licrestrict,liccomp,drivpres,drf1,drf2,drf3,drf4,distract1,distract2,distract3,distract4,distract5,distract6,dricond1,dricond2,dricond3,dricond4,dricond5,dricond6,dzip,licstate,drhgt_in,weight,noncdl,noncdltype,prevdwi,prevoth,prevacc,prevspd,prevsus,driviol1,driviol2,driviol3,driviol4,driviol5,driviol6,spdrel,first_dt,last_dt,airbag,ejection,ejectpath,extricat,injurwrk,methalc,methdrug,nmlocat,strikveh,prf1,prf2,prf3,druginv,alcinvol,drugsts,drugres1,drugres2,drugres3,drugtst1,drugtst2,drugtst3,alcsts,alctst,alcres,nmact1,nmact2,nmact3,nmact4,nmact5,nmact6,nmprior1,nmprior2,nmprior3,nmprior4,nmprior5,nmprior6,nmcond1,nmcond2,nmcond3,nmcond4,nmcond5,nmcond6,nmsafe_helmet,nmsafe_pads,nmsafe_oth,nmprev_ref,nmprev_lgt,nmprev_oth,crashlocation,nmcrashtype,crosswalk,schoolzone,sidewalk,train_inv,wildlife_inv,rotr_fars,intersect_fars,dd_inv,aid_inv,dpd_inv,id_inv,mj_inv,impnm_inv,ainm_inv,dpnm_inv,speed_inv,unlic_inv,unendmc_inv,drowsy_inv,drdist_inv,nmdist_inv,fty_inv,unrestfat_inv,dr1617_inv,dr1820_inv,dr1620_inv,dr2125_inv,dr1625_inv,dr65_inv,dr70_inv,dr75_inv,mc_inv,pv_inv,ht_inv,ped_inv,bike_inv,unrest_fat,mc_fat,unhelmet_mc,pv_fat,ht_fat,ped_fat,bike_fat,dr_alc7,dr_alc8,dr_drug,dr_imp,dr_dist,dr_spd,dr_fty,dr_unlic,dr_alc7only,dr_alc8only,dr_drugonly,dr_drink,nm_imp,nm_alc7,nm_alc8,nm_drug,nm_dist,agegrp1,agegrp2,roadclass,urbrur,dayweek,restuse,vehtype,race_me,intersect,lanedep,oppdir,wrongway,rep_typ,investag,repag_long,rotr,st_rd,cty_rd,city_rd,oth_rd,drug_thc,thc_res,drug_cthc,cthc_res,drug_cann,prevpersemin,prevperse,prevsusoth,drugtst4,drugtst5,drugtst6,drugtst7,drugtst8,drugres4,drugres5,drugres6,drugres7,drugres8,adspresent,adsengaged,adslevel,race1,race2,race3,race4,race5,helmet,helmetmisuse,nmdistract1,nmdistract2,nmdistract3,nmdistract4,nmdistract5,nmdistract6,lab,isedtcase,crf1,crf2,crf3,CoRoadName,CoMP,IntCoRoadName,IntCoMP,zipcode
76,2017,50,E641865,25.0,02/04/2017,3:42,4,2,0.0,33,King,229,2,0.0,3,2,2,1,1,1,1,,,,8,1,0,0.0,1,0,1,3,2,4,6,0,0,0,0,1ST AVE S,,-122.3338361,47.491394444,0,1,13,12,2,35,9,0,0,1,5,8,1,1,4,1,1,99,9,99,0,99,399,9999,0,0.0,68,64.0,8.0,,,,1,1,999,9,0.0,0.0,0,0,99,0,11,0,,,,,99.0,9.0,9.0,9.0,1,0,0.0,0.0,0.0,99,,,,,,99,,,,,,99999.0,99,,999.0,9.0,9.0,99.0,99.0,99.0,99.0,99.0,99,,,,,,9,,,99,0,0,0,8.0,9,8,,,0,0.0,0.0,8,9,0.0,0.0,0.0,0.0,0.0,0.0,0.0,0,0,996.0,,,,,,,,,,,,,,,,,,,,,,,,,,,,,,0,0,0,0,0,0,0,0,0,0,0,0,0,0,0,0,0,0,0,0,0,0,0,0,0,0,0,0,0,1,0,1,0,0,0,,0,0,0,0,0,0,0,0,0,0,0,0,0,0,0,0,,,,,,,,City street,U,Saturday,Unknown,PV,Not Fatal,0,0,0,0,City Street,County Sheriff,King County Police,0,0,0,1,0,,,,,,,,,,,,,,,,,,,,,,,,,,,,,,,,,,,,,,,,,,,,98168
77,2017,51,E640687,7.0,02/08/2017,5:26,8,2,0.0,33,King,0,10,0.0,3,2,2,1,0,1,1,,,,24,0,0,0.6,5,1,1,1,1,1,1,0,0,0,0,I-5 RAMP R114450,,-122.2977722,47.316266667,0,1,6,6,1,98,14,0,0,1,2,3,2,2,3,6,14,1,1,53,0,37,401,1995,0,0.0,64,24.0,1.0,3.0,,,1,1,24,1,7.0,2.0,4,7,3,0,11,0,02/08/2017,6:24,73553008086.0,8086.0,0.0,0.0,0.0,3.0,1,0,0.0,0.0,0.0,96,,,,,,9,,,,,,98908.0,53,71.0,195.0,6.0,1.0,0.0,0.0,0.0,0.0,0.0,0,,,,,,5,,,99,0,0,1,0.0,1,8,,,0,0.0,0.0,9,1,2.0,605.0,996.0,0.0,1.0,1.0,0.0,2,1,0.085,,,,,,,,,,,,,,,,,,,,,,,,,,,,,,0,0,1,0,1,1,1,1,1,0,0,0,1,0,0,0,0,0,0,0,0,0,0,1,1,0,0,0,0,1,0,0,0,0,0,,1,0,0,0,0,1,1,1,0,1,0,0,0,0,0,1,,,,,,21-25,16-25,Interstate,R,Wednesday,Belt Used,PV,Black,0,1,0,0,State Route,State Patrol,Washington State Patrol Headquarter,1,1,0,0,0,thc,8.6,carboxy-thc,41.0,,,,,,,,,,,,,,,,,,,,,,,,,,,,,,,,,,,,,,,,98003
78,2017,52,E650617,6.0,02/09/2017,0:52,9,2,0.0,37,Kittitas,0,10,0.0,2,4,2,1,0,1,2,,,,12,0,6,15.3,1,0,1,5,1,1,3,0,0,0,0,SR-10,ONEIL RD,-120.6231083,47.042988889,0,2,66,50,3,55,21,0,0,1,2,12,1,1,2,1,1,1,1,53,0,23,461,1989,0,0.0,12,,,,,,1,1,42,1,7.0,1.0,4,7,3,0,11,0,02/09/2017,0:52,62053007298.0,7298.0,8.0,0.0,0.0,3.0,1,87,0.0,0.0,0.0,92,,,,,,99,,,,,,98926.0,53,73.0,200.0,6.0,1.0,0.0,0.0,0.0,0.0,0.0,0,,,,,,4,,,20,2,9,0,0.0,9,8,,,0,0.0,0.0,8,9,2.0,1.0,0.0,0.0,1.0,0.0,0.0,2,1,0.0,,,,,,,,,,,,,,,,,,,,,,,,,,,,,,0,0,0,0,0,0,0,0,0,0,0,0,1,0,0,0,1,0,0,0,0,0,0,0,0,0,0,0,0,1,1,0,0,0,0,,1,0,0,0,0,0,0,0,1,1,0,0,0,0,0,0,,,,,,41-45,36-45,State route,R,Thursday,Belt Used,PV,White,0,0,0,0,State Route,State Patrol,Washington State Patrol Headquarter,0,1,0,0,0,,,,,,,,,,,,,,,,,,,,,,,,,,,,,,,,,,,,,,,,,,,,98926
79,2017,53,E641243,278.0,02/11/2017,19:09,11,2,0.0,63,Spokane,2110,1,0.0,3,2,2,1,1,1,1,,,,8,0,0,281.1,3,0,2,3,2,1,2,0,0,0,0,US-2,E EUCLID AVE,-117.4110806,47.686194444,0,1,13,80,5,30,34,0,0,1,5,8,1,2,8,2,1,1,1,53,0,20,481,1991,0,0.0,8,,,,,,1,1,74,1,0.0,0.0,0,0,3,0,11,0,,,,,0.0,0.0,3.0,3.0,1,0,0.0,0.0,0.0,92,,,,,,0,,,,,,99218.0,53,73.0,175.0,6.0,1.0,0.0,0.0,1.0,0.0,0.0,0,,,,,,0,01/15/2013,01/15/2013,20,0,0,0,8.0,9,8,,,0,0.0,0.0,8,0,2.0,1.0,0.0,0.0,1.0,0.0,0.0,2,1,0.0,,,,,,,,,,,,,,,,,,,,,,,,,,,,,,0,0,0,1,0,0,0,0,0,1,1,1,0,0,0,0,1,1,0,0,0,0,0,0,0,1,1,0,0,0,0,1,0,0,0,,0,0,0,0,0,0,0,0,1,0,0,0,0,0,0,0,,,,,,71-75,66-75,US highway,U,Saturday,Belt Used,PV,Not Fatal,1,0,0,0,State Route,Municipal/City Police,Spokane Police Department,0,1,0,0,0,,,,,,,,,,,,,,,,,,,,,,,,,,,,,,,,,,,,,,,,,,,,99207
80,2017,54,E644790,7.0,02/12/2017,20:23,12,2,0.0,33,King,109,1,0.0,3,1,2,1,0,2,1,,,,33,0,0,0.0,1,0,1,5,2,4,6,0,0,0,0,LAKE HILLS BLVD,,-122.1339861,47.603227778,0,1,6,8,1,30,80,0,0,1,2,42,3,2,2,1,6,2,1,53,0,71,706,2016,0,0.0,68,68.0,64.0,33.0,42.0,,1,1,53,1,7.0,1.0,4,7,5,0,11,0,02/12/2017,20:23,10953011014.0,11014.0,0.0,0.0,0.0,3.0,1,0,0.0,0.0,0.0,96,,,,,,99,,,,,,98059.0,53,72.0,280.0,6.0,1.0,0.0,0.0,0.0,3.0,0.0,0,,,,,,0,05/15/2013,08/15/2015,20,8,0,0,0.0,9,8,,,0,0.0,0.0,8,9,2.0,1.0,0.0,0.0,1.0,0.0,0.0,2,1,0.0,,,,,,,,,,,,,,,,,,,,,,,,,,,,,,0,0,1,0,0,0,0,0,0,0,0,0,0,0,0,0,0,0,0,0,0,0,0,0,0,0,0,0,1,0,0,0,0,0,1,0.0,0,0,0,0,0,0,0,0,0,0,0,0,0,0,0,0,,,,,,51-55,46-55,City street,U,Sunday,,MC,White,0,1,0,0,City Street,Municipal/City Police,Bellevue Police Department,1,0,0,1,0,,,,,,,,,,,,,,,,,,,,,,,,,,,,,,,,,,,,,,,,,,,,98008
81,2017,55,E642403,1.0,02/13/2017,15:53,13,2,0.0,21,Franklin,0,1,0.0,1,1,2,1,0,1,1,,,,1,0,0,51.3,1,0,1,2,1,1,2,0,0,0,0,US-395,,-119.0050944,46.548397222,0,1,98,12,2,70,14,0,0,1,2,1,1,1,4,2,1,1,1,53,0,12,401,1996,0,0.0,64,69.0,65.0,63.0,1.0,,1,1,63,1,1.0,1.0,4,0,3,0,11,4,02/13/2017,18:43,64553007935.0,7935.0,0.0,0.0,0.0,3.0,1,58,0.0,0.0,0.0,92,,,,,,0,,,,,,99357.0,53,62.0,165.0,6.0,1.0,0.0,1.0,1.0,1.0,1.0,0,,,,,,0,08/15/2015,05/15/2016,20,0,0,0,0.0,9,8,,,0,0.0,0.0,8,0,2.0,996.0,996.0,0.0,1.0,1.0,0.0,2,1,0.0,,,,,,,,,,,,,,,,,,,,,,,,,,,,,,0,0,0,0,0,0,1,1,0,0,0,0,0,0,0,0,1,0,0,0,0,0,0,0,0,0,0,0,0,1,0,0,0,0,0,,1,0,0,0,0,0,1,1,1,0,0,0,0,0,1,0,,,,,,61-65,56-65,US highway,R,Monday,Belt Used,PV,Hispanic,0,1,0,0,State Route,State Patrol,Washington State Patrol Headquarter,1,1,0,0,0,,,,,,,,,,,,,,,,,,,,,,,,,,,,,,,,,,,,,,,,,,,,
82,2017,56,3398254,160.0,02/11/2017,19:56,11,2,0.0,33,King,1030,1,0.0,3,1,2,1,0,4,2,,,,12,1,6,10.6,2,0,2,3,2,1,3,0,0,1,3,SR-99,S 252ND ST,-122.3000028,47.375819444,0,1,69,17,2,45,4,0,0,1,5,12,1,1,7,1,1,99,5,53,0,54,35,2009,0,0.0,12,,,,,,1,1,998,9,0.0,0.0,9,0,99,0,11,0,,,,,99.0,0.0,9.0,9.0,1,39,0.0,0.0,0.0,92,,,,,,99,,,,,,99999.0,98,,999.0,9.0,9.0,99.0,99.0,99.0,99.0,99.0,0,,,,,,0,,,99,0,0,0,8.0,9,8,,,0,0.0,0.0,9,9,0.0,0.0,0.0,0.0,0.0,0.0,0.0,0,0,996.0,,,,,,,,,,,,,,,,,,,,,,,,,,,,,,0,0,0,1,0,0,0,0,0,0,0,0,0,0,0,0,1,0,0,0,0,0,0,0,0,0,0,0,0,1,0,0,0,0,0,,0,0,0,0,0,0,0,0,1,0,0,0,0,0,0,0,,,,,,,,State route,U,Saturday,Unknown,PV,Not Fatal,1,0,0,0,State Route,Municipal/City Police,Kent Police Department,0,1,0,0,0,,,,,,,,,,,,,,,,,,,,,,,,,,,,,,,,,,,,,,,,,,,,98089
83,2017,56,3398254,160.0,02/11/2017,19:56,11,2,0.0,33,King,1030,1,0.0,3,1,2,1,0,4,2,,,,12,0,6,10.6,2,0,2,3,2,1,3,0,0,1,3,SR-99,S 252ND ST,-122.3000028,47.375819444,0,2,68,15,2,45,4,0,0,1,8,12,1,1,7,1,11,3,2,53,0,20,2,2006,0,0.0,12,,,,,,1,1,39,1,0.0,0.0,9,0,98,0,11,9,,,,,0.0,0.0,0.0,3.0,1,0,0.0,0.0,0.0,0,,,,,,99,,,,,,98031.0,53,65.0,180.0,6.0,1.0,0.0,0.0,0.0,0.0,0.0,0,,,,,,0,,,98,7,0,0,8.0,9,8,,,0,0.0,0.0,9,9,9.0,999.0,0.0,0.0,9.0,0.0,0.0,9,99,999.0,,,,,,,,,,,,,,,,,,,,,,,,,,,,,,0,0,0,1,0,0,0,0,0,0,0,0,0,0,0,0,1,0,0,0,0,0,0,0,0,0,0,0,0,1,0,0,0,0,0,,0,0,0,0,0,0,0,0,0,0,0,0,0,0,0,0,,,,,,36-40,36-45,State route,U,Saturday,Unknown,PV,Not Fatal,1,0,0,0,State Route,Municipal/City Police,Kent Police Department,0,1,0,0,0,,,,,,,,,,,,,,,,,,,,,,,,,,,,,,,,,,,,,,,,,,,,98089
84,2017,57,E643387,3.0,02/14/2017,17:20,14,2,0.0,53,Pierce,0,10,0.0,5,1,2,1,0,4,3,,,,24,0,0,1.8,3,0,3,3,2,1,3,0,3,0,0,SR-167,GRATZER RD E,-122.3788639,47.230430556,0,1,2,67,4,50,4,0,0,1,2,12,1,1,5,5,1,2,2,53,0,49,40,1993,0,0.0,68,68.0,63.0,24.0,69.0,68.0,1,1,45,1,7.0,1.0,4,7,3,0,11,0,02/14/2017,17:31,223053007915.0,7915.0,0.0,0.0,0.0,3.0,1,0,0.0,0.0,0.0,0,,,,,,0,,,,,,98374.0,53,71.0,200.0,6.0,1.0,0.0,0.0,0.0,2.0,1.0,0,,,,,,0,08/15/2014,05/15/2016,1,0,0,0,0.0,9,8,,,0,0.0,0.0,8,9,2.0,996.0,0.0,0.0,1.0,0.0,0.0,2,1,0.0,,,,,,,,,,,,,,,,,,,,,,,,,,,,,,0,0,0,1,0,0,1,1,0,0,0,0,0,1,0,0,0,0,0,0,0,0,0,0,0,0,0,0,0,1,0,0,0,0,0,,1,0,0,0,0,0,1,1,0,0,0,0,0,0,1,0,,,,,,41-45,36-45,State route,U,Tuesday,Belt Used,PV,White,0,1,0,0,State Route,State Patrol,Washington State Patrol Headquarter,1,1,0,0,0,,,,,,,,,,,,,,,,,,,,,,,,,,,,,,,,,,,,,,,,,,,,98443
85,2017,57,E643387,3.0,02/14/2017,17:20,14,2,0.0,53,Pierce,0,10,0.0,5,1,2,1,0,4,3,,,,24,0,0,1.8,3,0,3,3,2,1,3,0,3,0,0,SR-167,GRATZER RD E,-122.3788639,47.230430556,0,2,98,62,4,50,34,0,0,1,2,12,1,1,5,5,1,1,1,53,0,20,481,2011,0,0.0,12,12.0,,,,,1,1,57,1,0.0,0.0,0,0,3,0,11,0,,,,,0.0,0.0,0.0,3.0,1,0,0.0,0.0,0.0,0,,,,,,0,,,,,,98335.0,53,72.0,225.0,6.0,1.0,0.0,0.0,0.0,0.0,0.0,0,,,,,,0,,,20,0,0,0,8.0,9,8,,,0,0.0,0.0,8,0,0.0,0.0,0.0,0.0,0.0,0.0,0.0,0,0,996.0,,,,,,,,,,,,,,,,,,,,,,,,,,,,,,0,0,0,1,0,0,1,1,0,0,0,0,0,1,0,0,0,0,0,0,0,0,0,0,0,0,0,0,0,1,0,0,0,0,0,,0,0,0,0,0,0,0,0,0,0,0,0,0,0,0,0,,,,,,56-60,56-65,State route,U,Tuesday,Belt Used,PV,Not Fatal,0,1,0,0,State Route,State Patrol,Washington State Patrol Headquarter,1,1,0,0,0,,,,,,,,,,,,,,,,,,,,,,,,,,,,,,,,,,,,,,,,,,,,98443
86,2017,57,E643387,3.0,02/14/2017,17:20,14,2,0.0,53,Pierce,0,10,0.0,5,1,2,1,0,4,3,,,,24,0,0,1.8,3,0,3,3,2,1,3,0,3,0,0,SR-167,GRATZER RD E,-122.3788639,47.230430556,0,3,98,62,4,50,6,0,0,1,2,12,1,1,5,5,1,1,1,53,0,2,1,2007,0,0.0,12,,,,,,1,1,57,2,0.0,0.0,3,0,3,0,11,4,,,,,0.0,0.0,0.0,2.0,1,0,0.0,0.0,0.0,0,,,,,,0,,,,,,98092.0,53,73.0,170.0,1.0,1.0,0.0,0.0,0.0,1.0,0.0,0,,,,,,0,11/15/2016,11/15/2016,1,0,0,0,8.0,9,8,,,0,0.0,0.0,8,0,0.0,0.0,0.0,0.0,0.0,0.0,0.0,0,0,996.0,,,,,,,,,,,,,,,,,,,,,,,,,,,,,,0,0,0,1,0,0,1,1,0,0,0,0,0,1,0,0,0,0,0,0,0,0,0,0,0,0,0,0,0,1,0,0,0,0,0,,0,0,0,0,0,0,0,0,0,0,0,1,0,0,0,0,,,,,,56-60,56-65,State route,U,Tuesday,Belt Used,PV,Not Fatal,0,1,0,0,State Route,State Patrol,Washington State Patrol Headquarter,1,1,0,0,0,,,,,,,,,,,,,,,,,,,,,,,,,,,,,,,,,,,,,,,,,,,,98443
87,2017,58,E645429,21.0,02/15/2017,15:31,15,2,0.0,25,Grant,0,2,0.0,1,2,7,1,0,3,2,,,,12,0,6,6.9,2,0,2,5,1,2,4,0,0,20,3,CR-RD 3 NE,RD Q NE,-119.1292167,47.130113889,0,1,89,17,2,50,4,0,0,1,2,12,1,1,2,1,1,1,1,53,0,20,37,2011,0,0.0,12,,,,,,1,1,75,1,7.0,1.0,4,7,20,0,11,0,02/15/2017,15:31,53008078.0,8078.0,0.0,0.0,0.0,3.0,1,39,0.0,0.0,0.0,93,,,,,,0,,,,,,98857.0,53,71.0,200.0,6.0,1.0,0.0,4.0,1.0,8.0,0.0,0,,,,,,0,04/15/2012,11/15/2016,8,0,0,0,0.0,9,8,,,0,0.0,0.0,8,0,2.0,996.0,0.0,0.0,1.0,0.0,0.0,2,1,0.0,,,,,,,,,,,,,,,,,,,,,,,,,,,,,,0,0,0,1,0,0,1,1,0,0,0,0,0,0,0,0,1,0,0,1,0,0,0,0,0,1,1,1,0,1,1,0,0,1,0,,1,0,0,0,0,0,1,1,1,0,0,0,0,0,1,0,,,,,,71-75,66-75,County road,R,Wednesday,Not Used,PV,White,1,0,0,0,County Road,County Sheriff,Grant County Sheriff's Office,0,0,1,0,0,,,,,,,,,,,,,,,,,,,,,,,,,,,,,,,,,,,,,,,,,,,,98837
88,2017,58,E645429,21.0,02/15/2017,15:31,15,2,0.0,25,Grant,0,2,0.0,1,2,2,1,0,3,2,,,,12,0,6,6.9,2,0,2,5,1,2,4,0,0,0,0,CR-RD 3 NE,RD Q NE,-119.1292167,47.130113889,0,2,88,66,4,55,67,0,0,1,2,12,1,1,2,1,1,2,1,53,0,20,880,2006,0,0.0,12,,,,,,1,1,60,1,0.0,0.0,3,0,20,0,11,5,,,,,0.0,0.0,0.0,3.0,1,0,0.0,0.0,0.0,0,,,,,,0,,,,,,98857.0,53,73.0,328.0,6.0,1.0,0.0,0.0,0.0,0.0,0.0,0,,,,,,0,,,1,0,0,0,8.0,9,8,,,0,0.0,0.0,8,0,0.0,0.0,0.0,0.0,0.0,0.0,0.0,0,0,996.0,,,,,,,,,,,,,,,,,,,,,,,,,,,,,,0,0,0,1,0,0,1,1,0,0,0,0,0,0,0,0,1,0,0,1,0,0,0,0,0,1,1,1,0,1,1,0,0,0,0,,0,0,0,0,0,0,0,0,0,0,0,0,0,0,0,0,,,,,,56-60,56-65,County road,R,Wednesday,Not Used,MHTRUCK,Not Fatal,1,0,0,0,County Road,County Sheriff,Grant County Sheriff's Office,0,0,1,0,0,,,,,,,,,,,,,,,,,,,,,,,,,,,,,,,,,,,,,,,,,,,,98837
89,2017,59,E643606,8.0,02/16/2017,16:51,16,2,0.0,9,Clallam,0,5,0.0,1,2,2,1,1,4,1,16:58,17:12,,8,0,0,234.7,1,0,1,3,1,1,2,0,0,0,0,US-101,,-123.6625778,48.072955556,0,1,13,80,5,60,6,0,0,1,2,8,1,1,2,1,1,4,2,53,0,20,24,2009,0,0.0,8,,,,,,1,1,26,2,0.0,0.0,0,0,3,0,11,0,,,,,0.0,0.0,0.0,3.0,1,0,0.0,0.0,0.0,0,,,,,,98,,,,,,98357.0,53,65.0,119.0,6.0,1.0,0.0,0.0,0.0,1.0,0.0,0,,,,,,0,02/15/2012,02/15/2012,20,0,0,0,8.0,9,8,,,0,0.0,0.0,8,8,8.0,95.0,0.0,0.0,6.0,0.0,0.0,8,95,995.0,,,,,,,,,,,,,,,,,,,,,,,,,,,,,,0,0,0,0,0,0,0,0,0,0,0,0,0,0,0,0,0,0,0,0,0,0,0,0,0,0,0,0,0,1,0,1,0,0,0,,0,0,0,0,0,0,0,0,0,0,0,0,0,0,0,0,,,,,,26-30,26-35,US highway,R,Thursday,Belt Used,PV,Not Fatal,0,0,0,0,State Route,State Patrol,Washington State Patrol Headquarter,0,1,0,0,0,,,,,,,,,,,,,,,,,,,,,,,,,,,,,,,,,,,,,,,,,,,,
90,2017,60,E644403,2.0,02/16/2017,10:14,16,2,0.0,61,Snohomish,0,1,0.0,1,1,2,1,0,2,2,10:14,10:22,10:39,12,0,1,196.4,1,0,1,1,2,1,1,0,0,0,0,I-5,,-122.1744472,48.011880556,0,1,24,11,2,60,4,0,0,1,2,12,1,1,3,3,15,1,2,53,0,37,31,2010,0,0.0,64,69.0,12.0,,,,1,1,26,1,7.0,1.0,4,0,20,0,11,4,02/17/2017,22:45,196053008848.0,8848.0,0.0,0.0,0.0,3.0,1,0,0.0,0.0,0.0,96,,,,,,99,,,,,,98008.0,53,68.0,165.0,6.0,1.0,0.0,0.0,0.0,0.0,0.0,0,,,,,,4,,,1,0,0,0,0.0,9,8,,,0,0.0,0.0,8,9,2.0,1.0,0.0,0.0,1.0,0.0,0.0,2,1,0.0,,,,,,,,,,,,,,,,,,,,,,,,,,,,,,0,0,0,0,0,0,0,0,0,0,0,0,1,0,0,0,0,0,0,1,0,0,0,0,0,0,0,0,0,1,1,0,0,1,0,,1,0,0,0,0,0,0,0,0,1,0,0,0,0,0,0,,,,,,26-30,26-35,Interstate,U,Thursday,Not Used,PV,White,0,0,0,0,State Route,State Patrol,Washington State Patrol Headquarter,0,1,0,0,0,,,,,,,,,,,,,,,,,,,,,,,,,,,,,,,,,,,,,,,,,,,,98201
91,2017,60,E644403,2.0,02/16/2017,10:14,16,2,0.0,61,Snohomish,0,1,0.0,1,1,2,1,0,2,2,10:14,10:22,10:39,12,0,1,196.4,1,0,1,1,2,1,1,0,0,0,0,I-5,,-122.1744472,48.011880556,0,2,25,61,4,60,66,1,0,1,5,12,1,1,3,3,1,1,1,53,0,87,884,1998,0,0.0,12,,,,,,1,1,42,1,0.0,0.0,0,0,3,0,11,0,,,,,6.0,1.0,0.0,3.0,1,0,0.0,0.0,0.0,0,,,,,,0,,,,,,98273.0,53,74.0,240.0,6.0,1.0,0.0,1.0,0.0,0.0,0.0,0,,,,,,0,02/15/2013,02/15/2013,20,0,0,0,8.0,9,8,,,0,0.0,0.0,8,0,0.0,0.0,0.0,0.0,0.0,0.0,0.0,0,0,996.0,,,,,,,,,,,,,,,,,,,,,,,,,,,,,,0,0,0,0,0,0,0,0,0,0,0,0,1,0,0,0,0,0,0,1,0,0,0,0,0,0,0,0,0,1,1,0,0,0,0,,0,0,0,0,0,0,0,0,0,0,0,0,0,0,0,0,,,,,,41-45,36-45,Interstate,U,Thursday,,MHTRUCK,Not Fatal,0,0,0,0,State Route,State Patrol,Washington State Patrol Headquarter,0,1,0,0,0,,,,,,,,,,,,,,,,,,,,,,,,,,,,,,,,,,,,,,,,,,,,98201
92,2017,61,E644607,7.0,02/17/2017,16:28,17,2,0.0,33,King,2310,1,0.0,5,1,2,1,1,1,1,,,,8,0,0,0.1,20,0,1,1,2,1,1,0,0,98,3,I-5 RAMP Q115518,,-122.262475,47.464616667,0,1,13,80,5,60,15,0,0,1,5,8,1,1,2,6,1,1,1,53,0,23,421,2003,0,0.0,8,,,,,,1,1,69,1,0.0,0.0,0,0,3,0,11,0,,,,,0.0,0.0,0.0,3.0,1,38,0.0,0.0,0.0,96,,,,,,0,,,,,,98118.0,53,75.0,217.0,6.0,1.0,0.0,0.0,0.0,0.0,0.0,46,,,,,,0,,,20,0,0,0,8.0,9,8,,,0,0.0,0.0,8,0,0.0,0.0,0.0,0.0,0.0,0.0,0.0,0,0,996.0,,,,,,,,,,,,,,,,,,,,,,,,,,,,,,0,0,0,0,0,0,0,0,0,0,0,0,0,0,0,0,0,0,1,0,0,0,0,0,0,1,0,0,0,1,0,1,0,0,0,,0,0,0,0,0,0,0,0,0,0,1,0,0,0,0,0,,,,,,66-70,66-75,Interstate,U,Friday,Belt Used,PV,Not Fatal,0,0,0,0,State Route,State Patrol,Washington State Patrol Headquarter,0,1,0,0,0,,,,,,,,,,,,,,,,,,,,,,,,,,,,,,,,,,,,,,,,,,,,98188
93,2017,62,E645035,47.0,02/14/2017,16:56,14,2,0.0,27,Grays Harbor,10,1,0.0,1,1,2,1,0,1,1,,,,43,0,0,0.1,3,0,2,4,2,1,3,0,0,3,3,SR-105 SPUR BOONE,W SCOTT ST,-123.8023694,46.969669444,0,1,6,12,2,30,2,0,0,1,2,30,1,1,2,1,1,1,1,53,0,55,37,2001,0,0.0,68,64.0,43.0,30.0,,,1,1,53,1,7.0,1.0,4,7,20,0,11,0,02/14/2017,16:56,1053008177.0,8177.0,0.0,0.0,0.0,0.0,1,0,0.0,0.0,0.0,96,,,,,,99,,,,,,98520.0,53,70.0,190.0,0.0,0.0,0.0,0.0,0.0,0.0,0.0,0,,,,,,4,,,8,0,0,0,0.0,9,8,,,0,0.0,0.0,8,9,2.0,1.0,0.0,0.0,1.0,0.0,0.0,2,1,0.022,,,,,,,,,,,,,,,,,,,,,,,,,,,,,,0,0,1,1,1,0,0,0,0,0,0,0,1,1,0,0,0,0,0,1,0,0,0,0,0,0,0,0,0,1,0,0,0,1,0,,1,0,0,0,1,0,0,0,0,1,0,1,1,0,0,1,,,,,,51-55,46-55,State route,U,Tuesday,Not Used,PV,White,0,1,0,0,State Route,Municipal/City Police,Aberdeen Police Department,1,1,0,0,0,,,,,,,,,,,,,,,,,,,,,,,,,,,,,,,,,,,,,,,,,,,,98537
94,2017,63,E643918,40.0,02/15/2017,13:21,15,2,0.0,63,Spokane,2113,2,0.0,1,2,2,1,0,2,2,13:24,13:29,14:00,12,0,2,0.0,1,0,1,3,2,4,6,0,0,0,0,E 32ND,,-117.2292806,47.627866667,0,1,50,10,2,35,2,0,0,1,2,12,1,1,2,1,1,1,2,16,0,37,33,1987,0,0.0,68,12.0,,,,,1,1,27,1,7.0,1.0,4,0,99,0,11,4,02/21/2017,23:00,211053009114.0,9114.0,0.0,0.0,0.0,2.0,1,28,0.0,0.0,0.0,96,,,,,,99,,,,,,83815.0,16,67.0,140.0,1.0,1.0,3.0,3.0,98.0,0.0,2.0,0,,,,,,0,02/15/2013,02/15/2017,20,0,0,0,0.0,9,8,,,0,0.0,0.0,8,9,2.0,996.0,0.0,0.0,1.0,0.0,0.0,2,1,0.0,,,,,,,,,,,,,,,,,,,,,,,,,,,,,,0,0,0,0,0,0,1,1,0,0,0,0,0,1,0,0,0,0,0,0,0,0,0,0,0,1,0,0,0,1,0,0,0,0,0,,1,0,0,0,0,0,1,1,0,0,0,1,0,0,1,0,,,,,,26-30,26-35,City street,U,Wednesday,Unknown,PV,White,0,1,1,0,City Street,County Sheriff,Spokane County Sheriff's Office,0,0,0,1,0,,,,,,,,,,,,,,,,,,,,,,,,,,,,,,,,,,,,,,,,,,,,99206