,year,case,par,repjur,crash_dt,crash_tm,accday,accmon,holiday,county,co_char,city,weather,weather2,lightcond,surfcond,surftype,numfatal,nmforms,pforms,vforms,not_tm,arr_tm,hosp_tm,fhevent,hitrun,manncol,milepnt,reljunc,reljuncinter,intersectiontype,funcsystem,landuse,ownership,route,schlbus,spejur,contdev,devfunc,trafid1,trafid2,x,y,wk_zone,vnumber,crashtype,criticalevent,criticaleventcat,spdlim,body,trailer,emerg,hazcargo,leave,mhevent,roadalgn,roadprof,traflane,trafflow,vehmanvr,numoccs,regowner,regstate,spuse,make,model,modelyr,vrf1,vrf2,seqevent1,seqevent2,seqevent3,seqevent4,seqevent5,seqevent6,pnumber,ptype,age,sex,hispanic,race,injury,diedscene,restraint,restraintmisuse,seatpos,takehosp,death_dt,death_tm,cert,cernum_wa,commlic,licendor,licrestrict,liccomp,drivpres,drf1,drf2,drf3,drf4,distract1,distract2,distract3,distract4,distract5,distract6,dricond1,dricond2,dricond3,dricond4,dricond5,dricond6,dzip,licstate,drhgt_in,weight,noncdl,noncdltype,prevdwi,prevoth,prevacc,prevspd,prevsus,driviol1,driviol2,driviol3,driviol4,driviol5,driviol6,spdrel,first_dt,last_dt,airbag,ejection,ejectpath,extricat,injurwrk,methalc,methdrug,nmlocat,strikveh,prf1,prf2,prf3,druginv,alcinvol,drugsts,drugres1,drugres2,drugres3,drugtst1,drugtst2,drugtst3,alcsts,alctst,alcres,nmact1,nmact2,nmact3,nmact4,nmact5,nmact6,nmprior1,nmprior2,nmprior3,nmprior4,nmprior5,nmprior6,nmcond1,nmcond2,nmcond3,nmcond4,nmcond5,nmcond6,nmsafe_helmet,nmsafe_pads,nmsafe_oth,nmprev_ref,nmprev_lgt,nmprev_oth,crashlocation,nmcrashtype,crosswalk,schoolzone,sidewalk,train_inv,wildlife_inv,rotr_fars,intersect_fars,dd_inv,aid_inv,dpd_inv,id_inv,mj_inv,impnm_inv,ainm_inv,dpnm_inv,speed_inv,unlic_inv,unendmc_inv,drowsy_inv,drdist_inv,nmdist_inv,fty_inv,unrestfat_inv,dr1617_inv,dr1820_inv,dr1620_inv,dr2125_inv,dr1625_inv,dr65_inv,dr70_inv,dr75_inv,mc_inv,pv_inv,ht_inv,ped_inv,bike_inv,unrest_fat,mc_fat,unhelmet_mc,pv_fat,ht_fat,ped_fat,bike_fat,dr_alc7,dr_alc8,dr_drug,dr_imp,dr_dist,dr_spd,dr_fty,dr_unlic,dr_alc7only,dr_alc8only,dr_drugonly,dr_drink,nm_imp,nm_alc7,nm_alc8,nm_drug,nm_dist,agegrp1,agegrp2,roadclass,urbrur,dayweek,restuse,vehtype,race_me,intersect,lanedep,oppdir,wrongway,rep_typ,investag,repag_long,rotr,st_rd,cty_rd,city_rd,oth_rd,drug_thc,thc_res,drug_cthc,cthc_res,drug_cann,prevpersemin,prevperse,prevsusoth,drugtst4,drugtst5,drugtst6,drugtst7,drugtst8,drugres4,drugres5,drugres6,drugres7,drugres8,adspresent,adsengaged,adslevel,race1,race2,race3,race4,race5,helmet,helmetmisuse,nmdistract1,nmdistract2,nmdistract3,nmdistract4,nmdistract5,nmdistract6,lab,isedtcase,crf1,crf2,crf3,CoRoadName,CoMP,IntCoRoadName,IntCoMP,zipcode
95,2017,63,E643918,40.0,02/15/2017,13:21,15,2,0.0,63,Spokane,2113,2,0.0,1,2,2,1,0,2,2,13:24,13:29,14:00,12,0,2,0.0,1,0,1,3,2,4,6,0,0,0,0,E 32ND,,-117.2292806,47.627866667,0,2,51,62,4,35,14,0,0,1,2,12,1,1,2,1,1,1,1,53,0,37,402,2005,0,0.0,12,,,,,,1,1,67,2,0.0,0.0,1,0,3,0,11,8,,,,,0.0,0.0,3.0,3.0,1,0,0.0,0.0,0.0,0,,,,,,0,,,,,,99206.0,53,63.0,150.0,6.0,1.0,0.0,0.0,0.0,0.0,0.0,0,,,,,,0,,,8,0,0,0,8.0,9,8,,,0,0.0,0.0,8,0,2.0,1.0,0.0,0.0,1.0,0.0,0.0,2,1,0.0,,,,,,,,,,,,,,,,,,,,,,,,,,,,,,0,0,0,0,0,0,1,1,0,0,0,0,0,1,0,0,0,0,0,0,0,0,0,0,0,1,0,0,0,1,0,0,0,0,0,,0,0,0,0,0,0,0,0,0,0,0,0,0,0,0,0,,,,,,66-70,66-75,City street,U,Wednesday,Belt Used,PV,Not Fatal,0,1,1,0,City Street,County Sheriff,Spokane County Sheriff's Office,0,0,0,1,0,,,,,,,,,,,,,,,,,,,,,,,,,,,,,,,,,,,,,,,,,,,,99206
96,2017,64,E645622,42.0,02/22/2017,7:16,22,2,0.0,67,Thurston,0,1,0.0,4,2,2,1,0,3,2,,,,12,0,6,6.4,2,0,2,3,2,2,4,0,0,20,3,CR-YELM HWY SE,CANTERWOOD DR SE,-122.7898639,46.988941667,0,1,82,15,2,50,4,0,0,1,2,12,1,1,2,2,11,2,2,53,0,30,40,2000,0,0.0,12,,,,,,1,1,18,1,0.0,0.0,0,0,3,0,11,0,,,,,0.0,0.0,0.0,3.0,1,48,0.0,0.0,0.0,96,,,,,,0,,,,,,98513.0,53,66.0,140.0,6.0,1.0,0.0,0.0,0.0,0.0,0.0,97,,,,,,0,,,1,0,0,0,8.0,9,8,,,0,0.0,0.0,8,0,0.0,0.0,0.0,0.0,0.0,0.0,0.0,0,0,996.0,,,,,,,,,,,,,,,,,,,,,,,,,,,,,,0,0,0,1,0,0,0,0,0,0,0,0,0,0,0,0,0,0,0,1,0,1,1,0,1,1,0,0,0,1,0,0,0,0,0,,0,0,0,0,0,0,0,0,0,0,0,0,0,0,0,0,,,,,,18-20,16-25,County road,U,Wednesday,Belt Used,PV,Not Fatal,1,0,0,0,County Road,County Sheriff,Thurston County Sheriff's Office,0,0,1,0,0,,,,,,,,,,,,,,,,,,,,,,,,,,,,,,,,,,,,,,,,,,,,98513
97,2017,64,E645622,42.0,02/22/2017,7:16,22,2,0.0,67,Thurston,0,1,0.0,4,2,2,1,0,3,2,,,,12,0,6,6.4,2,0,2,3,2,2,4,0,0,0,0,CR-YELM HWY SE,CANTERWOOD DR SE,-122.7898639,46.988941667,0,2,83,67,4,50,4,0,0,1,2,12,1,1,3,1,1,1,2,53,0,35,47,2005,0,0.0,12,,,,,,1,1,69,2,7.0,1.0,4,7,20,0,11,0,02/22/2017,7:16,110253009487.0,9487.0,0.0,0.0,3.0,3.0,1,0,0.0,0.0,0.0,0,,,,,,0,,,,,,98513.0,53,68.0,200.0,6.0,1.0,0.0,1.0,0.0,2.0,1.0,0,,,,,,0,06/15/2012,07/15/2013,20,0,0,0,0.0,9,8,,,0,0.0,0.0,8,9,2.0,1.0,0.0,0.0,1.0,0.0,0.0,2,1,0.0,,,,,,,,,,,,,,,,,,,,,,,,,,,,,,0,0,0,1,0,0,0,0,0,0,0,0,0,0,0,0,0,0,0,1,0,1,1,0,1,1,0,0,0,1,0,0,0,1,0,,1,0,0,0,0,0,0,0,0,0,0,0,0,0,0,0,,,,,,66-70,66-75,County road,U,Wednesday,Not Used,PV,White,1,0,0,0,County Road,County Sheriff,Thurston County Sheriff's Office,0,0,1,0,0,,,,,,,,,,,,,,,,,,,,,,,,,,,,,,,,,,,,,,,,,,,,98513
98,2017,65,E645754,122.0,02/24/2017,20:11,24,2,0.0,61,Snohomish,690,10,0.0,3,1,2,1,0,3,1,20:11,20:23,20:54,39,1,0,0.0,1,0,1,5,2,4,6,0,0,0,0,HARDESON RD,,-122.2445639,47.928425,0,1,7,6,1,35,4,0,0,1,2,39,3,1,3,5,14,3,2,53,0,35,47,2014,0,0.0,68,64.0,39.0,,,,1,1,30,1,0.0,0.0,1,0,3,0,11,4,,,,,0.0,0.0,0.0,2.0,1,0,0.0,0.0,0.0,96,,,,,,99,,,,,,98036.0,53,68.0,185.0,1.0,1.0,0.0,1.0,0.0,1.0,3.0,97,,,,,,3,03/15/2015,01/15/2017,1,0,0,0,8.0,9,8,,,0,0.0,0.0,8,9,0.0,0.0,0.0,0.0,0.0,0.0,0.0,0,0,996.0,,,,,,,,,,,,,,,,,,,,,,,,,,,,,,0,0,0,0,0,0,0,0,0,0,0,0,1,1,0,0,0,0,0,1,0,0,0,0,0,0,0,0,0,1,0,0,0,0,0,,0,0,0,0,0,0,0,0,0,1,0,1,0,0,0,0,,,,,,26-30,26-35,City street,U,Friday,Belt Used,PV,Not Fatal,0,1,0,0,City Street,Municipal/City Police,Everett Police Department,1,0,0,1,0,,,,,,,,,,,,,,,,,,,,,,,,,,,,,,,,,,,,,,,,,,,,98203
99,2017,66,E644437,2.0,02/17/2017,14:58,17,2,0.0,73,Whatcom,0,1,0.0,1,1,2,1,0,7,2,,,,12,0,6,5.2,4,0,1,3,1,1,3,0,0,0,0,SR-539,,-122.4859,48.857525,0,1,82,53,3,50,14,0,0,1,5,12,1,1,5,1,11,6,2,53,0,7,402,2001,0,0.0,12,,,,,,1,1,30,2,0.0,0.0,0,0,3,0,11,0,,,,,0.0,0.0,0.0,3.0,1,38,0.0,0.0,0.0,93,,,,,,0,,,,,,98247.0,53,60.0,126.0,6.0,1.0,0.0,0.0,1.0,0.0,0.0,0,,,,,,0,11/15/2016,11/15/2016,1,0,0,0,8.0,9,8,,,0,0.0,0.0,8,0,0.0,0.0,0.0,0.0,0.0,0.0,0.0,0,0,996.0,,,,,,,,,,,,,,,,,,,,,,,,,,,,,,0,0,0,0,0,0,0,0,0,0,0,0,0,0,0,0,1,0,1,0,0,0,0,0,0,1,0,0,1,1,0,0,0,0,0,,0,0,0,0,0,0,0,0,1,0,1,0,0,0,0,0,,,,,,26-30,26-35,State route,R,Friday,Belt Used,PV,Not Fatal,0,0,0,0,State Route,State Patrol,Washington State Patrol Headquarter,0,1,0,0,0,,,,,,,,,,,,,,,,,,,,,,,,,,,,,,,,,,,,,,,,,,,,98226
100,2017,66,E644437,2.0,02/17/2017,14:58,17,2,0.0,73,Whatcom,0,1,0.0,1,1,2,1,0,7,2,,,,12,0,6,5.2,4,0,1,3,1,1,3,0,0,0,0,SR-539,,-122.4859,48.857525,0,2,83,65,4,50,80,0,0,1,2,12,1,1,5,1,1,1,1,53,0,37,705,2005,0,0.0,12,,,,,,1,1,68,1,7.0,1.0,4,7,19,0,11,0,02/17/2017,14:58,53008632.0,8632.0,0.0,0.0,3.0,3.0,1,0,0.0,0.0,0.0,0,,,,,,99,,,,,,98264.0,53,73.0,230.0,6.0,1.0,0.0,0.0,0.0,1.0,0.0,0,,,,,,0,11/15/2013,11/15/2013,20,8,0,0,0.0,9,1,,,0,0.0,0.0,0,9,2.0,1.0,0.0,0.0,1.0,0.0,0.0,2,1,0.0,,,,,,,,,,,,,,,,,,,,,,,,,,,,,,0,0,0,0,0,0,0,0,0,0,0,0,0,0,0,0,1,0,1,0,0,0,0,0,0,1,0,0,1,1,0,0,0,0,1,0.0,0,0,0,0,0,0,0,0,0,0,0,0,0,0,0,0,,,,,,66-70,66-75,State route,R,Friday,,MC,White,0,0,0,0,State Route,State Patrol,Washington State Patrol Headquarter,0,1,0,0,0,,,,,,,,,,,,,,,,,,,,,,,,,,,,,,,,,,,,,,,,,,,,98226
101,2017,67,E645821,14.0,02/25/2017,23:25,25,2,0.0,11,Clark,0,1,0.0,2,1,2,1,1,1,1,,,,8,1,0,0.9,1,0,1,4,2,2,4,0,0,0,0,CR-NE MINNEHAHA ST,,-122.6472139,45.667675,0,1,13,80,5,40,14,0,0,1,5,8,1,1,5,1,1,1,1,53,0,35,401,1998,0,0.0,8,,,,,,1,1,35,2,0.0,0.0,0,0,99,0,11,0,,,,,0.0,0.0,3.0,2.0,1,0,0.0,0.0,0.0,96,,,,,,1,,,,,,98661.0,53,64.0,110.0,1.0,1.0,0.0,3.0,1.0,0.0,2.0,0,,,,,,9,02/15/2014,09/15/2016,99,0,0,0,8.0,9,8,,,0,0.0,0.0,8,1,0.0,0.0,0.0,0.0,0.0,0.0,0.0,0,0,996.0,,,,,,,,,,,,,,,,,,,,,,,,,,,,,,0,0,0,0,1,0,0,0,0,1,1,1,0,1,0,0,0,1,0,0,0,0,0,0,0,0,0,0,0,1,0,1,0,0,0,,0,0,0,0,0,0,0,0,0,0,0,1,0,0,0,1,,,,,,31-35,26-35,County road,U,Saturday,Unknown,PV,Not Fatal,0,0,0,0,County Road,County Sheriff,Clark County Sheriff's Office,0,0,1,0,0,,,,,,,,,,,,,,,,,,,,,,,,,,,,,,,,,,,,,,,,,,,,98665
102,2017,68,E646985,4.0,02/24/2017,17:33,24,2,0.0,63,Spokane,2113,10,0.0,5,1,2,1,0,1,1,,,,43,0,0,287.6,1,0,1,1,2,1,1,0,0,0,0,I-90,,-117.2393056,47.674161111,0,1,1,13,2,60,34,0,0,1,2,43,1,1,3,3,1,1,1,49,0,7,482,2016,0,0.0,63,43.0,67.0,21.0,,,1,1,64,1,7.0,1.0,4,7,3,0,11,0,02/24/2017,17:33,211353009651.0,9651.0,0.0,0.0,0.0,2.0,1,0,0.0,0.0,0.0,96,,,,,,9,,,,,,84092.0,49,73.0,231.0,1.0,1.0,1.0,1.0,98.0,1.0,0.0,0,,,,,,0,01/15/2013,02/15/2017,8,0,0,0,0.0,1,8,,,0,0.0,0.0,8,1,2.0,996.0,0.0,0.0,1.0,0.0,0.0,2,1,0.15,,,,,,,,,,,,,,,,,,,,,,,,,,,,,,0,0,1,0,1,1,1,1,0,0,0,0,0,1,0,0,0,0,0,0,0,0,0,0,0,0,0,0,0,0,0,0,0,0,0,,0,0,0,0,0,1,1,1,0,0,0,1,0,0,0,1,,,,,,61-65,56-65,Interstate,U,Friday,Belt Used,PV,White,0,1,0,0,State Route,State Patrol,Washington State Patrol Headquarter,1,1,0,0,0,,,,,,,,,,,,,,,,,,,,,,,,,,,,,,,,,,,,,,,,,,,,99206
103,2017,69,E649217,163.0,02/27/2017,1:19,27,2,0.0,33,King,1050,1,0.0,3,1,2,1,0,1,1,,,,42,0,0,0.0,1,0,1,3,2,4,6,0,0,0,0,NE 124TH ST,,-122.15745,47.711625,0,1,2,6,1,35,4,0,0,1,2,30,2,2,5,5,14,1,1,53,0,51,47,2002,0,0.0,63,42.0,30.0,40.0,,,1,1,20,1,7.0,1.0,4,7,3,0,11,0,02/27/2017,1:19,105053012010.0,12010.0,0.0,0.0,0.0,3.0,1,0,0.0,0.0,0.0,96,,,,,,99,,,,,,98034.0,53,71.0,145.0,6.0,1.0,0.0,0.0,0.0,0.0,0.0,0,,,,,,4,,,8,0,0,0,0.0,9,8,,,0,0.0,0.0,8,9,2.0,605.0,0.0,0.0,1.0,0.0,0.0,2,1,0.0,,,,,,,,,,,,,,,,,,,,,,,,,,,,,,0,0,0,0,0,0,1,1,1,0,0,0,1,0,0,0,0,0,0,0,0,1,1,0,1,0,0,0,0,1,0,0,0,0,0,,1,0,0,0,0,0,1,1,0,1,0,0,0,0,1,0,,,,,,18-20,16-25,City street,U,Monday,Belt Used,PV,White,0,1,0,0,City Street,Municipal/City Police,Kirkland Police Department,1,0,0,1,0,thc,1.3,,,,,,,,,,,,,,,,,,,,,,,,,,,,,,,,,,,,,,,,,,98034
104,2017,70,E647382,25.0,02/24/2017,18:30,24,2,0.0,33,King,229,10,0.0,3,1,1,1,1,1,1,,,,8,1,0,0.0,1,0,1,4,2,4,6,0,0,0,0,S 152ND ST,,-122.3282333,47.466897222,0,1,13,80,5,25,9,0,0,1,5,8,1,1,2,1,1,99,9,99,0,99,399,9999,0,0.0,8,,,,,,1,1,999,9,0.0,0.0,9,0,99,0,11,0,,,,,99.0,9.0,9.0,9.0,1,0,0.0,0.0,0.0,96,,,,,,99,,,,,,99999.0,99,,999.0,9.0,9.0,99.0,99.0,99.0,99.0,99.0,97,,,,,,9,,,99,0,0,0,8.0,9,8,,,0,0.0,0.0,8,9,0.0,0.0,0.0,0.0,0.0,0.0,0.0,0,0,996.0,,,,,,,,,,,,,,,,,,,,,,,,,,,,,,0,0,0,0,0,0,0,0,0,0,0,0,0,0,0,0,0,0,0,0,0,0,0,0,0,0,0,0,0,1,0,1,0,0,0,,0,0,0,0,0,0,0,0,0,0,0,0,0,0,0,0,,,,,,,,City street,U,Friday,Unknown,PV,Not Fatal,0,0,0,0,City Street,County Sheriff,King County Police,0,0,0,1,0,,,,,,,,,,,,,,,,,,,,,,,,,,,,,,,,,,,,,,,,,,,,98148
105,2017,71,E649721,25.0,02/27/2017,11:23,27,2,0.0,33,King,0,2,0.0,1,2,2,1,0,2,1,,,,30,0,0,9.1,1,0,1,5,2,2,4,0,0,0,0,CR-W VALLEY HWY S,,-122.2609028,47.273055556,0,1,2,6,1,25,4,0,0,1,5,30,1,1,2,1,1,2,2,53,0,13,12,2001,0,0.0,63,30.0,35.0,,,,1,1,32,1,7.0,2.0,4,7,20,0,11,0,02/27/2017,11:23,10053011321.0,11321.0,0.0,0.0,0.0,2.0,1,0,0.0,0.0,0.0,96,,,,,,99,,,,,,98122.0,53,74.0,230.0,1.0,1.0,1.0,0.0,0.0,0.0,0.0,0,,,,,,3,03/15/2012,03/15/2012,8,0,0,0,0.0,9,8,,,0,0.0,0.0,8,9,2.0,605.0,0.0,0.0,1.0,0.0,0.0,2,1,0.23,,,,,,,,,,,,,,,,,,,,,,,,,,,,,,0,0,0,0,1,1,1,1,1,0,0,0,1,1,0,0,0,0,0,1,0,0,0,0,0,0,0,0,0,1,0,0,0,1,0,,1,0,0,0,0,1,1,1,0,1,0,1,0,0,0,1,,,,,,31-35,26-35,County road,U,Monday,Not Used,PV,Black,0,1,0,0,County Road,County Sheriff,King County Police,1,0,1,0,0,thc,9.6,carboxy-thc,57.0,,,,,,,,,,,,,,,,,,,,,,,,,,,,,,,,,,,,,,,,98047
106,2017,72,E644231,47.0,02/17/2017,18:35,17,2,3.0,27,Grays Harbor,10,1,0.0,3,1,2,1,1,1,1,,,,8,0,0,0.0,3,0,4,7,2,4,6,0,0,3,3,H ST S,MARKET ST,-123.8163611,46.976216667,0,1,13,80,5,25,34,0,0,1,5,8,1,1,2,1,11,1,1,53,0,7,472,2000,0,0.0,8,,,,,,1,1,60,1,0.0,0.0,0,0,3,0,11,0,,,,,0.0,0.0,3.0,3.0,1,0,0.0,0.0,0.0,0,,,,,,0,,,,,,98550.0,53,73.0,245.0,6.0,1.0,0.0,0.0,0.0,0.0,0.0,0,,,,,,0,,,20,0,0,0,8.0,9,8,,,0,0.0,0.0,8,0,0.0,0.0,0.0,0.0,0.0,0.0,0.0,0,0,996.0,,,,,,,,,,,,,,,,,,,,,,,,,,,,,,0,0,0,1,0,0,0,0,0,0,0,0,0,0,0,0,0,0,0,0,0,0,0,0,0,0,0,0,0,0,0,1,0,0,0,,0,0,0,0,0,0,0,0,0,0,0,0,0,0,0,0,,,,,,56-60,56-65,City street,U,Friday,Belt Used,PV,Not Fatal,1,0,0,0,City Street,Municipal/City Police,Aberdeen Police Department,0,0,0,1,0,,,,,,,,,,,,,,,,,,,,,,,,,,,,,,,,,,,,,,,,,,,,98520
107,2017,73,E649147,2.0,03/02/2017,3:40,2,3,0.0,57,Skagit,0,2,0.0,3,2,1,1,0,1,1,,,,35,0,0,234.9,1,0,1,1,1,1,1,0,0,0,0,I-5,,-122.3390833,48.507066667,0,1,6,12,2,70,14,0,0,1,3,35,1,2,2,2,1,1,1,53,0,37,402,1998,0,0.0,64,35.0,,,,,1,1,27,1,7.0,1.0,4,7,3,0,11,0,03/02/2017,3:40,53010669.0,10669.0,0.0,0.0,0.0,3.0,1,0,0.0,0.0,0.0,99,,,,,,9,,,,,,98223.0,53,69.0,170.0,6.0,1.0,0.0,4.0,1.0,0.0,1.0,0,,,,,,9,06/15/2014,10/15/2016,1,0,0,0,0.0,1,1,,,0,0.0,0.0,1,1,2.0,515.0,513.0,0.0,1.0,1.0,0.0,2,1,0.18,,,,,,,,,,,,,,,,,,,,,,,,,,,,,,0,0,1,0,1,1,1,1,0,0,0,0,0,0,0,0,0,0,0,0,0,0,0,0,0,0,0,0,0,1,0,0,0,0,0,,1,0,0,0,0,1,1,1,0,0,0,0,0,0,0,1,,,,,,26-30,26-35,Interstate,R,Thursday,Belt Used,PV,White,0,1,0,0,State Route,State Patrol,Washington State Patrol Headquarter,1,1,0,0,0,,,,,,,,,,,,,,,,,,,,,,,,,,,,,,,,,,,,,,,,,,,,98233
108,2017,74,E649502,1.0,03/05/2017,17:45,5,3,0.0,21,Franklin,1660,1,0.0,1,1,2,1,0,1,1,,,,1,0,0,0.5,5,1,1,1,2,1,1,0,0,0,0,I-182 RAMP S101140,,-119.1352944,46.251786111,0,1,98,12,2,98,80,0,0,1,2,1,2,1,1,6,6,1,1,53,0,72,706,2014,0,0.0,64,1.0,,,,,1,1,40,1,7.0,1.0,4,7,16,0,11,0,03/05/2017,17:50,166053011210.0,11210.0,6.0,0.0,3.0,3.0,1,0,0.0,0.0,0.0,99,,,,,,9,,,,,,99352.0,53,67.0,200.0,6.0,1.0,0.0,0.0,0.0,4.0,0.0,0,,,,,,9,07/15/2013,09/15/2016,20,8,0,0,0.0,1,8,,,0,0.0,0.0,8,1,0.0,0.0,0.0,0.0,0.0,0.0,0.0,2,1,0.22,,,,,,,,,,,,,,,,,,,,,,,,,,,,,,0,0,0,0,1,1,0,1,0,0,0,0,0,0,0,0,0,0,0,0,0,0,0,0,0,0,0,0,1,0,0,0,0,0,1,1.0,0,0,0,0,0,1,0,1,0,0,0,0,0,1,0,1,,,,,,36-40,36-45,Interstate,U,Sunday,,MC,White,1,0,0,0,State Route,State Patrol,Washington State Patrol Headquarter,0,1,0,0,0,,,,,,,,,,,,,,,,,,,,,,,,,,,,,,,,,,,,,,,,,,,,99301
109,2017,75,E648586,35.0,03/04/2017,22:55,4,3,0.0,53,Pierce,0,10,0.0,3,2,2,1,0,2,2,,,,12,0,6,7.0,8,0,1,3,2,2,4,0,0,0,0,CR-112TH ST S,,-122.4397083,47.155436111,0,1,68,15,2,35,15,0,0,1,2,12,1,1,3,5,11,1,1,53,0,20,421,2005,0,0.0,12,,,,,,1,1,53,2,0.0,0.0,0,0,20,0,11,0,,,,,0.0,0.0,0.0,3.0,1,38,0.0,0.0,0.0,96,,,,,,0,,,,,,98444.0,53,63.0,155.0,6.0,1.0,0.0,0.0,0.0,0.0,0.0,2,,,,,,0,,,20,0,0,0,8.0,9,8,,,0,0.0,0.0,8,0,0.0,0.0,0.0,0.0,0.0,0.0,0.0,0,0,996.0,,,,,,,,,,,,,,,,,,,,,,,,,,,,,,0,0,0,0,1,1,1,1,1,0,0,0,0,0,0,0,0,0,1,0,0,0,0,0,0,0,0,0,1,1,0,0,0,0,0,,0,0,0,0,0,0,0,0,0,0,1,0,0,0,0,0,,,,,,51-55,46-55,County road,U,Saturday,Not Used,PV,Not Fatal,1,0,0,0,County Road,County Sheriff,Law Enforcement Support Agency,0,0,1,0,0,,,,,,,,,,,,,,,,,,,,,,,,,,,,,,,,,,,,,,,,,,,,98444
110,2017,75,E648586,35.0,03/04/2017,22:55,4,3,0.0,53,Pierce,0,10,0.0,3,2,2,1,0,2,2,,,,12,0,6,7.0,8,0,1,3,2,2,4,0,0,0,0,CR-112TH ST S,,-122.4397083,47.155436111,0,2,69,62,4,35,80,0,0,1,2,12,1,1,3,5,1,1,1,53,0,53,705,2001,0,0.0,12,,,,,,1,1,38,1,1.0,1.0,4,0,19,0,11,4,03/05/2017,1:50,223053011302.0,11302.0,0.0,0.0,3.0,3.0,1,0,0.0,0.0,0.0,0,,,,,,0,,,,,,98445.0,53,66.0,186.0,6.0,1.0,0.0,0.0,0.0,1.0,0.0,0,,,,,,0,06/15/2016,06/15/2016,20,8,0,0,0.0,9,8,,,0,0.0,0.0,8,0,2.0,605.0,0.0,0.0,1.0,0.0,0.0,2,1,0.091,,,,,,,,,,,,,,,,,,,,,,,,,,,,,,0,0,0,0,1,1,1,1,1,0,0,0,0,0,0,0,0,0,1,0,0,0,0,0,0,0,0,0,1,1,0,0,0,0,1,0.0,0,0,0,0,0,1,1,1,0,0,0,0,0,0,0,1,,,,,,36-40,36-45,County road,U,Saturday,,MC,Hispanic,1,0,0,0,County Road,County Sheriff,Law Enforcement Support Agency,0,0,1,0,0,thc,12.0,carboxy-thc,110.0,,,,,,,,,,,,,,,,,,,,,,,,,,,,,,,,,,,,,,,,98444
111,2017,76,E647658,242.0,03/01/2017,16:46,1,3,0.0,53,Pierce,1770,1,0.0,1,1,2,1,0,4,3,,,,12,0,6,0.0,2,0,2,4,2,4,6,0,0,0,0,4TH ST NW,5TH AVE NW,-122.2984111,47.195402778,0,1,68,15,2,30,34,0,0,1,2,12,1,1,2,1,11,1,2,53,0,12,481,1999,0,0.0,68,12.0,,,,,1,1,25,1,0.0,0.0,0,0,3,0,11,0,,,,,0.0,0.0,0.0,3.0,1,38,0.0,0.0,0.0,1,,,,,,0,,,,,,98390.0,53,74.0,280.0,6.0,1.0,0.0,0.0,0.0,0.0,0.0,97,,,,,,0,,,1,0,0,0,8.0,9,8,,,0,0.0,0.0,8,0,0.0,0.0,0.0,0.0,0.0,0.0,0.0,0,0,996.0,,,,,,,,,,,,,,,,,,,,,,,,,,,,,,0,0,0,1,0,0,0,0,0,0,0,0,0,0,0,0,1,0,1,0,0,0,0,1,1,1,1,0,0,1,0,0,0,0,0,,0,0,0,0,0,0,0,0,1,0,1,0,0,0,0,0,,,,,,21-25,16-25,City street,U,Wednesday,Belt Used,PV,Not Fatal,1,0,0,0,City Street,Municipal/City Police,Puyallup Police Department,0,0,0,1,0,,,,,,,,,,,,,,,,,,,,,,,,,,,,,,,,,,,,,,,,,,,,98371
112,2017,76,E647658,242.0,03/01/2017,16:46,1,3,0.0,53,Pierce,1770,1,0.0,1,1,2,1,0,4,3,,,,12,0,6,0.0,2,0,2,4,2,4,6,0,0,0,0,4TH ST NW,5TH AVE NW,-122.2984111,47.195402778,0,2,69,62,4,30,4,0,0,1,2,12,1,1,2,1,1,2,1,53,0,6,51,2008,0,0.0,12,12.0,,,,,1,1,71,2,0.0,0.0,3,0,3,0,11,5,,,,,0.0,0.0,0.0,3.0,1,0,0.0,0.0,0.0,0,,,,,,0,,,,,,98371.0,53,63.0,260.0,6.0,1.0,0.0,0.0,0.0,0.0,0.0,0,,,,,,0,,,8,0,0,0,8.0,9,8,,,0,0.0,0.0,8,0,0.0,0.0,0.0,0.0,0.0,0.0,0.0,0,0,996.0,,,,,,,,,,,,,,,,,,,,,,,,,,,,,,0,0,0,1,0,0,0,0,0,0,0,0,0,0,0,0,1,0,1,0,0,0,0,1,1,1,1,0,0,1,0,0,0,0,0,,0,0,0,0,0,0,0,0,0,0,0,0,0,0,0,0,,,,,,71-75,66-75,City street,U,Wednesday,Belt Used,PV,Not Fatal,1,0,0,0,City Street,Municipal/City Police,Puyallup Police Department,0,0,0,1,0,,,,,,,,,,,,,,,,,,,,,,,,,,,,,,,,,,,,,,,,,,,,98371
113,2017,76,E647658,242.0,03/01/2017,16:46,1,3,0.0,53,Pierce,1770,1,0.0,1,1,2,1,0,4,3,,,,12,0,6,0.0,2,0,2,4,2,4,6,0,0,20,3,4TH ST NW,5TH AVE NW,-122.2984111,47.195402778,0,3,98,66,4,25,4,0,0,1,5,12,8,8,2,1,5,1,1,53,0,30,40,2012,0,0.0,12,,,,,,1,1,38,2,0.0,0.0,0,0,3,0,11,0,,,,,0.0,0.0,0.0,3.0,1,0,0.0,0.0,0.0,0,,,,,,0,,,,,,98371.0,53,64.0,180.0,6.0,1.0,0.0,1.0,0.0,0.0,0.0,0,,,,,,0,12/15/2013,12/15/2013,20,0,0,0,8.0,9,8,,,0,0.0,0.0,8,0,0.0,0.0,0.0,0.0,0.0,0.0,0.0,0,0,996.0,,,,,,,,,,,,,,,,,,,,,,,,,,,,,,0,0,0,1,0,0,0,0,0,0,0,0,0,0,0,0,1,0,1,0,0,0,0,1,1,1,1,0,0,1,0,0,0,0,0,,0,0,0,0,0,0,0,0,0,0,0,0,0,0,0,0,,,,,,36-40,36-45,City street,U,Wednesday,Belt Used,PV,Not Fatal,1,0,0,0,City Street,Municipal/City Police,Puyallup Police Department,0,0,0,1,0,,,,,,,,,,,,,,,,,,,,,,,,,,,,,,,,,,,,,,,,,,,,98371