,year,case,par,repjur,crash_dt,crash_tm,accday,accmon,holiday,county,co_char,city,weather,weather2,lightcond,surfcond,surftype,numfatal,nmforms,pforms,vforms,not_tm,arr_tm,hosp_tm,fhevent,hitrun,manncol,milepnt,reljunc,reljuncinter,intersectiontype,funcsystem,landuse,ownership,route,schlbus,spejur,contdev,devfunc,trafid1,trafid2,x,y,wk_zone,vnumber,crashtype,criticalevent,criticaleventcat,spdlim,body,trailer,emerg,hazcargo,leave,mhevent,roadalgn,roadprof,traflane,trafflow,vehmanvr,numoccs,regowner,regstate,spuse,make,model,modelyr,vrf1,vrf2,seqevent1,seqevent2,seqevent3,seqevent4,seqevent5,seqevent6,pnumber,ptype,age,sex,hispanic,race,injury,diedscene,restraint,restraintmisuse,seatpos,takehosp,death_dt,death_tm,cert,cernum_wa,commlic,licendor,licrestrict,liccomp,drivpres,drf1,drf2,drf3,drf4,distract1,distract2,distract3,distract4,distract5,distract6,dricond1,dricond2,dricond3,dricond4,dricond5,dricond6,dzip,licstate,drhgt_in,weight,noncdl,noncdltype,prevdwi,prevoth,prevacc,prevspd,prevsus,driviol1,driviol2,driviol3,driviol4,driviol5,driviol6,spdrel,first_dt,last_dt,airbag,ejection,ejectpath,extricat,injurwrk,methalc,methdrug,nmlocat,strikveh,prf1,prf2,prf3,druginv,alcinvol,drugsts,drugres1,drugres2,drugres3,drugtst1,drugtst2,drugtst3,alcsts,alctst,alcres,nmact1,nmact2,nmact3,nmact4,nmact5,nmact6,nmprior1,nmprior2,nmprior3,nmprior4,nmprior5,nmprior6,nmcond1,nmcond2,nmcond3,nmcond4,nmcond5,nmcond6,nmsafe_helmet,nmsafe_pads,nmsafe_oth,nmprev_ref,nmprev_lgt,nmprev_oth,crashlocation,nmcrashtype,crosswalk,schoolzone,sidewalk,train_inv,wildlife_inv,rotr_fars,intersect_fars,dd_inv,aid_inv,dpd_inv,id_inv,mj_inv,impnm_inv,ainm_inv,dpnm_inv,speed_inv,unlic_inv,unendmc_inv,drowsy_inv,drdist_inv,nmdist_inv,fty_inv,unrestfat_inv,dr1617_inv,dr1820_inv,dr1620_inv,dr2125_inv,dr1625_inv,dr65_inv,dr70_inv,dr75_inv,mc_inv,pv_inv,ht_inv,ped_inv,bike_inv,unrest_fat,mc_fat,unhelmet_mc,pv_fat,ht_fat,ped_fat,bike_fat,dr_alc7,dr_alc8,dr_drug,dr_imp,dr_dist,dr_spd,dr_fty,dr_unlic,dr_alc7only,dr_alc8only,dr_drugonly,dr_drink,nm_imp,nm_alc7,nm_alc8,nm_drug,nm_dist,agegrp1,agegrp2,roadclass,urbrur,dayweek,restuse,vehtype,race_me,intersect,lanedep,oppdir,wrongway,rep_typ,investag,repag_long,rotr,st_rd,cty_rd,city_rd,oth_rd,drug_thc,thc_res,drug_cthc,cthc_res,drug_cann,prevpersemin,prevperse,prevsusoth,drugtst4,drugtst5,drugtst6,drugtst7,drugtst8,drugres4,drugres5,drugres6,drugres7,drugres8,adspresent,adsengaged,adslevel,race1,race2,race3,race4,race5,helmet,helmetmisuse,nmdistract1,nmdistract2,nmdistract3,nmdistract4,nmdistract5,nmdistract6,lab,isedtcase,crf1,crf2,crf3,CoRoadName,CoMP,IntCoRoadName,IntCoMP,zipcode
114,2017,77,E649722,25.0,03/04/2017,2:38,4,3,0.0,33,King,1018,10,0.0,3,2,2,1,0,1,1,,,,38,0,0,0.0,1,0,1,5,2,4,6,0,0,0,0,NE 193RD ST,,-122.2660972,47.768308333,0,1,6,12,2,30,4,0,0,1,2,30,3,2,2,1,14,1,1,53,0,34,34,2003,0,0.0,68,64.0,38.0,30.0,42.0,,1,1,21,1,7.0,1.0,4,7,3,0,11,0,03/04/2017,2:38,101853011300.0,11300.0,0.0,0.0,0.0,3.0,1,0,0.0,0.0,0.0,96,,,,,,99,,,,,,98011.0,53,68.0,160.0,6.0,1.0,1.0,0.0,0.0,0.0,1.0,0,,,,,,3,07/15/2015,09/15/2015,8,0,0,0,0.0,9,8,,,0,0.0,0.0,8,1,2.0,605.0,0.0,0.0,1.0,0.0,0.0,2,1,0.16,,,,,,,,,,,,,,,,,,,,,,,,,,,,,,0,0,1,0,1,1,1,1,1,0,0,0,1,0,0,0,0,0,0,0,0,0,0,1,1,0,0,0,0,1,0,0,0,0,0,,1,0,0,0,0,1,1,1,0,1,0,0,0,0,0,1,,,,,,21-25,16-25,City street,U,Saturday,Belt Used,PV,White,0,1,0,0,City Street,County Sheriff,King County Police,1,0,0,1,0,thc,2.0,carboxy-thc,23.0,,,,,,,,,,,,,,,,,,,,,,,,,,,,,,,,,,,,,,,,98028
115,2017,78,E650969,6.0,03/07/2017,6:07,7,3,0.0,37,Kittitas,0,4,0.0,4,3,2,1,0,3,1,,,,24,0,0,91.9,1,0,1,1,1,1,1,0,0,0,0,I-90,,-120.79035,47.114605556,0,1,2,6,1,70,34,0,0,1,2,1,1,1,2,3,15,3,1,53,0,7,482,1999,0,0.0,63,24.0,1.0,,,,1,1,63,2,7.0,1.0,4,7,3,0,11,0,03/07/2017,6:07,53011665.0,11665.0,0.0,0.0,3.0,3.0,1,87,0.0,0.0,0.0,96,,,,,,0,,,,,,98926.0,53,62.0,85.0,6.0,1.0,0.0,0.0,0.0,0.0,0.0,0,,,,,,4,,,20,0,0,0,0.0,9,8,,,0,0.0,0.0,8,0,2.0,996.0,996.0,996.0,1.0,1.0,1.0,2,1,0.0,,,,,,,,,,,,,,,,,,,,,,,,,,,,,,0,0,0,0,0,0,1,1,0,0,0,0,1,0,0,0,0,0,0,0,0,0,0,0,0,0,0,0,0,0,0,0,0,0,0,,0,0,0,0,0,0,1,1,0,1,0,0,0,0,1,0,,,,,,61-65,56-65,Interstate,R,Tuesday,Belt Used,PV,White,0,1,0,0,State Route,State Patrol,Washington State Patrol Headquarter,1,1,0,0,0,,,,,,,,,,,,,,,,,,,,,,,,,,,,,,,,,,,,,,,,,,,,
116,2017,79,E654055,6.0,03/09/2017,5:35,9,3,0.0,7,Chelan,0,1,0.0,2,1,2,1,0,2,2,5:37,5:47,6:22,11,0,0,225.5,1,0,1,3,1,1,2,0,0,0,0,US-97,,-120.6523694,47.484536111,0,1,13,87,6,60,6,0,0,1,2,11,1,2,2,1,1,1,1,53,0,48,34,2000,0,0.0,11,68.0,12.0,,,,1,1,60,1,7.0,58.0,4,7,3,0,11,0,03/09/2017,5:47,53011975.0,11975.0,0.0,0.0,0.0,3.0,1,0,0.0,0.0,0.0,96,,,,,,0,,,,,,98816.0,53,69.0,200.0,6.0,1.0,0.0,0.0,0.0,0.0,0.0,0,,,,,,0,,,1,0,0,0,0.0,9,8,,,0,0.0,0.0,8,0,2.0,1.0,0.0,0.0,1.0,0.0,0.0,2,1,0.0,,,,,,,,,,,,,,,,,,,,,,,,,,,,,,0,1,0,0,0,0,0,0,0,0,0,0,0,0,0,0,0,0,0,0,0,0,0,1,1,0,0,0,0,1,0,0,0,0,0,,1,0,0,0,0,0,0,0,0,0,0,0,0,0,0,0,,,,,,56-60,56-65,US highway,R,Thursday,Belt Used,PV,API,0,0,0,0,State Route,State Patrol,Washington State Patrol Headquarter,0,1,0,0,0,,,,,,,,,,,,,,,,,,,,,,,,,,,,,,,,,,,,,,,,,,,,98847
117,2017,79,E654055,6.0,03/09/2017,5:35,9,3,0.0,7,Chelan,0,1,0.0,2,1,2,1,0,2,2,5:37,5:47,6:22,11,0,0,225.5,1,0,1,3,1,1,2,0,0,0,0,US-97,,-120.6523694,47.484536111,0,2,98,54,3,60,4,0,0,1,2,12,1,2,2,1,1,1,1,53,0,7,20,2003,0,0.0,12,,,,,,1,1,24,1,0.0,0.0,3,0,3,0,11,5,,,,,0.0,0.0,3.0,3.0,1,0,0.0,0.0,0.0,0,,,,,,0,,,,,,98831.0,53,68.0,140.0,6.0,1.0,0.0,7.0,0.0,6.0,2.0,0,,,,,,0,04/15/2012,01/15/2016,1,0,0,0,8.0,9,8,,,0,0.0,0.0,8,0,0.0,0.0,0.0,0.0,0.0,0.0,0.0,0,0,996.0,,,,,,,,,,,,,,,,,,,,,,,,,,,,,,0,1,0,0,0,0,0,0,0,0,0,0,0,0,0,0,0,0,0,0,0,0,0,1,1,0,0,0,0,1,0,0,0,0,0,,0,0,0,0,0,0,0,0,0,0,0,0,0,0,0,0,,,,,,21-25,16-25,US highway,R,Thursday,Belt Used,PV,Not Fatal,0,0,0,0,State Route,State Patrol,Washington State Patrol Headquarter,0,1,0,0,0,,,,,,,,,,,,,,,,,,,,,,,,,,,,,,,,,,,,,,,,,,,,98847
118,2017,80,E651585,129.0,03/13/2017,13:03,13,3,0.0,53,Pierce,747,2,0.0,1,2,2,1,0,4,4,13:18,13:28,14:02,12,0,1,0.0,1,0,1,3,2,4,6,0,3,0,0,70TH AVE E,VALLEY AVE E,-122.3363694,47.227961111,0,1,24,52,3,35,5,0,0,1,2,12,1,1,6,1,15,1,1,53,0,37,37,2010,0,0.0,68,12.0,,,,,1,1,26,1,0.0,0.0,1,0,3,0,11,5,,,,,0.0,0.0,3.0,3.0,1,0,0.0,0.0,0.0,96,,,,,,99,,,,,,98404.0,53,72.0,200.0,6.0,1.0,0.0,0.0,0.0,0.0,0.0,0,,,,,,9,,,8,0,0,0,8.0,9,8,,,0,0.0,0.0,8,9,2.0,1.0,0.0,0.0,1.0,0.0,0.0,2,1,0.0,,,,,,,,,,,,,,,,,,,,,,,,,,,,,,0,0,0,0,0,0,0,0,0,0,0,0,0,0,0,0,0,0,0,0,0,0,0,0,0,0,0,0,0,1,1,0,0,0,0,,0,0,0,0,0,0,0,0,0,0,0,0,0,0,0,0,,,,,,26-30,26-35,City street,U,Monday,Belt Used,PV,Not Fatal,1,0,0,0,City Street,Municipal/City Police,Fife Police Department,0,0,0,1,0,,,,,,,,,,,,,,,,,,,,,,,,,,,,,,,,,,,,,,,,,,,,98424
119,2017,80,E651585,129.0,03/13/2017,13:03,13,3,0.0,53,Pierce,747,2,0.0,1,2,2,1,0,4,4,13:18,13:28,14:02,12,0,1,0.0,1,0,1,3,2,4,6,0,3,0,0,70TH AVE E,VALLEY AVE E,-122.3363694,47.227961111,0,2,25,60,4,35,4,0,0,1,2,12,1,1,6,1,1,1,1,53,0,20,37,2005,0,0.0,12,12.0,,,,,1,1,38,1,7.0,1.0,4,7,3,0,11,0,03/13/2017,13:03,74753012461.0,12461.0,0.0,0.0,0.0,3.0,1,0,0.0,0.0,0.0,0,,,,,,0,,,,,,98375.0,53,75.0,250.0,6.0,1.0,0.0,0.0,0.0,1.0,0.0,0,,,,,,0,03/15/2017,03/15/2017,8,0,0,0,0.0,9,8,,,0,0.0,0.0,8,0,2.0,1.0,0.0,0.0,1.0,0.0,0.0,2,1,0.0,,,,,,,,,,,,,,,,,,,,,,,,,,,,,,0,0,0,0,0,0,0,0,0,0,0,0,0,0,0,0,0,0,0,0,0,0,0,0,0,0,0,0,0,1,1,0,0,0,0,,1,0,0,0,0,0,0,0,0,0,0,0,0,0,0,0,,,,,,36-40,36-45,City street,U,Monday,Belt Used,PV,White,1,0,0,0,City Street,Municipal/City Police,Fife Police Department,0,0,0,1,0,,,,,,,,,,,,,,,,,,,,,,,,,,,,,,,,,,,,,,,,,,,,98424
120,2017,80,E651585,129.0,03/13/2017,13:03,13,3,0.0,53,Pierce,747,2,0.0,1,2,2,1,0,4,4,13:18,13:28,14:02,12,0,1,0.0,1,0,1,3,2,4,6,0,3,0,0,70TH AVE E,VALLEY AVE E,-122.3363694,47.227961111,0,3,98,50,3,35,15,0,0,1,3,12,1,1,6,1,5,1,1,53,0,20,421,2007,0,0.0,12,12.0,,,,,1,1,38,2,0.0,0.0,1,0,3,0,11,8,,,,,0.0,0.0,0.0,3.0,1,0,0.0,0.0,0.0,0,,,,,,0,,,,,,98424.0,53,67.0,135.0,6.0,1.0,0.0,0.0,1.0,0.0,0.0,0,,,,,,0,05/15/2016,05/15/2016,20,0,0,0,8.0,9,8,,,0,0.0,0.0,8,0,8.0,95.0,0.0,0.0,6.0,0.0,0.0,8,95,995.0,,,,,,,,,,,,,,,,,,,,,,,,,,,,,,0,0,0,0,0,0,0,0,0,0,0,0,0,0,0,0,0,0,0,0,0,0,0,0,0,0,0,0,0,1,1,0,0,0,0,,0,0,0,0,0,0,0,0,0,0,0,0,0,0,0,0,,,,,,36-40,36-45,City street,U,Monday,Belt Used,PV,Not Fatal,1,0,0,0,City Street,Municipal/City Police,Fife Police Department,0,0,0,1,0,,,,,,,,,,,,,,,,,,,,,,,,,,,,,,,,,,,,,,,,,,,,98424
121,2017,80,E651585,129.0,03/13/2017,13:03,13,3,0.0,53,Pierce,747,2,0.0,1,2,2,1,0,4,4,13:18,13:28,14:02,12,0,1,0.0,1,0,1,3,2,4,6,0,3,3,3,70TH AVE E,VALLEY AVE E,-122.3363694,47.227961111,0,4,98,53,3,35,71,0,0,1,5,12,1,1,6,1,5,1,3,18,0,98,806,2016,0,0.0,12,,,,,,1,1,58,1,0.0,0.0,0,0,3,0,11,0,,,,,0.0,0.0,0.0,3.0,1,0,0.0,0.0,0.0,0,,,,,,0,,,,,,98014.0,53,69.0,160.0,6.0,1.0,0.0,0.0,0.0,0.0,0.0,0,,,,,,0,,,20,0,0,0,8.0,9,8,,,0,0.0,0.0,8,0,8.0,95.0,0.0,0.0,6.0,0.0,0.0,8,95,995.0,,,,,,,,,,,,,,,,,,,,,,,,,,,,,,0,0,0,0,0,0,0,0,0,0,0,0,0,0,0,0,0,0,0,0,0,0,0,0,0,0,0,0,0,1,1,0,0,0,0,,0,0,0,0,0,0,0,0,0,0,0,0,0,0,0,0,,,,,,56-60,56-65,City street,U,Monday,,MHTRUCK,Not Fatal,1,0,0,0,City Street,Municipal/City Police,Fife Police Department,0,0,0,1,0,,,,,,,,,,,,,,,,,,,,,,,,,,,,,,,,,,,,,,,,,,,,98424
122,2017,81,E654251,21.0,03/15/2017,2:06,15,3,0.0,25,Grant,0,10,0.0,2,1,7,1,0,2,1,,,,1,0,0,0.3,1,0,1,7,1,2,4,0,0,0,0,CR-BAY AREA DR,,-119.0653889,47.898122222,0,1,98,9,1,25,14,0,0,1,2,1,2,2,2,1,14,2,1,53,0,2,403,2006,0,0.0,68,64.0,1.0,,,,1,1,23,1,7.0,1.0,4,0,20,0,11,4,03/15/2017,2:45,83053012959.0,12959.0,0.0,0.0,0.0,3.0,1,0,0.0,0.0,0.0,3,,,,,,9,,,,,,99123.0,53,74.0,250.0,6.0,1.0,0.0,0.0,0.0,0.0,0.0,0,,,,,,0,,,1,1,9,0,0.0,9,8,,,0,0.0,0.0,8,1,2.0,1.0,0.0,0.0,1.0,0.0,0.0,2,1,0.16,,,,,,,,,,,,,,,,,,,,,,,,,,,,,,0,0,0,0,1,1,0,1,0,0,0,0,0,0,0,0,1,0,0,1,0,0,0,1,1,0,0,0,0,1,0,0,0,1,0,,1,0,0,0,0,1,0,1,1,0,0,0,0,1,0,1,,,,,,21-25,16-25,County road,R,Wednesday,Not Used,PV,White,0,1,0,0,County Road,County Sheriff,Grant County Sheriff's Office,1,0,1,0,0,,,,,,,,,,,,,,,,,,,,,,,,,,,,,,,,,,,,,,,,,,,,99123
123,2017,82,3574458,263.0,03/11/2017,21:42,11,3,0.0,33,King,1960,1,0.0,3,1,1,1,0,1,1,,,,24,0,0,24.5,19,1,1,3,2,1,3,0,0,0,0,SR-99,,-122.3343083,47.595836111,0,1,2,9,1,40,84,0,0,1,2,24,3,2,2,4,15,1,1,53,0,98,709,2009,0,0.0,63,24.0,,,,,1,1,21,1,6.0,98.0,4,7,19,0,11,0,03/11/2017,21:42,196053012406.0,12406.0,0.0,0.0,0.0,3.0,1,0,0.0,0.0,0.0,96,,,,,,99,,,,,,98901.0,53,75.0,195.0,6.0,1.0,0.0,0.0,0.0,0.0,0.0,0,,,,,,3,,,20,8,0,0,0.0,9,8,,,0,0.0,0.0,8,9,2.0,605.0,0.0,0.0,1.0,0.0,0.0,2,1,0.0,,,,,,,,,,,,,,,,,,,,,,,,,,,,,,0,0,0,0,0,0,1,1,1,0,0,0,1,0,0,0,0,0,0,0,0,0,0,1,1,0,0,0,0,0,0,0,0,0,0,,0,0,0,0,0,0,1,1,0,1,0,0,0,0,1,0,,,,,,21-25,16-25,State route,U,Saturday,,OTHMC,Hispanic,0,1,0,0,State Route,Municipal/City Police,Seattle Police Department,1,1,0,0,0,thc,9.7,carboxy-thc,49.0,,,,,,,,,,,,,,,,,,,,,,,,,,,,,,,,,,,,,,,,98032
124,2017,83,E652776,222.0,03/17/2017,21:18,17,3,0.0,67,Thurston,1590,2,0.0,3,2,2,1,0,1,1,,,,42,0,0,0.0,1,0,1,4,2,4,6,0,0,0,0,EAST BAY DR,,-122.8935083,47.056322222,0,1,7,9,1,30,80,0,0,1,5,42,1,1,2,2,6,1,1,53,0,53,704,2014,0,0.0,64,42.0,,,,,1,1,25,1,7.0,99.0,4,0,19,0,11,3,03/17/2017,22:05,159053013757.0,13757.0,0.0,0.0,0.0,3.0,1,0,0.0,0.0,0.0,96,,,,,,99,,,,,,98512.0,53,71.0,165.0,6.0,1.0,0.0,1.0,0.0,0.0,0.0,0,,,,,,3,03/15/2017,03/15/2017,20,8,0,0,0.0,9,8,,,0,0.0,0.0,8,9,2.0,1.0,0.0,0.0,1.0,0.0,0.0,2,1,0.16,,,,,,,,,,,,,,,,,,,,,,,,,,,,,,0,0,0,0,1,1,0,1,0,0,0,0,1,0,0,0,0,0,0,0,0,0,0,1,1,0,0,0,1,0,0,0,0,0,1,0.0,0,0,0,0,0,1,0,1,0,1,0,0,0,1,0,1,,,,,,21-25,16-25,City street,U,Friday,,MC,Oth/Unk,0,1,0,0,City Street,Municipal/City Police,Olympia Police Department,1,0,0,1,0,,,,,,,,,,,,,,,,,,,,,,,,,,,,,,,,,,,,,,,,,,,,98506
125,2017,84,E653002,26.0,03/17/2017,5:40,17,3,0.0,35,Kitsap,0,10,0.0,3,1,2,1,1,1,1,,,,8,0,0,0.0,3,0,3,4,2,2,4,0,0,0,0,CR-NW GREAVES WAY,CR-OLD FRONTIER RD NW,-122.7031528,47.659488889,0,1,13,80,5,35,4,0,0,1,2,8,1,2,4,2,1,1,1,53,0,6,14,1990,0,0.0,8,,,,,,1,1,24,1,0.0,0.0,0,0,3,0,11,0,,,,,0.0,0.0,0.0,2.0,1,38,0.0,0.0,0.0,93,,,,,,0,,,,,,98311.0,53,68.0,207.0,1.0,1.0,0.0,2.0,0.0,1.0,0.0,0,,,,,,3,02/15/2016,05/15/2016,20,0,0,0,8.0,9,1,,,0,0.0,0.0,0,0,2.0,605.0,0.0,0.0,1.0,0.0,0.0,2,1,0.0,,,,,,,,,,,,,,,,,,,,,,,,,,,,,,0,0,0,1,0,0,1,1,1,0,0,0,1,1,0,0,1,0,1,0,0,0,0,1,1,0,0,0,0,1,0,1,0,0,0,,0,0,0,0,0,0,1,1,1,1,1,1,0,0,1,0,,,,,,21-25,16-25,County road,U,Friday,Belt Used,PV,Not Fatal,1,0,0,0,County Road,County Sheriff,Kitsap County Sheriff's Office,0,0,1,0,0,thc,10.0,carboxy-thc,130.0,,,,,,,,,,,,,,,,,,,,,,,,,,,,,,,,,,,,,,,,98383
126,2017,85,E655807,6.0,03/16/2017,13:35,16,3,0.0,47,Okanogan,0,1,0.0,1,1,2,2,0,3,2,,,,12,0,6,273.0,2,0,2,3,1,1,2,0,3,20,3,US-97,CR-ARMORY ACCESS RD,-119.5649361,48.367277778,0,1,89,17,2,35,34,0,0,1,2,12,1,1,2,1,3,2,1,53,0,20,481,2007,0,0.0,12,,,,,,1,1,75,1,7.0,1.0,4,7,3,0,11,0,03/16/2017,13:35,53013851.0,13851.0,0.0,0.0,3.0,3.0,1,0,0.0,0.0,0.0,96,,,,,,99,,,,,,98840.0,53,72.0,160.0,6.0,1.0,0.0,0.0,0.0,0.0,0.0,0,,,,,,9,,,1,0,0,0,0.0,9,8,,,0,0.0,0.0,8,9,2.0,1.0,0.0,0.0,1.0,0.0,0.0,2,1,0.0,,,,,,,,,,,,,,,,,,,,,,,,,,,,,,0,0,0,1,0,0,0,0,0,0,0,0,0,0,0,0,0,0,0,0,0,0,0,0,0,1,1,1,0,0,1,0,0,0,0,,0,0,0,0,0,0,0,0,0,0,0,0,0,0,0,0,,,,,,71-75,66-75,US highway,R,Thursday,Belt Used,PV,White,1,0,0,0,State Route,State Patrol,Washington State Patrol Headquarter,0,1,0,0,0,,,,,,,,,,,,,,,,,,,,,,,,,,,,,,,,,,,,,,,,,,,,98841
127,2017,85,E655807,6.0,03/16/2017,13:35,16,3,0.0,47,Okanogan,0,1,0.0,1,1,2,2,0,3,2,,,,12,0,6,273.0,2,0,2,3,1,1,2,0,3,4,3,US-97,CR-ARMORY ACCESS RD,-119.5649361,48.367277778,0,2,88,17,2,60,66,1,0,1,2,12,1,1,3,1,1,1,2,53,0,82,881,2000,0,0.0,12,,,,,,1,1,77,1,0.0,0.0,0,0,3,0,11,0,,,,,6.0,1.0,1.0,3.0,1,0,0.0,0.0,0.0,0,,,,,,0,,,,,,98802.0,53,74.0,265.0,6.0,1.0,0.0,2.0,2.0,1.0,0.0,0,,,,,,0,08/15/2012,07/15/2016,20,0,0,1,8.0,9,8,,,0,0.0,0.0,8,0,0.0,0.0,0.0,0.0,0.0,0.0,0.0,0,0,996.0,,,,,,,,,,,,,,,,,,,,,,,,,,,,,,0,0,0,1,0,0,0,0,0,0,0,0,0,0,0,0,0,0,0,0,0,0,0,0,0,1,1,1,0,0,1,0,0,0,0,,0,0,0,0,0,0,0,0,0,0,0,0,0,0,0,0,,,,,,76-80,76+,US highway,R,Thursday,,MHTRUCK,Not Fatal,1,0,0,0,State Route,State Patrol,Washington State Patrol Headquarter,0,1,0,0,0,,,,,,,,,,,,,,,,,,,,,,,,,,,,,,,,,,,,,,,,,,,,98841
128,2017,86,E657194,2.0,03/18/2017,15:10,18,3,0.0,61,Snohomish,0,2,0.0,1,2,2,1,0,4,3,14:58,15:05,15:42,12,0,2,4.5,1,0,1,3,2,1,2,0,0,0,0,US-2,,-122.1144444,47.954513889,0,1,52,10,2,60,5,0,0,1,2,12,1,2,3,1,1,1,1,53,0,63,32,2006,0,0.0,68,12.0,,,,,1,1,78,2,7.0,7.0,4,7,3,0,11,0,03/18/2017,15:10,53013497.0,13497.0,0.0,0.0,0.0,3.0,1,28,0.0,0.0,0.0,92,,,,,,99,,,,,,98043.0,53,58.0,95.0,6.0,1.0,0.0,0.0,1.0,0.0,0.0,0,,,,,,0,07/15/2013,07/15/2013,1,0,0,0,0.0,9,8,,,0,0.0,0.0,8,9,2.0,1.0,0.0,0.0,1.0,0.0,0.0,2,1,0.0,,,,,,,,,,,,,,,,,,,,,,,,,,,,,,0,0,0,0,0,0,0,0,0,0,0,0,0,0,0,0,1,0,0,0,0,0,0,0,0,1,1,1,0,1,0,0,0,0,0,,1,0,0,0,0,0,0,0,1,0,0,0,0,0,0,0,,,,,,76-80,76+,US highway,U,Saturday,Belt Used,PV,API,0,0,0,1,State Route,State Patrol,Washington State Patrol Headquarter,0,1,0,0,0,,,,,,,,,,,,,,,,,,,,,,,,,,,,,,,,,,,,,,,,,,,,98291
129,2017,86,E657194,2.0,03/18/2017,15:10,18,3,0.0,61,Snohomish,0,2,0.0,1,2,2,1,0,4,3,14:58,15:05,15:42,12,0,2,4.5,1,0,1,3,2,1,2,0,0,0,0,US-2,,-122.1144444,47.954513889,0,2,52,54,3,60,4,0,0,1,2,12,1,2,3,1,1,1,1,53,0,53,33,2003,0,0.0,12,12.0,,,,,1,1,31,1,0.0,0.0,3,0,3,0,11,3,,,,,0.0,0.0,0.0,3.0,1,0,0.0,0.0,0.0,0,,,,,,0,,,,,,98105.0,53,70.0,200.0,6.0,1.0,0.0,1.0,0.0,0.0,0.0,0,,,,,,0,03/15/2016,03/15/2016,1,0,0,0,8.0,9,8,,,0,0.0,0.0,8,0,0.0,0.0,0.0,0.0,0.0,0.0,0.0,0,0,996.0,,,,,,,,,,,,,,,,,,,,,,,,,,,,,,0,0,0,0,0,0,0,0,0,0,0,0,0,0,0,0,1,0,0,0,0,0,0,0,0,1,1,1,0,1,0,0,0,0,0,,0,0,0,0,0,0,0,0,0,0,0,0,0,0,0,0,,,,,,31-35,26-35,US highway,U,Saturday,Belt Used,PV,Not Fatal,0,0,0,1,State Route,State Patrol,Washington State Patrol Headquarter,0,1,0,0,0,,,,,,,,,,,,,,,,,,,,,,,,,,,,,,,,,,,,,,,,,,,,98291
130,2017,86,E657194,2.0,03/18/2017,15:10,18,3,0.0,61,Snohomish,0,2,0.0,1,2,2,1,0,4,3,14:58,15:05,15:42,12,0,2,4.5,1,0,1,3,2,1,2,0,0,0,0,US-2,,-122.1144444,47.954513889,0,3,98,50,3,60,20,0,0,1,2,12,1,2,3,1,1,2,1,53,0,7,442,2015,0,0.0,12,,,,,,1,1,35,2,0.0,0.0,0,0,3,0,11,0,,,,,6.0,0.0,1.0,3.0,1,0,0.0,0.0,0.0,0,,,,,,0,,,,,,98258.0,53,67.0,195.0,6.0,1.0,0.0,2.0,1.0,0.0,0.0,0,,,,,,0,08/15/2012,08/15/2012,20,0,0,0,8.0,9,8,,,0,0.0,0.0,8,0,0.0,0.0,0.0,0.0,0.0,0.0,0.0,0,0,996.0,,,,,,,,,,,,,,,,,,,,,,,,,,,,,,0,0,0,0,0,0,0,0,0,0,0,0,0,0,0,0,1,0,0,0,0,0,0,0,0,1,1,1,0,1,0,0,0,0,0,,0,0,0,0,0,0,0,0,0,0,0,0,0,0,0,0,,,,,,31-35,26-35,US highway,U,Saturday,Belt Used,PV,Not Fatal,0,0,0,1,State Route,State Patrol,Washington State Patrol Headquarter,0,1,0,0,0,,,,,,,,,,,,,,,,,,,,,,,,,,,,,,,,,,,,,,,,,,,,98291
131,2017,87,E656264,4.0,03/20/2017,15:14,20,3,0.0,65,Stevens,0,10,0.0,1,1,2,1,0,2,1,15:25,15:52,16:11,35,0,0,16.8,1,0,1,5,1,1,3,0,0,0,0,SR-291,,-117.6222861,47.843855556,0,1,7,6,1,50,2,0,0,1,2,1,3,2,2,1,6,2,1,53,0,20,9,2015,0,0.0,68,68.0,63.0,69.0,68.0,64.0,1,1,66,1,7.0,1.0,4,0,20,0,11,4,03/20/2017,20:18,53014204.0,14204.0,0.0,0.0,0.0,3.0,1,33,0.0,0.0,0.0,96,,,,,,9,,,,,,99026.0,53,68.0,132.0,6.0,1.0,0.0,0.0,0.0,4.0,0.0,0,,,,,,3,06/15/2015,04/15/2016,8,0,0,0,0.0,1,8,,,0,0.0,0.0,8,1,2.0,348.0,605.0,695.0,1.0,1.0,1.0,2,1,0.1,,,,,,,,,,,,,,,,,,,,,,,,,,,,,,0,0,0,0,1,1,1,1,1,0,0,0,1,0,0,0,0,0,0,1,0,0,0,0,0,1,0,0,0,1,0,0,0,1,0,,1,0,0,0,0,1,1,1,0,1,0,0,0,0,0,1,,,,,,66-70,66-75,State route,R,Monday,Not Used,PV,White,0,1,0,0,State Route,State Patrol,Washington State Patrol Headquarter,1,1,0,0,0,thc,2.1,carboxy-thc,23.0,,,,,,,,,,,,,,,,,,,,,,,,,,,,,,,,,,,,,,,,99026