,year,case,par,repjur,crash_dt,crash_tm,accday,accmon,holiday,county,co_char,city,weather,weather2,lightcond,surfcond,surftype,numfatal,nmforms,pforms,vforms,not_tm,arr_tm,hosp_tm,fhevent,hitrun,manncol,milepnt,reljunc,reljuncinter,intersectiontype,funcsystem,landuse,ownership,route,schlbus,spejur,contdev,devfunc,trafid1,trafid2,x,y,wk_zone,vnumber,crashtype,criticalevent,criticaleventcat,spdlim,body,trailer,emerg,hazcargo,leave,mhevent,roadalgn,roadprof,traflane,trafflow,vehmanvr,numoccs,regowner,regstate,spuse,make,model,modelyr,vrf1,vrf2,seqevent1,seqevent2,seqevent3,seqevent4,seqevent5,seqevent6,pnumber,ptype,age,sex,hispanic,race,injury,diedscene,restraint,restraintmisuse,seatpos,takehosp,death_dt,death_tm,cert,cernum_wa,commlic,licendor,licrestrict,liccomp,drivpres,drf1,drf2,drf3,drf4,distract1,distract2,distract3,distract4,distract5,distract6,dricond1,dricond2,dricond3,dricond4,dricond5,dricond6,dzip,licstate,drhgt_in,weight,noncdl,noncdltype,prevdwi,prevoth,prevacc,prevspd,prevsus,driviol1,driviol2,driviol3,driviol4,driviol5,driviol6,spdrel,first_dt,last_dt,airbag,ejection,ejectpath,extricat,injurwrk,methalc,methdrug,nmlocat,strikveh,prf1,prf2,prf3,druginv,alcinvol,drugsts,drugres1,drugres2,drugres3,drugtst1,drugtst2,drugtst3,alcsts,alctst,alcres,nmact1,nmact2,nmact3,nmact4,nmact5,nmact6,nmprior1,nmprior2,nmprior3,nmprior4,nmprior5,nmprior6,nmcond1,nmcond2,nmcond3,nmcond4,nmcond5,nmcond6,nmsafe_helmet,nmsafe_pads,nmsafe_oth,nmprev_ref,nmprev_lgt,nmprev_oth,crashlocation,nmcrashtype,crosswalk,schoolzone,sidewalk,train_inv,wildlife_inv,rotr_fars,intersect_fars,dd_inv,aid_inv,dpd_inv,id_inv,mj_inv,impnm_inv,ainm_inv,dpnm_inv,speed_inv,unlic_inv,unendmc_inv,drowsy_inv,drdist_inv,nmdist_inv,fty_inv,unrestfat_inv,dr1617_inv,dr1820_inv,dr1620_inv,dr2125_inv,dr1625_inv,dr65_inv,dr70_inv,dr75_inv,mc_inv,pv_inv,ht_inv,ped_inv,bike_inv,unrest_fat,mc_fat,unhelmet_mc,pv_fat,ht_fat,ped_fat,bike_fat,dr_alc7,dr_alc8,dr_drug,dr_imp,dr_dist,dr_spd,dr_fty,dr_unlic,dr_alc7only,dr_alc8only,dr_drugonly,dr_drink,nm_imp,nm_alc7,nm_alc8,nm_drug,nm_dist,agegrp1,agegrp2,roadclass,urbrur,dayweek,restuse,vehtype,race_me,intersect,lanedep,oppdir,wrongway,rep_typ,investag,repag_long,rotr,st_rd,cty_rd,city_rd,oth_rd,drug_thc,thc_res,drug_cthc,cthc_res,drug_cann,prevpersemin,prevperse,prevsusoth,drugtst4,drugtst5,drugtst6,drugtst7,drugtst8,drugres4,drugres5,drugres6,drugres7,drugres8,adspresent,adsengaged,adslevel,race1,race2,race3,race4,race5,helmet,helmetmisuse,nmdistract1,nmdistract2,nmdistract3,nmdistract4,nmdistract5,nmdistract6,lab,isedtcase,crf1,crf2,crf3,CoRoadName,CoMP,IntCoRoadName,IntCoMP,zipcode
132,2017,88,E654164,22.0,03/22/2017,11:47,22,3,0.0,27,Grays Harbor,0,2,0.0,1,2,2,1,0,2,2,11:41,11:57,,12,0,6,3.8,2,0,2,6,1,2,4,0,0,0,0,CR-ELMA-HICKLIN RD,CR-SUMMIT RD,-123.2669917,47.078855556,0,1,87,54,3,40,66,1,0,1,2,12,1,1,2,1,1,1,3,53,0,87,884,2014,0,0.0,12,,,,,,1,1,59,1,0.0,0.0,1,0,3,0,11,8,,,,,6.0,1.0,1.0,3.0,1,0,0.0,0.0,0.0,0,,,,,,0,,,,,,98321.0,53,67.0,200.0,6.0,1.0,0.0,2.0,0.0,0.0,0.0,0,,,,,,0,03/15/2016,05/15/2016,99,0,0,0,8.0,9,8,,,0,0.0,0.0,8,0,0.0,0.0,0.0,0.0,0.0,0.0,0.0,0,0,996.0,,,,,,,,,,,,,,,,,,,,,,,,,,,,,,0,0,0,1,0,0,0,0,0,0,0,0,0,0,0,0,0,0,1,0,0,0,0,0,0,1,1,1,0,0,1,0,0,0,0,,0,0,0,0,0,0,0,0,0,0,0,0,0,0,0,0,,,,,,56-60,56-65,County road,R,Wednesday,,MHTRUCK,Not Fatal,1,0,0,0,County Road,County Sheriff,Grays Harbor County Sheriff's Offic,0,0,1,0,0,,,,,,,,,,,,,,,,,,,,,,,,,,,,,,,,,,,,,,,,,,,,98557
133,2017,88,E654164,22.0,03/22/2017,11:47,22,3,0.0,27,Grays Harbor,0,2,0.0,1,2,2,1,0,2,2,11:41,11:57,,12,0,6,3.8,2,0,2,6,1,2,4,0,0,20,3,CR-ELMA-HICKLIN RD,CR-SUMMIT RD,-123.2669917,47.078855556,0,2,86,54,3,30,34,0,0,1,2,12,1,1,2,1,1,1,1,53,0,35,471,1995,0,0.0,12,,,,,,1,1,92,1,7.0,1.0,4,7,3,0,11,0,03/22/2017,11:47,53014094.0,14094.0,0.0,0.0,0.0,3.0,1,38,39.0,0.0,0.0,96,,,,,,99,,,,,,98541.0,53,68.0,170.0,6.0,1.0,0.0,0.0,1.0,0.0,0.0,0,,,,,,0,10/15/2016,10/15/2016,20,0,0,0,0.0,9,8,,,0,0.0,0.0,8,9,2.0,1.0,0.0,0.0,1.0,0.0,0.0,2,1,0.0,,,,,,,,,,,,,,,,,,,,,,,,,,,,,,0,0,0,1,0,0,0,0,0,0,0,0,0,0,0,0,0,0,1,0,0,0,0,0,0,1,1,1,0,0,1,0,0,0,0,,0,0,0,0,0,0,0,0,0,0,1,0,0,0,0,0,,,,,,81+,76+,County road,R,Wednesday,Belt Used,PV,White,1,0,0,0,County Road,County Sheriff,Grays Harbor County Sheriff's Offic,0,0,1,0,0,,,,,,,,,,,,,,,,,,,,,,,,,,,,,,,,,,,,,,,,,,,,98557
134,2017,89,E654450,337.0,03/22/2017,8:42,22,3,0.0,73,Whatcom,110,1,0.0,1,1,2,1,1,1,1,,,,9,0,0,21.1,2,0,2,3,2,1,3,0,0,3,3,SR-11,30TH ST,-122.4781944,48.714602778,0,1,13,83,5,35,34,0,0,1,2,9,1,2,3,1,11,1,1,53,0,12,471,1998,0,0.0,9,,,,,,1,1,45,1,0.0,0.0,0,0,3,0,11,0,,,,,0.0,0.0,3.0,3.0,1,0,0.0,0.0,0.0,0,,,,,,0,,,,,,98229.0,53,72.0,220.0,6.0,1.0,0.0,0.0,0.0,0.0,0.0,0,,,,,,0,,,20,0,0,0,8.0,9,8,,,0,0.0,0.0,8,0,0.0,0.0,0.0,0.0,0.0,0.0,0.0,0,0,996.0,,,,,,,,,,,,,,,,,,,,,,,,,,,,,,0,0,0,1,0,0,0,0,0,0,0,0,0,0,0,0,0,0,0,0,0,0,0,0,0,0,0,0,0,0,0,0,1,0,0,,0,0,0,0,0,0,0,0,0,0,0,0,0,0,0,0,,,,,,41-45,36-45,State route,U,Wednesday,Belt Used,PV,Not Fatal,1,0,0,0,State Route,Municipal/City Police,Bellingham Police Department,0,1,0,0,0,,,,,,,,,,,,,,,,,,,,,,,,,,,,,,,,,,,,,,,,,,,,98225
135,2017,90,E657038,5.0,03/22/2017,4:57,22,3,0.0,15,Cowlitz,0,10,0.0,2,2,2,1,1,1,1,,,,8,0,0,34.2,1,0,1,1,1,1,1,0,0,0,0,I-5,,-122.8683306,46.068366667,0,1,13,80,5,70,5,0,0,1,2,8,1,1,3,3,1,1,1,53,0,20,28,2012,0,0.0,8,64.0,25.0,,,,1,1,43,2,0.0,0.0,0,0,3,0,11,0,,,,,0.0,0.0,3.0,3.0,1,0,0.0,0.0,0.0,0,,,,,,0,,,,,,98626.0,53,62.0,180.0,6.0,1.0,0.0,1.0,1.0,1.0,0.0,0,,,,,,0,07/15/2012,08/15/2013,8,0,0,0,8.0,9,8,,,0,0.0,0.0,8,0,0.0,0.0,0.0,0.0,0.0,0.0,0.0,0,0,996.0,,,,,,,,,,,,,,,,,,,,,,,,,,,,,,0,0,0,0,0,0,0,0,0,1,0,1,0,0,0,0,0,0,0,0,0,0,0,0,0,0,0,0,0,1,0,1,0,0,0,,0,0,0,0,0,0,0,0,0,0,0,0,0,0,0,0,,,,,,41-45,36-45,Interstate,R,Wednesday,Belt Used,PV,Not Fatal,0,0,0,0,State Route,State Patrol,Washington State Patrol Headquarter,0,1,0,0,0,,,,,,,,,,,,,,,,,,,,,,,,,,,,,,,,,,,,,,,,,,,,98609
136,2017,91,E659377,8.0,03/26/2017,20:41,26,3,0.0,27,Grays Harbor,0,10,0.0,3,2,2,1,0,3,2,,,,12,0,2,67.9,1,0,1,3,1,1,2,0,0,0,0,US-101,,-123.7469278,46.801311111,0,1,52,10,2,55,34,0,0,1,2,12,2,2,2,1,6,2,1,53,0,35,471,1996,0,0.0,68,12.0,,,,,1,1,32,1,0.0,0.0,1,0,20,0,11,5,,,,,0.0,0.0,0.0,3.0,1,28,0.0,0.0,0.0,96,,,,,,0,,,,,,98586.0,53,64.0,160.0,6.0,1.0,2.0,1.0,0.0,2.0,0.0,1,,,,,,0,08/15/2012,04/15/2013,1,0,0,0,8.0,9,8,,,0,0.0,0.0,8,0,2.0,1.0,0.0,0.0,1.0,0.0,0.0,2,1,0.0,,,,,,,,,,,,,,,,,,,,,,,,,,,,,,0,0,0,0,0,0,0,0,0,0,0,0,0,0,0,0,0,0,0,0,0,1,1,0,1,0,0,0,0,1,0,0,0,0,0,,0,0,0,0,0,0,0,0,0,0,0,0,0,0,0,0,,,,,,31-35,26-35,US highway,R,Sunday,Not Used,PV,Not Fatal,0,1,1,0,State Route,State Patrol,Washington State Patrol Headquarter,0,1,0,0,0,,,,,,,,,,,,,,,,,,,,,,,,,,,,,,,,,,,,,,,,,,,,
137,2017,91,E659377,8.0,03/26/2017,20:41,26,3,0.0,27,Grays Harbor,0,10,0.0,3,2,2,1,0,3,2,,,,12,0,2,67.9,1,0,1,3,1,1,2,0,0,0,0,US-101,,-123.7469278,46.801311111,0,2,52,54,3,55,2,0,0,1,2,12,3,2,2,1,14,1,2,53,0,49,38,1992,0,0.0,12,,,,,,1,1,18,2,4.0,1.0,4,0,3,0,11,0,03/26/2017,20:58,53014445.0,14445.0,0.0,0.0,0.0,3.0,1,0,0.0,0.0,0.0,0,,,,,,0,,,,,,98577.0,53,64.0,180.0,6.0,1.0,0.0,0.0,0.0,0.0,0.0,0,,,,,,0,,,20,0,0,0,0.0,9,8,,,0,0.0,0.0,8,0,2.0,1.0,0.0,0.0,1.0,0.0,0.0,2,1,0.0,,,,,,,,,,,,,,,,,,,,,,,,,,,,,,0,0,0,0,0,0,0,0,0,0,0,0,0,0,0,0,0,0,0,0,0,1,1,0,1,0,0,0,0,1,0,0,0,0,0,,1,0,0,0,0,0,0,0,0,0,0,0,0,0,0,0,,,,,,18-20,16-25,US highway,R,Sunday,Belt Used,PV,Hispanic,0,1,1,0,State Route,State Patrol,Washington State Patrol Headquarter,0,1,0,0,0,,,,,,,,,,,,,,,,,,,,,,,,,,,,,,,,,,,,,,,,,,,,
138,2017,92,E658130,25.0,03/25/2017,9:10,25,3,0.0,33,King,229,1,0.0,1,1,2,1,0,2,2,,,,12,0,2,0.0,1,0,1,3,2,4,6,0,0,0,0,ALBAUM BLVD SW,,-122.3500278,47.487988889,0,1,50,10,2,35,4,0,0,1,2,12,2,2,5,5,6,1,2,53,0,41,35,1995,0,0.0,68,12.0,,,,,1,1,19,1,1.0,98.0,4,7,3,0,11,0,03/25/2017,9:10,22953015787.0,15787.0,0.0,0.0,0.0,0.0,1,28,0.0,0.0,0.0,96,,,,,,99,,,,,,98168.0,53,67.0,200.0,0.0,0.0,0.0,1.0,0.0,1.0,0.0,0,,,,,,3,12/15/2016,02/15/2017,8,0,0,0,0.0,9,8,,,0,0.0,0.0,8,9,2.0,401.0,417.0,605.0,1.0,1.0,1.0,2,1,0.068,,,,,,,,,,,,,,,,,,,,,,,,,,,,,,0,0,0,0,1,0,1,1,1,0,0,0,1,1,0,0,0,0,0,0,0,1,1,0,1,0,0,0,0,1,1,0,0,0,0,,1,0,0,0,1,0,1,1,0,1,0,1,0,0,0,1,,,,,,18-20,16-25,City street,U,Saturday,Belt Used,PV,Hispanic,0,1,1,0,City Street,County Sheriff,King County Police,0,0,0,1,0,thc,11.0,carboxy-thc,49.0,,,,,,,,,,,,,,,,,,,,,,,,,,,,,,,,,,,,,,,,98146
139,2017,92,E658130,25.0,03/25/2017,9:10,25,3,0.0,33,King,229,1,0.0,1,1,2,1,0,2,2,,,,12,0,2,0.0,1,0,1,3,2,4,6,0,0,0,0,ALBAUM BLVD SW,,-122.3500278,47.487988889,0,2,51,62,4,35,62,0,0,1,2,12,3,2,5,5,14,1,3,53,0,12,881,2006,0,0.0,12,,,,,,1,1,43,1,0.0,0.0,0,0,3,0,11,0,,,,,0.0,0.0,0.0,3.0,1,0,0.0,0.0,0.0,0,,,,,,0,,,,,,98118.0,53,63.0,210.0,6.0,1.0,0.0,3.0,3.0,0.0,0.0,0,,,,,,0,01/15/2013,03/15/2016,20,0,0,0,8.0,9,8,,,0,0.0,0.0,8,0,0.0,0.0,0.0,0.0,0.0,0.0,0.0,0,0,996.0,,,,,,,,,,,,,,,,,,,,,,,,,,,,,,0,0,0,0,1,0,1,1,1,0,0,0,1,1,0,0,0,0,0,0,0,1,1,0,1,0,0,0,0,1,1,0,0,0,0,,0,0,0,0,0,0,0,0,0,0,0,0,0,0,0,0,,,,,,41-45,36-45,City street,U,Saturday,,MHTRUCK,Not Fatal,0,1,1,0,City Street,County Sheriff,King County Police,0,0,0,1,0,,,,,,,,,,,,,,,,,,,,,,,,,,,,,,,,,,,,,,,,,,,,98146
140,2017,93,E657949,1.0,03/27/2017,11:49,27,3,0.0,77,Yakima,0,1,0.0,1,1,2,1,1,1,1,11:44,11:47,12:05,15,0,0,3.3,1,0,1,4,2,1,3,0,0,0,0,SR-823,,-120.520025,46.667569444,0,1,13,83,5,40,16,0,0,1,5,15,1,1,4,1,1,1,1,53,0,20,431,2003,0,0.0,15,,,,,,1,1,60,2,0.0,0.0,0,0,3,0,11,0,,,,,0.0,0.0,3.0,3.0,1,0,0.0,0.0,0.0,13,,,,,,99,,,,,,98942.0,53,64.0,172.0,6.0,1.0,0.0,0.0,0.0,0.0,0.0,0,,,,,,0,,,20,0,0,0,8.0,9,8,,,0,0.0,0.0,8,9,2.0,996.0,0.0,0.0,1.0,0.0,0.0,2,1,0.0,,,,,,,,,,,,,,,,,,,,,,,,,,,,,,0,0,0,0,0,0,1,1,0,1,0,1,0,0,0,0,1,0,0,0,0,0,0,0,0,0,0,0,0,1,0,1,0,0,0,,0,0,0,0,0,0,1,1,1,0,0,0,0,0,1,0,,,,,,56-60,56-65,State route,U,Monday,Belt Used,PV,Not Fatal,0,0,0,0,State Route,State Patrol,Washington State Patrol Headquarter,0,1,0,0,0,,,,,,,,,,,,,,,,,,,,,,,,,,,,,,,,,,,,,,,,,,,,98942
141,2017,94,E658363,5.0,03/27/2017,21:02,27,3,0.0,41,Lewis,0,2,0.0,2,2,2,1,0,1,1,21:20,21:51,23:05,24,0,0,88.9,1,0,1,3,1,1,2,0,0,0,0,US-12,,-122.4403028,46.542319444,0,1,1,13,2,55,80,0,0,1,2,24,3,1,2,1,14,1,2,53,0,72,706,2001,0,0.0,63,24.0,,,,,1,1,56,1,7.0,1.0,4,0,16,0,11,1,03/27/2017,23:17,237053015243.0,15243.0,6.0,0.0,0.0,3.0,1,0,0.0,0.0,0.0,96,,,,,,9,,,,,,98360.0,53,72.0,240.0,6.0,1.0,0.0,1.0,0.0,1.0,0.0,0,,,,,,0,11/15/2012,07/15/2013,20,8,0,0,0.0,1,8,,,0,0.0,0.0,8,1,2.0,1.0,0.0,0.0,1.0,0.0,0.0,2,1,0.16,,,,,,,,,,,,,,,,,,,,,,,,,,,,,,0,0,1,0,1,1,0,1,0,0,0,0,0,0,0,0,0,0,0,0,0,0,0,0,0,0,0,0,1,0,0,0,0,0,1,1.0,0,0,0,0,0,1,0,1,0,0,0,0,0,1,0,1,,,,,,56-60,56-65,US highway,R,Monday,,MC,White,0,1,0,0,State Route,State Patrol,Washington State Patrol Headquarter,1,1,0,0,0,,,,,,,,,,,,,,,,,,,,,,,,,,,,,,,,,,,,,,,,,,,,98564
142,2017,95,E658391,4.0,03/28/2017,15:56,28,3,0.0,63,Spokane,0,2,0.0,1,2,2,1,0,4,2,15:23,15:36,16:26,12,0,6,185.8,2,0,2,3,1,1,2,0,0,20,3,US-395,W DAHL RD,-117.4965444,47.960491667,0,1,88,17,2,45,34,0,0,1,2,12,1,1,2,1,1,1,2,53,0,7,482,1997,0,0.0,12,,,,,,1,1,16,1,0.0,0.0,0,0,3,0,11,0,,,,,0.0,0.0,1.0,3.0,1,38,39.0,0.0,0.0,96,,,,,,0,,,,,,99006.0,53,73.0,132.0,6.0,2.0,0.0,0.0,0.0,1.0,1.0,37,,,,,,0,07/15/2016,10/15/2016,1,0,0,0,8.0,9,8,,,0,0.0,0.0,8,0,0.0,0.0,0.0,0.0,0.0,0.0,0.0,0,0,996.0,,,,,,,,,,,,,,,,,,,,,,,,,,,,,,0,0,0,1,0,0,0,0,0,0,0,0,0,0,0,0,0,0,1,0,1,0,1,0,1,0,0,0,0,1,0,0,0,0,0,,0,0,0,0,0,0,0,0,0,0,1,0,0,0,0,0,,,,,,16-17,16-25,US highway,R,Tuesday,Belt Used,PV,Not Fatal,1,0,0,0,State Route,State Patrol,Washington State Patrol Headquarter,0,1,0,0,0,,,,,,,,,,,,,,,,,,,,,,,,,,,,,,,,,,,,,,,,,,,,99006
143,2017,95,E658391,4.0,03/28/2017,15:56,28,3,0.0,63,Spokane,0,2,0.0,1,2,2,1,0,4,2,15:23,15:36,16:26,12,0,6,185.8,2,0,2,3,1,1,2,0,0,0,0,US-395,W DAHL RD,-117.4965444,47.960491667,0,2,89,66,4,60,5,0,0,1,2,12,8,8,3,1,1,3,1,53,0,63,33,2005,0,0.0,12,,,,,,1,1,43,2,7.0,1.0,4,7,3,0,11,0,03/28/2017,15:56,53015340.0,15340.0,0.0,0.0,0.0,3.0,1,0,0.0,0.0,0.0,0,,,,,,0,,,,,,99148.0,53,69.0,150.0,6.0,1.0,0.0,0.0,1.0,1.0,0.0,0,,,,,,0,08/15/2014,09/15/2016,1,0,0,0,0.0,9,8,,,0,0.0,0.0,8,0,2.0,1.0,0.0,0.0,1.0,0.0,0.0,2,1,0.0,,,,,,,,,,,,,,,,,,,,,,,,,,,,,,0,0,0,1,0,0,0,0,0,0,0,0,0,0,0,0,0,0,1,0,1,0,1,0,1,0,0,0,0,1,0,0,0,0,0,,1,0,0,0,0,0,0,0,0,0,0,0,0,0,0,0,,,,,,41-45,36-45,US highway,R,Tuesday,Belt Used,PV,White,1,0,0,0,State Route,State Patrol,Washington State Patrol Headquarter,0,1,0,0,0,,,,,,,,,,,,,,,,,,,,,,,,,,,,,,,,,,,,,,,,,,,,99006
144,2017,96,3659614,344.0,03/23/2017,7:20,23,3,0.0,77,Yakima,0,1,0.0,1,1,2,1,0,2,1,7:11,7:36,8:51,39,0,0,0.0,3,0,3,7,1,2,4,0,3,20,3,CR-SIGNAL PEAK,FT SIMCOE RD,-120.7328222,46.346466667,0,1,14,14,2,50,14,0,0,1,2,39,1,1,2,1,1,2,1,53,0,2,404,1995,0,0.0,71,39.0,,,,,1,1,28,1,0.0,0.0,1,0,99,0,11,8,,,,,0.0,0.0,0.0,2.0,1,39,0.0,0.0,0.0,96,,,,,,98,,,,,,98951.0,53,,999.0,1.0,1.0,0.0,0.0,0.0,0.0,3.0,37,,,,,,0,03/15/2013,11/15/2014,1,0,0,0,8.0,9,8,,,0,0.0,0.0,8,8,0.0,0.0,0.0,0.0,0.0,0.0,0.0,0,0,996.0,,,,,,,,,,,,,,,,,,,,,,,,,,,,,,0,0,0,1,0,0,0,0,0,0,0,0,0,1,0,0,0,0,0,0,0,0,0,0,0,0,0,0,0,1,0,0,0,0,0,,0,0,0,0,0,0,0,0,0,0,0,1,0,0,0,0,,,,,,26-30,26-35,County road,R,Thursday,Unknown,PV,Not Fatal,1,0,0,0,County Road,Other Law Enforcement,Yakama Tribal Police Department,0,0,1,0,0,,,,,,,,,,,,,,,,,,,,,,,,,,,,,,,,,,,,,,,,,,,,98952
145,2017,97,E656985,7.0,03/17/2017,23:16,17,3,0.0,33,King,1958,2,0.0,2,2,2,1,0,10,3,,,,12,0,7,150.1,1,0,1,1,2,1,1,0,0,0,0,I-5,,-122.2916222,47.395236111,0,1,46,11,2,60,4,0,0,1,2,1,4,2,5,3,15,4,2,53,0,18,3,2002,0,0.0,12,64.0,24.0,1.0,73.0,54.0,1,1,27,1,0.0,0.0,1,0,99,0,11,8,,,,,0.0,0.0,0.0,0.0,1,0,0.0,0.0,0.0,92,,,,,,99,,,,,,98031.0,53,69.0,185.0,0.0,0.0,0.0,0.0,0.0,0.0,0.0,97,,,,,,0,,,99,0,0,0,8.0,9,8,,,0,0.0,0.0,8,1,2.0,605.0,0.0,0.0,1.0,0.0,0.0,2,1,0.06,,,,,,,,,,,,,,,,,,,,,,,,,,,,,,0,0,0,0,1,0,1,1,1,0,0,0,0,1,0,0,1,0,0,0,0,1,1,0,1,0,0,0,0,1,0,0,0,0,0,,0,0,0,0,1,0,1,1,1,0,0,1,0,0,0,1,,,,,,26-30,26-35,Interstate,U,Friday,Unknown,PV,Not Fatal,0,0,0,0,State Route,State Patrol,Washington State Patrol Headquarter,0,1,0,0,0,thc,1.1,carboxy-thc,8.8,,,,,,,,,,,,,,,,,,,,,,,,,,,,,,,,,,,,,,,,98089
146,2017,97,E656985,7.0,03/17/2017,23:16,17,3,0.0,33,King,1958,2,0.0,2,2,2,1,0,10,3,,,,12,0,7,150.1,1,0,1,1,2,1,1,0,0,0,0,I-5,,-122.2916222,47.395236111,0,2,45,61,4,60,5,0,0,1,5,12,4,2,5,3,14,4,1,53,0,41,51,2011,0,0.0,12,,,,,,1,1,44,2,0.0,0.0,0,0,3,0,11,0,,,,,0.0,0.0,0.0,3.0,1,0,0.0,0.0,0.0,0,,,,,,0,,,,,,98466.0,53,66.0,160.0,6.0,1.0,0.0,0.0,0.0,0.0,0.0,0,,,,,,0,,,20,0,0,0,8.0,9,8,,,0,0.0,0.0,8,0,0.0,0.0,0.0,0.0,0.0,0.0,0.0,0,0,996.0,,,,,,,,,,,,,,,,,,,,,,,,,,,,,,0,0,0,0,1,0,1,1,1,0,0,0,0,1,0,0,1,0,0,0,0,1,1,0,1,0,0,0,0,1,0,0,0,0,0,,0,0,0,0,0,0,0,0,0,0,0,0,0,0,0,0,,,,,,41-45,36-45,Interstate,U,Friday,Belt Used,PV,Not Fatal,0,0,0,0,State Route,State Patrol,Washington State Patrol Headquarter,0,1,0,0,0,,,,,,,,,,,,,,,,,,,,,,,,,,,,,,,,,,,,,,,,,,,,98089
147,2017,97,E656985,7.0,03/17/2017,23:16,17,3,0.0,33,King,1958,2,0.0,2,2,2,1,0,10,3,,,,12,0,7,150.1,1,0,1,1,2,1,1,0,0,0,0,I-5,,-122.2916222,47.395236111,0,3,98,90,6,60,4,0,0,1,2,54,4,2,5,3,14,2,2,53,0,30,40,2000,0,0.0,54,1.0,,,,,1,1,18,2,0.0,0.0,1,0,99,0,11,4,,,,,0.0,0.0,0.0,3.0,1,0,0.0,0.0,0.0,92,,,,,,0,,,,,,98001.0,53,68.0,133.0,6.0,1.0,0.0,0.0,1.0,0.0,0.0,0,,,,,,0,11/15/2014,11/15/2014,20,0,0,0,8.0,9,8,,,0,0.0,0.0,8,0,0.0,0.0,0.0,0.0,0.0,0.0,0.0,0,0,996.0,,,,,,,,,,,,,,,,,,,,,,,,,,,,,,0,0,0,0,1,0,1,1,1,0,0,0,0,1,0,0,1,0,0,0,0,1,1,0,1,0,0,0,0,1,0,0,0,0,0,,0,0,0,0,0,0,0,0,1,0,0,0,0,0,0,0,,,,,,18-20,16-25,Interstate,U,Friday,Unknown,PV,Not Fatal,0,0,0,0,State Route,State Patrol,Washington State Patrol Headquarter,0,1,0,0,0,,,,,,,,,,,,,,,,,,,,,,,,,,,,,,,,,,,,,,,,,,,,98089
148,2017,98,E658576,282.0,03/17/2017,6:44,17,3,0.0,61,Snohomish,2140,1,0.0,3,1,2,1,1,1,1,,,,8,0,0,5.3,3,0,2,4,2,1,3,0,0,3,3,SR-532,PIONEER HWY,-122.3442667,48.239894444,0,1,13,80,5,45,34,0,0,1,5,8,1,2,5,1,1,1,1,53,0,20,481,1979,0,0.0,8,,,,,,1,1,73,1,0.0,0.0,0,0,3,0,11,0,,,,,0.0,0.0,3.0,3.0,1,0,0.0,0.0,0.0,1,,,,,,0,,,,,,98292.0,53,70.0,230.0,6.0,1.0,0.0,0.0,0.0,0.0,0.0,0,,,,,,0,,,20,0,0,0,8.0,9,8,,,0,0.0,0.0,8,0,0.0,0.0,0.0,0.0,0.0,0.0,0.0,0,0,996.0,,,,,,,,,,,,,,,,,,,,,,,,,,,,,,0,0,0,1,0,0,0,0,0,1,0,1,0,0,0,0,1,0,0,0,0,0,0,0,0,1,1,0,0,0,0,1,0,0,0,,0,0,0,0,0,0,0,0,1,0,0,0,0,0,0,0,,,,,,71-75,66-75,State route,U,Friday,Belt Used,PV,Not Fatal,0,0,0,0,State Route,Municipal/City Police,Stanwood Police Department,0,1,0,0,0,,,,,,,,,,,,,,,,,,,,,,,,,,,,,,,,,,,,,,,,,,,,98292
149,2017,99,E659938,5.0,03/30/2017,21:12,30,3,0.0,41,Lewis,0,1,0.0,2,1,2,1,0,2,1,21:09,21:18,21:52,1,0,0,3.3,1,0,1,5,1,1,3,0,0,0,0,SR-508,,-122.8228806,46.575619444,0,1,2,13,2,55,34,0,0,1,2,1,1,1,2,1,1,2,1,53,0,12,481,1999,0,0.0,63,69.0,68.0,64.0,67.0,1.0,1,1,53,1,7.0,1.0,4,7,3,0,11,0,03/30/2017,21:12,145053016901.0,16901.0,0.0,0.0,3.0,3.0,1,58,0.0,0.0,0.0,96,,,,,,9,,,,,,98516.0,53,67.0,170.0,6.0,1.0,0.0,0.0,0.0,1.0,0.0,0,,,,,,0,02/15/2015,02/15/2015,20,0,0,0,0.0,1,8,,,0,0.0,0.0,8,1,2.0,996.0,996.0,0.0,1.0,1.0,0.0,2,1,0.18,,,,,,,,,,,,,,,,,,,,,,,,,,,,,,0,0,0,0,1,1,1,1,0,0,0,0,0,0,0,0,0,0,0,0,0,0,0,0,0,0,0,0,0,0,0,0,0,0,0,,0,0,0,0,0,1,1,1,0,0,0,0,0,0,0,1,,,,,,51-55,46-55,State route,R,Thursday,Belt Used,PV,White,0,1,0,0,State Route,State Patrol,Washington State Patrol Headquarter,1,1,0,0,0,,,,,,,,,,,,,,,,,,,,,,,,,,,,,,,,,,,,,,,,,,,,98356
150,2017,100,E664562,289.0,03/18/2017,15:10,18,3,0.0,77,Yakima,2220,1,0.0,1,0,0,1,1,1,1,,,,8,0,0,0.0,1,0,1,7,2,4,6,0,0,0,0,E LINCOLN AVE,,-119.9868806,46.316755556,0,1,98,80,5,0,34,0,0,1,5,8,0,0,0,0,1,1,1,53,0,20,481,1996,0,0.0,8,,,,,,1,1,68,1,0.0,0.0,0,0,3,0,11,0,,,,,0.0,0.0,3.0,3.0,1,0,0.0,0.0,0.0,93,,,,,,99,,,,,,99350.0,53,70.0,185.0,6.0,1.0,0.0,2.0,0.0,0.0,0.0,0,,,,,,0,08/15/2012,11/15/2014,20,0,0,0,8.0,9,8,,,0,0.0,0.0,8,9,2.0,605.0,0.0,0.0,1.0,0.0,0.0,2,1,0.0,,,,,,,,,,,,,,,,,,,,,,,,,,,,,,0,0,0,0,0,0,1,1,1,0,0,0,0,0,0,0,1,1,0,0,0,0,0,0,0,1,0,0,0,0,0,1,0,0,0,,0,0,0,0,0,0,1,1,1,0,0,0,0,0,1,0,,,,,,66-70,66-75,City street,U,Saturday,Belt Used,PV,Not Fatal,0,0,0,0,City Street,Municipal/City Police,Sunnyside Police Department,0,0,0,1,0,thc,7.0,carboxy-thc,37.0,,,,,,,,,,,,,,,,,,,,,,,,,,,,,,,,,,,,,,,,98944