,year,case,par,repjur,crash_dt,crash_tm,accday,accmon,holiday,county,co_char,city,weather,weather2,lightcond,surfcond,surftype,numfatal,nmforms,pforms,vforms,not_tm,arr_tm,hosp_tm,fhevent,hitrun,manncol,milepnt,reljunc,reljuncinter,intersectiontype,funcsystem,landuse,ownership,route,schlbus,spejur,contdev,devfunc,trafid1,trafid2,x,y,wk_zone,vnumber,crashtype,criticalevent,criticaleventcat,spdlim,body,trailer,emerg,hazcargo,leave,mhevent,roadalgn,roadprof,traflane,trafflow,vehmanvr,numoccs,regowner,regstate,spuse,make,model,modelyr,vrf1,vrf2,seqevent1,seqevent2,seqevent3,seqevent4,seqevent5,seqevent6,pnumber,ptype,age,sex,hispanic,race,injury,diedscene,restraint,restraintmisuse,seatpos,takehosp,death_dt,death_tm,cert,cernum_wa,commlic,licendor,licrestrict,liccomp,drivpres,drf1,drf2,drf3,drf4,distract1,distract2,distract3,distract4,distract5,distract6,dricond1,dricond2,dricond3,dricond4,dricond5,dricond6,dzip,licstate,drhgt_in,weight,noncdl,noncdltype,prevdwi,prevoth,prevacc,prevspd,prevsus,driviol1,driviol2,driviol3,driviol4,driviol5,driviol6,spdrel,first_dt,last_dt,airbag,ejection,ejectpath,extricat,injurwrk,methalc,methdrug,nmlocat,strikveh,prf1,prf2,prf3,druginv,alcinvol,drugsts,drugres1,drugres2,drugres3,drugtst1,drugtst2,drugtst3,alcsts,alctst,alcres,nmact1,nmact2,nmact3,nmact4,nmact5,nmact6,nmprior1,nmprior2,nmprior3,nmprior4,nmprior5,nmprior6,nmcond1,nmcond2,nmcond3,nmcond4,nmcond5,nmcond6,nmsafe_helmet,nmsafe_pads,nmsafe_oth,nmprev_ref,nmprev_lgt,nmprev_oth,crashlocation,nmcrashtype,crosswalk,schoolzone,sidewalk,train_inv,wildlife_inv,rotr_fars,intersect_fars,dd_inv,aid_inv,dpd_inv,id_inv,mj_inv,impnm_inv,ainm_inv,dpnm_inv,speed_inv,unlic_inv,unendmc_inv,drowsy_inv,drdist_inv,nmdist_inv,fty_inv,unrestfat_inv,dr1617_inv,dr1820_inv,dr1620_inv,dr2125_inv,dr1625_inv,dr65_inv,dr70_inv,dr75_inv,mc_inv,pv_inv,ht_inv,ped_inv,bike_inv,unrest_fat,mc_fat,unhelmet_mc,pv_fat,ht_fat,ped_fat,bike_fat,dr_alc7,dr_alc8,dr_drug,dr_imp,dr_dist,dr_spd,dr_fty,dr_unlic,dr_alc7only,dr_alc8only,dr_drugonly,dr_drink,nm_imp,nm_alc7,nm_alc8,nm_drug,nm_dist,agegrp1,agegrp2,roadclass,urbrur,dayweek,restuse,vehtype,race_me,intersect,lanedep,oppdir,wrongway,rep_typ,investag,repag_long,rotr,st_rd,cty_rd,city_rd,oth_rd,drug_thc,thc_res,drug_cthc,cthc_res,drug_cann,prevpersemin,prevperse,prevsusoth,drugtst4,drugtst5,drugtst6,drugtst7,drugtst8,drugres4,drugres5,drugres6,drugres7,drugres8,adspresent,adsengaged,adslevel,race1,race2,race3,race4,race5,helmet,helmetmisuse,nmdistract1,nmdistract2,nmdistract3,nmdistract4,nmdistract5,nmdistract6,lab,isedtcase,crf1,crf2,crf3,CoRoadName,CoMP,IntCoRoadName,IntCoMP,zipcode
169,2017,115,E663918,53.0,04/14/2017,15:02,14,4,0.0,61,Snohomish,80,1,0.0,1,1,2,1,0,3,3,15:01,15:06,15:31,12,0,6,0.0,2,0,2,4,2,4,6,0,0,0,0,204TH ST NE,77TH AVE NE,-122.1263389,48.180822222,0,2,88,66,4,25,4,0,0,1,2,12,1,1,2,1,1,1,1,53,0,48,34,1997,0,0.0,12,,,,,,1,1,29,2,0.0,0.0,2,0,3,0,11,8,,,,,0.0,0.0,0.0,3.0,1,0,0.0,0.0,0.0,0,,,,,,0,,,,,,98223.0,53,67.0,200.0,6.0,1.0,0.0,0.0,0.0,1.0,2.0,0,,,,,,0,07/15/2012,12/15/2016,1,0,0,0,8.0,9,8,,,0,0.0,0.0,8,9,0.0,0.0,0.0,0.0,0.0,0.0,0.0,0,0,996.0,,,,,,,,,,,,,,,,,,,,,,,,,,,,,,0,0,0,1,0,0,0,0,0,0,0,0,0,0,0,0,0,0,1,1,0,0,0,0,0,1,1,1,0,1,1,0,0,0,0,,0,0,0,0,0,0,0,0,0,0,0,0,0,0,0,0,,,,,,26-30,26-35,City street,U,Friday,Belt Used,PV,Not Fatal,1,0,0,0,City Street,Municipal/City Police,Arlington Police Department,0,0,0,1,0,,,,,,,,,,,,,,,,,,,,,,,,,,,,,,,,,,,,,,,,,,,,
170,2017,115,E663918,53.0,04/14/2017,15:02,14,4,0.0,61,Snohomish,80,1,0.0,1,1,2,1,0,3,3,15:01,15:06,15:31,12,0,6,0.0,2,0,2,4,2,4,6,0,0,20,3,204TH ST NE,77TH AVE NE,-122.1263389,48.180822222,0,3,98,66,4,25,66,1,0,1,2,12,1,1,2,1,5,1,3,53,0,85,881,1997,0,0.0,12,,,,,,1,1,50,1,0.0,0.0,0,0,3,0,11,0,,,,,6.0,1.0,0.0,3.0,1,0,0.0,0.0,0.0,0,,,,,,0,,,,,,83401.0,16,71.0,185.0,6.0,1.0,0.0,0.0,0.0,0.0,0.0,0,,,,,,0,,,20,0,0,0,8.0,9,8,,,0,0.0,0.0,8,0,0.0,0.0,0.0,0.0,0.0,0.0,0.0,0,0,996.0,,,,,,,,,,,,,,,,,,,,,,,,,,,,,,0,0,0,1,0,0,0,0,0,0,0,0,0,0,0,0,0,0,1,1,0,0,0,0,0,1,1,1,0,1,1,0,0,0,0,,0,0,0,0,0,0,0,0,0,0,0,0,0,0,0,0,,,,,,46-50,46-55,City street,U,Friday,,MHTRUCK,Not Fatal,1,0,0,0,City Street,Municipal/City Police,Arlington Police Department,0,0,0,1,0,,,,,,,,,,,,,,,,,,,,,,,,,,,,,,,,,,,,,,,,,,,,
171,2017,116,E664778,2.0,04/22/2017,14:27,22,4,0.0,57,Skagit,0,2,0.0,1,2,2,1,0,2,2,,,,12,0,2,45.9,1,0,1,4,2,1,3,0,0,0,0,SR-9,,-122.23005,48.385536111,0,1,50,10,2,50,80,0,0,1,2,12,2,2,2,1,14,1,1,53,0,72,706,2006,0,0.0,68,12.0,,,,,1,1,22,1,7.0,1.0,4,7,5,0,11,0,04/22/2017,14:27,141053018713.0,18713.0,0.0,0.0,3.0,3.0,1,28,0.0,0.0,0.0,0,,,,,,0,,,,,,98284.0,53,74.0,360.0,6.0,1.0,0.0,0.0,0.0,1.0,0.0,0,,,,,,0,08/15/2014,08/15/2014,20,8,0,0,0.0,9,8,,,0,0.0,0.0,8,0,2.0,1.0,0.0,0.0,1.0,0.0,0.0,2,1,0.0,,,,,,,,,,,,,,,,,,,,,,,,,,,,,,0,0,0,0,0,0,0,0,0,0,0,0,0,0,0,0,0,0,0,0,0,0,0,1,1,0,0,0,1,1,0,0,0,0,1,0.0,0,0,0,0,0,0,0,0,0,0,0,0,0,0,0,0,,,,,,21-25,16-25,State route,U,Saturday,,MC,White,0,0,0,0,State Route,State Patrol,Washington State Patrol Headquarter,0,1,0,0,0,,,,,,,,,,,,,,,,,,,,,,,,,,,,,,,,,,,,,,,,,,,,98274
172,2017,116,E664778,2.0,04/22/2017,14:27,22,4,0.0,57,Skagit,0,2,0.0,1,2,2,1,0,2,2,,,,12,0,2,45.9,1,0,1,4,2,1,3,0,0,0,0,SR-9,,-122.23005,48.385536111,0,2,51,62,4,50,14,0,0,1,5,12,3,2,2,1,14,1,1,53,0,7,402,1998,0,0.0,12,,,,,,1,1,42,1,0.0,0.0,0,0,3,0,11,0,,,,,0.0,0.0,0.0,3.0,1,0,0.0,0.0,0.0,0,,,,,,0,,,,,,98250.0,53,70.0,150.0,6.0,1.0,0.0,0.0,0.0,0.0,0.0,0,,,,,,0,,,20,0,0,0,8.0,9,8,,,0,0.0,0.0,8,0,0.0,0.0,0.0,0.0,0.0,0.0,0.0,0,0,996.0,,,,,,,,,,,,,,,,,,,,,,,,,,,,,,0,0,0,0,0,0,0,0,0,0,0,0,0,0,0,0,0,0,0,0,0,0,0,1,1,0,0,0,1,1,0,0,0,0,0,,0,0,0,0,0,0,0,0,0,0,0,0,0,0,0,0,,,,,,41-45,36-45,State route,U,Saturday,Belt Used,PV,Not Fatal,0,0,0,0,State Route,State Patrol,Washington State Patrol Headquarter,0,1,0,0,0,,,,,,,,,,,,,,,,,,,,,,,,,,,,,,,,,,,,,,,,,,,,98274
173,2017,117,3579208,263.0,04/12/2017,8:01,12,4,0.0,33,King,1960,2,0.0,1,2,1,1,1,3,1,,,,8,0,0,0.0,1,0,1,3,2,4,6,0,0,0,0,BOREN AVE,E SPRUCE ST,-122.319725,47.603525,0,1,13,80,5,30,20,0,0,1,2,8,1,2,4,1,1,3,2,53,0,37,441,2007,0,0.0,8,,,,,,1,1,43,2,0.0,0.0,0,0,3,0,11,0,,,,,0.0,0.0,0.0,3.0,1,0,0.0,0.0,0.0,0,,,,,,0,,,,,,98108.0,53,66.0,220.0,6.0,1.0,0.0,0.0,0.0,0.0,0.0,0,,,,,,0,,,20,0,0,0,8.0,9,8,,,0,0.0,0.0,8,0,0.0,0.0,0.0,0.0,0.0,0.0,0.0,0,0,996.0,,,,,,,,,,,,,,,,,,,,,,,,,,,,,,0,0,0,0,0,0,0,0,0,0,0,0,0,0,0,0,0,0,0,0,0,0,0,0,0,0,0,0,0,1,0,1,0,0,0,,0,0,0,0,0,0,0,0,0,0,0,0,0,0,0,0,,,,,,41-45,36-45,City street,U,Wednesday,Belt Used,PV,Not Fatal,0,0,0,0,City Street,Municipal/City Police,Seattle Police Department,0,0,0,1,0,,,,,,,,,,,,,,,,,,,,,,,,,,,,,,,,,,,,,,,,,,,,98109
174,2017,118,E664738,7.0,04/15/2017,5:09,15,4,0.0,33,King,735,1,0.0,2,2,2,1,0,1,1,,,,43,0,0,145.6,1,0,1,1,2,1,1,0,0,0,0,I-5,,-122.2932694,47.340438889,0,1,6,12,2,60,4,0,0,1,2,25,1,1,5,3,1,1,1,53,0,49,40,1998,0,0.0,64,43.0,25.0,31.0,,,1,1,22,2,7.0,2.0,4,7,20,0,11,0,04/15/2017,5:09,73553018328.0,18328.0,0.0,0.0,3.0,2.0,1,0,0.0,0.0,0.0,96,,,,,,9,,,,,,98465.0,53,61.0,131.0,1.0,1.0,0.0,2.0,2.0,6.0,4.0,0,,,,,,0,08/15/2012,10/15/2014,1,0,0,0,0.0,1,1,,,0,0.0,0.0,1,1,2.0,605.0,0.0,0.0,1.0,0.0,0.0,2,1,0.14,,,,,,,,,,,,,,,,,,,,,,,,,,,,,,0,0,1,0,1,1,1,1,1,0,0,0,0,1,0,0,0,0,0,1,0,0,0,1,1,0,0,0,0,1,0,0,0,1,0,,1,0,0,0,0,1,1,1,0,0,0,1,0,0,0,1,,,,,,21-25,16-25,Interstate,U,Saturday,Not Used,PV,Black,0,1,0,0,State Route,State Patrol,Washington State Patrol Headquarter,1,1,0,0,0,thc,1.1,carboxy-thc,8.3,,,,,,,,,,,,,,,,,,,,,,,,,,,,,,,,,,,,,,,,98003
175,2017,119,E664744,7.0,04/16/2017,3:55,16,4,0.0,33,King,100,1,0.0,3,1,2,1,1,1,1,,,,8,1,0,0.2,5,1,1,2,2,1,3,0,0,0,0,SR-167 RAMP S100227,SR-18,-122.2498222,47.307375,0,1,13,12,2,98,99,0,0,1,5,8,1,1,1,6,1,99,9,99,0,99,999,9999,0,0.0,64,8.0,,,,,1,1,19,1,0.0,0.0,0,0,99,0,11,0,,,,,0.0,0.0,0.0,2.0,1,91,0.0,0.0,0.0,96,,,,,,99,,,,,,98055.0,53,69.0,150.0,1.0,1.0,0.0,0.0,0.0,0.0,0.0,7,79.0,,,,,9,,,99,0,0,0,8.0,9,8,,,0,0.0,0.0,8,9,0.0,0.0,0.0,0.0,0.0,0.0,0.0,0,0,996.0,,,,,,,,,,,,,,,,,,,,,,,,,,,,,,0,0,0,0,0,0,0,0,0,1,1,1,0,1,0,0,0,0,0,0,0,1,1,0,1,0,0,0,0,0,0,1,0,0,0,,0,0,0,0,0,0,0,0,0,0,0,1,0,0,0,0,,,,,,18-20,16-25,State route,U,Sunday,,NR-U,Not Fatal,0,0,0,0,State Route,State Patrol,Washington State Patrol Headquarter,0,1,0,0,0,,,,,,,,,,,,,,,,,,,,,,,,,,,,,,,,,,,,,,,,,,,,98390
176,2017,120,E670177,21.0,04/25/2017,15:11,25,4,0.0,25,Grant,0,1,0.0,1,1,2,1,0,1,1,,,,17,0,0,3.5,1,0,1,7,1,2,4,0,0,0,0,CR-RD 22 NE,,-119.1333806,47.423025,0,1,6,12,2,40,34,0,0,1,2,1,2,3,2,1,14,1,1,53,0,20,481,2007,0,0.0,68,64.0,67.0,17.0,1.0,,1,1,34,1,7.0,1.0,4,7,20,0,11,0,04/25/2017,15:11,53019216.0,19216.0,0.0,0.0,0.0,3.0,1,0,0.0,0.0,0.0,92,,,,,,99,,,,,,98860.0,53,70.0,220.0,6.0,1.0,0.0,0.0,0.0,0.0,1.0,0,,,,,,3,03/15/2013,03/15/2013,1,1,9,0,0.0,9,8,,,0,0.0,0.0,8,9,2.0,1.0,0.0,0.0,1.0,0.0,0.0,2,1,0.0,,,,,,,,,,,,,,,,,,,,,,,,,,,,,,0,0,1,0,0,0,0,0,0,0,0,0,1,0,0,0,1,0,0,0,0,0,0,0,0,0,0,0,0,0,0,0,0,1,0,,0,0,0,0,0,0,0,0,1,1,0,0,0,0,0,0,,,,,,31-35,26-35,County road,R,Tuesday,Not Used,PV,White,0,1,0,0,County Road,County Sheriff,Grant County Sheriff's Office,1,0,1,0,0,,,,,,,,,,,,,,,,,,,,,,,,,,,,,,,,,,,,,,,,,,,,98860
177,2017,121,E667256,5.0,04/25/2017,5:08,25,4,0.0,41,Lewis,0,10,0.0,4,2,2,1,0,3,3,,,,12,1,1,80.2,1,0,1,1,2,1,1,0,0,0,0,I-5,,-122.970175,46.689269444,0,1,25,53,3,60,34,0,0,1,2,25,1,1,2,3,15,1,1,53,0,20,481,2001,0,0.0,12,64.0,25.0,,,,1,1,44,1,0.0,0.0,0,0,99,0,11,0,,,,,0.0,0.0,0.0,3.0,1,0,0.0,0.0,0.0,96,,,,,,99,,,,,,98611.0,53,76.0,220.0,6.0,1.0,0.0,0.0,0.0,0.0,0.0,7,,,,,,0,,,99,0,0,0,8.0,9,8,,,0,0.0,0.0,8,9,0.0,0.0,0.0,0.0,0.0,0.0,0.0,0,0,996.0,,,,,,,,,,,,,,,,,,,,,,,,,,,,,,0,0,0,0,0,0,0,0,0,0,0,0,0,0,0,0,1,0,0,0,0,0,0,0,0,0,0,0,1,0,1,0,0,0,0,,0,0,0,0,0,0,0,0,0,0,0,0,0,0,0,0,,,,,,41-45,36-45,Interstate,U,Tuesday,Unknown,PV,Not Fatal,0,0,0,0,State Route,State Patrol,Washington State Patrol Headquarter,0,1,0,0,0,,,,,,,,,,,,,,,,,,,,,,,,,,,,,,,,,,,,,,,,,,,,
178,2017,121,E667256,5.0,04/25/2017,5:08,25,4,0.0,41,Lewis,0,10,0.0,4,2,2,1,0,3,3,,,,12,0,1,80.2,1,0,1,1,2,1,1,0,0,0,0,I-5,,-122.970175,46.689269444,0,2,24,51,3,60,80,0,0,1,2,12,1,1,2,3,6,1,1,53,0,72,706,2012,0,0.0,12,12.0,,,,,1,1,57,1,7.0,1.0,4,7,5,0,11,0,04/25/2017,5:33,31053019685.0,19685.0,6.0,0.0,0.0,3.0,1,0,0.0,0.0,0.0,96,,,,,,99,,,,,,98532.0,53,74.0,220.0,6.0,1.0,0.0,0.0,0.0,0.0,0.0,0,,,,,,0,,,20,8,0,0,0.0,9,8,,,0,0.0,0.0,8,0,2.0,1.0,0.0,0.0,1.0,0.0,0.0,2,1,0.0,,,,,,,,,,,,,,,,,,,,,,,,,,,,,,0,0,0,0,0,0,0,0,0,0,0,0,0,0,0,0,1,0,0,0,0,0,0,0,0,0,0,0,1,0,1,0,0,0,1,0.0,0,0,0,0,0,0,0,0,0,0,0,0,0,0,0,0,,,,,,56-60,56-65,Interstate,U,Tuesday,,MC,White,0,0,0,0,State Route,State Patrol,Washington State Patrol Headquarter,0,1,0,0,0,,,,,,,,,,,,,,,,,,,,,,,,,,,,,,,,,,,,,,,,,,,,
179,2017,121,E667256,5.0,04/25/2017,5:08,25,4,0.0,41,Lewis,0,10,0.0,4,2,2,1,0,3,3,,,,12,0,1,80.2,1,0,1,1,2,1,1,0,0,0,0,I-5,,-122.970175,46.689269444,0,3,98,61,4,60,66,1,0,1,5,12,1,1,2,3,1,1,3,18,0,82,881,9999,0,0.0,12,,,,,,1,1,64,1,0.0,0.0,0,0,3,0,11,0,,,,,6.0,1.0,3.0,3.0,1,0,0.0,0.0,0.0,93,,,,,,0,,,,,,85053.0,4,72.0,210.0,6.0,1.0,0.0,1.0,0.0,0.0,2.0,0,,,,,,0,07/15/2012,11/15/2016,20,0,0,0,8.0,9,8,,,0,0.0,0.0,8,9,0.0,0.0,0.0,0.0,0.0,0.0,0.0,0,0,996.0,,,,,,,,,,,,,,,,,,,,,,,,,,,,,,0,0,0,0,0,0,0,0,0,0,0,0,0,0,0,0,1,0,0,0,0,0,0,0,0,0,0,0,1,0,1,0,0,0,0,,0,0,0,0,0,0,0,0,1,0,0,0,0,0,0,0,,,,,,61-65,56-65,Interstate,U,Tuesday,,MHTRUCK,Not Fatal,0,0,0,0,State Route,State Patrol,Washington State Patrol Headquarter,0,1,0,0,0,,,,,,,,,,,,,,,,,,,,,,,,,,,,,,,,,,,,,,,,,,,,
180,2017,122,E665546,29.0,04/24/2017,15:24,24,4,0.0,41,Lewis,0,10,0.0,1,2,2,1,0,1,1,,,,35,0,0,6.7,1,0,1,5,1,2,4,0,0,0,0,CR-CENTRALIA ALPHA RD,,-122.8211194,46.659822222,0,1,1,13,2,50,34,0,0,1,2,1,1,1,2,1,1,1,2,53,0,23,481,2004,0,0.0,63,35.0,1.0,,,,1,1,64,1,7.0,1.0,4,7,3,0,11,0,04/24/2017,15:24,53019724.0,19724.0,6.0,0.0,3.0,3.0,1,0,0.0,0.0,0.0,96,,,,,,99,,,,,,98531.0,53,73.0,210.0,6.0,1.0,0.0,1.0,1.0,0.0,0.0,0,,,,,,0,09/15/2013,09/15/2013,20,0,0,0,0.0,9,8,,,0,0.0,0.0,8,9,2.0,605.0,0.0,0.0,1.0,0.0,0.0,2,1,0.0,,,,,,,,,,,,,,,,,,,,,,,,,,,,,,0,0,1,0,0,0,1,1,1,0,0,0,0,0,0,0,0,0,0,0,0,0,0,0,0,0,0,0,0,0,0,0,0,0,0,,0,0,0,0,0,0,1,1,0,0,0,0,0,0,1,0,,,,,,61-65,56-65,County road,R,Monday,Belt Used,PV,White,0,1,0,0,County Road,County Sheriff,Lewis County Sheriff's Office,1,0,1,0,0,thc,1.2,carboxy-thc,6.2,,,,,,,,,,,,,,,,,,,,,,,,,,,,,,,,,,,,,,,,98532
181,2017,123,E666024,226.0,04/10/2017,23:33,10,4,0.0,1,Adams,1630,1,0.0,3,1,2,1,0,1,3,,,,14,0,0,0.0,1,0,1,4,2,4,6,0,0,0,0,BROADWAY AVE,,-119.1755056,46.835302778,0,1,1,13,2,35,80,0,0,1,2,14,1,1,3,5,1,1,1,53,0,73,705,2006,0,0.0,63,14.0,14.0,,,,1,1,23,1,1.0,1.0,4,7,16,0,11,0,04/10/2017,23:33,163053016971.0,16971.0,0.0,0.0,0.0,3.0,1,0,0.0,0.0,0.0,96,,,,,,99,,,,,,99344.0,53,65.0,160.0,6.0,1.0,0.0,1.0,0.0,1.0,0.0,0,,,,,,4,04/15/2013,04/15/2015,20,8,0,0,0.0,9,8,,,0,0.0,0.0,8,9,0.0,0.0,0.0,0.0,0.0,0.0,0.0,0,0,996.0,,,,,,,,,,,,,,,,,,,,,,,,,,,,,,0,0,1,0,0,0,0,0,0,0,0,0,1,0,0,0,0,0,0,0,0,0,0,1,1,0,0,0,1,1,0,0,0,0,1,1.0,0,0,0,0,0,0,0,0,0,1,0,0,0,0,0,0,,,,,,21-25,16-25,City street,U,Monday,,MC,Hispanic,0,1,0,0,City Street,Municipal/City Police,Othello Police Department,1,0,0,1,0,,,,,,,,,,,,,,,,,,,,,,,,,,,,,,,,,,,,,,,,,,,,
182,2017,124,E667720,4.0,04/29/2017,21:40,29,4,0.0,63,Spokane,0,10,0.0,2,1,2,1,1,2,1,,,,8,0,0,304.1,1,0,1,3,1,1,2,0,0,0,0,US-2,,-117.3495861,47.999275,0,1,13,80,5,60,34,0,0,1,2,8,1,2,3,1,1,2,1,53,0,20,481,1995,0,0.0,8,,,,,,1,1,32,1,0.0,0.0,0,0,3,0,11,0,,,,,0.0,0.0,0.0,3.0,1,0,0.0,0.0,0.0,0,,,,,,0,,,,,,99208.0,53,74.0,185.0,6.0,1.0,0.0,0.0,0.0,0.0,0.0,0,,,,,,0,,,20,0,0,0,8.0,9,8,,,0,0.0,0.0,8,0,0.0,0.0,0.0,0.0,0.0,0.0,0.0,0,0,996.0,,,,,,,,,,,,,,,,,,,,,,,,,,,,,,0,0,0,0,0,0,0,0,0,1,1,1,0,0,0,0,0,0,0,0,0,0,0,0,0,0,0,0,0,0,0,1,0,0,0,,0,0,0,0,0,0,0,0,0,0,0,0,0,0,0,0,,,,,,31-35,26-35,US highway,R,Saturday,Belt Used,PV,Not Fatal,0,0,0,0,State Route,State Patrol,Washington State Patrol Headquarter,0,1,0,0,0,,,,,,,,,,,,,,,,,,,,,,,,,,,,,,,,,,,,,,,,,,,,99003
183,2017,125,E664546,25.0,04/19/2017,15:41,19,4,0.0,33,King,1958,10,0.0,1,1,2,1,0,9,2,,,,42,0,0,15.4,1,0,1,3,2,1,3,0,0,0,0,SR-99,,-122.2961694,47.445136111,0,1,6,62,4,40,4,0,0,1,2,12,1,1,2,1,1,6,1,53,0,63,34,2016,0,0.0,64,42.0,12.0,,,,1,1,82,1,0.0,0.0,2,0,99,0,11,8,,,,,0.0,0.0,0.0,3.0,1,0,0.0,0.0,0.0,96,,,,,,0,,,,,,98168.0,53,63.0,125.0,6.0,1.0,0.0,0.0,0.0,0.0,0.0,0,,,,,,0,,,1,0,0,0,8.0,9,8,,,0,0.0,0.0,8,0,0.0,0.0,0.0,0.0,0.0,0.0,0.0,0,0,996.0,,,,,,,,,,,,,,,,,,,,,,,,,,,,,,0,0,1,0,0,0,0,0,0,0,0,0,0,0,0,0,0,0,0,0,0,0,0,0,0,1,1,1,0,1,0,0,0,0,0,,0,0,0,0,0,0,0,0,0,0,0,0,0,0,0,0,,,,,,81+,76+,State route,U,Wednesday,Unknown,PV,Not Fatal,0,1,0,0,State Route,County Sheriff,King County Police,1,1,0,0,0,,,,,,,,,,,,,,,,,,,,,,,,,,,,,,,,,,,,,,,,,,,,98188
184,2017,125,E664546,25.0,04/19/2017,15:41,19,4,0.0,33,King,1958,10,0.0,1,1,2,1,0,9,2,,,,42,0,0,15.4,1,0,1,3,2,1,3,0,0,0,0,SR-99,,-122.2961694,47.445136111,0,2,98,62,4,40,20,0,0,1,5,12,1,1,2,1,1,3,1,53,0,37,441,2010,0,0.0,12,,,,,,1,1,46,2,0.0,0.0,2,0,99,0,11,8,,,,,0.0,0.0,0.0,3.0,1,0,0.0,0.0,0.0,0,,,,,,0,,,,,,98188.0,53,63.0,140.0,6.0,1.0,0.0,0.0,0.0,1.0,0.0,0,,,,,,0,12/15/2012,12/15/2012,1,0,0,0,8.0,9,8,,,0,0.0,0.0,8,0,0.0,0.0,0.0,0.0,0.0,0.0,0.0,0,0,996.0,,,,,,,,,,,,,,,,,,,,,,,,,,,,,,0,0,1,0,0,0,0,0,0,0,0,0,0,0,0,0,0,0,0,0,0,0,0,0,0,1,1,1,0,1,0,0,0,0,0,,0,0,0,0,0,0,0,0,0,0,0,0,0,0,0,0,,,,,,46-50,46-55,State route,U,Wednesday,Unknown,PV,Not Fatal,0,1,0,0,State Route,County Sheriff,King County Police,1,1,0,0,0,,,,,,,,,,,,,,,,,,,,,,,,,,,,,,,,,,,,,,,,,,,,98188
185,2017,126,3789307,263.0,04/25/2017,5:56,25,4,0.0,33,King,1960,1,0.0,1,1,2,1,1,1,1,,,,8,0,0,0.0,3,0,7,4,2,4,6,0,0,2,3,WESTERN AVE,LENORA ST,-122.3447444,47.611172222,0,1,13,80,5,25,34,0,0,1,2,8,1,1,2,1,11,1,1,53,0,12,481,2007,0,0.0,8,,,,,,1,1,55,1,0.0,0.0,0,0,3,0,11,0,,,,,0.0,0.0,0.0,3.0,1,38,0.0,0.0,0.0,93,,,,,,0,,,,,,98258.0,53,72.0,245.0,6.0,1.0,0.0,2.0,0.0,1.0,0.0,97,,,,,,0,05/15/2012,12/15/2014,20,0,0,0,8.0,3,8,,,0,0.0,0.0,8,1,0.0,0.0,0.0,0.0,0.0,0.0,0.0,0,0,996.0,,,,,,,,,,,,,,,,,,,,,,,,,,,,,,0,0,0,1,1,0,0,0,0,1,0,1,0,0,0,0,1,0,1,0,0,0,0,0,0,0,0,0,0,0,0,1,0,0,0,,0,0,0,0,0,0,0,0,1,0,1,0,0,0,0,1,,,,,,51-55,46-55,City street,U,Tuesday,Belt Used,PV,Not Fatal,1,0,0,0,City Street,Municipal/City Police,Seattle Police Department,0,0,0,1,0,,,,,,,,,,,,,,,,,,,,,,,,,,,,,,,,,,,,,,,,,,,,98121
186,2017,127,E666917,1.0,04/24/2017,7:50,24,4,0.0,3,Asotin,0,2,0.0,1,2,2,1,0,3,2,,,,12,0,6,21.9,1,0,1,4,1,1,3,0,0,0,0,SR-129,,-117.0774417,46.188913889,0,1,72,15,2,55,90,0,0,1,5,12,1,1,2,1,11,2,0,0,0,98,734,2010,0,0.0,12,12.0,1.0,,,,1,1,35,1,7.0,1.0,4,0,17,0,11,8,04/27/2017,18:44,96016004726.0,,6.0,0.0,0.0,1.0,1,38,0.0,0.0,0.0,93,,,,,,0,,,,,,99403.0,53,75.0,230.0,6.0,1.0,0.0,0.0,0.0,0.0,0.0,0,,,,,,0,,,20,1,9,0,0.0,9,8,,,0,0.0,0.0,8,0,0.0,0.0,0.0,0.0,0.0,0.0,0.0,0,0,996.0,,,,,,,,,,,,,,,,,,,,,,,,,,,,,,0,0,0,0,0,0,0,0,0,0,0,0,0,0,0,0,1,0,1,0,0,0,0,0,0,0,0,0,0,0,0,0,0,0,0,,0,0,0,0,0,0,0,0,1,0,1,0,0,0,0,0,,,,,,31-35,26-35,State route,R,Monday,,OTHVT,White,0,0,0,0,State Route,State Patrol,Washington State Patrol Headquarter,0,1,0,0,0,,,,,,,,,,,,,,,,,,,,,,,,,,,,,,,,,,,,,,,,,,,,99402
187,2017,127,E666917,1.0,04/24/2017,7:50,24,4,0.0,3,Asotin,0,2,0.0,1,2,2,1,0,3,2,,,,12,0,6,21.9,1,0,1,4,1,1,3,0,0,0,0,SR-129,,-117.0774417,46.188913889,0,2,73,60,4,55,34,0,0,1,2,1,1,1,2,1,6,1,1,41,0,7,482,2005,0,0.0,12,64.0,69.0,1.0,12.0,,1,1,26,1,0.0,0.0,2,0,3,0,11,0,,,,,0.0,0.0,0.0,3.0,1,58,0.0,0.0,0.0,96,,,,,,0,,,,,,97885.0,41,74.0,210.0,6.0,1.0,0.0,1.0,0.0,0.0,1.0,0,,,,,,0,07/15/2012,10/15/2013,20,0,0,0,8.0,9,8,,,0,0.0,0.0,8,0,0.0,0.0,0.0,0.0,0.0,0.0,0.0,0,0,996.0,,,,,,,,,,,,,,,,,,,,,,,,,,,,,,0,0,0,0,0,0,0,0,0,0,0,0,0,0,0,0,1,0,1,0,0,0,0,0,0,0,0,0,0,0,0,0,0,0,0,,0,0,0,0,0,0,0,0,0,0,0,0,0,0,0,0,,,,,,26-30,26-35,State route,R,Monday,Belt Used,PV,Not Fatal,0,0,0,0,State Route,State Patrol,Washington State Patrol Headquarter,0,1,0,0,0,,,,,,,,,,,,,,,,,,,,,,,,,,,,,,,,,,,,,,,,,,,,99402