,year,case,par,repjur,crash_dt,crash_tm,accday,accmon,holiday,county,co_char,city,weather,weather2,lightcond,surfcond,surftype,numfatal,nmforms,pforms,vforms,not_tm,arr_tm,hosp_tm,fhevent,hitrun,manncol,milepnt,reljunc,reljuncinter,intersectiontype,funcsystem,landuse,ownership,route,schlbus,spejur,contdev,devfunc,trafid1,trafid2,x,y,wk_zone,vnumber,crashtype,criticalevent,criticaleventcat,spdlim,body,trailer,emerg,hazcargo,leave,mhevent,roadalgn,roadprof,traflane,trafflow,vehmanvr,numoccs,regowner,regstate,spuse,make,model,modelyr,vrf1,vrf2,seqevent1,seqevent2,seqevent3,seqevent4,seqevent5,seqevent6,pnumber,ptype,age,sex,hispanic,race,injury,diedscene,restraint,restraintmisuse,seatpos,takehosp,death_dt,death_tm,cert,cernum_wa,commlic,licendor,licrestrict,liccomp,drivpres,drf1,drf2,drf3,drf4,distract1,distract2,distract3,distract4,distract5,distract6,dricond1,dricond2,dricond3,dricond4,dricond5,dricond6,dzip,licstate,drhgt_in,weight,noncdl,noncdltype,prevdwi,prevoth,prevacc,prevspd,prevsus,driviol1,driviol2,driviol3,driviol4,driviol5,driviol6,spdrel,first_dt,last_dt,airbag,ejection,ejectpath,extricat,injurwrk,methalc,methdrug,nmlocat,strikveh,prf1,prf2,prf3,druginv,alcinvol,drugsts,drugres1,drugres2,drugres3,drugtst1,drugtst2,drugtst3,alcsts,alctst,alcres,nmact1,nmact2,nmact3,nmact4,nmact5,nmact6,nmprior1,nmprior2,nmprior3,nmprior4,nmprior5,nmprior6,nmcond1,nmcond2,nmcond3,nmcond4,nmcond5,nmcond6,nmsafe_helmet,nmsafe_pads,nmsafe_oth,nmprev_ref,nmprev_lgt,nmprev_oth,crashlocation,nmcrashtype,crosswalk,schoolzone,sidewalk,train_inv,wildlife_inv,rotr_fars,intersect_fars,dd_inv,aid_inv,dpd_inv,id_inv,mj_inv,impnm_inv,ainm_inv,dpnm_inv,speed_inv,unlic_inv,unendmc_inv,drowsy_inv,drdist_inv,nmdist_inv,fty_inv,unrestfat_inv,dr1617_inv,dr1820_inv,dr1620_inv,dr2125_inv,dr1625_inv,dr65_inv,dr70_inv,dr75_inv,mc_inv,pv_inv,ht_inv,ped_inv,bike_inv,unrest_fat,mc_fat,unhelmet_mc,pv_fat,ht_fat,ped_fat,bike_fat,dr_alc7,dr_alc8,dr_drug,dr_imp,dr_dist,dr_spd,dr_fty,dr_unlic,dr_alc7only,dr_alc8only,dr_drugonly,dr_drink,nm_imp,nm_alc7,nm_alc8,nm_drug,nm_dist,agegrp1,agegrp2,roadclass,urbrur,dayweek,restuse,vehtype,race_me,intersect,lanedep,oppdir,wrongway,rep_typ,investag,repag_long,rotr,st_rd,cty_rd,city_rd,oth_rd,drug_thc,thc_res,drug_cthc,cthc_res,drug_cann,prevpersemin,prevperse,prevsusoth,drugtst4,drugtst5,drugtst6,drugtst7,drugtst8,drugres4,drugres5,drugres6,drugres7,drugres8,adspresent,adsengaged,adslevel,race1,race2,race3,race4,race5,helmet,helmetmisuse,nmdistract1,nmdistract2,nmdistract3,nmdistract4,nmdistract5,nmdistract6,lab,isedtcase,crf1,crf2,crf3,CoRoadName,CoMP,IntCoRoadName,IntCoMP,zipcode
188,2017,128,E667292,5.0,04/21/2017,11:11,21,4,0.0,11,Clark,1860,1,0.0,1,1,2,1,0,2,2,11:11,11:16,11:50,12,0,1,13.2,1,0,1,1,1,1,1,0,0,0,0,I-5,,-122.6785417,45.800352778,0,1,24,52,3,60,15,0,0,1,2,12,1,1,3,3,1,1,1,53,0,2,422,2017,0,0.0,12,,,,,,1,1,69,1,0.0,0.0,0,0,3,0,11,0,,,,,0.0,0.0,3.0,3.0,1,0,0.0,0.0,0.0,9,,,,,,0,,,,,,98642.0,53,67.0,170.0,6.0,1.0,0.0,0.0,0.0,0.0,0.0,97,,,,,,0,,,20,0,0,0,8.0,9,8,,,0,0.0,0.0,8,0,0.0,0.0,0.0,0.0,0.0,0.0,0.0,0,0,996.0,,,,,,,,,,,,,,,,,,,,,,,,,,,,,,0,0,0,0,0,0,0,0,0,0,0,0,0,0,0,0,1,0,0,0,0,0,0,0,0,1,0,0,1,1,0,0,0,0,0,,0,0,0,0,0,0,0,0,1,0,0,0,0,0,0,0,,,,,,66-70,66-75,Interstate,R,Friday,Belt Used,PV,Not Fatal,0,0,0,0,State Route,State Patrol,Washington State Patrol Headquarter,0,1,0,0,0,,,,,,,,,,,,,,,,,,,,,,,,,,,,,,,,,,,,,,,,,,,,98642
189,2017,128,E667292,5.0,04/21/2017,11:11,21,4,0.0,11,Clark,1860,1,0.0,1,1,2,1,0,2,2,11:11,11:16,11:50,12,0,1,13.2,1,0,1,1,1,1,1,0,0,0,0,I-5,,-122.6785417,45.800352778,0,2,25,53,3,60,80,0,0,1,2,12,1,1,3,3,2,1,1,41,0,72,706,2014,0,0.0,12,,,,,,1,1,67,1,7.0,1.0,4,0,16,0,11,4,04/21/2017,12:29,237053019231.0,19231.0,0.0,0.0,0.0,3.0,1,0,0.0,0.0,0.0,0,,,,,,0,,,,,,97013.0,41,69.0,250.0,6.0,1.0,0.0,0.0,0.0,0.0,0.0,0,,,,,,0,,,20,8,0,0,0.0,9,8,,,0,0.0,0.0,8,0,2.0,1.0,0.0,0.0,1.0,0.0,0.0,2,1,0.0,,,,,,,,,,,,,,,,,,,,,,,,,,,,,,0,0,0,0,0,0,0,0,0,0,0,0,0,0,0,0,1,0,0,0,0,0,0,0,0,1,0,0,1,1,0,0,0,0,1,1.0,0,0,0,0,0,0,0,0,0,0,0,0,0,0,0,0,,,,,,66-70,66-75,Interstate,R,Friday,,MC,White,0,0,0,0,State Route,State Patrol,Washington State Patrol Headquarter,0,1,0,0,0,,,,,,,,,,,,,,,,,,,,,,,,,,,,,,,,,,,,,,,,,,,,98642
190,2017,129,E667400,28.0,04/29/2017,12:40,29,4,0.0,39,Klickitat,0,1,0.0,1,1,2,1,0,4,3,12:45,13:03,13:57,12,0,6,17.5,1,0,1,5,1,2,4,0,0,0,0,CR-GLENWOOD HWY,,-121.0570667,45.912922222,0,1,64,10,2,50,80,0,0,1,2,12,2,2,2,1,14,1,2,53,0,72,706,2000,0,0.0,68,12.0,12.0,,,,1,1,50,1,7.0,1.0,4,7,16,0,11,0,04/29/2017,12:40,53020405.0,20405.0,0.0,0.0,0.0,2.0,1,28,0.0,0.0,0.0,12,,,,,,99,,,,,,99337.0,53,72.0,200.0,6.0,1.0,0.0,0.0,0.0,0.0,0.0,0,,,,,,0,,,20,8,0,0,0.0,9,8,,,0,0.0,0.0,8,9,0.0,0.0,0.0,0.0,0.0,0.0,0.0,0,0,996.0,,,,,,,,,,,,,,,,,,,,,,,,,,,,,,0,0,0,0,0,0,0,0,0,0,0,0,0,0,1,0,1,0,0,0,0,0,0,1,1,0,0,0,1,1,0,0,0,0,1,1.0,0,0,0,0,0,0,0,0,1,0,0,0,0,0,0,0,,,,,,46-50,46-55,County road,R,Saturday,,MC,White,0,1,1,0,County Road,County Sheriff,Klickitat County Sheriff's Office,0,0,1,0,0,,,,,,,,,,,,,,,,,,,,,,,,,,,,,,,,,,,,,,,,,,,,
191,2017,129,E667400,28.0,04/29/2017,12:40,29,4,0.0,39,Klickitat,0,1,0.0,1,1,2,1,0,4,3,12:45,13:03,13:57,12,0,6,17.5,1,0,1,5,1,2,4,0,0,0,0,CR-GLENWOOD HWY,,-121.0570667,45.912922222,0,2,65,62,4,50,4,0,0,1,2,12,3,2,2,1,14,1,1,53,0,12,17,2010,0,0.0,12,,,,,,1,1,57,1,0.0,0.0,0,0,3,0,11,0,,,,,0.0,0.0,3.0,3.0,1,0,0.0,0.0,0.0,0,,,,,,0,,,,,,98619.0,53,74.0,205.0,6.0,1.0,0.0,0.0,0.0,0.0,0.0,0,,,,,,0,,,20,0,0,0,8.0,9,8,,,0,0.0,0.0,8,0,0.0,0.0,0.0,0.0,0.0,0.0,0.0,0,0,996.0,,,,,,,,,,,,,,,,,,,,,,,,,,,,,,0,0,0,0,0,0,0,0,0,0,0,0,0,0,1,0,1,0,0,0,0,0,0,1,1,0,0,0,1,1,0,0,0,0,0,,0,0,0,0,0,0,0,0,0,0,0,0,0,0,0,0,,,,,,56-60,56-65,County road,R,Saturday,Belt Used,PV,Not Fatal,0,1,1,0,County Road,County Sheriff,Klickitat County Sheriff's Office,0,0,1,0,0,,,,,,,,,,,,,,,,,,,,,,,,,,,,,,,,,,,,,,,,,,,,
192,2017,129,E667400,28.0,04/29/2017,12:40,29,4,0.0,39,Klickitat,0,1,0.0,1,1,2,1,0,4,3,12:45,13:03,13:57,12,0,6,17.5,1,0,1,5,1,2,4,0,0,0,0,CR-GLENWOOD HWY,,-121.0570667,45.912922222,0,3,98,62,4,50,4,0,0,1,2,12,3,2,2,1,14,2,2,53,0,55,35,1997,0,0.0,12,,,,,,1,1,23,2,0.0,0.0,0,0,3,0,11,0,,,,,0.0,0.0,0.0,3.0,1,0,0.0,0.0,0.0,0,,,,,,0,,,,,,98620.0,53,61.0,190.0,6.0,1.0,0.0,0.0,0.0,0.0,0.0,0,,,,,,0,,,8,0,0,0,8.0,9,8,,,0,0.0,0.0,8,0,0.0,0.0,0.0,0.0,0.0,0.0,0.0,0,0,996.0,,,,,,,,,,,,,,,,,,,,,,,,,,,,,,0,0,0,0,0,0,0,0,0,0,0,0,0,0,1,0,1,0,0,0,0,0,0,1,1,0,0,0,1,1,0,0,0,0,0,,0,0,0,0,0,0,0,0,0,0,0,0,0,0,0,0,,,,,,21-25,16-25,County road,R,Saturday,Belt Used,PV,Not Fatal,0,1,1,0,County Road,County Sheriff,Klickitat County Sheriff's Office,0,0,1,0,0,,,,,,,,,,,,,,,,,,,,,,,,,,,,,,,,,,,,,,,,,,,,
193,2017,130,3743459,160.0,04/22/2017,20:59,22,4,0.0,33,King,1030,10,0.0,3,2,2,1,1,1,1,,,,8,0,0,11.3,1,0,1,3,2,1,3,0,0,0,0,SR-99,,-122.2965944,47.386,0,1,13,80,5,45,14,0,0,1,5,8,1,1,3,3,1,1,1,53,0,62,401,2003,0,0.0,8,,,,,,1,1,60,1,0.0,0.0,0,0,3,0,11,0,,,,,0.0,0.0,0.0,3.0,1,0,0.0,0.0,0.0,0,,,,,,0,,,,,,98003.0,53,72.0,185.0,6.0,1.0,0.0,4.0,1.0,7.0,6.0,0,,,,,,0,10/15/2012,01/15/2017,20,0,0,0,8.0,3,2,,,0,0.0,0.0,0,0,0.0,0.0,0.0,0.0,0.0,0.0,0.0,0,0,996.0,,,,,,,,,,,,,,,,,,,,,,,,,,,,,,0,0,0,0,0,0,0,0,0,1,1,1,0,0,0,0,0,0,0,0,0,0,0,0,0,0,0,0,0,1,0,1,0,0,0,,0,0,0,0,0,0,0,0,0,0,0,0,0,0,0,0,,,,,,56-60,56-65,State route,U,Saturday,Belt Used,PV,Not Fatal,0,0,0,0,State Route,Municipal/City Police,Kent Police Department,0,1,0,0,0,,,,,,,,,,,,,,,,,,,,,,,,,,,,,,,,,,,,,,,,,,,,98089
194,2017,131,E668849,8.0,04/26/2017,0:50,26,4,0.0,35,Kitsap,0,10,0.0,3,2,2,1,0,1,1,,,,43,0,0,4.0,1,0,1,3,2,1,3,0,0,0,0,SR-303,,-122.6289083,47.623561111,0,1,5,13,2,40,20,0,0,1,2,1,1,2,4,3,1,1,1,53,0,7,442,2001,0,0.0,63,43.0,69.0,63.0,1.0,,1,1,37,2,7.0,2.0,4,7,3,0,11,0,04/26/2017,0:50,53021124.0,21124.0,0.0,0.0,0.0,3.0,1,0,0.0,0.0,0.0,96,,,,,,9,,,,,,98311.0,53,65.0,205.0,6.0,1.0,0.0,1.0,1.0,0.0,0.0,0,,,,,,0,03/15/2014,03/15/2014,1,0,0,0,0.0,1,8,,,0,0.0,0.0,8,1,2.0,1.0,0.0,0.0,1.0,0.0,0.0,2,1,0.21,,,,,,,,,,,,,,,,,,,,,,,,,,,,,,0,0,1,0,1,1,0,1,0,0,0,0,0,0,0,0,0,0,0,0,0,0,0,0,0,0,0,0,0,1,0,0,0,0,0,,1,0,0,0,0,1,0,1,0,0,0,0,0,1,0,1,,,,,,36-40,36-45,State route,U,Wednesday,Belt Used,PV,Black,0,1,0,0,State Route,State Patrol,Washington State Patrol Headquarter,1,1,0,0,0,,,,,,,,,,,,,,,,,,,,,,,,,,,,,,,,,,,,,,,,,,,,98311
195,2017,132,3759251,38.0,04/21/2017,2:59,21,4,0.0,59,Skamania,0,10,0.0,2,2,2,1,0,1,1,,,,42,0,0,7.5,1,0,1,5,1,2,4,0,0,0,0,CR-COOK UNDERWOOD RD,,-121.618725,45.729330556,0,1,7,10,2,50,6,0,0,1,2,42,2,1,2,1,14,1,2,41,0,48,34,1998,0,0.0,68,64.0,42.0,,,,1,1,26,1,7.0,1.0,4,7,99,0,11,0,04/21/2017,3:21,53018779.0,18779.0,0.0,0.0,0.0,3.0,1,0,0.0,0.0,0.0,96,,,,,,9,,,,,,98605.0,53,69.0,140.0,6.0,1.0,0.0,2.0,1.0,0.0,0.0,0,,,,,,3,06/15/2013,04/15/2015,1,2,8,0,0.0,9,8,,,0,0.0,0.0,8,1,2.0,605.0,0.0,0.0,1.0,0.0,0.0,2,1,0.18,,,,,,,,,,,,,,,,,,,,,,,,,,,,,,0,0,0,0,1,1,1,1,1,0,0,0,1,0,0,0,0,0,0,0,0,0,0,0,0,0,0,0,0,1,0,0,0,0,0,,1,0,0,0,0,1,1,1,0,1,0,0,0,0,0,1,,,,,,26-30,26-35,County road,R,Friday,Unknown,PV,White,0,1,0,0,County Road,County Sheriff,Skamania County Sheriff's Office,1,0,1,0,0,thc,1.7,carboxy-thc,12.0,,,,,,,,,,,,,,,,,,,,,,,,,,,,,,,,,,,,,,,,98651
196,2017,133,3123056,180.0,04/01/2017,10:23,1,4,0.0,15,Cowlitz,1190,10,0.0,1,1,2,1,0,5,2,10:23,10:27,10:41,12,0,6,7.4,8,0,1,3,2,1,3,0,0,0,0,SR-411,,-122.9275139,46.120527778,0,1,78,10,2,15,34,0,0,1,2,12,2,5,2,1,10,1,1,53,0,20,471,2003,0,0.0,12,,,,,,1,1,82,1,7.0,1.0,4,0,3,0,11,5,04/02/2017,5:05,119053015753.0,15753.0,0.0,0.0,3.0,3.0,1,38,48.0,0.0,0.0,96,,,,,,0,,,,,,98632.0,53,72.0,149.0,6.0,1.0,0.0,0.0,0.0,0.0,0.0,0,,,,,,0,,,99,0,0,0,0.0,9,8,,,0,0.0,0.0,8,0,2.0,1.0,0.0,0.0,1.0,0.0,0.0,2,1,0.0,,,,,,,,,,,,,,,,,,,,,,,,,,,,,,0,0,0,0,0,0,0,0,0,0,0,0,0,0,0,0,0,0,1,0,0,0,0,0,0,1,1,1,0,0,1,0,0,0,0,,0,0,0,0,0,0,0,0,0,0,1,0,0,0,0,0,,,,,,81+,76+,State route,U,Saturday,Belt Used,PV,White,0,0,0,0,State Route,Municipal/City Police,Longview Police Department,0,1,0,0,0,,,,,,,,,,,,,,,,,,,,,,,,,,,,,,,,,,,,,,,,,,,,98632
197,2017,133,3123056,180.0,04/01/2017,10:23,1,4,0.0,15,Cowlitz,1190,10,0.0,1,1,2,1,0,5,2,10:23,10:27,10:41,12,0,6,7.4,8,0,1,3,2,1,3,0,0,0,0,SR-411,,-122.9275139,46.120527778,0,2,79,60,4,35,67,0,0,1,2,12,8,8,4,1,1,4,1,53,0,12,880,2006,0,0.0,12,,,,,,1,1,29,1,0.0,0.0,2,0,3,0,11,0,,,,,0.0,0.0,0.0,3.0,1,0,0.0,0.0,0.0,0,,,,,,0,,,,,,98604.0,53,82.0,245.0,6.0,1.0,0.0,0.0,0.0,0.0,0.0,0,,,,,,0,,,20,0,0,0,8.0,3,2,,,0,0.0,0.0,0,0,0.0,0.0,0.0,0.0,0.0,0.0,0.0,0,0,996.0,,,,,,,,,,,,,,,,,,,,,,,,,,,,,,0,0,0,0,0,0,0,0,0,0,0,0,0,0,0,0,0,0,1,0,0,0,0,0,0,1,1,1,0,0,1,0,0,0,0,,0,0,0,0,0,0,0,0,0,0,0,0,0,0,0,0,,,,,,26-30,26-35,State route,U,Saturday,Belt Used,MHTRUCK,Not Fatal,0,0,0,0,State Route,Municipal/City Police,Longview Police Department,0,1,0,0,0,,,,,,,,,,,,,,,,,,,,,,,,,,,,,,,,,,,,,,,,,,,,98632
198,2017,134,E668067,42.0,05/02/2017,6:04,2,5,0.0,67,Thurston,0,2,0.0,4,2,2,1,0,2,2,,,,12,0,6,12.9,1,0,1,5,1,2,4,0,0,0,0,CR-OLD HIGHWAY 99,,-122.8443306,46.872455556,0,1,64,10,2,50,71,0,0,1,2,12,1,2,2,1,1,1,3,53,0,12,881,1998,0,0.0,68,12.0,,,,,1,1,31,1,0.0,0.0,1,0,3,0,11,8,,,,,6.0,1.0,0.0,3.0,1,0,0.0,0.0,0.0,96,,,,,,0,,,,,,98512.0,53,73.0,208.0,6.0,1.0,0.0,2.0,1.0,0.0,0.0,0,,,,,,0,10/15/2015,02/15/2017,20,0,0,0,8.0,9,8,,,0,0.0,0.0,8,0,0.0,0.0,0.0,0.0,0.0,0.0,0.0,0,0,996.0,,,,,,,,,,,,,,,,,,,,,,,,,,,,,,0,0,0,0,0,0,0,0,0,0,0,0,0,0,0,0,0,0,0,0,0,0,0,0,0,0,0,0,0,1,1,0,0,0,0,,0,0,0,0,0,0,0,0,0,0,0,0,0,0,0,0,,,,,,31-35,26-35,County road,R,Tuesday,,MHTRUCK,Not Fatal,0,1,1,0,County Road,County Sheriff,Thurston County Sheriff's Office,0,0,1,0,0,,,,,,,,,,,,,,,,,,,,,,,,,,,,,,,,,,,,,,,,,,,,98589
199,2017,134,E668067,42.0,05/02/2017,6:04,2,5,0.0,67,Thurston,0,2,0.0,4,2,2,1,0,2,2,,,,12,0,6,12.9,1,0,1,5,1,2,4,0,0,0,0,CR-OLD HIGHWAY 99,,-122.8443306,46.872455556,0,2,65,54,3,50,4,0,0,1,2,12,1,2,2,1,1,1,1,53,0,49,32,2014,0,0.0,12,,,,,,1,1,60,1,7.0,1.0,4,7,3,0,11,0,05/02/2017,6:25,53020662.0,20662.0,0.0,0.0,3.0,3.0,1,0,0.0,0.0,0.0,0,,,,,,99,,,,,,98589.0,53,67.0,180.0,6.0,1.0,0.0,0.0,0.0,0.0,0.0,0,,,,,,0,,,8,0,0,0,0.0,9,8,,,0,0.0,0.0,8,9,2.0,1.0,0.0,0.0,1.0,0.0,0.0,2,1,0.0,,,,,,,,,,,,,,,,,,,,,,,,,,,,,,0,0,0,0,0,0,0,0,0,0,0,0,0,0,0,0,0,0,0,0,0,0,0,0,0,0,0,0,0,1,1,0,0,0,0,,1,0,0,0,0,0,0,0,0,0,0,0,0,0,0,0,,,,,,56-60,56-65,County road,R,Tuesday,Belt Used,PV,White,0,1,1,0,County Road,County Sheriff,Thurston County Sheriff's Office,0,0,1,0,0,,,,,,,,,,,,,,,,,,,,,,,,,,,,,,,,,,,,,,,,,,,,98589
200,2017,135,E669124,4.0,05/05/2017,7:39,5,5,0.0,1,Adams,0,10,0.0,1,2,2,1,0,2,2,7:37,7:50,,12,0,6,73.8,1,0,1,5,1,1,3,0,0,0,0,SR-24,,-119.1877556,46.738066667,0,1,98,54,3,60,2,0,0,1,2,12,1,2,3,1,12,1,1,53,0,12,3,1997,0,0.0,12,,,,,,1,1,58,2,7.0,1.0,4,7,3,0,11,0,05/05/2017,7:48,53020782.0,20782.0,0.0,0.0,3.0,3.0,1,38,48.0,0.0,0.0,99,,,,,,99,,,,,,99344.0,53,69.0,140.0,6.0,1.0,0.0,0.0,0.0,0.0,0.0,0,,,,,,0,,,8,0,0,0,0.0,9,8,,,0,0.0,0.0,8,9,2.0,367.0,996.0,0.0,1.0,1.0,0.0,2,1,0.0,,,,,,,,,,,,,,,,,,,,,,,,,,,,,,0,0,0,0,0,0,1,1,0,0,0,0,0,0,0,0,0,0,1,0,0,0,0,0,0,0,0,0,0,1,0,0,0,0,0,,1,0,0,0,0,0,1,1,0,0,1,0,0,0,1,0,,,,,,56-60,56-65,State route,R,Friday,Belt Used,PV,White,0,0,0,0,State Route,State Patrol,Washington State Patrol Headquarter,0,1,0,0,0,,,,,,,,,,,,,,,,,,,,,,,,,,,,,,,,,,,,,,,,,,,,99344
201,2017,135,E669124,4.0,05/05/2017,7:39,5,5,0.0,1,Adams,0,10,0.0,1,2,2,1,0,2,2,7:37,7:50,,12,0,6,73.8,1,0,1,5,1,1,3,0,0,0,0,SR-24,,-119.1877556,46.738066667,0,2,98,54,3,60,34,0,0,1,2,12,1,2,3,1,1,1,2,53,0,12,481,1997,0,0.0,12,,,,,,1,1,28,1,0.0,0.0,0,0,3,0,11,0,,,,,0.0,0.0,0.0,3.0,1,0,0.0,0.0,0.0,0,,,,,,0,,,,,,99344.0,53,68.0,190.0,6.0,1.0,0.0,0.0,0.0,0.0,0.0,0,,,,,,0,,,20,0,0,0,8.0,9,8,,,0,0.0,0.0,8,0,0.0,0.0,0.0,0.0,0.0,0.0,0.0,0,0,996.0,,,,,,,,,,,,,,,,,,,,,,,,,,,,,,0,0,0,0,0,0,1,1,0,0,0,0,0,0,0,0,0,0,1,0,0,0,0,0,0,0,0,0,0,1,0,0,0,0,0,,0,0,0,0,0,0,0,0,0,0,0,0,0,0,0,0,,,,,,26-30,26-35,State route,R,Friday,Belt Used,PV,Not Fatal,0,0,0,0,State Route,State Patrol,Washington State Patrol Headquarter,0,1,0,0,0,,,,,,,,,,,,,,,,,,,,,,,,,,,,,,,,,,,,,,,,,,,,99344
202,2017,136,E668467,7.0,04/08/2017,7:23,8,4,0.0,33,King,0,10,0.0,1,1,1,1,0,1,1,,,,52,0,0,31.6,1,0,1,1,2,1,1,0,0,0,0,I-90,,-121.7475111,47.473233333,0,1,6,11,2,70,34,0,0,1,2,1,1,1,3,3,1,1,1,4,0,7,482,2016,0,0.0,64,52.0,1.0,42.0,,,1,1,73,1,7.0,1.0,4,7,3,0,11,0,04/08/2017,7:23,150053016997.0,16997.0,0.0,0.0,3.0,3.0,1,0,0.0,0.0,0.0,96,,,,,,99,,,,,,85730.0,4,76.0,210.0,6.0,1.0,0.0,0.0,0.0,0.0,0.0,0,,,,,,3,,,8,0,0,0,0.0,9,8,,,0,0.0,0.0,8,9,2.0,1.0,0.0,0.0,1.0,0.0,0.0,2,1,0.0,,,,,,,,,,,,,,,,,,,,,,,,,,,,,,0,0,1,0,0,0,0,0,0,0,0,0,1,0,0,0,0,0,0,0,0,0,0,0,0,1,1,0,0,0,0,0,0,0,0,,0,0,0,0,0,0,0,0,0,1,0,0,0,0,0,0,,,,,,71-75,66-75,Interstate,U,Saturday,Belt Used,PV,White,0,1,0,0,State Route,State Patrol,Washington State Patrol Headquarter,1,1,0,0,0,,,,,,,,,,,,,,,,,,,,,,,,,,,,,,,,,,,,,,,,,,,,98045
203,2017,137,E671342,1.0,05/05/2017,21:50,5,5,0.0,77,Yakima,0,1,0.0,2,1,2,1,1,1,1,21:57,22:03,,8,0,0,72.9,1,0,1,3,2,1,2,0,3,0,0,US-97,,-120.4645944,46.500269444,0,1,13,80,5,55,66,1,0,1,5,8,1,1,4,2,1,1,3,53,0,51,881,2016,0,0.0,8,,,,,,1,1,55,1,0.0,0.0,0,0,3,0,11,0,,,,,6.0,1.0,0.0,3.0,1,0,0.0,0.0,0.0,0,,,,,,0,,,,,,98682.0,53,67.0,205.0,6.0,1.0,0.0,0.0,0.0,0.0,0.0,0,,,,,,0,,,20,0,0,0,8.0,9,2,,,0,0.0,0.0,0,0,2.0,1.0,0.0,0.0,1.0,0.0,0.0,2,1,0.0,,,,,,,,,,,,,,,,,,,,,,,,,,,,,,0,0,0,0,0,0,0,0,0,1,1,0,0,0,0,0,0,1,0,0,0,0,0,0,0,0,0,0,0,0,1,1,0,0,0,,0,0,0,0,0,0,0,0,0,0,0,0,0,0,0,0,,,,,,51-55,46-55,US highway,U,Friday,,MHTRUCK,Not Fatal,0,0,0,0,State Route,State Patrol,Washington State Patrol Headquarter,0,1,0,0,0,,,,,,,,,,,,,,,,,,,,,,,,,,,,,,,,,,,,,,,,,,,,98939
204,2017,138,E670168,4.0,05/05/2017,15:29,5,5,0.0,51,Pend Oreille,0,2,0.0,1,2,2,1,0,5,2,15:41,16:02,16:25,12,0,6,321.1,1,0,1,3,1,1,2,0,0,0,0,US-2,,-117.130175,48.147830556,0,1,98,52,3,60,4,0,0,1,2,12,1,2,2,1,1,4,1,53,0,37,32,1994,0,0.0,68,12.0,64.0,53.0,,,1,1,18,1,0.0,0.0,2,0,3,0,11,5,,,,,0.0,0.0,3.0,3.0,1,28,0.0,0.0,0.0,93,,,,,,0,,,,,,99156.0,53,67.0,132.0,6.0,1.0,0.0,1.0,1.0,1.0,1.0,69,,,,,,0,07/15/2012,03/15/2017,1,0,0,0,8.0,9,8,,,0,0.0,0.0,8,0,2.0,1.0,0.0,0.0,1.0,0.0,0.0,2,1,0.0,,,,,,,,,,,,,,,,,,,,,,,,,,,,,,0,0,0,0,0,0,0,0,0,0,0,0,0,0,0,0,1,0,0,1,0,1,1,0,1,0,0,0,0,1,1,0,0,0,0,,0,0,0,0,0,0,0,0,1,0,0,0,0,0,0,0,,,,,,18-20,16-25,US highway,R,Friday,Belt Used,PV,Not Fatal,0,1,1,0,State Route,State Patrol,Washington State Patrol Headquarter,0,1,0,0,0,,,,,,,,,,,,,,,,,,,,,,,,,,,,,,,,,,,,,,,,,,,,99156
205,2017,138,E670168,4.0,05/05/2017,15:29,5,5,0.0,51,Pend Oreille,0,2,0.0,1,2,2,1,0,5,2,15:41,16:02,16:25,12,0,6,321.1,1,0,1,3,1,1,2,0,0,0,0,US-2,,-117.130175,48.147830556,0,2,98,62,4,60,63,1,0,1,2,12,1,2,2,1,1,1,1,53,0,85,881,2007,0,0.0,12,,,,,,1,1,45,1,0.0,0.0,0,0,3,0,11,0,,,,,6.0,1.0,0.0,3.0,1,0,0.0,0.0,0.0,0,,,,,,0,,,,,,99181.0,53,75.0,235.0,6.0,1.0,0.0,1.0,0.0,2.0,0.0,0,,,,,,0,07/15/2012,03/15/2017,20,0,0,0,8.0,9,8,,,0,0.0,0.0,8,0,0.0,0.0,0.0,0.0,0.0,0.0,0.0,0,0,996.0,,,,,,,,,,,,,,,,,,,,,,,,,,,,,,0,0,0,0,0,0,0,0,0,0,0,0,0,0,0,0,1,0,0,1,0,1,1,0,1,0,0,0,0,1,1,0,0,0,0,,0,0,0,0,0,0,0,0,0,0,0,0,0,0,0,0,,,,,,41-45,36-45,US highway,R,Friday,,MHTRUCK,Not Fatal,0,1,1,0,State Route,State Patrol,Washington State Patrol Headquarter,0,1,0,0,0,,,,,,,,,,,,,,,,,,,,,,,,,,,,,,,,,,,,,,,,,,,,99156
206,2017,139,E669280,2.0,05/05/2017,22:07,5,5,0.0,57,Skagit,0,10,0.0,2,2,2,1,0,3,2,22:09,22:17,22:40,12,0,2,1.6,1,0,1,4,2,1,3,0,0,0,0,SR-536,,-122.3990806,48.442822222,0,1,50,10,2,45,34,0,0,1,2,12,1,1,2,1,1,1,1,53,0,12,471,1999,0,0.0,68,12.0,,,,,1,1,30,1,0.0,0.0,3,0,3,0,11,4,,,,,0.0,0.0,3.0,3.0,1,28,0.0,0.0,0.0,96,,,,,,9,,,,,,98284.0,53,72.0,220.0,6.0,1.0,1.0,1.0,0.0,0.0,9.0,97,,,,,,0,10/15/2012,03/15/2015,20,0,0,0,8.0,9,8,,,0,0.0,0.0,8,1,2.0,695.0,0.0,0.0,1.0,0.0,0.0,2,1,0.25,,,,,,,,,,,,,,,,,,,,,,,,,,,,,,0,0,0,0,1,1,1,1,1,0,0,0,0,0,0,0,0,0,0,1,0,0,0,1,1,0,0,0,0,1,0,0,0,0,0,,0,0,0,0,0,1,1,1,0,0,0,0,0,0,0,1,,,,,,26-30,26-35,State route,U,Friday,Belt Used,PV,Not Fatal,0,1,1,0,State Route,State Patrol,Washington State Patrol Headquarter,0,1,0,0,0,,,carboxy-thc,888.0,,,,,,,,,,,,,,,,,,,,,,,,,,,,,,,,,,,,,,,,98273