,year,case,par,repjur,crash_dt,crash_tm,accday,accmon,holiday,county,co_char,city,weather,weather2,lightcond,surfcond,surftype,numfatal,nmforms,pforms,vforms,not_tm,arr_tm,hosp_tm,fhevent,hitrun,manncol,milepnt,reljunc,reljuncinter,intersectiontype,funcsystem,landuse,ownership,route,schlbus,spejur,contdev,devfunc,trafid1,trafid2,x,y,wk_zone,vnumber,crashtype,criticalevent,criticaleventcat,spdlim,body,trailer,emerg,hazcargo,leave,mhevent,roadalgn,roadprof,traflane,trafflow,vehmanvr,numoccs,regowner,regstate,spuse,make,model,modelyr,vrf1,vrf2,seqevent1,seqevent2,seqevent3,seqevent4,seqevent5,seqevent6,pnumber,ptype,age,sex,hispanic,race,injury,diedscene,restraint,restraintmisuse,seatpos,takehosp,death_dt,death_tm,cert,cernum_wa,commlic,licendor,licrestrict,liccomp,drivpres,drf1,drf2,drf3,drf4,distract1,distract2,distract3,distract4,distract5,distract6,dricond1,dricond2,dricond3,dricond4,dricond5,dricond6,dzip,licstate,drhgt_in,weight,noncdl,noncdltype,prevdwi,prevoth,prevacc,prevspd,prevsus,driviol1,driviol2,driviol3,driviol4,driviol5,driviol6,spdrel,first_dt,last_dt,airbag,ejection,ejectpath,extricat,injurwrk,methalc,methdrug,nmlocat,strikveh,prf1,prf2,prf3,druginv,alcinvol,drugsts,drugres1,drugres2,drugres3,drugtst1,drugtst2,drugtst3,alcsts,alctst,alcres,nmact1,nmact2,nmact3,nmact4,nmact5,nmact6,nmprior1,nmprior2,nmprior3,nmprior4,nmprior5,nmprior6,nmcond1,nmcond2,nmcond3,nmcond4,nmcond5,nmcond6,nmsafe_helmet,nmsafe_pads,nmsafe_oth,nmprev_ref,nmprev_lgt,nmprev_oth,crashlocation,nmcrashtype,crosswalk,schoolzone,sidewalk,train_inv,wildlife_inv,rotr_fars,intersect_fars,dd_inv,aid_inv,dpd_inv,id_inv,mj_inv,impnm_inv,ainm_inv,dpnm_inv,speed_inv,unlic_inv,unendmc_inv,drowsy_inv,drdist_inv,nmdist_inv,fty_inv,unrestfat_inv,dr1617_inv,dr1820_inv,dr1620_inv,dr2125_inv,dr1625_inv,dr65_inv,dr70_inv,dr75_inv,mc_inv,pv_inv,ht_inv,ped_inv,bike_inv,unrest_fat,mc_fat,unhelmet_mc,pv_fat,ht_fat,ped_fat,bike_fat,dr_alc7,dr_alc8,dr_drug,dr_imp,dr_dist,dr_spd,dr_fty,dr_unlic,dr_alc7only,dr_alc8only,dr_drugonly,dr_drink,nm_imp,nm_alc7,nm_alc8,nm_drug,nm_dist,agegrp1,agegrp2,roadclass,urbrur,dayweek,restuse,vehtype,race_me,intersect,lanedep,oppdir,wrongway,rep_typ,investag,repag_long,rotr,st_rd,cty_rd,city_rd,oth_rd,drug_thc,thc_res,drug_cthc,cthc_res,drug_cann,prevpersemin,prevperse,prevsusoth,drugtst4,drugtst5,drugtst6,drugtst7,drugtst8,drugres4,drugres5,drugres6,drugres7,drugres8,adspresent,adsengaged,adslevel,race1,race2,race3,race4,race5,helmet,helmetmisuse,nmdistract1,nmdistract2,nmdistract3,nmdistract4,nmdistract5,nmdistract6,lab,isedtcase,crf1,crf2,crf3,CoRoadName,CoMP,IntCoRoadName,IntCoMP,zipcode
225,2017,153,E680077,8.0,05/15/2017,8:42,15,5,0.0,45,Mason,0,10,0.0,1,2,2,1,0,4,3,8:46,9:24,10:06,12,0,1,7.4,1,0,1,3,1,1,3,0,0,0,0,SR-3,,-123.0280528,47.257569444,0,2,25,53,3,50,34,0,0,1,2,12,1,2,2,1,1,1,2,53,0,35,481,2009,0,0.0,12,,,,,,1,1,34,2,0.0,0.0,1,0,3,0,11,8,,,,,0.0,0.0,0.0,3.0,1,0,0.0,0.0,0.0,0,,,,,,0,,,,,,98407.0,53,66.0,135.0,6.0,1.0,0.0,0.0,1.0,0.0,0.0,0,,,,,,0,01/15/2015,01/15/2015,20,0,0,0,8.0,9,8,,,0,0.0,0.0,8,0,0.0,0.0,0.0,0.0,0.0,0.0,0.0,0,0,996.0,,,,,,,,,,,,,,,,,,,,,,,,,,,,,,0,0,0,0,0,0,1,1,0,0,0,0,0,0,0,0,1,0,0,0,0,0,0,0,0,0,0,0,0,0,0,0,0,0,0,,0,0,0,0,0,0,0,0,0,0,0,0,0,0,0,0,,,,,,31-35,26-35,State route,R,Monday,Belt Used,PV,Not Fatal,0,0,0,0,State Route,State Patrol,Washington State Patrol Headquarter,0,1,0,0,0,,,,,,,,,,,,,,,,,,,,,,,,,,,,,,,,,,,,,,,,,,,,98584
226,2017,153,E680077,8.0,05/15/2017,8:42,15,5,0.0,45,Mason,0,10,0.0,1,2,2,1,0,4,3,8:46,9:24,10:06,12,0,1,7.4,1,0,1,3,1,1,3,0,0,0,0,SR-3,,-123.0280528,47.257569444,0,3,98,54,3,50,34,0,0,1,2,12,1,2,2,1,1,1,1,53,0,20,481,2000,0,0.0,12,,,,,,1,1,37,1,0.0,0.0,3,0,3,0,11,8,,,,,0.0,0.0,1.0,3.0,1,0,0.0,0.0,0.0,0,,,,,,0,,,,,,98584.0,53,63.0,130.0,6.0,1.0,0.0,1.0,1.0,2.0,0.0,0,,,,,,0,02/15/2016,10/15/2016,3,0,0,0,8.0,9,8,,,0,0.0,0.0,8,0,0.0,0.0,0.0,0.0,0.0,0.0,0.0,0,0,996.0,,,,,,,,,,,,,,,,,,,,,,,,,,,,,,0,0,0,0,0,0,1,1,0,0,0,0,0,0,0,0,1,0,0,0,0,0,0,0,0,0,0,0,0,0,0,0,0,0,0,,0,0,0,0,0,0,0,0,0,0,0,0,0,0,0,0,,,,,,36-40,36-45,State route,R,Monday,Belt Used,PV,Not Fatal,0,0,0,0,State Route,State Patrol,Washington State Patrol Headquarter,0,1,0,0,0,,,,,,,,,,,,,,,,,,,,,,,,,,,,,,,,,,,,,,,,,,,,98584
227,2017,154,E674423,4.0,05/15/2017,13:55,15,5,0.0,1,Adams,0,1,0.0,1,1,2,1,0,1,1,13:55,14:06,,30,0,0,15.5,1,0,1,2,1,1,3,0,0,0,0,SR-17,,-119.1329417,46.871158333,0,1,6,12,2,60,66,2,0,1,2,2,1,1,2,1,1,1,2,53,0,84,881,2010,0,0.0,68,64.0,62.0,30.0,38.0,42.0,1,1,58,1,4.0,1.0,4,7,99,0,11,0,05/15/2017,13:57,53023192.0,23192.0,6.0,1.0,0.0,3.0,1,0,0.0,0.0,0.0,92,,,,,,99,,,,,,98846.0,53,74.0,190.0,6.0,1.0,0.0,2.0,3.0,2.0,0.0,0,,,,,,0,04/15/2014,11/15/2016,99,0,0,0,9.0,9,8,,,0,0.0,0.0,8,9,2.0,1.0,0.0,0.0,1.0,0.0,0.0,2,1,0.0,,,,,,,,,,,,,,,,,,,,,,,,,,,,,,0,0,1,0,0,0,0,0,0,0,0,0,0,0,0,0,1,0,0,0,0,0,0,0,0,0,0,0,0,0,1,0,0,0,0,,0,1,0,0,0,0,0,0,1,0,0,0,0,0,0,0,,,,,,56-60,56-65,State route,R,Monday,,MHTRUCK,Hispanic,0,1,0,0,State Route,State Patrol,Washington State Patrol Headquarter,1,1,0,0,0,,,,,,,,,,,,,,,,,,,,,,,,,,,,,,,,,,,,,,,,,,,,99344
228,2017,155,E680840,7.0,05/15/2017,18:59,15,5,0.0,33,King,1640,1,0.0,1,2,2,1,0,4,4,,,,12,0,1,0.3,20,0,1,3,2,1,3,0,0,3,3,SR-167 RAMP R101262,,-122.2598056,47.273238889,0,1,28,52,3,98,66,1,0,1,2,12,1,2,1,6,1,1,1,53,0,82,881,2001,0,0.0,12,64.0,59.0,,,,1,1,62,1,0.0,0.0,0,0,3,0,11,0,,,,,6.0,1.0,0.0,3.0,1,0,0.0,0.0,0.0,93,,,,,,99,,,,,,98661.0,53,67.0,170.0,6.0,1.0,0.0,1.0,0.0,0.0,0.0,23,,,,,,4,09/15/2016,09/15/2016,20,0,0,0,8.0,9,2,,,0,0.0,0.0,0,9,2.0,1.0,0.0,0.0,1.0,0.0,0.0,2,1,0.0,,,,,,,,,,,,,,,,,,,,,,,,,,,,,,0,0,0,0,0,0,1,1,1,0,0,0,1,1,0,0,1,0,0,0,0,0,0,0,0,0,0,0,0,1,1,0,0,0,0,,0,0,0,0,0,0,0,0,1,1,0,0,0,0,0,0,,,,,,61-65,56-65,State route,U,Monday,,MHTRUCK,Not Fatal,1,0,0,0,State Route,State Patrol,Washington State Patrol Headquarter,0,1,0,0,0,,,,,,,,,,,,,,,,,,,,,,,,,,,,,,,,,,,,,,,,,,,,98047
229,2017,155,E680840,7.0,05/15/2017,18:59,15,5,0.0,33,King,1640,1,0.0,1,2,2,1,0,4,4,,,,12,0,1,0.3,20,0,1,3,2,1,3,0,0,0,0,SR-167 RAMP R101262,,-122.2598056,47.273238889,0,2,29,53,3,98,5,0,0,1,2,12,1,2,1,6,2,1,2,53,0,20,28,2013,0,0.0,12,12.0,12.0,,,,1,1,33,1,7.0,1.0,4,7,3,0,11,0,05/15/2017,18:59,164053022965.0,22965.0,0.0,0.0,0.0,3.0,1,0,0.0,0.0,0.0,0,,,,,,9,,,,,,98391.0,53,69.0,148.0,6.0,1.0,0.0,1.0,1.0,6.0,4.0,0,,,,,,0,09/15/2013,06/15/2015,1,0,0,0,0.0,9,1,,,0,0.0,0.0,1,9,2.0,605.0,0.0,0.0,1.0,0.0,0.0,2,10,0.0,,,,,,,,,,,,,,,,,,,,,,,,,,,,,,0,0,0,0,0,0,1,1,1,0,0,0,1,1,0,0,1,0,0,0,0,0,0,0,0,0,0,0,0,1,1,0,0,0,0,,1,0,0,0,0,0,1,1,0,0,0,0,0,0,1,0,,,,,,31-35,26-35,State route,U,Monday,Belt Used,PV,White,1,0,0,0,State Route,State Patrol,Washington State Patrol Headquarter,0,1,0,0,0,thc,5.0,carboxy-thc,16.0,,,,,,,,,,,,,,,,,,,,,,,,,,,,,,,,,,,,,,,,98047
230,2017,155,E680840,7.0,05/15/2017,18:59,15,5,0.0,33,King,1640,1,0.0,1,2,2,1,0,4,4,,,,12,0,1,0.3,20,0,1,3,2,1,3,0,0,0,0,SR-167 RAMP R101262,,-122.2598056,47.273238889,0,3,98,98,7,98,2,0,0,1,2,12,1,2,1,6,2,1,2,53,0,30,398,1998,0,0.0,12,,,,,,1,1,26,2,0.0,0.0,1,0,3,0,11,0,,,,,0.0,0.0,0.0,2.0,1,0,0.0,0.0,0.0,0,,,,,,0,,,,,,98031.0,53,62.0,130.0,1.0,1.0,0.0,0.0,0.0,0.0,2.0,0,,,,,,0,10/15/2015,05/15/2016,20,0,0,0,8.0,9,8,,,0,0.0,0.0,8,0,0.0,0.0,0.0,0.0,0.0,0.0,0.0,0,0,996.0,,,,,,,,,,,,,,,,,,,,,,,,,,,,,,0,0,0,0,0,0,1,1,1,0,0,0,1,1,0,0,1,0,0,0,0,0,0,0,0,0,0,0,0,1,1,0,0,0,0,,0,0,0,0,0,0,0,0,0,0,0,1,0,0,0,0,,,,,,26-30,26-35,State route,U,Monday,Belt Used,PV,Not Fatal,1,0,0,0,State Route,State Patrol,Washington State Patrol Headquarter,0,1,0,0,0,,,,,,,,,,,,,,,,,,,,,,,,,,,,,,,,,,,,,,,,,,,,98047
231,2017,155,E680840,7.0,05/15/2017,18:59,15,5,0.0,33,King,1640,1,0.0,1,2,2,1,0,4,4,,,,12,0,1,0.3,20,0,1,3,2,1,3,0,0,1,3,SR-167 RAMP R101262,,-122.2598056,47.273238889,0,4,98,53,3,98,3,0,0,1,2,12,1,2,1,6,5,1,5,53,0,36,38,2017,0,0.0,12,,,,,,1,1,34,1,0.0,0.0,0,0,3,0,11,0,,,,,0.0,0.0,0.0,3.0,1,0,0.0,0.0,0.0,0,,,,,,0,,,,,,98007.0,53,71.0,200.0,6.0,1.0,0.0,0.0,0.0,0.0,0.0,0,,,,,,0,,,20,0,0,0,8.0,9,8,,,0,0.0,0.0,8,0,0.0,0.0,0.0,0.0,0.0,0.0,0.0,0,0,996.0,,,,,,,,,,,,,,,,,,,,,,,,,,,,,,0,0,0,0,0,0,1,1,1,0,0,0,1,1,0,0,1,0,0,0,0,0,0,0,0,0,0,0,0,1,1,0,0,0,0,,0,0,0,0,0,0,0,0,0,0,0,0,0,0,0,0,,,,,,31-35,26-35,State route,U,Monday,Belt Used,PV,Not Fatal,1,0,0,0,State Route,State Patrol,Washington State Patrol Headquarter,0,1,0,0,0,,,,,,,,,,,,,,,,,,,,,,,,,,,,,,,,,,,,,,,,,,,,98047
232,2017,156,E673343,6.0,05/21/2017,12:01,21,5,0.0,25,Grant,0,1,0.0,1,1,2,1,0,1,1,,,,57,0,0,159.4,1,0,1,1,1,1,1,0,0,0,0,I-90,,-119.4849333,47.104144444,0,1,98,9,1,70,34,0,0,1,2,1,1,1,2,3,1,1,1,53,0,7,482,2004,0,0.0,64,57.0,31.0,57.0,69.0,68.0,1,1,77,1,7.0,1.0,4,7,3,0,11,0,05/21/2017,12:01,53023219.0,23219.0,0.0,0.0,0.0,3.0,1,0,0.0,0.0,0.0,92,,,,,,99,,,,,,98382.0,53,75.0,275.0,6.0,1.0,0.0,1.0,0.0,0.0,0.0,0,,,,,,0,09/15/2014,09/15/2014,20,0,0,0,0.0,9,8,,,0,0.0,0.0,8,9,2.0,1.0,0.0,0.0,1.0,0.0,0.0,2,1,0.0,,,,,,,,,,,,,,,,,,,,,,,,,,,,,,0,0,0,0,0,0,0,0,0,0,0,0,0,0,0,0,1,0,0,0,0,0,0,0,0,1,1,1,0,0,0,0,0,0,0,,0,0,0,0,0,0,0,0,1,0,0,0,0,0,0,0,,,,,,76-80,76+,Interstate,R,Sunday,Belt Used,PV,White,0,1,0,0,State Route,State Patrol,Washington State Patrol Headquarter,1,1,0,0,0,,,,,,,,,,,,,,,,,,,,,,,,,,,,,,,,,,,,,,,,,,,,98824
233,2017,157,E672155,2.0,05/14/2017,10:30,14,5,0.0,73,Whatcom,0,1,0.0,1,1,2,3,0,4,3,10:25,10:38,,12,0,8,15.6,1,0,1,4,1,1,3,0,0,0,0,SR-542,,-122.1883472,48.822311111,0,1,64,10,2,55,16,0,0,1,2,12,3,1,2,1,14,1,1,53,0,20,431,1994,0,0.0,68,12.0,12.0,,,,1,1,71,1,7.0,1.0,4,0,3,0,11,4,05/16/2017,15:38,11053022727.0,22727.0,0.0,0.0,0.0,3.0,1,28,91.0,0.0,0.0,92,,,,,,9,,,,,,98266.0,53,70.0,135.0,6.0,1.0,0.0,1.0,1.0,1.0,2.0,1,,,,,,0,07/15/2012,03/15/2014,20,0,0,0,0.0,9,1,,,0,0.0,0.0,1,9,2.0,167.0,605.0,695.0,1.0,1.0,1.0,0,0,996.0,,,,,,,,,,,,,,,,,,,,,,,,,,,,,,0,0,0,0,0,0,1,1,1,0,0,0,0,0,0,0,1,0,0,0,0,0,0,1,1,1,1,0,0,1,0,0,0,0,0,,1,0,0,0,0,0,1,1,1,0,0,0,0,0,0,0,,,,,,71-75,66-75,State route,R,Sunday,Belt Used,PV,White,0,1,1,0,State Route,State Patrol,Washington State Patrol Headquarter,0,1,0,0,0,,,,,,,,,,,,,,,,,,,,,,,,,,,,,,,,,,,,,,,,,,,,
234,2017,157,E672155,2.0,05/14/2017,10:30,14,5,0.0,73,Whatcom,0,1,0.0,1,1,2,3,0,4,3,10:25,10:38,,12,0,8,15.6,1,0,1,4,1,1,3,0,0,0,0,SR-542,,-122.1883472,48.822311111,0,2,65,62,4,55,4,0,0,1,2,1,2,1,2,1,14,1,2,53,0,49,51,2012,0,0.0,12,63.0,1.0,,,,1,1,24,2,0.0,0.0,2,0,3,0,11,8,,,,,0.0,0.0,3.0,3.0,1,0,0.0,0.0,0.0,0,,,,,,0,,,,,,98225.0,53,65.0,260.0,6.0,1.0,0.0,0.0,0.0,0.0,0.0,0,,,,,,0,,,8,0,0,0,8.0,9,8,,,0,0.0,0.0,8,0,0.0,0.0,0.0,0.0,0.0,0.0,0.0,0,0,996.0,,,,,,,,,,,,,,,,,,,,,,,,,,,,,,0,0,0,0,0,0,1,1,1,0,0,0,0,0,0,0,1,0,0,0,0,0,0,1,1,1,1,0,0,1,0,0,0,0,0,,0,0,0,0,0,0,0,0,0,0,0,0,0,0,0,0,,,,,,21-25,16-25,State route,R,Sunday,Belt Used,PV,Not Fatal,0,1,1,0,State Route,State Patrol,Washington State Patrol Headquarter,0,1,0,0,0,,,,,,,,,,,,,,,,,,,,,,,,,,,,,,,,,,,,,,,,,,,,
235,2017,157,E672155,2.0,05/14/2017,10:30,14,5,0.0,73,Whatcom,0,1,0.0,1,1,2,3,0,4,3,10:25,10:38,,12,0,8,15.6,1,0,1,4,1,1,3,0,0,0,0,SR-542,,-122.1883472,48.822311111,0,3,98,62,4,55,6,0,0,1,2,12,2,1,2,1,14,2,2,53,0,48,34,1998,0,0.0,12,,,,,,1,1,25,1,7.0,1.0,4,7,3,0,11,0,05/14/2017,10:30,53022543.0,22543.0,0.0,0.0,0.0,3.0,1,0,0.0,0.0,0.0,0,,,,,,0,,,,,,98248.0,53,72.0,180.0,6.0,1.0,0.0,0.0,0.0,2.0,0.0,0,,,,,,0,06/15/2012,01/15/2014,1,0,0,0,0.0,9,8,,,0,0.0,0.0,8,0,2.0,605.0,0.0,0.0,1.0,0.0,0.0,2,1,0.0,,,,,,,,,,,,,,,,,,,,,,,,,,,,,,0,0,0,0,0,0,1,1,1,0,0,0,0,0,0,0,1,0,0,0,0,0,0,1,1,1,1,0,0,1,0,0,0,0,0,,1,0,0,0,0,0,1,1,0,0,0,0,0,0,1,0,,,,,,21-25,16-25,State route,R,Sunday,Belt Used,PV,White,0,1,1,0,State Route,State Patrol,Washington State Patrol Headquarter,0,1,0,0,0,thc,2.7,carboxy-thc,36.0,,,,,,,,,,,,,,,,,,,,,,,,,,,,,,,,,,,,,,,,
236,2017,158,E673372,40.0,05/22/2017,8:35,22,5,0.0,63,Spokane,0,1,0.0,1,1,2,1,1,1,1,9:05,9:25,,9,0,0,1.0,1,0,1,5,1,2,4,0,0,0,0,CR-DISHMAN MICA,,-117.2471389,47.607019444,0,1,13,13,2,45,20,0,0,1,5,9,1,1,2,1,1,1,2,53,0,6,441,2002,0,0.0,63,9.0,,,,,1,1,23,1,0.0,0.0,0,0,3,0,11,0,,,,,0.0,0.0,0.0,3.0,1,0,0.0,0.0,0.0,0,,,,,,2,,,,,,99023.0,53,72.0,187.0,6.0,1.0,0.0,1.0,0.0,0.0,0.0,97,,,,,,0,05/15/2012,05/15/2012,20,0,0,0,8.0,9,8,,,0,0.0,0.0,8,0,0.0,0.0,0.0,0.0,0.0,0.0,0.0,0,0,996.0,,,,,,,,,,,,,,,,,,,,,,,,,,,,,,0,0,0,0,0,0,0,0,0,0,0,0,0,0,0,1,0,0,0,0,0,0,0,1,1,0,0,0,0,1,0,0,1,0,0,,0,0,0,0,0,0,0,0,0,0,0,0,0,0,0,0,,,,,,21-25,16-25,County road,R,Monday,Belt Used,PV,Not Fatal,0,0,0,0,County Road,County Sheriff,Spokane County Sheriff's Office,0,0,1,0,0,,,,,,,,,,,,,,,,,,,,,,,,,,,,,,,,,,,,,,,,,,,,99206
237,2017,159,E673801,14.0,05/22/2017,21:00,22,5,0.0,11,Clark,0,1,0.0,5,1,2,1,0,1,1,21:00,21:06,,38,0,0,13.5,3,0,3,4,1,1,3,0,0,20,3,SR-503,NE ROCK CREEK RD,-122.5219472,45.85685,0,1,14,14,2,50,80,0,0,1,5,38,8,8,2,1,99,1,1,53,0,72,706,2017,0,0.0,71,38.0,,,,,1,1,54,1,7.0,1.0,4,7,29,0,11,0,05/22/2017,21:00,53023393.0,23393.0,0.0,0.0,0.0,3.0,1,0,0.0,0.0,0.0,92,,,,,,99,,,,,,98564.0,53,72.0,200.0,6.0,1.0,0.0,0.0,0.0,1.0,0.0,0,,,,,,0,09/15/2016,09/15/2016,20,8,0,0,0.0,9,8,,,0,0.0,0.0,8,9,2.0,1.0,0.0,0.0,1.0,0.0,0.0,2,1,0.2,,,,,,,,,,,,,,,,,,,,,,,,,,,,,,0,0,0,1,1,1,0,1,0,0,0,0,0,0,0,0,1,0,0,0,0,0,0,0,0,0,0,0,1,0,0,0,0,0,1,0.0,0,0,0,0,0,1,0,1,1,0,0,0,0,1,0,1,,,,,,51-55,46-55,State route,R,Monday,,MC,White,1,0,0,0,State Route,County Sheriff,Clark County Sheriff's Office,0,1,0,0,0,,,,,,,,,,,,,,,,,,,,,,,,,,,,,,,,,,,,,,,,,,,,98604
238,2017,160,E674040,35.0,05/23/2017,16:08,23,5,0.0,53,Pierce,0,1,0.0,1,1,2,1,0,4,3,16:08,16:27,17:23,12,1,1,0.6,1,0,1,5,1,2,4,0,0,0,0,CR-WRIGHT BLISS RD KPN,,-122.7642917,47.377641667,0,1,24,51,3,40,4,0,0,1,2,12,1,2,2,1,1,1,1,53,0,35,43,2012,0,0.0,12,68.0,12.0,,,,1,1,49,1,0.0,0.0,0,0,99,0,11,0,,,,,0.0,0.0,3.0,3.0,1,0,0.0,0.0,0.0,96,,,,,,9,,,,,,98329.0,53,71.0,200.0,6.0,1.0,0.0,0.0,0.0,1.0,0.0,97,,,,,,3,08/15/2016,08/15/2016,99,0,0,0,8.0,1,8,,,0,0.0,0.0,8,1,2.0,695.0,0.0,0.0,1.0,0.0,0.0,2,1,0.086,,,,,,,,,,,,,,,,,,,,,,,,,,,,,,0,0,0,0,1,1,1,1,1,0,0,0,1,1,0,0,0,0,0,0,0,0,0,0,0,1,0,0,0,1,0,0,0,0,0,,0,0,0,0,0,1,1,1,0,1,0,0,0,0,0,1,,,,,,46-50,46-55,County road,R,Tuesday,Unknown,PV,Not Fatal,0,0,0,0,County Road,County Sheriff,Law Enforcement Support Agency,0,0,1,0,0,,,carboxy-thc,14.0,,,,,,,,,,,,,,,,,,,,,,,,,,,,,,,,,,,,,,,,98329
239,2017,160,E674040,35.0,05/23/2017,16:08,23,5,0.0,53,Pierce,0,1,0.0,1,1,2,1,0,4,3,16:08,16:27,17:23,12,0,1,0.6,1,0,1,5,1,2,4,0,0,0,0,CR-WRIGHT BLISS RD KPN,,-122.7642917,47.377641667,0,2,25,53,3,40,95,0,0,1,2,12,1,2,2,1,1,2,0,53,0,98,998,9999,0,0.0,12,,,,,,1,1,65,1,7.0,1.0,4,7,20,0,11,0,05/23/2017,16:08,80053024604.0,24604.0,0.0,0.0,0.0,0.0,1,0,0.0,0.0,0.0,0,,,,,,9,,,,,,98329.0,53,70.0,200.0,0.0,0.0,0.0,0.0,0.0,0.0,0.0,0,,,,,,0,,,20,1,9,0,0.0,1,8,,,0,0.0,0.0,8,1,2.0,605.0,0.0,0.0,1.0,0.0,0.0,2,1,0.031,,,,,,,,,,,,,,,,,,,,,,,,,,,,,,0,0,0,0,1,1,1,1,1,0,0,0,1,1,0,0,0,0,0,0,0,0,0,0,0,1,0,0,0,1,0,0,0,0,0,,0,0,0,0,1,0,1,1,0,0,0,1,0,0,0,1,,,,,,61-65,56-65,County road,R,Tuesday,,OTHVT,White,0,0,0,0,County Road,County Sheriff,Law Enforcement Support Agency,0,0,1,0,0,thc,12.0,carboxy-thc,16.0,,,,,,,,,,,,,,,,,,,,,,,,,,,,,,,,,,,,,,,,98329
240,2017,160,E674040,35.0,05/23/2017,16:08,23,5,0.0,53,Pierce,0,1,0.0,1,1,2,1,0,4,3,16:08,16:27,17:23,12,0,1,0.6,1,0,1,5,1,2,4,0,0,0,0,CR-WRIGHT BLISS RD KPN,,-122.7642917,47.377641667,0,3,98,62,4,40,4,0,0,1,2,12,1,2,2,1,1,1,1,53,0,20,2,2013,0,0.0,12,,,,,,1,1,68,2,0.0,0.0,1,0,3,0,11,8,,,,,0.0,0.0,0.0,3.0,1,0,0.0,0.0,0.0,0,,,,,,0,,,,,,98349.0,53,66.0,180.0,6.0,1.0,0.0,0.0,0.0,0.0,0.0,0,,,,,,0,,,8,0,0,0,8.0,9,8,,,0,0.0,0.0,8,0,0.0,0.0,0.0,0.0,0.0,0.0,0.0,0,0,996.0,,,,,,,,,,,,,,,,,,,,,,,,,,,,,,0,0,0,0,1,1,1,1,1,0,0,0,1,1,0,0,0,0,0,0,0,0,0,0,0,1,0,0,0,1,0,0,0,0,0,,0,0,0,0,0,0,0,0,0,0,0,0,0,0,0,0,,,,,,66-70,66-75,County road,R,Tuesday,Belt Used,PV,Not Fatal,0,0,0,0,County Road,County Sheriff,Law Enforcement Support Agency,0,0,1,0,0,,,,,,,,,,,,,,,,,,,,,,,,,,,,,,,,,,,,,,,,,,,,98329
241,2017,161,E674804,25.0,05/20/2017,3:00,20,5,0.0,33,King,1958,1,0.0,3,1,2,1,1,1,1,,,,8,0,0,0.0,1,0,1,5,2,4,6,0,0,0,0,S 144TH ST,,-122.2936972,47.474325,0,1,13,80,5,30,4,0,0,1,2,8,1,3,2,1,1,1,2,53,0,7,24,2007,0,0.0,8,,,,,,1,1,42,1,0.0,0.0,0,0,3,0,11,0,,,,,0.0,0.0,0.0,3.0,1,0,0.0,0.0,0.0,0,,,,,,0,,,,,,98168.0,53,71.0,230.0,6.0,1.0,0.0,0.0,0.0,0.0,0.0,0,,,,,,0,,,20,0,0,0,8.0,9,8,,,0,0.0,0.0,0,0,0.0,0.0,0.0,0.0,0.0,0.0,0.0,0,0,996.0,,,,,,,,,,,,,,,,,,,,,,,,,,,,,,0,0,0,0,0,0,0,0,0,1,1,0,0,0,0,0,0,0,0,0,0,0,0,0,0,0,0,0,0,1,0,1,0,0,0,,0,0,0,0,0,0,0,0,0,0,0,0,0,0,0,0,,,,,,41-45,36-45,City street,U,Saturday,Belt Used,PV,Not Fatal,0,0,0,0,City Street,County Sheriff,King County Police,0,0,0,1,0,,,,,,,,,,,,,,,,,,,,,,,,,,,,,,,,,,,,,,,,,,,,98168
242,2017,162,E679491,4.0,05/24/2017,15:15,24,5,0.0,1,Adams,0,1,0.0,1,1,2,1,0,2,2,15:16,15:24,15:46,12,0,6,46.8,2,0,2,3,1,1,3,0,0,20,3,SR-26,BOOKER RD,-119.0481917,46.799541667,0,1,89,54,3,55,2,0,0,1,2,12,1,1,2,1,1,1,2,53,0,20,22,2006,0,0.0,12,,,,,,1,1,17,1,7.0,1.0,4,7,3,0,11,0,05/24/2017,15:15,53023862.0,23862.0,0.0,0.0,1.0,3.0,1,39,0.0,0.0,0.0,93,,,,,,99,,,,,,98857.0,53,70.0,150.0,6.0,2.0,0.0,0.0,0.0,0.0,0.0,37,,,,,,0,,,20,0,0,0,0.0,9,8,,,0,0.0,0.0,8,9,0.0,0.0,0.0,0.0,0.0,0.0,0.0,0,0,996.0,,,,,,,,,,,,,,,,,,,,,,,,,,,,,,0,0,0,1,0,0,0,0,0,0,0,0,0,0,0,0,1,0,0,0,1,0,1,0,1,0,0,0,0,1,0,0,0,0,0,,1,0,0,0,0,0,0,0,1,0,0,0,0,0,0,0,,,,,,16-17,16-25,State route,R,Wednesday,Belt Used,PV,White,1,0,0,0,State Route,State Patrol,Washington State Patrol Headquarter,0,1,0,0,0,,,,,,,,,,,,,,,,,,,,,,,,,,,,,,,,,,,,,,,,,,,,99344
243,2017,162,E679491,4.0,05/24/2017,15:15,24,5,0.0,1,Adams,0,1,0.0,1,1,2,1,0,2,2,15:16,15:24,15:46,12,0,6,46.8,2,0,2,3,1,1,3,0,0,0,0,SR-26,BOOKER RD,-119.0481917,46.799541667,0,2,88,54,3,60,4,0,0,1,2,12,1,1,2,1,1,1,2,53,0,20,25,2014,0,0.0,12,,,,,,1,1,32,2,0.0,0.0,3,0,3,0,11,5,,,,,0.0,0.0,3.0,3.0,1,0,0.0,0.0,0.0,0,,,,,,99,,,,,,98208.0,53,69.0,145.0,6.0,1.0,0.0,0.0,0.0,0.0,0.0,0,,,,,,0,,,8,0,0,0,8.0,9,8,,,0,0.0,0.0,8,9,0.0,0.0,0.0,0.0,0.0,0.0,0.0,0,0,996.0,,,,,,,,,,,,,,,,,,,,,,,,,,,,,,0,0,0,1,0,0,0,0,0,0,0,0,0,0,0,0,1,0,0,0,1,0,1,0,1,0,0,0,0,1,0,0,0,0,0,,0,0,0,0,0,0,0,0,0,0,0,0,0,0,0,0,,,,,,31-35,26-35,State route,R,Wednesday,Belt Used,PV,Not Fatal,1,0,0,0,State Route,State Patrol,Washington State Patrol Headquarter,0,1,0,0,0,,,,,,,,,,,,,,,,,,,,,,,,,,,,,,,,,,,,,,,,,,,,99344