,year,case,par,repjur,crash_dt,crash_tm,accday,accmon,holiday,county,co_char,city,weather,weather2,lightcond,surfcond,surftype,numfatal,nmforms,pforms,vforms,not_tm,arr_tm,hosp_tm,fhevent,hitrun,manncol,milepnt,reljunc,reljuncinter,intersectiontype,funcsystem,landuse,ownership,route,schlbus,spejur,contdev,devfunc,trafid1,trafid2,x,y,wk_zone,vnumber,crashtype,criticalevent,criticaleventcat,spdlim,body,trailer,emerg,hazcargo,leave,mhevent,roadalgn,roadprof,traflane,trafflow,vehmanvr,numoccs,regowner,regstate,spuse,make,model,modelyr,vrf1,vrf2,seqevent1,seqevent2,seqevent3,seqevent4,seqevent5,seqevent6,pnumber,ptype,age,sex,hispanic,race,injury,diedscene,restraint,restraintmisuse,seatpos,takehosp,death_dt,death_tm,cert,cernum_wa,commlic,licendor,licrestrict,liccomp,drivpres,drf1,drf2,drf3,drf4,distract1,distract2,distract3,distract4,distract5,distract6,dricond1,dricond2,dricond3,dricond4,dricond5,dricond6,dzip,licstate,drhgt_in,weight,noncdl,noncdltype,prevdwi,prevoth,prevacc,prevspd,prevsus,driviol1,driviol2,driviol3,driviol4,driviol5,driviol6,spdrel,first_dt,last_dt,airbag,ejection,ejectpath,extricat,injurwrk,methalc,methdrug,nmlocat,strikveh,prf1,prf2,prf3,druginv,alcinvol,drugsts,drugres1,drugres2,drugres3,drugtst1,drugtst2,drugtst3,alcsts,alctst,alcres,nmact1,nmact2,nmact3,nmact4,nmact5,nmact6,nmprior1,nmprior2,nmprior3,nmprior4,nmprior5,nmprior6,nmcond1,nmcond2,nmcond3,nmcond4,nmcond5,nmcond6,nmsafe_helmet,nmsafe_pads,nmsafe_oth,nmprev_ref,nmprev_lgt,nmprev_oth,crashlocation,nmcrashtype,crosswalk,schoolzone,sidewalk,train_inv,wildlife_inv,rotr_fars,intersect_fars,dd_inv,aid_inv,dpd_inv,id_inv,mj_inv,impnm_inv,ainm_inv,dpnm_inv,speed_inv,unlic_inv,unendmc_inv,drowsy_inv,drdist_inv,nmdist_inv,fty_inv,unrestfat_inv,dr1617_inv,dr1820_inv,dr1620_inv,dr2125_inv,dr1625_inv,dr65_inv,dr70_inv,dr75_inv,mc_inv,pv_inv,ht_inv,ped_inv,bike_inv,unrest_fat,mc_fat,unhelmet_mc,pv_fat,ht_fat,ped_fat,bike_fat,dr_alc7,dr_alc8,dr_drug,dr_imp,dr_dist,dr_spd,dr_fty,dr_unlic,dr_alc7only,dr_alc8only,dr_drugonly,dr_drink,nm_imp,nm_alc7,nm_alc8,nm_drug,nm_dist,agegrp1,agegrp2,roadclass,urbrur,dayweek,restuse,vehtype,race_me,intersect,lanedep,oppdir,wrongway,rep_typ,investag,repag_long,rotr,st_rd,cty_rd,city_rd,oth_rd,drug_thc,thc_res,drug_cthc,cthc_res,drug_cann,prevpersemin,prevperse,prevsusoth,drugtst4,drugtst5,drugtst6,drugtst7,drugtst8,drugres4,drugres5,drugres6,drugres7,drugres8,adspresent,adsengaged,adslevel,race1,race2,race3,race4,race5,helmet,helmetmisuse,nmdistract1,nmdistract2,nmdistract3,nmdistract4,nmdistract5,nmdistract6,lab,isedtcase,crf1,crf2,crf3,CoRoadName,CoMP,IntCoRoadName,IntCoMP,zipcode
244,2017,163,E674810,42.0,05/17/2017,23:18,17,5,0.0,67,Thurston,0,1,0.0,2,1,2,1,0,2,2,,,,12,0,2,1.0,1,0,1,5,2,2,4,0,0,0,0,CR-OLD HWY 99 SW,,-123.0089722,46.777527778,0,1,50,10,2,98,4,0,0,1,2,12,1,1,2,1,1,1,2,53,0,12,37,2007,0,0.0,12,,,,,,1,1,25,1,0.0,0.0,3,0,3,0,11,8,,,,,0.0,0.0,3.0,3.0,1,51,0.0,0.0,0.0,96,,,,,,9,,,,,,98579.0,53,70.0,180.0,6.0,1.0,0.0,0.0,1.0,2.0,0.0,97,,,,,,0,08/15/2012,05/15/2016,1,0,0,0,8.0,9,8,,,0,0.0,0.0,1,0,8.0,95.0,0.0,0.0,6.0,0.0,0.0,0,0,996.0,,,,,,,,,,,,,,,,,,,,,,,,,,,,,,0,0,0,0,0,0,1,1,0,0,0,0,0,0,0,0,0,0,0,1,0,1,1,1,1,0,0,0,0,1,0,0,0,0,0,,0,0,0,0,0,0,0,0,0,0,0,0,0,0,0,0,,,,,,21-25,16-25,County road,U,Wednesday,Belt Used,PV,Not Fatal,0,0,0,1,County Road,County Sheriff,Thurston County Sheriff's Office,0,0,1,0,0,,,,,,,,,,,,,,,,,,,,,,,,,,,,,,,,,,,,,,,,,,,,98531
245,2017,163,E674810,42.0,05/17/2017,23:18,17,5,0.0,67,Thurston,0,1,0.0,2,1,2,1,0,2,2,,,,12,0,2,1.0,1,0,1,5,2,2,4,0,0,0,0,CR-OLD HWY 99 SW,,-123.0089722,46.777527778,0,2,51,62,4,40,4,0,0,1,2,12,1,1,2,1,1,1,2,53,0,63,33,2003,0,0.0,12,,,,,,1,1,18,2,7.0,1.0,4,7,20,0,11,0,05/17/2017,23:18,53023282.0,23282.0,0.0,0.0,3.0,3.0,1,0,0.0,0.0,0.0,0,,,,,,0,,,,,,98531.0,53,62.0,160.0,6.0,1.0,0.0,0.0,0.0,0.0,0.0,0,,,,,,0,,,8,0,0,0,0.0,9,8,,,0,0.0,0.0,8,0,2.0,996.0,996.0,0.0,1.0,1.0,0.0,2,1,0.0,,,,,,,,,,,,,,,,,,,,,,,,,,,,,,0,0,0,0,0,0,1,1,0,0,0,0,0,0,0,0,0,0,0,1,0,1,1,1,1,0,0,0,0,1,0,0,0,1,0,,1,0,0,0,0,0,1,1,0,0,0,0,0,0,1,0,,,,,,18-20,16-25,County road,U,Wednesday,Not Used,PV,White,0,0,0,1,County Road,County Sheriff,Thurston County Sheriff's Office,0,0,1,0,0,,,,,,,,,,,,,,,,,,,,,,,,,,,,,,,,,,,,,,,,,,,,98531
246,2017,164,E675079,159.0,05/16/2017,15:03,16,5,0.0,5,Benton,1020,1,0.0,1,1,2,1,0,2,2,,,,12,0,6,0.0,2,0,2,4,2,4,6,0,0,3,3,W 27TH AVE,S ELY ST,-119.1590167,46.183897222,0,1,86,54,3,35,4,0,0,1,2,12,1,1,4,1,1,1,1,53,0,12,37,2010,0,0.0,12,,,,,,1,1,92,1,7.0,1.0,4,0,3,0,11,5,05/18/2017,5:21,102053022583.0,22583.0,0.0,0.0,3.0,3.0,1,39,0.0,0.0,0.0,96,,,,,,0,,,,,,99337.0,53,70.0,184.0,6.0,1.0,0.0,0.0,0.0,0.0,0.0,31,,,,,,0,,,8,0,0,0,0.0,9,8,,,0,0.0,0.0,8,0,0.0,0.0,0.0,0.0,0.0,0.0,0.0,0,0,996.0,,,,,,,,,,,,,,,,,,,,,,,,,,,,,,0,0,0,1,0,0,0,0,0,0,0,0,0,0,0,0,0,0,0,0,0,0,0,0,0,1,1,1,0,1,0,0,0,0,0,,1,0,0,0,0,0,0,0,0,0,0,0,0,0,0,0,,,,,,81+,76+,City street,U,Tuesday,Belt Used,PV,White,1,0,0,0,City Street,Municipal/City Police,Kennewick Police Department,0,0,0,1,0,,,,,,,,,,,,,,,,,,,,,,,,,,,,,,,,,,,,,,,,,,,,99337
247,2017,164,E675079,159.0,05/16/2017,15:03,16,5,0.0,5,Benton,1020,1,0.0,1,1,2,1,0,2,2,,,,12,0,6,0.0,2,0,2,4,2,4,6,0,0,3,3,W 27TH AVE,S ELY ST,-119.1590167,46.183897222,0,2,87,54,3,35,15,0,0,1,2,12,1,1,4,1,1,1,1,53,0,20,421,2011,0,0.0,12,,,,,,1,1,49,1,0.0,0.0,1,0,3,0,11,0,,,,,0.0,0.0,0.0,3.0,1,0,0.0,0.0,0.0,0,,,,,,0,,,,,,99337.0,53,71.0,180.0,6.0,1.0,0.0,0.0,0.0,0.0,0.0,0,,,,,,0,,,8,0,0,0,8.0,9,8,,,0,0.0,0.0,8,0,0.0,0.0,0.0,0.0,0.0,0.0,0.0,0,0,996.0,,,,,,,,,,,,,,,,,,,,,,,,,,,,,,0,0,0,1,0,0,0,0,0,0,0,0,0,0,0,0,0,0,0,0,0,0,0,0,0,1,1,1,0,1,0,0,0,0,0,,0,0,0,0,0,0,0,0,0,0,0,0,0,0,0,0,,,,,,46-50,46-55,City street,U,Tuesday,Belt Used,PV,Not Fatal,1,0,0,0,City Street,Municipal/City Police,Kennewick Police Department,0,0,0,1,0,,,,,,,,,,,,,,,,,,,,,,,,,,,,,,,,,,,,,,,,,,,,99337
248,2017,165,E676481,14.0,05/31/2017,5:14,31,5,0.0,11,Clark,0,10,0.0,4,1,2,1,0,1,1,,,,38,0,0,9.8,1,0,1,5,1,2,4,0,0,0,0,CR-NE CEDAR CREEK RD,,-122.5611972,45.931630556,0,1,6,12,2,50,4,0,0,1,2,1,1,2,2,1,1,1,5,41,0,37,32,1991,0,0.0,68,64.0,38.0,31.0,1.0,,1,1,38,1,7.0,1.0,4,7,20,0,11,0,05/31/2017,5:30,53024750.0,24750.0,0.0,0.0,0.0,2.0,1,0,0.0,0.0,0.0,96,,,,,,99,,,,,,98674.0,53,71.0,235.0,1.0,1.0,0.0,4.0,1.0,4.0,2.0,0,,,,,,0,04/15/2014,02/15/2017,20,1,9,0,0.0,9,8,,,0,0.0,0.0,8,9,2.0,401.0,417.0,0.0,1.0,1.0,0.0,2,1,0.0,,,,,,,,,,,,,,,,,,,,,,,,,,,,,,0,0,1,0,0,0,1,1,0,0,0,0,0,1,0,0,0,0,0,1,0,0,0,0,0,0,0,0,0,1,0,0,0,1,0,,1,0,0,0,0,0,1,1,0,0,0,1,0,0,1,0,,,,,,36-40,36-45,County road,R,Wednesday,Not Used,PV,White,0,1,0,0,County Road,County Sheriff,Clark County Sheriff's Office,1,0,1,0,0,,,,,,,,,,,,,,,,,,,,,,,,,,,,,,,,,,,,,,,,,,,,98674
249,2017,166,E631361,290.0,01/12/2017,15:20,12,1,0.0,53,Pierce,2230,1,0.0,1,1,2,1,0,1,1,15:21,15:52,16:10,33,0,0,0.0,3,0,2,3,2,4,6,0,0,0,0,N 21ST ST,FERDINAND,-122.5023278,47.267352778,0,1,6,12,2,30,4,0,0,1,5,1,1,2,2,3,1,1,1,53,0,49,32,2003,0,0.0,64,33.0,25.0,1.0,,,1,1,84,2,7.0,58.0,4,0,3,0,11,5,01/19/2017,0:55,223053003210.0,3210.0,0.0,0.0,3.0,3.0,1,0,0.0,0.0,0.0,93,,,,,,0,,,,,,98407.0,53,61.0,130.0,6.0,1.0,0.0,0.0,0.0,0.0,0.0,0,,,,,,0,,,1,0,0,0,0.0,9,8,,,0,0.0,0.0,8,0,0.0,0.0,0.0,0.0,0.0,0.0,0.0,0,0,996.0,,,,,,,,,,,,,,,,,,,,,,,,,,,,,,0,0,1,1,0,0,0,0,0,0,0,0,0,0,0,0,1,0,0,0,0,0,0,0,0,1,1,1,0,1,0,0,0,0,0,,1,0,0,0,0,0,0,0,1,0,0,0,0,0,0,0,,,,,,81+,76+,City street,U,Thursday,Belt Used,PV,API,0,1,0,0,City Street,Municipal/City Police,Tacoma Police Department,1,0,0,1,0,,,,,,,,,,,,,,,,,,,,,,,,,,,,,,,,,,,,,,,,,,,,98406
250,2017,167,E633166,127.0,01/15/2017,4:42,15,1,2.0,33,King,735,1,0.0,3,1,2,1,1,2,1,,,,8,0,0,0.0,1,0,1,3,2,4,6,0,0,0,0,S 288TH ST,,-122.2950861,47.343355556,0,1,13,80,5,98,4,0,0,1,5,8,1,2,4,1,1,2,2,53,0,14,17,2008,0,0.0,8,,,,,,1,1,18,2,0.0,0.0,0,0,3,0,11,0,,,,,0.0,0.0,0.0,3.0,1,0,0.0,0.0,0.0,0,,,,,,0,,,,,,98003.0,53,64.0,145.0,6.0,1.0,0.0,0.0,1.0,0.0,0.0,0,,,,,,0,05/15/2016,05/15/2016,20,0,0,0,8.0,9,8,,,0,0.0,0.0,8,0,0.0,0.0,0.0,0.0,0.0,0.0,0.0,0,0,996.0,,,,,,,,,,,,,,,,,,,,,,,,,,,,,,0,0,0,0,0,0,0,0,0,1,1,1,0,0,0,0,0,0,0,0,0,1,1,0,1,0,0,0,0,1,0,1,0,0,0,,0,0,0,0,0,0,0,0,0,0,0,0,0,0,0,0,,,,,,18-20,16-25,City street,U,Sunday,Belt Used,PV,Not Fatal,0,0,0,0,City Street,Municipal/City Police,Federal Way Dept of Public Safety,0,0,0,1,0,,,,,,,,,,,,,,,,,,,,,,,,,,,,,,,,,,,,,,,,,,,,98003
251,2017,168,E641274,67.0,02/11/2017,20:20,11,2,0.0,35,Kitsap,180,1,0.0,3,2,2,1,0,1,1,,,,39,0,0,0.0,1,0,1,4,2,4,6,0,0,0,0,KITSAY WA,,-122.6946778,47.577986111,0,1,2,6,1,35,3,0,0,1,5,39,1,1,4,1,1,1,1,53,0,49,34,1991,0,0.0,63,39.0,,,,,1,1,21,1,7.0,1.0,4,0,3,0,11,1,02/19/2017,23:50,196053008893.0,8893.0,0.0,0.0,0.0,3.0,1,0,0.0,0.0,0.0,96,,,,,,99,,,,,,98311.0,53,68.0,145.0,6.0,1.0,0.0,0.0,0.0,2.0,0.0,0,,,,,,4,08/15/2015,10/15/2015,1,0,0,0,0.0,9,8,,,0,0.0,0.0,8,9,2.0,348.0,522.0,605.0,1.0,1.0,1.0,2,1,0.0,,,,,,,,,,,,,,,,,,,,,,,,,,,,,,0,0,0,0,0,0,1,1,1,0,0,0,1,0,0,0,0,0,0,0,0,0,0,1,1,0,0,0,0,1,0,0,0,0,0,,1,0,0,0,0,0,1,1,0,1,0,0,0,0,1,0,,,,,,21-25,16-25,City street,U,Saturday,Belt Used,PV,White,0,1,0,0,City Street,Municipal/City Police,Bremerton Police Department,1,0,0,1,0,thc,3.6,carboxy-thc,20.0,,,,,,,,,,,,,,,,,,,,,,,,,,,,,,,,,,,,,,,,98312
252,2017,169,E645038,315.0,02/17/2017,17:19,17,2,0.0,7,Chelan,2460,10,0.0,1,8,2,1,0,1,1,,,,30,0,0,0.0,1,0,1,4,2,4,6,0,0,0,0,N WESTERN AVE,,-120.3462306,47.442086111,0,1,1,8,1,35,20,0,0,1,5,30,1,1,2,1,1,1,1,53,0,20,441,1986,0,0.0,63,69.0,63.0,30.0,,,1,1,55,1,7.0,1.0,4,0,3,0,11,5,02/18/2017,16:15,246053009275.0,9275.0,0.0,0.0,0.0,3.0,1,0,0.0,0.0,0.0,0,,,,,,1,,,,,,98801.0,53,67.0,160.0,6.0,1.0,0.0,1.0,1.0,0.0,1.0,0,,,,,,0,10/15/2016,11/15/2016,20,0,0,0,0.0,9,8,,,0,0.0,0.0,8,9,0.0,0.0,0.0,0.0,0.0,0.0,0.0,0,0,996.0,,,,,,,,,,,,,,,,,,,,,,,,,,,,,,0,0,1,0,0,0,0,0,0,0,0,0,0,0,0,0,0,0,0,0,0,0,0,0,0,0,0,0,0,1,0,0,0,0,0,,1,0,0,0,0,0,0,0,0,0,0,0,0,0,0,0,,,,,,51-55,46-55,City street,U,Friday,Belt Used,PV,White,0,1,0,0,City Street,Municipal/City Police,Wenatchee Police Department,1,0,0,1,0,,,,,,,,,,,,,,,,,,,,,,,,,,,,,,,,,,,,,,,,,,,,98801
253,2017,170,E645790,129.0,02/17/2017,18:54,17,2,3.0,53,Pierce,747,1,0.0,3,1,2,1,0,3,2,18:55,18:58,19:31,12,0,1,0.0,2,0,2,4,2,4,6,0,0,3,3,PACIFIC HWY E,PORT OF TACOMA RD E,-122.3856361,47.243158333,0,1,20,50,3,35,80,0,0,1,5,12,1,1,5,1,1,1,1,53,0,37,705,1998,0,0.0,12,,,,,,1,1,55,1,7.0,1.0,4,0,19,0,11,4,03/04/2017,9:04,223053012145.0,12145.0,0.0,0.0,0.0,3.0,1,0,0.0,0.0,0.0,93,,,,,,0,,,,,,98372.0,53,73.0,225.0,6.0,1.0,0.0,0.0,0.0,0.0,0.0,0,,,,,,0,,,20,8,0,0,0.0,9,8,,,0,0.0,0.0,8,0,0.0,0.0,0.0,0.0,0.0,0.0,0.0,0,0,996.0,,,,,,,,,,,,,,,,,,,,,,,,,,,,,,0,0,0,1,0,0,0,0,0,0,0,0,0,0,0,0,1,0,0,0,0,0,0,0,0,0,0,0,1,1,0,0,0,0,1,0.0,0,0,0,0,0,0,0,0,1,0,0,0,0,0,0,0,,,,,,51-55,46-55,City street,U,Friday,,MC,White,1,0,0,0,City Street,Municipal/City Police,Fife Police Department,0,0,0,1,0,,,,,,,,,,,,,,,,,,,,,,,,,,,,,,,,,,,,,,,,,,,,98424
254,2017,170,E645790,129.0,02/17/2017,18:54,17,2,3.0,53,Pierce,747,1,0.0,3,1,2,1,0,3,2,18:55,18:58,19:31,12,0,1,0.0,2,0,2,4,2,4,6,0,0,3,3,PACIFIC HWY E,PORT OF TACOMA RD E,-122.3856361,47.243158333,0,2,21,53,3,35,2,0,0,1,5,12,1,1,5,1,5,2,2,53,0,37,31,2003,0,0.0,12,,,,,,1,1,35,1,0.0,0.0,0,0,3,0,11,0,,,,,0.0,0.0,0.0,3.0,1,0,0.0,0.0,0.0,0,,,,,,0,,,,,,98584.0,53,68.0,185.0,6.0,1.0,0.0,0.0,0.0,1.0,0.0,0,,,,,,0,04/15/2013,04/15/2013,20,0,0,0,8.0,9,8,,,0,0.0,0.0,8,0,0.0,0.0,0.0,0.0,0.0,0.0,0.0,0,0,996.0,,,,,,,,,,,,,,,,,,,,,,,,,,,,,,0,0,0,1,0,0,0,0,0,0,0,0,0,0,0,0,1,0,0,0,0,0,0,0,0,0,0,0,1,1,0,0,0,0,0,,0,0,0,0,0,0,0,0,0,0,0,0,0,0,0,0,,,,,,31-35,26-35,City street,U,Friday,Belt Used,PV,Not Fatal,1,0,0,0,City Street,Municipal/City Police,Fife Police Department,0,0,0,1,0,,,,,,,,,,,,,,,,,,,,,,,,,,,,,,,,,,,,,,,,,,,,98424
255,2017,171,E656405,278.0,03/29/2017,11:30,29,3,0.0,63,Spokane,2110,2,0.0,1,2,2,1,0,3,2,11:31,11:39,12:13,12,0,6,0.0,2,0,3,3,2,4,6,0,0,3,3,NEVADA,LYONS,-117.3953389,47.718588889,0,1,68,15,2,30,20,0,0,1,2,12,1,1,2,1,11,1,1,53,0,6,441,2001,0,0.0,12,,,,,,1,1,89,2,7.0,1.0,4,0,99,0,11,5,04/06/2017,12:25,211053016475.0,16475.0,0.0,0.0,3.0,3.0,1,38,39.0,0.0,0.0,96,,,,,,0,,,,,,99208.0,53,66.0,180.0,6.0,1.0,0.0,0.0,0.0,0.0,0.0,35,,,,,,0,,,1,0,0,0,0.0,9,8,,,0,0.0,0.0,8,0,2.0,1.0,0.0,0.0,1.0,0.0,0.0,2,1,0.0,,,,,,,,,,,,,,,,,,,,,,,,,,,,,,0,0,0,1,0,0,0,0,0,0,0,0,0,0,0,0,0,0,1,0,0,0,0,0,0,1,1,1,0,1,0,0,0,0,0,,1,0,0,0,0,0,0,0,0,0,1,0,0,0,0,0,,,,,,81+,76+,City street,U,Wednesday,Unknown,PV,White,1,0,0,0,City Street,Municipal/City Police,Spokane Police Department,0,0,0,1,0,,,,,,,,,,,,,,,,,,,,,,,,,,,,,,,,,,,,,,,,,,,,99207
256,2017,171,E656405,278.0,03/29/2017,11:30,29,3,0.0,63,Spokane,2110,2,0.0,1,2,2,1,0,3,2,11:31,11:39,12:13,12,0,6,0.0,2,0,3,3,2,4,6,0,0,3,3,NEVADA,LYONS,-117.3953389,47.718588889,0,2,69,62,4,30,4,0,0,1,5,12,1,1,2,1,1,2,2,53,0,51,46,2006,0,0.0,12,,,,,,1,1,44,1,0.0,0.0,2,0,3,0,11,5,,,,,0.0,0.0,0.0,3.0,1,0,0.0,0.0,0.0,0,,,,,,0,,,,,,99207.0,53,72.0,200.0,6.0,1.0,0.0,0.0,0.0,0.0,0.0,0,,,,,,0,,,1,0,0,0,8.0,9,8,,,0,0.0,0.0,8,0,0.0,0.0,0.0,0.0,0.0,0.0,0.0,0,0,996.0,,,,,,,,,,,,,,,,,,,,,,,,,,,,,,0,0,0,1,0,0,0,0,0,0,0,0,0,0,0,0,0,0,1,0,0,0,0,0,0,1,1,1,0,1,0,0,0,0,0,,0,0,0,0,0,0,0,0,0,0,0,0,0,0,0,0,,,,,,41-45,36-45,City street,U,Wednesday,Belt Used,PV,Not Fatal,1,0,0,0,City Street,Municipal/City Police,Spokane Police Department,0,0,0,1,0,,,,,,,,,,,,,,,,,,,,,,,,,,,,,,,,,,,,,,,,,,,,99207
257,2017,172,3694126,263.0,03/13/2017,19:50,13,3,0.0,33,King,1960,1,0.0,3,1,2,1,0,3,3,,,,12,0,1,0.0,1,0,1,3,2,4,6,0,0,0,0,HOLMAN RD NW,,-122.364775,47.700338889,0,1,24,12,2,35,14,0,0,1,2,12,1,2,5,5,1,2,2,53,0,35,402,2007,0,0.0,68,64.0,69.0,68.0,12.0,63.0,1,1,59,1,0.0,0.0,0,0,98,0,11,0,,,,,0.0,0.0,0.0,3.0,1,0,0.0,0.0,0.0,6,,,,,,99,,,,,,98335.0,53,68.0,190.0,6.0,1.0,0.0,0.0,0.0,0.0,0.0,97,,,,,,3,,,98,0,0,0,8.0,9,2,,,0,0.0,0.0,0,9,0.0,0.0,0.0,0.0,0.0,0.0,0.0,0,0,996.0,,,,,,,,,,,,,,,,,,,,,,,,,,,,,,0,0,0,0,0,0,1,1,1,0,0,0,1,0,0,0,1,0,0,0,0,0,0,0,0,0,0,0,0,1,0,0,0,0,0,,0,0,0,0,0,0,0,0,1,1,0,0,0,0,0,0,,,,,,56-60,56-65,City street,U,Monday,Unknown,PV,Not Fatal,0,1,0,0,City Street,Municipal/City Police,Seattle Police Department,1,0,0,1,0,,,,,,,,,,,,,,,,,,,,,,,,,,,,,,,,,,,,,,,,,,,,98177
258,2017,172,3694126,263.0,03/13/2017,19:50,13,3,0.0,33,King,1960,1,0.0,3,1,2,1,0,3,3,,,,12,0,1,0.0,1,0,1,3,2,4,6,0,0,0,0,HOLMAN RD NW,,-122.364775,47.700338889,0,2,25,61,4,35,4,0,0,1,2,12,1,2,5,5,1,1,1,53,0,37,32,1997,0,0.0,12,63.0,42.0,,,,1,1,35,1,7.0,1.0,4,0,98,0,11,4,03/14/2017,14:33,196053013714.0,13714.0,0.0,0.0,0.0,3.0,1,0,0.0,0.0,0.0,92,,,,,,0,,,,,,98043.0,53,70.0,170.0,6.0,1.0,0.0,2.0,0.0,0.0,1.0,0,,,,,,0,11/15/2013,06/15/2015,98,0,0,0,0.0,9,2,,,0,0.0,0.0,0,9,2.0,605.0,0.0,0.0,1.0,0.0,0.0,2,1,0.0,,,,,,,,,,,,,,,,,,,,,,,,,,,,,,0,0,0,0,0,0,1,1,1,0,0,0,1,0,0,0,1,0,0,0,0,0,0,0,0,0,0,0,0,1,0,0,0,0,0,,1,0,0,0,0,0,1,1,1,0,0,0,0,0,1,0,,,,,,31-35,26-35,City street,U,Monday,Unknown,PV,White,0,1,0,0,City Street,Municipal/City Police,Seattle Police Department,1,0,0,1,0,thc,2.7,carboxy-thc,24.0,,,,,,,,,,,,,,,,,,,,,,,,,,,,,,,,,,,,,,,,98177
259,2017,173,E659247,25.0,04/04/2017,12:04,4,4,0.0,33,King,0,10,0.0,1,1,2,1,0,1,4,,,,14,0,0,0.2,1,0,1,7,2,2,4,0,0,0,0,CR-108TH SW,,-122.3355583,47.506758333,0,1,11,11,2,25,14,0,0,1,2,14,1,1,2,1,1,1,1,53,0,63,401,2016,0,0.0,63,14.0,14.0,14.0,,,1,1,72,1,7.0,1.0,4,0,20,0,11,4,04/26/2017,14:34,196053020055.0,20055.0,0.0,0.0,3.0,3.0,1,0,0.0,0.0,0.0,96,,,,,,1,,,,,,98146.0,53,72.0,240.0,6.0,1.0,0.0,0.0,0.0,0.0,0.0,0,,,,,,0,,,1,0,0,0,0.0,9,8,,,0,0.0,0.0,8,0,0.0,0.0,0.0,0.0,0.0,0.0,0.0,0,0,996.0,,,,,,,,,,,,,,,,,,,,,,,,,,,,,,0,0,0,0,0,0,0,0,0,0,0,0,0,0,0,0,0,0,0,1,0,0,0,0,0,1,1,0,0,1,0,0,0,1,0,,1,0,0,0,0,0,0,0,0,0,0,0,0,0,0,0,,,,,,71-75,66-75,County road,U,Tuesday,Not Used,PV,White,0,1,0,0,County Road,County Sheriff,King County Police,1,0,1,0,0,,,,,,,,,,,,,,,,,,,,,,,,,,,,,,,,,,,,,,,,,,,,98146
260,2017,175,E661438,160.0,04/14/2017,3:53,14,4,0.0,33,King,1030,1,0.0,3,1,2,1,0,2,2,,,,12,0,6,2.1,2,0,2,3,2,1,3,0,0,0,0,SR-181,S 216TH ST,-122.2494167,47.408519444,0,1,86,17,2,50,6,0,0,1,5,12,1,1,8,5,1,1,1,53,0,32,42,2006,0,0.0,12,2.0,,,,,1,1,20,1,0.0,0.0,0,0,99,0,11,0,,,,,0.0,0.0,0.0,3.0,1,0,0.0,0.0,0.0,96,,,,,,0,,,,,,98032.0,53,72.0,186.0,6.0,1.0,0.0,1.0,2.0,0.0,0.0,97,,,,,,3,10/15/2014,08/15/2015,99,0,0,0,8.0,9,8,,,0,0.0,0.0,8,0,0.0,0.0,0.0,0.0,0.0,0.0,0.0,0,0,996.0,,,,,,,,,,,,,,,,,,,,,,,,,,,,,,0,0,0,1,0,0,1,1,0,0,0,0,1,0,0,0,0,0,0,1,0,1,1,0,1,0,0,0,0,1,0,0,0,0,0,,0,0,0,0,0,0,0,0,0,1,0,0,0,0,0,0,,,,,,18-20,16-25,State route,U,Friday,Unknown,PV,Not Fatal,1,0,0,0,State Route,Municipal/City Police,Kent Police Department,0,1,0,0,0,,,,,,,,,,,,,,,,,,,,,,,,,,,,,,,,,,,,,,,,,,,,98032
261,2017,175,E661438,160.0,04/14/2017,3:53,14,4,0.0,33,King,1030,1,0.0,3,1,2,1,0,2,2,,,,12,0,6,2.1,2,0,2,3,2,1,3,0,0,20,3,SR-181,S 216TH ST,-122.2494167,47.408519444,0,2,87,66,4,25,14,0,0,1,5,1,8,8,2,1,3,1,1,53,0,37,401,1998,0,0.0,12,68.0,64.0,1.0,,,1,1,42,1,7.0,98.0,4,0,20,0,11,5,04/17/2017,9:37,196053018256.0,18256.0,0.0,0.0,0.0,3.0,1,0,0.0,0.0,0.0,0,,,,,,0,,,,,,98444.0,53,64.0,150.0,6.0,1.0,0.0,1.0,0.0,0.0,1.0,0,,,,,,0,05/15/2012,01/15/2013,1,0,0,0,0.0,9,8,,,0,0.0,0.0,8,9,2.0,996.0,0.0,0.0,1.0,0.0,0.0,2,1,0.0,,,,,,,,,,,,,,,,,,,,,,,,,,,,,,0,0,0,1,0,0,1,1,0,0,0,0,1,0,0,0,0,0,0,1,0,1,1,0,1,0,0,0,0,1,0,0,0,1,0,,1,0,0,0,0,0,1,1,0,0,0,0,0,0,1,0,,,,,,41-45,36-45,State route,U,Friday,Not Used,PV,Oth/Unk,1,0,0,0,State Route,Municipal/City Police,Kent Police Department,0,1,0,0,0,,,,,,,,,,,,,,,,,,,,,,,,,,,,,,,,,,,,,,,,,,,,98032