,year,case,par,repjur,crash_dt,crash_tm,accday,accmon,holiday,county,co_char,city,weather,weather2,lightcond,surfcond,surftype,numfatal,nmforms,pforms,vforms,not_tm,arr_tm,hosp_tm,fhevent,hitrun,manncol,milepnt,reljunc,reljuncinter,intersectiontype,funcsystem,landuse,ownership,route,schlbus,spejur,contdev,devfunc,trafid1,trafid2,x,y,wk_zone,vnumber,crashtype,criticalevent,criticaleventcat,spdlim,body,trailer,emerg,hazcargo,leave,mhevent,roadalgn,roadprof,traflane,trafflow,vehmanvr,numoccs,regowner,regstate,spuse,make,model,modelyr,vrf1,vrf2,seqevent1,seqevent2,seqevent3,seqevent4,seqevent5,seqevent6,pnumber,ptype,age,sex,hispanic,race,injury,diedscene,restraint,restraintmisuse,seatpos,takehosp,death_dt,death_tm,cert,cernum_wa,commlic,licendor,licrestrict,liccomp,drivpres,drf1,drf2,drf3,drf4,distract1,distract2,distract3,distract4,distract5,distract6,dricond1,dricond2,dricond3,dricond4,dricond5,dricond6,dzip,licstate,drhgt_in,weight,noncdl,noncdltype,prevdwi,prevoth,prevacc,prevspd,prevsus,driviol1,driviol2,driviol3,driviol4,driviol5,driviol6,spdrel,first_dt,last_dt,airbag,ejection,ejectpath,extricat,injurwrk,methalc,methdrug,nmlocat,strikveh,prf1,prf2,prf3,druginv,alcinvol,drugsts,drugres1,drugres2,drugres3,drugtst1,drugtst2,drugtst3,alcsts,alctst,alcres,nmact1,nmact2,nmact3,nmact4,nmact5,nmact6,nmprior1,nmprior2,nmprior3,nmprior4,nmprior5,nmprior6,nmcond1,nmcond2,nmcond3,nmcond4,nmcond5,nmcond6,nmsafe_helmet,nmsafe_pads,nmsafe_oth,nmprev_ref,nmprev_lgt,nmprev_oth,crashlocation,nmcrashtype,crosswalk,schoolzone,sidewalk,train_inv,wildlife_inv,rotr_fars,intersect_fars,dd_inv,aid_inv,dpd_inv,id_inv,mj_inv,impnm_inv,ainm_inv,dpnm_inv,speed_inv,unlic_inv,unendmc_inv,drowsy_inv,drdist_inv,nmdist_inv,fty_inv,unrestfat_inv,dr1617_inv,dr1820_inv,dr1620_inv,dr2125_inv,dr1625_inv,dr65_inv,dr70_inv,dr75_inv,mc_inv,pv_inv,ht_inv,ped_inv,bike_inv,unrest_fat,mc_fat,unhelmet_mc,pv_fat,ht_fat,ped_fat,bike_fat,dr_alc7,dr_alc8,dr_drug,dr_imp,dr_dist,dr_spd,dr_fty,dr_unlic,dr_alc7only,dr_alc8only,dr_drugonly,dr_drink,nm_imp,nm_alc7,nm_alc8,nm_drug,nm_dist,agegrp1,agegrp2,roadclass,urbrur,dayweek,restuse,vehtype,race_me,intersect,lanedep,oppdir,wrongway,rep_typ,investag,repag_long,rotr,st_rd,cty_rd,city_rd,oth_rd,drug_thc,thc_res,drug_cthc,cthc_res,drug_cann,prevpersemin,prevperse,prevsusoth,drugtst4,drugtst5,drugtst6,drugtst7,drugtst8,drugres4,drugres5,drugres6,drugres7,drugres8,adspresent,adsengaged,adslevel,race1,race2,race3,race4,race5,helmet,helmetmisuse,nmdistract1,nmdistract2,nmdistract3,nmdistract4,nmdistract5,nmdistract6,lab,isedtcase,crf1,crf2,crf3,CoRoadName,CoMP,IntCoRoadName,IntCoMP,zipcode
281,2017,192,E673996,67.0,05/22/2017,7:32,22,5,0.0,35,Kitsap,180,1,0.0,1,1,2,1,0,1,3,,,,14,0,0,0.0,1,0,1,7,2,4,6,0,0,0,0,BAY VISTA BLVD,,-122.6787139,47.566072222,0,1,6,12,2,98,4,0,0,1,5,14,1,2,2,1,1,1,1,53,0,49,40,1998,0,0.0,68,64.0,14.0,14.0,,,1,1,90,1,7.0,1.0,4,0,3,0,11,5,06/01/2017,18:47,223053017712.0,17712.0,0.0,0.0,3.0,3.0,1,0,0.0,0.0,0.0,96,,,,,,0,,,,,,98312.0,53,69.0,168.0,6.0,1.0,0.0,0.0,1.0,0.0,0.0,0,,,,,,0,10/15/2012,10/15/2012,20,0,0,0,0.0,9,8,,,0,0.0,0.0,8,0,0.0,0.0,0.0,0.0,0.0,0.0,0.0,0,0,996.0,,,,,,,,,,,,,,,,,,,,,,,,,,,,,,0,0,1,0,0,0,0,0,0,0,0,0,0,0,0,0,0,0,0,0,0,0,0,0,0,1,1,1,0,1,0,0,0,0,0,,1,0,0,0,0,0,0,0,0,0,0,0,0,0,0,0,,,,,,81+,76+,City street,U,Monday,Belt Used,PV,White,0,1,0,0,City Street,Municipal/City Police,Bremerton Police Department,1,0,0,1,0,,,,,,,,,,,,,,,,,,,,,,,,,,,,,,,,,,,,,,,,,,,,98312
282,2017,193,E677673,26.0,06/03/2017,8:59,3,6,0.0,35,Kitsap,0,1,0.0,1,1,2,1,0,1,1,,,,42,0,0,0.5,1,0,1,5,1,2,4,0,3,0,0,CR-COLUMBIA ST NE,,-122.5690806,47.736808333,0,1,6,12,2,35,34,0,0,1,2,42,2,2,2,1,14,1,1,53,0,20,471,1996,0,0.0,63,69.0,68.0,64.0,42.0,,1,1,46,1,7.0,1.0,4,7,3,0,11,0,06/03/2017,8:59,53025377.0,25377.0,0.0,0.0,0.0,3.0,1,0,0.0,0.0,0.0,96,,,,,,99,,,,,,98392.0,53,69.0,185.0,6.0,1.0,0.0,0.0,2.0,1.0,0.0,0,,,,,,4,05/15/2016,04/15/2017,20,0,0,0,0.0,9,8,,,0,0.0,0.0,8,9,2.0,1.0,0.0,0.0,1.0,0.0,0.0,2,1,0.0,,,,,,,,,,,,,,,,,,,,,,,,,,,,,,0,0,1,0,0,0,0,0,0,0,0,0,1,0,0,0,0,0,0,0,0,0,0,0,0,0,0,0,0,0,0,0,0,0,0,,0,0,0,0,0,0,0,0,0,1,0,0,0,0,0,0,,,,,,46-50,46-55,County road,R,Saturday,Belt Used,PV,White,0,1,0,0,County Road,County Sheriff,Kitsap County Sheriff's Office,1,0,1,0,0,,,,,,,,,,,,,,,,,,,,,,,,,,,,,,,,,,,,,,,,,,,,98392
283,2017,194,E678581,1.0,06/05/2017,16:03,5,6,0.0,21,Franklin,0,1,0.0,1,1,2,2,0,3,2,,,,12,0,2,11.2,1,0,1,3,1,1,3,0,0,0,0,SR-17,,-119.0203028,46.719491667,0,1,50,10,2,60,4,0,0,1,2,12,1,1,2,1,6,2,2,53,0,12,37,2005,0,0.0,68,12.0,,,,,1,1,17,1,1.0,1.0,4,7,20,0,11,0,06/05/2017,16:03,53025644.0,25644.0,0.0,0.0,0.0,3.0,1,28,35.0,0.0,0.0,96,,,,,,0,,,,,,98837.0,53,65.0,125.0,6.0,2.0,0.0,1.0,0.0,0.0,0.0,0,,,,,,0,05/15/2016,05/15/2016,1,0,0,0,0.0,9,8,,,0,0.0,0.0,8,0,0.0,0.0,0.0,0.0,0.0,0.0,0.0,0,0,996.0,,,,,,,,,,,,,,,,,,,,,,,,,,,,,,0,0,0,0,0,0,0,0,0,0,0,0,0,0,0,0,0,0,0,1,1,0,1,0,1,0,0,0,0,1,1,0,0,1,0,,1,0,0,0,0,0,0,0,0,0,0,0,0,0,0,0,,,,,,16-17,16-25,State route,R,Monday,Not Used,PV,Hispanic,0,1,1,0,State Route,State Patrol,Washington State Patrol Headquarter,0,1,0,0,0,,,,,,,,,,,,,,,,,,,,,,,,,,,,,,,,,,,,,,,,,,,,
284,2017,194,E678581,1.0,06/05/2017,16:03,5,6,0.0,21,Franklin,0,1,0.0,1,1,2,2,0,3,2,,,,12,0,2,11.2,1,0,1,3,1,1,3,0,0,0,0,SR-17,,-119.0203028,46.719491667,0,2,51,62,4,60,67,0,0,1,2,12,1,1,2,1,1,1,2,16,0,7,880,2017,0,0.0,12,,,,,,1,1,50,1,0.0,0.0,1,0,3,0,11,8,,,,,0.0,0.0,0.0,3.0,1,0,0.0,0.0,0.0,0,,,,,,0,,,,,,83714.0,16,71.0,210.0,6.0,1.0,0.0,0.0,0.0,0.0,0.0,0,,,,,,0,,,1,0,0,0,8.0,9,8,,,0,0.0,0.0,8,0,0.0,0.0,0.0,0.0,0.0,0.0,0.0,0,0,996.0,,,,,,,,,,,,,,,,,,,,,,,,,,,,,,0,0,0,0,0,0,0,0,0,0,0,0,0,0,0,0,0,0,0,1,1,0,1,0,1,0,0,0,0,1,1,0,0,0,0,,0,0,0,0,0,0,0,0,0,0,0,0,0,0,0,0,,,,,,46-50,46-55,State route,R,Monday,Belt Used,MHTRUCK,Not Fatal,0,1,1,0,State Route,State Patrol,Washington State Patrol Headquarter,0,1,0,0,0,,,,,,,,,,,,,,,,,,,,,,,,,,,,,,,,,,,,,,,,,,,,
285,2017,195,E681956,7.0,06/07/2017,20:40,7,6,0.0,33,King,1960,1,0.0,1,1,1,1,1,1,1,,,,9,0,0,0.1,20,1,1,1,2,1,1,0,0,0,0,I-5 RAMP P116421,,-122.3201944,47.587658333,0,1,13,83,5,98,4,0,0,1,5,9,1,1,1,6,1,1,1,53,0,12,23,2014,0,0.0,9,,,,,,1,1,24,1,0.0,0.0,0,0,3,0,11,0,,,,,0.0,0.0,0.0,3.0,1,0,0.0,0.0,0.0,0,,,,,,0,,,,,,98146.0,53,77.0,300.0,6.0,1.0,0.0,2.0,0.0,2.0,2.0,0,,,,,,0,05/15/2014,08/15/2016,20,0,0,0,8.0,9,8,,,0,0.0,0.0,8,0,0.0,0.0,0.0,0.0,0.0,0.0,0.0,0,0,996.0,,,,,,,,,,,,,,,,,,,,,,,,,,,,,,0,0,0,0,0,0,0,0,0,1,0,1,0,0,0,0,0,0,0,0,0,0,0,1,1,0,0,0,0,1,0,0,1,0,0,,0,0,0,0,0,0,0,0,0,0,0,0,0,0,0,0,,,,,,21-25,16-25,Interstate,U,Wednesday,Belt Used,PV,Not Fatal,0,0,0,0,State Route,State Patrol,Washington State Patrol Headquarter,0,1,0,0,0,,,,,,,,,,,,,,,,,,,,,,,,,,,,,,,,,,,,,,,,,,,,98104
286,2017,196,E680052,3.0,06/04/2017,13:38,4,6,0.0,53,Pierce,0,10,0.0,1,1,2,1,0,1,1,13:38,13:47,14:35,24,0,0,16.6,1,0,1,4,2,1,3,0,0,0,0,SR-162,,-122.0722861,47.142386111,0,1,6,12,2,50,80,0,0,1,5,24,3,2,2,1,14,1,1,53,0,98,706,2016,0,0.0,68,64.0,24.0,,,,1,1,25,1,7.0,1.0,4,0,19,0,11,5,06/04/2017,15:01,201753025453.0,25453.0,0.0,0.0,0.0,3.0,1,0,0.0,0.0,0.0,96,,,,,,99,,,,,,98446.0,53,71.0,176.0,6.0,1.0,0.0,0.0,0.0,0.0,0.0,0,,,,,,4,,,20,8,0,0,0.0,9,8,,,0,0.0,0.0,8,9,2.0,522.0,0.0,0.0,1.0,0.0,0.0,2,1,0.0,,,,,,,,,,,,,,,,,,,,,,,,,,,,,,0,0,1,0,0,0,1,1,0,0,0,0,1,0,0,0,0,0,0,0,0,0,0,1,1,0,0,0,1,0,0,0,0,0,1,0.0,0,0,0,0,0,0,1,1,0,1,0,0,0,0,1,0,,,,,,21-25,16-25,State route,U,Sunday,,MC,White,0,1,0,0,State Route,State Patrol,Washington State Patrol Headquarter,1,1,0,0,0,,,,,,,,,,,,,,,,,,,,,,,,,,,,,,,,,,,,,,,,,,,,98385
287,2017,197,E681995,5.0,06/10/2017,1:06,10,6,0.0,59,Skamania,0,10,0.0,2,8,2,1,1,1,1,,,,15,0,0,28.5,1,0,1,3,1,1,3,0,0,0,0,SR-14,,-122.1322194,45.595458333,0,1,13,83,5,55,34,0,0,1,2,15,1,1,2,1,1,1,1,53,0,12,481,2015,0,0.0,15,,,,,,1,1,75,1,0.0,0.0,0,0,3,0,11,0,,,,,0.0,0.0,3.0,3.0,1,0,0.0,0.0,0.0,0,,,,,,0,,,,,,98671.0,53,72.0,237.0,6.0,1.0,0.0,0.0,0.0,0.0,0.0,0,,,,,,0,,,20,0,0,0,8.0,9,8,,,0,0.0,0.0,0,0,8.0,95.0,0.0,0.0,6.0,0.0,0.0,8,95,995.0,,,,,,,,,,,,,,,,,,,,,,,,,,,,,,0,0,0,0,0,0,0,0,0,1,0,1,0,0,0,0,0,0,0,0,0,0,0,0,0,1,1,1,0,0,0,1,0,0,0,,0,0,0,0,0,0,0,0,0,0,0,0,0,0,0,0,,,,,,71-75,66-75,State route,R,Saturday,Belt Used,PV,Not Fatal,0,0,0,0,State Route,State Patrol,Washington State Patrol Headquarter,0,1,0,0,0,,,,,,,,,,,,,,,,,,,,,,,,,,,,,,,,,,,,,,,,,,,,98671
288,2017,198,E681707,6.0,06/12/2017,6:40,12,6,0.0,47,Okanogan,1600,1,0.0,1,1,2,1,0,2,2,,,,12,0,2,277.5,1,0,1,3,2,1,2,0,0,0,0,US-97,,-119.5061611,48.418944444,0,1,50,10,2,50,6,0,0,1,2,12,1,1,2,1,1,1,1,53,0,48,31,1987,0,0.0,68,12.0,,,,,1,1,57,1,7.0,1.0,4,0,20,0,11,0,06/12/2017,7:35,160053026815.0,26815.0,0.0,0.0,0.0,3.0,1,0,0.0,0.0,0.0,96,,,,,,99,,,,,,98841.0,53,73.0,200.0,6.0,1.0,0.0,0.0,0.0,0.0,0.0,0,,,,,,0,,,20,0,0,0,0.0,9,8,,,0,0.0,0.0,8,9,2.0,1.0,0.0,0.0,1.0,0.0,0.0,2,1,0.0,,,,,,,,,,,,,,,,,,,,,,,,,,,,,,0,0,0,0,0,0,0,0,0,0,0,0,0,0,0,0,0,0,0,1,0,0,0,0,0,1,1,1,0,1,0,0,0,1,0,,1,0,0,0,0,0,0,0,0,0,0,0,0,0,0,0,,,,,,56-60,56-65,US highway,U,Monday,Not Used,PV,White,0,1,1,0,State Route,State Patrol,Washington State Patrol Headquarter,0,1,0,0,0,,,,,,,,,,,,,,,,,,,,,,,,,,,,,,,,,,,,,,,,,,,,98841
289,2017,198,E681707,6.0,06/12/2017,6:40,12,6,0.0,47,Okanogan,1600,1,0.0,1,1,2,1,0,2,2,,,,12,0,2,277.5,1,0,1,3,2,1,2,0,0,98,3,US-97,,-119.5061611,48.418944444,0,2,51,62,4,50,34,1,0,1,2,12,1,1,2,1,1,1,1,53,0,23,472,2008,0,0.0,12,,,,,,1,1,76,1,0.0,0.0,2,0,3,0,11,8,,,,,0.0,0.0,0.0,3.0,1,0,0.0,0.0,0.0,0,,,,,,0,,,,,,98368.0,53,67.0,170.0,6.0,1.0,0.0,0.0,0.0,0.0,0.0,0,,,,,,0,,,1,0,0,0,8.0,9,8,,,0,0.0,0.0,8,0,0.0,0.0,0.0,0.0,0.0,0.0,0.0,0,0,996.0,,,,,,,,,,,,,,,,,,,,,,,,,,,,,,0,0,0,0,0,0,0,0,0,0,0,0,0,0,0,0,0,0,0,1,0,0,0,0,0,1,1,1,0,1,0,0,0,0,0,,0,0,0,0,0,0,0,0,0,0,0,0,0,0,0,0,,,,,,76-80,76+,US highway,U,Monday,Belt Used,PV,Not Fatal,0,1,1,0,State Route,State Patrol,Washington State Patrol Headquarter,0,1,0,0,0,,,,,,,,,,,,,,,,,,,,,,,,,,,,,,,,,,,,,,,,,,,,98841
290,2017,199,E683693,4.0,06/13/2017,21:52,13,6,0.0,63,Spokane,0,1,0.0,2,1,2,1,0,1,1,,,,59,0,0,0.5,5,1,1,1,2,1,1,0,0,0,0,I-90 RAMP R127825,,-117.4795056,47.634758333,0,1,6,12,2,55,80,0,0,1,2,59,2,2,1,6,14,1,1,6,0,73,706,2005,0,0.0,64,59.0,24.0,,,,1,1,49,1,7.0,1.0,4,7,19,0,11,0,06/13/2017,22:00,53026676.0,26676.0,0.0,0.0,3.0,3.0,1,0,0.0,0.0,0.0,92,,,,,,0,,,,,,99206.0,53,70.0,220.0,6.0,1.0,0.0,2.0,0.0,5.0,0.0,0,,,,,,0,07/15/2012,09/15/2016,20,8,0,0,0.0,9,8,,,0,0.0,0.0,8,0,2.0,1.0,0.0,0.0,1.0,0.0,0.0,2,1,0.0,,,,,,,,,,,,,,,,,,,,,,,,,,,,,,0,0,1,0,0,0,0,0,0,0,0,0,0,0,0,0,1,0,0,0,0,0,0,0,0,0,0,0,1,0,0,0,0,0,1,0.0,0,0,0,0,0,0,0,0,1,0,0,0,0,0,0,0,,,,,,46-50,46-55,Interstate,U,Tuesday,,MC,White,0,1,0,0,State Route,State Patrol,Washington State Patrol Headquarter,1,1,0,0,0,,,,,,,,,,,,,,,,,,,,,,,,,,,,,,,,,,,,,,,,,,,,99224
291,2017,200,E685421,4.0,06/14/2017,17:53,14,6,0.0,75,Whitman,0,10,0.0,1,1,2,1,0,3,2,18:01,18:35,19:34,12,0,2,118.9,1,0,1,3,1,1,3,0,0,0,0,SR-26,,-117.673025,46.812652778,0,1,50,10,2,65,4,0,0,1,2,12,1,1,2,1,17,1,9,99,0,49,40,1995,0,0.0,63,69.0,68.0,12.0,,,1,1,64,1,7.0,2.0,4,7,3,0,11,0,06/14/2017,18:10,53026753.0,26753.0,0.0,0.0,3.0,3.0,1,28,58.0,0.0,0.0,96,,,,,,9,,,,,,83843.0,16,67.0,120.0,6.0,1.0,0.0,0.0,0.0,0.0,0.0,0,,,,,,0,,,8,0,0,0,0.0,9,1,,,0,0.0,0.0,1,0,2.0,605.0,998.0,0.0,1.0,1.0,0.0,2,1,0.0,,,,,,,,,,,,,,,,,,,,,,,,,,,,,,0,0,0,0,0,0,1,1,1,0,0,0,0,0,0,0,0,0,0,0,0,0,0,0,0,0,0,0,0,1,0,0,0,0,0,,1,0,0,0,0,0,1,1,0,0,0,0,0,0,1,0,,,,,,61-65,56-65,State route,R,Wednesday,Belt Used,PV,Black,0,1,1,0,State Route,State Patrol,Washington State Patrol Headquarter,0,1,0,0,0,thc,48.0,carboxy-thc,29.0,,,,,,,,,,,,,,,,,,,,,,,,,,,,,,,,,,,,,,,,99143
292,2017,200,E685421,4.0,06/14/2017,17:53,14,6,0.0,75,Whitman,0,10,0.0,1,1,2,1,0,3,2,18:01,18:35,19:34,12,0,2,118.9,1,0,1,3,1,1,3,0,0,0,0,SR-26,,-117.673025,46.812652778,0,2,51,62,4,65,4,0,0,1,2,12,1,1,2,1,1,2,2,53,0,20,2,2009,0,0.0,12,,,,,,1,1,32,2,0.0,0.0,3,0,3,0,11,8,,,,,0.0,0.0,0.0,3.0,1,0,0.0,0.0,0.0,96,,,,,,0,,,,,,98273.0,53,67.0,155.0,6.0,1.0,0.0,0.0,0.0,0.0,0.0,0,,,,,,0,,,8,0,0,0,8.0,9,8,,,0,0.0,0.0,8,8,0.0,0.0,0.0,0.0,0.0,0.0,0.0,0,0,996.0,,,,,,,,,,,,,,,,,,,,,,,,,,,,,,0,0,0,0,0,0,1,1,1,0,0,0,0,0,0,0,0,0,0,0,0,0,0,0,0,0,0,0,0,1,0,0,0,0,0,,0,0,0,0,0,0,0,0,0,0,0,0,0,0,0,0,,,,,,31-35,26-35,State route,R,Wednesday,Belt Used,PV,Not Fatal,0,1,1,0,State Route,State Patrol,Washington State Patrol Headquarter,0,1,0,0,0,,,,,,,,,,,,,,,,,,,,,,,,,,,,,,,,,,,,,,,,,,,,99143
293,2017,201,E682134,42.0,06/17/2017,2:20,17,6,0.0,67,Thurston,0,1,0.0,2,1,2,1,0,1,1,,,,42,0,0,6.6,1,0,1,5,2,2,4,0,0,0,0,CR-CARPENTER RD NE,,-122.801925,47.08325,0,1,1,13,2,50,3,0,0,1,2,42,1,4,2,1,1,1,2,53,0,55,42,2013,0,0.0,68,63.0,42.0,1.0,,,1,1,17,1,7.0,1.0,4,7,3,0,11,0,06/17/2017,2:20,53027541.0,27541.0,0.0,0.0,0.0,3.0,1,0,0.0,0.0,0.0,99,,,,,,99,,,,,,98503.0,53,70.0,140.0,6.0,2.0,0.0,0.0,0.0,0.0,0.0,0,,,,,,5,,,8,0,0,0,0.0,9,8,,,0,0.0,0.0,8,9,2.0,1.0,0.0,0.0,1.0,0.0,0.0,2,1,0.24,,,,,,,,,,,,,,,,,,,,,,,,,,,,,,0,0,1,0,1,1,0,1,0,0,0,0,1,0,0,0,0,0,0,0,1,0,1,0,1,0,0,0,0,1,0,0,0,0,0,,1,0,0,0,0,1,0,1,0,1,0,0,0,1,0,1,,,,,,16-17,16-25,County road,U,Saturday,Belt Used,PV,White,0,1,0,0,County Road,County Sheriff,Thurston County Sheriff's Office,1,0,1,0,0,,,,,,,,,,,,,,,,,,,,,,,,,,,,,,,,,,,,,,,,,,,,98516
294,2017,202,E684232,1.0,06/17/2017,7:15,17,6,0.0,21,Franklin,0,1,0.0,1,1,2,1,0,3,3,,,,12,0,8,1.7,1,0,1,3,1,1,3,0,0,0,0,SR-17,,-119.0018306,46.585647222,0,1,64,10,2,60,4,0,0,1,2,12,2,2,2,1,14,1,1,53,0,54,39,2013,0,0.0,68,12.0,12.0,,,,1,1,24,2,1.0,1.0,4,7,3,0,11,0,06/17/2017,7:15,130853027171.0,27171.0,0.0,0.0,0.0,3.0,1,28,0.0,0.0,0.0,96,,,,,,9,,,,,,98857.0,53,66.0,140.0,6.0,1.0,0.0,0.0,0.0,4.0,2.0,0,,,,,,4,08/15/2013,03/15/2016,8,0,0,0,0.0,1,8,,,0,0.0,0.0,8,1,2.0,1.0,0.0,0.0,1.0,0.0,0.0,2,1,0.2,,,,,,,,,,,,,,,,,,,,,,,,,,,,,,0,0,0,0,1,1,0,1,0,0,0,0,1,0,0,0,0,0,0,0,0,0,0,1,1,0,0,0,0,1,0,0,0,0,0,,1,0,0,0,0,1,0,1,0,1,0,0,0,1,0,1,,,,,,21-25,16-25,State route,R,Saturday,Belt Used,PV,Hispanic,0,1,1,0,State Route,State Patrol,Washington State Patrol Headquarter,0,1,0,0,0,,,,,,,,,,,,,,,,,,,,,,,,,,,,,,,,,,,,,,,,,,,,
295,2017,202,E684232,1.0,06/17/2017,7:15,17,6,0.0,21,Franklin,0,1,0.0,1,1,2,1,0,3,3,,,,12,0,8,1.7,1,0,1,3,1,1,3,0,0,0,0,SR-17,,-119.0018306,46.585647222,0,2,65,62,4,60,4,0,0,1,2,12,3,2,2,1,14,1,1,53,0,37,32,2004,0,0.0,12,63.0,25.0,2.0,,,1,1,63,1,0.0,0.0,2,0,3,0,11,4,,,,,0.0,0.0,3.0,3.0,1,0,0.0,0.0,0.0,0,,,,,,0,,,,,,99336.0,53,71.0,225.0,6.0,1.0,0.0,0.0,1.0,0.0,0.0,0,,,,,,0,11/15/2014,11/15/2014,8,0,0,0,8.0,9,8,,,0,0.0,0.0,8,0,0.0,0.0,0.0,0.0,0.0,0.0,0.0,0,0,996.0,,,,,,,,,,,,,,,,,,,,,,,,,,,,,,0,0,0,0,1,1,0,1,0,0,0,0,1,0,0,0,0,0,0,0,0,0,0,1,1,0,0,0,0,1,0,0,0,0,0,,0,0,0,0,0,0,0,0,0,0,0,0,0,0,0,0,,,,,,61-65,56-65,State route,R,Saturday,Belt Used,PV,Not Fatal,0,1,1,0,State Route,State Patrol,Washington State Patrol Headquarter,0,1,0,0,0,,,,,,,,,,,,,,,,,,,,,,,,,,,,,,,,,,,,,,,,,,,,
296,2017,202,E684232,1.0,06/17/2017,7:15,17,6,0.0,21,Franklin,0,1,0.0,1,1,2,1,0,3,3,,,,12,0,8,1.7,1,0,1,3,1,1,3,0,0,0,0,SR-17,,-119.0018306,46.585647222,0,3,98,62,4,60,15,0,0,1,2,12,3,2,2,1,14,1,1,53,0,23,421,2008,0,0.0,12,,,,,,1,1,39,1,0.0,0.0,3,0,3,0,11,4,,,,,0.0,0.0,0.0,3.0,1,0,0.0,0.0,0.0,0,,,,,,0,,,,,,98813.0,53,67.0,180.0,6.0,1.0,1.0,1.0,0.0,2.0,1.0,0,,,,,,0,07/15/2012,04/15/2015,8,0,0,0,8.0,9,8,,,0,0.0,0.0,8,0,0.0,0.0,0.0,0.0,0.0,0.0,0.0,0,0,996.0,,,,,,,,,,,,,,,,,,,,,,,,,,,,,,0,0,0,0,1,1,0,1,0,0,0,0,1,0,0,0,0,0,0,0,0,0,0,1,1,0,0,0,0,1,0,0,0,0,0,,0,0,0,0,0,0,0,0,0,0,0,0,0,0,0,0,,,,,,36-40,36-45,State route,R,Saturday,Belt Used,PV,Not Fatal,0,1,1,0,State Route,State Patrol,Washington State Patrol Headquarter,0,1,0,0,0,,,,,,,,,,,,,,,,,,,,,,,,,,,,,,,,,,,,,,,,,,,,
297,2017,203,E710630,35.0,05/28/2017,16:10,28,5,4.0,53,Pierce,0,1,0.0,1,1,2,1,0,1,1,,,,38,0,0,8.0,1,0,1,3,2,2,4,0,0,0,0,CR-112TH ST S,,-122.4573583,47.155627778,0,1,6,12,2,35,62,0,0,1,2,42,1,1,5,5,1,1,3,53,0,23,881,1995,0,0.0,68,64.0,38.0,42.0,,,1,1,40,1,7.0,38.0,4,7,20,0,11,0,05/28/2017,16:27,223053024437.0,24437.0,0.0,0.0,0.0,2.0,1,0,0.0,0.0,0.0,96,,,,,,9,,,,,,98444.0,53,72.0,200.0,1.0,1.0,0.0,0.0,0.0,0.0,0.0,0,,,,,,0,,,20,0,0,0,0.0,1,8,,,0,0.0,0.0,8,1,2.0,401.0,417.0,605.0,1.0,1.0,1.0,2,1,0.031,,,,,,,,,,,,,,,,,,,,,,,,,,,,,,0,0,1,0,1,0,1,1,1,0,0,0,0,1,0,0,0,0,0,0,0,0,0,0,0,0,0,0,0,0,1,0,0,0,0,,0,1,0,0,1,0,1,1,0,0,0,1,0,0,0,1,,,,,,36-40,36-45,County road,U,Sunday,,MHTRUCK,API,0,1,0,0,County Road,County Sheriff,Law Enforcement Support Agency,1,0,1,0,0,thc,3.0,carboxy-thc,11.0,,,,,,,,,,,,,,,,,,,,,,,,,,,,,,,,,,,,,,,,98444
298,2017,204,E685651,21.0,06/17/2017,16:17,17,6,0.0,25,Grant,0,1,0.0,1,1,7,1,0,1,1,,,,1,0,0,0.0,1,0,1,7,1,2,4,0,0,0,0,CR-24 SW,,-119.9383194,46.737502778,0,1,7,13,2,50,34,0,0,1,2,1,1,1,2,1,1,1,2,53,0,20,481,2004,0,0.0,63,69.0,68.0,64.0,1.0,17.0,1,1,28,1,99.0,1.0,4,7,3,0,11,0,06/17/2017,16:17,129353027480.0,27480.0,0.0,0.0,0.0,3.0,1,58,0.0,0.0,0.0,96,,,,,,9,,,,,,99349.0,53,69.0,180.0,6.0,1.0,0.0,0.0,0.0,0.0,0.0,0,,,,,,3,,,99,0,0,0,0.0,9,8,,,0,0.0,0.0,8,1,2.0,1.0,0.0,0.0,1.0,0.0,0.0,2,1,0.11,,,,,,,,,,,,,,,,,,,,,,,,,,,,,,0,0,0,0,1,1,0,1,0,0,0,0,1,0,0,0,0,0,0,0,0,0,0,0,0,0,0,0,0,0,0,0,0,0,0,,0,0,0,0,0,1,0,1,0,1,0,0,0,1,0,1,,,,,,26-30,26-35,County road,R,Saturday,Belt Used,PV,White,0,1,0,0,County Road,County Sheriff,Grant County Sheriff's Office,1,0,1,0,0,,,,,,,,,,,,,,,,,,,,,,,,,,,,,,,,,,,,,,,,,,,,99349