,year,case,par,repjur,crash_dt,crash_tm,accday,accmon,holiday,county,co_char,city,weather,weather2,lightcond,surfcond,surftype,numfatal,nmforms,pforms,vforms,not_tm,arr_tm,hosp_tm,fhevent,hitrun,manncol,milepnt,reljunc,reljuncinter,intersectiontype,funcsystem,landuse,ownership,route,schlbus,spejur,contdev,devfunc,trafid1,trafid2,x,y,wk_zone,vnumber,crashtype,criticalevent,criticaleventcat,spdlim,body,trailer,emerg,hazcargo,leave,mhevent,roadalgn,roadprof,traflane,trafflow,vehmanvr,numoccs,regowner,regstate,spuse,make,model,modelyr,vrf1,vrf2,seqevent1,seqevent2,seqevent3,seqevent4,seqevent5,seqevent6,pnumber,ptype,age,sex,hispanic,race,injury,diedscene,restraint,restraintmisuse,seatpos,takehosp,death_dt,death_tm,cert,cernum_wa,commlic,licendor,licrestrict,liccomp,drivpres,drf1,drf2,drf3,drf4,distract1,distract2,distract3,distract4,distract5,distract6,dricond1,dricond2,dricond3,dricond4,dricond5,dricond6,dzip,licstate,drhgt_in,weight,noncdl,noncdltype,prevdwi,prevoth,prevacc,prevspd,prevsus,driviol1,driviol2,driviol3,driviol4,driviol5,driviol6,spdrel,first_dt,last_dt,airbag,ejection,ejectpath,extricat,injurwrk,methalc,methdrug,nmlocat,strikveh,prf1,prf2,prf3,druginv,alcinvol,drugsts,drugres1,drugres2,drugres3,drugtst1,drugtst2,drugtst3,alcsts,alctst,alcres,nmact1,nmact2,nmact3,nmact4,nmact5,nmact6,nmprior1,nmprior2,nmprior3,nmprior4,nmprior5,nmprior6,nmcond1,nmcond2,nmcond3,nmcond4,nmcond5,nmcond6,nmsafe_helmet,nmsafe_pads,nmsafe_oth,nmprev_ref,nmprev_lgt,nmprev_oth,crashlocation,nmcrashtype,crosswalk,schoolzone,sidewalk,train_inv,wildlife_inv,rotr_fars,intersect_fars,dd_inv,aid_inv,dpd_inv,id_inv,mj_inv,impnm_inv,ainm_inv,dpnm_inv,speed_inv,unlic_inv,unendmc_inv,drowsy_inv,drdist_inv,nmdist_inv,fty_inv,unrestfat_inv,dr1617_inv,dr1820_inv,dr1620_inv,dr2125_inv,dr1625_inv,dr65_inv,dr70_inv,dr75_inv,mc_inv,pv_inv,ht_inv,ped_inv,bike_inv,unrest_fat,mc_fat,unhelmet_mc,pv_fat,ht_fat,ped_fat,bike_fat,dr_alc7,dr_alc8,dr_drug,dr_imp,dr_dist,dr_spd,dr_fty,dr_unlic,dr_alc7only,dr_alc8only,dr_drugonly,dr_drink,nm_imp,nm_alc7,nm_alc8,nm_drug,nm_dist,agegrp1,agegrp2,roadclass,urbrur,dayweek,restuse,vehtype,race_me,intersect,lanedep,oppdir,wrongway,rep_typ,investag,repag_long,rotr,st_rd,cty_rd,city_rd,oth_rd,drug_thc,thc_res,drug_cthc,cthc_res,drug_cann,prevpersemin,prevperse,prevsusoth,drugtst4,drugtst5,drugtst6,drugtst7,drugtst8,drugres4,drugres5,drugres6,drugres7,drugres8,adspresent,adsengaged,adslevel,race1,race2,race3,race4,race5,helmet,helmetmisuse,nmdistract1,nmdistract2,nmdistract3,nmdistract4,nmdistract5,nmdistract6,lab,isedtcase,crf1,crf2,crf3,CoRoadName,CoMP,IntCoRoadName,IntCoMP,zipcode
318,2017,218,E687092,6.0,06/30/2017,22:21,30,6,5.0,37,Kittitas,0,1,0.0,2,1,2,2,0,5,1,22:47,23:13,23:46,24,0,0,127.0,1,0,1,1,1,1,1,0,0,0,0,I-90,,-120.1418472,46.941363889,0,1,98,3,1,70,14,0,0,1,2,1,1,2,2,3,1,5,1,53,0,52,401,2002,0,0.0,61,64.0,24.0,1.0,,,1,1,47,1,7.0,18.0,4,7,3,0,11,0,06/30/2017,22:21,53029200.0,29200.0,0.0,0.0,3.0,3.0,1,80,0.0,0.0,0.0,96,,,,,,0,,,,,,98053.0,53,71.0,164.0,6.0,1.0,0.0,0.0,1.0,0.0,0.0,0,,,,,,0,07/15/2012,07/15/2012,20,0,0,0,0.0,9,8,,,0,0.0,0.0,8,0,2.0,1.0,0.0,0.0,1.0,0.0,0.0,2,1,0.0,,,,,,,,,,,,,,,,,,,,,,,,,,,,,,0,0,0,0,0,0,0,0,0,0,0,0,0,0,0,0,0,0,0,1,0,0,0,0,0,0,0,0,0,1,0,0,0,0,0,,1,0,0,0,0,0,0,0,0,0,0,0,0,0,0,0,,,,,,46-50,46-55,Interstate,R,Friday,Belt Used,PV,API,0,1,0,0,State Route,State Patrol,Washington State Patrol Headquarter,1,1,0,0,0,,,,,,,,,,,,,,,,,,,,,,,,,,,,,,,,,,,,,,,,,,,,
319,2017,219,E687465,127.0,06/30/2017,17:01,30,6,0.0,33,King,735,1,0.0,1,1,2,1,1,1,1,,,,8,0,0,0.0,8,0,1,4,2,4,6,0,0,0,0,S 288TH ST,,-122.3019611,47.343405556,0,1,13,80,5,98,34,0,0,1,5,8,1,2,5,1,10,1,1,53,0,7,482,2014,0,0.0,8,,,,,,1,1,53,1,0.0,0.0,0,0,3,0,11,0,,,,,0.0,0.0,0.0,3.0,1,0,0.0,0.0,0.0,96,,,,,,0,,,,,,98001.0,53,74.0,230.0,6.0,1.0,0.0,0.0,0.0,0.0,0.0,0,,,,,,0,,,20,0,0,0,8.0,9,8,,,0,0.0,0.0,8,0,0.0,0.0,0.0,0.0,0.0,0.0,0.0,0,0,996.0,,,,,,,,,,,,,,,,,,,,,,,,,,,,,,0,0,0,0,0,0,0,0,0,1,1,0,0,0,0,0,0,0,0,0,0,0,0,0,0,0,0,0,0,0,0,1,0,0,0,,0,0,0,0,0,0,0,0,0,0,0,0,0,0,0,0,,,,,,51-55,46-55,City street,U,Friday,Belt Used,PV,Not Fatal,0,0,0,0,City Street,Municipal/City Police,Federal Way Dept of Public Safety,0,0,0,1,0,,,,,,,,,,,,,,,,,,,,,,,,,,,,,,,,,,,,,,,,,,,,98003
320,2017,220,E688425,1.0,06/30/2017,21:49,30,6,5.0,77,Yakima,0,1,0.0,2,1,2,1,1,1,1,,,,8,0,0,4.0,1,0,1,5,1,2,4,0,0,0,0,CR-GLADE RD,,-120.0007861,46.185263889,0,1,13,80,5,50,55,0,0,1,5,8,1,3,2,1,1,1,1,53,0,98,870,1995,0,0.0,8,,,,,,1,1,54,1,0.0,0.0,0,0,3,0,11,0,,,,,0.0,0.0,0.0,3.0,1,0,0.0,0.0,0.0,0,,,,,,0,,,,,,98942.0,53,72.0,200.0,6.0,1.0,0.0,0.0,0.0,0.0,0.0,0,,,,,,0,,,20,0,0,0,8.0,9,8,,,0,0.0,0.0,8,0,0.0,0.0,0.0,0.0,0.0,0.0,0.0,0,0,996.0,,,,,,,,,,,,,,,,,,,,,,,,,,,,,,0,0,0,0,0,0,0,0,0,1,1,0,0,0,0,0,0,0,0,0,0,0,0,0,0,0,0,0,0,0,0,1,0,0,0,,0,0,0,0,0,0,0,0,0,0,0,0,0,0,0,0,,,,,,51-55,46-55,County road,R,Friday,,BUS,Not Fatal,0,0,0,0,County Road,State Patrol,Washington State Patrol Headquarter,0,0,1,0,0,,,,,,,,,,,,,,,,,,,,,,,,,,,,,,,,,,,,,,,,,,,,98935
321,2017,221,E688194,25.0,06/25/2017,18:28,25,6,0.0,33,King,254,1,0.0,1,1,2,1,0,1,1,,,,59,0,0,5.5,1,0,1,4,2,1,3,0,0,0,0,SR-203,,-121.9159194,47.641025,0,1,7,12,2,30,34,0,0,1,2,42,1,1,2,1,1,1,3,53,0,12,471,2000,0,0.0,68,64.0,59.0,42.0,,,1,1,47,1,1.0,1.0,4,7,20,0,11,0,06/25/2017,18:28,25453028966.0,28966.0,0.0,0.0,0.0,3.0,1,0,0.0,0.0,0.0,96,,,,,,99,,,,,,98014.0,53,72.0,150.0,6.0,1.0,0.0,1.0,0.0,0.0,0.0,0,,,,,,3,01/15/2013,01/15/2013,20,0,0,0,0.0,9,8,,,0,0.0,0.0,8,1,2.0,1.0,0.0,0.0,1.0,0.0,0.0,2,1,0.3,,,,,,,,,,,,,,,,,,,,,,,,,,,,,,0,0,0,0,1,1,0,1,0,0,0,0,1,0,0,0,0,0,0,0,0,0,0,0,0,0,0,0,0,0,0,0,0,1,0,,0,0,0,0,0,1,0,1,0,1,0,0,0,1,0,1,,,,,,46-50,46-55,State route,U,Sunday,Not Used,PV,Hispanic,0,1,0,0,State Route,County Sheriff,King County Police,1,1,0,0,0,,,,,,,,,,,,,,,,,,,,,,,,,,,,,,,,,,,,,,,,,,,,98014
322,2017,222,E690034,6.0,06/30/2017,16:26,30,6,0.0,25,Grant,0,1,0.0,1,1,2,1,0,3,2,,,,12,0,2,83.2,1,0,1,4,1,1,3,0,0,0,0,SR-17,,-119.4334639,47.573655556,0,1,50,3,1,60,34,0,0,1,2,12,1,1,3,2,1,2,2,53,0,12,481,2000,0,0.0,61,68.0,12.0,,,,1,1,36,1,0.0,0.0,1,0,3,0,11,5,,,,,0.0,0.0,3.0,3.0,1,80,0.0,0.0,0.0,0,,,,,,0,,,,,,98223.0,53,72.0,250.0,6.0,1.0,0.0,0.0,0.0,1.0,0.0,89,,,,,,0,01/15/2014,01/15/2014,8,0,0,0,8.0,9,8,,,0,0.0,0.0,8,0,0.0,0.0,0.0,0.0,0.0,0.0,0.0,0,0,996.0,,,,,,,,,,,,,,,,,,,,,,,,,,,,,,0,0,0,0,0,0,0,0,0,0,0,0,0,0,0,0,0,0,0,0,0,0,0,0,0,0,0,0,0,1,0,0,0,0,0,,0,0,0,0,0,0,0,0,0,0,0,0,0,0,0,0,,,,,,36-40,36-45,State route,R,Friday,Belt Used,PV,Not Fatal,0,1,1,0,State Route,State Patrol,Washington State Patrol Headquarter,0,1,0,0,0,,,,,,,,,,,,,,,,,,,,,,,,,,,,,,,,,,,,,,,,,,,,
323,2017,222,E690034,6.0,06/30/2017,16:26,30,6,0.0,25,Grant,0,1,0.0,1,1,2,1,0,3,2,,,,12,0,2,83.2,1,0,1,4,1,1,3,0,0,0,0,SR-17,,-119.4334639,47.573655556,0,2,51,62,4,60,4,0,0,1,2,12,1,1,3,2,1,1,3,4,0,20,2,2010,0,0.0,12,,,,,,1,1,55,2,7.0,2.0,4,7,3,0,11,0,06/30/2017,16:26,53029621.0,29621.0,0.0,0.0,3.0,3.0,1,0,0.0,0.0,0.0,0,,,,,,0,,,,,,98952.0,94,63.0,215.0,6.0,1.0,0.0,1.0,0.0,1.0,0.0,0,,,,,,0,01/15/2013,04/15/2014,8,0,0,0,1.0,9,8,,,0,0.0,0.0,8,9,2.0,1.0,0.0,0.0,1.0,0.0,0.0,2,1,0.0,,,,,,,,,,,,,,,,,,,,,,,,,,,,,,0,0,0,0,0,0,0,0,0,0,0,0,0,0,0,0,0,0,0,0,0,0,0,0,0,0,0,0,0,1,0,0,0,0,0,,1,0,0,0,0,0,0,0,0,0,0,0,0,0,0,0,,,,,,51-55,46-55,State route,R,Friday,Belt Used,PV,Black,0,1,1,0,State Route,State Patrol,Washington State Patrol Headquarter,0,1,0,0,0,,,,,,,,,,,,,,,,,,,,,,,,,,,,,,,,,,,,,,,,,,,,
324,2017,223,E688983,25.0,06/30/2017,18:40,30,6,5.0,33,King,0,1,0.0,1,1,2,1,0,4,2,,,,12,0,7,0.2,3,0,4,3,2,2,4,0,0,0,0,CR-RAINER AVE S,S 105TH ST,-122.2348556,47.508322222,0,1,98,11,2,35,80,0,0,1,2,19,1,1,3,3,6,1,1,53,0,72,706,2006,0,0.0,63,69.0,12.0,63.0,19.0,,1,1,52,1,7.0,2.0,4,7,19,0,11,0,06/30/2017,18:40,196053029653.0,29653.0,0.0,0.0,3.0,3.0,1,34,0.0,0.0,0.0,96,,,,,,99,,,,,,98387.0,53,73.0,225.0,6.0,1.0,0.0,0.0,0.0,0.0,0.0,0,,,,,,0,,,20,8,0,0,0.0,9,8,,,0,0.0,0.0,8,9,2.0,1.0,0.0,0.0,1.0,0.0,0.0,2,1,0.0,,,,,,,,,,,,,,,,,,,,,,,,,,,,,,0,0,0,1,0,0,0,0,0,0,0,0,0,0,0,0,0,0,0,0,0,0,0,0,0,0,0,0,1,1,0,0,0,0,1,0.0,0,0,0,0,0,0,0,0,0,0,0,0,0,0,0,0,,,,,,51-55,46-55,County road,U,Friday,,MC,Black,1,0,0,0,County Road,County Sheriff,King County Police,0,0,1,0,0,,,,,,,,,,,,,,,,,,,,,,,,,,,,,,,,,,,,,,,,,,,,98178
325,2017,223,E688983,25.0,06/30/2017,18:40,30,6,5.0,33,King,0,1,0.0,1,1,2,1,0,4,2,,,,12,0,7,0.2,3,0,4,3,2,2,4,0,0,0,0,CR-RAINER AVE S,S 105TH ST,-122.2348556,47.508322222,0,2,98,61,4,35,14,0,0,1,2,12,1,1,3,3,10,3,1,53,0,24,401,2006,0,0.0,12,,,,,,1,1,31,1,0.0,0.0,0,0,3,0,11,0,,,,,0.0,0.0,3.0,3.0,1,0,0.0,0.0,0.0,0,,,,,,0,,,,,,98118.0,53,73.0,270.0,6.0,1.0,0.0,0.0,0.0,0.0,0.0,0,,,,,,0,,,20,0,0,0,8.0,9,8,,,0,0.0,0.0,8,0,0.0,0.0,0.0,0.0,0.0,0.0,0.0,0,0,996.0,,,,,,,,,,,,,,,,,,,,,,,,,,,,,,0,0,0,1,0,0,0,0,0,0,0,0,0,0,0,0,0,0,0,0,0,0,0,0,0,0,0,0,1,1,0,0,0,0,0,,0,0,0,0,0,0,0,0,0,0,0,0,0,0,0,0,,,,,,31-35,26-35,County road,U,Friday,Belt Used,PV,Not Fatal,1,0,0,0,County Road,County Sheriff,King County Police,0,0,1,0,0,,,,,,,,,,,,,,,,,,,,,,,,,,,,,,,,,,,,,,,,,,,,98178
326,2017,224,E689120,129.0,06/29/2017,9:38,29,6,0.0,53,Pierce,747,1,0.0,1,1,2,1,0,5,5,9:42,9:52,10:25,12,1,6,0.0,2,0,2,3,2,4,6,0,3,3,3,PACIFIC HWY E,ALEXANDER AVE E,-122.3728639,47.243119444,0,1,83,17,2,35,4,0,0,1,2,12,1,1,5,1,1,1,2,53,0,6,18,2012,0,0.0,12,60.0,54.0,,,,1,1,43,1,0.0,0.0,2,0,3,0,11,8,,,,,0.0,0.0,0.0,2.0,1,37,39.0,91.0,0.0,96,,,,,,99,,,,,,98042.0,53,68.0,200.0,1.0,1.0,0.0,0.0,0.0,0.0,0.0,1,,,,,,3,,,8,0,0,0,8.0,9,8,,,0,0.0,0.0,8,9,0.0,0.0,0.0,0.0,0.0,0.0,0.0,0,0,996.0,,,,,,,,,,,,,,,,,,,,,,,,,,,,,,0,0,0,1,0,0,1,1,0,0,0,0,1,1,0,0,0,0,0,0,0,0,0,0,0,1,0,0,0,1,0,0,0,0,0,,0,0,0,0,0,0,0,0,0,1,0,1,0,0,0,0,,,,,,41-45,36-45,City street,U,Thursday,Belt Used,PV,Not Fatal,1,0,0,0,City Street,Municipal/City Police,Fife Police Department,0,0,0,1,0,,,,,,,,,,,,,,,,,,,,,,,,,,,,,,,,,,,,,,,,,,,,98424
327,2017,224,E689120,129.0,06/29/2017,9:38,29,6,0.0,53,Pierce,747,1,0.0,1,1,2,1,0,5,5,9:42,9:52,10:25,12,0,6,0.0,2,0,2,3,2,4,6,0,3,3,3,PACIFIC HWY E,ALEXANDER AVE E,-122.3728639,47.243119444,0,2,82,66,4,25,4,0,0,1,2,12,1,1,3,1,11,1,1,53,0,35,39,2014,0,0.0,12,12.0,12.0,,,,1,1,53,2,7.0,1.0,4,7,3,0,11,0,06/29/2017,9:38,74753029555.0,29555.0,0.0,0.0,3.0,3.0,1,0,0.0,0.0,0.0,0,,,,,,0,,,,,,98392.0,53,66.0,145.0,6.0,1.0,0.0,0.0,0.0,0.0,0.0,0,,,,,,0,,,8,0,0,0,0.0,9,8,,,0,0.0,0.0,8,0,2.0,401.0,0.0,0.0,1.0,0.0,0.0,2,1,0.0,,,,,,,,,,,,,,,,,,,,,,,,,,,,,,0,0,0,1,0,0,1,1,0,0,0,0,1,1,0,0,0,0,0,0,0,0,0,0,0,1,0,0,0,1,0,0,0,0,0,,1,0,0,0,0,0,1,1,0,0,0,0,0,0,1,0,,,,,,51-55,46-55,City street,U,Thursday,Belt Used,PV,White,1,0,0,0,City Street,Municipal/City Police,Fife Police Department,0,0,0,1,0,,,,,,,,,,,,,,,,,,,,,,,,,,,,,,,,,,,,,,,,,,,,98424
328,2017,224,E689120,129.0,06/29/2017,9:38,29,6,0.0,53,Pierce,747,1,0.0,1,1,2,1,0,5,5,9:42,9:52,10:25,12,0,6,0.0,2,0,2,3,2,4,6,0,3,3,3,PACIFIC HWY E,ALEXANDER AVE E,-122.3728639,47.243119444,0,3,98,98,7,35,6,0,0,1,2,12,1,1,5,1,1,1,1,53,0,63,37,2016,0,0.0,12,,,,,,1,1,60,1,0.0,0.0,2,0,3,0,11,8,,,,,6.0,0.0,3.0,3.0,1,0,0.0,0.0,0.0,0,,,,,,0,,,,,,98354.0,53,69.0,180.0,6.0,1.0,0.0,0.0,0.0,0.0,1.0,0,,,,,,0,05/15/2015,05/15/2015,8,0,0,0,8.0,9,8,,,0,0.0,0.0,8,0,0.0,0.0,0.0,0.0,0.0,0.0,0.0,0,0,996.0,,,,,,,,,,,,,,,,,,,,,,,,,,,,,,0,0,0,1,0,0,1,1,0,0,0,0,1,1,0,0,0,0,0,0,0,0,0,0,0,1,0,0,0,1,0,0,0,0,0,,0,0,0,0,0,0,0,0,0,0,0,0,0,0,0,0,,,,,,56-60,56-65,City street,U,Thursday,Belt Used,PV,Not Fatal,1,0,0,0,City Street,Municipal/City Police,Fife Police Department,0,0,0,1,0,,,,,,,,,,,,,,,,,,,,,,,,,,,,,,,,,,,,,,,,,,,,98424
329,2017,224,E689120,129.0,06/29/2017,9:38,29,6,0.0,53,Pierce,747,1,0.0,1,1,2,1,0,5,5,9:42,9:52,10:25,12,0,6,0.0,2,0,2,3,2,4,6,0,3,3,3,PACIFIC HWY E,ALEXANDER AVE E,-122.3728639,47.243119444,0,4,98,98,7,35,4,0,0,1,5,12,1,1,5,1,5,1,1,53,0,12,23,2015,0,0.0,12,,,,,,1,1,38,2,0.0,0.0,1,0,3,0,11,8,,,,,0.0,0.0,0.0,3.0,1,0,0.0,0.0,0.0,0,,,,,,0,,,,,,98404.0,53,67.0,205.0,6.0,1.0,0.0,1.0,1.0,1.0,0.0,0,,,,,,0,04/15/2015,05/15/2015,20,0,0,0,8.0,9,8,,,0,0.0,0.0,8,8,0.0,0.0,0.0,0.0,0.0,0.0,0.0,0,0,996.0,,,,,,,,,,,,,,,,,,,,,,,,,,,,,,0,0,0,1,0,0,1,1,0,0,0,0,1,1,0,0,0,0,0,0,0,0,0,0,0,1,0,0,0,1,0,0,0,0,0,,0,0,0,0,0,0,0,0,0,0,0,0,0,0,0,0,,,,,,36-40,36-45,City street,U,Thursday,Belt Used,PV,Not Fatal,1,0,0,0,City Street,Municipal/City Police,Fife Police Department,0,0,0,1,0,,,,,,,,,,,,,,,,,,,,,,,,,,,,,,,,,,,,,,,,,,,,98424
330,2017,224,E689120,129.0,06/29/2017,9:38,29,6,0.0,53,Pierce,747,1,0.0,1,1,2,1,0,5,5,9:42,9:52,10:25,12,0,6,0.0,2,0,2,3,2,4,6,0,3,3,3,PACIFIC HWY E,ALEXANDER AVE E,-122.3728639,47.243119444,0,5,98,98,7,35,14,0,0,1,2,54,1,1,5,1,5,1,1,53,0,59,403,2013,0,0.0,54,,,,,,1,1,67,1,0.0,0.0,0,0,3,0,11,0,,,,,0.0,0.0,0.0,3.0,1,0,0.0,0.0,0.0,0,,,,,,0,,,,,,98338.0,53,74.0,250.0,6.0,1.0,0.0,0.0,0.0,0.0,0.0,0,,,,,,0,,,20,0,0,0,8.0,9,8,,,0,0.0,0.0,8,0,0.0,0.0,0.0,0.0,0.0,0.0,0.0,0,0,996.0,,,,,,,,,,,,,,,,,,,,,,,,,,,,,,0,0,0,1,0,0,1,1,0,0,0,0,1,1,0,0,0,0,0,0,0,0,0,0,0,1,0,0,0,1,0,0,0,0,0,,0,0,0,0,0,0,0,0,0,0,0,0,0,0,0,0,,,,,,66-70,66-75,City street,U,Thursday,Belt Used,PV,Not Fatal,1,0,0,0,City Street,Municipal/City Police,Fife Police Department,0,0,0,1,0,,,,,,,,,,,,,,,,,,,,,,,,,,,,,,,,,,,,,,,,,,,,98424
331,2017,226,E685649,21.0,06/16/2017,14:49,16,6,0.0,25,Grant,0,1,0.0,1,1,7,1,0,2,1,14:49,15:00,16:07,1,0,0,2.6,1,0,1,7,1,2,4,0,0,0,0,CR-RD 27 SW,,-119.7825611,46.693580556,0,1,1,13,2,50,14,0,0,1,2,1,1,1,2,1,1,2,2,53,0,20,401,1999,0,0.0,63,69.0,63.0,1.0,,,1,1,19,1,0.0,0.0,2,0,3,0,11,8,,,,,0.0,0.0,0.0,0.0,1,29,0.0,0.0,0.0,17,,,,,,0,,,,,,99349.0,53,,999.0,0.0,0.0,99.0,99.0,99.0,99.0,99.0,69,,,,,,0,,,20,0,0,0,8.0,9,8,,,0,0.0,0.0,8,0,0.0,0.0,0.0,0.0,0.0,0.0,0.0,0,0,996.0,,,,,,,,,,,,,,,,,,,,,,,,,,,,,,0,0,1,0,0,0,0,0,0,0,0,0,0,1,0,0,1,0,0,1,0,1,1,0,1,0,0,0,0,1,0,0,0,0,0,,0,0,0,0,0,0,0,0,1,0,0,1,0,0,0,0,,,,,,18-20,16-25,County road,R,Friday,Belt Used,PV,Not Fatal,0,1,0,0,County Road,County Sheriff,Grant County Sheriff's Office,1,0,1,0,0,,,,,,,,,,,,,,,,,,,,,,,,,,,,,,,,,,,,,,,,,,,,99349
332,2017,227,3660781,344.0,06/11/2017,2:35,11,6,0.0,77,Yakima,0,10,0.0,2,1,2,2,0,5,2,2:34,3:00,3:43,12,0,2,9.0,1,0,1,5,1,2,4,0,3,0,0,CR-FT ROAD,,-120.5174389,46.375341667,0,1,50,10,2,55,4,0,0,1,2,12,1,1,2,1,1,1,2,53,0,7,41,2004,0,0.0,68,12.0,,,,,1,1,41,1,0.0,0.0,3,0,20,0,11,4,,,,,0.0,0.0,3.0,2.0,1,28,0.0,0.0,0.0,96,,,,,,9,,,,,,98951.0,53,68.0,230.0,1.0,1.0,1.0,0.0,0.0,0.0,6.0,97,,,,,,0,07/15/2012,04/15/2016,1,0,0,0,8.0,9,8,,,0,0.0,0.0,8,1,0.0,0.0,0.0,0.0,0.0,0.0,0.0,0,0,996.0,,,,,,,,,,,,,,,,,,,,,,,,,,,,,,0,0,0,0,1,0,1,1,0,0,0,0,0,1,0,0,0,0,0,1,0,0,0,0,0,0,0,0,0,1,0,0,0,0,0,,0,0,0,0,0,0,0,0,0,0,0,1,0,0,0,1,,,,,,41-45,36-45,County road,R,Sunday,Not Used,PV,Not Fatal,0,1,1,0,County Road,Other Law Enforcement,Yakama Tribal Police Department,0,0,1,0,0,,,,,,,,,,,,,,,,,,,,,,,,,,,,,,,,,,,,,,,,,,,,98951
333,2017,227,3660781,344.0,06/11/2017,2:35,11,6,0.0,77,Yakima,0,10,0.0,2,1,2,2,0,5,2,2:34,3:00,3:43,12,0,2,9.0,1,0,1,5,1,2,4,0,3,0,0,CR-FT ROAD,,-120.5174389,46.375341667,0,2,51,62,4,55,4,0,0,1,2,12,1,1,2,1,1,4,1,53,0,37,31,1999,0,0.0,12,,,,,,1,1,34,1,7.0,3.0,4,0,3,0,11,4,06/11/2017,3:52,259053026286.0,26286.0,0.0,0.0,0.0,3.0,1,0,0.0,0.0,0.0,0,,,,,,0,,,,,,83540.0,16,66.0,196.0,6.0,1.0,0.0,2.0,0.0,1.0,3.0,0,,,,,,0,02/15/2014,01/15/2016,1,0,0,0,0.0,9,8,,,0,0.0,0.0,8,0,2.0,401.0,417.0,0.0,1.0,1.0,0.0,2,1,0.0,,,,,,,,,,,,,,,,,,,,,,,,,,,,,,0,0,0,0,1,0,1,1,0,0,0,0,0,1,0,0,0,0,0,1,0,0,0,0,0,0,0,0,0,1,0,0,0,0,0,,1,0,0,0,0,0,1,1,0,0,0,0,0,0,1,0,,,,,,31-35,26-35,County road,R,Sunday,Belt Used,PV,AIAN,0,1,1,0,County Road,Other Law Enforcement,Yakama Tribal Police Department,0,0,1,0,0,,,,,,,,,,,,,,,,,,,,,,,,,,,,,,,,,,,,,,,,,,,,98951
334,2017,228,E686545,290.0,06/26/2017,3:17,26,6,0.0,53,Pierce,2230,1,0.0,3,1,2,1,0,4,1,3:18,3:33,4:19,59,0,0,0.0,3,0,3,5,2,4,6,0,0,0,0,TACOMA AVE N,N 9TH ST,-122.4594944,47.268213889,0,1,2,6,1,30,6,0,0,1,5,30,1,2,2,1,1,4,1,53,0,48,34,2002,0,0.0,63,59.0,30.0,,,,1,1,25,1,7.0,1.0,4,0,3,0,11,5,06/30/2017,18:15,223053029085.0,29085.0,0.0,0.0,3.0,3.0,1,0,0.0,0.0,0.0,92,,,,,,99,,,,,,28411.0,37,71.0,999.0,6.0,1.0,0.0,2.0,1.0,0.0,2.0,97,,,,,,4,10/15/2012,12/15/2014,1,0,0,9,0.0,9,8,,,0,0.0,0.0,8,9,2.0,522.0,605.0,0.0,1.0,1.0,0.0,2,1,0.053,,,,,,,,,,,,,,,,,,,,,,,,,,,,,,0,0,0,1,1,0,1,1,1,0,0,0,1,0,0,0,1,0,0,0,0,0,0,1,1,0,0,0,0,1,0,0,0,0,0,,1,0,0,0,1,0,1,1,1,1,0,0,0,0,0,1,,,,,,21-25,16-25,City street,U,Monday,Belt Used,PV,White,0,1,0,0,City Street,Municipal/City Police,Tacoma Police Department,1,0,0,1,0,thc,3.9,carboxy-thc,18.0,,,,,,,,,,,,,,,,,,,,,,,,,,,,,,,,,,,,,,,,98403
335,2017,229,E687349,8.0,07/01/2017,14:00,1,7,5.0,45,Mason,0,1,0.0,1,1,2,1,0,3,1,14:03,14:20,15:18,42,0,0,9.5,1,0,1,4,1,1,3,0,0,0,0,SR-108,,-123.1331583,47.109727778,0,1,1,13,2,50,34,0,0,1,2,42,1,1,2,1,1,3,2,53,0,20,481,2002,0,0.0,63,42.0,,,,,1,1,25,1,0.0,0.0,5,0,99,0,11,0,,,,,0.0,0.0,3.0,2.0,1,91,0.0,0.0,0.0,96,,,,,,9,,,,,,98582.0,53,70.0,195.0,2.0,1.0,2.0,8.0,1.0,1.0,1.0,1,,,,,,3,11/15/2015,04/15/2016,1,0,0,0,8.0,9,8,,,0,0.0,0.0,8,1,0.0,0.0,0.0,0.0,0.0,0.0,0.0,0,0,996.0,,,,,,,,,,,,,,,,,,,,,,,,,,,,,,0,0,1,0,1,0,0,0,0,0,0,0,1,1,0,0,0,0,0,0,0,0,0,1,1,0,0,0,0,0,0,0,0,0,0,,0,0,0,0,0,0,0,0,0,1,0,1,0,0,0,1,,,,,,21-25,16-25,State route,R,Saturday,Unknown,PV,Not Fatal,0,1,0,0,State Route,State Patrol,Washington State Patrol Headquarter,1,1,0,0,0,,,,,,,,,,,,,,,,,,,,,,,,,,,,,,,,,,,,,,,,,,,,98584