,year,case,par,repjur,crash_dt,crash_tm,accday,accmon,holiday,county,co_char,city,weather,weather2,lightcond,surfcond,surftype,numfatal,nmforms,pforms,vforms,not_tm,arr_tm,hosp_tm,fhevent,hitrun,manncol,milepnt,reljunc,reljuncinter,intersectiontype,funcsystem,landuse,ownership,route,schlbus,spejur,contdev,devfunc,trafid1,trafid2,x,y,wk_zone,vnumber,crashtype,criticalevent,criticaleventcat,spdlim,body,trailer,emerg,hazcargo,leave,mhevent,roadalgn,roadprof,traflane,trafflow,vehmanvr,numoccs,regowner,regstate,spuse,make,model,modelyr,vrf1,vrf2,seqevent1,seqevent2,seqevent3,seqevent4,seqevent5,seqevent6,pnumber,ptype,age,sex,hispanic,race,injury,diedscene,restraint,restraintmisuse,seatpos,takehosp,death_dt,death_tm,cert,cernum_wa,commlic,licendor,licrestrict,liccomp,drivpres,drf1,drf2,drf3,drf4,distract1,distract2,distract3,distract4,distract5,distract6,dricond1,dricond2,dricond3,dricond4,dricond5,dricond6,dzip,licstate,drhgt_in,weight,noncdl,noncdltype,prevdwi,prevoth,prevacc,prevspd,prevsus,driviol1,driviol2,driviol3,driviol4,driviol5,driviol6,spdrel,first_dt,last_dt,airbag,ejection,ejectpath,extricat,injurwrk,methalc,methdrug,nmlocat,strikveh,prf1,prf2,prf3,druginv,alcinvol,drugsts,drugres1,drugres2,drugres3,drugtst1,drugtst2,drugtst3,alcsts,alctst,alcres,nmact1,nmact2,nmact3,nmact4,nmact5,nmact6,nmprior1,nmprior2,nmprior3,nmprior4,nmprior5,nmprior6,nmcond1,nmcond2,nmcond3,nmcond4,nmcond5,nmcond6,nmsafe_helmet,nmsafe_pads,nmsafe_oth,nmprev_ref,nmprev_lgt,nmprev_oth,crashlocation,nmcrashtype,crosswalk,schoolzone,sidewalk,train_inv,wildlife_inv,rotr_fars,intersect_fars,dd_inv,aid_inv,dpd_inv,id_inv,mj_inv,impnm_inv,ainm_inv,dpnm_inv,speed_inv,unlic_inv,unendmc_inv,drowsy_inv,drdist_inv,nmdist_inv,fty_inv,unrestfat_inv,dr1617_inv,dr1820_inv,dr1620_inv,dr2125_inv,dr1625_inv,dr65_inv,dr70_inv,dr75_inv,mc_inv,pv_inv,ht_inv,ped_inv,bike_inv,unrest_fat,mc_fat,unhelmet_mc,pv_fat,ht_fat,ped_fat,bike_fat,dr_alc7,dr_alc8,dr_drug,dr_imp,dr_dist,dr_spd,dr_fty,dr_unlic,dr_alc7only,dr_alc8only,dr_drugonly,dr_drink,nm_imp,nm_alc7,nm_alc8,nm_drug,nm_dist,agegrp1,agegrp2,roadclass,urbrur,dayweek,restuse,vehtype,race_me,intersect,lanedep,oppdir,wrongway,rep_typ,investag,repag_long,rotr,st_rd,cty_rd,city_rd,oth_rd,drug_thc,thc_res,drug_cthc,cthc_res,drug_cann,prevpersemin,prevperse,prevsusoth,drugtst4,drugtst5,drugtst6,drugtst7,drugtst8,drugres4,drugres5,drugres6,drugres7,drugres8,adspresent,adsengaged,adslevel,race1,race2,race3,race4,race5,helmet,helmetmisuse,nmdistract1,nmdistract2,nmdistract3,nmdistract4,nmdistract5,nmdistract6,lab,isedtcase,crf1,crf2,crf3,CoRoadName,CoMP,IntCoRoadName,IntCoMP,zipcode
355,2017,245,E691997,1.0,07/17/2017,4:00,17,7,0.0,71,Walla Walla,0,1,0.0,2,1,2,1,0,6,1,4:13,4:39,5:02,1,0,0,18.5,1,0,1,4,1,1,3,0,0,0,0,SR-124,,-118.6780889,46.297166667,0,1,98,13,2,65,20,0,0,1,2,1,1,1,2,1,1,6,1,53,0,6,441,2005,0,0.0,63,69.0,1.0,,,,1,1,35,2,0.0,0.0,0,0,3,0,11,0,,,,,0.0,0.0,0.0,3.0,1,36,0.0,0.0,0.0,96,,,,,,2,,,,,,99362.0,53,60.0,140.0,6.0,1.0,0.0,0.0,0.0,1.0,0.0,2,76.0,,,,,0,04/15/2014,04/15/2014,20,0,0,0,8.0,9,8,,,0,0.0,0.0,8,0,8.0,95.0,0.0,0.0,6.0,0.0,0.0,8,95,995.0,,,,,,,,,,,,,,,,,,,,,,,,,,,,,,0,0,0,0,0,0,0,0,0,0,0,0,0,0,0,1,0,0,0,1,0,0,0,0,0,0,0,0,0,1,0,0,0,0,0,,0,0,0,0,0,0,0,0,0,0,0,0,0,0,0,0,,,,,,31-35,26-35,State route,R,Monday,Belt Used,PV,Not Fatal,0,0,0,0,State Route,State Patrol,Washington State Patrol Headquarter,0,1,0,0,0,,,,,,,,,,,,,,,,,,,,,,,,,,,,,,,,,,,,,,,,,,,,99348
356,2017,246,E688682,42.0,07/04/2017,8:04,4,7,5.0,67,Thurston,0,1,0.0,1,1,2,1,0,5,4,8:07,8:35,10:07,12,0,2,7.3,1,0,1,4,2,2,4,0,0,0,0,CR-OLD HWY 99,,-122.9401111,46.832177778,0,1,50,10,2,50,15,0,0,1,2,12,1,1,2,1,1,1,1,53,0,54,421,2004,0,0.0,68,12.0,60.0,54.0,54.0,,1,1,37,1,7.0,1.0,4,7,20,0,11,0,07/04/2017,8:26,53030334.0,30334.0,0.0,0.0,3.0,3.0,1,28,0.0,0.0,0.0,96,,,,,,99,,,,,,98589.0,53,73.0,175.0,6.0,1.0,0.0,0.0,0.0,0.0,1.0,0,,,,,,0,09/15/2012,09/15/2012,8,0,0,0,0.0,9,8,,,0,0.0,0.0,8,9,2.0,128.0,401.0,417.0,1.0,1.0,1.0,2,1,0.0,,,,,,,,,,,,,,,,,,,,,,,,,,,,,,0,0,0,0,0,0,1,1,0,0,0,0,0,0,0,0,0,0,0,1,0,0,0,1,1,0,0,0,0,1,1,0,0,1,0,,1,0,0,0,0,0,1,1,0,0,0,0,0,0,1,0,,,,,,36-40,36-45,County road,U,Tuesday,Not Used,PV,White,0,1,1,0,County Road,County Sheriff,Thurston County Sheriff's Office,0,0,1,0,0,,,,,,,,,,,,,,,,,,,,,,,,,,,,,,,,,,,,,,,,,,,,98589
357,2017,246,E688682,42.0,07/04/2017,8:04,4,7,5.0,67,Thurston,0,1,0.0,1,1,2,1,0,5,4,8:07,8:35,10:07,12,0,2,7.3,1,0,1,4,2,2,4,0,0,0,0,CR-OLD HWY 99,,-122.9401111,46.832177778,0,2,51,62,4,50,67,0,0,1,2,12,1,1,2,1,1,1,1,53,0,20,880,2007,0,0.0,12,,,,,,1,1,60,1,0.0,0.0,3,0,3,0,11,1,,,,,0.0,0.0,3.0,3.0,1,0,0.0,0.0,0.0,0,,,,,,0,,,,,,98576.0,53,67.0,145.0,6.0,1.0,0.0,0.0,1.0,0.0,0.0,0,,,,,,0,02/15/2017,02/15/2017,1,0,0,0,8.0,9,8,,,0,0.0,0.0,8,0,0.0,0.0,0.0,0.0,0.0,0.0,0.0,0,0,996.0,,,,,,,,,,,,,,,,,,,,,,,,,,,,,,0,0,0,0,0,0,1,1,0,0,0,0,0,0,0,0,0,0,0,1,0,0,0,1,1,0,0,0,0,1,1,0,0,0,0,,0,0,0,0,0,0,0,0,0,0,0,0,0,0,0,0,,,,,,56-60,56-65,County road,U,Tuesday,Belt Used,MHTRUCK,Not Fatal,0,1,1,0,County Road,County Sheriff,Thurston County Sheriff's Office,0,0,1,0,0,,,,,,,,,,,,,,,,,,,,,,,,,,,,,,,,,,,,,,,,,,,,98589
358,2017,246,E688682,42.0,07/04/2017,8:04,4,7,5.0,67,Thurston,0,1,0.0,1,1,2,1,0,5,4,8:07,8:35,10:07,12,0,2,7.3,1,0,1,4,2,2,4,0,0,0,0,CR-OLD HWY 99,,-122.9401111,46.832177778,0,3,98,98,7,50,6,0,0,1,5,54,1,1,2,1,1,1,1,53,0,6,52,2005,0,0.0,54,,,,,,1,1,21,2,0.0,0.0,0,0,3,0,11,0,,,,,0.0,0.0,0.0,3.0,1,0,0.0,0.0,0.0,0,,,,,,0,,,,,,98576.0,53,69.0,180.0,6.0,1.0,0.0,0.0,2.0,1.0,0.0,0,,,,,,0,07/15/2014,03/15/2017,20,0,0,0,8.0,9,8,,,0,0.0,0.0,8,0,0.0,0.0,0.0,0.0,0.0,0.0,0.0,0,0,996.0,,,,,,,,,,,,,,,,,,,,,,,,,,,,,,0,0,0,0,0,0,1,1,0,0,0,0,0,0,0,0,0,0,0,1,0,0,0,1,1,0,0,0,0,1,1,0,0,0,0,,0,0,0,0,0,0,0,0,0,0,0,0,0,0,0,0,,,,,,21-25,16-25,County road,U,Tuesday,Belt Used,PV,Not Fatal,0,1,1,0,County Road,County Sheriff,Thurston County Sheriff's Office,0,0,1,0,0,,,,,,,,,,,,,,,,,,,,,,,,,,,,,,,,,,,,,,,,,,,,98589
359,2017,246,E688682,42.0,07/04/2017,8:04,4,7,5.0,67,Thurston,0,1,0.0,1,1,2,1,0,5,4,8:07,8:35,10:07,12,0,2,7.3,1,0,1,4,2,2,4,0,0,0,0,CR-OLD HWY 99,,-122.9401111,46.832177778,0,4,98,98,7,50,34,0,0,1,5,54,1,1,2,1,1,2,2,53,0,20,481,2010,0,0.0,54,,,,,,1,1,21,1,0.0,0.0,0,0,3,0,11,0,,,,,0.0,0.0,0.0,3.0,1,0,0.0,0.0,0.0,0,,,,,,0,,,,,,98501.0,53,71.0,165.0,6.0,1.0,0.0,0.0,0.0,0.0,0.0,0,,,,,,0,,,20,0,0,0,8.0,9,8,,,0,0.0,0.0,8,0,0.0,0.0,0.0,0.0,0.0,0.0,0.0,0,0,996.0,,,,,,,,,,,,,,,,,,,,,,,,,,,,,,0,0,0,0,0,0,1,1,0,0,0,0,0,0,0,0,0,0,0,1,0,0,0,1,1,0,0,0,0,1,1,0,0,0,0,,0,0,0,0,0,0,0,0,0,0,0,0,0,0,0,0,,,,,,21-25,16-25,County road,U,Tuesday,Belt Used,PV,Not Fatal,0,1,1,0,County Road,County Sheriff,Thurston County Sheriff's Office,0,0,1,0,0,,,,,,,,,,,,,,,,,,,,,,,,,,,,,,,,,,,,,,,,,,,,98589
360,2017,247,E688750,4.0,07/03/2017,2:57,3,7,5.0,63,Spokane,0,1,0.0,2,1,2,2,0,3,1,,,,42,0,0,81.7,1,0,1,5,1,1,3,0,0,0,0,SR-27,,-117.2238389,47.573666667,0,1,1,13,2,55,20,0,0,1,2,42,3,2,2,1,14,3,1,53,0,49,442,2004,0,0.0,63,42.0,2.0,,,,1,1,21,1,0.0,0.0,3,0,20,0,11,8,,,,,0.0,0.0,0.0,3.0,1,91,0.0,0.0,0.0,96,,,,,,9,,,,,,99212.0,53,70.0,155.0,6.0,1.0,0.0,1.0,0.0,0.0,0.0,1,,,,,,3,01/15/2015,01/15/2015,99,1,9,0,8.0,9,8,,,0,0.0,0.0,8,1,0.0,0.0,0.0,0.0,0.0,0.0,0.0,2,98,997.0,,,,,,,,,,,,,,,,,,,,,,,,,,,,,,0,0,1,0,1,0,0,0,0,0,0,0,1,0,0,0,0,0,0,0,0,0,0,1,1,0,0,0,0,1,0,0,0,0,0,,0,0,0,0,0,0,0,0,0,1,0,0,0,0,0,1,,,,,,21-25,16-25,State route,R,Monday,Not Used,PV,Not Fatal,0,1,0,0,State Route,State Patrol,Washington State Patrol Headquarter,1,1,0,0,0,,,,,,,,,,,,,,,,,,,,,,,,,,,,,,,,,,,,,,,,,,,,99023
361,2017,248,E692509,305.0,07/09/2017,1:38,9,7,0.0,11,Clark,2370,1,0.0,3,1,2,1,1,1,1,,,,8,0,0,0.0,1,0,1,7,2,4,6,0,0,0,0,E FOURTH PLAIN ST,,-122.6250444,45.638819444,0,1,13,80,5,30,2,0,0,1,5,8,1,1,5,1,1,1,2,53,0,37,31,2004,0,0.0,8,,,,,,1,1,29,1,0.0,0.0,0,0,3,0,11,0,,,,,0.0,0.0,0.0,0.0,1,0,0.0,0.0,0.0,0,,,,,,0,,,,,,98665.0,53,67.0,150.0,0.0,0.0,0.0,0.0,0.0,0.0,0.0,0,,,,,,0,,,20,0,0,0,8.0,9,8,,,0,0.0,0.0,8,0,0.0,0.0,0.0,0.0,0.0,0.0,0.0,0,0,996.0,,,,,,,,,,,,,,,,,,,,,,,,,,,,,,0,0,0,0,0,0,0,0,0,1,1,0,0,1,0,0,0,0,0,0,0,0,0,0,0,0,0,0,0,1,0,1,0,0,0,,0,0,0,0,0,0,0,0,0,0,0,1,0,0,0,0,,,,,,26-30,26-35,City street,U,Sunday,Belt Used,PV,Not Fatal,0,0,0,0,City Street,Municipal/City Police,Vancouver Police Department,0,0,0,1,0,,,,,,,,,,,,,,,,,,,,,,,,,,,,,,,,,,,,,,,,,,,,98661
362,2017,249,E689336,129.0,07/07/2017,2:11,7,7,0.0,53,Pierce,747,1,0.0,2,1,2,1,1,2,2,,,,8,0,0,0.0,1,0,1,3,2,4,6,0,3,0,0,PACIFIC HWY E,,-122.3955944,47.243219444,0,1,98,80,5,35,2,0,0,1,2,8,1,1,5,5,15,1,2,53,0,34,34,2007,0,0.0,8,,,,,,1,1,18,1,0.0,0.0,0,0,3,0,11,0,,,,,0.0,0.0,3.0,3.0,1,0,0.0,0.0,0.0,96,,,,,,0,,,,,,98444.0,53,65.0,123.0,6.0,1.0,0.0,1.0,1.0,0.0,0.0,0,,,,,,4,05/15/2016,05/15/2016,1,0,0,0,8.0,9,8,,,0,0.0,0.0,8,0,0.0,0.0,0.0,0.0,0.0,0.0,0.0,0,0,996.0,,,,,,,,,,,,,,,,,,,,,,,,,,,,,,0,0,0,0,0,0,0,0,0,1,0,1,1,0,0,0,1,0,0,0,0,1,1,0,1,0,0,0,0,1,0,1,0,0,0,,0,0,0,0,0,0,0,0,0,1,0,0,0,0,0,0,,,,,,18-20,16-25,City street,U,Friday,Belt Used,PV,Not Fatal,0,0,0,0,City Street,Municipal/City Police,Fife Police Department,0,0,0,1,0,,,,,,,,,,,,,,,,,,,,,,,,,,,,,,,,,,,,,,,,,,,,98421
363,2017,249,E689336,129.0,07/07/2017,2:11,7,7,0.0,53,Pierce,747,1,0.0,2,1,2,1,1,2,2,,,,8,0,0,0.0,1,0,1,3,2,4,6,0,3,0,0,PACIFIC HWY E,,-122.3955944,47.243219444,0,2,13,80,5,35,4,0,0,1,2,8,1,1,5,5,1,1,3,53,0,12,16,2010,0,0.0,8,,,,,,1,1,38,1,0.0,0.0,0,0,3,0,11,0,,,,,0.0,0.0,0.0,3.0,1,0,0.0,0.0,0.0,92,,,,,,0,,,,,,98333.0,53,66.0,165.0,6.0,1.0,0.0,0.0,0.0,0.0,0.0,97,,,,,,0,,,20,0,0,0,8.0,9,8,,,0,0.0,0.0,8,0,0.0,0.0,0.0,0.0,0.0,0.0,0.0,0,0,996.0,,,,,,,,,,,,,,,,,,,,,,,,,,,,,,0,0,0,0,0,0,0,0,0,1,0,1,1,0,0,0,1,0,0,0,0,1,1,0,1,0,0,0,0,1,0,1,0,0,0,,0,0,0,0,0,0,0,0,1,0,0,0,0,0,0,0,,,,,,36-40,36-45,City street,U,Friday,Belt Used,PV,Not Fatal,0,0,0,0,City Street,Municipal/City Police,Fife Police Department,0,0,0,1,0,,,,,,,,,,,,,,,,,,,,,,,,,,,,,,,,,,,,,,,,,,,,98421
364,2017,250,E690033,8.0,07/05/2017,16:43,5,7,0.0,27,Grays Harbor,0,1,0.0,1,1,2,1,0,3,3,,,,12,0,6,16.4,2,0,2,3,2,1,2,0,0,20,3,US-12,FOURTH ST,-123.4816333,46.999555556,0,1,87,17,2,35,1,0,0,1,2,12,1,1,3,1,1,1,2,41,0,14,398,1991,0,0.0,12,68.0,12.0,,,,1,1,93,1,7.0,1.0,4,0,3,0,11,8,07/06/2017,17:20,196053030528.0,30528.0,6.0,0.0,3.0,3.0,1,39,0.0,0.0,0.0,96,,,,,,0,,,,,,97739.0,41,71.0,165.0,6.0,1.0,0.0,0.0,0.0,0.0,0.0,46,,,,,,0,,,20,0,0,0,0.0,9,8,,,0,0.0,0.0,8,0,2.0,1.0,0.0,0.0,1.0,0.0,0.0,2,1,0.0,,,,,,,,,,,,,,,,,,,,,,,,,,,,,,0,0,0,1,0,0,0,0,0,0,0,0,0,0,0,0,0,0,0,0,0,0,0,0,0,1,1,1,0,1,0,0,0,0,0,,1,0,0,0,0,0,0,0,0,0,0,0,0,0,0,0,,,,,,81+,76+,US highway,U,Wednesday,Belt Used,PV,White,1,0,0,0,State Route,State Patrol,Washington State Patrol Headquarter,0,1,0,0,0,,,,,,,,,,,,,,,,,,,,,,,,,,,,,,,,,,,,,,,,,,,,98583
365,2017,250,E690033,8.0,07/05/2017,16:43,5,7,0.0,27,Grays Harbor,0,1,0.0,1,1,2,1,0,3,3,,,,12,0,6,16.4,2,0,2,3,2,1,2,0,0,0,0,US-12,FOURTH ST,-123.4816333,46.999555556,0,2,86,66,4,60,34,0,0,1,2,12,1,1,2,3,1,1,1,53,0,12,471,2002,0,0.0,12,,,,,,1,1,51,1,0.0,0.0,1,0,3,0,11,5,,,,,0.0,0.0,3.0,3.0,1,0,0.0,0.0,0.0,0,,,,,,0,,,,,,98550.0,53,73.0,235.0,6.0,1.0,0.0,0.0,0.0,0.0,0.0,0,,,,,,0,,,20,0,0,0,8.0,9,8,,,0,0.0,0.0,8,0,0.0,0.0,0.0,0.0,0.0,0.0,0.0,0,0,996.0,,,,,,,,,,,,,,,,,,,,,,,,,,,,,,0,0,0,1,0,0,0,0,0,0,0,0,0,0,0,0,0,0,0,0,0,0,0,0,0,1,1,1,0,1,0,0,0,0,0,,0,0,0,0,0,0,0,0,0,0,0,0,0,0,0,0,,,,,,51-55,46-55,US highway,U,Wednesday,Belt Used,PV,Not Fatal,1,0,0,0,State Route,State Patrol,Washington State Patrol Headquarter,0,1,0,0,0,,,,,,,,,,,,,,,,,,,,,,,,,,,,,,,,,,,,,,,,,,,,98583
366,2017,250,E690033,8.0,07/05/2017,16:43,5,7,0.0,27,Grays Harbor,0,1,0.0,1,1,2,1,0,3,3,,,,12,0,6,16.4,2,0,2,3,2,1,2,0,0,20,3,US-12,FOURTH ST,-123.4816333,46.999555556,0,3,98,62,4,35,34,0,0,1,5,12,1,1,3,1,5,1,1,53,0,7,482,2006,0,0.0,12,,,,,,1,1,67,1,0.0,0.0,0,0,3,0,11,0,,,,,0.0,0.0,0.0,3.0,1,0,0.0,0.0,0.0,0,,,,,,0,,,,,,98547.0,53,73.0,230.0,6.0,1.0,0.0,1.0,0.0,0.0,0.0,0,,,,,,0,05/15/2015,05/15/2015,20,0,0,0,8.0,9,8,,,0,0.0,0.0,8,0,0.0,0.0,0.0,0.0,0.0,0.0,0.0,0,0,996.0,,,,,,,,,,,,,,,,,,,,,,,,,,,,,,0,0,0,1,0,0,0,0,0,0,0,0,0,0,0,0,0,0,0,0,0,0,0,0,0,1,1,1,0,1,0,0,0,0,0,,0,0,0,0,0,0,0,0,0,0,0,0,0,0,0,0,,,,,,66-70,66-75,US highway,U,Wednesday,Belt Used,PV,Not Fatal,1,0,0,0,State Route,State Patrol,Washington State Patrol Headquarter,0,1,0,0,0,,,,,,,,,,,,,,,,,,,,,,,,,,,,,,,,,,,,,,,,,,,,98583
367,2017,251,E690820,1.0,07/07/2017,15:55,7,7,0.0,77,Yakima,0,1,0.0,1,1,2,1,0,6,3,,,,12,0,8,9999.9,1,0,1,6,1,2,4,0,0,0,0,CR-OUTLOOK RD,,-120.0626639,46.331138889,0,1,64,10,2,50,4,0,0,1,2,12,1,1,2,1,1,1,1,53,0,63,34,2003,0,0.0,68,12.0,12.0,,,,1,1,60,1,1.0,98.0,4,7,3,0,11,0,07/07/2017,15:55,53029950.0,29950.0,0.0,0.0,3.0,3.0,1,28,0.0,0.0,0.0,96,,,,,,9,,,,,,98944.0,53,65.0,140.0,6.0,1.0,1.0,2.0,0.0,0.0,2.0,0,,,,,,0,10/15/2012,03/15/2014,1,0,0,0,0.0,1,8,,,0,0.0,0.0,8,1,2.0,402.0,0.0,0.0,1.0,0.0,0.0,2,1,0.25,,,,,,,,,,,,,,,,,,,,,,,,,,,,,,0,0,0,0,1,1,1,1,0,0,0,0,0,0,0,0,0,0,0,0,0,1,1,0,1,0,0,0,0,1,0,0,0,0,0,,1,0,0,0,0,1,1,1,0,0,0,0,0,0,0,1,,,,,,56-60,56-65,County road,R,Friday,Belt Used,PV,Hispanic,0,0,0,0,County Road,State Patrol,Washington State Patrol Headquarter,0,0,1,0,0,,,,,,,,,,,,,,,,,,,,,,,,,,,,,,,,,,,,,,,,,,,,98938
368,2017,251,E690820,1.0,07/07/2017,15:55,7,7,0.0,77,Yakima,0,1,0.0,1,1,2,1,0,6,3,,,,12,0,8,9999.9,1,0,1,6,1,2,4,0,0,0,0,CR-OUTLOOK RD,,-120.0626639,46.331138889,0,2,65,62,4,50,4,0,0,1,5,12,1,1,2,1,1,1,1,53,0,35,47,2009,0,0.0,12,,,,,,1,1,43,2,0.0,0.0,0,0,3,0,11,0,,,,,0.0,0.0,3.0,3.0,1,0,0.0,0.0,0.0,0,,,,,,0,,,,,,98938.0,53,63.0,107.0,6.0,1.0,0.0,0.0,0.0,0.0,0.0,0,,,,,,0,,,20,0,0,0,8.0,9,8,,,0,0.0,0.0,8,0,0.0,0.0,0.0,0.0,0.0,0.0,0.0,0,0,996.0,,,,,,,,,,,,,,,,,,,,,,,,,,,,,,0,0,0,0,1,1,1,1,0,0,0,0,0,0,0,0,0,0,0,0,0,1,1,0,1,0,0,0,0,1,0,0,0,0,0,,0,0,0,0,0,0,0,0,0,0,0,0,0,0,0,0,,,,,,41-45,36-45,County road,R,Friday,Belt Used,PV,Not Fatal,0,0,0,0,County Road,State Patrol,Washington State Patrol Headquarter,0,0,1,0,0,,,,,,,,,,,,,,,,,,,,,,,,,,,,,,,,,,,,,,,,,,,,98938
369,2017,251,E690820,1.0,07/07/2017,15:55,7,7,0.0,77,Yakima,0,1,0.0,1,1,2,1,0,6,3,,,,12,0,8,9999.9,1,0,1,6,1,2,4,0,0,0,0,CR-OUTLOOK RD,,-120.0626639,46.331138889,0,3,98,62,4,50,34,0,0,1,2,12,1,1,2,1,1,4,1,53,0,20,481,2003,0,0.0,12,,,,,,1,1,19,2,0.0,0.0,2,0,3,0,11,4,,,,,0.0,0.0,0.0,3.0,1,0,0.0,0.0,0.0,0,,,,,,0,,,,,,98932.0,53,67.0,190.0,6.0,7.0,0.0,0.0,0.0,0.0,0.0,0,,,,,,0,,,1,0,0,0,8.0,9,8,,,0,0.0,0.0,8,0,0.0,0.0,0.0,0.0,0.0,0.0,0.0,0,0,996.0,,,,,,,,,,,,,,,,,,,,,,,,,,,,,,0,0,0,0,1,1,1,1,0,0,0,0,0,0,0,0,0,0,0,0,0,1,1,0,1,0,0,0,0,1,0,0,0,0,0,,0,0,0,0,0,0,0,0,0,0,0,0,0,0,0,0,,,,,,18-20,16-25,County road,R,Friday,Belt Used,PV,Not Fatal,0,0,0,0,County Road,State Patrol,Washington State Patrol Headquarter,0,0,1,0,0,,,,,,,,,,,,,,,,,,,,,,,,,,,,,,,,,,,,,,,,,,,,98938
370,2017,252,E692354,35.0,07/14/2017,11:18,14,7,0.0,53,Pierce,0,1,0.0,1,1,2,1,0,3,2,,,,12,0,1,122.7,1,0,1,1,2,1,1,0,0,0,0,I-5,,-122.5574056,47.118133333,0,1,28,52,3,60,80,0,0,1,2,12,1,2,3,3,1,1,1,53,0,98,706,2006,0,0.0,12,,,,,,1,1,22,1,7.0,1.0,4,7,5,0,11,0,07/14/2017,11:30,53031421.0,31421.0,0.0,0.0,0.0,3.0,1,26,0.0,0.0,0.0,93,,,,,,0,,,,,,98520.0,53,68.0,170.0,6.0,1.0,0.0,1.0,1.0,1.0,0.0,0,,,,,,4,08/15/2013,09/15/2016,20,8,0,0,0.0,9,8,,,0,0.0,0.0,8,0,2.0,996.0,0.0,0.0,1.0,0.0,0.0,2,1,0.0,,,,,,,,,,,,,,,,,,,,,,,,,,,,,,0,0,0,0,0,0,1,1,0,0,0,0,1,0,0,0,1,0,0,0,0,0,0,1,1,0,0,0,1,1,0,0,0,0,1,0.0,0,0,0,0,0,0,1,1,1,1,0,0,0,0,1,0,,,,,,21-25,16-25,Interstate,U,Friday,,MC,White,0,0,0,0,State Route,State Patrol,Washington State Patrol Headquarter,0,1,0,0,0,,,,,,,,,,,,,,,,,,,,,,,,,,,,,,,,,,,,,,,,,,,,98430
371,2017,252,E692354,35.0,07/14/2017,11:18,14,7,0.0,53,Pierce,0,1,0.0,1,1,2,1,0,3,2,,,,12,0,1,122.7,1,0,1,1,2,1,1,0,0,0,0,I-5,,-122.5574056,47.118133333,0,2,29,53,3,60,3,0,0,1,5,12,1,2,3,3,2,2,1,53,0,69,54,2011,0,0.0,12,,,,,,1,1,45,2,0.0,0.0,0,0,3,0,11,0,,,,,0.0,0.0,3.0,3.0,1,0,0.0,0.0,0.0,0,,,,,,0,,,,,,98502.0,53,67.0,118.0,6.0,1.0,0.0,0.0,0.0,0.0,0.0,0,,,,,,0,,,20,0,0,0,8.0,9,8,,,0,0.0,0.0,8,0,0.0,0.0,0.0,0.0,0.0,0.0,0.0,0,0,996.0,,,,,,,,,,,,,,,,,,,,,,,,,,,,,,0,0,0,0,0,0,1,1,0,0,0,0,1,0,0,0,1,0,0,0,0,0,0,1,1,0,0,0,1,1,0,0,0,0,0,,0,0,0,0,0,0,0,0,0,0,0,0,0,0,0,0,,,,,,41-45,36-45,Interstate,U,Friday,Belt Used,PV,Not Fatal,0,0,0,0,State Route,State Patrol,Washington State Patrol Headquarter,0,1,0,0,0,,,,,,,,,,,,,,,,,,,,,,,,,,,,,,,,,,,,,,,,,,,,98430
372,2017,253,E692481,197.0,07/15/2017,23:00,15,7,0.0,61,Snohomish,1338,1,0.0,3,1,2,1,0,2,2,,,,42,0,0,0.0,1,0,1,5,2,4,6,0,0,0,0,VILLAGE GREEN DR,,-122.2087861,47.867094444,0,1,7,9,1,25,4,0,0,1,2,12,3,2,2,1,14,1,2,53,0,20,2,2004,0,0.0,68,64.0,42.0,1.0,12.0,,1,1,24,1,7.0,2.0,4,7,20,0,11,0,07/15/2017,23:14,133853032084.0,32084.0,0.0,0.0,3.0,2.0,1,0,0.0,0.0,0.0,96,,,,,,99,,,,,,98290.0,53,72.0,180.0,1.0,1.0,1.0,4.0,1.0,1.0,8.0,0,,,,,,9,03/15/2013,11/15/2016,99,1,9,0,0.0,9,8,,,0,0.0,0.0,8,1,2.0,177.0,996.0,996.0,1.0,1.0,1.0,2,1,0.0,,,,,,,,,,,,,,,,,,,,,,,,,,,,,,0,0,0,0,1,0,1,1,0,0,0,0,0,1,0,0,0,0,0,1,0,0,0,1,1,0,0,0,0,1,0,0,0,1,0,,1,0,0,0,0,0,1,1,0,0,0,1,0,0,1,1,,,,,,21-25,16-25,City street,U,Saturday,Not Used,PV,Black,0,1,0,0,City Street,Municipal/City Police,Mill Creek Police Department,1,0,0,1,0,,,,,,,,,,,,,,,,,,,,,,,,,,,,,,,,,,,,,,,,,,,,98012
373,2017,253,E692481,197.0,07/15/2017,23:00,15,7,0.0,61,Snohomish,1338,1,0.0,3,1,2,1,0,2,2,,,,42,0,0,0.0,1,0,1,5,2,4,6,0,0,0,0,VILLAGE GREEN DR,,-122.2087861,47.867094444,0,2,98,80,5,25,14,0,0,1,5,12,3,2,2,1,14,1,3,53,0,12,401,2015,0,0.0,12,,,,,,1,1,45,1,0.0,0.0,0,0,3,0,11,0,,,,,0.0,0.0,0.0,3.0,1,16,0.0,0.0,0.0,96,,,,,,0,,,,,,98926.0,53,74.0,225.0,6.0,1.0,0.0,0.0,0.0,0.0,0.0,0,,,,,,0,,,20,0,0,0,8.0,9,8,,,0,0.0,0.0,8,0,0.0,0.0,0.0,0.0,0.0,0.0,0.0,0,0,996.0,,,,,,,,,,,,,,,,,,,,,,,,,,,,,,0,0,0,0,1,0,1,1,0,0,0,0,0,1,0,0,0,0,0,1,0,0,0,1,1,0,0,0,0,1,0,0,0,0,0,,0,0,0,0,0,0,0,0,0,0,0,0,0,0,0,0,,,,,,41-45,36-45,City street,U,Saturday,Belt Used,PV,Not Fatal,0,1,0,0,City Street,Municipal/City Police,Mill Creek Police Department,1,0,0,1,0,,,,,,,,,,,,,,,,,,,,,,,,,,,,,,,,,,,,,,,,,,,,98012