,year,case,par,repjur,crash_dt,crash_tm,accday,accmon,holiday,county,co_char,city,weather,weather2,lightcond,surfcond,surftype,numfatal,nmforms,pforms,vforms,not_tm,arr_tm,hosp_tm,fhevent,hitrun,manncol,milepnt,reljunc,reljuncinter,intersectiontype,funcsystem,landuse,ownership,route,schlbus,spejur,contdev,devfunc,trafid1,trafid2,x,y,wk_zone,vnumber,crashtype,criticalevent,criticaleventcat,spdlim,body,trailer,emerg,hazcargo,leave,mhevent,roadalgn,roadprof,traflane,trafflow,vehmanvr,numoccs,regowner,regstate,spuse,make,model,modelyr,vrf1,vrf2,seqevent1,seqevent2,seqevent3,seqevent4,seqevent5,seqevent6,pnumber,ptype,age,sex,hispanic,race,injury,diedscene,restraint,restraintmisuse,seatpos,takehosp,death_dt,death_tm,cert,cernum_wa,commlic,licendor,licrestrict,liccomp,drivpres,drf1,drf2,drf3,drf4,distract1,distract2,distract3,distract4,distract5,distract6,dricond1,dricond2,dricond3,dricond4,dricond5,dricond6,dzip,licstate,drhgt_in,weight,noncdl,noncdltype,prevdwi,prevoth,prevacc,prevspd,prevsus,driviol1,driviol2,driviol3,driviol4,driviol5,driviol6,spdrel,first_dt,last_dt,airbag,ejection,ejectpath,extricat,injurwrk,methalc,methdrug,nmlocat,strikveh,prf1,prf2,prf3,druginv,alcinvol,drugsts,drugres1,drugres2,drugres3,drugtst1,drugtst2,drugtst3,alcsts,alctst,alcres,nmact1,nmact2,nmact3,nmact4,nmact5,nmact6,nmprior1,nmprior2,nmprior3,nmprior4,nmprior5,nmprior6,nmcond1,nmcond2,nmcond3,nmcond4,nmcond5,nmcond6,nmsafe_helmet,nmsafe_pads,nmsafe_oth,nmprev_ref,nmprev_lgt,nmprev_oth,crashlocation,nmcrashtype,crosswalk,schoolzone,sidewalk,train_inv,wildlife_inv,rotr_fars,intersect_fars,dd_inv,aid_inv,dpd_inv,id_inv,mj_inv,impnm_inv,ainm_inv,dpnm_inv,speed_inv,unlic_inv,unendmc_inv,drowsy_inv,drdist_inv,nmdist_inv,fty_inv,unrestfat_inv,dr1617_inv,dr1820_inv,dr1620_inv,dr2125_inv,dr1625_inv,dr65_inv,dr70_inv,dr75_inv,mc_inv,pv_inv,ht_inv,ped_inv,bike_inv,unrest_fat,mc_fat,unhelmet_mc,pv_fat,ht_fat,ped_fat,bike_fat,dr_alc7,dr_alc8,dr_drug,dr_imp,dr_dist,dr_spd,dr_fty,dr_unlic,dr_alc7only,dr_alc8only,dr_drugonly,dr_drink,nm_imp,nm_alc7,nm_alc8,nm_drug,nm_dist,agegrp1,agegrp2,roadclass,urbrur,dayweek,restuse,vehtype,race_me,intersect,lanedep,oppdir,wrongway,rep_typ,investag,repag_long,rotr,st_rd,cty_rd,city_rd,oth_rd,drug_thc,thc_res,drug_cthc,cthc_res,drug_cann,prevpersemin,prevperse,prevsusoth,drugtst4,drugtst5,drugtst6,drugtst7,drugtst8,drugres4,drugres5,drugres6,drugres7,drugres8,adspresent,adsengaged,adslevel,race1,race2,race3,race4,race5,helmet,helmetmisuse,nmdistract1,nmdistract2,nmdistract3,nmdistract4,nmdistract5,nmdistract6,lab,isedtcase,crf1,crf2,crf3,CoRoadName,CoMP,IntCoRoadName,IntCoMP,zipcode
374,2017,254,E693189,7.0,07/17/2017,9:46,17,7,0.0,33,King,0,1,0.0,1,1,2,1,1,1,1,,,,9,0,0,9.4,1,0,1,3,2,1,3,0,0,0,0,SR-169,,-122.0121306,47.333986111,0,1,13,83,5,50,61,0,0,1,5,9,3,2,2,1,14,1,1,53,0,12,881,2004,0,0.0,9,,,,,,1,1,29,1,0.0,0.0,0,0,3,0,11,0,,,,,0.0,0.0,0.0,3.0,1,0,0.0,0.0,0.0,0,,,,,,0,,,,,,98092.0,53,67.0,130.0,6.0,1.0,0.0,0.0,1.0,1.0,0.0,0,,,,,,0,12/15/2016,12/15/2016,20,0,0,0,8.0,9,8,,,0,0.0,0.0,8,0,0.0,0.0,0.0,0.0,0.0,0.0,0.0,0,0,996.0,,,,,,,,,,,,,,,,,,,,,,,,,,,,,,0,0,0,0,0,0,0,0,0,0,0,0,0,0,0,0,0,0,0,0,0,0,0,0,0,0,0,0,0,0,1,0,1,0,0,,0,0,0,0,0,0,0,0,0,0,0,0,0,0,0,0,,,,,,26-30,26-35,State route,U,Monday,,MHTRUCK,Not Fatal,0,0,0,0,State Route,State Patrol,Washington State Patrol Headquarter,0,1,0,0,0,,,,,,,,,,,,,,,,,,,,,,,,,,,,,,,,,,,,,,,,,,,,98010
375,2017,255,E700188,1.0,07/18/2017,5:55,18,7,0.0,77,Yakima,2590,1,0.0,4,1,2,1,0,2,2,5:55,6:04,6:28,12,0,2,201.5,1,0,1,3,2,1,2,0,0,0,0,US-12,,-120.5257444,46.625616667,0,1,50,12,2,60,4,0,0,1,2,12,1,1,2,2,1,1,2,53,0,49,32,2009,0,0.0,64,65.0,12.0,,,,1,1,40,2,6.0,98.0,4,0,20,0,11,5,07/22/2017,8:00,259053032265.0,32265.0,0.0,0.0,0.0,3.0,1,28,0.0,0.0,0.0,96,,,,,,99,,,,,,98901.0,53,62.0,180.0,6.0,1.0,0.0,0.0,1.0,0.0,0.0,0,,,,,,0,01/15/2017,01/15/2017,8,1,9,0,0.0,9,8,,,0,0.0,0.0,8,0,2.0,996.0,0.0,0.0,1.0,0.0,0.0,2,1,0.0,,,,,,,,,,,,,,,,,,,,,,,,,,,,,,0,0,0,0,0,0,1,1,0,0,0,0,0,0,0,0,0,0,0,1,0,0,0,0,0,1,1,0,0,1,0,0,0,1,0,,1,0,0,0,0,0,1,1,0,0,0,0,0,0,1,0,,,,,,36-40,36-45,US highway,U,Tuesday,Not Used,PV,Hispanic,0,1,1,0,State Route,State Patrol,Washington State Patrol Headquarter,0,1,0,0,0,,,,,,,,,,,,,,,,,,,,,,,,,,,,,,,,,,,,,,,,,,,,98902
376,2017,255,E700188,1.0,07/18/2017,5:55,18,7,0.0,77,Yakima,2590,1,0.0,4,1,2,1,0,2,2,5:55,6:04,6:28,12,0,2,201.5,1,0,1,3,2,1,2,0,0,0,0,US-12,,-120.5257444,46.625616667,0,2,51,62,4,60,4,0,0,1,2,12,1,1,2,2,1,1,1,16,0,48,34,2015,0,0.0,12,,,,,,1,1,72,1,0.0,0.0,3,0,3,0,11,5,,,,,0.0,0.0,0.0,3.0,1,0,0.0,0.0,0.0,0,,,,,,0,,,,,,83836.0,16,72.0,210.0,6.0,1.0,0.0,0.0,0.0,0.0,0.0,0,,,,,,0,,,8,0,0,0,8.0,9,8,,,0,0.0,0.0,0,0,0.0,0.0,0.0,0.0,0.0,0.0,0.0,2,1,0.0,,,,,,,,,,,,,,,,,,,,,,,,,,,,,,0,0,0,0,0,0,1,1,0,0,0,0,0,0,0,0,0,0,0,1,0,0,0,0,0,1,1,0,0,1,0,0,0,0,0,,0,0,0,0,0,0,0,0,0,0,0,0,0,0,0,0,,,,,,71-75,66-75,US highway,U,Tuesday,Belt Used,PV,Not Fatal,0,1,1,0,State Route,State Patrol,Washington State Patrol Headquarter,0,1,0,0,0,,,,,,,,,,,,,,,,,,,,,,,,,,,,,,,,,,,,,,,,,,,,98902
377,2017,256,E696354,7.0,07/17/2017,3:36,17,7,0.0,33,King,1050,1,0.0,3,1,2,1,0,2,1,,,,24,0,0,18.1,1,0,1,1,2,1,1,0,0,0,0,I-405,,-122.1846806,47.677794444,0,1,2,9,1,60,4,0,0,1,2,24,1,1,5,3,1,2,1,53,0,34,34,2004,0,0.0,63,24.0,,,,,1,1,18,1,0.0,0.0,0,0,99,0,11,0,,,,,0.0,0.0,0.0,3.0,1,0,0.0,0.0,0.0,96,,,,,,99,,,,,,98019.0,53,72.0,155.0,6.0,1.0,0.0,0.0,0.0,0.0,0.0,97,,,,,,0,,,20,0,0,0,8.0,9,8,,,0,0.0,0.0,8,9,0.0,0.0,0.0,0.0,0.0,0.0,0.0,0,0,996.0,,,,,,,,,,,,,,,,,,,,,,,,,,,,,,0,0,0,0,0,0,0,0,0,0,0,0,0,0,0,0,0,0,0,1,0,1,1,0,1,0,0,0,0,1,0,0,0,0,0,,0,0,0,0,0,0,0,0,0,0,0,0,0,0,0,0,,,,,,18-20,16-25,Interstate,U,Monday,Unknown,PV,Not Fatal,0,1,0,0,State Route,State Patrol,Washington State Patrol Headquarter,1,1,0,0,0,,,,,,,,,,,,,,,,,,,,,,,,,,,,,,,,,,,,,,,,,,,,98033
378,2017,257,E701014,6.0,07/16/2017,19:40,16,7,0.0,47,Okanogan,0,1,0.0,1,1,2,1,1,1,1,,,,8,0,0,7.5,1,0,1,7,1,2,4,0,0,0,0,CR-OMAK-RIVERSIDE E RD,,-119.48085,48.485011111,0,1,13,80,5,50,39,0,0,1,2,8,1,4,2,1,1,1,1,53,0,12,481,1986,0,0.0,68,8.0,,,,,1,1,35,1,0.0,0.0,0,0,3,0,11,0,,,,,0.0,0.0,3.0,3.0,1,91,0.0,0.0,0.0,96,,,,,,9,,,,,,98841.0,53,69.0,170.0,6.0,1.0,1.0,0.0,0.0,0.0,1.0,1,,,,,,0,09/15/2012,05/15/2013,20,0,0,0,8.0,9,8,,,0,0.0,0.0,8,1,0.0,0.0,0.0,0.0,0.0,0.0,0.0,0,0,996.0,,,,,,,,,,,,,,,,,,,,,,,,,,,,,,0,0,0,0,1,0,0,0,0,1,1,1,0,0,0,0,0,0,0,0,0,0,0,0,0,0,0,0,0,1,0,1,0,0,0,,0,0,0,0,0,0,0,0,0,0,0,0,0,0,0,1,,,,,,31-35,26-35,County road,R,Sunday,Belt Used,PV,Not Fatal,0,0,0,0,County Road,State Patrol,Washington State Patrol Headquarter,0,0,1,0,0,,,,,,,,,,,,,,,,,,,,,,,,,,,,,,,,,,,,,,,,,,,,98841
379,2017,258,E693783,5.0,07/15/2017,23:10,15,7,0.0,41,Lewis,310,1,0.0,2,1,2,1,0,3,2,23:11,23:17,23:44,12,0,2,77.6,1,0,1,1,2,1,1,0,0,0,0,I-5,,-122.9747667,46.654372222,0,1,50,10,2,60,3,0,0,1,2,12,1,1,2,3,1,1,1,53,0,55,36,2003,0,0.0,12,,,,,,1,1,23,1,7.0,1.0,4,7,3,0,11,0,07/15/2017,23:15,31053032460.0,32460.0,0.0,0.0,3.0,2.0,1,51,0.0,0.0,0.0,96,,,,,,9,,,,,,98539.0,53,73.0,180.0,1.0,1.0,1.0,10.0,3.0,10.0,10.0,0,,,,,,0,09/15/2013,05/15/2017,8,0,0,0,0.0,1,8,,,0,0.0,0.0,8,1,2.0,1.0,0.0,0.0,1.0,0.0,0.0,2,1,0.22,,,,,,,,,,,,,,,,,,,,,,,,,,,,,,0,0,0,0,1,1,0,1,0,0,0,0,0,1,0,0,0,0,0,0,0,0,0,1,1,0,0,0,0,1,0,0,0,0,0,,1,0,0,0,0,1,0,1,0,0,0,1,0,1,0,1,,,,,,21-25,16-25,Interstate,U,Saturday,Belt Used,PV,White,0,0,0,1,State Route,State Patrol,Washington State Patrol Headquarter,0,1,0,0,0,,,,,,,,,,,,,,,,,,,,,,,,,,,,,,,,,,,,,,,,,,,,
380,2017,258,E693783,5.0,07/15/2017,23:10,15,7,0.0,41,Lewis,310,1,0.0,2,1,2,1,0,3,2,23:11,23:17,23:44,12,0,2,77.6,1,0,1,1,2,1,1,0,0,0,0,I-5,,-122.9747667,46.654372222,0,2,51,54,3,60,6,0,0,1,2,12,1,1,2,3,1,2,1,41,0,20,24,2011,0,0.0,12,,,,,,1,1,24,2,0.0,0.0,3,0,3,0,11,4,,,,,0.0,0.0,0.0,3.0,1,0,0.0,0.0,0.0,0,,,,,,0,,,,,,97015.0,41,65.0,240.0,6.0,1.0,0.0,0.0,0.0,0.0,0.0,0,,,,,,0,,,8,0,0,0,8.0,9,8,,,0,0.0,0.0,8,0,0.0,0.0,0.0,0.0,0.0,0.0,0.0,0,0,996.0,,,,,,,,,,,,,,,,,,,,,,,,,,,,,,0,0,0,0,1,1,0,1,0,0,0,0,0,1,0,0,0,0,0,0,0,0,0,1,1,0,0,0,0,1,0,0,0,0,0,,0,0,0,0,0,0,0,0,0,0,0,0,0,0,0,0,,,,,,21-25,16-25,Interstate,U,Saturday,Belt Used,PV,Not Fatal,0,0,0,1,State Route,State Patrol,Washington State Patrol Headquarter,0,1,0,0,0,,,,,,,,,,,,,,,,,,,,,,,,,,,,,,,,,,,,,,,,,,,,
381,2017,259,E695733,2.0,07/15/2017,13:27,15,7,0.0,61,Snohomish,2030,1,0.0,1,1,2,1,0,3,2,13:24,13:31,,1,0,0,9.5,1,0,1,3,2,1,3,0,0,0,0,SR-9,,-122.1086833,47.914252778,0,1,98,6,1,55,80,0,0,1,2,12,1,2,2,1,1,1,2,41,0,73,706,2005,0,0.0,68,1.0,12.0,,,,1,1,48,1,7.0,1.0,4,7,5,0,11,0,07/15/2017,13:38,203053031329.0,31329.0,0.0,0.0,0.0,0.0,1,26,28.0,0.0,0.0,92,,,,,,99,,,,,,98626.0,53,65.0,160.0,0.0,0.0,0.0,0.0,0.0,0.0,0.0,0,,,,,,0,,,20,8,0,0,0.0,9,8,,,0,0.0,0.0,8,9,2.0,605.0,0.0,0.0,1.0,0.0,0.0,2,1,0.0,,,,,,,,,,,,,,,,,,,,,,,,,,,,,,0,0,0,0,0,0,1,1,1,0,0,0,0,1,1,0,1,0,0,0,0,0,0,0,0,0,0,0,1,1,0,0,0,0,1,0.0,0,0,0,0,0,0,1,1,1,0,0,1,0,0,1,0,,,,,,46-50,46-55,State route,U,Saturday,,MC,White,0,0,0,0,State Route,State Patrol,Washington State Patrol Headquarter,0,1,0,0,0,thc,19.0,carboxy-thc,130.0,,,,,,,,,,,,,,,,,,,,,,,,,,,,,,,,,,,,,,,,98291
382,2017,259,E695733,2.0,07/15/2017,13:27,15,7,0.0,61,Snohomish,2030,1,0.0,1,1,2,1,0,3,2,13:24,13:31,,1,0,0,9.5,1,0,1,3,2,1,3,0,0,0,0,SR-9,,-122.1086833,47.914252778,0,2,98,62,4,55,6,0,0,1,2,12,1,2,2,1,1,2,1,53,0,49,47,2007,0,0.0,12,,,,,,1,1,48,1,0.0,0.0,2,0,3,0,11,4,,,,,0.0,0.0,0.0,3.0,1,0,0.0,0.0,0.0,0,,,,,,0,,,,,,98021.0,53,70.0,200.0,6.0,1.0,0.0,0.0,0.0,0.0,0.0,0,,,,,,0,,,8,0,0,0,8.0,9,8,,,0,0.0,0.0,8,0,0.0,0.0,0.0,0.0,0.0,0.0,0.0,0,0,996.0,,,,,,,,,,,,,,,,,,,,,,,,,,,,,,0,0,0,0,0,0,1,1,1,0,0,0,0,1,1,0,1,0,0,0,0,0,0,0,0,0,0,0,1,1,0,0,0,0,0,,0,0,0,0,0,0,0,0,0,0,0,0,0,0,0,0,,,,,,46-50,46-55,State route,U,Saturday,Belt Used,PV,Not Fatal,0,0,0,0,State Route,State Patrol,Washington State Patrol Headquarter,0,1,0,0,0,,,,,,,,,,,,,,,,,,,,,,,,,,,,,,,,,,,,,,,,,,,,98291
383,2017,260,E694162,45.0,07/12/2017,15:00,12,7,0.0,73,Whatcom,2200,1,0.0,1,1,4,1,0,1,1,,,,1,0,0,5.0,1,0,1,96,6,96,8,0,0,0,0,NF - 3065,,-121.6627306,48.943494444,0,1,2,13,2,98,34,0,0,1,5,1,3,2,8,8,14,1,1,53,0,7,482,1999,0,0.0,63,1.0,42.0,,,,1,1,79,1,7.0,1.0,4,7,99,0,11,0,07/12/2017,15:00,53031754.0,31754.0,0.0,0.0,0.0,3.0,1,0,0.0,0.0,0.0,93,,,,,,99,,,,,,98226.0,53,71.0,185.0,6.0,1.0,0.0,0.0,0.0,2.0,0.0,0,,,,,,0,02/15/2014,06/15/2014,99,2,9,0,0.0,9,8,,,0,0.0,0.0,8,9,2.0,128.0,996.0,0.0,1.0,1.0,0.0,2,1,0.0,,,,,,,,,,,,,,,,,,,,,,,,,,,,,,0,0,0,0,0,0,1,1,0,0,0,0,0,0,0,0,1,0,0,0,0,0,0,0,0,1,1,1,0,0,0,0,0,0,0,,0,0,0,0,0,0,1,1,1,0,0,0,0,0,1,0,,,,,,76-80,76+,Other,,Wednesday,Unknown,PV,White,0,1,0,0,Other,County Sheriff,Whatcom County Sheriff's Office,1,0,0,0,1,,,,,,,,,,,,,,,,,,,,,,,,,,,,,,,,,,,,,,,,,,,,
384,2017,261,E694418,40.0,07/14/2017,18:44,14,7,0.0,63,Spokane,0,1,0.0,1,1,4,1,0,1,1,18:48,19:08,,1,0,0,1.5,1,0,1,7,1,2,4,0,0,0,0,CR-S GRAHAM RD,,-117.67245,47.485188889,0,1,1,13,2,35,14,0,0,1,2,1,4,2,2,1,14,1,1,53,0,2,404,2000,0,0.0,63,1.0,,,,,1,1,49,2,7.0,1.0,4,7,20,0,11,0,07/14/2017,19:50,33053031401.0,31401.0,0.0,0.0,0.0,0.0,1,0,0.0,0.0,0.0,92,,,,,,99,,,,,,99021.0,53,66.0,135.0,0.0,0.0,0.0,0.0,1.0,0.0,0.0,0,,,,,,4,03/15/2017,03/15/2017,20,1,9,0,0.0,9,8,,,0,0.0,0.0,8,9,2.0,401.0,417.0,0.0,1.0,1.0,0.0,2,1,0.053,,,,,,,,,,,,,,,,,,,,,,,,,,,,,,0,0,1,0,1,0,1,1,0,0,0,0,1,1,0,0,1,0,0,1,0,0,0,0,0,0,0,0,0,1,0,0,0,1,0,,1,0,0,0,1,0,1,1,1,1,0,1,0,0,0,1,,,,,,46-50,46-55,County road,R,Friday,Not Used,PV,White,0,1,0,0,County Road,County Sheriff,Spokane County Sheriff's Office,1,0,1,0,0,,,,,,,,,,,,,,,,,,,,,,,,,,,,,,,,,,,,,,,,,,,,99004
385,2017,262,E694798,39.0,07/23/2017,13:12,23,7,0.0,61,Snohomish,0,1,0.0,1,1,2,1,0,6,2,,,,12,0,6,0.6,8,0,1,5,2,2,4,0,0,0,0,CR-SPRINGHETTI RD,,-122.0989528,47.880744444,0,1,98,10,2,35,80,0,0,1,2,12,1,1,2,1,6,1,1,4,0,53,706,2014,0,0.0,68,12.0,,,,,1,1,33,1,7.0,1.0,4,7,5,0,11,0,07/23/2017,13:12,53032528.0,32528.0,0.0,0.0,0.0,3.0,1,35,38.0,0.0,0.0,96,,,,,,99,,,,,,98028.0,53,76.0,240.0,6.0,1.0,0.0,0.0,0.0,0.0,0.0,0,,,,,,4,,,20,8,0,0,0.0,9,8,,,0,0.0,0.0,8,9,2.0,605.0,0.0,0.0,1.0,0.0,0.0,2,1,0.0,,,,,,,,,,,,,,,,,,,,,,,,,,,,,,0,0,0,0,0,0,1,1,1,0,0,0,1,0,0,0,0,0,1,0,0,0,0,0,0,0,0,0,1,1,0,0,0,0,1,0.0,0,0,0,0,0,0,1,1,0,1,1,0,0,0,1,0,,,,,,31-35,26-35,County road,U,Sunday,,MC,White,0,0,0,0,County Road,County Sheriff,Snohomish County Sheriff's Office,0,0,1,0,0,thc,44.0,carboxy-thc,180.0,,,,,,,,,,,,,,,,,,,,,,,,,,,,,,,,,,,,,,,,98296
386,2017,262,E694798,39.0,07/23/2017,13:12,23,7,0.0,61,Snohomish,0,1,0.0,1,1,2,1,0,6,2,,,,12,0,6,0.6,8,0,1,5,2,2,4,0,0,0,0,CR-SPRINGHETTI RD,,-122.0989528,47.880744444,0,2,98,60,4,35,20,0,0,1,5,12,1,1,2,1,11,5,2,53,0,49,442,1998,0,0.0,12,,,,,,1,1,44,2,0.0,0.0,1,0,3,0,11,8,,,,,0.0,0.0,0.0,3.0,1,0,0.0,0.0,0.0,0,,,,,,0,,,,,,98258.0,53,66.0,160.0,6.0,1.0,0.0,0.0,0.0,0.0,0.0,0,,,,,,0,,,20,0,0,0,8.0,9,8,,,0,0.0,0.0,8,0,0.0,0.0,0.0,0.0,0.0,0.0,0.0,0,0,996.0,,,,,,,,,,,,,,,,,,,,,,,,,,,,,,0,0,0,0,0,0,1,1,1,0,0,0,1,0,0,0,0,0,1,0,0,0,0,0,0,0,0,0,1,1,0,0,0,0,0,,0,0,0,0,0,0,0,0,0,0,0,0,0,0,0,0,,,,,,41-45,36-45,County road,U,Sunday,Belt Used,PV,Not Fatal,0,0,0,0,County Road,County Sheriff,Snohomish County Sheriff's Office,0,0,1,0,0,,,,,,,,,,,,,,,,,,,,,,,,,,,,,,,,,,,,,,,,,,,,98296
387,2017,263,E695061,248.0,07/24/2017,8:30,24,7,0.0,33,King,1830,1,0.0,1,1,2,2,0,2,1,,,,1,0,0,0.0,3,0,3,7,2,4,6,0,0,0,0,ROYAL HILLS DR SE,HARRINGTON PL SE,-122.1811306,47.470086111,0,1,1,13,2,25,34,0,0,1,2,1,2,2,4,1,14,2,1,53,0,7,482,2014,0,0.0,63,1.0,,,,,1,1,20,1,7.0,18.0,4,7,99,0,11,0,07/24/2017,8:30,183053032493.0,32493.0,0.0,0.0,3.0,2.0,1,0,0.0,0.0,0.0,96,,,,,,99,,,,,,98055.0,53,68.0,135.0,1.0,1.0,1.0,1.0,0.0,1.0,2.0,0,,,,,,4,07/15/2015,03/15/2017,8,0,0,0,0.0,9,8,,,0,0.0,0.0,8,9,2.0,402.0,0.0,0.0,1.0,0.0,0.0,2,1,0.17,,,,,,,,,,,,,,,,,,,,,,,,,,,,,,0,0,1,1,1,1,1,1,0,0,0,0,1,1,0,0,0,0,0,0,0,1,1,0,1,0,0,0,0,0,0,0,0,0,0,,0,0,0,0,0,1,1,1,0,1,0,1,0,0,0,1,,,,,,18-20,16-25,City street,U,Monday,Unknown,PV,API,0,1,0,0,City Street,Municipal/City Police,Renton Police Department,1,0,0,1,0,,,,,,,,,,,,,,,,,,,,,,,,,,,,,,,,,,,,,,,,,,,,98055
388,2017,264,3660803,344.0,07/23/2017,15:51,23,7,0.0,77,Yakima,2300,1,0.0,1,1,2,3,0,3,1,,,,42,0,0,16.0,1,0,1,96,6,96,8,0,3,0,0,SIGNAL PEAK RD,,-120.7971778,46.286163889,0,1,6,12,2,98,2,0,0,1,2,42,2,1,2,1,14,3,1,53,0,37,32,1994,0,0.0,68,64.0,42.0,,,,1,1,43,2,7.0,3.0,4,7,20,0,11,0,07/23/2017,15:51,53032129.0,32129.0,0.0,0.0,3.0,2.0,1,0,0.0,0.0,0.0,96,,,,,,99,,,,,,98948.0,53,62.0,135.0,1.0,1.0,0.0,0.0,0.0,0.0,2.0,0,,,,,,0,03/15/2016,03/15/2017,1,0,0,0,0.0,9,8,,,0,0.0,0.0,8,9,2.0,1.0,0.0,0.0,1.0,0.0,0.0,2,1,0.34,,,,,,,,,,,,,,,,,,,,,,,,,,,,,,0,0,1,0,1,1,0,1,0,0,0,0,0,1,0,0,0,0,0,1,0,0,0,0,0,0,0,0,0,1,0,0,0,1,0,,1,0,0,0,0,1,0,1,0,0,0,1,0,1,0,1,,,,,,41-45,36-45,Other,,Sunday,Not Used,PV,AIAN,0,1,0,0,Other,Other Law Enforcement,Yakama Tribal Police Department,1,0,0,0,1,,,,,,,,,,,,,,,,,,,,,,,,,,,,,,,,,,,,,,,,,,,,
389,2017,265,E695441,40.0,07/26/2017,16:22,26,7,0.0,63,Spokane,0,1,0.0,1,1,2,1,0,1,1,16:30,16:48,,42,0,0,2.8,1,0,1,6,1,2,4,0,0,0,0,CR-N MUZZY RD,,-117.0990889,47.800869444,0,1,7,6,1,35,14,0,0,1,2,42,2,2,2,1,14,1,1,53,0,12,401,1995,0,0.0,68,64.0,42.0,,,,1,1,35,1,7.0,1.0,4,7,20,0,11,0,07/26/2017,16:54,53032817.0,32817.0,0.0,0.0,0.0,3.0,1,0,0.0,0.0,0.0,96,,,,,,99,,,,,,99208.0,53,70.0,165.0,6.0,1.0,0.0,0.0,0.0,0.0,0.0,0,,,,,,4,,,8,0,0,0,0.0,9,8,,,0,0.0,0.0,8,9,2.0,417.0,0.0,0.0,1.0,0.0,0.0,2,1,0.0,,,,,,,,,,,,,,,,,,,,,,,,,,,,,,0,0,0,0,0,0,1,1,0,0,0,0,1,0,0,0,0,0,0,1,0,0,0,0,0,0,0,0,0,1,0,0,0,1,0,,1,0,0,0,0,0,1,1,0,1,0,0,0,0,1,0,,,,,,31-35,26-35,County road,R,Wednesday,Not Used,PV,White,0,1,0,0,County Road,County Sheriff,Spokane County Sheriff's Office,1,0,1,0,0,,,,,,,,,,,,,,,,,,,,,,,,,,,,,,,,,,,,,,,,,,,,
390,2017,266,E697132,25.0,07/27/2017,19:13,27,7,0.0,33,King,0,1,0.0,1,1,2,1,0,1,1,,,,1,0,0,3.5,1,0,1,5,1,2,4,0,0,0,0,CR-244TH AVE SE,,-122.0162222,47.227530556,0,1,7,6,1,35,4,0,0,1,5,1,1,1,2,1,1,1,1,53,0,30,40,1994,0,0.0,68,64.0,1.0,,,,1,1,35,1,7.0,3.0,4,7,20,0,11,0,07/27/2017,19:13,67053032970.0,32970.0,0.0,0.0,0.0,3.0,1,0,0.0,0.0,0.0,96,,,,,,99,,,,,,98022.0,53,69.0,170.0,6.0,1.0,0.0,1.0,0.0,3.0,5.0,0,,,,,,3,01/15/2014,05/15/2017,20,1,9,0,0.0,9,8,,,0,0.0,0.0,8,1,2.0,417.0,0.0,0.0,1.0,0.0,0.0,2,1,0.34,,,,,,,,,,,,,,,,,,,,,,,,,,,,,,0,0,0,0,1,1,1,1,0,0,0,0,1,0,0,0,0,0,0,1,0,0,0,0,0,0,0,0,0,1,0,0,0,1,0,,1,0,0,0,0,1,1,1,0,1,0,0,0,0,0,1,,,,,,31-35,26-35,County road,R,Thursday,Not Used,PV,AIAN,0,1,0,0,County Road,County Sheriff,King County Police,1,0,1,0,0,,,,,,,,,,,,,,,,,,,,,,,,,,,,,,,,,,,,,,,,,,,,98022
391,2017,267,E695839,35.0,07/26/2017,17:35,26,7,0.0,53,Pierce,0,1,0.0,1,1,2,1,0,2,2,,,,12,0,6,0.9,2,0,3,4,2,2,4,0,0,0,0,CR-GEM HEIGHTS,176RD ST CT E,-122.3048694,47.098558333,0,1,83,67,4,35,80,0,0,1,2,12,1,1,2,1,1,1,2,53,0,73,705,2002,0,0.0,12,,,,,,1,1,31,1,7.0,1.0,4,0,19,0,11,4,07/26/2017,18:18,177053033182.0,33182.0,0.0,0.0,0.0,2.0,1,0,0.0,0.0,0.0,96,,,,,,99,,,,,,98374.0,53,70.0,186.0,1.0,1.0,0.0,1.0,0.0,0.0,1.0,0,,,,,,3,01/15/2017,05/15/2017,20,8,0,0,0.0,9,8,,,0,0.0,0.0,8,9,2.0,401.0,417.0,0.0,1.0,1.0,0.0,2,1,0.0,,,,,,,,,,,,,,,,,,,,,,,,,,,,,,0,0,0,1,0,0,1,1,0,0,0,0,1,1,1,0,0,0,1,0,0,0,0,0,0,0,0,0,1,1,0,0,0,0,1,0.0,0,0,0,0,0,0,1,1,0,1,0,1,0,0,1,0,,,,,,31-35,26-35,County road,U,Wednesday,,MC,White,1,0,0,0,County Road,County Sheriff,Law Enforcement Support Agency,0,0,1,0,0,,,,,,,,,,,,,,,,,,,,,,,,,,,,,,,,,,,,,,,,,,,,98375