,year,case,par,repjur,crash_dt,crash_tm,accday,accmon,holiday,county,co_char,city,weather,weather2,lightcond,surfcond,surftype,numfatal,nmforms,pforms,vforms,not_tm,arr_tm,hosp_tm,fhevent,hitrun,manncol,milepnt,reljunc,reljuncinter,intersectiontype,funcsystem,landuse,ownership,route,schlbus,spejur,contdev,devfunc,trafid1,trafid2,x,y,wk_zone,vnumber,crashtype,criticalevent,criticaleventcat,spdlim,body,trailer,emerg,hazcargo,leave,mhevent,roadalgn,roadprof,traflane,trafflow,vehmanvr,numoccs,regowner,regstate,spuse,make,model,modelyr,vrf1,vrf2,seqevent1,seqevent2,seqevent3,seqevent4,seqevent5,seqevent6,pnumber,ptype,age,sex,hispanic,race,injury,diedscene,restraint,restraintmisuse,seatpos,takehosp,death_dt,death_tm,cert,cernum_wa,commlic,licendor,licrestrict,liccomp,drivpres,drf1,drf2,drf3,drf4,distract1,distract2,distract3,distract4,distract5,distract6,dricond1,dricond2,dricond3,dricond4,dricond5,dricond6,dzip,licstate,drhgt_in,weight,noncdl,noncdltype,prevdwi,prevoth,prevacc,prevspd,prevsus,driviol1,driviol2,driviol3,driviol4,driviol5,driviol6,spdrel,first_dt,last_dt,airbag,ejection,ejectpath,extricat,injurwrk,methalc,methdrug,nmlocat,strikveh,prf1,prf2,prf3,druginv,alcinvol,drugsts,drugres1,drugres2,drugres3,drugtst1,drugtst2,drugtst3,alcsts,alctst,alcres,nmact1,nmact2,nmact3,nmact4,nmact5,nmact6,nmprior1,nmprior2,nmprior3,nmprior4,nmprior5,nmprior6,nmcond1,nmcond2,nmcond3,nmcond4,nmcond5,nmcond6,nmsafe_helmet,nmsafe_pads,nmsafe_oth,nmprev_ref,nmprev_lgt,nmprev_oth,crashlocation,nmcrashtype,crosswalk,schoolzone,sidewalk,train_inv,wildlife_inv,rotr_fars,intersect_fars,dd_inv,aid_inv,dpd_inv,id_inv,mj_inv,impnm_inv,ainm_inv,dpnm_inv,speed_inv,unlic_inv,unendmc_inv,drowsy_inv,drdist_inv,nmdist_inv,fty_inv,unrestfat_inv,dr1617_inv,dr1820_inv,dr1620_inv,dr2125_inv,dr1625_inv,dr65_inv,dr70_inv,dr75_inv,mc_inv,pv_inv,ht_inv,ped_inv,bike_inv,unrest_fat,mc_fat,unhelmet_mc,pv_fat,ht_fat,ped_fat,bike_fat,dr_alc7,dr_alc8,dr_drug,dr_imp,dr_dist,dr_spd,dr_fty,dr_unlic,dr_alc7only,dr_alc8only,dr_drugonly,dr_drink,nm_imp,nm_alc7,nm_alc8,nm_drug,nm_dist,agegrp1,agegrp2,roadclass,urbrur,dayweek,restuse,vehtype,race_me,intersect,lanedep,oppdir,wrongway,rep_typ,investag,repag_long,rotr,st_rd,cty_rd,city_rd,oth_rd,drug_thc,thc_res,drug_cthc,cthc_res,drug_cann,prevpersemin,prevperse,prevsusoth,drugtst4,drugtst5,drugtst6,drugtst7,drugtst8,drugres4,drugres5,drugres6,drugres7,drugres8,adspresent,adsengaged,adslevel,race1,race2,race3,race4,race5,helmet,helmetmisuse,nmdistract1,nmdistract2,nmdistract3,nmdistract4,nmdistract5,nmdistract6,lab,isedtcase,crf1,crf2,crf3,CoRoadName,CoMP,IntCoRoadName,IntCoMP,zipcode
392,2017,267,E695839,35.0,07/26/2017,17:35,26,7,0.0,53,Pierce,0,1,0.0,1,1,2,1,0,2,2,,,,12,0,6,0.9,2,0,3,4,2,2,4,0,0,20,3,CR-GEM HEIGHTS,176RD ST CT E,-122.3048694,47.098558333,0,2,82,15,2,35,6,0,0,1,2,12,1,1,2,1,11,1,2,53,0,7,27,2014,0,0.0,12,,,,,,1,1,31,2,0.0,0.0,0,0,3,0,11,0,,,,,0.0,0.0,0.0,3.0,1,38,0.0,0.0,0.0,96,,,,,,0,,,,,,98387.0,53,67.0,155.0,6.0,1.0,0.0,0.0,1.0,0.0,0.0,97,,,,,,0,10/15/2012,10/15/2012,20,0,0,0,8.0,9,8,,,0,0.0,0.0,8,0,0.0,0.0,0.0,0.0,0.0,0.0,0.0,0,0,996.0,,,,,,,,,,,,,,,,,,,,,,,,,,,,,,0,0,0,1,0,0,1,1,0,0,0,0,1,1,1,0,0,0,1,0,0,0,0,0,0,0,0,0,1,1,0,0,0,0,0,,0,0,0,0,0,0,0,0,0,0,1,0,0,0,0,0,,,,,,31-35,26-35,County road,U,Wednesday,Belt Used,PV,Not Fatal,1,0,0,0,County Road,County Sheriff,Law Enforcement Support Agency,0,0,1,0,0,,,,,,,,,,,,,,,,,,,,,,,,,,,,,,,,,,,,,,,,,,,,98375
393,2017,268,E696573,173.0,07/29/2017,12:30,29,7,0.0,53,Pierce,1124,1,0.0,1,1,2,1,0,2,2,,,,12,0,6,0.0,2,0,3,3,2,4,6,0,0,3,3,S TACOMA WAY,STELLACOOM BLVD SW,-122.4838167,47.17665,0,1,83,17,2,35,80,0,0,1,2,12,1,2,5,1,1,1,2,53,0,76,705,2002,0,0.0,12,,,,,,1,1,42,1,7.0,1.0,4,0,19,0,11,4,07/29/2017,13:31,112453033302.0,33302.0,0.0,0.0,0.0,2.0,1,37,0.0,0.0,0.0,96,,,,,,99,,,,,,98446.0,53,64.0,160.0,1.0,1.0,0.0,0.0,0.0,0.0,0.0,0,,,,,,3,,,20,8,0,0,0.0,9,8,,,0,0.0,0.0,8,9,2.0,401.0,417.0,605.0,1.0,1.0,1.0,2,1,0.0,,,,,,,,,,,,,,,,,,,,,,,,,,,,,,0,0,0,1,0,0,1,1,1,0,0,0,1,1,1,0,0,0,0,0,0,0,0,1,1,0,0,0,1,1,0,0,0,0,1,0.0,0,0,0,0,0,0,1,1,0,1,0,1,0,0,1,0,,,,,,41-45,36-45,City street,U,Saturday,,MC,White,1,0,0,0,City Street,Municipal/City Police,Lakewood Police Department,0,0,0,1,0,thc,11.0,carboxy-thc,20.0,,,,,,,,,,,,,,,,,,,,,,,,,,,,,,,,,,,,,,,,98499
394,2017,268,E696573,173.0,07/29/2017,12:30,29,7,0.0,53,Pierce,1124,1,0.0,1,1,2,1,0,2,2,,,,12,0,6,0.0,2,0,3,3,2,4,6,0,0,3,3,S TACOMA WAY,STELLACOOM BLVD SW,-122.4838167,47.17665,0,2,82,66,4,35,5,0,0,1,5,12,1,2,6,1,11,1,1,53,0,37,39,2007,0,0.0,12,,,,,,1,1,22,2,0.0,0.0,1,0,3,0,11,8,,,,,0.0,0.0,3.0,3.0,1,0,0.0,0.0,0.0,0,,,,,,0,,,,,,98409.0,53,62.0,190.0,6.0,1.0,0.0,0.0,0.0,0.0,0.0,0,,,,,,0,,,2,0,0,0,8.0,9,8,,,0,0.0,0.0,8,0,0.0,0.0,0.0,0.0,0.0,0.0,0.0,0,0,996.0,,,,,,,,,,,,,,,,,,,,,,,,,,,,,,0,0,0,1,0,0,1,1,1,0,0,0,1,1,1,0,0,0,0,0,0,0,0,1,1,0,0,0,1,1,0,0,0,0,0,,0,0,0,0,0,0,0,0,0,0,0,0,0,0,0,0,,,,,,21-25,16-25,City street,U,Saturday,Belt Used,PV,Not Fatal,1,0,0,0,City Street,Municipal/City Police,Lakewood Police Department,0,0,0,1,0,,,,,,,,,,,,,,,,,,,,,,,,,,,,,,,,,,,,,,,,,,,,98499
395,2017,269,E695748,35.0,07/21/2017,20:28,21,7,0.0,53,Pierce,0,1,0.0,2,1,2,1,0,1,1,,,,42,0,0,8.5,1,0,1,5,1,2,4,0,0,0,0,CR-KEY PENINSULA HWY,,-122.7620972,47.232094444,0,1,6,12,2,45,4,0,0,1,2,30,2,1,2,1,14,1,2,53,0,20,37,2010,0,0.0,68,64.0,42.0,30.0,,,1,1,37,2,7.0,1.0,4,0,20,0,11,4,07/26/2017,9:25,223053032588.0,32588.0,0.0,0.0,3.0,2.0,1,0,0.0,0.0,0.0,96,,,,,,9,,,,,,98329.0,53,63.0,110.0,1.0,1.0,0.0,1.0,0.0,0.0,1.0,0,,,,,,3,04/15/2016,07/15/2016,20,0,0,0,0.0,9,1,,,0,0.0,0.0,1,0,2.0,417.0,0.0,0.0,1.0,0.0,0.0,2,1,0.0,,,,,,,,,,,,,,,,,,,,,,,,,,,,,,0,0,1,0,0,0,1,1,0,0,0,0,1,1,0,0,0,0,0,1,0,0,0,0,0,0,0,0,0,1,0,0,0,1,0,,1,0,0,0,0,0,1,1,0,1,0,1,0,0,1,0,,,,,,36-40,36-45,County road,R,Friday,Not Used,PV,White,0,1,0,0,County Road,County Sheriff,Law Enforcement Support Agency,1,0,1,0,0,,,,,,,,,,,,,,,,,,,,,,,,,,,,,,,,,,,,,,,,,,,,98349
396,2017,270,E696023,8.0,07/28/2017,7:30,28,7,0.0,9,Clallam,0,1,0.0,1,1,2,1,0,2,2,,,,12,0,6,54.6,2,0,2,5,1,1,3,0,0,20,3,SR-112,THOMPSON RD,-123.6669611,48.119088889,0,1,89,17,2,25,40,0,0,1,2,12,1,1,2,1,4,1,1,53,0,49,472,1997,0,0.0,12,,,,,,1,1,57,1,7.0,1.0,4,7,3,0,11,0,07/28/2017,8:05,53032893.0,32893.0,0.0,0.0,0.0,3.0,1,38,0.0,0.0,0.0,96,,,,,,99,,,,,,98363.0,53,71.0,160.0,6.0,1.0,0.0,0.0,0.0,0.0,0.0,0,,,,,,0,,,1,0,0,0,0.0,9,8,,,0,0.0,0.0,8,9,2.0,1.0,0.0,0.0,1.0,0.0,0.0,2,1,0.0,,,,,,,,,,,,,,,,,,,,,,,,,,,,,,0,0,0,1,0,0,0,0,0,0,0,0,0,0,0,0,0,0,1,0,0,0,0,0,0,0,0,0,0,1,1,0,0,0,0,,1,0,0,0,0,0,0,0,0,0,1,0,0,0,0,0,,,,,,56-60,56-65,State route,R,Friday,Belt Used,PV,White,1,0,0,0,State Route,State Patrol,Washington State Patrol Headquarter,0,1,0,0,0,,,,,,,,,,,,,,,,,,,,,,,,,,,,,,,,,,,,,,,,,,,,98363
397,2017,270,E696023,8.0,07/28/2017,7:30,28,7,0.0,9,Clallam,0,1,0.0,1,1,2,1,0,2,2,,,,12,0,6,54.6,2,0,2,5,1,1,3,0,0,0,0,SR-112,THOMPSON RD,-123.6669611,48.119088889,0,2,88,66,4,55,66,1,0,1,5,12,1,1,2,1,1,1,3,53,0,87,884,1990,0,0.0,12,,,,,,1,1,60,1,0.0,0.0,0,0,3,0,11,0,,,,,6.0,1.0,0.0,3.0,1,0,0.0,0.0,0.0,0,,,,,,0,,,,,,98362.0,53,69.0,180.0,6.0,1.0,0.0,0.0,0.0,0.0,0.0,0,,,,,,0,,,20,0,0,0,8.0,9,8,,,0,0.0,0.0,8,0,0.0,0.0,0.0,0.0,0.0,0.0,0.0,0,0,996.0,,,,,,,,,,,,,,,,,,,,,,,,,,,,,,0,0,0,1,0,0,0,0,0,0,0,0,0,0,0,0,0,0,1,0,0,0,0,0,0,0,0,0,0,1,1,0,0,0,0,,0,0,0,0,0,0,0,0,0,0,0,0,0,0,0,0,,,,,,56-60,56-65,State route,R,Friday,,MHTRUCK,Not Fatal,1,0,0,0,State Route,State Patrol,Washington State Patrol Headquarter,0,1,0,0,0,,,,,,,,,,,,,,,,,,,,,,,,,,,,,,,,,,,,,,,,,,,,98363
398,2017,271,E696171,7.0,07/28/2017,1:15,28,7,0.0,33,King,0,1,0.0,3,1,2,1,0,2,1,,,,38,0,0,11.3,1,0,1,3,2,1,3,0,0,0,0,SR-900,,-122.1107361,47.497261111,0,1,1,13,2,40,4,0,0,1,2,1,3,2,2,1,14,2,1,53,0,34,34,2006,0,0.0,63,38.0,1.0,2.0,,,1,1,55,1,7.0,1.0,4,7,3,0,11,0,07/28/2017,1:15,183053035475.0,35475.0,0.0,0.0,0.0,3.0,1,0,0.0,0.0,0.0,96,,,,,,9,,,,,,98027.0,53,76.0,250.0,6.0,1.0,0.0,2.0,0.0,1.0,0.0,0,,,,,,4,10/15/2016,01/15/2017,99,0,0,0,0.0,1,1,,,0,0.0,0.0,1,1,2.0,402.0,996.0,0.0,1.0,1.0,0.0,2,1,0.13,,,,,,,,,,,,,,,,,,,,,,,,,,,,,,0,0,1,0,1,1,1,1,0,0,0,0,1,0,0,0,0,0,0,0,0,0,0,0,0,0,0,0,0,1,0,0,0,0,0,,1,0,0,0,0,1,1,1,0,1,0,0,0,0,0,1,,,,,,51-55,46-55,State route,U,Friday,Belt Used,PV,White,0,1,0,0,State Route,State Patrol,Washington State Patrol Headquarter,1,1,0,0,0,,,,,,,,,,,,,,,,,,,,,,,,,,,,,,,,,,,,,,,,,,,,98059
399,2017,272,E696362,5.0,07/23/2017,20:25,23,7,0.0,41,Lewis,0,1,0.0,5,1,2,2,0,2,1,20:21,21:44,,42,0,0,81.4,1,0,1,3,1,1,2,0,0,0,0,US-12,,-122.5779333,46.513377778,0,1,1,13,2,55,14,0,0,1,2,3,3,2,2,1,14,2,1,53,0,32,401,2013,0,0.0,63,42.0,3.0,,,,1,1,44,1,7.0,1.0,4,7,99,0,11,0,07/23/2017,20:25,53032464.0,32464.0,0.0,0.0,0.0,3.0,1,0,0.0,0.0,0.0,96,,,,,,9,,,,,,98502.0,53,71.0,150.0,6.0,1.0,0.0,0.0,0.0,2.0,1.0,0,,,,,,4,09/15/2013,01/15/2016,99,0,0,0,0.0,1,1,,,0,0.0,0.0,1,1,2.0,128.0,177.0,605.0,1.0,1.0,1.0,2,1,0.026,,,,,,,,,,,,,,,,,,,,,,,,,,,,,,0,0,1,0,1,0,1,1,1,0,0,0,1,0,0,0,0,0,0,0,0,0,0,0,0,0,0,0,0,1,0,0,0,0,0,,1,0,0,0,1,0,1,1,0,1,0,0,0,0,0,1,,,,,,41-45,36-45,US highway,R,Sunday,Unknown,PV,White,0,1,0,0,State Route,State Patrol,Washington State Patrol Headquarter,1,1,0,0,0,thc,4.6,carboxy-thc,19.0,,,,,,,,,,,,,,,,,,,,,,,,,,,,,,,,,,,,,,,,98532
400,2017,273,E697690,6.0,07/29/2017,0:41,29,7,0.0,47,Okanogan,0,1,0.0,2,1,2,1,0,2,1,,,,24,0,0,46.9,1,0,1,4,1,1,3,0,3,0,0,SR-155,,-119.0245083,48.212561111,0,1,7,13,2,60,34,0,0,1,2,2,1,2,2,1,1,2,1,53,0,7,482,1998,0,0.0,63,69.0,68.0,64.0,24.0,2.0,1,1,39,1,7.0,3.0,4,7,20,0,11,0,07/29/2017,0:41,53033031.0,33031.0,0.0,0.0,0.0,3.0,1,58,0.0,0.0,0.0,9,,,,,,99,,,,,,98683.0,53,75.0,220.0,6.0,1.0,0.0,0.0,0.0,0.0,0.0,0,,,,,,0,,,99,1,9,0,0.0,9,8,,,0,0.0,0.0,8,9,0.0,0.0,0.0,0.0,0.0,0.0,0.0,0,0,996.0,,,,,,,,,,,,,,,,,,,,,,,,,,,,,,0,0,0,0,0,0,0,0,0,0,0,0,0,0,0,0,1,0,0,0,0,0,0,0,0,0,0,0,0,0,0,0,0,1,0,,0,0,0,0,0,0,0,0,1,0,0,0,0,0,0,0,,,,,,36-40,36-45,State route,R,Saturday,Not Used,PV,AIAN,0,1,0,0,State Route,State Patrol,Washington State Patrol Headquarter,1,1,0,0,0,,,,,,,,,,,,,,,,,,,,,,,,,,,,,,,,,,,,,,,,,,,,99155
401,2017,274,E697493,39.0,07/26/2017,4:05,26,7,0.0,61,Snohomish,0,1,0.0,3,1,2,3,0,4,2,,,,14,0,0,0.3,1,0,1,4,2,2,4,0,0,0,0,CR-ALDERDALE MALL PKWY,,-122.2711083,47.845036111,0,1,11,13,2,40,14,0,0,1,2,14,1,2,6,5,1,4,2,53,0,63,402,2006,0,0.0,63,14.0,,,,,1,1,16,1,7.0,1.0,4,7,3,0,11,0,07/26/2017,4:05,121553034717.0,34717.0,0.0,0.0,0.0,3.0,1,0,0.0,0.0,0.0,96,,,,,,99,,,,,,98208.0,53,73.0,165.0,6.0,2.0,0.0,0.0,0.0,0.0,0.0,0,,,,,,0,,,20,0,0,0,0.0,9,8,,,0,0.0,0.0,8,9,2.0,605.0,0.0,0.0,1.0,0.0,0.0,2,1,0.0,,,,,,,,,,,,,,,,,,,,,,,,,,,,,,0,0,0,0,0,0,1,1,1,0,0,0,0,0,0,0,0,0,0,0,1,0,1,0,1,0,0,0,0,1,1,0,0,0,0,,1,0,0,0,0,0,1,1,0,0,0,0,0,0,1,0,,,,,,16-17,16-25,County road,U,Wednesday,Belt Used,PV,White,0,1,0,0,County Road,County Sheriff,Snohomish County Sheriff's Office,1,0,1,0,0,thc,6.8,carboxy-thc,29.0,,,,,,,,,,,,,,,,,,,,,,,,,,,,,,,,,,,,,,,,98037
402,2017,275,E697697,5.0,07/25/2017,15:17,25,7,0.0,11,Clark,2370,1,0.0,1,1,2,1,0,5,4,,,,12,0,7,3.5,1,0,1,1,2,1,1,0,0,0,0,I-205,,-122.5720417,45.658511111,0,1,47,10,2,60,80,0,0,1,2,12,1,1,3,3,6,1,1,41,0,72,706,1993,0,0.0,12,12.0,,,,,1,1,60,1,7.0,1.0,4,7,5,0,11,0,07/25/2017,15:17,237053033515.0,33515.0,0.0,0.0,0.0,3.0,1,35,0.0,0.0,0.0,96,,,,,,99,,,,,,97303.0,41,67.0,200.0,6.0,1.0,0.0,0.0,0.0,1.0,0.0,0,,,,,,4,05/15/2016,05/15/2016,20,8,0,0,0.0,9,8,,,0,0.0,0.0,8,9,2.0,401.0,417.0,0.0,1.0,1.0,0.0,2,1,0.0,,,,,,,,,,,,,,,,,,,,,,,,,,,,,,0,0,0,0,0,0,1,1,0,0,0,0,1,0,0,0,0,0,0,0,0,0,0,1,1,1,0,0,1,1,0,0,0,0,1,0.0,0,0,0,0,0,0,1,1,0,1,0,0,0,0,1,0,,,,,,56-60,56-65,Interstate,U,Tuesday,,MC,White,0,0,0,0,State Route,State Patrol,Washington State Patrol Headquarter,0,1,0,0,0,,,,,,,,,,,,,,,,,,,,,,,,,,,,,,,,,,,,,,,,,,,,98662
403,2017,275,E697697,5.0,07/25/2017,15:17,25,7,0.0,11,Clark,2370,1,0.0,1,1,2,1,0,5,4,,,,12,0,7,3.5,1,0,1,1,2,1,1,0,0,0,0,I-205,,-122.5720417,45.658511111,0,2,45,60,4,60,34,0,0,1,2,12,1,1,3,3,1,1,2,53,0,7,482,2004,0,0.0,12,12.0,,,,,1,1,23,1,0.0,0.0,0,0,3,0,11,0,,,,,0.0,0.0,3.0,3.0,1,0,0.0,0.0,0.0,0,,,,,,0,,,,,,98685.0,53,69.0,120.0,6.0,1.0,0.0,0.0,0.0,0.0,0.0,0,,,,,,0,,,20,0,0,0,8.0,9,8,,,0,0.0,0.0,8,0,0.0,0.0,0.0,0.0,0.0,0.0,0.0,0,0,996.0,,,,,,,,,,,,,,,,,,,,,,,,,,,,,,0,0,0,0,0,0,1,1,0,0,0,0,1,0,0,0,0,0,0,0,0,0,0,1,1,1,0,0,1,1,0,0,0,0,0,,0,0,0,0,0,0,0,0,0,0,0,0,0,0,0,0,,,,,,21-25,16-25,Interstate,U,Tuesday,Belt Used,PV,Not Fatal,0,0,0,0,State Route,State Patrol,Washington State Patrol Headquarter,0,1,0,0,0,,,,,,,,,,,,,,,,,,,,,,,,,,,,,,,,,,,,,,,,,,,,98662
404,2017,275,E697697,5.0,07/25/2017,15:17,25,7,0.0,11,Clark,2370,1,0.0,1,1,2,1,0,5,4,,,,12,0,7,3.5,1,0,1,1,2,1,1,0,0,0,0,I-205,,-122.5720417,45.658511111,0,3,98,60,4,60,14,0,0,1,2,12,1,1,3,3,5,2,1,53,0,2,405,2007,0,0.0,12,12.0,12.0,,,,1,1,66,1,0.0,0.0,1,0,3,0,11,0,,,,,0.0,0.0,0.0,3.0,1,0,0.0,0.0,0.0,0,,,,,,0,,,,,,98620.0,53,69.0,160.0,6.0,1.0,0.0,0.0,0.0,0.0,0.0,0,,,,,,0,,,20,0,0,0,8.0,9,8,,,0,0.0,0.0,8,0,0.0,0.0,0.0,0.0,0.0,0.0,0.0,0,0,996.0,,,,,,,,,,,,,,,,,,,,,,,,,,,,,,0,0,0,0,0,0,1,1,0,0,0,0,1,0,0,0,0,0,0,0,0,0,0,1,1,1,0,0,1,1,0,0,0,0,0,,0,0,0,0,0,0,0,0,0,0,0,0,0,0,0,0,,,,,,66-70,66-75,Interstate,U,Tuesday,Belt Used,PV,Not Fatal,0,0,0,0,State Route,State Patrol,Washington State Patrol Headquarter,0,1,0,0,0,,,,,,,,,,,,,,,,,,,,,,,,,,,,,,,,,,,,,,,,,,,,98662
405,2017,275,E697697,5.0,07/25/2017,15:17,25,7,0.0,11,Clark,2370,1,0.0,1,1,2,1,0,5,4,,,,12,0,7,3.5,1,0,1,1,2,1,1,0,0,0,0,I-205,,-122.5720417,45.658511111,0,4,98,98,7,60,4,0,0,1,5,12,1,1,3,3,5,1,1,53,0,13,1,2007,0,0.0,12,,,,,,1,1,67,1,0.0,0.0,0,0,3,0,11,0,,,,,0.0,0.0,0.0,3.0,1,0,0.0,0.0,0.0,0,,,,,,0,,,,,,98604.0,53,67.0,160.0,6.0,1.0,0.0,0.0,0.0,1.0,0.0,0,,,,,,0,03/15/2014,03/15/2014,20,0,0,0,8.0,9,8,,,0,0.0,0.0,8,8,0.0,0.0,0.0,0.0,0.0,0.0,0.0,0,0,996.0,,,,,,,,,,,,,,,,,,,,,,,,,,,,,,0,0,0,0,0,0,1,1,0,0,0,0,1,0,0,0,0,0,0,0,0,0,0,1,1,1,0,0,1,1,0,0,0,0,0,,0,0,0,0,0,0,0,0,0,0,0,0,0,0,0,0,,,,,,66-70,66-75,Interstate,U,Tuesday,Belt Used,PV,Not Fatal,0,0,0,0,State Route,State Patrol,Washington State Patrol Headquarter,0,1,0,0,0,,,,,,,,,,,,,,,,,,,,,,,,,,,,,,,,,,,,,,,,,,,,98662
406,2017,276,E697769,82.0,07/27/2017,20:26,27,7,0.0,41,Lewis,300,1,0.0,1,1,2,1,1,1,1,,,,8,0,0,0.0,3,0,2,3,2,4,6,0,0,0,0,W MAIN ST,IRON ST,-122.9575667,46.716897222,0,1,13,80,5,25,6,0,0,1,5,8,1,1,2,1,1,1,1,53,0,35,43,1984,0,0.0,8,,,,,,1,1,69,1,0.0,0.0,0,0,3,0,11,0,,,,,0.0,0.0,0.0,3.0,1,0,0.0,0.0,0.0,1,,,,,,0,,,,,,98531.0,53,69.0,160.0,6.0,1.0,0.0,1.0,0.0,0.0,0.0,0,,,,,,0,04/15/2014,04/15/2014,20,0,0,0,8.0,9,8,,,0,0.0,0.0,8,0,0.0,0.0,0.0,0.0,0.0,0.0,0.0,0,0,996.0,,,,,,,,,,,,,,,,,,,,,,,,,,,,,,0,0,0,1,0,0,0,0,0,0,0,0,0,0,0,0,1,0,0,0,0,0,0,0,0,1,0,0,0,1,0,1,0,0,0,,0,0,0,0,0,0,0,0,1,0,0,0,0,0,0,0,,,,,,66-70,66-75,City street,U,Thursday,Belt Used,PV,Not Fatal,1,0,0,0,City Street,Municipal/City Police,Centralia Police Department,0,0,0,1,0,,,,,,,,,,,,,,,,,,,,,,,,,,,,,,,,,,,,,,,,,,,,98531
407,2017,277,E698122,19.0,07/30/2017,19:25,30,7,0.0,21,Franklin,0,1,0.0,1,1,1,1,0,2,2,,,,12,0,1,0.1,1,0,1,7,1,2,4,0,0,0,0,CR-MCCLENNY RD,,-118.7829917,46.370836111,0,1,20,50,3,50,20,0,0,1,5,12,2,1,2,1,14,1,1,53,0,6,441,2001,0,0.0,12,,,,,,1,1,30,1,0.0,0.0,1,0,3,0,11,8,,,,,0.0,0.0,0.0,0.0,1,0,0.0,0.0,0.0,93,,,,,,0,,,,,,99301.0,53,,999.0,0.0,0.0,99.0,99.0,99.0,99.0,99.0,72,,,,,,0,,,1,0,0,0,8.0,9,8,,,0,0.0,0.0,8,0,0.0,0.0,0.0,0.0,0.0,0.0,0.0,0,0,996.0,,,,,,,,,,,,,,,,,,,,,,,,,,,,,,0,0,0,0,0,0,1,1,0,0,0,0,0,1,0,0,1,0,0,0,0,0,0,0,0,1,1,0,0,1,0,0,0,0,0,,0,0,0,0,0,0,0,0,1,0,0,1,0,0,0,0,,,,,,26-30,26-35,County road,R,Sunday,Belt Used,PV,Not Fatal,0,0,0,0,County Road,County Sheriff,Franklin County Sheriff's Office,0,0,1,0,0,,,,,,,,,,,,,,,,,,,,,,,,,,,,,,,,,,,,,,,,,,,,
408,2017,277,E698122,19.0,07/30/2017,19:25,30,7,0.0,21,Franklin,0,1,0.0,1,1,1,1,0,2,2,,,,12,0,1,0.1,1,0,1,7,1,2,4,0,0,0,0,CR-MCCLENNY RD,,-118.7829917,46.370836111,0,2,21,53,3,50,90,0,0,1,5,12,2,1,2,1,5,1,0,53,0,76,734,2016,0,0.0,12,,,,,,1,1,74,1,7.0,1.0,4,7,17,0,11,0,07/30/2017,19:25,53033527.0,33527.0,0.0,0.0,0.0,1.0,1,0,0.0,0.0,0.0,92,,,,,,99,,,,,,99301.0,53,71.0,265.0,6.0,1.0,0.0,0.0,0.0,0.0,0.0,0,,,,,,0,,,20,0,0,0,0.0,9,8,,,0,0.0,0.0,8,9,2.0,996.0,996.0,0.0,1.0,1.0,0.0,2,1,0.0,,,,,,,,,,,,,,,,,,,,,,,,,,,,,,0,0,0,0,0,0,1,1,0,0,0,0,0,1,0,0,1,0,0,0,0,0,0,0,0,1,1,0,0,1,0,0,0,0,0,,0,0,0,0,0,0,1,1,1,0,0,0,0,0,1,0,,,,,,71-75,66-75,County road,R,Sunday,,OTHVT,White,0,0,0,0,County Road,County Sheriff,Franklin County Sheriff's Office,0,0,1,0,0,,,,,,,,,,,,,,,,,,,,,,,,,,,,,,,,,,,,,,,,,,,,
409,2017,278,E697816,2.0,07/31/2017,15:38,31,7,0.0,73,Whatcom,110,1,0.0,1,1,1,1,0,1,1,,,,1,0,0,250.5,1,0,1,1,2,1,1,0,0,0,0,I-5,,-122.4747222,48.713247222,0,1,98,12,2,60,40,0,0,1,2,1,2,1,2,3,14,1,1,53,0,49,472,1996,0,0.0,64,69.0,1.0,,,,1,1,42,1,7.0,1.0,4,0,99,0,11,1,08/03/2017,1:45,196053034680.0,34680.0,0.0,0.0,3.0,3.0,1,0,0.0,0.0,0.0,0,,,,,,1,,,,,,98273.0,53,72.0,250.0,6.0,1.0,0.0,0.0,0.0,0.0,0.0,0,,,,,,0,,,1,0,0,0,0.0,9,8,,,0,0.0,0.0,8,0,2.0,1.0,0.0,0.0,1.0,0.0,0.0,2,1,0.0,,,,,,,,,,,,,,,,,,,,,,,,,,,,,,0,0,0,0,0,0,0,0,0,0,0,0,0,0,0,0,0,0,0,0,0,0,0,0,0,0,0,0,0,1,0,0,0,0,0,,1,0,0,0,0,0,0,0,0,0,0,0,0,0,0,0,,,,,,41-45,36-45,Interstate,U,Monday,Unknown,PV,White,0,0,0,0,State Route,State Patrol,Washington State Patrol Headquarter,0,1,0,0,0,,,,,,,,,,,,,,,,,,,,,,,,,,,,,,,,,,,,,,,,,,,,98225
410,2017,279,E693779,5.0,07/15/2017,18:44,15,7,0.0,41,Lewis,0,1,0.0,1,1,2,1,0,1,1,18:43,18:49,19:37,10,0,0,46.1,6,0,1,4,1,1,3,0,0,65,3,SR-6,,-123.0709694,46.626988889,0,1,98,17,2,55,34,0,0,1,2,10,1,1,2,1,1,1,1,53,0,20,481,2003,0,0.0,10,,,,,,1,1,82,1,7.0,1.0,4,0,3,0,11,8,07/28/2017,1:40,196053033055.0,33055.0,0.0,0.0,0.0,3.0,1,39,0.0,0.0,0.0,1,,,,,,0,,,,,,98538.0,53,72.0,210.0,6.0,1.0,0.0,1.0,0.0,1.0,0.0,36,,,,,,0,08/15/2014,03/15/2015,8,0,0,0,0.0,9,8,,,0,0.0,0.0,8,0,2.0,348.0,0.0,0.0,1.0,0.0,0.0,2,1,0.0,,,,,,,,,,,,,,,,,,,,,,,,,,,,,,1,0,0,0,0,0,1,1,0,0,0,0,0,0,0,0,1,0,0,0,0,0,0,0,0,1,1,1,0,0,0,0,0,0,0,,0,0,0,0,0,0,1,1,1,0,0,0,0,0,1,0,,,,,,81+,76+,State route,R,Saturday,Belt Used,PV,White,1,0,0,0,State Route,State Patrol,Washington State Patrol Headquarter,0,1,0,0,0,,,,,,,,,,,,,,,,,,,,,,,,,,,,,,,,,,,,,,,,,,,,98532