,year,case,par,repjur,crash_dt,crash_tm,accday,accmon,holiday,county,co_char,city,weather,weather2,lightcond,surfcond,surftype,numfatal,nmforms,pforms,vforms,not_tm,arr_tm,hosp_tm,fhevent,hitrun,manncol,milepnt,reljunc,reljuncinter,intersectiontype,funcsystem,landuse,ownership,route,schlbus,spejur,contdev,devfunc,trafid1,trafid2,x,y,wk_zone,vnumber,crashtype,criticalevent,criticaleventcat,spdlim,body,trailer,emerg,hazcargo,leave,mhevent,roadalgn,roadprof,traflane,trafflow,vehmanvr,numoccs,regowner,regstate,spuse,make,model,modelyr,vrf1,vrf2,seqevent1,seqevent2,seqevent3,seqevent4,seqevent5,seqevent6,pnumber,ptype,age,sex,hispanic,race,injury,diedscene,restraint,restraintmisuse,seatpos,takehosp,death_dt,death_tm,cert,cernum_wa,commlic,licendor,licrestrict,liccomp,drivpres,drf1,drf2,drf3,drf4,distract1,distract2,distract3,distract4,distract5,distract6,dricond1,dricond2,dricond3,dricond4,dricond5,dricond6,dzip,licstate,drhgt_in,weight,noncdl,noncdltype,prevdwi,prevoth,prevacc,prevspd,prevsus,driviol1,driviol2,driviol3,driviol4,driviol5,driviol6,spdrel,first_dt,last_dt,airbag,ejection,ejectpath,extricat,injurwrk,methalc,methdrug,nmlocat,strikveh,prf1,prf2,prf3,druginv,alcinvol,drugsts,drugres1,drugres2,drugres3,drugtst1,drugtst2,drugtst3,alcsts,alctst,alcres,nmact1,nmact2,nmact3,nmact4,nmact5,nmact6,nmprior1,nmprior2,nmprior3,nmprior4,nmprior5,nmprior6,nmcond1,nmcond2,nmcond3,nmcond4,nmcond5,nmcond6,nmsafe_helmet,nmsafe_pads,nmsafe_oth,nmprev_ref,nmprev_lgt,nmprev_oth,crashlocation,nmcrashtype,crosswalk,schoolzone,sidewalk,train_inv,wildlife_inv,rotr_fars,intersect_fars,dd_inv,aid_inv,dpd_inv,id_inv,mj_inv,impnm_inv,ainm_inv,dpnm_inv,speed_inv,unlic_inv,unendmc_inv,drowsy_inv,drdist_inv,nmdist_inv,fty_inv,unrestfat_inv,dr1617_inv,dr1820_inv,dr1620_inv,dr2125_inv,dr1625_inv,dr65_inv,dr70_inv,dr75_inv,mc_inv,pv_inv,ht_inv,ped_inv,bike_inv,unrest_fat,mc_fat,unhelmet_mc,pv_fat,ht_fat,ped_fat,bike_fat,dr_alc7,dr_alc8,dr_drug,dr_imp,dr_dist,dr_spd,dr_fty,dr_unlic,dr_alc7only,dr_alc8only,dr_drugonly,dr_drink,nm_imp,nm_alc7,nm_alc8,nm_drug,nm_dist,agegrp1,agegrp2,roadclass,urbrur,dayweek,restuse,vehtype,race_me,intersect,lanedep,oppdir,wrongway,rep_typ,investag,repag_long,rotr,st_rd,cty_rd,city_rd,oth_rd,drug_thc,thc_res,drug_cthc,cthc_res,drug_cann,prevpersemin,prevperse,prevsusoth,drugtst4,drugtst5,drugtst6,drugtst7,drugtst8,drugres4,drugres5,drugres6,drugres7,drugres8,adspresent,adsengaged,adslevel,race1,race2,race3,race4,race5,helmet,helmetmisuse,nmdistract1,nmdistract2,nmdistract3,nmdistract4,nmdistract5,nmdistract6,lab,isedtcase,crf1,crf2,crf3,CoRoadName,CoMP,IntCoRoadName,IntCoMP,zipcode
505,2017,337,E706633,1.0,08/24/2017,16:12,24,8,0.0,21,Franklin,1660,1,0.0,1,1,2,1,0,5,3,,,,12,0,1,13.8,1,0,1,1,2,1,1,0,0,0,0,I-82,,-119.0943083,46.249783333,0,3,98,60,4,60,66,2,0,1,5,12,1,1,2,3,1,1,3,53,0,85,881,2007,0,0.0,12,,,,,,1,1,25,1,0.0,0.0,0,0,3,0,11,0,,,,,6.0,1.0,3.0,3.0,1,0,0.0,0.0,0.0,0,,,,,,0,,,,,,99301.0,53,65.0,150.0,6.0,1.0,0.0,1.0,1.0,3.0,0.0,0,,,,,,0,07/15/2015,01/15/2017,20,0,0,0,8.0,9,8,,,0,0.0,0.0,8,0,0.0,0.0,0.0,0.0,0.0,0.0,0.0,0,0,996.0,,,,,,,,,,,,,,,,,,,,,,,,,,,,,,0,0,0,0,0,0,0,0,0,0,0,0,0,0,0,0,1,0,0,0,0,0,0,1,1,0,0,0,0,1,1,0,0,0,0,,0,0,0,0,0,0,0,0,0,0,0,0,0,0,0,0,,,,,,21-25,16-25,Interstate,U,Thursday,,MHTRUCK,Not Fatal,0,0,0,0,State Route,State Patrol,Washington State Patrol Headquarter,0,1,0,0,0,,,,,,,,,,,,,,,,,,,,,,,,,,,,,,,,,,,,,,,,,,,,99301
506,2017,338,E707219,25.0,08/30/2017,22:12,30,8,0.0,33,King,0,1,0.0,2,1,2,1,0,3,1,22:35,22:58,23:12,42,0,0,2.4,3,0,10,5,1,2,4,0,0,40,3,CR-SW BANK RD,THORSON RD SW,-122.49985,47.447169444,0,1,1,13,2,35,6,0,0,1,5,42,3,2,2,1,14,3,2,53,0,32,47,2004,0,0.0,63,42.0,42.0,,,,1,1,26,1,0.0,0.0,1,0,99,0,11,4,,,,,0.0,0.0,0.0,3.0,1,0,0.0,0.0,0.0,96,,,,,,9,,,,,,98070.0,53,68.0,155.0,6.0,1.0,0.0,0.0,0.0,4.0,0.0,97,,,,,,4,05/15/2013,04/15/2014,8,0,0,0,8.0,2,8,,,0,0.0,0.0,8,1,2.0,1.0,0.0,0.0,1.0,0.0,0.0,2,1,0.099,,,,,,,,,,,,,,,,,,,,,,,,,,,,,,0,0,1,1,1,1,0,1,0,0,0,0,1,0,0,0,0,0,0,0,0,0,0,0,0,0,0,0,0,1,0,0,0,0,0,,0,0,0,0,0,1,0,1,0,1,0,0,0,1,0,1,,,,,,26-30,26-35,County road,R,Wednesday,Unknown,PV,Not Fatal,0,1,0,0,County Road,County Sheriff,King County Police,1,0,1,0,0,,,,,,,,,,,,,,,,,,,,,,,,,,,,,,,,,,,,,,,,,,,,98070
507,2017,339,E713422,3.0,08/30/2017,21:25,30,8,0.0,53,Pierce,2230,1,0.0,3,1,1,1,1,4,2,,,,8,0,0,133.6,1,0,1,1,2,1,1,0,0,0,0,I-5,,-122.4392861,47.232075,0,1,13,80,5,60,34,0,0,1,2,8,1,1,3,3,1,2,1,53,0,12,481,2002,0,0.0,8,14.0,,,,,1,1,25,1,0.0,0.0,0,0,99,0,11,0,,,,,0.0,0.0,0.0,2.0,1,0,0.0,0.0,0.0,92,,,,,,0,,,,,,98002.0,53,72.0,170.0,3.0,1.0,0.0,1.0,1.0,6.0,3.0,72,,,,,,0,12/15/2013,07/15/2017,1,0,0,0,8.0,9,8,,,0,0.0,0.0,8,0,0.0,0.0,0.0,0.0,0.0,0.0,0.0,0,0,996.0,,,,,,,,,,,,,,,,,,,,,,,,,,,,,,0,0,0,0,0,0,0,0,0,1,1,0,0,1,0,0,1,0,0,0,0,0,0,1,1,0,0,0,0,1,0,1,0,0,0,,0,0,0,0,0,0,0,0,1,0,0,1,0,0,0,0,,,,,,21-25,16-25,Interstate,U,Wednesday,Unknown,PV,Not Fatal,0,0,0,0,State Route,State Patrol,Washington State Patrol Headquarter,0,1,0,0,0,,,,,,,,,,,,,,,,,,,,,,,,,,,,,,,,,,,,,,,,,,,,98418
508,2017,340,E711224,3.0,08/31/2017,16:14,31,8,0.0,53,Pierce,1124,1,0.0,1,1,2,1,0,8,6,,,,12,0,1,0.5,17,1,1,3,2,1,3,0,0,0,0,SR-512,,-122.4679194,47.160105556,0,1,20,50,3,60,66,1,0,1,2,12,1,1,4,3,15,1,1,41,0,85,881,2006,0,0.0,12,12.0,,,,,1,1,42,1,0.0,0.0,0,0,3,0,11,0,,,,,6.0,1.0,0.0,3.0,1,0,0.0,0.0,0.0,12,,,,,,0,,,,,,98390.0,53,72.0,360.0,6.0,1.0,0.0,2.0,0.0,0.0,0.0,97,,,,,,3,12/15/2012,02/15/2013,20,0,0,0,8.0,9,8,,,0,0.0,0.0,8,0,2.0,1.0,0.0,0.0,1.0,0.0,0.0,2,1,0.0,,,,,,,,,,,,,,,,,,,,,,,,,,,,,,0,0,0,0,0,0,0,0,0,0,0,0,1,1,0,0,1,0,0,0,0,0,0,0,0,0,0,0,1,1,1,0,0,0,0,,0,0,0,0,0,0,0,0,1,1,0,0,0,0,0,0,,,,,,41-45,36-45,State route,U,Thursday,,MHTRUCK,Not Fatal,0,0,0,0,State Route,State Patrol,Washington State Patrol Headquarter,0,1,0,0,0,,,,,,,,,,,,,,,,,,,,,,,,,,,,,,,,,,,,,,,,,,,,98447
509,2017,340,E711224,3.0,08/31/2017,16:14,31,8,0.0,53,Pierce,1124,1,0.0,1,1,2,1,0,8,6,,,,12,0,1,0.5,17,1,1,3,2,1,3,0,0,0,0,SR-512,,-122.4679194,47.160105556,0,2,21,53,3,60,6,0,0,1,2,12,1,1,4,3,5,3,1,53,0,41,54,2011,0,0.0,12,12.0,,,,,1,1,30,2,0.0,0.0,3,0,3,0,11,4,,,,,0.0,0.0,0.0,3.0,1,0,0.0,0.0,0.0,0,,,,,,0,,,,,,98466.0,53,69.0,165.0,6.0,1.0,0.0,0.0,0.0,0.0,0.0,0,,,,,,0,,,1,0,0,0,8.0,9,8,,,0,0.0,0.0,8,0,0.0,0.0,0.0,0.0,0.0,0.0,0.0,0,0,996.0,,,,,,,,,,,,,,,,,,,,,,,,,,,,,,0,0,0,0,0,0,0,0,0,0,0,0,1,1,0,0,1,0,0,0,0,0,0,0,0,0,0,0,1,1,1,0,0,0,0,,0,0,0,0,0,0,0,0,0,0,0,0,0,0,0,0,,,,,,26-30,26-35,State route,U,Thursday,Belt Used,PV,Not Fatal,0,0,0,0,State Route,State Patrol,Washington State Patrol Headquarter,0,1,0,0,0,,,,,,,,,,,,,,,,,,,,,,,,,,,,,,,,,,,,,,,,,,,,98447
510,2017,340,E711224,3.0,08/31/2017,16:14,31,8,0.0,53,Pierce,1124,1,0.0,1,1,2,1,0,8,6,,,,12,0,1,0.5,17,1,1,3,2,1,3,0,0,0,0,SR-512,,-122.4679194,47.160105556,0,3,98,53,3,60,67,1,0,1,2,12,1,1,4,3,5,1,1,53,0,7,880,2004,0,0.0,12,12.0,,,,,1,1,26,1,0.0,0.0,0,0,3,0,11,0,,,,,0.0,0.0,0.0,3.0,1,0,0.0,0.0,0.0,0,,,,,,0,,,,,,98513.0,53,74.0,243.0,6.0,1.0,0.0,0.0,0.0,4.0,0.0,0,,,,,,0,07/15/2013,10/15/2016,20,0,0,0,8.0,9,8,,,0,0.0,0.0,8,0,2.0,1.0,0.0,0.0,1.0,0.0,0.0,2,1,0.0,,,,,,,,,,,,,,,,,,,,,,,,,,,,,,0,0,0,0,0,0,0,0,0,0,0,0,1,1,0,0,1,0,0,0,0,0,0,0,0,0,0,0,1,1,1,0,0,0,0,,0,0,0,0,0,0,0,0,0,0,0,0,0,0,0,0,,,,,,26-30,26-35,State route,U,Thursday,Belt Used,MHTRUCK,Not Fatal,0,0,0,0,State Route,State Patrol,Washington State Patrol Headquarter,0,1,0,0,0,,,,,,,,,,,,,,,,,,,,,,,,,,,,,,,,,,,,,,,,,,,,98447
511,2017,340,E711224,3.0,08/31/2017,16:14,31,8,0.0,53,Pierce,1124,1,0.0,1,1,2,1,0,8,6,,,,12,0,1,0.5,17,1,1,3,2,1,3,0,0,0,0,SR-512,,-122.4679194,47.160105556,0,4,98,98,7,60,4,0,0,1,2,12,1,1,4,3,5,1,1,53,0,7,24,2007,0,0.0,12,12.0,,,,,1,1,30,2,0.0,0.0,0,0,3,0,11,0,,,,,0.0,0.0,0.0,2.0,1,0,0.0,0.0,0.0,0,,,,,,0,,,,,,98580.0,53,62.0,145.0,1.0,1.0,1.0,1.0,3.0,1.0,5.0,97,,,,,,0,12/15/2012,03/15/2017,20,0,0,0,8.0,9,8,,,0,0.0,0.0,8,0,0.0,0.0,0.0,0.0,0.0,0.0,0.0,0,0,996.0,,,,,,,,,,,,,,,,,,,,,,,,,,,,,,0,0,0,0,0,0,0,0,0,0,0,0,1,1,0,0,1,0,0,0,0,0,0,0,0,0,0,0,1,1,1,0,0,0,0,,0,0,0,0,0,0,0,0,0,0,0,1,0,0,0,0,,,,,,26-30,26-35,State route,U,Thursday,Belt Used,PV,Not Fatal,0,0,0,0,State Route,State Patrol,Washington State Patrol Headquarter,0,1,0,0,0,,,,,,,,,,,,,,,,,,,,,,,,,,,,,,,,,,,,,,,,,,,,98447
512,2017,340,E711224,3.0,08/31/2017,16:14,31,8,0.0,53,Pierce,1124,1,0.0,1,1,2,1,0,8,6,,,,12,0,1,0.5,17,1,1,3,2,1,3,0,0,0,0,SR-512,,-122.4679194,47.160105556,0,5,98,98,7,60,34,0,0,1,5,12,1,1,4,3,5,1,1,53,0,12,481,2017,0,0.0,12,12.0,,,,,1,1,60,1,0.0,0.0,0,0,3,0,11,0,,,,,6.0,0.0,0.0,3.0,1,0,0.0,0.0,0.0,0,,,,,,0,,,,,,98597.0,53,68.0,225.0,6.0,1.0,0.0,0.0,0.0,0.0,0.0,97,,,,,,0,,,20,0,0,0,8.0,9,8,,,0,0.0,0.0,8,0,0.0,0.0,0.0,0.0,0.0,0.0,0.0,0,0,996.0,,,,,,,,,,,,,,,,,,,,,,,,,,,,,,0,0,0,0,0,0,0,0,0,0,0,0,1,1,0,0,1,0,0,0,0,0,0,0,0,0,0,0,1,1,1,0,0,0,0,,0,0,0,0,0,0,0,0,0,0,0,0,0,0,0,0,,,,,,56-60,56-65,State route,U,Thursday,Belt Used,PV,Not Fatal,0,0,0,0,State Route,State Patrol,Washington State Patrol Headquarter,0,1,0,0,0,,,,,,,,,,,,,,,,,,,,,,,,,,,,,,,,,,,,,,,,,,,,98447
513,2017,340,E711224,3.0,08/31/2017,16:14,31,8,0.0,53,Pierce,1124,1,0.0,1,1,2,1,0,8,6,,,,12,0,1,0.5,17,1,1,3,2,1,3,0,0,0,0,SR-512,,-122.4679194,47.160105556,0,6,98,60,4,60,80,0,0,1,5,1,1,1,4,3,1,1,2,53,0,76,706,2007,0,0.0,1,,,,,,1,1,39,1,7.0,1.0,4,7,5,0,11,0,08/31/2017,16:14,223053039063.0,39063.0,6.0,0.0,0.0,3.0,1,0,0.0,0.0,0.0,0,,,,,,99,,,,,,98375.0,53,71.0,270.0,6.0,1.0,0.0,0.0,0.0,0.0,0.0,0,,,,,,0,,,20,8,0,0,0.0,9,8,,,0,0.0,0.0,8,9,2.0,1.0,0.0,0.0,1.0,0.0,0.0,2,10,0.0,,,,,,,,,,,,,,,,,,,,,,,,,,,,,,0,0,0,0,0,0,0,0,0,0,0,0,1,1,0,0,1,0,0,0,0,0,0,0,0,0,0,0,1,1,1,0,0,0,1,0.0,0,0,0,0,0,0,0,0,0,0,0,0,0,0,0,0,,,,,,36-40,36-45,State route,U,Thursday,,MC,White,0,0,0,0,State Route,State Patrol,Washington State Patrol Headquarter,0,1,0,0,0,,,,,,,,,,,,,,,,,,,,,,,,,,,,,,,,,,,,,,,,,,,,98447
514,2017,341,E707000,7.0,08/30/2017,18:02,30,8,0.0,33,King,0,1,0.0,1,1,1,1,0,3,2,,,,12,0,6,1.1,1,0,1,3,2,1,3,0,0,0,0,SR-900,,-122.26755,47.494775,0,1,98,60,4,55,4,0,0,1,2,12,1,2,4,1,12,2,3,53,0,49,40,2001,0,0.0,12,,,,,,1,1,49,1,7.0,1.0,4,7,99,0,11,0,08/30/2017,18:02,231053040558.0,40558.0,0.0,0.0,0.0,3.0,1,0,0.0,0.0,0.0,96,,,,,,99,,,,,,98155.0,53,70.0,190.0,6.0,1.0,0.0,0.0,0.0,0.0,0.0,0,,,,,,0,,,20,0,0,0,0.0,9,8,,,0,0.0,0.0,8,9,2.0,401.0,407.0,417.0,1.0,1.0,1.0,2,1,0.0,,,,,,,,,,,,,,,,,,,,,,,,,,,,,,0,0,0,0,0,0,1,1,0,0,0,0,0,0,0,0,0,0,0,0,0,0,0,1,1,0,0,0,0,1,0,0,0,0,0,,1,0,0,0,0,0,1,1,0,0,0,0,0,0,1,0,,,,,,46-50,46-55,State route,U,Wednesday,Unknown,PV,White,0,0,0,0,State Route,State Patrol,Washington State Patrol Headquarter,0,1,0,0,0,,,,,,,,,,,,,,,,,,,,,,,,,,,,,,,,,,,,,,,,,,,,98178
515,2017,341,E707000,7.0,08/30/2017,18:02,30,8,0.0,33,King,0,1,0.0,1,1,1,1,0,3,2,,,,12,0,6,1.1,1,0,1,3,2,1,3,0,0,0,0,SR-900,,-122.26755,47.494775,0,2,98,60,4,55,4,0,0,1,2,12,1,2,4,1,1,1,1,53,0,22,18,2003,0,0.0,12,,,,,,1,1,22,1,0.0,0.0,1,0,3,0,11,4,,,,,0.0,0.0,0.0,3.0,1,0,0.0,0.0,0.0,0,,,,,,0,,,,,,98104.0,53,72.0,160.0,6.0,1.0,0.0,2.0,1.0,1.0,1.0,0,,,,,,0,05/15/2015,09/15/2016,8,0,0,0,8.0,9,8,,,0,0.0,0.0,8,0,0.0,0.0,0.0,0.0,0.0,0.0,0.0,0,0,996.0,,,,,,,,,,,,,,,,,,,,,,,,,,,,,,0,0,0,0,0,0,1,1,0,0,0,0,0,0,0,0,0,0,0,0,0,0,0,1,1,0,0,0,0,1,0,0,0,0,0,,0,0,0,0,0,0,0,0,0,0,0,0,0,0,0,0,,,,,,21-25,16-25,State route,U,Wednesday,Belt Used,PV,Not Fatal,0,0,0,0,State Route,State Patrol,Washington State Patrol Headquarter,0,1,0,0,0,,,,,,,,,,,,,,,,,,,,,,,,,,,,,,,,,,,,,,,,,,,,98178
516,2017,342,E707263,46.0,08/20/2017,0:24,20,8,0.0,75,Whitman,0,1,0.0,2,1,2,1,0,2,1,,,,5,0,0,23.6,1,0,1,5,1,2,4,0,0,0,0,CR-WAWAWAI RD,,-117.2481361,46.540969444,0,1,0,98,7,98,34,0,0,1,5,5,1,1,2,1,1,2,1,53,0,7,482,1999,0,0.0,5,,,,,,1,1,43,2,0.0,0.0,0,0,3,0,11,0,,,,,0.0,0.0,0.0,3.0,1,0,0.0,0.0,0.0,0,,,,,,0,,,,,,99403.0,53,63.0,125.0,6.0,1.0,0.0,0.0,0.0,0.0,0.0,0,,,,,,0,,,20,0,0,0,8.0,9,8,,,0,0.0,0.0,8,0,0.0,0.0,0.0,0.0,0.0,0.0,0.0,0,0,996.0,,,,,,,,,,,,,,,,,,,,,,,,,,,,,,0,0,0,0,0,0,0,0,0,0,0,0,0,0,0,0,0,0,0,0,0,0,0,0,0,0,0,0,0,0,0,0,0,0,0,,0,0,0,0,0,0,0,0,0,0,0,0,0,0,0,0,,,,,,41-45,36-45,County road,R,Sunday,Belt Used,PV,Not Fatal,0,0,0,0,County Road,County Sheriff,Whitman County Sheriff's Office,0,0,1,0,0,,,,,,,,,,,,,,,,,,,,,,,,,,,,,,,,,,,,,,,,,,,,
517,2017,343,E699408,40.0,08/08/2017,7:23,8,8,0.0,63,Spokane,0,1,0.0,1,1,1,1,0,2,2,7:33,7:49,7:58,12,0,6,0.5,2,0,4,3,2,1,2,0,0,3,3,US-395 LX16569S,CR-E FARWELL RD,-117.3704778,47.772855556,0,1,79,17,2,35,80,0,0,1,2,12,1,4,2,2,1,1,2,16,0,53,705,2001,0,0.0,12,,,,,,1,1,24,1,7.0,1.0,4,0,19,0,11,8,08/09/2017,14:29,211053035572.0,35572.0,0.0,0.0,0.0,2.0,1,0,0.0,0.0,0.0,96,,,,,,99,,,,,,99157.0,53,70.0,160.0,1.0,1.0,0.0,4.0,0.0,3.0,3.0,0,,,,,,3,11/15/2014,07/15/2017,20,8,0,0,0.0,9,8,,,0,0.0,0.0,8,9,2.0,605.0,695.0,0.0,1.0,1.0,0.0,2,1,0.0,,,,,,,,,,,,,,,,,,,,,,,,,,,,,,0,0,0,1,0,0,1,1,1,0,0,0,1,1,1,0,0,0,1,0,0,0,0,1,1,0,0,0,1,1,0,0,0,0,1,0.0,0,0,0,0,0,0,1,1,0,1,0,1,0,0,1,0,,,,,,21-25,16-25,US highway,U,Tuesday,,MC,White,1,0,0,0,State Route,County Sheriff,Spokane County Sheriff's Office,0,1,0,0,0,thc,4.3,carboxy-thc,18.0,,,,,,,,,,,,,,,,,,,,,,,,,,,,,,,,,,,,,,,,99021
518,2017,343,E699408,40.0,08/08/2017,7:23,8,8,0.0,63,Spokane,0,1,0.0,1,1,1,1,0,2,2,7:33,7:49,7:58,12,0,6,0.5,2,0,4,3,2,1,2,0,0,21,3,US-395 LX16569S,CR-E FARWELL RD,-117.3704778,47.772855556,0,2,78,16,2,35,1,0,0,1,2,12,2,8,1,6,10,1,1,53,0,12,3,2000,0,0.0,12,,,,,,1,1,56,1,0.0,0.0,3,0,99,0,11,8,,,,,0.0,0.0,0.0,3.0,1,38,39.0,0.0,0.0,96,,,,,,99,,,,,,99207.0,53,71.0,185.0,6.0,1.0,0.0,0.0,0.0,0.0,0.0,97,,,,,,0,,,20,0,0,0,8.0,9,8,,,0,0.0,0.0,8,9,0.0,0.0,0.0,0.0,0.0,0.0,0.0,0,0,996.0,,,,,,,,,,,,,,,,,,,,,,,,,,,,,,0,0,0,1,0,0,1,1,1,0,0,0,1,1,1,0,0,0,1,0,0,0,0,1,1,0,0,0,1,1,0,0,0,0,0,,0,0,0,0,0,0,0,0,0,0,1,0,0,0,0,0,,,,,,56-60,56-65,US highway,U,Tuesday,Unknown,PV,Not Fatal,1,0,0,0,State Route,County Sheriff,Spokane County Sheriff's Office,0,1,0,0,0,,,,,,,,,,,,,,,,,,,,,,,,,,,,,,,,,,,,,,,,,,,,99021
519,2017,344,E708509,3.0,08/06/2017,18:29,6,8,0.0,53,Pierce,0,1,0.0,1,1,2,1,0,5,2,18:26,18:46,19:20,12,0,2,14.8,1,0,1,3,2,1,3,0,0,0,0,SR-302,,-122.6523167,47.377191667,0,1,50,10,2,40,2,0,0,1,2,12,3,2,2,1,14,3,2,53,0,37,31,2003,0,0.0,68,12.0,,,,,1,1,19,2,0.0,0.0,2,0,3,0,11,8,,,,,0.0,0.0,0.0,3.0,1,28,91.0,0.0,0.0,96,,,,,,9,,,,,,98406.0,53,65.0,136.0,6.0,1.0,0.0,0.0,0.0,0.0,0.0,1,,,,,,0,,,1,0,0,0,8.0,9,8,,,0,0.0,0.0,8,1,2.0,402.0,605.0,0.0,1.0,1.0,0.0,2,1,0.12,,,,,,,,,,,,,,,,,,,,,,,,,,,,,,0,0,0,0,1,1,1,1,1,0,0,0,0,0,0,0,0,0,0,0,0,1,1,1,1,0,0,0,0,1,0,0,0,0,0,,0,0,0,0,0,1,1,1,0,0,0,0,0,0,0,1,,,,,,18-20,16-25,State route,U,Sunday,Belt Used,PV,Not Fatal,0,1,1,0,State Route,State Patrol,Washington State Patrol Headquarter,0,1,0,0,0,thc,8.8,carboxy-thc,48.0,,,,,,,,,,,,,,,,,,,,,,,,,,,,,,,,,,,,,,,,
520,2017,344,E708509,3.0,08/06/2017,18:29,6,8,0.0,53,Pierce,0,1,0.0,1,1,2,1,0,5,2,18:26,18:46,19:20,12,0,2,14.8,1,0,1,3,2,1,3,0,0,0,0,SR-302,,-122.6523167,47.377191667,0,2,51,62,4,40,14,0,0,1,5,12,2,2,2,1,14,2,1,53,0,20,401,2002,0,0.0,12,,,,,,1,1,23,2,0.0,0.0,2,0,3,0,11,8,,,,,0.0,0.0,0.0,3.0,1,0,0.0,0.0,0.0,0,,,,,,0,,,,,,98366.0,53,64.0,230.0,6.0,1.0,0.0,0.0,0.0,0.0,0.0,0,,,,,,0,,,1,0,0,0,8.0,9,8,,,0,0.0,0.0,8,0,0.0,0.0,0.0,0.0,0.0,0.0,0.0,0,0,996.0,,,,,,,,,,,,,,,,,,,,,,,,,,,,,,0,0,0,0,1,1,1,1,1,0,0,0,0,0,0,0,0,0,0,0,0,1,1,1,1,0,0,0,0,1,0,0,0,0,0,,0,0,0,0,0,0,0,0,0,0,0,0,0,0,0,0,,,,,,21-25,16-25,State route,U,Sunday,Belt Used,PV,Not Fatal,0,1,1,0,State Route,State Patrol,Washington State Patrol Headquarter,0,1,0,0,0,,,,,,,,,,,,,,,,,,,,,,,,,,,,,,,,,,,,,,,,,,,,
521,2017,345,3658418,344.0,08/22/2017,20:55,22,8,0.0,77,Yakima,0,1,0.0,5,1,2,1,1,1,1,20:05,20:12,20:36,8,1,0,0.0,1,0,1,7,2,4,6,0,3,0,0,N FIR ST,,-120.3114528,46.388005556,0,1,13,80,5,25,99,0,0,1,5,8,1,1,8,1,1,99,9,99,0,99,999,9999,0,0.0,8,,,,,,1,1,999,9,0.0,0.0,9,0,98,0,11,0,,,,,99.0,9.0,9.0,9.0,1,0,0.0,0.0,0.0,92,,,,,,99,,,,,,99999.0,99,,999.0,9.0,9.0,99.0,99.0,99.0,99.0,99.0,97,,,,,,0,,,98,7,0,0,8.0,9,8,,,0,0.0,0.0,8,9,0.0,0.0,0.0,0.0,0.0,0.0,0.0,0,0,996.0,,,,,,,,,,,,,,,,,,,,,,,,,,,,,,0,0,0,0,0,0,0,0,0,1,1,1,0,0,0,0,1,1,0,0,0,0,0,0,0,0,0,0,0,0,0,1,0,0,0,,0,0,0,0,0,0,0,0,1,0,0,0,0,0,0,0,,,,,,,,City street,U,Tuesday,,NR-U,Not Fatal,0,0,0,0,City Street,Other Law Enforcement,Yakama Tribal Police Department,0,0,0,1,0,,,,,,,,,,,,,,,,,,,,,,,,,,,,,,,,,,,,,,,,,,,,98948
522,2017,346,E710424,32.0,08/14/2017,18:30,14,8,0.0,47,Okanogan,0,1,0.0,1,1,2,1,0,1,1,,,,42,0,0,9.3,1,0,1,6,1,2,4,0,0,0,0,CR-TWISP-CARLTON RD,,-120.1094056,48.350091667,0,1,1,13,2,50,80,0,0,1,2,3,3,1,2,1,14,1,2,53,0,37,706,2003,0,0.0,63,42.0,1.0,3.0,,,1,1,42,1,7.0,1.0,4,7,19,0,11,0,08/14/2017,19:09,233053035853.0,35853.0,0.0,0.0,0.0,3.0,1,0,0.0,0.0,0.0,0,,,,,,99,,,,,,85207.0,4,70.0,150.0,6.0,1.0,0.0,0.0,0.0,0.0,0.0,0,,,,,,0,,,20,8,0,0,0.0,9,8,,,0,0.0,0.0,8,9,2.0,1.0,0.0,0.0,1.0,0.0,0.0,2,1,0.17,,,,,,,,,,,,,,,,,,,,,,,,,,,,,,0,0,1,0,1,1,0,1,0,0,0,0,0,0,0,0,0,0,0,0,0,0,0,0,0,0,0,0,1,0,0,0,0,0,1,0.0,0,0,0,0,0,1,0,1,0,0,0,0,0,1,0,1,,,,,,41-45,36-45,County road,R,Monday,,MC,White,0,1,0,0,County Road,County Sheriff,Okanogan County Sheriff's Office,1,0,1,0,0,,,,,,,,,,,,,,,,,,,,,,,,,,,,,,,,,,,,,,,,,,,,98856
523,2017,347,E702148,278.0,08/16/2017,15:38,16,8,0.0,63,Spokane,2110,1,0.0,1,0,0,1,2,1,1,15:41,16:01,16:25,8,0,0,0.0,8,0,1,96,6,96,8,0,0,20,3,N ATLANTIC LANE,,-117.4130944,47.727313889,0,1,13,80,5,0,6,0,0,1,2,8,0,0,0,0,3,1,2,53,0,6,54,2004,0,0.0,8,8.0,,,,,1,1,43,2,0.0,0.0,0,0,3,0,11,0,,,,,0.0,0.0,0.0,3.0,1,0,0.0,0.0,0.0,93,,,,,,0,,,,,,99026.0,53,71.0,160.0,6.0,1.0,0.0,0.0,0.0,0.0,0.0,97,,,,,,0,,,20,0,0,0,8.0,9,8,,,0,0.0,0.0,8,0,0.0,0.0,0.0,0.0,0.0,0.0,0.0,0,0,996.0,,,,,,,,,,,,,,,,,,,,,,,,,,,,,,0,0,0,0,0,0,0,0,0,0,0,0,0,0,0,0,1,0,0,0,0,0,0,0,0,0,0,0,0,1,0,1,0,0,0,,0,0,0,0,0,0,0,0,1,0,0,0,0,0,0,0,,,,,,41-45,36-45,Other,,Wednesday,Belt Used,PV,Not Fatal,1,0,0,0,City Street,Municipal/City Police,Spokane Police Department,0,0,0,1,0,,,,,,,,,,,,,,,,,,,,,,,,,,,,,,,,,,,,,,,,,,,,99218