,year,case,par,repjur,crash_dt,crash_tm,accday,accmon,holiday,county,co_char,city,weather,weather2,lightcond,surfcond,surftype,numfatal,nmforms,pforms,vforms,not_tm,arr_tm,hosp_tm,fhevent,hitrun,manncol,milepnt,reljunc,reljuncinter,intersectiontype,funcsystem,landuse,ownership,route,schlbus,spejur,contdev,devfunc,trafid1,trafid2,x,y,wk_zone,vnumber,crashtype,criticalevent,criticaleventcat,spdlim,body,trailer,emerg,hazcargo,leave,mhevent,roadalgn,roadprof,traflane,trafflow,vehmanvr,numoccs,regowner,regstate,spuse,make,model,modelyr,vrf1,vrf2,seqevent1,seqevent2,seqevent3,seqevent4,seqevent5,seqevent6,pnumber,ptype,age,sex,hispanic,race,injury,diedscene,restraint,restraintmisuse,seatpos,takehosp,death_dt,death_tm,cert,cernum_wa,commlic,licendor,licrestrict,liccomp,drivpres,drf1,drf2,drf3,drf4,distract1,distract2,distract3,distract4,distract5,distract6,dricond1,dricond2,dricond3,dricond4,dricond5,dricond6,dzip,licstate,drhgt_in,weight,noncdl,noncdltype,prevdwi,prevoth,prevacc,prevspd,prevsus,driviol1,driviol2,driviol3,driviol4,driviol5,driviol6,spdrel,first_dt,last_dt,airbag,ejection,ejectpath,extricat,injurwrk,methalc,methdrug,nmlocat,strikveh,prf1,prf2,prf3,druginv,alcinvol,drugsts,drugres1,drugres2,drugres3,drugtst1,drugtst2,drugtst3,alcsts,alctst,alcres,nmact1,nmact2,nmact3,nmact4,nmact5,nmact6,nmprior1,nmprior2,nmprior3,nmprior4,nmprior5,nmprior6,nmcond1,nmcond2,nmcond3,nmcond4,nmcond5,nmcond6,nmsafe_helmet,nmsafe_pads,nmsafe_oth,nmprev_ref,nmprev_lgt,nmprev_oth,crashlocation,nmcrashtype,crosswalk,schoolzone,sidewalk,train_inv,wildlife_inv,rotr_fars,intersect_fars,dd_inv,aid_inv,dpd_inv,id_inv,mj_inv,impnm_inv,ainm_inv,dpnm_inv,speed_inv,unlic_inv,unendmc_inv,drowsy_inv,drdist_inv,nmdist_inv,fty_inv,unrestfat_inv,dr1617_inv,dr1820_inv,dr1620_inv,dr2125_inv,dr1625_inv,dr65_inv,dr70_inv,dr75_inv,mc_inv,pv_inv,ht_inv,ped_inv,bike_inv,unrest_fat,mc_fat,unhelmet_mc,pv_fat,ht_fat,ped_fat,bike_fat,dr_alc7,dr_alc8,dr_drug,dr_imp,dr_dist,dr_spd,dr_fty,dr_unlic,dr_alc7only,dr_alc8only,dr_drugonly,dr_drink,nm_imp,nm_alc7,nm_alc8,nm_drug,nm_dist,agegrp1,agegrp2,roadclass,urbrur,dayweek,restuse,vehtype,race_me,intersect,lanedep,oppdir,wrongway,rep_typ,investag,repag_long,rotr,st_rd,cty_rd,city_rd,oth_rd,drug_thc,thc_res,drug_cthc,cthc_res,drug_cann,prevpersemin,prevperse,prevsusoth,drugtst4,drugtst5,drugtst6,drugtst7,drugtst8,drugres4,drugres5,drugres6,drugres7,drugres8,adspresent,adsengaged,adslevel,race1,race2,race3,race4,race5,helmet,helmetmisuse,nmdistract1,nmdistract2,nmdistract3,nmdistract4,nmdistract5,nmdistract6,lab,isedtcase,crf1,crf2,crf3,CoRoadName,CoMP,IntCoRoadName,IntCoMP,zipcode
542,2017,362,DC & Ob,,02/05/2017,2:31,5,2,0.0,53,Pierce,2230,98,0.0,8,98,8,1,1,1,1,,,,8,1,0,0.0,98,0,98,3,2,4,6,0,0,98,8,PORTLAND AVE,E 29TH ST,-122.4101444,47.237675,0,1,13,99,9,98,99,0,0,1,5,8,8,8,8,8,99,99,9,99,0,99,999,9999,0,0.0,8,,,,,,1,1,999,8,0.0,0.0,0,0,98,0,11,0,,,,,99.0,9.0,9.0,9.0,1,0,0.0,0.0,0.0,99,,,,,,99,,,,,,99999.0,98,,999.0,9.0,9.0,99.0,99.0,99.0,99.0,99.0,0,,,,,,9,,,98,0,0,0,8.0,9,8,,,0,0.0,0.0,8,8,0.0,0.0,0.0,0.0,0.0,0.0,0.0,0,0,996.0,,,,,,,,,,,,,,,,,,,,,,,,,,,,,,0,0,0,0,0,0,0,0,0,0,0,0,0,0,0,0,0,0,0,0,0,0,0,0,0,0,0,0,0,0,0,1,0,0,0,,0,0,0,0,0,0,0,0,0,0,0,0,0,0,0,0,,,,,,,,City street,U,Sunday,,NR-U,Not Fatal,0,0,0,0,City Street,,,0,0,0,1,0,,,,,,,,,,,,,,,,,,,,,,,,,,,,,,,,,,,,,,,,,,,,98404
543,2017,363,E661997,42.0,04/16/2017,11:13,16,4,0.0,67,Thurston,0,1,0.0,1,1,2,1,0,3,2,11:21,12:00,12:36,12,0,2,0.0,1,0,1,5,2,2,4,0,0,0,0,CR-JOHNSON POINT RD NE,,-122.8227889,47.090727778,0,1,50,10,2,40,4,0,0,1,2,12,1,2,2,1,15,1,2,53,0,24,1,1999,0,0.0,68,12.0,,,,,1,1,20,2,7.0,1.0,4,0,20,0,11,4,04/26/2017,22:00,196053020059.0,20059.0,0.0,0.0,0.0,3.0,1,28,0.0,0.0,0.0,96,,,,,,0,,,,,,98501.0,53,63.0,125.0,6.0,1.0,0.0,0.0,0.0,0.0,0.0,0,,,,,,4,,,20,0,0,0,0.0,9,8,,,0,0.0,0.0,8,0,0.0,0.0,0.0,0.0,0.0,0.0,0.0,0,0,996.0,,,,,,,,,,,,,,,,,,,,,,,,,,,,,,0,0,0,0,0,0,0,0,0,0,0,0,1,0,0,0,0,0,0,1,0,1,1,0,1,1,1,0,0,1,0,0,0,1,0,,1,0,0,0,0,0,0,0,0,1,0,0,0,0,0,0,,,,,,18-20,16-25,County road,U,Sunday,Not Used,PV,White,0,1,1,0,County Road,County Sheriff,Thurston County Sheriff's Office,0,0,1,0,0,,,,,,,,,,,,,,,,,,,,,,,,,,,,,,,,,,,,,,,,,,,,98516
544,2017,363,E661997,42.0,04/16/2017,11:13,16,4,0.0,67,Thurston,0,1,0.0,1,1,2,1,0,3,2,11:21,12:00,12:36,12,0,2,0.0,1,0,1,5,2,2,4,0,0,0,0,CR-JOHNSON POINT RD NE,,-122.8227889,47.090727778,0,2,51,62,4,40,14,0,0,1,2,12,3,2,2,1,14,2,1,53,0,49,403,2006,0,0.0,12,,,,,,1,1,73,1,0.0,0.0,3,0,3,0,11,8,,,,,0.0,0.0,3.0,3.0,1,0,0.0,0.0,0.0,0,,,,,,0,,,,,,98516.0,53,70.0,170.0,6.0,1.0,0.0,0.0,0.0,1.0,0.0,0,,,,,,0,01/15/2014,01/15/2014,1,0,0,0,8.0,9,8,,,0,0.0,0.0,8,0,0.0,0.0,0.0,0.0,0.0,0.0,0.0,0,0,996.0,,,,,,,,,,,,,,,,,,,,,,,,,,,,,,0,0,0,0,0,0,0,0,0,0,0,0,1,0,0,0,0,0,0,1,0,1,1,0,1,1,1,0,0,1,0,0,0,0,0,,0,0,0,0,0,0,0,0,0,0,0,0,0,0,0,0,,,,,,71-75,66-75,County road,U,Sunday,Belt Used,PV,Not Fatal,0,1,1,0,County Road,County Sheriff,Thurston County Sheriff's Office,0,0,1,0,0,,,,,,,,,,,,,,,,,,,,,,,,,,,,,,,,,,,,,,,,,,,,98516
545,2017,364,E670920,35.0,05/13/2017,4:18,13,5,0.0,53,Pierce,0,10,0.0,3,2,2,1,1,1,1,,,,8,1,0,0.7,1,0,1,5,2,2,4,0,0,0,0,CR-168TH ST E,,-122.4280222,47.104422222,0,1,13,80,5,35,99,0,0,1,5,8,1,1,2,1,1,99,9,99,0,99,999,9999,0,0.0,8,,,,,,1,1,999,9,0.0,0.0,0,0,99,0,11,0,,,,,99.0,9.0,9.0,9.0,1,0,0.0,0.0,0.0,93,,,,,,99,,,,,,99999.0,99,,999.0,9.0,9.0,99.0,99.0,99.0,99.0,99.0,0,,,,,,0,,,99,0,0,0,8.0,9,8,,,0,0.0,0.0,8,9,0.0,0.0,0.0,0.0,0.0,0.0,0.0,0,0,996.0,,,,,,,,,,,,,,,,,,,,,,,,,,,,,,0,0,0,0,0,0,0,0,0,0,0,0,0,0,0,0,1,1,0,0,0,0,0,0,0,0,0,0,0,0,0,1,0,0,0,,0,0,0,0,0,0,0,0,1,0,0,0,0,0,0,0,,,,,,,,County road,U,Saturday,,NR-U,Not Fatal,0,0,0,0,County Road,County Sheriff,Law Enforcement Support Agency,0,0,1,0,0,,,,,,,,,,,,,,,,,,,,,,,,,,,,,,,,,,,,,,,,,,,,98387
546,2017,365,E715833,8.0,09/09/2017,1:58,9,9,0.0,35,Kitsap,1730,10,0.0,2,1,1,1,0,3,2,,,,12,0,2,10.7,1,0,1,3,2,1,3,0,0,0,0,SR-305,,-122.6333556,47.724097222,0,1,50,10,2,40,14,0,0,1,2,12,1,1,2,1,1,2,1,53,0,49,401,1990,0,0.0,68,12.0,1.0,,,,1,1,30,1,7.0,1.0,4,7,20,0,11,0,09/09/2017,1:58,173053040412.0,40412.0,0.0,0.0,0.0,2.0,1,28,0.0,0.0,0.0,96,,,,,,9,,,,,,98499.0,53,69.0,200.0,1.0,1.0,0.0,0.0,0.0,0.0,0.0,0,,,,,,0,,,20,0,0,0,0.0,1,8,,,0,0.0,0.0,8,1,2.0,605.0,0.0,0.0,1.0,0.0,0.0,2,1,0.18,,,,,,,,,,,,,,,,,,,,,,,,,,,,,,0,0,0,0,1,1,1,1,1,0,0,0,0,1,0,0,0,0,0,1,0,0,0,0,0,0,0,0,0,1,0,0,0,1,0,,1,0,0,0,0,1,1,1,0,0,0,1,0,0,0,1,,,,,,26-30,26-35,State route,U,Saturday,Not Used,PV,White,0,1,1,0,State Route,State Patrol,Washington State Patrol Headquarter,0,1,0,0,0,thc,6.1,carboxy-thc,35.0,,,,,,,,,,,,,,,,,,,,,,,,,,,,,,,,,,,,,,,,98370
547,2017,365,E715833,8.0,09/09/2017,1:58,9,9,0.0,35,Kitsap,1730,10,0.0,2,1,2,1,0,3,2,,,,12,0,2,10.7,1,0,1,3,2,1,3,0,0,0,0,SR-305,,-122.6333556,47.724097222,0,2,51,62,4,40,34,0,0,1,2,12,3,1,2,1,14,1,1,53,0,12,481,2013,0,0.0,12,,,,,,1,1,59,1,0.0,0.0,1,0,3,0,11,5,,,,,0.0,0.0,3.0,3.0,1,0,0.0,0.0,0.0,96,,,,,,9,,,,,,98405.0,53,75.0,245.0,6.0,1.0,0.0,0.0,0.0,0.0,0.0,0,,,,,,0,,,8,0,0,0,8.0,1,8,,,0,0.0,0.0,8,1,2.0,605.0,0.0,0.0,1.0,0.0,0.0,2,1,0.13,,,,,,,,,,,,,,,,,,,,,,,,,,,,,,0,0,0,0,1,1,1,1,1,0,0,0,0,1,0,0,0,0,0,1,0,0,0,0,0,0,0,0,0,1,0,0,0,0,0,,0,0,0,0,0,1,1,1,0,0,0,0,0,0,0,1,,,,,,56-60,56-65,State route,U,Saturday,Belt Used,PV,Not Fatal,0,1,1,0,State Route,State Patrol,Washington State Patrol Headquarter,0,1,0,0,0,thc,7.3,carboxy-thc,28.0,,,,,,,,,,,,,,,,,,,,,,,,,,,,,,,,,,,,,,,,98370
548,2017,366,E710609,40.0,09/12/2017,4:21,12,9,0.0,63,Spokane,0,1,0.0,2,1,2,1,0,1,1,,,,11,0,0,9.1,1,0,1,5,1,2,4,0,0,0,0,CR-W COULEE HITE RD,,-117.7313528,47.744877778,0,1,13,87,6,98,80,0,0,1,2,11,1,1,2,1,1,1,1,53,0,72,706,2013,0,0.0,11,,,,,,1,1,64,1,7.0,1.0,4,7,19,0,11,0,09/12/2017,4:21,53039813.0,39813.0,0.0,0.0,0.0,3.0,1,0,0.0,0.0,0.0,96,,,,,,99,,,,,,99224.0,53,69.0,185.0,6.0,1.0,0.0,3.0,1.0,2.0,0.0,0,,,,,,0,03/15/2013,07/15/2014,20,8,0,0,0.0,9,8,,,0,0.0,0.0,8,9,2.0,1.0,0.0,0.0,1.0,0.0,0.0,2,1,0.0,,,,,,,,,,,,,,,,,,,,,,,,,,,,,,0,1,0,0,0,0,0,0,0,0,0,0,0,0,0,0,0,0,0,0,0,0,0,0,0,0,0,0,1,0,0,0,0,0,1,0.0,0,0,0,0,0,0,0,0,0,0,0,0,0,0,0,0,,,,,,61-65,56-65,County road,R,Tuesday,,MC,White,0,0,0,0,County Road,County Sheriff,Spokane County Sheriff's Office,0,0,1,0,0,,,,,,,,,,,,,,,,,,,,,,,,,,,,,,,,,,,,,,,,,,,,99224
549,2017,367,E710735,3.0,09/05/2017,11:38,5,9,0.0,53,Pierce,2230,1,0.0,1,1,1,1,0,1,1,,,,43,0,0,58.0,5,1,1,3,2,1,3,0,0,0,0,SR-7,,-122.4307361,47.232455556,0,1,7,12,2,60,80,0,0,1,2,43,2,2,2,6,14,1,1,53,0,72,706,2017,0,0.0,64,43.0,,,,,1,1,60,1,7.0,1.0,4,7,19,0,11,0,09/05/2017,11:38,223053039425.0,39425.0,0.0,0.0,0.0,3.0,1,0,0.0,0.0,0.0,92,,,,,,99,,,,,,98404.0,53,74.0,200.0,6.0,1.0,0.0,2.0,5.0,2.0,0.0,0,,,,,,0,12/15/2013,02/15/2017,20,8,0,0,0.0,9,8,,,0,0.0,0.0,8,9,2.0,189.0,407.0,605.0,1.0,1.0,1.0,2,1,0.0,,,,,,,,,,,,,,,,,,,,,,,,,,,,,,0,0,0,0,0,0,1,1,1,0,0,0,0,0,0,0,1,0,0,0,0,0,0,0,0,0,0,0,1,0,0,0,0,0,1,0.0,0,0,0,0,0,0,1,1,1,0,0,0,0,0,1,0,,,,,,56-60,56-65,State route,U,Tuesday,,MC,White,0,1,0,0,State Route,State Patrol,Washington State Patrol Headquarter,1,1,0,0,0,thc,2.8,,,,,,,,,,,,,,,,,,,,,,,,,,,,,,,,,,,,,,,,,,98418
550,2017,369,E712429,41.0,09/03/2017,2:00,3,9,6.0,65,Stevens,0,1,0.0,2,1,4,1,0,3,1,,,,1,0,0,4.0,1,0,1,6,1,2,4,0,0,0,0,CR-DEER CREEK RD,,-117.8304833,48.128777778,0,1,2,6,1,35,15,0,0,1,5,1,3,1,2,1,14,3,2,53,0,20,421,2005,0,0.0,63,1.0,42.0,,,,1,1,33,1,7.0,1.0,4,7,20,0,11,0,09/03/2017,2:00,53038265.0,38265.0,0.0,0.0,0.0,3.0,1,0,0.0,0.0,0.0,6,,,,,,9,,,,,,99354.0,53,75.0,215.0,6.0,1.0,0.0,1.0,0.0,3.0,1.0,0,,,,,,4,10/15/2013,12/15/2015,20,2,2,0,0.0,9,8,,,0,0.0,0.0,8,1,2.0,605.0,0.0,0.0,1.0,0.0,0.0,2,1,0.18,,,,,,,,,,,,,,,,,,,,,,,,,,,,,,0,0,0,0,1,1,1,1,1,0,0,0,1,0,0,0,1,0,0,1,0,0,0,0,0,0,0,0,0,1,0,0,0,1,0,,1,0,0,0,0,1,1,1,1,1,0,0,0,0,0,1,,,,,,31-35,26-35,County road,R,Sunday,Not Used,PV,White,0,1,0,0,County Road,County Sheriff,Stevens County Sheriff's Office,1,0,1,0,0,thc,36.0,carboxy-thc,130.0,,,,,,,,,,,,,,,,,,,,,,,,,,,,,,,,,,,,,,,,99181
551,2017,370,E712928,22.0,09/18/2017,7:38,18,9,0.0,27,Grays Harbor,0,1,0.0,1,1,7,1,0,1,1,,,,1,0,0,10.1,1,0,1,5,1,2,4,0,0,0,0,CR-S BANK RD,,-123.3272833,46.934397222,0,1,98,12,2,45,3,0,0,1,2,1,1,1,2,1,1,1,1,53,0,12,37,2001,0,0.0,68,64.0,69.0,1.0,,,1,1,32,1,7.0,1.0,4,7,20,0,11,0,09/18/2017,7:38,53040390.0,40390.0,0.0,0.0,0.0,3.0,1,0,0.0,0.0,0.0,93,,,,,,0,,,,,,98531.0,53,72.0,148.0,6.0,1.0,0.0,0.0,0.0,2.0,0.0,0,,,,,,4,05/15/2016,07/15/2017,1,1,9,0,1.0,9,8,,,0,0.0,0.0,8,0,2.0,605.0,996.0,0.0,1.0,1.0,0.0,2,1,0.0,,,,,,,,,,,,,,,,,,,,,,,,,,,,,,0,0,0,0,0,0,1,1,1,0,0,0,1,0,0,0,1,0,0,1,0,0,0,0,0,0,0,0,0,1,0,0,0,1,0,,1,0,0,0,0,0,1,1,1,1,0,0,0,0,1,0,,,,,,31-35,26-35,County road,R,Monday,Not Used,PV,White,0,1,0,0,County Road,County Sheriff,Grays Harbor County Sheriff's Offic,1,0,1,0,0,thc,6.9,carboxy-thc,10.0,,,,,,,,,,,,,,,,,,,,,,,,,,,,,,,,,,,,,,,,98568
552,2017,371,E713158,42.0,09/09/2017,20:28,9,9,0.0,67,Thurston,0,10,0.0,2,2,2,1,0,1,1,,,,1,0,0,11.1,1,0,1,7,1,2,4,0,0,0,0,CR-BALD HILL RD SE,,-122.4800306,46.817327778,0,1,2,13,2,50,34,0,0,1,2,1,3,1,2,1,14,1,2,53,0,49,471,1994,0,0.0,63,1.0,,,,,1,1,34,1,1.0,3.0,4,7,20,0,11,0,09/09/2017,20:28,53040384.0,40384.0,0.0,0.0,3.0,3.0,1,0,0.0,0.0,0.0,92,,,,,,99,,,,,,98580.0,53,70.0,170.0,6.0,1.0,0.0,1.0,0.0,1.0,3.0,0,,,,,,0,03/15/2013,08/15/2017,99,2,9,0,0.0,9,8,,,0,0.0,0.0,8,9,2.0,605.0,0.0,0.0,1.0,0.0,0.0,2,1,0.23,,,,,,,,,,,,,,,,,,,,,,,,,,,,,,0,0,0,0,1,1,1,1,1,0,0,0,0,0,0,0,1,0,0,0,0,0,0,0,0,0,0,0,0,0,0,0,0,1,0,,0,0,0,0,0,1,1,1,1,0,0,0,0,0,0,1,,,,,,31-35,26-35,County road,R,Saturday,Not Used,PV,Hispanic,0,1,0,0,County Road,County Sheriff,Thurston County Sheriff's Office,1,0,1,0,0,thc,6.2,carboxy-thc,12.0,,,,,,,,,,,,,,,,,,,,,,,,,,,,,,,,,,,,,,,,98597
553,2017,372,E711580,14.0,09/13/2017,18:48,13,9,0.0,11,Clark,0,1,0.0,5,1,2,1,0,2,2,,,,12,0,6,6.1,2,0,2,5,2,2,4,0,0,3,3,CR-NE 119TH ST,NE 152ND AVE,-122.5163694,45.708311111,0,1,88,17,2,50,14,0,0,1,2,12,1,1,2,1,1,1,1,53,0,48,401,2017,0,0.0,12,,,,,,1,1,26,1,0.0,0.0,0,0,3,0,11,0,,,,,0.0,0.0,3.0,3.0,1,39,0.0,0.0,0.0,96,,,,,,0,,,,,,98604.0,53,73.0,130.0,6.0,1.0,0.0,0.0,0.0,2.0,0.0,97,,,,,,0,08/15/2015,11/15/2015,8,0,0,0,8.0,9,8,,,0,0.0,0.0,8,0,2.0,1.0,0.0,0.0,1.0,0.0,0.0,2,1,0.0,,,,,,,,,,,,,,,,,,,,,,,,,,,,,,0,0,0,1,0,0,1,1,1,0,0,0,0,0,0,0,0,0,0,0,0,0,0,0,0,0,0,0,1,1,0,0,0,0,0,,0,0,0,0,0,0,0,0,0,0,0,0,0,0,0,0,,,,,,26-30,26-35,County road,U,Wednesday,Belt Used,PV,Not Fatal,1,0,0,0,County Road,County Sheriff,Clark County Sheriff's Office,0,0,1,0,0,,,carboxy-thc,5.7,,,,,,,,,,,,,,,,,,,,,,,,,,,,,,,,,,,,,,,,98606
554,2017,372,E711580,14.0,09/13/2017,18:48,13,9,0.0,11,Clark,0,1,0.0,5,1,2,1,0,2,2,,,,12,0,6,6.1,2,0,2,5,2,2,4,0,0,3,3,CR-NE 119TH ST,NE 152ND AVE,-122.5163694,45.708311111,0,2,89,66,4,98,80,0,0,1,2,12,1,1,2,1,1,1,1,53,0,72,706,2005,0,0.0,12,,,,,,1,1,51,1,7.0,1.0,4,0,19,0,11,4,09/15/2017,0:29,53040995.0,40995.0,0.0,0.0,0.0,3.0,1,0,0.0,0.0,0.0,0,,,,,,0,,,,,,98601.0,53,67.0,230.0,6.0,1.0,0.0,0.0,0.0,2.0,0.0,0,,,,,,0,01/15/2014,09/15/2014,20,8,0,0,0.0,9,8,,,0,0.0,0.0,8,9,2.0,695.0,0.0,0.0,1.0,0.0,0.0,2,1,0.0,,,,,,,,,,,,,,,,,,,,,,,,,,,,,,0,0,0,1,0,0,1,1,1,0,0,0,0,0,0,0,0,0,0,0,0,0,0,0,0,0,0,0,1,1,0,0,0,0,1,0.0,0,0,0,0,0,0,1,1,0,0,0,0,0,0,1,0,,,,,,51-55,46-55,County road,U,Wednesday,,MC,White,1,0,0,0,County Road,County Sheriff,Clark County Sheriff's Office,0,0,1,0,0,,,,,,,,,,,,,,,,,,,,,,,,,,,,,,,,,,,,,,,,,,,,98606
555,2017,373,E717141,5.0,09/16/2017,22:28,16,9,0.0,11,Clark,0,1,0.0,2,1,2,1,1,2,1,,,,8,0,0,15.7,1,0,1,1,1,1,1,0,0,0,0,I-5,,-122.6960722,45.837075,0,1,13,80,5,70,15,0,0,1,5,8,1,1,3,3,1,2,2,53,0,42,421,2012,0,0.0,8,,,,,,1,1,53,1,0.0,0.0,0,0,3,0,11,0,,,,,0.0,0.0,0.0,3.0,1,0,0.0,0.0,0.0,0,,,,,,0,,,,,,97124.0,41,70.0,300.0,6.0,1.0,0.0,1.0,0.0,1.0,0.0,0,,,,,,0,01/15/2013,12/15/2013,20,0,0,0,8.0,9,2,,,0,0.0,0.0,0,0,2.0,1.0,0.0,0.0,1.0,0.0,0.0,2,1,0.0,,,,,,,,,,,,,,,,,,,,,,,,,,,,,,0,0,0,0,0,0,0,0,0,1,1,0,0,0,0,0,0,0,0,0,0,0,0,0,0,0,0,0,0,1,0,1,0,0,0,,0,0,0,0,0,0,0,0,0,0,0,0,0,0,0,0,,,,,,51-55,46-55,Interstate,R,Saturday,Belt Used,PV,Not Fatal,0,0,0,0,State Route,State Patrol,Washington State Patrol Headquarter,0,1,0,0,0,,,,,,,,,,,,,,,,,,,,,,,,,,,,,,,,,,,,,,,,,,,,
556,2017,374,E713128,290.0,09/19/2017,2:42,19,9,0.0,53,Pierce,2230,1,0.0,3,2,2,1,0,1,1,,,,10,0,0,0.0,6,0,1,4,2,4,6,0,0,65,3,E MILWAUKEE WAY,,-122.4057083,47.25605,0,1,98,17,2,40,2,0,0,1,2,10,1,1,2,1,1,1,1,53,0,54,37,1999,0,0.0,10,,,,,,1,1,28,1,7.0,2.0,4,7,20,0,11,0,09/19/2017,2:42,223053041009.0,41009.0,0.0,0.0,3.0,3.0,1,0,0.0,0.0,0.0,6,,,,,,99,,,,,,98387.0,53,67.0,160.0,6.0,1.0,0.0,1.0,0.0,0.0,0.0,0,,,,,,0,09/15/2015,09/15/2015,7,0,0,0,0.0,9,8,,,0,0.0,0.0,8,9,2.0,605.0,0.0,0.0,1.0,0.0,0.0,2,1,0.0,,,,,,,,,,,,,,,,,,,,,,,,,,,,,,1,0,0,0,0,0,1,1,1,0,0,0,0,0,0,0,1,0,0,1,0,0,0,0,0,0,0,0,0,1,0,0,0,1,0,,1,0,0,0,0,0,1,1,1,0,0,0,0,0,1,0,,,,,,26-30,26-35,City street,U,Tuesday,Not Used,PV,Black,1,0,0,0,City Street,Municipal/City Police,Tacoma Police Department,0,0,0,1,0,thc,2.6,carboxy-thc,8.4,,,,,,,,,,,,,,,,,,,,,,,,,,,,,,,,,,,,,,,,98421
557,2017,375,E714175,1.0,09/09/2017,4:30,9,9,0.0,77,Yakima,2400,1,0.0,2,0,0,1,0,1,1,,,,3,0,0,9999.9,1,0,1,96,6,96,4,0,0,0,0,CR-BURKE RD,,-120.4364056,46.496277778,0,1,0,9,1,0,4,0,0,1,2,3,0,0,0,0,99,1,1,53,0,6,51,2007,0,0.0,68,64.0,3.0,,,,1,1,43,2,1.0,1.0,4,0,99,0,11,4,09/09/2017,7:55,259053039788.0,39788.0,0.0,0.0,0.0,3.0,1,0,0.0,0.0,0.0,96,,,,,,99,,,,,,98903.0,53,61.0,160.0,6.0,1.0,0.0,0.0,0.0,0.0,0.0,0,,,,,,0,,,99,0,0,0,0.0,9,8,,,0,0.0,0.0,8,9,0.0,0.0,0.0,0.0,0.0,0.0,0.0,2,1,0.068,,,,,,,,,,,,,,,,,,,,,,,,,,,,,,0,0,0,0,1,0,0,0,0,0,0,0,0,0,0,0,0,0,0,0,0,0,0,0,0,0,0,0,0,1,0,0,0,0,0,,1,0,0,0,1,0,0,0,0,0,0,0,1,0,0,1,,,,,,41-45,36-45,County road,,Saturday,Unknown,PV,Hispanic,0,0,0,0,County Road,,,0,0,1,0,0,,,,,,,,,,,,,,,,,,,,,,,,,,,,,,,,,,,,,,,,,,,,98951
558,2017,376,E708623,194.0,09/01/2017,6:45,1,9,0.0,33,King,1305,1,0.0,1,1,2,1,0,3,2,6:53,7:04,7:15,12,0,1,0.0,3,0,2,5,2,4,6,0,0,20,3,SE 24TH ST,W MERCER WAY,-122.2480889,47.589183333,0,1,20,50,3,25,4,0,0,1,2,12,1,2,2,1,1,2,2,53,0,42,42,2013,0,0.0,12,,,,,,1,1,20,1,0.0,0.0,1,0,3,0,11,8,,,,,0.0,0.0,0.0,3.0,1,91,0.0,0.0,0.0,96,,,,,,9,,,,,,98029.0,53,66.0,150.0,6.0,1.0,0.0,0.0,0.0,0.0,0.0,1,,,,,,4,,,1,0,0,0,8.0,9,8,,,0,0.0,0.0,8,1,2.0,1.0,0.0,0.0,1.0,0.0,0.0,2,1,0.094,,,,,,,,,,,,,,,,,,,,,,,,,,,,,,0,0,0,1,1,1,0,1,0,0,0,0,1,0,0,0,0,0,0,0,0,1,1,1,1,0,0,0,0,1,0,0,0,0,0,,0,0,0,0,0,1,0,1,0,1,0,0,0,1,0,1,,,,,,18-20,16-25,City street,U,Friday,Belt Used,PV,Not Fatal,1,0,0,0,City Street,Municipal/City Police,Mercer Island Police Department,0,0,0,1,0,,,,,,,,,,,,,,,,,,,,,,,,,,,,,,,,,,,,,,,,,,,,98040
559,2017,376,E708623,194.0,09/01/2017,6:45,1,9,0.0,33,King,1305,1,0.0,1,1,2,1,0,3,2,6:53,7:04,7:15,12,0,1,0.0,3,0,2,5,2,4,6,0,0,20,3,SE 24TH ST,W MERCER WAY,-122.2480889,47.589183333,0,2,21,53,3,25,1,0,0,1,2,12,1,2,2,1,5,1,2,6,0,22,16,1999,0,0.0,12,63.0,42.0,,,,1,1,21,1,7.0,1.0,4,7,3,0,11,0,09/01/2017,6:45,130553038119.0,38119.0,0.0,0.0,0.0,3.0,1,0,0.0,0.0,0.0,0,,,,,,0,,,,,,94513.0,6,68.0,150.0,6.0,1.0,0.0,0.0,0.0,0.0,0.0,0,,,,,,0,,,20,0,0,0,0.0,9,8,,,0,0.0,0.0,8,0,2.0,1.0,0.0,0.0,1.0,0.0,0.0,2,1,0.0,,,,,,,,,,,,,,,,,,,,,,,,,,,,,,0,0,0,1,1,1,0,1,0,0,0,0,1,0,0,0,0,0,0,0,0,1,1,1,1,0,0,0,0,1,0,0,0,0,0,,1,0,0,0,0,0,0,0,0,0,0,0,0,0,0,0,,,,,,21-25,16-25,City street,U,Friday,Belt Used,PV,White,1,0,0,0,City Street,Municipal/City Police,Mercer Island Police Department,0,0,0,1,0,,,,,,,,,,,,,,,,,,,,,,,,,,,,,,,,,,,,,,,,,,,,98040
560,2017,377,E715290,4.0,09/18/2017,12:39,18,9,0.0,63,Spokane,2113,10,0.0,1,2,2,1,0,3,3,,,,12,0,8,7.5,1,0,1,3,2,1,3,0,0,0,0,SR-290,,-117.25745,47.686161111,0,1,64,10,2,50,4,0,0,1,2,12,1,1,5,5,1,1,1,53,0,12,37,2007,0,0.0,68,12.0,12.0,,,,1,1,51,2,7.0,1.0,4,0,3,0,11,4,09/18/2017,16:40,211353040485.0,40485.0,0.0,0.0,3.0,3.0,1,28,0.0,0.0,0.0,96,,,,,,0,,,,,,99216.0,53,66.0,120.0,6.0,1.0,0.0,0.0,0.0,0.0,0.0,0,,,,,,0,,,20,0,0,0,0.0,9,8,,,0,0.0,0.0,8,0,2.0,1.0,0.0,0.0,1.0,0.0,0.0,2,1,0.0,,,,,,,,,,,,,,,,,,,,,,,,,,,,,,0,0,0,0,0,0,0,0,0,0,0,0,0,0,0,0,0,0,0,0,0,0,0,0,0,0,0,0,0,1,1,0,0,0,0,,1,0,0,0,0,0,0,0,0,0,0,0,0,0,0,0,,,,,,51-55,46-55,State route,U,Monday,Belt Used,PV,White,1,0,0,0,State Route,State Patrol,Washington State Patrol Headquarter,0,1,0,0,0,,,,,,,,,,,,,,,,,,,,,,,,,,,,,,,,,,,,,,,,,,,,99212