,year,case,par,repjur,crash_dt,crash_tm,accday,accmon,holiday,county,co_char,city,weather,weather2,lightcond,surfcond,surftype,numfatal,nmforms,pforms,vforms,not_tm,arr_tm,hosp_tm,fhevent,hitrun,manncol,milepnt,reljunc,reljuncinter,intersectiontype,funcsystem,landuse,ownership,route,schlbus,spejur,contdev,devfunc,trafid1,trafid2,x,y,wk_zone,vnumber,crashtype,criticalevent,criticaleventcat,spdlim,body,trailer,emerg,hazcargo,leave,mhevent,roadalgn,roadprof,traflane,trafflow,vehmanvr,numoccs,regowner,regstate,spuse,make,model,modelyr,vrf1,vrf2,seqevent1,seqevent2,seqevent3,seqevent4,seqevent5,seqevent6,pnumber,ptype,age,sex,hispanic,race,injury,diedscene,restraint,restraintmisuse,seatpos,takehosp,death_dt,death_tm,cert,cernum_wa,commlic,licendor,licrestrict,liccomp,drivpres,drf1,drf2,drf3,drf4,distract1,distract2,distract3,distract4,distract5,distract6,dricond1,dricond2,dricond3,dricond4,dricond5,dricond6,dzip,licstate,drhgt_in,weight,noncdl,noncdltype,prevdwi,prevoth,prevacc,prevspd,prevsus,driviol1,driviol2,driviol3,driviol4,driviol5,driviol6,spdrel,first_dt,last_dt,airbag,ejection,ejectpath,extricat,injurwrk,methalc,methdrug,nmlocat,strikveh,prf1,prf2,prf3,druginv,alcinvol,drugsts,drugres1,drugres2,drugres3,drugtst1,drugtst2,drugtst3,alcsts,alctst,alcres,nmact1,nmact2,nmact3,nmact4,nmact5,nmact6,nmprior1,nmprior2,nmprior3,nmprior4,nmprior5,nmprior6,nmcond1,nmcond2,nmcond3,nmcond4,nmcond5,nmcond6,nmsafe_helmet,nmsafe_pads,nmsafe_oth,nmprev_ref,nmprev_lgt,nmprev_oth,crashlocation,nmcrashtype,crosswalk,schoolzone,sidewalk,train_inv,wildlife_inv,rotr_fars,intersect_fars,dd_inv,aid_inv,dpd_inv,id_inv,mj_inv,impnm_inv,ainm_inv,dpnm_inv,speed_inv,unlic_inv,unendmc_inv,drowsy_inv,drdist_inv,nmdist_inv,fty_inv,unrestfat_inv,dr1617_inv,dr1820_inv,dr1620_inv,dr2125_inv,dr1625_inv,dr65_inv,dr70_inv,dr75_inv,mc_inv,pv_inv,ht_inv,ped_inv,bike_inv,unrest_fat,mc_fat,unhelmet_mc,pv_fat,ht_fat,ped_fat,bike_fat,dr_alc7,dr_alc8,dr_drug,dr_imp,dr_dist,dr_spd,dr_fty,dr_unlic,dr_alc7only,dr_alc8only,dr_drugonly,dr_drink,nm_imp,nm_alc7,nm_alc8,nm_drug,nm_dist,agegrp1,agegrp2,roadclass,urbrur,dayweek,restuse,vehtype,race_me,intersect,lanedep,oppdir,wrongway,rep_typ,investag,repag_long,rotr,st_rd,cty_rd,city_rd,oth_rd,drug_thc,thc_res,drug_cthc,cthc_res,drug_cann,prevpersemin,prevperse,prevsusoth,drugtst4,drugtst5,drugtst6,drugtst7,drugtst8,drugres4,drugres5,drugres6,drugres7,drugres8,adspresent,adsengaged,adslevel,race1,race2,race3,race4,race5,helmet,helmetmisuse,nmdistract1,nmdistract2,nmdistract3,nmdistract4,nmdistract5,nmdistract6,lab,isedtcase,crf1,crf2,crf3,CoRoadName,CoMP,IntCoRoadName,IntCoMP,zipcode
561,2017,377,E715290,4.0,09/18/2017,12:39,18,9,0.0,63,Spokane,2113,10,0.0,1,2,2,1,0,3,3,,,,12,0,8,7.5,1,0,1,3,2,1,3,0,0,0,0,SR-290,,-117.25745,47.686161111,0,2,65,62,4,50,14,0,0,1,5,12,1,1,5,5,4,1,1,53,0,2,404,1997,0,0.0,12,,,,,,1,1,30,1,0.0,0.0,0,0,3,0,11,0,,,,,0.0,0.0,0.0,3.0,1,0,0.0,0.0,0.0,0,,,,,,0,,,,,,99218.0,53,71.0,140.0,6.0,1.0,0.0,0.0,0.0,0.0,0.0,0,,,,,,0,,,20,0,0,0,8.0,9,8,,,0,0.0,0.0,8,0,0.0,0.0,0.0,0.0,0.0,0.0,0.0,0,0,996.0,,,,,,,,,,,,,,,,,,,,,,,,,,,,,,0,0,0,0,0,0,0,0,0,0,0,0,0,0,0,0,0,0,0,0,0,0,0,0,0,0,0,0,0,1,1,0,0,0,0,,0,0,0,0,0,0,0,0,0,0,0,0,0,0,0,0,,,,,,26-30,26-35,State route,U,Monday,Belt Used,PV,Not Fatal,1,0,0,0,State Route,State Patrol,Washington State Patrol Headquarter,0,1,0,0,0,,,,,,,,,,,,,,,,,,,,,,,,,,,,,,,,,,,,,,,,,,,,99212
562,2017,377,E715290,4.0,09/18/2017,12:39,18,9,0.0,63,Spokane,2113,10,0.0,1,2,2,1,0,3,3,,,,12,0,8,7.5,1,0,1,3,2,1,3,0,0,0,0,SR-290,,-117.25745,47.686161111,0,3,98,62,4,50,66,1,0,1,2,12,1,1,5,5,1,1,3,53,0,85,881,1995,0,0.0,12,,,,,,1,1,61,1,0.0,0.0,0,0,3,0,11,0,,,,,6.0,1.0,3.0,3.0,1,0,0.0,0.0,0.0,0,,,,,,0,,,,,,83865.0,16,70.0,155.0,6.0,1.0,0.0,0.0,0.0,0.0,0.0,0,,,,,,0,,,20,0,0,0,8.0,9,2,,,0,0.0,0.0,0,0,0.0,0.0,0.0,0.0,0.0,0.0,0.0,0,0,996.0,,,,,,,,,,,,,,,,,,,,,,,,,,,,,,0,0,0,0,0,0,0,0,0,0,0,0,0,0,0,0,0,0,0,0,0,0,0,0,0,0,0,0,0,1,1,0,0,0,0,,0,0,0,0,0,0,0,0,0,0,0,0,0,0,0,0,,,,,,61-65,56-65,State route,U,Monday,,MHTRUCK,Not Fatal,1,0,0,0,State Route,State Patrol,Washington State Patrol Headquarter,0,1,0,0,0,,,,,,,,,,,,,,,,,,,,,,,,,,,,,,,,,,,,,,,,,,,,99212
563,2017,378,E718835,6.0,09/18/2017,15:10,18,9,0.0,37,Kittitas,0,1,0.0,1,1,1,1,0,6,3,15:11,15:40,,12,0,1,80.8,1,0,1,1,1,1,1,0,0,0,0,I-90,,-120.9712583,47.191866667,0,1,29,53,3,70,3,0,0,1,2,12,1,1,2,3,2,2,2,6,0,69,54,2015,0,0.0,12,12.0,,,,,1,1,28,2,0.0,0.0,2,0,3,0,11,5,,,,,0.0,0.0,0.0,3.0,1,0,0.0,0.0,0.0,0,,,,,,0,,,,,,92571.0,6,61.0,135.0,6.0,1.0,0.0,1.0,0.0,0.0,0.0,0,,,,,,0,05/15/2017,05/15/2017,20,0,0,0,8.0,9,8,,,0,0.0,0.0,8,0,0.0,0.0,0.0,0.0,0.0,0.0,0.0,0,0,996.0,,,,,,,,,,,,,,,,,,,,,,,,,,,,,,0,0,0,0,0,0,0,0,0,0,0,0,0,0,0,0,1,0,0,0,0,1,1,0,1,0,0,0,0,1,1,0,0,0,0,,0,0,0,0,0,0,0,0,0,0,0,0,0,0,0,0,,,,,,26-30,26-35,Interstate,R,Monday,Belt Used,PV,Not Fatal,0,0,0,0,State Route,State Patrol,Washington State Patrol Headquarter,0,1,0,0,0,,,,,,,,,,,,,,,,,,,,,,,,,,,,,,,,,,,,,,,,,,,,98922
564,2017,378,E718835,6.0,09/18/2017,15:10,18,9,0.0,37,Kittitas,0,1,0.0,1,1,1,1,0,6,3,15:11,15:40,,12,0,1,80.8,1,0,1,1,1,1,1,0,0,0,0,I-90,,-120.9712583,47.191866667,0,2,28,50,3,70,4,0,0,1,5,12,1,1,2,3,1,2,2,53,0,49,32,2003,0,0.0,12,12.0,,,,,1,1,18,1,0.0,0.0,0,0,99,0,11,0,,,,,0.0,0.0,0.0,3.0,1,0,0.0,0.0,0.0,96,,,,,,0,,,,,,98848.0,53,66.0,170.0,6.0,1.0,0.0,0.0,0.0,0.0,0.0,0,,,,,,0,,,20,0,0,0,8.0,9,8,,,0,0.0,0.0,8,0,0.0,0.0,0.0,0.0,0.0,0.0,0.0,0,0,996.0,,,,,,,,,,,,,,,,,,,,,,,,,,,,,,0,0,0,0,0,0,0,0,0,0,0,0,0,0,0,0,1,0,0,0,0,1,1,0,1,0,0,0,0,1,1,0,0,0,0,,0,0,0,0,0,0,0,0,0,0,0,0,0,0,0,0,,,,,,18-20,16-25,Interstate,R,Monday,Unknown,PV,Not Fatal,0,0,0,0,State Route,State Patrol,Washington State Patrol Headquarter,0,1,0,0,0,,,,,,,,,,,,,,,,,,,,,,,,,,,,,,,,,,,,,,,,,,,,98922
565,2017,378,E718835,6.0,09/18/2017,15:10,18,9,0.0,37,Kittitas,0,1,0.0,1,1,1,1,0,6,3,15:11,15:40,,12,0,1,80.8,1,0,1,1,1,1,1,0,0,0,0,I-90,,-120.9712583,47.191866667,0,3,98,50,3,70,66,1,0,1,2,12,1,1,2,3,1,2,1,53,0,82,881,2012,0,0.0,12,12.0,,,,,1,1,48,1,0.0,0.0,0,0,99,0,11,0,,,,,6.0,3.0,3.0,3.0,1,0,0.0,0.0,0.0,93,,,,,,0,,,,,,98023.0,53,67.0,160.0,6.0,1.0,0.0,1.0,0.0,1.0,0.0,0,,,,,,0,06/15/2013,08/15/2015,20,0,0,0,8.0,9,8,,,0,0.0,0.0,8,0,2.0,1.0,0.0,0.0,1.0,0.0,0.0,2,1,0.0,,,,,,,,,,,,,,,,,,,,,,,,,,,,,,0,0,0,0,0,0,0,0,0,0,0,0,0,0,0,0,1,0,0,0,0,1,1,0,1,0,0,0,0,1,1,0,0,0,0,,0,0,0,0,0,0,0,0,1,0,0,0,0,0,0,0,,,,,,46-50,46-55,Interstate,R,Monday,,MHTRUCK,Not Fatal,0,0,0,0,State Route,State Patrol,Washington State Patrol Headquarter,0,1,0,0,0,,,,,,,,,,,,,,,,,,,,,,,,,,,,,,,,,,,,,,,,,,,,98922
566,2017,379,E716020,4.0,09/18/2017,21:24,18,9,0.0,63,Spokane,2110,1,0.0,3,1,2,1,0,2,2,,,,12,0,1,281.9,1,0,1,1,2,1,1,0,0,0,0,I-90,,-117.370875,47.654030556,1,1,20,50,3,60,4,0,0,1,2,12,1,1,8,3,1,1,3,5,0,49,40,1996,0,0.0,12,,,,,,1,1,24,2,7.0,1.0,4,7,3,0,11,0,09/18/2017,21:24,211053040780.0,40780.0,0.0,0.0,3.0,3.0,1,0,0.0,0.0,0.0,93,,,,,,0,,,,,,99223.0,53,70.0,140.0,6.0,1.0,0.0,0.0,0.0,0.0,0.0,0,,,,,,0,,,1,0,0,0,0.0,9,8,,,0,0.0,0.0,8,0,2.0,1.0,0.0,0.0,1.0,0.0,0.0,2,1,0.0,,,,,,,,,,,,,,,,,,,,,,,,,,,,,,0,0,0,0,0,0,0,0,0,0,0,0,0,0,0,0,1,0,0,0,0,0,0,1,1,0,0,0,0,1,1,0,0,0,0,,1,0,0,0,0,0,0,0,1,0,0,0,0,0,0,0,,,,,,21-25,16-25,Interstate,U,Monday,Belt Used,PV,White,0,0,0,0,State Route,State Patrol,Washington State Patrol Headquarter,0,1,0,0,0,,,,,,,,,,,,,,,,,,,,,,,,,,,,,,,,,,,,,,,,,,,,99202
567,2017,379,E716020,4.0,09/18/2017,21:24,18,9,0.0,63,Spokane,2110,1,0.0,3,1,2,1,0,2,2,,,,12,0,1,281.9,1,0,1,1,2,1,1,0,0,0,0,I-90,,-117.370875,47.654030556,1,2,21,53,3,60,66,1,0,1,5,12,1,1,8,3,5,1,3,17,0,51,881,2018,0,0.0,12,,,,,,1,1,48,1,0.0,0.0,0,0,3,0,11,0,,,,,6.0,1.0,0.0,3.0,1,0,0.0,0.0,0.0,0,,,,,,0,,,,,,60089.0,17,73.0,185.0,6.0,1.0,0.0,2.0,0.0,0.0,0.0,0,,,,,,0,07/15/2014,03/15/2016,20,0,0,0,8.0,9,8,,,0,0.0,0.0,8,0,0.0,0.0,0.0,0.0,0.0,0.0,0.0,0,0,996.0,,,,,,,,,,,,,,,,,,,,,,,,,,,,,,0,0,0,0,0,0,0,0,0,0,0,0,0,0,0,0,1,0,0,0,0,0,0,1,1,0,0,0,0,1,1,0,0,0,0,,0,0,0,0,0,0,0,0,0,0,0,0,0,0,0,0,,,,,,46-50,46-55,Interstate,U,Monday,,MHTRUCK,Not Fatal,0,0,0,0,State Route,State Patrol,Washington State Patrol Headquarter,0,1,0,0,0,,,,,,,,,,,,,,,,,,,,,,,,,,,,,,,,,,,,,,,,,,,,99202
568,2017,380,E716406,1.0,09/20/2017,21:26,20,9,0.0,77,Yakima,0,1,0.0,2,1,2,1,0,1,1,,,,24,0,0,87.9,1,0,1,5,1,1,3,0,0,0,0,SR-410,,-121.0657111,46.943419444,0,1,2,9,1,55,29,0,0,1,2,1,3,2,2,1,14,1,2,53,0,12,461,2017,0,0.0,63,24.0,69.0,68.0,64.0,39.0,1,1,58,2,7.0,1.0,4,7,99,0,11,0,09/20/2017,21:26,53041202.0,41202.0,0.0,0.0,0.0,3.0,1,0,0.0,0.0,0.0,96,,,,,,9,,,,,,98105.0,53,66.0,125.0,6.0,1.0,0.0,0.0,0.0,1.0,1.0,0,,,,,,0,09/15/2016,10/15/2016,20,0,0,0,0.0,1,8,,,0,0.0,0.0,8,1,2.0,605.0,0.0,0.0,1.0,0.0,0.0,2,1,0.16,,,,,,,,,,,,,,,,,,,,,,,,,,,,,,0,0,0,0,1,1,1,1,1,0,0,0,0,0,0,0,0,0,0,0,0,0,0,0,0,0,0,0,0,1,0,0,0,0,0,,1,0,0,0,0,1,1,1,0,0,0,0,0,0,0,1,,,,,,56-60,56-65,State route,R,Wednesday,Unknown,PV,White,0,1,0,0,State Route,State Patrol,Washington State Patrol Headquarter,1,1,0,0,0,thc,888.0,carboxy-thc,888.0,,,,,,,,,,,,,,,,,,,,,,,,,,,,,,,,,,,,,,,,98937
569,2017,381,E714634,155.0,09/22/2017,11:22,22,9,0.0,33,King,980,1,0.0,1,1,2,1,1,1,1,,,,9,0,0,0.0,2,0,2,3,2,4,6,0,0,3,3,SE 56TH ST,E LK SAMMANISH PKWY SE,-122.0437361,47.551938889,0,1,13,83,5,35,14,0,0,1,5,9,1,1,6,1,10,1,1,53,0,49,402,2013,0,0.0,9,,,,,,1,1,89,2,0.0,0.0,0,0,99,0,11,0,,,,,0.0,0.0,0.0,3.0,1,38,0.0,0.0,0.0,96,,,,,,0,,,,,,98029.0,53,66.0,120.0,6.0,1.0,0.0,0.0,0.0,0.0,0.0,97,,,,,,0,,,20,0,0,0,8.0,3,8,,,0,0.0,0.0,8,0,0.0,0.0,0.0,0.0,0.0,0.0,0.0,0,0,996.0,,,,,,,,,,,,,,,,,,,,,,,,,,,,,,0,0,0,1,0,0,0,0,0,0,0,0,0,0,0,0,0,0,1,0,0,0,0,0,0,1,1,1,0,1,0,0,1,0,0,,0,0,0,0,0,0,0,0,0,0,1,0,0,0,0,0,,,,,,81+,76+,City street,U,Friday,Unknown,PV,Not Fatal,1,0,0,0,City Street,Municipal/City Police,Issaquah Police Department,0,0,0,1,0,,,,,,,,,,,,,,,,,,,,,,,,,,,,,,,,,,,,,,,,,,,,98129
570,2017,382,E715263,5.0,09/22/2017,10:40,22,9,0.0,41,Lewis,0,1,0.0,1,1,2,1,0,1,1,,,,35,0,0,27.2,1,0,1,4,1,1,3,0,0,0,0,SR-6,,-123.3126944,46.559788889,0,1,1,13,2,55,34,1,0,1,2,35,1,1,2,1,1,1,1,53,0,12,471,2006,0,0.0,63,35.0,42.0,,,,1,1,68,1,7.0,1.0,4,7,3,0,11,0,09/22/2017,11:09,168053042314.0,42314.0,0.0,0.0,3.0,3.0,1,0,0.0,0.0,0.0,96,,,,,,0,,,,,,98531.0,53,72.0,220.0,6.0,1.0,0.0,0.0,0.0,0.0,0.0,0,,,,,,0,,,1,0,0,0,0.0,9,8,,,0,0.0,0.0,8,9,2.0,1.0,0.0,0.0,1.0,0.0,0.0,2,1,0.0,,,,,,,,,,,,,,,,,,,,,,,,,,,,,,0,0,1,0,0,0,0,0,0,0,0,0,0,0,0,0,0,0,0,0,0,0,0,0,0,1,0,0,0,0,0,0,0,0,0,,0,0,0,0,0,0,0,0,0,0,0,0,0,0,0,0,,,,,,66-70,66-75,State route,R,Friday,Belt Used,PV,White,0,1,0,0,State Route,State Patrol,Washington State Patrol Headquarter,1,1,0,0,0,,,,,,,,,,,,,,,,,,,,,,,,,,,,,,,,,,,,,,,,,,,,98572
571,2017,383,E715997,278.0,09/26/2017,11:26,26,9,0.0,63,Spokane,2110,1,0.0,1,0,0,1,0,2,2,11:13,11:17,,12,0,6,0.0,8,0,1,5,2,4,6,0,0,20,3,E HOLLAND  AVE,N NORTHPOINT ACCESS,-117.4026083,47.743952778,0,1,82,15,2,0,4,0,0,1,5,12,0,0,0,0,11,1,1,3,0,18,2,1999,0,0.0,12,,,,,,1,1,74,1,0.0,0.0,0,0,3,0,11,0,,,,,0.0,0.0,3.0,3.0,1,38,0.0,0.0,0.0,96,,,,,,0,,,,,,99217.0,53,70.0,195.0,6.0,1.0,0.0,0.0,0.0,0.0,0.0,46,,,,,,0,,,1,0,0,0,8.0,9,8,,,0,0.0,0.0,8,0,2.0,1.0,0.0,0.0,1.0,0.0,0.0,2,1,0.0,,,,,,,,,,,,,,,,,,,,,,,,,,,,,,0,0,0,0,0,0,0,0,0,0,0,0,0,0,1,0,0,0,1,0,0,1,1,0,1,1,1,0,1,1,0,0,0,0,0,,0,0,0,0,0,0,0,0,0,0,1,0,0,0,0,0,,,,,,71-75,66-75,City street,U,Tuesday,Belt Used,PV,Not Fatal,1,0,0,0,City Street,Municipal/City Police,Spokane Police Department,0,0,0,1,0,,,,,,,,,,,,,,,,,,,,,,,,,,,,,,,,,,,,,,,,,,,,99218
572,2017,383,E715997,278.0,09/26/2017,11:26,26,9,0.0,63,Spokane,2110,1,0.0,1,1,2,1,0,2,2,11:13,11:17,,12,0,6,0.0,8,0,1,5,2,4,6,0,0,0,0,E HOLLAND  AVE,N NORTHPOINT ACCESS,-117.4026083,47.743952778,0,2,83,67,4,30,80,0,0,1,5,12,1,1,4,1,1,1,2,16,0,76,709,1985,0,0.0,12,,,,,,1,1,19,1,7.0,1.0,4,7,19,0,11,0,09/26/2017,11:56,211053041976.0,41976.0,0.0,0.0,0.0,2.0,1,0,0.0,0.0,0.0,0,,,,,,0,,,,,,99218.0,53,74.0,170.0,6.0,1.0,0.0,1.0,0.0,0.0,0.0,0,,,,,,0,08/15/2015,08/15/2015,20,8,0,0,0.0,9,8,,,0,0.0,0.0,8,9,2.0,1.0,0.0,0.0,1.0,0.0,0.0,2,1,0.0,,,,,,,,,,,,,,,,,,,,,,,,,,,,,,0,0,0,0,0,0,0,0,0,0,0,0,0,0,1,0,0,0,1,0,0,1,1,0,1,1,1,0,1,1,0,0,0,0,1,0.0,0,0,0,0,0,0,0,0,0,0,0,0,0,0,0,0,,,,,,18-20,16-25,City street,U,Tuesday,,MC,White,1,0,0,0,City Street,Municipal/City Police,Spokane Police Department,0,0,0,1,0,,,,,,,,,,,,,,,,,,,,,,,,,,,,,,,,,,,,,,,,,,,,99218
573,2017,384,E716082,1.0,09/26/2017,16:03,26,9,0.0,5,Benton,0,1,0.0,1,1,2,1,0,3,2,16:11,16:34,17:15,12,0,2,22.2,1,0,1,4,1,1,3,0,0,0,0,SR-221,,-119.6983028,46.187344444,0,1,50,10,2,55,2,0,0,1,2,12,2,1,2,1,14,1,1,53,0,35,32,1997,0,0.0,68,12.0,,,,,1,1,41,1,1.0,98.0,4,7,3,0,11,0,09/26/2017,16:30,175053042317.0,42317.0,0.0,0.0,0.0,3.0,1,28,0.0,0.0,0.0,96,,,,,,9,,,,,,99350.0,53,73.0,245.0,6.0,1.0,0.0,3.0,2.0,8.0,0.0,0,,,,,,0,09/15/2012,06/15/2017,8,0,0,0,0.0,9,1,,,0,0.0,0.0,1,9,2.0,605.0,0.0,0.0,1.0,0.0,0.0,2,1,0.0,,,,,,,,,,,,,,,,,,,,,,,,,,,,,,0,0,0,0,0,0,1,1,1,0,0,0,0,0,0,0,0,0,0,0,0,0,0,0,0,1,0,0,0,1,0,0,0,0,0,,1,0,0,0,0,0,1,1,0,0,0,0,0,0,1,0,,,,,,41-45,36-45,State route,R,Tuesday,Belt Used,PV,Hispanic,0,1,1,0,State Route,State Patrol,Washington State Patrol Headquarter,0,1,0,0,0,thc,11.0,carboxy-thc,41.0,,,,,,,,,,,,,,,,,,,,,,,,,,,,,,,,,,,,,,,,
574,2017,384,E716082,1.0,09/26/2017,16:03,26,9,0.0,5,Benton,0,1,0.0,1,1,2,1,0,3,2,16:11,16:34,17:15,12,0,2,22.2,1,0,1,4,1,1,3,0,0,0,0,SR-221,,-119.6983028,46.187344444,0,2,51,62,4,55,4,0,0,1,2,12,3,1,2,2,14,2,1,53,0,49,40,2015,0,0.0,12,,,,,,1,1,65,1,0.0,0.0,3,0,3,0,11,4,,,,,0.0,0.0,0.0,3.0,1,0,0.0,0.0,0.0,0,,,,,,0,,,,,,99350.0,53,72.0,200.0,6.0,1.0,0.0,0.0,0.0,0.0,0.0,0,,,,,,0,,,8,0,0,0,8.0,9,8,,,0,0.0,0.0,8,0,0.0,0.0,0.0,0.0,0.0,0.0,0.0,0,0,996.0,,,,,,,,,,,,,,,,,,,,,,,,,,,,,,0,0,0,0,0,0,1,1,1,0,0,0,0,0,0,0,0,0,0,0,0,0,0,0,0,1,0,0,0,1,0,0,0,0,0,,0,0,0,0,0,0,0,0,0,0,0,0,0,0,0,0,,,,,,61-65,56-65,State route,R,Tuesday,Belt Used,PV,Not Fatal,0,1,1,0,State Route,State Patrol,Washington State Patrol Headquarter,0,1,0,0,0,,,,,,,,,,,,,,,,,,,,,,,,,,,,,,,,,,,,,,,,,,,,
575,2017,385,E716150,4.0,09/23/2017,22:29,23,9,0.0,75,Whitman,0,10,0.0,2,1,2,2,0,3,2,22:34,22:53,23:33,12,0,2,61.4,1,0,1,3,1,1,2,0,0,0,0,US-395,,-117.3560972,47.217375,0,1,50,10,2,60,14,0,0,1,2,12,1,2,2,1,1,1,1,53,0,20,401,2002,0,0.0,68,12.0,,,,,1,1,36,1,7.0,1.0,4,7,3,0,11,0,09/23/2017,22:29,191053041856.0,41856.0,0.0,0.0,0.0,3.0,1,28,0.0,0.0,0.0,96,,,,,,9,,,,,,99022.0,53,68.0,160.0,6.0,1.0,0.0,0.0,0.0,0.0,1.0,0,,,,,,0,02/15/2014,02/15/2014,1,0,0,0,0.0,1,8,,,0,0.0,0.0,8,1,2.0,1.0,0.0,0.0,1.0,0.0,0.0,2,1,0.14,,,,,,,,,,,,,,,,,,,,,,,,,,,,,,0,0,0,0,1,1,1,1,0,0,0,0,0,0,0,0,0,0,0,0,0,0,0,0,0,0,0,0,0,1,0,0,0,0,0,,1,0,0,0,0,1,0,1,0,0,0,0,0,1,0,1,,,,,,36-40,36-45,US highway,R,Saturday,Belt Used,PV,White,0,1,1,0,State Route,State Patrol,Washington State Patrol Headquarter,0,1,0,0,0,,,,,,,,,,,,,,,,,,,,,,,,,,,,,,,,,,,,,,,,,,,,99170
576,2017,385,E716150,4.0,09/23/2017,22:29,23,9,0.0,75,Whitman,0,10,0.0,2,1,2,2,0,3,2,22:34,22:53,23:33,12,0,2,61.4,1,0,1,3,1,1,2,0,0,0,0,US-395,,-117.3560972,47.217375,0,2,51,62,4,60,15,0,0,1,2,12,1,2,2,1,1,2,1,53,0,20,421,2011,0,0.0,12,,,,,,1,1,37,2,0.0,0.0,3,0,3,0,11,4,,,,,0.0,0.0,3.0,3.0,1,28,0.0,0.0,0.0,96,,,,,,0,,,,,,99130.0,53,65.0,170.0,6.0,1.0,1.0,0.0,0.0,0.0,1.0,0,,,,,,0,01/15/2014,06/15/2014,8,0,0,0,8.0,9,8,,,0,0.0,0.0,8,0,2.0,401.0,0.0,0.0,1.0,0.0,0.0,2,1,0.0,,,,,,,,,,,,,,,,,,,,,,,,,,,,,,0,0,0,0,1,1,1,1,0,0,0,0,0,0,0,0,0,0,0,0,0,0,0,0,0,0,0,0,0,1,0,0,0,0,0,,0,0,0,0,0,0,1,1,0,0,0,0,0,0,1,0,,,,,,36-40,36-45,US highway,R,Saturday,Belt Used,PV,Not Fatal,0,1,1,0,State Route,State Patrol,Washington State Patrol Headquarter,0,1,0,0,0,,,,,,,,,,,,,,,,,,,,,,,,,,,,,,,,,,,,,,,,,,,,99170
577,2017,386,E718363,6.0,09/25/2017,21:37,25,9,0.0,25,Grant,0,1,0.0,2,1,2,1,0,2,2,21:32,21:41,,12,0,2,10.9,1,0,1,4,1,1,3,0,0,0,0,SR-243,,-119.9166417,46.712511111,0,1,50,10,2,98,4,0,0,1,2,12,2,1,2,1,14,1,4,53,0,49,40,1999,0,0.0,68,12.0,63.0,1.0,64.0,,1,1,31,1,1.0,1.0,4,7,99,0,11,0,09/25/2017,21:37,53041670.0,41670.0,0.0,0.0,0.0,3.0,1,28,0.0,0.0,0.0,96,,,,,,9,,,,,,99321.0,53,66.0,162.0,6.0,1.0,0.0,0.0,0.0,2.0,0.0,0,,,,,,0,10/15/2014,06/15/2015,8,0,0,0,0.0,1,8,,,0,0.0,0.0,8,1,2.0,1.0,0.0,0.0,1.0,0.0,0.0,2,1,0.24,,,,,,,,,,,,,,,,,,,,,,,,,,,,,,0,0,0,0,1,1,0,1,0,0,0,0,0,0,0,0,0,0,0,0,0,0,0,0,0,0,0,0,0,1,1,0,0,0,0,,1,0,0,0,0,1,0,1,0,0,0,0,0,1,0,1,,,,,,31-35,26-35,State route,R,Monday,Unknown,PV,Hispanic,0,1,1,0,State Route,State Patrol,Washington State Patrol Headquarter,0,1,0,0,0,,,,,,,,,,,,,,,,,,,,,,,,,,,,,,,,,,,,,,,,,,,,99349
578,2017,386,E718363,6.0,09/25/2017,21:37,25,9,0.0,25,Grant,0,1,0.0,2,1,2,1,0,2,2,21:32,21:41,,12,0,2,10.9,1,0,1,4,1,1,3,0,0,0,0,SR-243,,-119.9166417,46.712511111,0,2,51,62,4,55,66,1,0,1,2,2,3,1,2,1,14,1,1,53,0,84,884,1997,0,0.0,12,68.0,2.0,,,,1,1,48,1,0.0,0.0,0,0,3,0,11,0,,,,,6.0,3.0,0.0,3.0,1,0,0.0,0.0,0.0,0,,,,,,0,,,,,,98944.0,53,68.0,250.0,6.0,1.0,0.0,3.0,1.0,0.0,0.0,0,,,,,,0,06/15/2013,09/15/2017,99,0,0,0,8.0,9,8,,,0,0.0,0.0,8,0,0.0,0.0,0.0,0.0,0.0,0.0,0.0,0,0,996.0,,,,,,,,,,,,,,,,,,,,,,,,,,,,,,0,0,0,0,1,1,0,1,0,0,0,0,0,0,0,0,0,0,0,0,0,0,0,0,0,0,0,0,0,1,1,0,0,0,0,,0,0,0,0,0,0,0,0,0,0,0,0,0,0,0,0,,,,,,46-50,46-55,State route,R,Monday,,MHTRUCK,Not Fatal,0,1,1,0,State Route,State Patrol,Washington State Patrol Headquarter,0,1,0,0,0,,,,,,,,,,,,,,,,,,,,,,,,,,,,,,,,,,,,,,,,,,,,99349