,year,case,par,repjur,crash_dt,crash_tm,accday,accmon,holiday,county,co_char,city,weather,weather2,lightcond,surfcond,surftype,numfatal,nmforms,pforms,vforms,not_tm,arr_tm,hosp_tm,fhevent,hitrun,manncol,milepnt,reljunc,reljuncinter,intersectiontype,funcsystem,landuse,ownership,route,schlbus,spejur,contdev,devfunc,trafid1,trafid2,x,y,wk_zone,vnumber,crashtype,criticalevent,criticaleventcat,spdlim,body,trailer,emerg,hazcargo,leave,mhevent,roadalgn,roadprof,traflane,trafflow,vehmanvr,numoccs,regowner,regstate,spuse,make,model,modelyr,vrf1,vrf2,seqevent1,seqevent2,seqevent3,seqevent4,seqevent5,seqevent6,pnumber,ptype,age,sex,hispanic,race,injury,diedscene,restraint,restraintmisuse,seatpos,takehosp,death_dt,death_tm,cert,cernum_wa,commlic,licendor,licrestrict,liccomp,drivpres,drf1,drf2,drf3,drf4,distract1,distract2,distract3,distract4,distract5,distract6,dricond1,dricond2,dricond3,dricond4,dricond5,dricond6,dzip,licstate,drhgt_in,weight,noncdl,noncdltype,prevdwi,prevoth,prevacc,prevspd,prevsus,driviol1,driviol2,driviol3,driviol4,driviol5,driviol6,spdrel,first_dt,last_dt,airbag,ejection,ejectpath,extricat,injurwrk,methalc,methdrug,nmlocat,strikveh,prf1,prf2,prf3,druginv,alcinvol,drugsts,drugres1,drugres2,drugres3,drugtst1,drugtst2,drugtst3,alcsts,alctst,alcres,nmact1,nmact2,nmact3,nmact4,nmact5,nmact6,nmprior1,nmprior2,nmprior3,nmprior4,nmprior5,nmprior6,nmcond1,nmcond2,nmcond3,nmcond4,nmcond5,nmcond6,nmsafe_helmet,nmsafe_pads,nmsafe_oth,nmprev_ref,nmprev_lgt,nmprev_oth,crashlocation,nmcrashtype,crosswalk,schoolzone,sidewalk,train_inv,wildlife_inv,rotr_fars,intersect_fars,dd_inv,aid_inv,dpd_inv,id_inv,mj_inv,impnm_inv,ainm_inv,dpnm_inv,speed_inv,unlic_inv,unendmc_inv,drowsy_inv,drdist_inv,nmdist_inv,fty_inv,unrestfat_inv,dr1617_inv,dr1820_inv,dr1620_inv,dr2125_inv,dr1625_inv,dr65_inv,dr70_inv,dr75_inv,mc_inv,pv_inv,ht_inv,ped_inv,bike_inv,unrest_fat,mc_fat,unhelmet_mc,pv_fat,ht_fat,ped_fat,bike_fat,dr_alc7,dr_alc8,dr_drug,dr_imp,dr_dist,dr_spd,dr_fty,dr_unlic,dr_alc7only,dr_alc8only,dr_drugonly,dr_drink,nm_imp,nm_alc7,nm_alc8,nm_drug,nm_dist,agegrp1,agegrp2,roadclass,urbrur,dayweek,restuse,vehtype,race_me,intersect,lanedep,oppdir,wrongway,rep_typ,investag,repag_long,rotr,st_rd,cty_rd,city_rd,oth_rd,drug_thc,thc_res,drug_cthc,cthc_res,drug_cann,prevpersemin,prevperse,prevsusoth,drugtst4,drugtst5,drugtst6,drugtst7,drugtst8,drugres4,drugres5,drugres6,drugres7,drugres8,adspresent,adsengaged,adslevel,race1,race2,race3,race4,race5,helmet,helmetmisuse,nmdistract1,nmdistract2,nmdistract3,nmdistract4,nmdistract5,nmdistract6,lab,isedtcase,crf1,crf2,crf3,CoRoadName,CoMP,IntCoRoadName,IntCoMP,zipcode
616,2017,414,E720718,346.0,09/29/2017,12:46,29,9,0.0,63,Spokane,1165,1,0.0,1,1,2,1,1,1,1,,,,15,0,0,0.0,1,0,1,4,2,2,4,0,0,0,0,CR-N LIBERTY LAKE RD,,-117.1051417,47.668613889,0,1,13,83,5,35,15,0,0,1,5,15,1,1,5,5,1,1,1,53,0,49,422,2010,0,0.0,15,,,,,,1,1,74,1,0.0,0.0,0,0,3,0,11,0,,,,,0.0,0.0,3.0,3.0,1,0,0.0,0.0,0.0,0,,,,,,0,,,,,,99019.0,53,70.0,195.0,6.0,1.0,0.0,0.0,0.0,0.0,0.0,0,,,,,,0,,,20,0,0,0,8.0,9,8,,,0,0.0,0.0,8,0,2.0,1.0,0.0,0.0,1.0,0.0,0.0,2,1,0.0,,,,,,,,,,,,,,,,,,,,,,,,,,,,,,0,0,0,0,0,0,0,0,0,0,0,0,0,0,0,0,0,1,0,0,0,0,0,0,0,1,1,0,0,1,0,1,0,0,0,,0,0,0,0,0,0,0,0,0,0,0,0,0,0,0,0,,,,,,71-75,66-75,County road,U,Friday,Belt Used,PV,Not Fatal,0,0,0,0,City Street,Municipal/City Police,LIBERTY LAKE POLICE DEPT,0,0,0,1,0,,,,,,,,,,,,,,,,,,,,,,,,,,,,,,,,,,,,,,,,,,,,99019
617,2017,415,E720099,7.0,10/06/2017,20:18,6,10,0.0,33,King,1960,10,0.0,3,1,1,1,0,1,1,,,,24,0,0,1.8,1,0,1,1,2,1,1,0,0,0,0,I-5 RL005EXP,,-122.3281167,47.622788889,0,1,7,6,1,60,80,0,0,1,2,24,2,1,4,3,14,1,1,53,0,76,705,1981,0,0.0,64,24.0,,,,,1,1,22,1,7.0,1.0,4,7,5,0,11,0,10/06/2017,20:18,196053043656.0,43656.0,0.0,0.0,0.0,2.0,1,0,0.0,0.0,0.0,96,,,,,,9,,,,,,98103.0,53,70.0,150.0,6.0,1.0,0.0,3.0,1.0,2.0,0.0,0,,,,,,4,06/15/2014,06/15/2017,20,8,0,0,0.0,9,8,,,0,0.0,0.0,8,1,2.0,605.0,0.0,0.0,1.0,0.0,0.0,2,1,0.038,,,,,,,,,,,,,,,,,,,,,,,,,,,,,,0,0,0,0,1,0,1,1,1,0,0,0,1,0,1,0,0,0,0,0,0,0,0,1,1,0,0,0,1,0,0,0,0,0,1,0.0,0,0,0,0,1,0,1,1,0,1,0,0,0,0,0,1,,,,,,21-25,16-25,Interstate,U,Friday,,MC,White,0,1,0,0,State Route,State Patrol,Washington State Patrol Headquarter,1,1,0,0,0,thc,44.0,carboxy-thc,20.0,,,,,,,,,,,,,,,,,,,,,,,,,,,,,,,,,,,,,,,,98102
618,2017,416,3659753,344.0,10/01/2017,5:22,1,10,0.0,77,Yakima,0,1,0.0,2,1,2,1,0,3,2,5:14,5:19,6:08,12,0,6,4.9,2,0,2,5,1,1,3,0,3,20,3,SR-22,N MEYERS RD,-120.2938972,46.357044444,0,1,86,17,2,50,67,0,0,1,2,12,1,1,2,1,1,1,1,53,0,7,880,1999,0,0.0,12,,,,,,1,1,29,1,0.0,0.0,1,0,99,0,11,0,,,,,0.0,0.0,3.0,2.0,1,39,0.0,0.0,0.0,96,,,,,,9,,,,,,98952.0,53,74.0,240.0,1.0,1.0,1.0,0.0,0.0,0.0,1.0,12,,,,,,0,03/15/2014,05/15/2014,1,0,0,0,8.0,9,8,,,0,0.0,0.0,8,1,0.0,0.0,0.0,0.0,0.0,0.0,0.0,0,0,996.0,,,,,,,,,,,,,,,,,,,,,,,,,,,,,,0,0,0,1,1,0,0,0,0,0,0,0,0,1,0,0,0,0,0,0,0,0,0,0,0,1,1,0,0,0,1,0,0,0,0,,0,0,0,0,0,0,0,0,0,0,0,1,0,0,0,1,,,,,,26-30,26-35,State route,R,Sunday,Unknown,MHTRUCK,Not Fatal,1,0,0,0,State Route,Other Law Enforcement,Yakama Tribal Police Department,0,1,0,0,0,,,,,,,,,,,,,,,,,,,,,,,,,,,,,,,,,,,,,,,,,,,,98948
619,2017,416,3659753,344.0,10/01/2017,5:22,1,10,0.0,77,Yakima,0,1,0.0,2,1,2,1,0,3,2,5:14,5:19,6:08,12,0,6,4.9,2,0,2,5,1,1,3,0,3,0,0,SR-22,N MEYERS RD,-120.2938972,46.357044444,0,2,87,66,4,55,34,0,0,1,2,12,1,1,2,1,1,2,1,53,0,23,481,2001,0,0.0,12,,,,,,1,1,73,1,0.0,0.0,1,0,99,0,11,8,,,,,0.0,0.0,3.0,3.0,1,0,0.0,0.0,0.0,0,,,,,,0,,,,,,98932.0,53,73.0,190.0,6.0,1.0,0.0,0.0,0.0,0.0,0.0,0,,,,,,0,,,1,0,0,0,8.0,9,2,,,0,0.0,0.0,0,0,0.0,0.0,0.0,0.0,0.0,0.0,0.0,0,0,996.0,,,,,,,,,,,,,,,,,,,,,,,,,,,,,,0,0,0,1,1,0,0,0,0,0,0,0,0,1,0,0,0,0,0,0,0,0,0,0,0,1,1,0,0,0,1,0,0,0,0,,0,0,0,0,0,0,0,0,0,0,0,0,0,0,0,0,,,,,,71-75,66-75,State route,R,Sunday,Unknown,PV,Not Fatal,1,0,0,0,State Route,Other Law Enforcement,Yakama Tribal Police Department,0,1,0,0,0,,,,,,,,,,,,,,,,,,,,,,,,,,,,,,,,,,,,,,,,,,,,98948
620,2017,417,E720823,35.0,10/05/2017,17:20,5,10,0.0,53,Pierce,0,1,0.0,1,1,2,1,1,1,1,,,,8,0,0,0.1,1,0,1,4,1,2,4,0,0,0,0,CR-KEY PENINSULA HWY N,,-122.7438222,47.342577778,0,1,13,13,2,35,6,0,0,1,5,8,2,1,2,1,14,1,1,53,0,7,27,2012,0,0.0,63,8.0,,,,,1,1,61,2,0.0,0.0,0,0,3,0,11,0,,,,,0.0,0.0,0.0,3.0,1,0,0.0,0.0,0.0,93,,,,,,0,,,,,,98380.0,53,64.0,140.0,6.0,1.0,0.0,0.0,0.0,2.0,0.0,97,,,,,,0,05/15/2013,03/15/2014,20,0,0,0,8.0,9,8,,,0,0.0,0.0,8,0,0.0,0.0,0.0,0.0,0.0,0.0,0.0,0,0,996.0,,,,,,,,,,,,,,,,,,,,,,,,,,,,,,0,0,0,0,0,0,0,0,0,1,0,1,0,0,0,0,1,0,0,0,0,0,0,0,0,0,0,0,0,1,0,1,0,0,0,,0,0,0,0,0,0,0,0,1,0,0,0,0,0,0,0,,,,,,61-65,56-65,County road,R,Thursday,Belt Used,PV,Not Fatal,0,0,0,0,County Road,County Sheriff,Law Enforcement Support Agency,0,0,1,0,0,,,,,,,,,,,,,,,,,,,,,,,,,,,,,,,,,,,,,,,,,,,,98394
621,2017,418,E721634,1.0,10/07/2017,2:43,7,10,0.0,77,Yakima,0,1,0.0,2,1,2,1,0,2,2,,,,12,0,2,12.9,1,0,1,5,1,1,3,0,3,0,0,SR-22,,-120.1670278,46.281666667,0,1,50,10,2,60,4,0,0,1,2,12,1,1,2,1,1,1,1,53,0,63,33,2006,0,0.0,68,12.0,,,,,1,1,20,1,1.0,1.0,4,7,3,0,11,0,10/07/2017,2:43,53043265.0,43265.0,0.0,0.0,0.0,3.0,1,28,0.0,0.0,0.0,0,,,,,,2,9.0,,,,,98935.0,53,71.0,210.0,6.0,1.0,0.0,0.0,0.0,0.0,0.0,0,,,,,,0,,,20,0,0,0,0.0,1,8,,,0,0.0,0.0,8,1,2.0,1.0,0.0,0.0,1.0,0.0,0.0,2,1,0.084,,,,,,,,,,,,,,,,,,,,,,,,,,,,,,0,0,0,0,1,1,0,1,0,0,0,0,0,0,0,1,0,0,0,0,0,1,1,0,1,0,0,0,0,1,1,0,0,0,0,,1,0,0,0,0,1,0,1,0,0,0,0,0,1,0,1,,,,,,18-20,16-25,State route,R,Saturday,Belt Used,PV,Hispanic,0,1,1,0,State Route,State Patrol,Washington State Patrol Headquarter,0,1,0,0,0,,,,,,,,,,,,,,,,,,,,,,,,,,,,,,,,,,,,,,,,,,,,98948
622,2017,418,E721634,1.0,10/07/2017,2:43,7,10,0.0,77,Yakima,0,1,0.0,2,1,2,1,0,2,2,,,,12,0,2,12.9,1,0,1,5,1,1,3,0,3,0,0,SR-22,,-120.1670278,46.281666667,0,2,51,62,4,60,61,0,0,1,2,12,1,1,2,1,1,1,3,53,0,12,881,1999,0,0.0,12,,,,,,1,1,27,1,0.0,0.0,1,0,3,0,11,6,,,,,0.0,0.0,0.0,3.0,1,0,0.0,0.0,0.0,0,,,,,,0,,,,,,98944.0,53,73.0,175.0,6.0,1.0,0.0,0.0,0.0,0.0,0.0,0,,,,,,0,,,1,0,0,0,8.0,9,8,,,0,0.0,0.0,8,0,0.0,0.0,0.0,0.0,0.0,0.0,0.0,0,0,996.0,,,,,,,,,,,,,,,,,,,,,,,,,,,,,,0,0,0,0,1,1,0,1,0,0,0,0,0,0,0,1,0,0,0,0,0,1,1,0,1,0,0,0,0,1,1,0,0,0,0,,0,0,0,0,0,0,0,0,0,0,0,0,0,0,0,0,,,,,,26-30,26-35,State route,R,Saturday,,MHTRUCK,Not Fatal,0,1,1,0,State Route,State Patrol,Washington State Patrol Headquarter,0,1,0,0,0,,,,,,,,,,,,,,,,,,,,,,,,,,,,,,,,,,,,,,,,,,,,98948
623,2017,419,E721081,26.0,10/08/2017,11:05,8,10,7.0,35,Kitsap,0,1,0.0,1,1,2,1,0,3,2,,,,12,0,6,2.2,2,0,2,7,1,2,4,0,0,20,3,CR-SE PRUCE RD,WILLOW RD SE,-122.6366111,47.414305556,0,1,87,17,2,30,4,0,0,1,5,12,1,1,2,1,1,2,2,53,0,37,31,1999,0,0.0,12,68.0,64.0,1.0,,,1,1,18,2,0.0,0.0,3,0,3,0,11,4,,,,,0.0,0.0,0.0,3.0,1,39,0.0,0.0,0.0,93,,,,,,0,,,,,,98335.0,53,71.0,150.0,6.0,1.0,0.0,0.0,0.0,0.0,0.0,97,,,,,,0,,,1,0,0,0,8.0,9,8,,,0,0.0,0.0,8,0,2.0,695.0,0.0,0.0,1.0,0.0,0.0,2,1,0.0,,,,,,,,,,,,,,,,,,,,,,,,,,,,,,0,0,0,1,0,0,1,1,1,0,0,0,0,0,0,0,1,0,0,1,0,1,1,0,1,0,0,0,0,1,0,0,0,0,0,,0,0,0,0,0,0,1,1,1,0,0,0,0,0,1,0,,,,,,18-20,16-25,County road,R,Sunday,Belt Used,PV,Not Fatal,1,0,0,0,County Road,County Sheriff,Kitsap County Sheriff's Office,0,0,1,0,0,,,carboxy-thc,8.4,,,,,,,,,,,,,,,,,,,,,,,,,,,,,,,,,,,,,,,,98367
624,2017,419,E721081,26.0,10/08/2017,11:05,8,10,7.0,35,Kitsap,0,1,0.0,1,1,2,1,0,3,2,,,,12,0,6,2.2,2,0,2,7,1,2,4,0,0,0,0,CR-SE PRUCE RD,WILLOW RD SE,-122.6366111,47.414305556,0,2,86,66,4,35,34,0,0,1,5,12,1,1,2,1,1,1,1,53,0,12,481,2008,0,0.0,12,63.0,1.0,,,,1,1,43,1,0.0,0.0,1,0,3,0,11,4,,,,,0.0,0.0,2.0,2.0,1,74,0.0,0.0,0.0,0,,,,,,0,,,,,,98367.0,53,67.0,180.0,6.0,1.0,0.0,0.0,0.0,0.0,0.0,0,,,,,,0,,,1,0,0,0,8.0,9,8,,,0,0.0,0.0,8,0,0.0,0.0,0.0,0.0,0.0,0.0,0.0,0,0,996.0,,,,,,,,,,,,,,,,,,,,,,,,,,,,,,0,0,0,1,0,0,1,1,1,0,0,0,0,0,0,0,1,0,0,1,0,1,1,0,1,0,0,0,0,1,0,0,0,0,0,,0,0,0,0,0,0,0,0,0,0,0,0,0,0,0,0,,,,,,41-45,36-45,County road,R,Sunday,Belt Used,PV,Not Fatal,1,0,0,0,County Road,County Sheriff,Kitsap County Sheriff's Office,0,0,1,0,0,,,,,,,,,,,,,,,,,,,,,,,,,,,,,,,,,,,,,,,,,,,,98367
625,2017,420,E721288,4.0,10/08/2017,23:00,8,10,7.0,75,Whitman,0,1,0.0,2,1,2,1,1,3,1,,,,8,0,0,30.7,1,0,1,5,1,1,3,0,0,0,0,SR-27,,-117.1540111,47.056108333,0,1,13,80,5,55,34,0,0,1,5,8,2,2,2,1,14,3,1,41,0,7,482,2003,0,0.0,8,,,,,,1,1,53,1,0.0,0.0,0,0,3,0,11,0,,,,,0.0,0.0,0.0,3.0,1,0,0.0,0.0,0.0,0,,,,,,0,,,,,,97360.0,41,68.0,250.0,6.0,1.0,0.0,0.0,0.0,0.0,0.0,0,,,,,,0,,,20,0,0,0,8.0,9,8,,,0,0.0,0.0,8,0,0.0,0.0,0.0,0.0,0.0,0.0,0.0,0,0,996.0,,,,,,,,,,,,,,,,,,,,,,,,,,,,,,0,0,0,0,0,0,0,0,0,0,0,0,0,0,0,0,0,0,0,0,0,0,0,0,0,0,0,0,0,0,0,1,0,0,0,,0,0,0,0,0,0,0,0,0,0,0,0,0,0,0,0,,,,,,51-55,46-55,State route,R,Sunday,Belt Used,PV,Not Fatal,0,0,0,0,State Route,State Patrol,Washington State Patrol Headquarter,0,1,0,0,0,,,,,,,,,,,,,,,,,,,,,,,,,,,,,,,,,,,,,,,,,,,,99130
626,2017,421,E721775,40.0,10/11/2017,8:42,11,10,0.0,63,Spokane,2110,1,0.0,1,1,2,1,0,1,1,,,,32,0,0,0.0,3,0,3,4,2,4,6,0,0,20,3,E 8TH AVE,S HAVANA ST,-117.3470694,47.650069444,0,1,1,13,2,35,1,0,0,1,5,39,1,1,2,1,1,1,1,53,0,6,43,2002,0,0.0,63,32.0,39.0,,,,1,1,64,1,7.0,1.0,4,7,3,0,11,0,10/11/2017,8:51,211053044131.0,44131.0,0.0,0.0,3.0,3.0,1,0,0.0,0.0,0.0,99,,,,,,99,,,,,,99220.0,53,74.0,190.0,6.0,1.0,0.0,0.0,0.0,0.0,0.0,0,,,,,,0,,,8,0,0,0,0.0,9,8,,,0,0.0,0.0,8,9,0.0,0.0,0.0,0.0,0.0,0.0,0.0,0,0,996.0,,,,,,,,,,,,,,,,,,,,,,,,,,,,,,0,0,1,1,0,0,0,0,0,0,0,0,0,0,0,0,0,0,0,0,0,0,0,0,0,0,0,0,0,1,0,0,0,0,0,,1,0,0,0,0,0,0,0,0,0,0,0,0,0,0,0,,,,,,61-65,56-65,City street,U,Wednesday,Belt Used,PV,White,0,1,0,0,City Street,County Sheriff,Spokane County Sheriff's Office,1,0,0,1,0,,,,,,,,,,,,,,,,,,,,,,,,,,,,,,,,,,,,,,,,,,,,99211
627,2017,422,E726850,14.0,10/18/2017,0:08,18,10,0.0,11,Clark,0,1,0.0,2,1,2,1,0,1,1,,,,32,0,0,4.1,1,0,1,4,1,2,4,0,0,0,0,CR-NE 182ND ST,,-122.4868222,45.719161111,0,1,1,13,2,98,4,0,0,1,2,32,1,1,2,1,1,1,1,53,0,20,25,2012,0,0.0,63,32.0,2.0,,,,1,1,46,8,7.0,2.0,4,0,3,0,11,5,10/18/2017,22:59,237053045607.0,45607.0,0.0,0.0,3.0,3.0,1,0,0.0,0.0,0.0,92,,,,,,9,,,,,,98606.0,53,73.0,168.0,6.0,1.0,0.0,0.0,0.0,0.0,0.0,0,,,,,,4,,,8,0,0,1,0.0,9,8,,,0,0.0,0.0,8,1,2.0,1.0,0.0,0.0,1.0,0.0,0.0,2,1,0.0,,,,,,,,,,,,,,,,,,,,,,,,,,,,,,0,0,1,0,1,0,0,0,0,0,0,0,1,0,0,0,1,0,0,0,0,0,0,0,0,0,0,0,0,1,0,0,0,0,0,,1,0,0,0,0,0,0,0,1,1,0,0,0,0,0,1,,,,,,46-50,46-55,County road,R,Wednesday,Belt Used,PV,Black,0,1,0,0,County Road,County Sheriff,Clark County Sheriff's Office,1,0,1,0,0,,,,,,,,,,,,,,,,,,,,,,,,,,,,,,,,,,,,,,,,,,,,98606
628,2017,423,E725861,7.0,10/07/2017,11:44,7,10,0.0,33,King,1958,1,0.0,1,1,2,1,0,4,1,,,,52,0,0,152.3,1,0,1,1,2,1,1,0,0,0,0,I-5,,-122.2719972,47.430597222,0,1,7,9,1,60,5,0,0,1,2,1,3,2,5,2,14,4,2,53,0,7,25,2007,0,0.0,64,52.0,35.0,1.0,24.0,,1,1,24,1,7.0,2.0,4,7,20,0,11,0,10/07/2017,12:00,195853043299.0,43299.0,0.0,0.0,0.0,3.0,1,0,0.0,0.0,0.0,96,,,,,,9,,,,,,98118.0,53,72.0,141.0,6.0,1.0,0.0,2.0,1.0,0.0,0.0,0,,,,,,0,10/15/2015,10/15/2015,8,0,0,0,0.0,9,8,,,0,0.0,0.0,1,9,2.0,605.0,0.0,0.0,1.0,0.0,0.0,2,1,0.0,,,,,,,,,,,,,,,,,,,,,,,,,,,,,,0,0,0,0,0,0,1,1,1,0,0,0,0,0,0,0,0,0,0,1,0,0,0,1,1,0,0,0,0,1,0,0,0,1,0,,1,0,0,0,0,0,1,1,0,0,0,0,0,0,1,0,,,,,,21-25,16-25,Interstate,U,Saturday,Not Used,PV,Black,0,1,0,0,State Route,State Patrol,Washington State Patrol Headquarter,1,1,0,0,0,thc,6.2,carboxy-thc,37.0,,,,,,,,,,,,,,,,,,,,,,,,,,,,,,,,,,,,,,,,98188
629,2017,424,E732654,21.0,10/20/2017,15:12,20,10,0.0,25,Grant,0,1,0.0,1,1,2,1,0,2,2,15:12,15:33,15:53,12,0,6,2.0,2,0,2,6,1,2,4,0,0,20,3,CR-RD 9 NW,CR-RD K NW,-119.7251556,47.220061111,0,1,88,54,3,50,4,0,0,1,2,12,1,1,2,1,1,1,2,53,0,20,37,1998,0,0.0,12,,,,,,1,1,32,1,0.0,0.0,3,0,3,0,11,8,,,,,0.0,0.0,0.0,3.0,1,0,0.0,0.0,0.0,5,93.0,,,,,9,,,,,,99357.0,53,66.0,160.0,6.0,1.0,0.0,3.0,0.0,3.0,0.0,0,,,,,,0,11/15/2016,10/15/2017,99,0,0,0,8.0,9,8,,,0,0.0,0.0,8,1,8.0,95.0,0.0,0.0,6.0,0.0,0.0,2,95,997.0,,,,,,,,,,,,,,,,,,,,,,,,,,,,,,0,0,0,1,1,0,0,0,0,0,0,0,0,0,0,0,1,0,0,0,0,0,0,0,0,0,0,0,0,1,0,0,0,0,0,,0,0,0,0,0,0,0,0,1,0,0,0,0,0,0,1,,,,,,31-35,26-35,County road,R,Friday,Belt Used,PV,Not Fatal,1,0,0,0,County Road,County Sheriff,Grant County Sheriff's Office,0,0,1,0,0,,,,,,,,,,,,,,,,,,,,,,,,,,,,,,,,,,,,,,,,,,,,98848
630,2017,424,E732654,21.0,10/20/2017,15:12,20,10,0.0,25,Grant,0,1,0.0,1,1,2,1,0,2,2,15:12,15:33,15:53,12,0,6,2.0,2,0,2,6,1,2,4,0,0,0,0,CR-RD 9 NW,CR-RD K NW,-119.7251556,47.220061111,0,2,89,66,4,55,4,0,0,1,2,12,1,1,2,1,1,1,1,53,0,37,32,2009,0,0.0,12,,,,,,1,1,61,1,7.0,1.0,4,7,3,0,11,0,10/20/2017,15:12,178053045475.0,45475.0,0.0,0.0,0.0,3.0,1,0,0.0,0.0,0.0,0,,,,,,0,,,,,,98823.0,53,68.0,200.0,6.0,1.0,0.0,0.0,0.0,0.0,0.0,0,,,,,,0,,,8,0,0,0,0.0,9,8,,,0,0.0,0.0,8,0,2.0,1.0,0.0,0.0,1.0,0.0,0.0,2,1,0.0,,,,,,,,,,,,,,,,,,,,,,,,,,,,,,0,0,0,1,1,0,0,0,0,0,0,0,0,0,0,0,1,0,0,0,0,0,0,0,0,0,0,0,0,1,0,0,0,0,0,,1,0,0,0,0,0,0,0,0,0,0,0,0,0,0,0,,,,,,61-65,56-65,County road,R,Friday,Belt Used,PV,White,1,0,0,0,County Road,County Sheriff,Grant County Sheriff's Office,0,0,1,0,0,,,,,,,,,,,,,,,,,,,,,,,,,,,,,,,,,,,,,,,,,,,,98848
631,2017,425,E720304,173.0,10/07/2017,17:24,7,10,0.0,53,Pierce,1124,1,0.0,1,0,0,1,1,1,1,,,,8,0,0,9999.9,8,0,1,7,2,2,4,0,0,0,0,CR-GRANGE ST W,,-122.5162944,47.186052778,0,1,13,80,5,0,4,0,0,1,5,8,0,0,0,0,10,1,1,53,0,55,33,2016,0,0.0,8,,,,,,1,1,70,2,0.0,0.0,0,0,3,0,11,0,,,,,0.0,0.0,0.0,3.0,1,0,0.0,0.0,0.0,0,,,,,,0,,,,,,98499.0,53,67.0,220.0,6.0,1.0,0.0,0.0,0.0,0.0,0.0,0,,,,,,0,,,20,0,0,0,8.0,9,8,,,0,0.0,0.0,8,0,0.0,0.0,0.0,0.0,0.0,0.0,0.0,0,0,996.0,,,,,,,,,,,,,,,,,,,,,,,,,,,,,,0,0,0,0,0,0,0,0,0,1,1,1,0,0,0,0,0,0,0,0,0,0,0,0,0,1,1,0,0,1,0,1,0,0,0,,0,0,0,0,0,0,0,0,0,0,0,0,0,0,0,0,,,,,,66-70,66-75,County road,U,Saturday,Belt Used,PV,Not Fatal,0,0,0,0,City Street,Municipal/City Police,Lakewood Police Department,0,0,0,1,0,,,,,,,,,,,,,,,,,,,,,,,,,,,,,,,,,,,,,,,,,,,,98467
632,2017,426,E722375,5.0,10/09/2017,20:43,9,10,7.0,11,Clark,0,10,0.0,3,1,2,1,0,2,2,,,,12,0,2,7.1,1,0,1,1,2,1,1,0,0,0,0,I-5,,-122.6546583,45.717711111,0,1,50,54,3,60,14,0,0,1,2,12,1,2,3,3,1,1,1,53,0,12,402,2011,0,0.0,12,,,,,,1,1,43,1,7.0,1.0,4,7,3,0,11,0,10/09/2017,20:43,237053043936.0,43936.0,0.0,0.0,0.0,3.0,1,51,0.0,0.0,0.0,96,,,,,,9,,,,,,98665.0,53,74.0,190.0,6.0,1.0,0.0,0.0,0.0,0.0,0.0,0,,,,,,0,,,1,0,0,0,0.0,9,1,,,0,0.0,0.0,1,9,2.0,395.0,0.0,0.0,1.0,0.0,0.0,2,1,0.0,,,,,,,,,,,,,,,,,,,,,,,,,,,,,,0,0,0,0,0,0,1,1,0,0,0,0,0,0,0,0,0,0,0,0,1,0,1,0,1,0,0,0,0,1,0,0,0,0,0,,1,0,0,0,0,0,1,1,0,0,0,0,0,0,1,0,,,,,,41-45,36-45,Interstate,U,Monday,Belt Used,PV,White,0,0,0,1,State Route,State Patrol,Washington State Patrol Headquarter,0,1,0,0,0,,,,,,,,,,,,,,,,,,,,,,,,,,,,,,,,,,,,,,,,,,,,98686
633,2017,426,E722375,5.0,10/09/2017,20:43,9,10,7.0,11,Clark,0,10,0.0,3,1,2,1,0,2,2,,,,12,0,2,7.1,1,0,1,1,2,1,1,0,0,0,0,I-5,,-122.6546583,45.717711111,0,2,51,54,3,60,4,0,0,1,2,12,1,2,3,3,15,1,2,53,0,30,40,2000,0,0.0,12,,,,,,1,1,17,2,0.0,0.0,3,0,3,0,11,8,,,,,0.0,0.0,1.0,3.0,1,0,0.0,0.0,0.0,0,,,,,,0,,,,,,98674.0,53,66.0,175.0,6.0,2.0,0.0,0.0,1.0,0.0,0.0,0,,,,,,0,06/15/2017,06/15/2017,1,0,0,0,8.0,9,8,,,0,0.0,0.0,8,0,0.0,0.0,0.0,0.0,0.0,0.0,0.0,0,0,996.0,,,,,,,,,,,,,,,,,,,,,,,,,,,,,,0,0,0,0,0,0,1,1,0,0,0,0,0,0,0,0,0,0,0,0,1,0,1,0,1,0,0,0,0,1,0,0,0,0,0,,0,0,0,0,0,0,0,0,0,0,0,0,0,0,0,0,,,,,,16-17,16-25,Interstate,U,Monday,Belt Used,PV,Not Fatal,0,0,0,1,State Route,State Patrol,Washington State Patrol Headquarter,0,1,0,0,0,,,,,,,,,,,,,,,,,,,,,,,,,,,,,,,,,,,,,,,,,,,,98686
634,2017,427,E728730,59.0,10/22/2017,20:46,22,10,0.0,33,King,109,2,0.0,3,2,2,1,0,1,1,,,,33,0,0,9999.9,1,0,1,3,2,4,5,0,0,0,0,148TH AVE NE,,-122.1431333,47.619380556,0,1,1,11,2,35,5,0,0,1,2,42,1,1,4,1,1,1,1,53,0,41,51,2010,0,0.0,63,33.0,42.0,,,,1,1,19,1,1.0,98.0,4,7,20,0,11,0,10/22/2017,21:10,10953045898.0,45898.0,0.0,0.0,0.0,0.0,1,0,0.0,0.0,0.0,96,,,,,,9,,,,,,97303.0,41,68.0,140.0,0.0,0.0,0.0,0.0,0.0,0.0,1.0,0,,,,,,4,05/15/2017,05/15/2017,20,2,9,0,0.0,9,8,,,0,0.0,0.0,8,1,2.0,605.0,0.0,0.0,1.0,0.0,0.0,2,1,0.18,,,,,,,,,,,,,,,,,,,,,,,,,,,,,,0,0,1,0,1,1,1,1,1,0,0,0,1,1,0,0,0,0,0,1,0,1,1,0,1,0,0,0,0,1,0,0,0,1,0,,1,0,0,0,0,1,1,1,0,1,0,1,0,0,0,1,,,,,,18-20,16-25,City street,U,Sunday,Not Used,PV,Hispanic,0,1,0,0,City Street,Municipal/City Police,Bellevue Police Department,1,0,0,1,0,thc,39.0,carboxy-thc,42.0,,,,,,,,,,,,,,,,,,,,,,,,,,,,,,,,,,,,,,,,98007