,year,case,par,repjur,crash_dt,crash_tm,accday,accmon,holiday,county,co_char,city,weather,weather2,lightcond,surfcond,surftype,numfatal,nmforms,pforms,vforms,not_tm,arr_tm,hosp_tm,fhevent,hitrun,manncol,milepnt,reljunc,reljuncinter,intersectiontype,funcsystem,landuse,ownership,route,schlbus,spejur,contdev,devfunc,trafid1,trafid2,x,y,wk_zone,vnumber,crashtype,criticalevent,criticaleventcat,spdlim,body,trailer,emerg,hazcargo,leave,mhevent,roadalgn,roadprof,traflane,trafflow,vehmanvr,numoccs,regowner,regstate,spuse,make,model,modelyr,vrf1,vrf2,seqevent1,seqevent2,seqevent3,seqevent4,seqevent5,seqevent6,pnumber,ptype,age,sex,hispanic,race,injury,diedscene,restraint,restraintmisuse,seatpos,takehosp,death_dt,death_tm,cert,cernum_wa,commlic,licendor,licrestrict,liccomp,drivpres,drf1,drf2,drf3,drf4,distract1,distract2,distract3,distract4,distract5,distract6,dricond1,dricond2,dricond3,dricond4,dricond5,dricond6,dzip,licstate,drhgt_in,weight,noncdl,noncdltype,prevdwi,prevoth,prevacc,prevspd,prevsus,driviol1,driviol2,driviol3,driviol4,driviol5,driviol6,spdrel,first_dt,last_dt,airbag,ejection,ejectpath,extricat,injurwrk,methalc,methdrug,nmlocat,strikveh,prf1,prf2,prf3,druginv,alcinvol,drugsts,drugres1,drugres2,drugres3,drugtst1,drugtst2,drugtst3,alcsts,alctst,alcres,nmact1,nmact2,nmact3,nmact4,nmact5,nmact6,nmprior1,nmprior2,nmprior3,nmprior4,nmprior5,nmprior6,nmcond1,nmcond2,nmcond3,nmcond4,nmcond5,nmcond6,nmsafe_helmet,nmsafe_pads,nmsafe_oth,nmprev_ref,nmprev_lgt,nmprev_oth,crashlocation,nmcrashtype,crosswalk,schoolzone,sidewalk,train_inv,wildlife_inv,rotr_fars,intersect_fars,dd_inv,aid_inv,dpd_inv,id_inv,mj_inv,impnm_inv,ainm_inv,dpnm_inv,speed_inv,unlic_inv,unendmc_inv,drowsy_inv,drdist_inv,nmdist_inv,fty_inv,unrestfat_inv,dr1617_inv,dr1820_inv,dr1620_inv,dr2125_inv,dr1625_inv,dr65_inv,dr70_inv,dr75_inv,mc_inv,pv_inv,ht_inv,ped_inv,bike_inv,unrest_fat,mc_fat,unhelmet_mc,pv_fat,ht_fat,ped_fat,bike_fat,dr_alc7,dr_alc8,dr_drug,dr_imp,dr_dist,dr_spd,dr_fty,dr_unlic,dr_alc7only,dr_alc8only,dr_drugonly,dr_drink,nm_imp,nm_alc7,nm_alc8,nm_drug,nm_dist,agegrp1,agegrp2,roadclass,urbrur,dayweek,restuse,vehtype,race_me,intersect,lanedep,oppdir,wrongway,rep_typ,investag,repag_long,rotr,st_rd,cty_rd,city_rd,oth_rd,drug_thc,thc_res,drug_cthc,cthc_res,drug_cann,prevpersemin,prevperse,prevsusoth,drugtst4,drugtst5,drugtst6,drugtst7,drugtst8,drugres4,drugres5,drugres6,drugres7,drugres8,adspresent,adsengaged,adslevel,race1,race2,race3,race4,race5,helmet,helmetmisuse,nmdistract1,nmdistract2,nmdistract3,nmdistract4,nmdistract5,nmdistract6,lab,isedtcase,crf1,crf2,crf3,CoRoadName,CoMP,IntCoRoadName,IntCoMP,zipcode
672,2017,454,E731602,13.0,10/18/2017,15:48,18,10,0.0,9,Clallam,0,2,0.0,1,2,2,1,0,2,2,15:49,15:58,16:51,12,0,6,3.2,2,0,10,5,1,2,4,0,0,0,0,CR-KITCHEN DICK RD,LOTZGESELL RD,-123.1999889,48.130472222,0,1,80,10,2,20,67,0,0,1,2,12,2,1,2,1,10,1,3,53,0,12,880,2006,0,0.0,68,12.0,,,,,1,1,50,1,0.0,0.0,1,0,99,0,11,8,,,,,0.0,0.0,0.0,3.0,1,91,0.0,0.0,0.0,96,,,,,,9,,,,,,98363.0,53,74.0,205.0,6.0,1.0,0.0,0.0,0.0,1.0,0.0,1,,,,,,0,12/15/2016,12/15/2016,1,0,0,0,8.0,9,8,,,0,0.0,0.0,8,1,2.0,1.0,0.0,0.0,1.0,0.0,0.0,2,1,0.27,,,,,,,,,,,,,,,,,,,,,,,,,,,,,,0,0,0,1,1,1,0,1,0,0,0,0,0,0,0,0,0,0,0,0,0,0,0,0,0,0,0,0,0,1,1,0,0,0,0,,0,0,0,0,0,1,0,1,0,0,0,0,0,1,0,1,,,,,,46-50,46-55,County road,R,Wednesday,Unknown,MHTRUCK,Not Fatal,0,1,1,0,County Road,County Sheriff,Clallam County Sheriff's Office,0,0,1,0,0,,,,,,,,,,,,,,,,,,,,,,,,,,,,,,,,,,,,,,,,,,,,98382
673,2017,454,E731602,13.0,10/18/2017,15:48,18,10,0.0,9,Clallam,0,2,0.0,1,2,2,1,0,2,2,15:49,15:58,16:51,12,0,6,3.2,2,0,10,5,1,2,4,0,0,0,0,CR-KITCHEN DICK RD,LOTZGESELL RD,-123.1999889,48.130472222,0,2,81,62,4,20,20,0,0,1,2,12,3,1,2,1,14,1,1,53,0,12,442,2000,0,0.0,12,63.0,35.0,,,,1,1,61,1,7.0,1.0,4,0,99,0,11,5,10/18/2017,17:30,170053045563.0,45563.0,0.0,0.0,0.0,3.0,1,0,0.0,0.0,0.0,0,,,,,,0,,,,,,98382.0,53,74.0,168.0,6.0,1.0,0.0,0.0,0.0,0.0,0.0,0,,,,,,0,,,1,0,0,1,0.0,9,8,,,0,0.0,0.0,8,9,2.0,1.0,0.0,0.0,1.0,0.0,0.0,2,1,0.0,,,,,,,,,,,,,,,,,,,,,,,,,,,,,,0,0,0,1,1,1,0,1,0,0,0,0,0,0,0,0,0,0,0,0,0,0,0,0,0,0,0,0,0,1,1,0,0,0,0,,1,0,0,0,0,0,0,0,0,0,0,0,0,0,0,0,,,,,,61-65,56-65,County road,R,Wednesday,Unknown,PV,White,0,1,1,0,County Road,County Sheriff,Clallam County Sheriff's Office,0,0,1,0,0,,,,,,,,,,,,,,,,,,,,,,,,,,,,,,,,,,,,,,,,,,,,98382
674,2017,455,E732289,16.0,10/27/2017,9:26,27,10,0.0,15,Cowlitz,0,1,0.0,1,1,4,2,0,2,1,,,,10,0,0,0.0,6,0,1,7,2,4,6,0,0,65,3,HORSESHOE BEND ESTATE,PLEASANT HILL RD,-122.8886528,46.238338889,0,1,98,98,7,10,4,0,0,1,2,10,1,1,8,1,3,2,2,53,0,49,43,1996,0,0.0,10,,,,,,1,1,29,1,6.0,3.0,4,7,20,0,11,0,10/27/2017,9:26,28053046833.0,46833.0,0.0,0.0,0.0,0.0,1,38,0.0,0.0,0.0,93,,,,,,99,,,,,,98404.0,53,74.0,275.0,0.0,0.0,0.0,0.0,0.0,0.0,7.0,0,,,,,,0,05/15/2013,07/15/2017,20,0,0,0,0.0,9,8,,,0,0.0,0.0,8,9,2.0,401.0,417.0,0.0,1.0,1.0,0.0,2,1,0.0,,,,,,,,,,,,,,,,,,,,,,,,,,,,,,1,0,0,0,0,0,1,1,0,0,0,0,0,1,0,0,1,0,1,1,0,0,0,0,0,0,0,0,0,1,0,0,0,1,0,,1,0,0,0,0,0,1,1,1,0,1,1,0,0,1,0,,,,,,26-30,26-35,City street,U,Friday,Not Used,PV,Hispanic,1,0,0,0,Other,County Sheriff,Cowlitz County Sheriff's Office,0,0,0,0,1,,,,,,,,,,,,,,,,,,,,,,,,,,,,,,,,,,,,,,,,,,,,98611
675,2017,456,E765189,7.0,10/13/2017,21:13,13,10,0.0,33,King,1960,1,0.0,3,1,1,1,0,4,2,21:18,21:46,22:00,12,0,6,161.5,1,0,1,1,2,1,1,0,0,0,0,I-5,,-122.3341861,47.542872222,0,1,98,54,3,60,4,0,0,1,2,12,1,1,5,3,12,2,2,53,0,37,31,1993,0,0.0,12,,,,,,1,1,36,2,7.0,2.0,4,0,20,0,11,5,10/13/2017,22:10,196053045719.0,45719.0,0.0,0.0,3.0,2.0,1,48,0.0,0.0,0.0,96,,,,,,99,,,,,,98030.0,53,68.0,242.0,2.0,1.0,1.0,1.0,0.0,0.0,0.0,0,,,,,,0,08/15/2016,08/15/2016,8,0,0,0,0.0,9,8,,,0,0.0,0.0,8,9,2.0,401.0,417.0,0.0,1.0,1.0,0.0,2,1,0.12,,,,,,,,,,,,,,,,,,,,,,,,,,,,,,0,0,0,0,1,1,1,1,0,0,0,0,0,1,0,0,0,0,0,1,0,0,0,0,0,0,0,0,0,1,0,0,0,1,0,,1,0,0,0,0,1,1,1,0,0,0,1,0,0,0,1,,,,,,36-40,36-45,Interstate,U,Friday,Not Used,PV,Black,0,0,0,0,State Route,State Patrol,Washington State Patrol Headquarter,0,1,0,0,0,,,,,,,,,,,,,,,,,,,,,,,,,,,,,,,,,,,,,,,,,,,,98106
676,2017,456,E765189,7.0,10/13/2017,21:13,13,10,0.0,33,King,1960,1,0.0,3,1,1,1,0,4,2,21:18,21:46,22:00,12,0,6,161.5,1,0,1,1,2,1,1,0,0,0,0,I-5,,-122.3341861,47.542872222,0,2,98,54,3,60,14,0,0,1,2,12,1,1,5,3,1,2,1,53,0,48,403,2017,0,0.0,12,,,,,,1,1,58,1,0.0,0.0,1,0,3,0,11,5,,,,,0.0,0.0,0.0,3.0,1,0,0.0,0.0,0.0,0,,,,,,0,,,,,,98226.0,53,69.0,225.0,6.0,1.0,0.0,0.0,0.0,0.0,0.0,0,,,,,,0,,,8,0,0,0,8.0,9,8,,,0,0.0,0.0,8,0,2.0,1.0,0.0,0.0,1.0,0.0,0.0,2,1,0.0,,,,,,,,,,,,,,,,,,,,,,,,,,,,,,0,0,0,0,1,1,1,1,0,0,0,0,0,1,0,0,0,0,0,1,0,0,0,0,0,0,0,0,0,1,0,0,0,0,0,,0,0,0,0,0,0,0,0,0,0,0,0,0,0,0,0,,,,,,56-60,56-65,Interstate,U,Friday,Belt Used,PV,Not Fatal,0,0,0,0,State Route,State Patrol,Washington State Patrol Headquarter,0,1,0,0,0,,,,,,,,,,,,,,,,,,,,,,,,,,,,,,,,,,,,,,,,,,,,98106
677,2017,457,0Tech &,1.0,10/17/2017,5:43,17,10,0.0,77,Yakima,0,10,0.0,6,1,8,1,1,2,2,,,,8,1,0,9999.9,1,0,1,5,1,2,4,0,0,0,0,CR-S WAPATO RD,,-120.417775,46.375711111,0,1,13,80,5,98,79,9,0,1,5,8,1,8,2,1,99,99,9,99,0,99,999,9999,0,0.0,8,,,,,,1,1,999,9,0.0,0.0,0,0,98,0,11,0,,,,,99.0,9.0,9.0,9.0,1,0,0.0,0.0,0.0,96,,,,,,99,,,,,,99999.0,99,,999.0,9.0,9.0,99.0,99.0,99.0,99.0,99.0,0,,,,,,0,,,98,0,0,0,8.0,9,8,,,0,0.0,0.0,8,8,0.0,0.0,0.0,0.0,0.0,0.0,0.0,0,0,996.0,,,,,,,,,,,,,,,,,,,,,,,,,,,,,,0,0,0,0,0,0,0,0,0,0,0,0,0,0,0,0,0,0,0,0,0,0,0,0,0,0,0,0,0,1,0,1,0,0,0,,0,0,0,0,0,0,0,0,0,0,0,0,0,0,0,0,,,,,,,,County road,R,Tuesday,Unknown,PV,Not Fatal,0,0,0,0,County Road,,,0,0,1,0,0,,,,,,,,,,,,,,,,,,,,,,,,,,,,,,,,,,,,,,,,,,,,98951
678,2017,457,0Tech &,1.0,10/17/2017,5:43,17,10,0.0,77,Yakima,0,10,0.0,6,1,8,1,1,2,2,,,,8,0,0,9999.9,1,0,1,5,1,2,4,0,0,0,0,CR-S WAPATO RD,,-120.417775,46.375711111,0,2,98,80,5,98,4,0,0,1,5,8,1,9,2,1,1,1,2,53,0,12,37,2006,0,0.0,8,,,,,,1,1,44,1,0.0,0.0,0,0,3,0,11,0,,,,,0.0,0.0,0.0,3.0,1,0,0.0,0.0,0.0,0,,,,,,0,,,,,,98948.0,53,70.0,234.0,6.0,1.0,0.0,2.0,0.0,0.0,0.0,0,,,,,,0,03/15/2013,03/15/2016,20,0,0,0,8.0,3,2,,,0,0.0,0.0,0,0,0.0,0.0,0.0,0.0,0.0,0.0,0.0,0,0,996.0,,,,,,,,,,,,,,,,,,,,,,,,,,,,,,0,0,0,0,0,0,0,0,0,0,0,0,0,0,0,0,0,0,0,0,0,0,0,0,0,0,0,0,0,1,0,1,0,0,0,,0,0,0,0,0,0,0,0,0,0,0,0,0,0,0,0,,,,,,41-45,36-45,County road,R,Tuesday,Belt Used,PV,Not Fatal,0,0,0,0,County Road,,,0,0,1,0,0,,,,,,,,,,,,,,,,,,,,,,,,,,,,,,,,,,,,,,,,,,,,98951
679,2017,458,E728291,28.0,10/21/2017,9:33,21,10,0.0,39,Klickitat,0,1,0.0,1,2,2,1,0,1,1,,,,42,0,0,2.0,1,0,1,6,1,2,4,0,0,0,0,CR-WOODLAND LP,,-120.7295167,45.864180556,0,1,1,13,2,40,34,0,0,1,2,42,2,2,2,1,14,1,2,53,0,12,481,1995,0,0.0,68,63.0,42.0,,,,1,1,37,1,7.0,3.0,4,0,3,0,11,5,11/13/2017,9:45,165041032381.0,,0.0,0.0,0.0,0.0,1,0,0.0,0.0,0.0,92,,,,,,99,,,,,,97408.0,41,70.0,220.0,0.0,0.0,0.0,0.0,0.0,0.0,2.0,0,,,,,,4,02/15/2016,03/15/2017,20,0,0,1,0.0,9,8,,,0,0.0,0.0,8,9,0.0,0.0,0.0,0.0,0.0,0.0,0.0,0,0,996.0,,,,,,,,,,,,,,,,,,,,,,,,,,,,,,0,0,1,0,0,0,0,0,0,0,0,0,1,1,0,0,1,0,0,0,0,0,0,0,0,0,0,0,0,0,0,0,0,0,0,,0,0,0,0,0,0,0,0,1,1,0,1,0,0,0,0,,,,,,36-40,36-45,County road,R,Saturday,Belt Used,PV,AIAN,0,1,0,0,County Road,County Sheriff,Klickitat County Sheriff's Office,1,0,1,0,0,,,,,,,,,,,,,,,,,,,,,,,,,,,,,,,,,,,,,,,,,,,,98620
680,2017,459,E733425,26.0,10/31/2017,8:00,31,10,0.0,35,Kitsap,0,99,0.0,9,99,2,1,0,1,1,,,,18,0,0,0.9,1,0,1,7,1,2,4,0,0,0,0,CR-FAGERUD RD SE,,-122.5834917,47.425375,0,1,6,12,2,35,4,0,0,1,2,18,2,1,2,1,14,1,1,53,0,20,25,2014,0,0.0,68,64.0,18.0,,,,1,1,89,2,7.0,1.0,4,7,3,0,11,0,10/31/2017,8:00,53047708.0,47708.0,0.0,0.0,1.0,3.0,1,0,0.0,0.0,0.0,92,,,,,,99,,,,,,98359.0,53,62.0,122.0,6.0,1.0,0.0,0.0,0.0,0.0,0.0,0,,,,,,0,,,1,0,0,1,0.0,9,8,,,0,0.0,0.0,8,9,2.0,1.0,0.0,0.0,1.0,0.0,0.0,2,1,0.0,,,,,,,,,,,,,,,,,,,,,,,,,,,,,,0,0,1,0,0,0,0,0,0,0,0,0,0,0,0,0,1,0,0,0,0,0,0,0,0,1,1,1,0,1,0,0,0,0,0,,1,0,0,0,0,0,0,0,1,0,0,0,0,0,0,0,,,,,,81+,76+,County road,R,Tuesday,Belt Used,PV,White,0,1,0,0,County Road,County Sheriff,Kitsap County Sheriff's Office,1,0,1,0,0,,,,,,,,,,,,,,,,,,,,,,,,,,,,,,,,,,,,,,,,,,,,98359
681,2017,460,E731150,32.0,10/14/2017,14:00,14,10,0.0,47,Okanogan,0,10,0.0,1,11,4,1,0,2,1,14:31,15:24,16:41,1,0,0,0.5,1,0,1,96,6,96,8,0,0,0,0,US FS RD 33,,-119.0244861,48.812761111,0,1,2,13,2,98,90,0,0,1,5,1,3,8,8,8,14,2,2,53,0,98,739,9999,0,0.0,63,1.0,,,,,1,1,16,2,1.0,1.0,4,0,19,0,11,1,10/14/2017,16:42,53045056.0,45056.0,0.0,0.0,0.0,1.0,1,0,0.0,0.0,0.0,96,,,,,,99,,,,,,98823.0,53,67.0,140.0,6.0,7.0,0.0,0.0,0.0,0.0,0.0,0,,,,,,4,,,20,1,9,0,0.0,9,8,,,0,0.0,0.0,8,9,2.0,1.0,0.0,0.0,1.0,0.0,0.0,2,1,0.0,,,,,,,,,,,,,,,,,,,,,,,,,,,,,,0,0,0,0,0,0,0,0,0,0,0,0,1,0,0,0,0,0,0,0,1,0,1,0,1,0,0,0,0,0,0,0,0,0,0,,0,0,0,0,0,0,0,0,0,1,0,0,0,0,0,0,,,,,,16-17,16-25,Other,,Saturday,,OTHVT,Hispanic,0,1,0,0,Other,County Sheriff,Okanogan County Sheriff's Office,1,0,0,0,1,,,,,,,,,,,,,,,,,,,,,,,,,,,,,,,,,,,,,,,,,,,,98855
682,2017,461,E720750,266.0,10/06/2017,13:23,6,10,0.0,77,Yakima,1980,1,0.0,1,1,2,1,1,1,1,,,,8,0,0,0.0,3,0,2,4,2,4,6,0,0,2,3,N 1ST ST,FREMONT AVE,-120.5305417,46.655955556,0,1,13,80,5,25,15,0,0,1,5,8,1,1,3,3,10,1,1,53,0,13,421,1998,0,0.0,8,,,,,,1,1,86,1,0.0,0.0,0,0,3,0,11,0,,,,,0.0,0.0,3.0,3.0,1,38,0.0,0.0,0.0,96,,,,,,99,,,,,,98901.0,53,64.0,185.0,6.0,1.0,0.0,0.0,0.0,0.0,0.0,46,,,,,,0,,,20,0,0,0,8.0,9,8,,,0,0.0,0.0,8,0,0.0,0.0,0.0,0.0,0.0,0.0,0.0,0,0,996.0,,,,,,,,,,,,,,,,,,,,,,,,,,,,,,0,0,0,1,0,0,0,0,0,0,0,0,0,0,0,0,0,0,1,0,0,0,0,0,0,1,1,1,0,1,0,1,0,0,0,,0,0,0,0,0,0,0,0,0,0,1,0,0,0,0,0,,,,,,81+,76+,City street,U,Friday,Belt Used,PV,Not Fatal,1,0,0,0,City Street,Municipal/City Police,Selah Police Department,0,0,0,1,0,,,,,,,,,,,,,,,,,,,,,,,,,,,,,,,,,,,,,,,,,,,,98942
683,2017,462,3659769,344.0,10/23/2017,16:15,23,10,0.0,77,Yakima,0,1,0.0,1,1,2,1,0,4,2,16:13,16:38,17:17,12,0,6,2.8,2,0,2,5,1,2,4,0,3,20,3,CR-BRANCH RD,CAMPBELL RD,-120.4380611,46.44795,0,1,88,17,2,50,4,0,0,1,2,12,1,1,2,1,1,2,2,53,0,37,32,1995,0,0.0,12,,,,,,1,1,31,2,0.0,0.0,3,0,20,0,11,8,,,,,0.0,0.0,0.0,2.0,1,39,0.0,0.0,0.0,93,,,,,,99,,,,,,98903.0,53,66.0,180.0,1.0,1.0,0.0,0.0,0.0,0.0,1.0,97,,,,,,3,05/15/2014,05/15/2014,1,1,9,0,8.0,9,8,,,0,0.0,0.0,8,9,2.0,417.0,0.0,0.0,1.0,0.0,0.0,2,1,0.05,,,,,,,,,,,,,,,,,,,,,,,,,,,,,,0,0,0,1,1,0,1,1,0,0,0,0,1,1,0,0,1,0,0,0,0,0,0,0,0,0,0,0,0,1,0,0,0,0,0,,0,0,0,0,1,0,1,1,1,1,0,1,0,0,0,1,,,,,,31-35,26-35,County road,R,Monday,Not Used,PV,Not Fatal,1,0,0,0,County Road,Other Law Enforcement,Yakama Tribal Police Department,0,0,1,0,0,,,,,,,,,,,,,,,,,,,,,,,,,,,,,,,,,,,,,,,,,,,,98951
684,2017,462,3659769,344.0,10/23/2017,16:15,23,10,0.0,77,Yakima,0,1,0.0,1,1,2,1,0,4,2,16:13,16:38,17:17,12,0,6,2.8,2,0,2,5,1,2,4,0,3,0,0,CR-BRANCH RD,CAMPBELL RD,-120.4380611,46.44795,0,2,89,66,4,50,34,0,0,1,2,1,1,1,2,1,1,2,1,53,0,12,481,2008,0,0.0,12,63.0,1.0,,,,1,1,61,1,0.0,0.0,3,0,3,0,11,8,,,,,0.0,0.0,3.0,3.0,1,0,0.0,0.0,0.0,0,,,,,,0,,,,,,98953.0,53,65.0,175.0,6.0,1.0,0.0,0.0,0.0,0.0,0.0,0,,,,,,0,,,1,0,0,0,8.0,9,8,,,0,0.0,0.0,8,9,0.0,0.0,0.0,0.0,0.0,0.0,0.0,0,0,996.0,,,,,,,,,,,,,,,,,,,,,,,,,,,,,,0,0,0,1,1,0,1,1,0,0,0,0,1,1,0,0,1,0,0,0,0,0,0,0,0,0,0,0,0,1,0,0,0,0,0,,0,0,0,0,0,0,0,0,0,0,0,0,0,0,0,0,,,,,,61-65,56-65,County road,R,Monday,Belt Used,PV,Not Fatal,1,0,0,0,County Road,Other Law Enforcement,Yakama Tribal Police Department,0,0,1,0,0,,,,,,,,,,,,,,,,,,,,,,,,,,,,,,,,,,,,,,,,,,,,98951
685,2017,463,E731718,127.0,11/02/2017,23:58,2,11,0.0,33,King,735,99,0.0,3,2,2,1,1,1,1,,,,8,1,0,0.0,1,0,1,4,2,4,6,0,0,0,0,1 WAY S,,-122.3340139,47.305169444,0,1,13,80,5,98,99,0,0,1,5,8,1,2,5,1,1,99,9,99,0,99,999,9999,0,0.0,8,,,,,,1,1,999,9,0.0,0.0,0,0,99,0,11,0,,,,,99.0,9.0,9.0,9.0,1,0,0.0,0.0,0.0,99,,,,,,99,,,,,,99999.0,99,,999.0,9.0,9.0,99.0,99.0,99.0,99.0,99.0,0,,,,,,9,,,99,0,0,0,8.0,9,8,,,0,0.0,0.0,9,9,0.0,0.0,0.0,0.0,0.0,0.0,0.0,0,0,996.0,,,,,,,,,,,,,,,,,,,,,,,,,,,,,,0,0,0,0,0,0,0,0,0,1,1,1,0,0,0,0,0,0,0,0,0,0,0,0,0,0,0,0,0,0,0,1,0,0,0,,0,0,0,0,0,0,0,0,0,0,0,0,0,0,0,0,,,,,,,,City street,U,Thursday,,NR-U,Not Fatal,0,0,0,0,City Street,Municipal/City Police,Federal Way Dept of Public Safety,0,0,0,1,0,,,,,,,,,,,,,,,,,,,,,,,,,,,,,,,,,,,,,,,,,,,,98063
686,2017,464,E745012,3.0,11/02/2017,13:27,2,11,0.0,53,Pierce,0,1,0.0,1,1,2,2,0,3,2,,,,12,0,2,0.1,1,0,1,1,2,1,1,0,0,0,0,I-5 RAMP R111933,,-122.6296,47.091419444,0,1,50,54,3,60,14,0,0,1,2,12,1,2,3,3,1,1,1,53,0,20,404,2005,0,0.0,12,,,,,,1,1,46,2,0.0,0.0,3,0,3,0,11,4,,,,,0.0,0.0,0.0,3.0,1,51,0.0,0.0,0.0,93,,,,,,0,,,,,,98003.0,53,72.0,260.0,6.0,1.0,0.0,0.0,0.0,0.0,0.0,2,,,,,,0,,,8,0,0,0,8.0,9,8,,,0,0.0,0.0,8,0,0.0,0.0,0.0,0.0,0.0,0.0,0.0,0,0,996.0,,,,,,,,,,,,,,,,,,,,,,,,,,,,,,0,0,0,0,0,0,0,0,0,0,0,0,0,0,0,0,1,0,0,0,0,0,0,0,0,1,1,1,0,1,0,0,0,0,0,,0,0,0,0,0,0,0,0,1,0,0,0,0,0,0,0,,,,,,46-50,46-55,Interstate,U,Thursday,Belt Used,PV,Not Fatal,0,0,0,1,State Route,State Patrol,Washington State Patrol Headquarter,0,1,0,0,0,,,,,,,,,,,,,,,,,,,,,,,,,,,,,,,,,,,,,,,,,,,,98327
687,2017,464,E745012,3.0,11/02/2017,13:27,2,11,0.0,53,Pierce,0,1,0.0,1,1,2,2,0,3,2,,,,12,0,2,0.1,1,0,1,1,2,1,1,0,0,0,0,I-5 RAMP R111933,,-122.6296,47.091419444,0,2,51,54,3,60,6,0,0,1,2,12,1,2,3,3,1,2,1,53,0,53,33,2003,0,0.0,12,,,,,,1,1,82,1,7.0,1.0,4,0,3,0,11,4,11/08/2017,13:38,223053048334.0,48334.0,0.0,0.0,0.0,3.0,1,0,0.0,0.0,0.0,0,,,,,,0,,,,,,98327.0,53,69.0,185.0,6.0,1.0,0.0,0.0,0.0,0.0,0.0,0,,,,,,0,,,8,0,0,0,0.0,9,8,,,0,0.0,0.0,8,0,0.0,0.0,0.0,0.0,0.0,0.0,0.0,0,0,996.0,,,,,,,,,,,,,,,,,,,,,,,,,,,,,,0,0,0,0,0,0,0,0,0,0,0,0,0,0,0,0,1,0,0,0,0,0,0,0,0,1,1,1,0,1,0,0,0,0,0,,1,0,0,0,0,0,0,0,0,0,0,0,0,0,0,0,,,,,,81+,76+,Interstate,U,Thursday,Belt Used,PV,White,0,0,0,1,State Route,State Patrol,Washington State Patrol Headquarter,0,1,0,0,0,,,,,,,,,,,,,,,,,,,,,,,,,,,,,,,,,,,,,,,,,,,,98327
688,2017,465,E734615,8.0,11/05/2017,16:53,5,11,0.0,45,Mason,0,10,0.0,5,2,2,1,0,2,2,,,,12,0,2,0.6,1,0,1,3,2,1,3,0,0,0,0,SR-3,,-123.0992722,47.187775,0,1,50,10,2,40,4,0,0,1,2,12,2,2,2,1,14,1,1,53,0,63,38,2017,0,0.0,63,12.0,,,,,1,1,55,1,0.0,0.0,3,0,3,0,11,5,,,,,0.0,0.0,0.0,3.0,1,28,0.0,0.0,0.0,96,,,,,,9,,,,,,98584.0,53,70.0,180.0,6.0,1.0,0.0,0.0,0.0,1.0,0.0,97,,,,,,0,03/15/2013,03/15/2013,8,0,0,0,8.0,9,8,,,0,0.0,0.0,8,1,2.0,1.0,0.0,0.0,1.0,0.0,0.0,2,1,0.38,,,,,,,,,,,,,,,,,,,,,,,,,,,,,,0,0,0,0,1,1,1,1,0,0,0,0,0,1,0,0,0,0,0,0,0,0,0,0,0,0,0,0,0,1,0,0,0,0,0,,0,0,0,0,0,1,0,1,0,0,0,0,0,1,0,1,,,,,,51-55,46-55,State route,U,Sunday,Belt Used,PV,Not Fatal,0,1,1,0,State Route,State Patrol,Washington State Patrol Headquarter,0,1,0,0,0,,,,,,,,,,,,,,,,,,,,,,,,,,,,,,,,,,,,,,,,,,,,98584
689,2017,465,E734615,8.0,11/05/2017,16:53,5,11,0.0,45,Mason,0,10,0.0,5,2,2,1,0,2,2,,,,12,0,2,0.6,1,0,1,3,2,1,3,0,0,0,0,SR-3,,-123.0992722,47.187775,0,2,51,62,4,40,4,0,0,1,2,12,3,2,2,1,14,1,1,53,0,22,16,2001,0,0.0,12,,,,,,1,1,57,2,7.0,1.0,4,7,3,0,11,0,11/05/2017,16:54,200053047757.0,47757.0,0.0,0.0,0.0,0.0,1,0,0.0,0.0,0.0,0,,,,,,0,,,,,,98367.0,53,63.0,140.0,0.0,0.0,0.0,0.0,0.0,0.0,0.0,0,,,,,,0,,,1,0,0,0,0.0,9,8,,,0,0.0,0.0,8,9,2.0,401.0,417.0,0.0,1.0,1.0,0.0,2,1,0.0,,,,,,,,,,,,,,,,,,,,,,,,,,,,,,0,0,0,0,1,1,1,1,0,0,0,0,0,1,0,0,0,0,0,0,0,0,0,0,0,0,0,0,0,1,0,0,0,0,0,,1,0,0,0,0,0,1,1,0,0,0,1,0,0,1,0,,,,,,56-60,56-65,State route,U,Sunday,Belt Used,PV,White,0,1,1,0,State Route,State Patrol,Washington State Patrol Headquarter,0,1,0,0,0,,,,,,,,,,,,,,,,,,,,,,,,,,,,,,,,,,,,,,,,,,,,98584
690,2017,466,E759193,2.0,11/05/2017,1:04,5,11,0.0,61,Snohomish,690,2,0.0,2,2,2,1,0,1,1,1:10,1:57,,25,0,0,190.7,1,0,1,1,2,1,1,0,0,0,0,I-5,,-122.2015111,47.927466667,0,1,7,6,1,60,6,0,0,1,2,1,2,4,5,3,14,1,1,53,0,49,47,2007,0,0.0,64,25.0,1.0,25.0,,,1,1,42,1,7.0,7.0,4,7,3,0,11,0,11/05/2017,1:30,69053048242.0,48242.0,0.0,0.0,0.0,3.0,1,0,0.0,0.0,0.0,96,,,,,,99,,,,,,98037.0,53,66.0,250.0,6.0,1.0,0.0,0.0,1.0,1.0,0.0,0,,,,,,4,05/15/2015,04/15/2017,1,0,0,0,0.0,9,8,,,0,0.0,0.0,8,9,2.0,401.0,417.0,0.0,1.0,1.0,0.0,2,1,0.065,,,,,,,,,,,,,,,,,,,,,,,,,,,,,,0,0,0,0,1,0,1,1,0,0,0,0,1,0,0,0,0,0,0,0,0,0,0,0,0,0,0,0,0,1,0,0,0,0,0,,1,0,0,0,1,0,1,1,0,1,0,0,0,0,0,1,,,,,,41-45,36-45,Interstate,U,Sunday,Belt Used,PV,API,0,1,0,0,State Route,State Patrol,Washington State Patrol Headquarter,1,1,0,0,0,,,,,,,,,,,,,,,,,,,,,,,,,,,,,,,,,,,,,,,,,,,,98203