,year,case,par,repjur,crash_dt,crash_tm,accday,accmon,holiday,county,co_char,city,weather,weather2,lightcond,surfcond,surftype,numfatal,nmforms,pforms,vforms,not_tm,arr_tm,hosp_tm,fhevent,hitrun,manncol,milepnt,reljunc,reljuncinter,intersectiontype,funcsystem,landuse,ownership,route,schlbus,spejur,contdev,devfunc,trafid1,trafid2,x,y,wk_zone,vnumber,crashtype,criticalevent,criticaleventcat,spdlim,body,trailer,emerg,hazcargo,leave,mhevent,roadalgn,roadprof,traflane,trafflow,vehmanvr,numoccs,regowner,regstate,spuse,make,model,modelyr,vrf1,vrf2,seqevent1,seqevent2,seqevent3,seqevent4,seqevent5,seqevent6,pnumber,ptype,age,sex,hispanic,race,injury,diedscene,restraint,restraintmisuse,seatpos,takehosp,death_dt,death_tm,cert,cernum_wa,commlic,licendor,licrestrict,liccomp,drivpres,drf1,drf2,drf3,drf4,distract1,distract2,distract3,distract4,distract5,distract6,dricond1,dricond2,dricond3,dricond4,dricond5,dricond6,dzip,licstate,drhgt_in,weight,noncdl,noncdltype,prevdwi,prevoth,prevacc,prevspd,prevsus,driviol1,driviol2,driviol3,driviol4,driviol5,driviol6,spdrel,first_dt,last_dt,airbag,ejection,ejectpath,extricat,injurwrk,methalc,methdrug,nmlocat,strikveh,prf1,prf2,prf3,druginv,alcinvol,drugsts,drugres1,drugres2,drugres3,drugtst1,drugtst2,drugtst3,alcsts,alctst,alcres,nmact1,nmact2,nmact3,nmact4,nmact5,nmact6,nmprior1,nmprior2,nmprior3,nmprior4,nmprior5,nmprior6,nmcond1,nmcond2,nmcond3,nmcond4,nmcond5,nmcond6,nmsafe_helmet,nmsafe_pads,nmsafe_oth,nmprev_ref,nmprev_lgt,nmprev_oth,crashlocation,nmcrashtype,crosswalk,schoolzone,sidewalk,train_inv,wildlife_inv,rotr_fars,intersect_fars,dd_inv,aid_inv,dpd_inv,id_inv,mj_inv,impnm_inv,ainm_inv,dpnm_inv,speed_inv,unlic_inv,unendmc_inv,drowsy_inv,drdist_inv,nmdist_inv,fty_inv,unrestfat_inv,dr1617_inv,dr1820_inv,dr1620_inv,dr2125_inv,dr1625_inv,dr65_inv,dr70_inv,dr75_inv,mc_inv,pv_inv,ht_inv,ped_inv,bike_inv,unrest_fat,mc_fat,unhelmet_mc,pv_fat,ht_fat,ped_fat,bike_fat,dr_alc7,dr_alc8,dr_drug,dr_imp,dr_dist,dr_spd,dr_fty,dr_unlic,dr_alc7only,dr_alc8only,dr_drugonly,dr_drink,nm_imp,nm_alc7,nm_alc8,nm_drug,nm_dist,agegrp1,agegrp2,roadclass,urbrur,dayweek,restuse,vehtype,race_me,intersect,lanedep,oppdir,wrongway,rep_typ,investag,repag_long,rotr,st_rd,cty_rd,city_rd,oth_rd,drug_thc,thc_res,drug_cthc,cthc_res,drug_cann,prevpersemin,prevperse,prevsusoth,drugtst4,drugtst5,drugtst6,drugtst7,drugtst8,drugres4,drugres5,drugres6,drugres7,drugres8,adspresent,adsengaged,adslevel,race1,race2,race3,race4,race5,helmet,helmetmisuse,nmdistract1,nmdistract2,nmdistract3,nmdistract4,nmdistract5,nmdistract6,lab,isedtcase,crf1,crf2,crf3,CoRoadName,CoMP,IntCoRoadName,IntCoMP,zipcode
691,2017,467,E732281,7.0,11/01/2017,9:16,1,11,0.0,33,King,0,2,0.0,1,2,2,1,0,4,3,8:52,9:05,9:58,12,0,1,3.6,2,0,2,3,1,1,3,0,0,0,0,SR-169,SE 383RD ST,-121.9882861,47.255894444,0,1,20,50,3,50,14,0,0,1,2,12,1,1,2,1,1,1,1,53,0,48,401,2007,0,0.0,12,,,,,,1,1,66,2,0.0,0.0,0,0,3,0,11,0,,,,,0.0,0.0,3.0,3.0,1,0,0.0,0.0,0.0,93,,,,,,0,,,,,,98022.0,53,62.0,130.0,6.0,1.0,0.0,0.0,0.0,0.0,0.0,97,,,,,,4,,,20,0,0,0,8.0,9,8,,,0,0.0,0.0,8,0,2.0,1.0,0.0,0.0,1.0,0.0,0.0,2,1,0.0,,,,,,,,,,,,,,,,,,,,,,,,,,,,,,0,0,0,1,0,0,0,0,0,0,0,0,1,0,0,0,1,0,0,0,0,0,0,0,0,1,0,0,0,1,1,0,0,0,0,,0,0,0,0,0,0,0,0,1,1,0,0,0,0,0,0,,,,,,66-70,66-75,State route,R,Wednesday,Belt Used,PV,Not Fatal,1,0,0,0,State Route,State Patrol,Washington State Patrol Headquarter,0,1,0,0,0,,,,,,,,,,,,,,,,,,,,,,,,,,,,,,,,,,,,,,,,,,,,98022
692,2017,467,E732281,7.0,11/01/2017,9:16,1,11,0.0,33,King,0,2,0.0,1,2,2,1,0,4,3,8:52,9:05,9:58,12,0,1,3.6,2,0,2,3,1,1,3,0,0,0,0,SR-169,SE 383RD ST,-121.9882861,47.255894444,0,2,21,53,3,50,5,0,0,1,2,12,1,1,2,1,5,2,1,53,0,37,39,2009,0,0.0,12,68.0,12.0,12.0,,,1,1,26,2,0.0,0.0,1,0,20,0,11,5,,,,,0.0,0.0,0.0,3.0,1,0,0.0,0.0,0.0,0,,,,,,0,,,,,,98022.0,53,61.0,120.0,6.0,1.0,0.0,6.0,4.0,4.0,0.0,0,,,,,,0,04/15/2014,08/15/2017,20,0,0,0,8.0,9,8,,,0,0.0,0.0,8,0,0.0,0.0,0.0,0.0,0.0,0.0,0.0,0,0,996.0,,,,,,,,,,,,,,,,,,,,,,,,,,,,,,0,0,0,1,0,0,0,0,0,0,0,0,1,0,0,0,1,0,0,0,0,0,0,0,0,1,0,0,0,1,1,0,0,0,0,,0,0,0,0,0,0,0,0,0,0,0,0,0,0,0,0,,,,,,26-30,26-35,State route,R,Wednesday,Not Used,PV,Not Fatal,1,0,0,0,State Route,State Patrol,Washington State Patrol Headquarter,0,1,0,0,0,,,,,,,,,,,,,,,,,,,,,,,,,,,,,,,,,,,,,,,,,,,,98022
693,2017,467,E732281,7.0,11/01/2017,9:16,1,11,0.0,33,King,0,2,0.0,1,2,2,1,0,4,3,8:52,9:05,9:58,12,0,1,3.6,2,0,2,3,1,1,3,0,0,0,0,SR-169,SE 383RD ST,-121.9882861,47.255894444,0,3,98,62,4,50,66,1,0,1,5,12,1,1,2,1,1,1,3,53,0,87,884,2003,0,0.0,12,12.0,,,,,1,1,54,1,0.0,0.0,0,0,3,0,11,0,,,,,6.0,1.0,3.0,3.0,1,0,0.0,0.0,0.0,0,,,,,,0,,,,,,98383.0,53,71.0,205.0,6.0,1.0,0.0,0.0,0.0,0.0,0.0,0,,,,,,0,,,20,0,0,0,8.0,9,8,,,0,0.0,0.0,8,0,0.0,0.0,0.0,0.0,0.0,0.0,0.0,0,0,996.0,,,,,,,,,,,,,,,,,,,,,,,,,,,,,,0,0,0,1,0,0,0,0,0,0,0,0,1,0,0,0,1,0,0,0,0,0,0,0,0,1,0,0,0,1,1,0,0,0,0,,0,0,0,0,0,0,0,0,0,0,0,0,0,0,0,0,,,,,,51-55,46-55,State route,R,Wednesday,,MHTRUCK,Not Fatal,1,0,0,0,State Route,State Patrol,Washington State Patrol Headquarter,0,1,0,0,0,,,,,,,,,,,,,,,,,,,,,,,,,,,,,,,,,,,,,,,,,,,,98022
694,2017,468,E734043,278.0,11/11/2017,20:35,11,11,0.0,63,Spokane,2110,1,0.0,3,1,2,1,1,1,1,,,,8,1,0,0.0,3,0,3,5,2,4,6,0,0,0,0,E HOLLAND AVE,N COLTON ST,-117.406125,47.743941667,0,1,13,80,5,30,99,0,0,1,5,8,1,1,5,1,1,99,9,99,0,99,999,9999,0,0.0,8,,,,,,1,1,999,9,0.0,0.0,0,0,99,0,11,0,,,,,99.0,9.0,9.0,9.0,1,0,0.0,0.0,0.0,99,,,,,,99,,,,,,99999.0,99,,999.0,9.0,9.0,99.0,99.0,99.0,99.0,99.0,0,,,,,,0,,,99,0,0,0,8.0,9,8,,,0,0.0,0.0,9,9,0.0,0.0,0.0,0.0,0.0,0.0,0.0,0,0,996.0,,,,,,,,,,,,,,,,,,,,,,,,,,,,,,0,0,0,1,0,0,0,0,0,1,0,1,0,0,0,0,0,0,0,0,0,0,0,0,0,0,0,0,0,0,0,1,0,0,0,,0,0,0,0,0,0,0,0,0,0,0,0,0,0,0,0,,,,,,,,City street,U,Saturday,,NR-U,Not Fatal,1,0,0,0,City Street,Municipal/City Police,Spokane Police Department,0,0,0,1,0,,,,,,,,,,,,,,,,,,,,,,,,,,,,,,,,,,,,,,,,,,,,99218
695,2017,469,E738290,2.0,11/05/2017,14:45,5,11,0.0,61,Snohomish,0,10,0.0,1,2,2,1,0,7,3,14:43,15:11,15:42,12,0,1,22.2,8,0,1,4,1,1,3,0,0,0,0,SR-203,,-121.9702806,47.829063889,0,1,20,50,3,55,61,0,0,1,2,12,1,1,2,1,1,1,3,53,0,7,881,2001,0,0.0,12,,,,,,1,1,48,1,0.0,0.0,0,0,3,0,11,0,,,,,6.0,9.0,0.0,3.0,1,0,0.0,0.0,0.0,12,,,,,,0,,,,,,98248.0,53,71.0,235.0,6.0,1.0,1.0,0.0,0.0,0.0,1.0,97,,,,,,4,04/15/2013,07/15/2013,20,0,0,0,8.0,9,8,,,0,0.0,0.0,8,0,2.0,1.0,0.0,0.0,1.0,0.0,0.0,2,1,0.0,,,,,,,,,,,,,,,,,,,,,,,,,,,,,,0,0,0,0,0,0,0,0,0,0,0,0,1,0,0,0,1,0,0,0,0,1,1,0,1,1,1,1,0,1,1,0,0,0,0,,0,0,0,0,0,0,0,0,1,1,0,0,0,0,0,0,,,,,,46-50,46-55,State route,R,Sunday,,MHTRUCK,Not Fatal,0,0,0,0,State Route,State Patrol,Washington State Patrol Headquarter,0,1,0,0,0,,,,,,,,,,,,,,,,,,,,,,,,,,,,,,,,,,,,,,,,,,,,98272
696,2017,469,E738290,2.0,11/05/2017,14:45,5,11,0.0,61,Snohomish,0,10,0.0,1,2,2,1,0,7,3,14:43,15:11,15:42,12,0,1,22.2,8,0,1,4,1,1,3,0,0,0,0,SR-203,,-121.9702806,47.829063889,0,2,21,53,3,55,14,0,0,1,2,12,1,1,2,1,5,2,1,53,0,49,499,1981,0,0.0,12,68.0,12.0,,,,1,1,79,1,7.0,1.0,4,0,3,0,11,4,11/05/2017,15:36,53048118.0,48118.0,6.0,0.0,3.0,3.0,1,0,0.0,0.0,0.0,0,,,,,,0,,,,,,98272.0,53,70.0,190.0,6.0,1.0,0.0,1.0,0.0,0.0,0.0,0,,,,,,0,12/15/2012,12/15/2012,20,0,0,0,0.0,9,8,,,0,0.0,0.0,8,0,2.0,1.0,0.0,0.0,1.0,0.0,0.0,2,1,0.0,,,,,,,,,,,,,,,,,,,,,,,,,,,,,,0,0,0,0,0,0,0,0,0,0,0,0,1,0,0,0,1,0,0,0,0,1,1,0,1,1,1,1,0,1,1,0,0,0,0,,1,0,0,0,0,0,0,0,0,0,0,0,0,0,0,0,,,,,,76-80,76+,State route,R,Sunday,Belt Used,PV,White,0,0,0,0,State Route,State Patrol,Washington State Patrol Headquarter,0,1,0,0,0,,,,,,,,,,,,,,,,,,,,,,,,,,,,,,,,,,,,,,,,,,,,98272
697,2017,469,E738290,2.0,11/05/2017,14:45,5,11,0.0,61,Snohomish,0,10,0.0,1,2,2,1,0,7,3,14:43,15:11,15:42,12,0,1,22.2,8,0,1,4,1,1,3,0,0,0,0,SR-203,,-121.9702806,47.829063889,0,3,98,62,4,55,5,0,0,1,2,12,1,1,2,1,1,4,2,53,0,37,39,2008,0,0.0,12,,,,,,1,1,19,1,0.0,0.0,3,0,3,0,11,4,,,,,0.0,0.0,0.0,3.0,1,0,0.0,0.0,0.0,0,,,,,,0,,,,,,98027.0,53,70.0,185.0,6.0,1.0,0.0,0.0,0.0,1.0,0.0,0,,,,,,0,12/15/2016,12/15/2016,8,0,0,0,8.0,9,8,,,0,0.0,0.0,8,0,0.0,0.0,0.0,0.0,0.0,0.0,0.0,0,0,996.0,,,,,,,,,,,,,,,,,,,,,,,,,,,,,,0,0,0,0,0,0,0,0,0,0,0,0,1,0,0,0,1,0,0,0,0,1,1,0,1,1,1,1,0,1,1,0,0,0,0,,0,0,0,0,0,0,0,0,0,0,0,0,0,0,0,0,,,,,,18-20,16-25,State route,R,Sunday,Belt Used,PV,Not Fatal,0,0,0,0,State Route,State Patrol,Washington State Patrol Headquarter,0,1,0,0,0,,,,,,,,,,,,,,,,,,,,,,,,,,,,,,,,,,,,,,,,,,,,98272
698,2017,470,E732624,348.0,11/03/2017,18:15,3,11,0.0,33,King,1018,10,0.0,3,1,2,1,1,1,1,,,,8,0,0,0.0,1,0,1,4,2,4,6,0,0,0,0,80TH AVE NE,,-122.2336611,47.756677778,0,1,13,80,5,35,6,0,0,1,5,8,1,1,2,1,1,1,3,53,0,63,36,2008,0,0.0,8,,,,,,1,1,58,1,0.0,0.0,0,0,3,0,11,0,,,,,0.0,0.0,0.0,3.0,1,0,0.0,0.0,0.0,0,,,,,,0,,,,,,98028.0,53,67.0,155.0,6.0,1.0,0.0,2.0,1.0,1.0,0.0,0,,,,,,0,12/15/2012,12/15/2014,20,0,0,0,8.0,9,2,,,0,0.0,0.0,0,0,0.0,0.0,0.0,0.0,0.0,0.0,0.0,0,0,996.0,,,,,,,,,,,,,,,,,,,,,,,,,,,,,,0,0,0,0,0,0,0,0,0,1,0,1,0,0,0,0,0,0,0,0,0,0,0,0,0,0,0,0,0,1,0,1,0,0,0,,0,0,0,0,0,0,0,0,0,0,0,0,0,0,0,0,,,,,,56-60,56-65,City street,U,Friday,Belt Used,PV,Not Fatal,1,0,0,0,City Street,Municipal/City Police,Kenmore Police Dept,0,0,0,1,0,,,,,,,,,,,,,,,,,,,,,,,,,,,,,,,,,,,,,,,,,,,,98028
699,2017,471,E735207,3.0,11/09/2017,18:12,9,11,0.0,53,Pierce,0,2,0.0,3,2,2,1,1,1,1,18:10,18:14,,8,0,0,52.0,1,0,1,3,2,1,3,0,0,0,0,SR-7,,-122.4342111,47.162805556,0,1,13,80,5,35,14,0,0,1,5,8,1,1,5,5,1,1,1,53,0,2,404,1999,0,0.0,8,,,,,,1,1,49,1,0.0,0.0,0,0,3,0,11,0,,,,,0.0,0.0,3.0,2.0,1,0,0.0,0.0,0.0,0,,,,,,0,,,,,,98405.0,53,69.0,245.0,3.0,1.0,0.0,2.0,5.0,2.0,1.0,99,,,,,,0,02/15/2014,04/15/2017,20,0,0,0,8.0,9,8,,,0,0.0,0.0,8,0,9.0,999.0,0.0,0.0,9.0,0.0,0.0,9,99,999.0,,,,,,,,,,,,,,,,,,,,,,,,,,,,,,0,0,0,0,0,0,0,0,0,1,0,1,0,1,0,0,0,0,0,0,0,0,0,0,0,0,0,0,0,1,0,1,0,0,0,,0,0,0,0,0,0,0,0,0,0,0,1,0,0,0,0,,,,,,46-50,46-55,State route,U,Thursday,Belt Used,PV,Not Fatal,0,0,0,0,State Route,State Patrol,Washington State Patrol Headquarter,0,1,0,0,0,,,,,,,,,,,,,,,,,,,,,,,,,,,,,,,,,,,,,,,,,,,,98444
700,2017,472,E733004,4.0,11/01/2017,8:50,1,11,0.0,65,Stevens,0,3,0.0,1,2,2,1,0,2,2,9:32,10:12,11:12,12,0,6,243.9,2,0,2,3,1,1,2,0,0,0,0,US-395,SR-25,-118.07495,48.606322222,0,1,86,17,2,40,34,0,0,1,2,12,3,2,3,1,14,1,1,53,0,12,471,2009,0,0.0,12,,,,,,1,1,84,1,7.0,1.0,4,0,3,0,11,1,11/07/2017,13:00,211053050776.0,50776.0,0.0,0.0,0.0,3.0,1,0,0.0,0.0,0.0,93,,,,,,0,,,,,,99118.0,53,68.0,185.0,6.0,1.0,0.0,0.0,0.0,0.0,0.0,0,,,,,,0,,,1,0,0,0,0.0,9,8,,,0,0.0,0.0,8,0,0.0,0.0,0.0,0.0,0.0,0.0,0.0,0,0,996.0,,,,,,,,,,,,,,,,,,,,,,,,,,,,,,0,0,0,1,0,0,0,0,0,0,0,0,0,0,0,0,1,0,0,0,0,0,0,0,0,1,1,1,0,0,1,0,0,0,0,,0,0,0,0,0,0,0,0,1,0,0,0,0,0,0,0,,,,,,81+,76+,US highway,R,Wednesday,Belt Used,PV,White,1,0,0,0,State Route,State Patrol,Washington State Patrol Headquarter,0,1,0,0,0,,,,,,,,,,,,,,,,,,,,,,,,,,,,,,,,,,,,,,,,,,,,99141
701,2017,472,E733004,4.0,11/01/2017,8:50,1,11,0.0,65,Stevens,0,3,0.0,1,2,2,1,0,2,2,9:32,10:12,11:12,12,0,6,243.9,2,0,2,3,1,1,2,0,0,20,3,US-395,SR-25,-118.07495,48.606322222,0,2,87,66,4,55,66,2,0,1,5,12,8,8,2,1,3,1,3,53,0,85,881,2013,0,0.0,12,,,,,,1,1,61,1,0.0,0.0,0,0,3,0,11,0,,,,,6.0,1.0,0.0,3.0,1,0,0.0,0.0,0.0,0,,,,,,0,,,,,,99344.0,53,70.0,185.0,6.0,1.0,0.0,1.0,1.0,0.0,0.0,0,,,,,,0,08/15/2013,04/15/2016,20,0,0,0,8.0,9,8,,,0,0.0,0.0,8,0,0.0,0.0,0.0,0.0,0.0,0.0,0.0,0,0,996.0,,,,,,,,,,,,,,,,,,,,,,,,,,,,,,0,0,0,1,0,0,0,0,0,0,0,0,0,0,0,0,1,0,0,0,0,0,0,0,0,1,1,1,0,0,1,0,0,0,0,,0,0,0,0,0,0,0,0,0,0,0,0,0,0,0,0,,,,,,61-65,56-65,US highway,R,Wednesday,,MHTRUCK,Not Fatal,1,0,0,0,State Route,State Patrol,Washington State Patrol Headquarter,0,1,0,0,0,,,,,,,,,,,,,,,,,,,,,,,,,,,,,,,,,,,,,,,,,,,,99141
702,2017,473,E733846,278.0,11/11/2017,10:40,11,11,0.0,63,Spokane,2110,1,0.0,1,1,2,1,1,2,1,10:46,10:50,10:59,8,0,0,0.0,1,0,1,4,2,4,6,0,0,0,0,S HOWARD ST,,-117.4210556,47.656333333,0,1,13,9,1,25,4,0,0,1,2,8,1,1,2,1,9,2,1,53,0,55,35,2008,0,0.0,8,63.0,19.0,,,,1,1,34,2,0.0,0.0,0,0,20,0,11,0,,,,,0.0,0.0,0.0,3.0,1,0,0.0,0.0,0.0,12,,,,,,0,,,,,,99204.0,53,65.0,120.0,6.0,2.0,0.0,0.0,0.0,0.0,0.0,97,,,,,,0,,,20,0,0,0,8.0,9,2,,,0,0.0,0.0,0,0,0.0,0.0,0.0,0.0,0.0,0.0,0.0,0,0,996.0,,,,,,,,,,,,,,,,,,,,,,,,,,,,,,0,0,0,0,0,0,0,0,0,1,1,0,0,0,0,0,1,1,0,0,0,0,0,0,0,0,0,0,0,1,0,1,0,0,0,,0,0,0,0,0,0,0,0,1,0,0,0,0,0,0,0,,,,,,31-35,26-35,City street,U,Saturday,Not Used,PV,Not Fatal,0,0,0,0,City Street,Municipal/City Police,Spokane Police Department,0,0,0,1,0,,,,,,,,,,,,,,,,,,,,,,,,,,,,,,,,,,,,,,,,,,,,99201
703,2017,474,E735479,297.0,11/15/2017,2:19,15,11,0.0,33,King,2310,2,0.0,3,2,2,1,0,2,1,,,,25,0,0,0.0,19,1,1,3,2,4,6,0,0,3,3,INTERURBAN AVE SOUTH,SOUTHCENTER BLVD,-122.24615,47.464416667,0,1,98,10,2,35,3,0,0,1,2,50,1,1,6,3,1,2,2,53,0,36,38,2013,0,0.0,64,25.0,50.0,,,,1,1,22,1,7.0,78.0,4,7,3,0,11,0,11/15/2017,2:19,231053049914.0,49914.0,0.0,0.0,0.0,3.0,1,0,0.0,0.0,0.0,96,,,,,,9,,,,,,98030.0,53,64.0,135.0,6.0,1.0,0.0,0.0,0.0,0.0,0.0,0,,,,,,3,,,8,0,0,1,0.0,9,8,,,0,0.0,0.0,8,1,2.0,1.0,0.0,0.0,1.0,0.0,0.0,2,1,0.24,,,,,,,,,,,,,,,,,,,,,,,,,,,,,,0,0,0,0,1,1,0,1,0,0,0,0,1,0,0,0,0,0,0,0,0,0,0,1,1,0,0,0,0,1,0,0,0,0,0,,1,0,0,0,0,1,0,1,0,1,0,0,0,1,0,1,,,,,,21-25,16-25,City street,U,Wednesday,Belt Used,PV,API,0,1,0,0,State Route,Municipal/City Police,Tukwila Police Department,1,1,0,0,0,,,,,,,,,,,,,,,,,,,,,,,,,,,,,,,,,,,,,,,,,,,,98188
704,2017,475,E733876,26.0,11/09/2017,11:34,9,11,0.0,35,Kitsap,0,2,0.0,1,2,2,1,0,2,2,,,,24,0,0,0.3,1,0,1,4,2,2,4,0,0,0,0,CR-BROWNSVILLE HWY NE,,-122.6310028,47.648355556,0,1,7,12,2,35,2,0,0,1,2,12,2,1,2,1,14,1,2,51,0,34,39,1997,0,0.0,68,64.0,24.0,69.0,12.0,,1,1,18,1,7.0,1.0,4,7,20,0,11,0,11/09/2017,11:34,53048568.0,48568.0,0.0,0.0,3.0,3.0,1,28,0.0,0.0,0.0,6,,,,,,99,,,,,,22031.0,51,66.0,130.0,6.0,1.0,0.0,0.0,0.0,0.0,0.0,0,,,,,,0,,,1,0,0,0,0.0,9,8,,,0,0.0,0.0,8,9,2.0,387.0,0.0,0.0,1.0,0.0,0.0,2,1,0.0,,,,,,,,,,,,,,,,,,,,,,,,,,,,,,0,0,0,0,0,0,1,1,0,0,0,0,0,0,0,0,1,0,0,1,0,1,1,1,1,0,0,0,0,1,0,0,0,1,0,,1,0,0,0,0,0,1,1,1,0,0,0,0,0,1,0,,,,,,18-20,16-25,County road,U,Thursday,Not Used,PV,White,0,1,0,0,County Road,County Sheriff,Kitsap County Sheriff's Office,1,0,1,0,0,,,,,,,,,,,,,,,,,,,,,,,,,,,,,,,,,,,,,,,,,,,,98311
705,2017,475,E733876,26.0,11/09/2017,11:34,9,11,0.0,35,Kitsap,0,2,0.0,1,2,2,1,0,2,2,,,,24,0,0,0.3,1,0,1,4,2,2,4,0,0,0,0,CR-BROWNSVILLE HWY NE,,-122.6310028,47.648355556,0,2,98,62,4,35,2,0,0,1,2,12,3,1,2,1,14,1,1,53,0,58,37,2005,0,0.0,12,,,,,,1,1,22,1,0.0,0.0,1,0,20,0,11,8,,,,,0.0,0.0,0.0,3.0,1,0,0.0,0.0,0.0,0,,,,,,0,,,,,,98311.0,53,68.0,180.0,6.0,1.0,0.0,0.0,0.0,3.0,0.0,0,,,,,,0,06/15/2014,12/15/2016,8,0,0,0,8.0,9,8,,,0,0.0,0.0,8,0,0.0,0.0,0.0,0.0,0.0,0.0,0.0,0,0,996.0,,,,,,,,,,,,,,,,,,,,,,,,,,,,,,0,0,0,0,0,0,1,1,0,0,0,0,0,0,0,0,1,0,0,1,0,1,1,1,1,0,0,0,0,1,0,0,0,0,0,,0,0,0,0,0,0,0,0,0,0,0,0,0,0,0,0,,,,,,21-25,16-25,County road,U,Thursday,Not Used,PV,Not Fatal,0,1,0,0,County Road,County Sheriff,Kitsap County Sheriff's Office,1,0,1,0,0,,,,,,,,,,,,,,,,,,,,,,,,,,,,,,,,,,,,,,,,,,,,98311
706,2017,476,E737847,2.0,11/12/2017,23:40,12,11,0.0,61,Snohomish,690,1,0.0,2,2,1,1,1,5,5,23:38,0:05,,12,0,1,194.6,1,0,1,1,2,1,1,0,0,0,0,I-5,,-122.1831556,47.988833333,0,1,24,51,3,60,66,1,0,1,2,12,1,2,3,3,15,1,3,95,0,82,881,2015,0,0.0,12,8.0,14.0,14.0,12.0,,1,1,68,1,0.0,0.0,0,0,3,0,11,0,,,,,99.0,9.0,9.0,9.0,1,0,0.0,0.0,0.0,93,,,,,,0,,,,,,0.0,95,,999.0,9.0,9.0,99.0,99.0,99.0,99.0,99.0,97,,,,,,0,,,20,0,0,0,8.0,9,2,,,0,0.0,0.0,0,0,0.0,0.0,0.0,0.0,0.0,0.0,0.0,0,0,996.0,,,,,,,,,,,,,,,,,,,,,,,,,,,,,,0,0,0,0,1,1,1,1,1,0,0,0,0,0,0,0,1,0,0,1,0,0,0,0,0,1,0,0,0,1,1,1,0,0,0,,0,0,0,0,0,0,0,0,1,0,0,0,0,0,0,0,,,,,,66-70,66-75,Interstate,U,Sunday,,MHTRUCK,Not Fatal,0,0,0,0,State Route,State Patrol,Washington State Patrol Headquarter,0,1,0,0,0,,,,,,,,,,,,,,,,,,,,,,,,,,,,,,,,,,,,,,,,,,,,98201
707,2017,476,E737847,2.0,11/12/2017,23:40,12,11,0.0,61,Snohomish,690,1,0.0,2,2,1,1,1,5,5,23:38,0:05,,12,0,1,194.6,1,0,1,1,2,1,1,0,0,0,0,I-5,,-122.1831556,47.988833333,0,2,25,53,3,60,4,0,0,1,2,12,1,2,3,3,1,1,1,53,0,58,37,2007,0,0.0,12,,,,,,1,1,57,2,7.0,1.0,4,7,20,0,11,0,11/12/2017,23:40,69053049497.0,49497.0,0.0,0.0,0.0,3.0,1,0,0.0,0.0,0.0,96,,,,,,9,,,,,,98203.0,53,66.0,120.0,6.0,1.0,0.0,0.0,0.0,0.0,0.0,0,,,,,,0,,,1,1,9,0,0.0,1,8,,,0,0.0,0.0,8,1,2.0,605.0,0.0,0.0,1.0,0.0,0.0,2,1,0.14,,,,,,,,,,,,,,,,,,,,,,,,,,,,,,0,0,0,0,1,1,1,1,1,0,0,0,0,0,0,0,1,0,0,1,0,0,0,0,0,1,0,0,0,1,1,1,0,1,0,,1,0,0,0,0,1,1,1,0,0,0,0,0,0,0,1,,,,,,56-60,56-65,Interstate,U,Sunday,Not Used,PV,White,0,0,0,0,State Route,State Patrol,Washington State Patrol Headquarter,0,1,0,0,0,thc,33.0,carboxy-thc,96.0,,,,,,,,,,,,,,,,,,,,,,,,,,,,,,,,,,,,,,,,98201
708,2017,476,E737847,2.0,11/12/2017,23:40,12,11,0.0,61,Snohomish,690,1,0.0,2,2,1,1,1,5,5,23:38,0:05,,12,0,1,194.6,1,0,1,1,2,1,1,0,0,0,0,I-5,,-122.1831556,47.988833333,0,5,98,53,3,60,9,0,0,1,2,12,1,2,3,3,1,3,9,99,0,49,40,1998,0,0.0,12,,,,,,1,1,58,2,0.0,0.0,2,0,3,0,11,4,,,,,0.0,0.0,3.0,3.0,1,0,0.0,0.0,0.0,0,,,,,,0,,,,,,98133.0,53,62.0,150.0,6.0,1.0,0.0,0.0,0.0,0.0,0.0,0,,,,,,0,,,20,0,0,0,8.0,9,8,,,0,0.0,0.0,8,0,0.0,0.0,0.0,0.0,0.0,0.0,0.0,0,0,996.0,,,,,,,,,,,,,,,,,,,,,,,,,,,,,,0,0,0,0,1,1,1,1,1,0,0,0,0,0,0,0,1,0,0,1,0,0,0,0,0,1,0,0,0,1,1,1,0,0,0,,0,0,0,0,0,0,0,0,0,0,0,0,0,0,0,0,,,,,,56-60,56-65,Interstate,U,Sunday,Belt Used,PV,Not Fatal,0,0,0,0,State Route,State Patrol,Washington State Patrol Headquarter,0,1,0,0,0,,,,,,,,,,,,,,,,,,,,,,,,,,,,,,,,,,,,,,,,,,,,98201
709,2017,477,E738307,6.0,11/14/2017,12:57,14,11,0.0,37,Kittitas,0,10,0.0,1,1,2,1,0,2,2,12:59,13:07,,24,0,0,105.9,1,0,1,1,2,1,1,0,0,0,0,I-90,,-120.5699528,46.989047222,0,1,7,12,2,70,14,0,0,1,2,1,1,1,2,3,1,1,1,53,0,42,403,2014,0,0.0,64,24.0,67.0,35.0,1.0,12.0,1,1,54,2,7.0,1.0,4,7,3,0,11,0,11/14/2017,13:30,62053049466.0,49466.0,0.0,0.0,0.0,3.0,1,0,0.0,0.0,0.0,96,,,,,,9,,,,,,98902.0,53,65.0,125.0,6.0,1.0,0.0,0.0,0.0,1.0,0.0,0,,,,,,0,12/15/2016,12/15/2016,8,0,0,0,0.0,1,1,,,0,0.0,0.0,1,0,2.0,996.0,996.0,0.0,1.0,1.0,0.0,2,1,0.0,,,,,,,,,,,,,,,,,,,,,,,,,,,,,,0,0,0,0,0,0,1,1,0,0,0,0,0,0,0,0,0,0,0,0,0,0,0,0,0,0,0,0,0,1,1,0,0,0,0,,1,0,0,0,0,0,1,1,0,0,0,0,0,0,1,0,,,,,,51-55,46-55,Interstate,U,Tuesday,Belt Used,PV,White,0,1,0,0,State Route,State Patrol,Washington State Patrol Headquarter,1,1,0,0,0,,,,,,,,,,,,,,,,,,,,,,,,,,,,,,,,,,,,,,,,,,,,98926