,year,case,par,repjur,crash_dt,crash_tm,accday,accmon,holiday,county,co_char,city,weather,weather2,lightcond,surfcond,surftype,numfatal,nmforms,pforms,vforms,not_tm,arr_tm,hosp_tm,fhevent,hitrun,manncol,milepnt,reljunc,reljuncinter,intersectiontype,funcsystem,landuse,ownership,route,schlbus,spejur,contdev,devfunc,trafid1,trafid2,x,y,wk_zone,vnumber,crashtype,criticalevent,criticaleventcat,spdlim,body,trailer,emerg,hazcargo,leave,mhevent,roadalgn,roadprof,traflane,trafflow,vehmanvr,numoccs,regowner,regstate,spuse,make,model,modelyr,vrf1,vrf2,seqevent1,seqevent2,seqevent3,seqevent4,seqevent5,seqevent6,pnumber,ptype,age,sex,hispanic,race,injury,diedscene,restraint,restraintmisuse,seatpos,takehosp,death_dt,death_tm,cert,cernum_wa,commlic,licendor,licrestrict,liccomp,drivpres,drf1,drf2,drf3,drf4,distract1,distract2,distract3,distract4,distract5,distract6,dricond1,dricond2,dricond3,dricond4,dricond5,dricond6,dzip,licstate,drhgt_in,weight,noncdl,noncdltype,prevdwi,prevoth,prevacc,prevspd,prevsus,driviol1,driviol2,driviol3,driviol4,driviol5,driviol6,spdrel,first_dt,last_dt,airbag,ejection,ejectpath,extricat,injurwrk,methalc,methdrug,nmlocat,strikveh,prf1,prf2,prf3,druginv,alcinvol,drugsts,drugres1,drugres2,drugres3,drugtst1,drugtst2,drugtst3,alcsts,alctst,alcres,nmact1,nmact2,nmact3,nmact4,nmact5,nmact6,nmprior1,nmprior2,nmprior3,nmprior4,nmprior5,nmprior6,nmcond1,nmcond2,nmcond3,nmcond4,nmcond5,nmcond6,nmsafe_helmet,nmsafe_pads,nmsafe_oth,nmprev_ref,nmprev_lgt,nmprev_oth,crashlocation,nmcrashtype,crosswalk,schoolzone,sidewalk,train_inv,wildlife_inv,rotr_fars,intersect_fars,dd_inv,aid_inv,dpd_inv,id_inv,mj_inv,impnm_inv,ainm_inv,dpnm_inv,speed_inv,unlic_inv,unendmc_inv,drowsy_inv,drdist_inv,nmdist_inv,fty_inv,unrestfat_inv,dr1617_inv,dr1820_inv,dr1620_inv,dr2125_inv,dr1625_inv,dr65_inv,dr70_inv,dr75_inv,mc_inv,pv_inv,ht_inv,ped_inv,bike_inv,unrest_fat,mc_fat,unhelmet_mc,pv_fat,ht_fat,ped_fat,bike_fat,dr_alc7,dr_alc8,dr_drug,dr_imp,dr_dist,dr_spd,dr_fty,dr_unlic,dr_alc7only,dr_alc8only,dr_drugonly,dr_drink,nm_imp,nm_alc7,nm_alc8,nm_drug,nm_dist,agegrp1,agegrp2,roadclass,urbrur,dayweek,restuse,vehtype,race_me,intersect,lanedep,oppdir,wrongway,rep_typ,investag,repag_long,rotr,st_rd,cty_rd,city_rd,oth_rd,drug_thc,thc_res,drug_cthc,cthc_res,drug_cann,prevpersemin,prevperse,prevsusoth,drugtst4,drugtst5,drugtst6,drugtst7,drugtst8,drugres4,drugres5,drugres6,drugres7,drugres8,adspresent,adsengaged,adslevel,race1,race2,race3,race4,race5,helmet,helmetmisuse,nmdistract1,nmdistract2,nmdistract3,nmdistract4,nmdistract5,nmdistract6,lab,isedtcase,crf1,crf2,crf3,CoRoadName,CoMP,IntCoRoadName,IntCoMP,zipcode
784,2017,526,E751231,7.0,12/18/2017,11:05,18,12,0.0,33,King,1960,3,0.0,1,2,1,1,0,1,1,,,,21,0,0,166.8,1,0,1,1,2,1,1,0,0,0,0,I-5,,-122.3286611,47.621619444,0,1,2,13,2,60,66,1,0,1,2,21,3,1,4,3,14,1,3,18,0,82,881,2017,0,0.0,63,21.0,,,,,1,1,54,1,6.0,98.0,4,7,3,0,11,0,12/18/2017,11:05,196053055978.0,55978.0,6.0,3.0,0.0,3.0,1,0,0.0,0.0,0.0,96,,,,,,99,,,,,,98047.0,53,75.0,290.0,6.0,1.0,0.0,1.0,0.0,0.0,0.0,0,,,,,,4,04/15/2017,04/15/2017,20,0,0,0,1.0,9,8,,,0,0.0,0.0,8,9,2.0,1.0,0.0,0.0,1.0,0.0,0.0,2,1,0.0,,,,,,,,,,,,,,,,,,,,,,,,,,,,,,0,0,0,0,0,0,0,0,0,0,0,0,1,0,0,0,0,0,0,0,0,0,0,0,0,0,0,0,0,0,1,0,0,0,0,,0,1,0,0,0,0,0,0,0,1,0,0,0,0,0,0,,,,,,51-55,46-55,Interstate,U,Monday,,MHTRUCK,Hispanic,0,1,0,0,State Route,State Patrol,Washington State Patrol Headquarter,1,1,0,0,0,,,,,,,,,,,,,,,,,,,,,,,,,,,,,,,,,,,,,,,,,,,,98191
785,2017,527,3748033,7.0,12/06/2017,20:05,6,12,0.0,33,King,1960,1,0.0,2,1,2,1,0,2,2,,,,12,0,2,0.0,2,0,2,7,2,4,6,0,0,0,0,8TH AVE,NW 92ND ST,-122.3203194,47.695816667,0,1,68,15,2,30,3,0,0,1,2,12,1,2,2,1,11,1,1,53,0,54,31,1988,0,0.0,12,,,,,,1,1,72,1,7.0,1.0,4,0,3,0,11,4,12/18/2017,12:40,196053055681.0,55681.0,0.0,0.0,0.0,3.0,1,48,0.0,0.0,0.0,96,,,,,,99,,,,,,98117.0,53,70.0,190.0,6.0,1.0,0.0,0.0,0.0,0.0,0.0,97,,,,,,0,,,20,0,0,0,0.0,9,8,,,0,0.0,0.0,8,9,0.0,0.0,0.0,0.0,0.0,0.0,0.0,0,0,996.0,,,,,,,,,,,,,,,,,,,,,,,,,,,,,,0,0,0,1,1,0,0,0,0,0,0,0,0,0,0,0,0,0,0,0,0,0,0,0,0,1,1,0,0,1,0,0,0,0,0,,1,0,0,0,0,0,0,0,0,0,0,0,0,0,0,0,,,,,,71-75,66-75,City street,U,Wednesday,Belt Used,PV,White,1,0,0,0,City Street,Municipal/City Police,Seattle Police Department,0,0,0,1,0,,,,,,,,,,,,,,,,,,,,,,,,,,,,,,,,,,,,,,,,,,,,
786,2017,527,3748033,7.0,12/06/2017,20:05,6,12,0.0,33,King,1960,1,0.0,2,1,2,1,0,2,2,,,,12,0,2,0.0,2,0,2,7,2,4,6,0,0,0,0,8TH AVE,NW 92ND ST,-122.3203194,47.695816667,0,2,69,62,4,30,14,0,0,1,2,12,1,2,2,1,1,1,1,53,0,48,401,2014,0,0.0,12,,,,,,1,1,64,2,0.0,0.0,1,0,3,0,11,0,,,,,0.0,0.0,0.0,3.0,1,0,0.0,0.0,0.0,0,,,,,,0,,,,,,98117.0,53,72.0,180.0,6.0,1.0,0.0,0.0,1.0,1.0,0.0,0,,,,,,0,08/15/2014,09/15/2015,8,0,0,0,8.0,9,8,,,0,0.0,0.0,8,1,0.0,0.0,0.0,0.0,0.0,0.0,0.0,0,0,996.0,,,,,,,,,,,,,,,,,,,,,,,,,,,,,,0,0,0,1,1,0,0,0,0,0,0,0,0,0,0,0,0,0,0,0,0,0,0,0,0,1,1,0,0,1,0,0,0,0,0,,0,0,0,0,0,0,0,0,0,0,0,0,0,0,0,1,,,,,,61-65,56-65,City street,U,Wednesday,Belt Used,PV,Not Fatal,1,0,0,0,City Street,Municipal/City Police,Seattle Police Department,0,0,0,1,0,,,,,,,,,,,,,,,,,,,,,,,,,,,,,,,,,,,,,,,,,,,,
787,2017,528,E750985,4.0,12/23/2017,1:34,23,12,9.0,63,Spokane,2110,10,0.0,3,1,1,1,0,2,2,1:35,1:40,,12,0,2,278.3,1,0,1,1,2,1,1,0,0,0,0,I-90,,-117.43235,47.65215,0,1,50,54,3,98,5,0,0,1,2,12,1,1,3,3,1,1,1,53,0,7,25,2007,0,0.0,12,,,,,,1,1,34,2,7.0,1.0,4,7,3,0,11,0,12/23/2017,1:34,211053055787.0,55787.0,0.0,0.0,0.0,3.0,1,51,0.0,0.0,0.0,96,,,,,,9,,,,,,99202.0,53,69.0,175.0,6.0,1.0,0.0,3.0,1.0,1.0,0.0,0,,,,,,0,03/15/2013,07/15/2016,20,0,0,0,0.0,1,8,,,0,0.0,0.0,8,1,2.0,1.0,0.0,0.0,1.0,0.0,0.0,2,1,0.26,,,,,,,,,,,,,,,,,,,,,,,,,,,,,,0,0,0,0,1,1,0,1,0,0,0,0,0,0,0,0,0,0,0,0,0,0,0,0,0,0,0,0,0,1,1,0,0,0,0,,1,0,0,0,0,1,0,1,0,0,0,0,0,1,0,1,,,,,,31-35,26-35,Interstate,U,Saturday,Belt Used,PV,White,0,0,0,1,State Route,State Patrol,Washington State Patrol Headquarter,0,1,0,0,0,,,,,,,,,,,,,,,,,,,,,,,,,,,,,,,,,,,,,,,,,,,,99201
788,2017,528,E750985,4.0,12/23/2017,1:34,23,12,9.0,63,Spokane,2110,10,0.0,3,1,1,1,0,2,2,1:35,1:40,,12,0,2,278.3,1,0,1,1,2,1,1,0,0,0,0,I-90,,-117.43235,47.65215,0,2,51,54,3,60,66,1,0,1,2,12,1,1,3,3,1,1,3,49,0,85,881,2016,0,0.0,12,,,,,,1,1,54,1,0.0,0.0,1,0,3,0,11,4,,,,,6.0,3.0,0.0,3.0,1,0,0.0,0.0,0.0,0,,,,,,0,,,,,,98371.0,53,69.0,185.0,6.0,1.0,0.0,0.0,0.0,0.0,0.0,0,,,,,,0,,,20,0,0,0,8.0,9,8,,,0,0.0,0.0,8,0,0.0,0.0,0.0,0.0,0.0,0.0,0.0,0,0,996.0,,,,,,,,,,,,,,,,,,,,,,,,,,,,,,0,0,0,0,1,1,0,1,0,0,0,0,0,0,0,0,0,0,0,0,0,0,0,0,0,0,0,0,0,1,1,0,0,0,0,,0,0,0,0,0,0,0,0,0,0,0,0,0,0,0,0,,,,,,51-55,46-55,Interstate,U,Saturday,,MHTRUCK,Not Fatal,0,0,0,1,State Route,State Patrol,Washington State Patrol Headquarter,0,1,0,0,0,,,,,,,,,,,,,,,,,,,,,,,,,,,,,,,,,,,,,,,,,,,,99201
789,2017,529,E756162,5.0,12/25/2017,12:20,25,12,9.0,15,Cowlitz,0,10,0.0,1,10,2,1,0,1,1,,,,53,0,0,43.0,1,0,1,4,1,1,3,0,0,0,0,SR-503,,-122.5600528,45.959363889,0,1,2,13,2,55,34,0,0,1,2,42,3,1,2,1,14,1,1,53,0,7,482,1994,0,0.0,63,53.0,42.0,,,,1,1,69,1,7.0,1.0,4,7,3,0,11,0,12/25/2017,12:20,53055968.0,55968.0,0.0,0.0,3.0,3.0,1,0,0.0,0.0,0.0,96,,,,,,99,,,,,,98603.0,53,71.0,215.0,6.0,1.0,0.0,0.0,0.0,0.0,0.0,0,,,,,,4,,,1,0,0,0,0.0,9,8,,,0,0.0,0.0,8,9,2.0,1.0,0.0,0.0,1.0,0.0,0.0,2,1,0.0,,,,,,,,,,,,,,,,,,,,,,,,,,,,,,0,0,0,0,0,0,0,0,0,0,0,0,1,0,0,0,0,0,0,0,0,0,0,0,0,1,0,0,0,0,0,0,0,0,0,,0,0,0,0,0,0,0,0,0,1,0,0,0,0,0,0,,,,,,66-70,66-75,State route,R,Monday,Belt Used,PV,White,0,1,0,0,State Route,State Patrol,Washington State Patrol Headquarter,1,1,0,0,0,,,,,,,,,,,,,,,,,,,,,,,,,,,,,,,,,,,,,,,,,,,,98603
790,2017,530,E753247,3.0,12/24/2017,15:41,24,12,9.0,53,Pierce,0,4,0.0,3,3,2,1,0,5,1,15:33,15:58,16:39,42,0,0,39.4,1,0,1,4,1,1,3,0,0,0,0,SR-507,,-122.4991278,47.028752778,0,1,6,6,1,55,15,0,0,1,2,42,1,1,2,1,1,5,1,53,0,20,421,2001,0,0.0,68,64.0,42.0,,,,1,1,36,2,0.0,0.0,1,0,3,0,11,4,,,,,0.0,0.0,0.0,3.0,1,87,0.0,0.0,0.0,96,,,,,,0,,,,,,98372.0,53,61.0,115.0,6.0,1.0,0.0,0.0,0.0,0.0,0.0,0,,,,,,4,,,20,0,0,0,8.0,9,8,,,0,0.0,0.0,8,0,0.0,0.0,0.0,0.0,0.0,0.0,0.0,0,0,996.0,,,,,,,,,,,,,,,,,,,,,,,,,,,,,,0,0,1,0,0,0,0,0,0,0,0,0,1,0,0,0,0,0,0,0,0,0,0,0,0,0,0,0,0,1,0,0,0,0,0,,0,0,0,0,0,0,0,0,0,1,0,0,0,0,0,0,,,,,,36-40,36-45,State route,R,Sunday,Belt Used,PV,Not Fatal,0,1,0,0,State Route,State Patrol,Washington State Patrol Headquarter,1,1,0,0,0,,,,,,,,,,,,,,,,,,,,,,,,,,,,,,,,,,,,,,,,,,,,98580
791,2017,531,E753420,5.0,12/24/2017,2:48,24,12,9.0,11,Clark,2370,1,0.0,3,8,1,1,0,1,1,,,,42,0,0,30.8,1,0,1,1,2,1,1,0,0,0,0,I-205,,-122.5705667,45.656788889,0,1,7,6,1,60,4,0,0,1,2,42,1,1,3,3,1,1,1,41,0,59,34,2000,0,0.0,64,42.0,,,,,1,1,34,1,7.0,48.0,4,7,3,0,11,0,12/24/2017,2:48,237053055407.0,55407.0,0.0,0.0,0.0,3.0,1,0,0.0,0.0,0.0,96,,,,,,9,,,,,,97213.0,41,67.0,120.0,6.0,1.0,0.0,0.0,0.0,0.0,1.0,0,,,,,,4,12/15/2014,12/15/2014,8,0,0,0,0.0,1,8,,,0,0.0,0.0,8,1,2.0,605.0,695.0,0.0,1.0,1.0,0.0,2,1,0.19,,,,,,,,,,,,,,,,,,,,,,,,,,,,,,0,0,0,0,1,1,1,1,1,0,0,0,1,0,0,0,0,0,0,0,0,0,0,0,0,0,0,0,0,1,0,0,0,0,0,,1,0,0,0,0,1,1,1,0,1,0,0,0,0,0,1,,,,,,31-35,26-35,Interstate,U,Sunday,Belt Used,PV,API,0,1,0,0,State Route,State Patrol,Washington State Patrol Headquarter,1,1,0,0,0,thc,5.0,carboxy-thc,39.0,,,,,,,,,,,,,,,,,,,,,,,,,,,,,,,,,,,,,,,,98662
792,2017,532,E750734,3.0,12/23/2017,3:24,23,12,9.0,53,Pierce,2230,1,0.0,2,1,2,1,0,1,1,,,,42,0,0,3.1,1,0,1,3,2,1,3,0,0,0,0,SR-509,,-122.3742194,47.247138889,0,1,2,6,1,50,4,0,0,1,5,42,3,1,2,3,14,1,3,53,0,19,3,2003,0,0.0,63,42.0,,,,,1,1,41,2,1.0,1.0,4,7,99,0,11,0,12/23/2017,3:24,223053056042.0,56042.0,99.0,9.0,9.0,9.0,1,0,0.0,0.0,0.0,96,,,,,,99,,,,,,99999.0,99,,999.0,9.0,9.0,99.0,99.0,99.0,99.0,99.0,0,,,,,,4,,,20,0,0,0,0.0,9,8,,,0,0.0,0.0,8,9,2.0,605.0,695.0,0.0,1.0,1.0,0.0,2,1,0.16,,,,,,,,,,,,,,,,,,,,,,,,,,,,,,0,0,0,0,1,1,1,1,1,0,0,0,1,0,0,0,0,0,0,0,0,0,0,0,0,0,0,0,0,1,0,0,0,0,0,,1,0,0,0,0,1,1,1,0,1,0,0,0,0,0,1,,,,,,41-45,36-45,State route,U,Saturday,Unknown,PV,Hispanic,0,1,0,0,City Street,Municipal/City Police,Tacoma Police Department,1,0,0,1,0,thc,12.0,carboxy-thc,71.0,,,,,,,,,,,,,,,,,,,,,,,,,,,,,,,,,,,,,,,,98424
793,2017,533,3661026,344.0,12/14/2017,3:02,14,12,0.0,77,Yakima,0,1,0.0,2,1,2,1,0,2,1,,,,42,0,0,3.0,1,0,1,5,1,2,4,0,3,0,0,CR-S WAPATO RD,,-120.417775,46.389827778,0,1,1,13,2,50,14,0,0,1,2,1,3,1,2,1,14,2,2,53,0,20,401,2000,0,0.0,63,42.0,1.0,42.0,,,1,1,18,2,0.0,0.0,2,0,99,0,11,8,,,,,0.0,0.0,0.0,0.0,1,91,0.0,0.0,0.0,93,,,,,,9,,,,,,98948.0,53,70.0,297.0,0.0,0.0,0.0,1.0,0.0,0.0,0.0,2,12.0,,,,,0,12/15/2017,12/15/2017,20,0,0,0,8.0,9,8,,,0,0.0,0.0,8,1,0.0,0.0,0.0,0.0,0.0,0.0,0.0,0,0,996.0,,,,,,,,,,,,,,,,,,,,,,,,,,,,,,0,0,1,0,1,0,0,0,0,0,0,0,0,1,0,0,1,0,0,1,0,1,1,0,1,0,0,0,0,1,0,0,0,0,0,,0,0,0,0,0,0,0,0,1,0,0,1,0,0,0,1,,,,,,18-20,16-25,County road,R,Thursday,Unknown,PV,Not Fatal,0,1,0,0,County Road,Other Law Enforcement,Yakama Tribal Police Department,1,0,1,0,0,,,,,,,,,,,,,,,,,,,,,,,,,,,,,,,,,,,,,,,,,,,,98951
794,2017,534,E751154,4.0,12/22/2017,14:45,22,12,0.0,75,Whitman,0,4,0.0,1,4,2,1,0,2,2,14:48,15:02,,12,0,98,19.0,1,0,1,3,1,1,2,0,0,0,0,US-195,,-117.2038583,46.690163889,1,1,98,6,1,60,4,0,0,1,2,12,1,1,2,1,1,1,2,16,0,48,34,2003,0,0.0,68,12.0,64.0,38.0,,,1,1,20,1,7.0,1.0,4,7,3,0,11,0,12/22/2017,14:45,176053056220.0,56220.0,0.0,0.0,3.0,3.0,1,28,87.0,0.0,0.0,96,,,,,,0,,,,,,83501.0,16,69.0,140.0,6.0,1.0,0.0,0.0,0.0,0.0,0.0,0,,,,,,0,,,1,0,0,0,0.0,9,8,,,0,0.0,0.0,8,0,2.0,401.0,0.0,0.0,1.0,0.0,0.0,2,1,0.0,,,,,,,,,,,,,,,,,,,,,,,,,,,,,,0,0,0,0,0,0,1,1,0,0,0,0,0,0,0,0,0,0,0,0,0,1,1,0,1,0,0,0,0,1,0,0,0,0,0,,1,0,0,0,0,0,1,1,0,0,0,0,0,0,1,0,,,,,,18-20,16-25,US highway,R,Friday,Belt Used,PV,White,0,1,1,0,State Route,State Patrol,Washington State Patrol Headquarter,0,1,0,0,0,,,,,,,,,,,,,,,,,,,,,,,,,,,,,,,,,,,,,,,,,,,,99163
795,2017,534,E751154,4.0,12/22/2017,14:45,22,12,0.0,75,Whitman,0,4,0.0,1,4,2,1,0,2,2,14:48,15:02,,12,0,98,19.0,1,0,1,3,1,1,2,0,0,0,0,US-195,,-117.2038583,46.690163889,1,2,98,62,4,60,15,0,0,1,2,12,1,1,2,1,1,1,2,53,0,12,422,2015,0,0.0,12,,,,,,1,1,50,1,0.0,0.0,1,0,3,0,11,4,,,,,0.0,0.0,3.0,3.0,1,0,0.0,0.0,0.0,0,,,,,,0,,,,,,83843.0,16,68.0,160.0,6.0,1.0,0.0,0.0,0.0,0.0,0.0,0,,,,,,0,,,1,0,0,0,8.0,9,8,,,0,0.0,0.0,8,0,0.0,0.0,0.0,0.0,0.0,0.0,0.0,0,0,996.0,,,,,,,,,,,,,,,,,,,,,,,,,,,,,,0,0,0,0,0,0,1,1,0,0,0,0,0,0,0,0,0,0,0,0,0,1,1,0,1,0,0,0,0,1,0,0,0,0,0,,0,0,0,0,0,0,0,0,0,0,0,0,0,0,0,0,,,,,,46-50,46-55,US highway,R,Friday,Belt Used,PV,Not Fatal,0,1,1,0,State Route,State Patrol,Washington State Patrol Headquarter,0,1,0,0,0,,,,,,,,,,,,,,,,,,,,,,,,,,,,,,,,,,,,,,,,,,,,99163
796,2017,535,E749500,55.0,12/19/2017,11:16,19,12,0.0,33,King,100,2,0.0,1,2,2,1,1,1,1,,,,8,0,0,0.0,1,0,1,5,2,4,6,0,0,0,0,29TH ST SE,,-122.2221556,47.282797222,0,1,13,80,5,35,4,0,0,1,2,8,1,1,2,1,1,1,1,53,0,37,31,2007,0,0.0,8,,,,,,1,1,87,2,0.0,0.0,0,0,3,0,11,0,,,,,0.0,0.0,0.0,3.0,1,0,0.0,0.0,0.0,93,,,,,,0,,,,,,98002.0,53,63.0,135.0,6.0,1.0,0.0,0.0,0.0,0.0,0.0,98,,,,,,0,,,20,0,0,0,8.0,9,8,,,0,0.0,0.0,8,0,0.0,0.0,0.0,0.0,0.0,0.0,0.0,0,0,996.0,,,,,,,,,,,,,,,,,,,,,,,,,,,,,,0,0,0,0,0,0,0,0,0,0,0,0,0,0,0,0,1,0,0,0,0,0,0,0,0,1,1,1,0,1,0,1,0,0,0,,0,0,0,0,0,0,0,0,1,0,0,0,0,0,0,0,,,,,,81+,76+,City street,U,Tuesday,Belt Used,PV,Not Fatal,0,0,0,0,City Street,Municipal/City Police,Auburn Police Department,0,0,0,1,0,,,,,,,,,,,,,,,,,,,,,,,,,,,,,,,,,,,,,,,,,,,,98002
797,2017,536,E754240,4.0,12/29/2017,10:18,29,12,0.0,1,Adams,0,2,0.0,1,3,2,1,0,2,1,10:22,10:43,11:30,1,0,0,200.3,1,0,1,1,1,1,1,0,0,0,0,I-90,,-118.7673917,47.086388889,0,1,2,6,1,70,14,0,0,1,2,1,1,2,2,2,1,2,1,53,0,2,404,2000,0,0.0,63,1.0,,,,,1,1,35,1,0.0,0.0,3,0,20,0,11,4,,,,,0.0,0.0,0.0,3.0,1,87,0.0,0.0,0.0,96,,,,,,0,,,,,,98155.0,53,77.0,220.0,6.0,1.0,0.0,1.0,1.0,2.0,2.0,97,,,,,,4,05/15/2014,06/15/2017,20,0,0,0,8.0,9,8,,,0,0.0,0.0,8,0,0.0,0.0,0.0,0.0,0.0,0.0,0.0,0,0,996.0,,,,,,,,,,,,,,,,,,,,,,,,,,,,,,0,0,0,0,0,0,0,0,0,0,0,0,1,0,0,0,0,0,0,0,0,0,0,0,0,0,0,0,0,1,0,0,0,0,0,,0,0,0,0,0,0,0,0,0,1,0,0,0,0,0,0,,,,,,31-35,26-35,Interstate,R,Friday,Not Used,PV,Not Fatal,0,1,0,0,State Route,State Patrol,Washington State Patrol Headquarter,1,1,0,0,0,,,,,,,,,,,,,,,,,,,,,,,,,,,,,,,,,,,,,,,,,,,,
798,2017,537,E752997,2.0,12/29/2017,6:08,29,12,0.0,29,Island,0,2,0.0,2,2,2,1,0,2,2,,,,12,0,2,2.3,1,0,1,6,1,2,4,0,0,0,0,CR-SILVER LAKE RD,,-122.5621528,48.318186111,0,1,50,10,2,50,34,0,0,1,2,12,2,2,2,1,14,1,1,53,0,20,471,1994,0,0.0,68,12.0,,,,,1,1,38,1,99.0,99.0,4,7,20,0,11,0,12/29/2017,6:21,155053056346.0,56346.0,0.0,0.0,3.0,3.0,1,28,0.0,0.0,0.0,96,,,,,,9,,,,,,98277.0,53,75.0,225.0,6.0,1.0,0.0,3.0,5.0,5.0,2.0,0,,,,,,0,03/15/2013,04/15/2017,20,0,0,0,0.0,9,2,,,0,0.0,0.0,1,0,2.0,177.0,401.0,417.0,1.0,1.0,1.0,2,1,0.0,,,,,,,,,,,,,,,,,,,,,,,,,,,,,,0,0,0,0,0,0,1,1,0,0,0,0,0,0,0,0,0,0,0,0,0,0,0,0,0,0,0,0,0,0,0,0,0,1,0,,0,0,0,0,0,0,1,1,0,0,0,0,0,0,1,0,,,,,,36-40,36-45,County road,R,Friday,Not Used,PV,Oth/Unk,0,1,1,0,County Road,State Patrol,Washington State Patrol Headquarter,0,0,1,0,0,,,,,,,,,,,,,,,,,,,,,,,,,,,,,,,,,,,,,,,,,,,,
799,2017,537,E752997,2.0,12/29/2017,6:08,29,12,0.0,29,Island,0,2,0.0,2,2,2,1,0,2,2,,,,12,0,2,2.3,1,0,1,6,1,2,4,0,0,0,0,CR-SILVER LAKE RD,,-122.5621528,48.318186111,0,2,51,62,4,50,34,0,0,1,2,12,3,2,2,1,14,1,1,53,0,7,482,2012,0,0.0,12,,,,,,1,1,29,1,0.0,0.0,0,0,3,0,11,0,,,,,0.0,0.0,0.0,3.0,1,0,0.0,0.0,0.0,0,,,,,,0,,,,,,78727.0,48,,999.0,6.0,1.0,0.0,0.0,0.0,1.0,0.0,0,,,,,,0,07/15/2017,07/15/2017,1,0,0,0,8.0,9,8,,,0,0.0,0.0,8,0,0.0,0.0,0.0,0.0,0.0,0.0,0.0,0,0,996.0,,,,,,,,,,,,,,,,,,,,,,,,,,,,,,0,0,0,0,0,0,1,1,0,0,0,0,0,0,0,0,0,0,0,0,0,0,0,0,0,0,0,0,0,0,0,0,0,0,0,,0,0,0,0,0,0,0,0,0,0,0,0,0,0,0,0,,,,,,26-30,26-35,County road,R,Friday,Belt Used,PV,Not Fatal,0,1,1,0,County Road,State Patrol,Washington State Patrol Headquarter,0,0,1,0,0,,,,,,,,,,,,,,,,,,,,,,,,,,,,,,,,,,,,,,,,,,,,
800,2017,538,E743501,30.0,12/02/2017,0:00,2,12,0.0,43,Lincoln,0,5,0.0,9,99,2,1,0,1,1,,,,31,0,0,9999.9,1,0,1,5,1,2,4,0,0,0,0,CR-DUCK LAKE RD,,-118.3567667,47.464886111,0,1,2,13,2,50,4,0,0,1,5,1,3,2,2,1,14,1,1,53,0,49,32,2003,0,0.0,63,69.0,63.0,31.0,30.0,1.0,1,1,70,1,7.0,1.0,4,0,20,0,11,1,12/08/2017,21:38,211053053210.0,53210.0,0.0,0.0,0.0,3.0,1,58,87.0,0.0,0.0,96,,,,,,99,,,,,,99134.0,53,71.0,175.0,6.0,1.0,0.0,0.0,0.0,0.0,0.0,0,,,,,,9,,,1,1,9,0,0.0,9,8,,,0,0.0,0.0,8,9,0.0,0.0,0.0,0.0,0.0,0.0,0.0,0,0,996.0,,,,,,,,,,,,,,,,,,,,,,,,,,,,,,0,0,0,0,0,0,0,0,0,0,0,0,0,0,0,0,0,0,0,1,0,0,0,0,0,1,1,0,0,1,0,0,0,1,0,,1,0,0,0,0,0,0,0,0,0,0,0,0,0,0,0,,,,,,66-70,66-75,County road,R,Saturday,Not Used,PV,White,0,1,0,0,County Road,County Sheriff,Lincoln County Sheriff's Office,1,0,1,0,0,,,,,,,,,,,,,,,,,,,,,,,,,,,,,,,,,,,,,,,,,,,,99134
801,2017,539,E756767,25.0,12/31/2017,18:06,31,12,10.0,33,King,0,5,0.0,2,1,2,1,1,4,1,,,,8,0,0,8.0,1,0,1,4,2,2,4,0,0,0,0,CR-KENT-BLACK DIAMOND RD,,-122.1369139,47.3453,0,1,13,80,5,40,15,0,0,1,5,8,1,1,2,1,1,4,1,53,0,23,421,2007,0,0.0,8,,,,,,1,1,30,1,0.0,0.0,0,0,3,0,11,0,,,,,0.0,0.0,3.0,3.0,1,0,0.0,0.0,0.0,0,,,,,,0,,,,,,98042.0,53,69.0,150.0,6.0,1.0,0.0,0.0,0.0,0.0,0.0,0,,,,,,0,,,20,0,0,0,8.0,9,8,,,0,0.0,0.0,8,0,0.0,0.0,0.0,0.0,0.0,0.0,0.0,0,0,996.0,,,,,,,,,,,,,,,,,,,,,,,,,,,,,,0,0,0,0,0,0,0,0,0,0,0,0,0,0,0,0,0,0,0,0,0,0,0,0,0,0,0,0,0,1,0,1,0,0,0,,0,0,0,0,0,0,0,0,0,0,0,0,0,0,0,0,,,,,,26-30,26-35,County road,U,Sunday,Belt Used,PV,Not Fatal,1,0,0,0,County Road,County Sheriff,King County Police,0,0,1,0,0,,,,,,,,,,,,,,,,,,,,,,,,,,,,,,,,,,,,,,,,,,,,98042
802,2017,540,E754384,4.0,12/30/2017,17:39,30,12,0.0,1,Adams,0,1,0.0,2,4,2,1,0,3,1,17:44,18:00,18:25,1,0,0,102.3,1,0,1,3,1,1,2,0,0,0,0,US-395,,-118.3919417,47.108825,0,1,7,6,1,70,14,0,0,1,2,1,1,1,2,3,1,3,1,53,0,20,403,2006,0,0.0,64,1.0,,,,,1,1,62,1,7.0,1.0,4,0,3,0,11,4,01/10/2018,16:15,211053002092.0,2092.0,0.0,0.0,0.0,3.0,1,87,0.0,0.0,0.0,96,,,,,,99,,,,,,99122.0,53,71.0,185.0,6.0,1.0,0.0,0.0,0.0,0.0,0.0,0,,,,,,4,,,20,0,0,0,0.0,9,8,,,0,0.0,0.0,8,0,2.0,1.0,0.0,0.0,1.0,0.0,0.0,2,1,0.0,,,,,,,,,,,,,,,,,,,,,,,,,,,,,,0,0,0,0,0,0,0,0,0,0,0,0,1,0,0,0,0,0,0,0,0,0,0,0,0,0,0,0,0,1,0,0,0,0,0,,1,0,0,0,0,0,0,0,0,1,0,0,0,0,0,0,,,,,,61-65,56-65,US highway,R,Saturday,Belt Used,PV,White,0,1,0,0,State Route,State Patrol,Washington State Patrol Headquarter,1,1,0,0,0,,,,,,,,,,,,,,,,,,,,,,,,,,,,,,,,,,,,,,,,,,,,99169