,year,case,par,repjur,crash_dt,crash_tm,accday,accmon,holiday,county,co_char,city,weather,weather2,lightcond,surfcond,surftype,numfatal,nmforms,pforms,vforms,not_tm,arr_tm,hosp_tm,fhevent,hitrun,manncol,milepnt,reljunc,reljuncinter,intersectiontype,funcsystem,landuse,ownership,route,schlbus,spejur,contdev,devfunc,trafid1,trafid2,x,y,wk_zone,vnumber,crashtype,criticalevent,criticaleventcat,spdlim,body,trailer,emerg,hazcargo,leave,mhevent,roadalgn,roadprof,traflane,trafflow,vehmanvr,numoccs,regowner,regstate,spuse,make,model,modelyr,vrf1,vrf2,seqevent1,seqevent2,seqevent3,seqevent4,seqevent5,seqevent6,pnumber,ptype,age,sex,hispanic,race,injury,diedscene,restraint,restraintmisuse,seatpos,takehosp,death_dt,death_tm,cert,cernum_wa,commlic,licendor,licrestrict,liccomp,drivpres,drf1,drf2,drf3,drf4,distract1,distract2,distract3,distract4,distract5,distract6,dricond1,dricond2,dricond3,dricond4,dricond5,dricond6,dzip,licstate,drhgt_in,weight,noncdl,noncdltype,prevdwi,prevoth,prevacc,prevspd,prevsus,driviol1,driviol2,driviol3,driviol4,driviol5,driviol6,spdrel,first_dt,last_dt,airbag,ejection,ejectpath,extricat,injurwrk,methalc,methdrug,nmlocat,strikveh,prf1,prf2,prf3,druginv,alcinvol,drugsts,drugres1,drugres2,drugres3,drugtst1,drugtst2,drugtst3,alcsts,alctst,alcres,nmact1,nmact2,nmact3,nmact4,nmact5,nmact6,nmprior1,nmprior2,nmprior3,nmprior4,nmprior5,nmprior6,nmcond1,nmcond2,nmcond3,nmcond4,nmcond5,nmcond6,nmsafe_helmet,nmsafe_pads,nmsafe_oth,nmprev_ref,nmprev_lgt,nmprev_oth,crashlocation,nmcrashtype,crosswalk,schoolzone,sidewalk,train_inv,wildlife_inv,rotr_fars,intersect_fars,dd_inv,aid_inv,dpd_inv,id_inv,mj_inv,impnm_inv,ainm_inv,dpnm_inv,speed_inv,unlic_inv,unendmc_inv,drowsy_inv,drdist_inv,nmdist_inv,fty_inv,unrestfat_inv,dr1617_inv,dr1820_inv,dr1620_inv,dr2125_inv,dr1625_inv,dr65_inv,dr70_inv,dr75_inv,mc_inv,pv_inv,ht_inv,ped_inv,bike_inv,unrest_fat,mc_fat,unhelmet_mc,pv_fat,ht_fat,ped_fat,bike_fat,dr_alc7,dr_alc8,dr_drug,dr_imp,dr_dist,dr_spd,dr_fty,dr_unlic,dr_alc7only,dr_alc8only,dr_drugonly,dr_drink,nm_imp,nm_alc7,nm_alc8,nm_drug,nm_dist,agegrp1,agegrp2,roadclass,urbrur,dayweek,restuse,vehtype,race_me,intersect,lanedep,oppdir,wrongway,rep_typ,investag,repag_long,rotr,st_rd,cty_rd,city_rd,oth_rd,drug_thc,thc_res,drug_cthc,cthc_res,drug_cann,prevpersemin,prevperse,prevsusoth,drugtst4,drugtst5,drugtst6,drugtst7,drugtst8,drugres4,drugres5,drugres6,drugres7,drugres8,adspresent,adsengaged,adslevel,race1,race2,race3,race4,race5,helmet,helmetmisuse,nmdistract1,nmdistract2,nmdistract3,nmdistract4,nmdistract5,nmdistract6,lab,isedtcase,crf1,crf2,crf3,CoRoadName,CoMP,IntCoRoadName,IntCoMP,zipcode
859,2018,30,E766045,40.0,01/27/2018,3:16,27,1,0.0,63,Spokane,0,1,0.0,2,4,2,1,0,1,1,3:17,3:22,,1,0,0,0.5,1,0,1,6,1,2,4,0,0,0,0,CR-S CRAIG RD,,-117.6075694,47.574405556,0,1,2,13,2,98,14,0,0,1,7,1,1,1,2,1,1,1,1,53,0,2,403,1997,0,0.0,63,1.0,,,,,1,1,51,1,7.0,1.0,4,7,3,0,11,0,01/27/2018,4:02,53004652.0,4652.0,0.0,0.0,0.0,3.0,1,0,0.0,0.0,0.0,92,,,,,,99,,,,,,99022.0,53,73.0,240.0,6.0,1.0,0.0,0.0,0.0,0.0,,0,,,,,,0,,,20,0,0,0,0.0,9,8,,,0,0.0,0.0,8,9,2.0,1.0,,,1.0,,,2,1,0.18,,,,,,,,,,,,,,,,,,,,,,,,,,,,,,0,0,0,0,1,1,0,1,0,0,0,0,0,0,0,0,1,0,0,0,0,0,0,0,0,0,0,0,0,1,0,0,0,0,0,,1,0,0,0,0,1,0,1,1,0,0,0,0,1,0,1,,,,,,51-55,46-55,County road,R,Saturday,Belt Used,PV,White,0,1,0,0,County Road,County Sheriff,Spokane County Sheriff's Office,1,0,1,0,0,,,,,,0.0,0.0,0.0,,,,,,,,,,,,,,,,,,,,,,,,,,,,,,,,,,,,99004
860,2018,31,E766774,200.0,01/23/2018,19:42,23,1,0.0,61,Snohomish,0,2,0.0,2,2,2,1,1,1,1,,,,8,0,0,13.4,1,0,1,3,2,1,2,0,0,0,0,US-2,,-121.9986222,47.868744444,0,1,13,80,5,55,6,0,0,1,7,8,1,1,2,1,1,1,1,53,0,32,43,2006,0,0.0,8,,,,,,1,1,34,1,0.0,0.0,0,0,3,0,11,0,,,,,0.0,0.0,0.0,3.0,1,0,0.0,0.0,0.0,96,,,,,,99,,,,,,98177.0,53,72.0,175.0,6.0,1.0,1.0,2.0,0.0,0.0,,0,,,,,,0,01/15/2014,08/15/2017,20,0,0,0,8.0,9,8,,,0,0.0,0.0,8,9,2.0,1.0,,,1.0,,,2,1,0.0,,,,,,,,,,,,,,,,,,,,,,,,,,,,,,0,0,0,0,0,0,0,0,0,1,0,1,0,0,0,0,0,0,0,0,0,0,0,0,0,0,0,0,0,1,0,1,0,0,0,,0,0,0,0,0,0,0,0,0,0,0,0,0,0,0,0,,,,,,31-35,26-35,US highway,U,Tuesday,Belt Used,PV,Not Fatal,0,0,0,0,State Route,Municipal/City Police,Monroe Police Department,0,1,0,0,0,,,,,,0.0,1.0,1.0,,,,,,,,,,,,,,,,,,,,,,,,,,,,,,,,,,,,98272
861,2018,32,E762129,122.0,01/24/2018,18:11,24,1,0.0,61,Snohomish,690,2,0.0,2,2,2,1,1,1,1,18:10,18:17,18:38,8,0,0,0.0,1,0,1,4,2,4,6,0,0,0,0,GLENWOOD AVE,,-122.2395889,47.941358333,0,1,13,80,5,35,6,0,0,1,5,8,1,4,3,5,1,1,1,53,0,19,20,2011,0,0.0,8,,,,,,1,1,55,2,0.0,0.0,0,0,3,0,11,0,,,,,0.0,0.0,0.0,3.0,1,0,0.0,0.0,0.0,96,,,,,,0,,,,,,98047.0,53,60.0,160.0,6.0,1.0,0.0,0.0,0.0,0.0,,0,,,,,,0,,,20,0,0,0,8.0,9,8,,,0,0.0,0.0,8,0,8.0,95.0,,,96.0,,,8,95,995.0,,,,,,,,,,,,,,,,,,,,,,,,,,,,,,0,0,0,0,0,0,0,0,0,0,0,0,0,0,0,0,0,1,0,0,0,0,0,0,0,0,0,0,0,1,0,1,0,0,0,,0,0,0,0,0,0,0,0,0,0,0,0,0,0,0,0,,,,,,51-55,46-55,City street,U,Wednesday,Belt Used,PV,Not Fatal,0,0,0,0,City Street,Municipal/City Police,Everett Police Department,0,0,0,1,0,,,,,,0.0,0.0,0.0,,,,,,,,,,,,,,,,,,,,,,,,,,,,,,,,,,,,98203
862,2018,34,E766413,25.0,01/25/2018,18:08,25,1,0.0,33,King,1958,2,0.0,3,2,2,1,1,1,1,,,,8,0,0,13.4,1,0,1,3,2,1,3,0,0,0,0,SR-99,,-122.2974028,47.41535,0,1,13,80,5,45,4,0,0,1,5,8,1,1,3,2,1,1,2,53,0,7,24,2008,0,0.0,8,,,,,,1,1,50,2,0.0,0.0,0,0,3,0,11,0,,,,,0.0,0.0,0.0,3.0,1,10,0.0,0.0,0.0,96,,,,,,0,,,,,,98198.0,53,68.0,165.0,6.0,1.0,0.0,0.0,0.0,0.0,,0,,,,,,0,,,20,0,0,0,8.0,9,8,,,0,0.0,0.0,8,0,8.0,95.0,,,96.0,,,8,95,995.0,,,,,,,,,,,,,,,,,,,,,,,,,,,,,,0,0,0,0,0,0,0,0,0,0,0,0,0,0,0,0,0,0,0,0,0,0,0,0,0,0,0,0,0,1,0,1,0,0,0,,0,0,0,0,0,0,0,0,0,0,0,0,0,0,0,0,,,,,,46-50,46-55,State route,U,Thursday,Belt Used,PV,Not Fatal,0,0,0,0,State Route,County Sheriff,King County Police,0,1,0,0,0,,,,,,0.0,0.0,0.0,,,,,,,,,,,,,,,,,,,,,,,,,,,,,,,,,,,,98089
863,2018,35,E765941,4.0,02/02/2018,18:00,2,2,0.0,63,Spokane,0,5,0.0,3,2,2,1,0,2,1,18:54,18:58,19:31,42,0,0,16.8,5,1,1,4,1,1,3,0,0,0,0,SR-904,,-117.5934722,47.564297222,0,1,7,12,2,40,14,0,0,1,2,42,2,1,1,6,14,2,1,53,0,7,402,2002,0,0.0,64,42.0,,,,,1,1,33,2,0.0,0.0,2,0,20,0,11,5,,,,,0.0,0.0,0.0,3.0,1,0,0.0,0.0,0.0,93,,,,,,99,,,,,,99207.0,53,67.0,170.0,6.0,1.0,0.0,0.0,0.0,1.0,,0,,,,,,4,10/15/2015,12/15/2016,1,0,0,0,8.0,9,8,,,0,0.0,0.0,8,1,8.0,95.0,,,96.0,,,8,95,995.0,,,,,,,,,,,,,,,,,,,,,,,,,,,,,,0,0,0,0,1,0,0,0,0,0,0,0,1,0,0,0,1,0,0,0,0,0,0,0,0,0,0,0,0,1,0,0,0,0,0,,0,0,0,0,0,0,0,0,1,1,0,0,0,0,0,1,,,,,,31-35,26-35,State route,R,Friday,Not Used,PV,Not Fatal,0,1,0,0,State Route,State Patrol,Washington State Patrol Headquarter,1,1,0,0,0,,,,,,0.0,0.0,1.0,,,,,,,,,,,,,,,,,,,,,,,,,,,,,,,,,,,,99004
864,2018,36,E766618,7.0,02/02/2018,1:47,2,2,0.0,33,King,1958,1,0.0,3,2,2,1,1,2,2,,,,14,1,0,0.2,5,1,1,3,2,1,3,0,0,0,0,SR-518 RAMP Q100086,,-122.3142722,47.470230556,0,1,7,10,2,98,34,0,0,1,5,8,1,3,1,6,1,1,1,53,0,7,481,1991,0,0.0,64,14.0,8.0,,,,1,1,30,1,0.0,0.0,0,0,99,0,11,0,,,,,0.0,0.0,0.0,3.0,1,91,0.0,0.0,0.0,96,,,,,,99,,,,,,98059.0,53,72.0,205.0,6.0,1.0,0.0,1.0,0.0,2.0,,7,,,,,,0,01/15/2016,01/15/2017,20,0,0,0,8.0,9,8,,,0,0.0,0.0,8,9,8.0,95.0,,,96.0,,,8,95,995.0,,,,,,,,,,,,,,,,,,,,,,,,,,,,,,0,0,0,0,0,0,0,0,0,1,0,1,0,0,0,0,0,0,0,0,0,0,0,0,0,0,0,0,0,1,0,1,0,0,0,,0,0,0,0,0,0,0,0,0,0,0,0,0,0,0,0,,,,,,26-30,26-35,State route,U,Friday,Unknown,PV,Not Fatal,0,1,0,0,State Route,State Patrol,Washington State Patrol Headquarter,1,1,0,0,0,,,,,,0.0,0.0,0.0,,,,,,,,,,,,,,,,,,,,,,,,,,,,,,,,,,,,98186
865,2018,38,E769063,4.0,02/09/2018,12:45,9,2,0.0,75,Whitman,0,1,0.0,1,1,2,2,0,3,2,12:44,12:57,,12,0,2,15.4,1,0,1,3,1,1,2,0,0,0,0,US-195,,-117.1841028,46.641816667,0,1,50,11,2,60,3,0,0,1,2,12,2,2,2,1,14,2,2,53,0,53,31,2001,0,0.0,63,69.0,68.0,12.0,,,1,1,28,1,1.0,1.0,4,7,3,0,11,0,02/09/2018,12:45,53006761.0,6761.0,0.0,0.0,0.0,3.0,1,28,0.0,0.0,0.0,96,,,,,,99,,,,,,99206.0,53,68.0,200.0,6.0,1.0,0.0,0.0,0.0,0.0,,0,,,,,,0,,,1,0,0,0,0.0,9,8,,,0,0.0,0.0,8,0,2.0,1.0,,,1.0,,,2,1,0.0,,,,,,,,,,,,,,,,,,,,,,,,,,,,,,0,0,0,0,0,0,0,0,0,0,0,0,0,0,0,0,0,0,0,0,0,0,0,0,0,0,0,0,0,1,1,0,0,0,0,,1,0,0,0,0,0,0,0,0,0,0,0,0,0,0,0,,,,,,26-30,26-35,US highway,R,Friday,Belt Used,PV,Hispanic,0,1,1,0,State Route,State Patrol,Washington State Patrol Headquarter,0,1,0,0,0,,,,,,0.0,0.0,0.0,,,,,,,,,,,,,,,,,,,,,,,,,,,,,,,,,,,,
866,2018,38,E769063,4.0,02/09/2018,12:45,9,2,0.0,75,Whitman,0,1,0.0,1,1,2,2,0,3,2,12:44,12:57,,12,0,2,15.4,1,0,1,3,1,1,2,0,0,0,0,US-195,,-117.1841028,46.641816667,0,2,51,62,4,60,66,2,0,1,7,12,3,2,2,1,14,1,3,53,0,85,881,2007,0,0.0,12,,,,,,1,1,28,1,0.0,0.0,1,0,3,0,11,0,,,,,6.0,1.0,3.0,3.0,1,0,0.0,0.0,0.0,96,,,,,,0,,,,,,99111.0,53,71.0,188.0,6.0,1.0,0.0,0.0,0.0,0.0,,0,,,,,,0,,,20,0,0,0,8.0,9,8,,,0,0.0,0.0,8,0,8.0,95.0,,,96.0,,,8,95,995.0,,,,,,,,,,,,,,,,,,,,,,,,,,,,,,0,0,0,0,0,0,0,0,0,0,0,0,0,0,0,0,0,0,0,0,0,0,0,0,0,0,0,0,0,1,1,0,0,0,0,,0,0,0,0,0,0,0,0,0,0,0,0,0,0,0,0,,,,,,26-30,26-35,US highway,R,Friday,,MHTRUCK,Not Fatal,0,1,1,0,State Route,State Patrol,Washington State Patrol Headquarter,0,1,0,0,0,,,,,,0.0,0.0,0.0,,,,,,,,,,,,,,,,,,,,,,,,,,,,,,,,,,,,
867,2018,39,E769093,305.0,02/10/2018,16:25,10,2,0.0,11,Clark,2370,1,0.0,1,1,2,1,0,1,2,16:24,16:27,,1,0,0,0.0,1,0,1,5,2,4,6,0,0,0,0,SE 7TH ST,,-122.5322028,45.616272222,0,1,98,6,1,25,80,0,0,1,7,1,1,1,8,1,1,1,2,41,0,98,706,2013,0,0.0,1,14.0,,,,,1,1,26,1,7.0,1.0,4,7,19,0,11,0,02/10/2018,16:25,237053007162.0,7162.0,0.0,0.0,3.0,2.0,1,0,0.0,0.0,0.0,96,,,,,,99,,,,,,98671.0,53,74.0,165.0,6.0,1.0,1.0,0.0,0.0,2.0,,0,,,,,,3,10/15/2015,07/15/2017,20,8,0,0,0.0,9,8,,,0,0.0,0.0,8,9,2.0,1.0,,,1.0,,,2,1,0.0,,,,,,,,,,,,,,,,,,,,,,,,,,,,,,0,0,0,0,0,0,0,0,0,0,0,0,1,0,1,0,0,0,0,0,0,0,0,0,0,0,0,0,1,0,1,0,0,0,1,0.0,0,0,0,0,0,0,0,0,0,1,0,0,0,0,0,0,,,,,,26-30,26-35,City street,U,Saturday,,MC,White,0,0,0,0,City Street,Municipal/City Police,Vancouver Police Department,0,0,0,1,0,,,,,,0.0,1.0,0.0,,,,,,,,,,,,,,,,,,,,,,,,,,,,,,,,,,,,98684
868,2018,40,E769591,7.0,02/08/2018,16:34,8,2,0.0,33,King,0,2,0.0,1,2,2,1,0,2,2,,,,12,0,2,22.6,1,0,1,3,1,1,3,0,0,0,0,SR-18,,-121.9817417,47.433333333,0,1,50,10,2,55,6,0,0,1,7,12,1,2,4,1,1,1,1,8,0,7,21,2005,0,0.0,68,12.0,,,,,1,1,30,1,7.0,1.0,4,7,20,0,11,0,02/08/2018,16:38,98053006117.0,6117.0,0.0,0.0,0.0,3.0,1,28,0.0,0.0,0.0,92,,,,,,99,,,,,,80215.0,8,75.0,200.0,6.0,1.0,0.0,0.0,0.0,0.0,,0,,,,,,0,,,1,0,0,0,0.0,9,8,,,0,0.0,0.0,8,9,2.0,996.0,,,1.0,,,2,1,0.28,,,,,,,,,,,,,,,,,,,,,,,,,,,,,,0,0,0,0,1,1,1,1,0,0,0,0,0,0,0,0,1,0,0,1,0,0,0,0,0,0,0,0,0,1,1,0,0,1,0,,1,0,0,0,0,1,1,1,1,0,0,0,0,0,0,1,,,,,,26-30,26-35,State route,R,Thursday,Not Used,PV,White,0,1,1,0,State Route,State Patrol,Washington State Patrol Headquarter,0,1,0,0,0,,,,,,0.0,0.0,0.0,,,,,,,,,,,,,,,,,,,,,,,,,,,,,,,,,,,,
869,2018,40,E769591,7.0,02/08/2018,16:34,8,2,0.0,33,King,0,2,0.0,1,2,2,1,0,2,2,,,,12,0,2,22.6,1,0,1,3,1,1,3,0,0,0,0,SR-18,,-121.9817417,47.433333333,0,2,51,62,4,55,66,1,0,1,7,12,1,2,4,1,1,1,2,17,0,82,881,2010,0,0.0,12,,,,,,1,1,41,1,0.0,0.0,1,0,3,0,11,8,,,,,6.0,3.0,0.0,3.0,1,0,0.0,0.0,0.0,96,,,,,,0,,,,,,47240.0,18,69.0,212.0,6.0,1.0,0.0,0.0,0.0,0.0,,0,,,,,,0,,,20,0,0,0,8.0,9,8,,,0,0.0,0.0,8,0,8.0,95.0,,,96.0,,,8,95,995.0,,,,,,,,,,,,,,,,,,,,,,,,,,,,,,0,0,0,0,1,1,1,1,0,0,0,0,0,0,0,0,1,0,0,1,0,0,0,0,0,0,0,0,0,1,1,0,0,0,0,,0,0,0,0,0,0,0,0,0,0,0,0,0,0,0,0,,,,,,41-45,36-45,State route,R,Thursday,,MHTRUCK,Not Fatal,0,1,1,0,State Route,State Patrol,Washington State Patrol Headquarter,0,1,0,0,0,,,,,,0.0,0.0,0.0,,,,,,,,,,,,,,,,,,,,,,,,,,,,,,,,,,,,
870,2018,41,E770635,4.0,02/14/2018,8:20,14,2,0.0,63,Spokane,0,4,0.0,1,3,1,1,0,3,1,8:29,8:53,9:44,17,0,0,257.7,1,0,1,1,1,1,1,0,0,0,0,I-90,,-117.7560583,47.460088889,0,1,2,6,1,70,14,0,0,1,2,1,1,1,2,2,15,3,2,53,0,20,403,2003,0,0.0,63,17.0,1.0,,,,1,1,45,2,7.0,1.0,4,7,3,0,11,0,02/14/2018,8:20,53007561.0,7561.0,0.0,0.0,3.0,2.0,1,87,0.0,0.0,0.0,96,,,,,,0,,,,,,98902.0,53,64.0,275.0,1.0,1.0,0.0,0.0,0.0,0.0,,0,,,,,,4,04/15/2013,06/15/2013,1,0,0,0,0.0,9,8,,,0,0.0,0.0,0,0,2.0,1.0,,,1.0,,,2,1,0.0,,,,,,,,,,,,,,,,,,,,,,,,,,,,,,0,0,0,0,0,0,0,0,0,0,0,0,1,1,0,0,0,0,0,0,0,0,0,0,0,0,0,0,0,1,0,0,0,0,0,,1,0,0,0,0,0,0,0,0,1,0,1,0,0,0,0,,,,,,41-45,36-45,Interstate,R,Wednesday,Belt Used,PV,White,0,1,0,0,State Route,State Patrol,Washington State Patrol Headquarter,1,1,0,0,0,,,,,,0.0,0.0,2.0,,,,,,,,,,,,,,,,,,,,,,,,,,,,,,,,,,,,99014
871,2018,42,E770752,6.0,02/15/2018,6:52,15,2,0.0,47,Okanogan,0,1,0.0,4,1,2,1,0,1,1,,,,34,0,0,41.6,1,0,1,4,1,1,3,0,3,0,0,SR-155,,-118.9759889,48.150927778,0,1,2,10,2,60,14,0,0,1,2,1,2,2,2,1,14,1,2,53,0,18,401,2005,0,0.0,68,64.0,69.0,68.0,63.0,34.0,1,1,38,2,7.0,3.0,4,7,20,0,11,0,02/15/2018,6:52,147053007539.0,7539.0,8.0,0.0,3.0,3.0,1,58,0.0,0.0,0.0,96,,,,,,9,,,,,,99155.0,53,64.0,180.0,6.0,1.0,0.0,0.0,0.0,0.0,,0,,,,,,0,,,20,1,9,0,0.0,1,8,,,0,0.0,0.0,8,1,2.0,1.0,,,1.0,,,2,1,0.22,,,,,,,,,,,,,,,,,,,,,,,,,,,,,,0,0,0,0,1,1,0,1,0,0,0,0,0,0,0,0,0,0,0,1,0,0,0,0,0,0,0,0,0,1,0,0,0,1,0,,1,0,0,0,0,1,0,1,0,0,0,0,0,1,0,1,,,,,,36-40,36-45,State route,R,Thursday,Not Used,PV,AIAN,0,1,0,0,State Route,State Patrol,Washington State Patrol Headquarter,1,1,0,0,0,,,,,,0.0,0.0,0.0,,,,,,,,,,,,,,,,,,,,,,,,,,,,,,,,,,,,99155
872,2018,43,E770816,5.0,02/11/2018,1:17,11,2,0.0,11,Clark,2370,1,0.0,3,1,2,3,0,5,3,,,,12,0,2,2.0,1,0,1,3,2,1,3,0,0,0,0,SR-14,,-122.6316667,45.6185,0,1,50,54,3,98,4,0,0,1,2,12,1,2,2,3,1,3,1,53,0,35,47,2007,0,0.0,12,12.0,,,,,1,1,33,1,7.0,1.0,4,0,3,0,11,4,02/11/2018,17:57,237053007520.0,7520.0,0.0,0.0,0.0,3.0,1,51,0.0,0.0,0.0,96,,,,,,9,,,,,,98686.0,53,71.0,180.0,6.0,1.0,0.0,0.0,0.0,2.0,,0,,,,,,0,02/15/2015,12/15/2016,8,0,0,0,0.0,1,8,,,0,0.0,0.0,8,1,2.0,1.0,,,1.0,,,2,1,0.09,,,,,,,,,,,,,,,,,,,,,,,,,,,,,,0,0,0,0,1,1,1,1,0,0,0,0,1,1,0,0,0,0,0,1,0,0,0,0,0,1,1,1,0,1,0,0,0,0,0,,1,0,0,0,0,1,0,1,0,0,0,0,0,1,0,1,,,,,,31-35,26-35,State route,U,Sunday,Belt Used,PV,White,0,0,0,1,State Route,State Patrol,Washington State Patrol Headquarter,0,1,0,0,0,,,,,,0.0,0.0,1.0,,,,,,,,,,,,,,,,,,,,,,,,,,,,,,,,,,,,98661
873,2018,43,E770816,5.0,02/11/2018,1:17,11,2,0.0,11,Clark,2370,1,0.0,3,1,2,3,0,5,3,,,,12,0,2,2.0,1,0,1,3,2,1,3,0,0,0,0,SR-14,,-122.6316667,45.6185,0,2,51,54,3,98,14,0,0,1,2,12,1,2,2,3,1,1,2,53,0,18,401,2004,0,0.0,12,,,,,,1,1,35,1,1.0,1.0,4,7,20,0,11,0,02/11/2018,1:17,237053007572.0,7572.0,0.0,0.0,0.0,2.0,1,0,0.0,0.0,0.0,96,,,,,,9,,,,,,98684.0,53,72.0,170.0,1.0,1.0,1.0,0.0,0.0,1.0,,0,,,,,,0,08/15/2016,06/15/2017,8,0,0,0,0.0,1,8,,,0,0.0,0.0,8,1,2.0,177.0,,,1.0,,,2,1,0.21,,,,,,,,,,,,,,,,,,,,,,,,,,,,,,0,0,0,0,1,1,1,1,0,0,0,0,1,1,0,0,0,0,0,1,0,0,0,0,0,1,1,1,0,1,0,0,0,1,0,,1,0,0,0,0,1,1,1,0,0,0,1,0,0,0,1,,,,,,31-35,26-35,State route,U,Sunday,Not Used,PV,Hispanic,0,0,0,1,State Route,State Patrol,Washington State Patrol Headquarter,0,1,0,0,0,,,,,,0.0,0.0,1.0,,,,,,,,,,,,,,,,,,,,,,,,,,,,,,,,,,,,98661
874,2018,43,E770816,5.0,02/11/2018,1:17,11,2,0.0,11,Clark,2370,1,0.0,3,1,2,3,0,5,3,,,,12,0,2,2.0,1,0,1,3,2,1,3,0,0,0,0,SR-14,,-122.6316667,45.6185,0,3,98,50,3,98,6,0,0,1,5,12,1,2,2,3,1,1,2,53,0,49,46,2013,0,0.0,12,,,,,,1,1,79,2,0.0,0.0,0,0,99,0,11,0,,,,,0.0,0.0,0.0,3.0,1,0,0.0,0.0,0.0,96,,,,,,99,,,,,,98664.0,53,58.0,145.0,6.0,1.0,0.0,1.0,0.0,1.0,,0,,,,,,4,09/15/2016,06/15/2017,20,0,0,0,8.0,9,8,,,0,0.0,0.0,8,9,8.0,95.0,,,96.0,,,8,95,995.0,,,,,,,,,,,,,,,,,,,,,,,,,,,,,,0,0,0,0,1,1,1,1,0,0,0,0,1,1,0,0,0,0,0,1,0,0,0,0,0,1,1,1,0,1,0,0,0,0,0,,0,0,0,0,0,0,0,0,0,1,0,0,0,0,0,0,,,,,,76-80,76+,State route,U,Sunday,Unknown,PV,Not Fatal,0,0,0,1,State Route,State Patrol,Washington State Patrol Headquarter,0,1,0,0,0,,,,,,0.0,0.0,0.0,,,,,,,,,,,,,,,,,,,,,,,,,,,,,,,,,,,,98661
875,2018,44,E771305,14.0,02/08/2018,6:03,8,2,0.0,11,Clark,0,5,0.0,2,1,2,1,1,1,1,6:05,6:09,,8,1,0,5.4,1,0,1,3,2,2,4,0,0,0,0,CR-NE HWY 99,,-122.6532167,45.699330556,0,1,13,80,5,40,14,0,0,1,7,8,1,1,9,1,1,1,1,53,0,12,402,2014,0,0.0,8,,,,,,1,1,29,1,0.0,0.0,0,0,99,0,11,0,,,,,0.0,0.0,0.0,3.0,1,0,0.0,0.0,0.0,96,,,,,,0,,,,,,98685.0,53,69.0,160.0,6.0,1.0,0.0,0.0,0.0,0.0,,97,,,,,,0,,,20,0,0,0,8.0,9,8,,,0,0.0,0.0,8,0,2.0,1.0,,,1.0,,,2,1,0.0,,,,,,,,,,,,,,,,,,,,,,,,,,,,,,0,0,0,0,0,0,0,0,0,1,1,1,0,0,0,0,0,0,0,0,0,0,0,0,0,0,0,0,0,1,0,1,0,0,0,,0,0,0,0,0,0,0,0,0,0,0,0,0,0,0,0,,,,,,26-30,26-35,County road,U,Thursday,Unknown,PV,Not Fatal,0,0,0,0,County Road,County Sheriff,Clark County Sheriff's Office,0,0,1,0,0,,,,,,0.0,0.0,0.0,,,,,,,,,,,,,,,,,,,,,,,,,,,,,,,,,,,,98665
876,2018,45,E776162,1.0,02/18/2018,12:50,18,2,3.0,77,Yakima,0,10,0.0,1,1,2,1,0,4,2,12:34,12:52,13:18,12,1,6,0.0,2,0,3,7,1,2,4,0,3,0,0,CR-HOFFER RD,HORSCHEL RD,-120.4347028,46.440602778,0,1,83,67,4,35,4,0,0,1,2,12,1,1,2,1,1,1,2,53,0,19,18,2004,0,0.0,12,,,,,,1,1,26,2,0.0,0.0,2,0,20,0,11,0,,,,,0.0,0.0,0.0,2.0,1,91,0.0,0.0,0.0,96,,,,,,9,,,,,,98208.0,53,69.0,165.0,1.0,1.0,1.0,1.0,0.0,0.0,,1,,,,,,3,05/15/2014,10/15/2015,1,0,0,0,8.0,9,8,,,0,0.0,0.0,8,1,2.0,402.0,996.0,,1.0,1.0,,2,1,0.19,,,,,,,,,,,,,,,,,,,,,,,,,,,,,,0,0,0,1,1,1,1,1,0,0,0,0,1,1,0,0,0,0,0,0,0,0,0,0,0,0,0,0,0,1,0,0,0,0,0,,0,0,0,0,0,1,1,1,0,1,0,1,0,0,0,1,,,,,,26-30,26-35,County road,R,Sunday,Not Used,PV,Not Fatal,1,0,0,0,County Road,State Patrol,Washington State Patrol Headquarter,0,0,1,0,0,,,,,,0.0,1.0,2.0,,,,,,,,,,,,,,,,,,,,,,,,,,,,,,,,,,,,98951
877,2018,45,E776162,1.0,02/18/2018,12:50,18,2,3.0,77,Yakima,0,10,0.0,1,1,2,1,0,4,2,12:34,12:52,13:18,12,0,6,0.0,2,0,3,7,1,2,4,0,3,20,3,CR-HOFFER RD,HORSCHEL RD,-120.4347028,46.440602778,0,2,82,66,4,35,4,0,0,1,2,12,1,1,2,1,11,3,1,53,0,20,2,2012,0,0.0,12,,,,,,1,1,39,1,0.0,0.0,3,0,3,0,11,5,,,,,0.0,0.0,3.0,3.0,1,0,0.0,0.0,0.0,96,,,,,,0,,,,,,98951.0,53,71.0,200.0,6.0,1.0,0.0,0.0,0.0,0.0,,0,,,,,,0,,,20,0,0,0,8.0,9,8,,,0,0.0,0.0,8,0,8.0,95.0,,,96.0,,,8,95,995.0,,,,,,,,,,,,,,,,,,,,,,,,,,,,,,0,0,0,1,1,1,1,1,0,0,0,0,1,1,0,0,0,0,0,0,0,0,0,0,0,0,0,0,0,1,0,0,0,0,0,,0,0,0,0,0,0,0,0,0,0,0,0,0,0,0,0,,,,,,36-40,36-45,County road,R,Sunday,Belt Used,PV,Not Fatal,1,0,0,0,County Road,State Patrol,Washington State Patrol Headquarter,0,0,1,0,0,,,,,,0.0,0.0,0.0,,,,,,,,,,,,,,,,,,,,,,,,,,,,,,,,,,,,98951