,year,case,par,repjur,crash_dt,crash_tm,accday,accmon,holiday,county,co_char,city,weather,weather2,lightcond,surfcond,surftype,numfatal,nmforms,pforms,vforms,not_tm,arr_tm,hosp_tm,fhevent,hitrun,manncol,milepnt,reljunc,reljuncinter,intersectiontype,funcsystem,landuse,ownership,route,schlbus,spejur,contdev,devfunc,trafid1,trafid2,x,y,wk_zone,vnumber,crashtype,criticalevent,criticaleventcat,spdlim,body,trailer,emerg,hazcargo,leave,mhevent,roadalgn,roadprof,traflane,trafflow,vehmanvr,numoccs,regowner,regstate,spuse,make,model,modelyr,vrf1,vrf2,seqevent1,seqevent2,seqevent3,seqevent4,seqevent5,seqevent6,pnumber,ptype,age,sex,hispanic,race,injury,diedscene,restraint,restraintmisuse,seatpos,takehosp,death_dt,death_tm,cert,cernum_wa,commlic,licendor,licrestrict,liccomp,drivpres,drf1,drf2,drf3,drf4,distract1,distract2,distract3,distract4,distract5,distract6,dricond1,dricond2,dricond3,dricond4,dricond5,dricond6,dzip,licstate,drhgt_in,weight,noncdl,noncdltype,prevdwi,prevoth,prevacc,prevspd,prevsus,driviol1,driviol2,driviol3,driviol4,driviol5,driviol6,spdrel,first_dt,last_dt,airbag,ejection,ejectpath,extricat,injurwrk,methalc,methdrug,nmlocat,strikveh,prf1,prf2,prf3,druginv,alcinvol,drugsts,drugres1,drugres2,drugres3,drugtst1,drugtst2,drugtst3,alcsts,alctst,alcres,nmact1,nmact2,nmact3,nmact4,nmact5,nmact6,nmprior1,nmprior2,nmprior3,nmprior4,nmprior5,nmprior6,nmcond1,nmcond2,nmcond3,nmcond4,nmcond5,nmcond6,nmsafe_helmet,nmsafe_pads,nmsafe_oth,nmprev_ref,nmprev_lgt,nmprev_oth,crashlocation,nmcrashtype,crosswalk,schoolzone,sidewalk,train_inv,wildlife_inv,rotr_fars,intersect_fars,dd_inv,aid_inv,dpd_inv,id_inv,mj_inv,impnm_inv,ainm_inv,dpnm_inv,speed_inv,unlic_inv,unendmc_inv,drowsy_inv,drdist_inv,nmdist_inv,fty_inv,unrestfat_inv,dr1617_inv,dr1820_inv,dr1620_inv,dr2125_inv,dr1625_inv,dr65_inv,dr70_inv,dr75_inv,mc_inv,pv_inv,ht_inv,ped_inv,bike_inv,unrest_fat,mc_fat,unhelmet_mc,pv_fat,ht_fat,ped_fat,bike_fat,dr_alc7,dr_alc8,dr_drug,dr_imp,dr_dist,dr_spd,dr_fty,dr_unlic,dr_alc7only,dr_alc8only,dr_drugonly,dr_drink,nm_imp,nm_alc7,nm_alc8,nm_drug,nm_dist,agegrp1,agegrp2,roadclass,urbrur,dayweek,restuse,vehtype,race_me,intersect,lanedep,oppdir,wrongway,rep_typ,investag,repag_long,rotr,st_rd,cty_rd,city_rd,oth_rd,drug_thc,thc_res,drug_cthc,cthc_res,drug_cann,prevpersemin,prevperse,prevsusoth,drugtst4,drugtst5,drugtst6,drugtst7,drugtst8,drugres4,drugres5,drugres6,drugres7,drugres8,adspresent,adsengaged,adslevel,race1,race2,race3,race4,race5,helmet,helmetmisuse,nmdistract1,nmdistract2,nmdistract3,nmdistract4,nmdistract5,nmdistract6,lab,isedtcase,crf1,crf2,crf3,CoRoadName,CoMP,IntCoRoadName,IntCoMP,zipcode
878,2018,47,E772016,290.0,02/22/2018,19:15,22,2,0.0,53,Pierce,2230,1,0.0,3,1,2,1,1,1,1,,,,8,1,0,0.0,1,0,1,3,2,4,6,0,0,0,0,S HOSMER ST,,-122.4631833,47.178144444,0,1,13,80,5,35,49,0,0,1,5,8,1,1,4,1,1,99,9,99,0,2,999,9999,0,0.0,8,,,,,,1,1,36,1,0.0,0.0,0,0,99,0,11,0,,,,,0.0,0.0,0.0,2.0,1,0,0.0,0.0,0.0,96,,,,,,99,,,,,,98444.0,53,65.0,150.0,1.0,1.0,0.0,0.0,0.0,0.0,,97,,,,,,4,,,99,0,0,0,8.0,9,8,,,0,0.0,0.0,8,9,8.0,95.0,,,96.0,,,8,95,995.0,,,,,,,,,,,,,,,,,,,,,,,,,,,,,,0,0,0,0,0,0,0,0,0,1,1,1,1,1,0,0,0,0,0,0,0,0,0,0,0,0,0,0,0,1,0,1,0,0,0,,0,0,0,0,0,0,0,0,0,1,0,1,0,0,0,0,,,,,,36-40,36-45,City street,U,Thursday,Unknown,PV,Not Fatal,0,0,0,0,City Street,Municipal/City Police,Tacoma Police Department,0,0,0,1,0,,,,,,0.0,0.0,0.0,,,,,,,,,,,,,,,,,,,,,,,,,,,,,,,,,,,,98408
879,2018,48,E772745,7.0,02/17/2018,3:10,17,2,3.0,33,King,1960,2,0.0,3,2,1,1,1,1,1,,,,8,0,0,0.6,20,1,1,1,2,1,1,0,0,0,0,I-5 CD16563,,-122.3250583,47.601622222,0,1,13,80,5,60,4,0,0,1,7,8,1,1,4,6,1,1,1,53,0,63,34,2018,0,0.0,8,,,,,,1,1,35,2,0.0,0.0,0,0,3,0,11,0,,,,,0.0,0.0,3.0,3.0,1,0,0.0,0.0,0.0,96,,,,,,0,,,,,,98003.0,53,66.0,160.0,6.0,1.0,0.0,0.0,0.0,0.0,,0,,,,,,0,,,20,0,0,0,8.0,9,8,,,0,0.0,0.0,8,0,8.0,95.0,,,96.0,,,8,95,995.0,,,,,,,,,,,,,,,,,,,,,,,,,,,,,,0,0,0,0,0,0,0,0,0,0,0,0,0,0,0,0,0,0,0,0,0,0,0,0,0,0,0,0,0,1,0,1,0,0,0,,0,0,0,0,0,0,0,0,0,0,0,0,0,0,0,0,,,,,,31-35,26-35,Interstate,U,Saturday,Belt Used,PV,Not Fatal,0,0,0,0,State Route,State Patrol,Washington State Patrol Headquarter,0,1,0,0,0,,,,,,0.0,0.0,0.0,,,,,,,,,,,,,,,,,,,,,,,,,,,,,,,,,,,,98104
880,2018,49,E773448,315.0,02/17/2018,8:20,17,2,3.0,7,Chelan,2460,4,0.0,1,3,2,1,0,3,2,,,,12,0,6,0.0,1,0,1,5,2,4,6,0,0,0,0,SKYLINE DR,,-120.3373972,47.408872222,0,1,66,10,2,25,3,0,0,1,7,12,2,1,2,1,14,2,1,53,0,37,31,1990,0,0.0,68,12.0,64.0,24.0,,,1,1,22,1,0.0,0.0,2,0,3,0,11,4,,,,,0.0,0.0,0.0,3.0,1,28,87.0,0.0,0.0,96,,,,,,0,,,,,,98815.0,53,72.0,220.0,6.0,1.0,0.0,0.0,0.0,0.0,,97,,,,,,0,,,20,0,0,0,8.0,9,8,,,0,0.0,0.0,8,0,2.0,1.0,,,1.0,,,2,1,0.0,,,,,,,,,,,,,,,,,,,,,,,,,,,,,,0,0,0,0,0,0,0,0,0,0,0,0,0,0,0,0,0,0,0,0,0,0,0,1,1,0,0,0,0,1,1,0,0,0,0,,0,0,0,0,0,0,0,0,0,0,0,0,0,0,0,0,,,,,,21-25,16-25,City street,U,Saturday,Belt Used,PV,Not Fatal,0,1,1,0,City Street,Municipal/City Police,Wenatchee Police Department,0,0,0,1,0,,,,,,0.0,0.0,0.0,,,,,,,,,,,,,,,,,,,,,,,,,,,,,,,,,,,,98801
881,2018,49,E773448,315.0,02/17/2018,8:20,17,2,3.0,7,Chelan,2460,4,0.0,1,3,2,1,0,3,2,,,,12,0,6,0.0,1,0,1,5,2,4,6,0,0,0,0,SKYLINE DR,,-120.3373972,47.408872222,0,2,66,62,4,25,63,0,0,1,5,12,3,2,2,1,14,1,3,53,0,85,881,2007,0,0.0,12,,,,,,1,1,64,1,0.0,0.0,0,0,2,0,11,0,,,,,6.0,1.0,0.0,3.0,1,0,0.0,0.0,0.0,96,,,,,,0,,,,,,98815.0,53,68.0,280.0,6.0,1.0,0.0,0.0,0.0,0.0,,0,,,,,,0,,,20,0,0,0,8.0,9,8,,,0,0.0,0.0,8,0,8.0,95.0,,,96.0,,,8,95,995.0,,,,,,,,,,,,,,,,,,,,,,,,,,,,,,0,0,0,0,0,0,0,0,0,0,0,0,0,0,0,0,0,0,0,0,0,0,0,1,1,0,0,0,0,1,1,0,0,0,0,,0,0,0,0,0,0,0,0,0,0,0,0,0,0,0,0,,,,,,61-65,56-65,City street,U,Saturday,,MHTRUCK,Not Fatal,0,1,1,0,City Street,Municipal/City Police,Wenatchee Police Department,0,0,0,1,0,,,,,,0.0,0.0,0.0,,,,,,,,,,,,,,,,,,,,,,,,,,,,,,,,,,,,98801
882,2018,50,E773623,4.0,02/23/2018,18:00,23,2,0.0,63,Spokane,0,4,0.0,2,3,2,1,0,4,2,18:12,18:30,19:23,12,0,2,182.9,1,0,1,3,1,1,2,0,0,0,0,US-395,,-117.4615639,47.926269444,0,1,50,6,1,60,4,0,0,1,5,12,1,4,2,1,1,2,2,16,0,20,16,2000,0,0.0,68,12.0,,,,,1,1,24,2,0.0,0.0,3,0,3,0,11,5,,,,,0.0,0.0,0.0,2.0,1,28,87.0,0.0,0.0,96,,,,,,0,,,,,,99006.0,53,64.0,135.0,1.0,1.0,0.0,2.0,1.0,1.0,,97,,,,,,4,10/15/2014,01/15/2018,1,0,0,0,8.0,9,8,,,0,0.0,0.0,8,0,8.0,95.0,,,96.0,,,8,95,995.0,,,,,,,,,,,,,,,,,,,,,,,,,,,,,,0,0,0,0,0,0,0,0,0,0,0,0,1,1,0,0,0,0,0,0,0,0,0,1,1,0,0,0,0,1,0,0,0,0,0,,0,0,0,0,0,0,0,0,0,1,0,1,0,0,0,0,,,,,,21-25,16-25,US highway,R,Friday,Belt Used,PV,Not Fatal,0,1,1,0,State Route,State Patrol,Washington State Patrol Headquarter,0,1,0,0,0,,,,,,0.0,0.0,6.0,,,,,,,,,,,,,,,,,,,,,,,,,,,,,,,,,,,,99006
883,2018,50,E773623,4.0,02/23/2018,18:00,23,2,0.0,63,Spokane,0,4,0.0,2,3,2,1,0,4,2,18:12,18:30,19:23,12,0,2,182.9,1,0,1,3,1,1,2,0,0,0,0,US-395,,-117.4615639,47.926269444,0,2,51,62,4,60,4,0,0,1,5,12,1,4,2,1,1,2,1,53,0,63,33,2004,0,0.0,12,,,,,,1,1,52,1,7.0,1.0,4,7,3,0,11,0,02/23/2018,18:00,53053009983.0,9983.0,0.0,0.0,3.0,3.0,1,0,0.0,0.0,0.0,96,,,,,,0,,,,,,99212.0,53,74.0,275.0,6.0,1.0,0.0,1.0,0.0,0.0,,0,,,,,,0,07/15/2015,07/15/2015,1,0,0,0,0.0,9,8,,,0,0.0,0.0,8,0,2.0,1.0,,,1.0,,,2,1,0.0,,,,,,,,,,,,,,,,,,,,,,,,,,,,,,0,0,0,0,0,0,0,0,0,0,0,0,1,1,0,0,0,0,0,0,0,0,0,1,1,0,0,0,0,1,0,0,0,0,0,,1,0,0,0,0,0,0,0,0,0,0,0,0,0,0,0,,,,,,51-55,46-55,US highway,R,Friday,Belt Used,PV,White,0,1,1,0,State Route,State Patrol,Washington State Patrol Headquarter,0,1,0,0,0,,,,,,0.0,0.0,0.0,,,,,,,,,,,,,,,,,,,,,,,,,,,,,,,,,,,,99006
884,2018,51,E773917,8.0,02/19/2018,7:50,19,2,3.0,45,Mason,0,10,0.0,1,8,2,1,0,1,1,,,,42,0,0,7.6,1,0,1,4,1,1,3,0,0,0,0,SR-108,,-123.1670194,47.100013889,0,1,6,12,2,50,3,0,0,1,7,42,2,1,2,1,14,1,1,53,0,49,34,1988,0,0.0,68,64.0,42.0,,,,1,1,57,1,7.0,1.0,4,7,3,0,11,0,02/19/2018,7:50,53008476.0,8476.0,0.0,0.0,0.0,3.0,1,0,0.0,0.0,0.0,96,,,,,,0,,,,,,98563.0,53,66.0,140.0,6.0,1.0,0.0,0.0,0.0,0.0,,0,,,,,,4,,,20,0,0,0,0.0,9,8,,,0,0.0,0.0,8,0,2.0,1.0,,,1.0,,,2,1,0.0,,,,,,,,,,,,,,,,,,,,,,,,,,,,,,0,0,1,0,0,0,0,0,0,0,0,0,1,0,0,0,0,0,0,0,0,0,0,0,0,0,0,0,0,1,0,0,0,0,0,,1,0,0,0,0,0,0,0,0,1,0,0,0,0,0,0,,,,,,56-60,56-65,State route,R,Monday,Belt Used,PV,White,0,1,0,0,State Route,State Patrol,Washington State Patrol Headquarter,1,1,0,0,0,,,,,,0.0,0.0,0.0,,,,,,,,,,,,,,,,,,,,,,,,,,,,,,,,,,,,98584
885,2018,52,E774125,40.0,02/26/2018,21:09,26,2,0.0,63,Spokane,0,1,0.0,2,1,2,1,0,2,2,,,,12,0,6,1.3,1,0,1,5,1,2,4,0,0,0,0,CR-N OLD TRAILS RD,,-117.5336972,47.686705556,0,1,98,10,2,45,3,0,0,1,7,12,1,2,2,1,1,1,2,53,0,69,54,2005,0,0.0,12,,,,,,1,1,36,2,7.0,1.0,4,7,3,0,11,0,02/26/2018,21:09,53009469.0,9469.0,0.0,0.0,0.0,2.0,1,28,0.0,0.0,0.0,96,,,,,,99,,,,,,99201.0,53,63.0,130.0,1.0,1.0,0.0,0.0,0.0,0.0,,0,,,,,,4,04/15/2015,04/15/2015,8,0,0,0,0.0,9,8,,,0,0.0,0.0,8,9,2.0,401.0,417.0,177.0,1.0,1.0,1.0,2,1,0.0,,,,,,,,,,,,,,,,,,,,,,,,,,,,,,0,0,0,0,0,0,1,1,0,0,0,0,1,1,0,0,0,0,0,0,0,0,0,0,0,0,0,0,0,1,0,0,0,0,0,,1,0,0,0,0,0,1,1,0,1,0,1,0,0,1,0,,,,,,36-40,36-45,County road,R,Monday,Belt Used,PV,White,0,1,1,0,County Road,County Sheriff,Spokane County Sheriff's Office,0,0,1,0,0,,,,,,0.0,0.0,2.0,,,,,,,,,,,,,,,,,,,,,,,,,,,,,,,,,,,,99224
886,2018,52,E774125,40.0,02/26/2018,21:09,26,2,0.0,63,Spokane,0,1,0.0,2,1,2,1,0,2,2,,,,12,0,6,1.3,1,0,1,5,1,2,4,0,0,0,0,CR-N OLD TRAILS RD,,-117.5336972,47.686705556,0,2,98,62,4,45,14,0,0,1,7,12,1,2,2,1,1,1,1,53,0,18,404,2016,0,0.0,12,,,,,,1,1,42,1,0.0,0.0,1,0,3,0,11,6,,,,,0.0,0.0,0.0,3.0,1,0,0.0,0.0,0.0,96,,,,,,0,,,,,,99026.0,53,71.0,225.0,6.0,1.0,0.0,0.0,0.0,1.0,,0,,,,,,0,01/15/2015,01/15/2015,8,0,0,0,8.0,9,8,,,0,0.0,0.0,8,0,2.0,423.0,996.0,,1.0,1.0,,2,1,0.0,,,,,,,,,,,,,,,,,,,,,,,,,,,,,,0,0,0,0,0,0,1,1,0,0,0,0,1,1,0,0,0,0,0,0,0,0,0,0,0,0,0,0,0,1,0,0,0,0,0,,0,0,0,0,0,0,1,1,0,0,0,0,0,0,1,0,,,,,,41-45,36-45,County road,R,Monday,Belt Used,PV,Not Fatal,0,1,1,0,County Road,County Sheriff,Spokane County Sheriff's Office,0,0,1,0,0,,,,,,0.0,0.0,0.0,,,,,,,,,,,,,,,,,,,,,,,,,,,,,,,,,,,,99224
887,2018,53,E774328,3.0,02/27/2018,20:42,27,2,0.0,53,Pierce,0,1,0.0,3,1,2,1,0,1,1,,,,24,0,0,0.1,5,1,1,3,2,1,3,0,0,0,0,SR-16 RAMP P100847,,-122.5598111,47.276427778,0,1,2,13,2,60,34,0,0,1,7,24,2,1,2,1,14,1,1,53,0,7,482,2005,0,0.0,63,24.0,30.0,42.0,,,1,1,57,1,7.0,1.0,4,7,99,0,11,0,02/27/2018,20:42,80053010092.0,10092.0,0.0,0.0,3.0,3.0,1,0,0.0,0.0,0.0,96,,,,,,99,,,,,,98584.0,53,72.0,200.0,6.0,1.0,0.0,0.0,0.0,0.0,,0,,,,,,0,,,20,0,0,0,0.0,9,8,,,0,0.0,0.0,8,9,2.0,1.0,,,1.0,,,2,1,0.0,,,,,,,,,,,,,,,,,,,,,,,,,,,,,,0,0,0,0,0,0,0,0,0,0,0,0,0,0,0,0,0,0,0,0,0,0,0,0,0,0,0,0,0,1,0,0,0,0,0,,1,0,0,0,0,0,0,0,0,0,0,0,0,0,0,0,,,,,,56-60,56-65,State route,U,Tuesday,Unknown,PV,White,0,1,0,0,State Route,State Patrol,Washington State Patrol Headquarter,1,1,0,0,0,,,,,,0.0,0.0,0.0,,,,,,,,,,,,,,,,,,,,,,,,,,,,,,,,,,,,98465
888,2018,54,3766279,16.0,02/10/2018,22:06,10,2,0.0,15,Cowlitz,0,1,0.0,2,1,2,1,0,1,1,,,,42,0,0,0.1,1,0,1,7,1,2,4,0,0,0,0,CR-BULAND DR,,-122.9048,46.267747222,0,1,7,6,1,25,34,0,0,1,7,42,3,2,2,1,14,1,1,53,0,20,481,2001,0,0.0,68,64.0,42.0,1.0,,,1,1,39,1,7.0,1.0,4,7,20,0,11,0,02/10/2018,22:06,28053008134.0,8134.0,0.0,0.0,0.0,3.0,1,0,0.0,0.0,0.0,96,,,,,,99,,,,,,98611.0,53,75.0,235.0,6.0,1.0,0.0,0.0,0.0,0.0,,0,,,,,,3,,,20,0,0,0,0.0,9,8,,,0,0.0,0.0,8,9,2.0,605.0,695.0,,1.0,1.0,,2,1,0.1,,,,,,,,,,,,,,,,,,,,,,,,,,,,,,0,0,0,0,1,1,1,1,1,0,0,0,1,0,0,0,0,0,0,1,0,0,0,0,0,0,0,0,0,1,0,0,0,1,0,,1,0,0,0,0,1,1,1,0,1,0,0,0,0,0,1,,,,,,36-40,36-45,County road,R,Saturday,Not Used,PV,White,0,1,0,0,County Road,County Sheriff,Cowlitz County Sheriff's Office,1,0,1,0,0,thc,21.0,carboxy-thc,32.0,,0.0,0.0,0.0,,,,,,,,,,,,,,,,,,,,,,,,,,,,,,,,,,,,98611
889,2018,55,3754437,263.0,02/18/2018,17:15,18,2,3.0,33,King,1960,6,0.0,5,1,1,1,1,1,1,,,,8,0,0,33.4,1,0,1,3,2,1,3,0,0,0,0,SR-99,,-122.3449806,47.723188889,0,1,13,80,5,35,52,0,0,1,5,8,1,2,6,1,8,13,3,53,3,98,988,2013,0,0.0,8,,,,,,1,1,49,1,0.0,0.0,0,0,3,0,11,0,,,,,6.0,1.0,3.0,3.0,1,0,0.0,0.0,0.0,96,,,,,,0,,,,,,98146.0,53,65.0,150.0,6.0,1.0,0.0,0.0,0.0,0.0,,0,,,,,,0,,,20,0,0,0,8.0,9,2,,,0,0.0,0.0,0,0,8.0,95.0,,,96.0,,,8,95,995.0,,,,,,,,,,,,,,,,,,,,,,,,,,,,,,0,0,0,0,0,0,0,0,0,0,0,0,0,0,0,0,0,0,0,0,0,0,0,0,0,0,0,0,0,0,0,1,0,0,0,,0,0,0,0,0,0,0,0,0,0,0,0,0,0,0,0,,,,,,46-50,46-55,State route,U,Sunday,,BUS,Not Fatal,0,0,0,0,State Route,Municipal/City Police,Seattle Police Department,0,1,0,0,0,,,,,,0.0,0.0,0.0,,,,,,,,,,,,,,,,,,,,,,,,,,,,,,,,,,,,98133
890,2018,56,E778951,7.0,02/25/2018,15:48,25,2,0.0,33,King,0,1,0.0,1,1,2,1,0,6,3,,,,12,0,8,0.7,1,0,1,4,1,2,4,0,0,0,0,CR-SE AUBURN BLACK DIAMOND,,-122.1647333,47.312566667,0,1,64,10,2,40,63,1,0,1,7,1,2,1,2,1,14,1,1,53,0,98,890,1986,0,0.0,68,12.0,1.0,54.0,,,1,1,53,1,0.0,0.0,2,0,2,0,11,0,,,,,6.0,1.0,1.0,3.0,1,0,0.0,0.0,0.0,96,,,,,,0,,,,,,98042.0,53,70.0,230.0,6.0,1.0,0.0,3.0,0.0,0.0,,97,,,,,,0,03/15/2014,04/15/2016,20,0,0,0,8.0,9,8,,,0,0.0,0.0,8,0,8.0,95.0,,,96.0,,,8,95,995.0,,,,,,,,,,,,,,,,,,,,,,,,,,,,,,0,0,0,0,0,0,0,0,0,0,0,0,0,0,0,0,0,0,0,0,0,0,0,0,0,0,0,0,0,1,1,0,0,0,0,,0,0,0,0,0,0,0,0,0,0,0,0,0,0,0,0,,,,,,51-55,46-55,County road,R,Sunday,,MHTRUCK,Not Fatal,0,1,1,0,County Road,County Sheriff,King County Police,0,0,1,0,0,,,,,,0.0,0.0,0.0,,,,,,,,,,,,,,,,,,,,,,,,,,,,,,,,,,,,98092
891,2018,56,E778951,7.0,02/25/2018,15:48,25,2,0.0,33,King,0,1,0.0,1,1,1,1,0,6,3,,,,12,0,8,0.7,1,0,1,4,1,2,4,0,0,0,0,CR-SE AUBURN BLACK DIAMOND,,-122.1647333,47.312566667,0,2,98,62,4,40,6,0,0,1,7,54,3,1,2,1,14,3,2,53,0,6,52,2005,0,0.0,60,54.0,,,,,1,1,35,1,0.0,0.0,3,0,3,0,11,5,,,,,0.0,0.0,0.0,3.0,1,0,0.0,0.0,0.0,96,,,,,,0,,,,,,98092.0,53,70.0,190.0,6.0,1.0,0.0,8.0,1.0,2.0,,0,,,,,,0,08/15/2014,10/15/2017,8,0,0,0,8.0,9,8,,,0,0.0,0.0,8,0,8.0,95.0,,,96.0,,,8,95,995.0,,,,,,,,,,,,,,,,,,,,,,,,,,,,,,0,0,0,0,0,0,0,0,0,0,0,0,0,0,0,0,0,0,0,0,0,0,0,0,0,0,0,0,0,1,1,0,0,0,0,,0,0,0,0,0,0,0,0,0,0,0,0,0,0,0,0,,,,,,31-35,26-35,County road,R,Sunday,Belt Used,PV,Not Fatal,0,1,1,0,County Road,County Sheriff,King County Police,0,0,1,0,0,,,,,,0.0,0.0,0.0,,,,,,,,,,,,,,,,,,,,,,,,,,,,,,,,,,,,98092
892,2018,56,E778951,7.0,02/25/2018,15:48,25,2,0.0,33,King,0,1,0.0,1,1,1,1,0,6,3,,,,12,0,8,0.7,1,0,1,4,1,2,4,0,0,0,0,CR-SE AUBURN BLACK DIAMOND,,-122.1647333,47.312566667,0,3,65,62,4,40,15,0,0,1,5,12,3,1,2,1,14,2,1,53,0,20,421,2017,0,0.0,12,,,,,,1,1,64,1,0.0,0.0,0,0,3,0,11,0,,,,,0.0,0.0,0.0,3.0,1,0,0.0,0.0,0.0,96,,,,,,0,,,,,,98051.0,53,70.0,208.0,6.0,1.0,0.0,0.0,2.0,0.0,,0,,,,,,0,04/15/2015,09/15/2015,20,0,0,0,8.0,9,8,,,0,0.0,0.0,8,0,8.0,95.0,,,96.0,,,8,95,995.0,,,,,,,,,,,,,,,,,,,,,,,,,,,,,,0,0,0,0,0,0,0,0,0,0,0,0,0,0,0,0,0,0,0,0,0,0,0,0,0,0,0,0,0,1,1,0,0,0,0,,0,0,0,0,0,0,0,0,0,0,0,0,0,0,0,0,,,,,,61-65,56-65,County road,R,Sunday,Belt Used,PV,Not Fatal,0,1,1,0,County Road,County Sheriff,King County Police,0,0,1,0,0,,,,,,0.0,0.0,0.0,,,,,,,,,,,,,,,,,,,,,,,,,,,,,,,,,,,,98092
893,2018,57,E774076,39.0,02/22/2018,15:37,22,2,0.0,61,Snohomish,0,1,0.0,1,1,2,1,1,2,1,,,,9,0,0,0.0,2,1,2,4,2,1,2,0,0,0,0,US-2 LX00851,88TH ST SE,-122.0710917,47.916086111,0,1,13,83,5,35,34,0,0,1,7,9,1,2,2,1,1,2,2,53,0,35,472,2011,0,0.0,9,,,,,,1,1,27,2,0.0,0.0,0,0,3,0,11,0,,,,,0.0,0.0,3.0,3.0,1,0,0.0,0.0,0.0,96,,,,,,0,,,,,,92860.0,6,67.0,150.0,6.0,1.0,0.0,0.0,0.0,0.0,,0,,,,,,0,,,20,0,0,0,8.0,9,8,,,0,0.0,0.0,8,0,8.0,95.0,,,96.0,,,8,95,995.0,,,,,,,,,,,,,,,,,,,,,,,,,,,,,,0,0,0,1,0,0,0,0,0,0,0,0,0,0,0,0,0,0,0,0,0,0,0,0,0,0,0,0,0,1,0,0,1,0,0,,0,0,0,0,0,0,0,0,0,0,0,0,0,0,0,0,,,,,,26-30,26-35,US highway,U,Thursday,Belt Used,PV,Not Fatal,1,0,0,0,State Route,County Sheriff,Snohomish County Sheriff's Office,0,1,0,0,0,,,,,,0.0,0.0,0.0,,,,,,,,,,,,,,,,,,,,,,,,,,,,,,,,,,,,98291
894,2018,58,3659664,344.0,02/26/2018,16:26,26,2,0.0,77,Yakima,0,1,0.0,1,1,4,1,0,1,1,,,,1,0,0,7.0,1,0,1,7,1,2,4,0,3,0,0,CR-MCDONALD RD,,-120.5048083,46.390180556,0,1,2,6,1,50,4,0,0,1,7,1,1,1,2,1,1,1,2,53,0,37,32,1994,0,0.0,63,1.0,,,,,1,1,28,2,7.0,3.0,4,7,99,0,11,0,02/26/2018,16:26,53009091.0,9091.0,0.0,0.0,0.0,0.0,1,0,0.0,0.0,0.0,92,,,,,,98,,,,,,98948.0,53,59.0,114.0,0.0,0.0,0.0,0.0,1.0,0.0,,0,,,,,,4,05/15/2013,05/15/2016,20,1,9,0,0.0,9,8,,,0,0.0,0.0,8,8,2.0,1.0,,,1.0,,,2,1,0.074,,,,,,,,,,,,,,,,,,,,,,,,,,,,,,0,0,0,0,1,0,0,0,0,0,0,0,1,1,0,0,1,0,0,0,0,0,0,0,0,0,0,0,0,1,0,0,0,0,0,,1,0,0,0,1,0,0,0,1,1,0,1,1,0,0,1,,,,,,26-30,26-35,County road,R,Monday,Unknown,PV,AIAN,0,1,0,0,County Road,Other Law Enforcement,Yakama Tribal Police Department,1,0,1,0,0,,,,,,0.0,0.0,1.0,,,,,,,,,,,,,,,,,,,,,,,,,,,,,,,,,,,,98951
895,2018,59,3660706,344.0,02/27/2018,20:34,27,2,0.0,77,Yakima,0,98,0.0,8,98,8,1,1,1,1,,,,8,1,0,5.9,1,0,1,5,1,2,4,0,3,0,0,CR-FORT RD,,-120.4524333,46.37545,0,1,13,11,2,98,99,9,0,1,5,8,8,8,2,1,1,99,9,99,0,99,999,9999,0,0.0,8,,,,,,1,1,999,8,0.0,0.0,0,0,98,0,11,0,,,,,99.0,9.0,9.0,9.0,1,0,0.0,0.0,0.0,96,,,,,,98,,,,,,99999.0,98,,999.0,9.0,9.0,99.0,99.0,99.0,99.0,,97,,,,,,0,,,98,0,0,0,8.0,9,8,,,0,0.0,0.0,8,8,0.0,0.0,,,0.0,,,0,0,996.0,,,,,,,,,,,,,,,,,,,,,,,,,,,,,,0,0,0,0,0,0,0,0,0,1,0,1,0,0,0,0,0,0,0,0,0,0,0,0,0,0,0,0,0,0,0,1,0,0,0,,0,0,0,0,0,0,0,0,0,0,0,0,0,0,0,0,,,,,,,,County road,R,Tuesday,,NR-U,Not Fatal,0,0,0,0,County Road,Other Law Enforcement,Yakama Tribal Police Department,0,0,1,0,0,,,,,,99.0,99.0,99.0,,,,,,,,,,,,,,,,,,,,,,,,,,,,,,,,,,,,98948
896,2018,60,E776245,55.0,03/02/2018,4:44,2,3,0.0,33,King,100,2,0.0,3,2,2,1,0,1,1,,,,30,0,0,4.1,3,0,3,3,2,1,3,0,0,3,3,SR-164,ACADEMY DR,-122.1550583,47.274994444,0,1,2,9,1,40,14,0,0,1,2,30,1,1,3,1,1,1,1,53,0,20,403,2004,0,0.0,63,30.0,39.0,,,,1,1,25,1,7.0,3.0,4,7,20,0,11,0,03/02/2018,4:44,10053010122.0,10122.0,0.0,0.0,0.0,2.0,1,0,0.0,0.0,0.0,93,,,,,,99,,,,,,98092.0,53,64.0,290.0,1.0,1.0,0.0,2.0,1.0,1.0,,0,,,,,,0,03/15/2013,12/15/2017,20,1,9,0,0.0,9,8,,,0,0.0,0.0,8,1,2.0,605.0,695.0,,1.0,1.0,,2,1,0.14,,,,,,,,,,,,,,,,,,,,,,,,,,,,,,0,0,0,1,1,1,1,1,1,0,0,0,0,1,0,0,1,0,0,1,0,0,0,1,1,0,0,0,0,1,0,0,0,1,0,,1,0,0,0,0,1,1,1,1,0,0,1,0,0,0,1,,,,,,21-25,16-25,State route,U,Friday,Not Used,PV,AIAN,0,1,0,0,State Route,Municipal/City Police,Auburn Police Department,1,1,0,0,0,thc,17.0,carboxy-thc,130.0,,0.0,0.0,6.0,,,,,,,,,,,,,,,,,,,,,,,,,,,,,,,,,,,,98092