,year,case,par,repjur,crash_dt,crash_tm,accday,accmon,holiday,county,co_char,city,weather,weather2,lightcond,surfcond,surftype,numfatal,nmforms,pforms,vforms,not_tm,arr_tm,hosp_tm,fhevent,hitrun,manncol,milepnt,reljunc,reljuncinter,intersectiontype,funcsystem,landuse,ownership,route,schlbus,spejur,contdev,devfunc,trafid1,trafid2,x,y,wk_zone,vnumber,crashtype,criticalevent,criticaleventcat,spdlim,body,trailer,emerg,hazcargo,leave,mhevent,roadalgn,roadprof,traflane,trafflow,vehmanvr,numoccs,regowner,regstate,spuse,make,model,modelyr,vrf1,vrf2,seqevent1,seqevent2,seqevent3,seqevent4,seqevent5,seqevent6,pnumber,ptype,age,sex,hispanic,race,injury,diedscene,restraint,restraintmisuse,seatpos,takehosp,death_dt,death_tm,cert,cernum_wa,commlic,licendor,licrestrict,liccomp,drivpres,drf1,drf2,drf3,drf4,distract1,distract2,distract3,distract4,distract5,distract6,dricond1,dricond2,dricond3,dricond4,dricond5,dricond6,dzip,licstate,drhgt_in,weight,noncdl,noncdltype,prevdwi,prevoth,prevacc,prevspd,prevsus,driviol1,driviol2,driviol3,driviol4,driviol5,driviol6,spdrel,first_dt,last_dt,airbag,ejection,ejectpath,extricat,injurwrk,methalc,methdrug,nmlocat,strikveh,prf1,prf2,prf3,druginv,alcinvol,drugsts,drugres1,drugres2,drugres3,drugtst1,drugtst2,drugtst3,alcsts,alctst,alcres,nmact1,nmact2,nmact3,nmact4,nmact5,nmact6,nmprior1,nmprior2,nmprior3,nmprior4,nmprior5,nmprior6,nmcond1,nmcond2,nmcond3,nmcond4,nmcond5,nmcond6,nmsafe_helmet,nmsafe_pads,nmsafe_oth,nmprev_ref,nmprev_lgt,nmprev_oth,crashlocation,nmcrashtype,crosswalk,schoolzone,sidewalk,train_inv,wildlife_inv,rotr_fars,intersect_fars,dd_inv,aid_inv,dpd_inv,id_inv,mj_inv,impnm_inv,ainm_inv,dpnm_inv,speed_inv,unlic_inv,unendmc_inv,drowsy_inv,drdist_inv,nmdist_inv,fty_inv,unrestfat_inv,dr1617_inv,dr1820_inv,dr1620_inv,dr2125_inv,dr1625_inv,dr65_inv,dr70_inv,dr75_inv,mc_inv,pv_inv,ht_inv,ped_inv,bike_inv,unrest_fat,mc_fat,unhelmet_mc,pv_fat,ht_fat,ped_fat,bike_fat,dr_alc7,dr_alc8,dr_drug,dr_imp,dr_dist,dr_spd,dr_fty,dr_unlic,dr_alc7only,dr_alc8only,dr_drugonly,dr_drink,nm_imp,nm_alc7,nm_alc8,nm_drug,nm_dist,agegrp1,agegrp2,roadclass,urbrur,dayweek,restuse,vehtype,race_me,intersect,lanedep,oppdir,wrongway,rep_typ,investag,repag_long,rotr,st_rd,cty_rd,city_rd,oth_rd,drug_thc,thc_res,drug_cthc,cthc_res,drug_cann,prevpersemin,prevperse,prevsusoth,drugtst4,drugtst5,drugtst6,drugtst7,drugtst8,drugres4,drugres5,drugres6,drugres7,drugres8,adspresent,adsengaged,adslevel,race1,race2,race3,race4,race5,helmet,helmetmisuse,nmdistract1,nmdistract2,nmdistract3,nmdistract4,nmdistract5,nmdistract6,lab,isedtcase,crf1,crf2,crf3,CoRoadName,CoMP,IntCoRoadName,IntCoMP,zipcode
897,2018,61,E776103,6.0,03/03/2018,12:10,3,3,0.0,37,Kittitas,0,1,0.0,1,1,2,1,0,2,1,,,,35,0,0,121.7,1,0,1,1,1,1,1,0,0,0,0,I-90,,-120.2575722,46.950369444,0,1,7,6,1,70,4,0,0,1,2,1,3,2,4,2,14,2,1,53,0,35,43,2005,0,0.0,64,35.0,1.0,,,,1,1,30,1,6.0,1.0,4,7,3,0,11,0,03/03/2018,12:10,53010987.0,10987.0,0.0,0.0,0.0,3.0,1,0,0.0,0.0,0.0,96,,,,,,99,,,,,,98848.0,53,64.0,130.0,6.0,1.0,0.0,0.0,0.0,1.0,,0,,,,,,3,11/15/2017,11/15/2017,20,0,0,0,0.0,9,8,,,0,0.0,0.0,8,9,2.0,1.0,,,14.0,,,2,4,0.0,,,,,,,,,,,,,,,,,,,,,,,,,,,,,,0,0,0,0,0,0,0,0,0,0,0,0,1,0,0,0,0,0,0,0,0,0,0,0,0,0,0,0,0,1,0,0,0,0,0,,1,0,0,0,0,0,0,0,0,1,0,0,0,0,0,0,,,,,,26-30,26-35,Interstate,R,Saturday,Belt Used,PV,Hispanic,0,1,0,0,State Route,State Patrol,Washington State Patrol Headquarter,1,1,0,0,0,,,,,,0.0,0.0,0.0,,,,,,,,,,,,,,,,,,,,,,,,,,,,,,,,,,,,
898,2018,62,E776954,163.0,03/02/2018,14:28,2,3,0.0,33,King,1050,1,0.0,1,1,2,1,1,2,1,,,,8,0,0,0.0,3,0,2,4,2,4,6,0,0,20,3,NE 68TH ST,112TH AVE NE,-122.1909722,47.666633333,0,1,13,80,5,30,14,0,0,1,7,8,4,2,2,1,11,2,1,53,0,58,403,2014,0,0.0,8,,,,,,1,1,42,2,0.0,0.0,0,0,3,0,11,0,,,,,0.0,0.0,3.0,3.0,1,0,0.0,0.0,0.0,93,,,,,,0,,,,,,98033.0,53,62.0,130.0,6.0,1.0,0.0,0.0,0.0,0.0,,0,,,,,,0,,,20,0,0,0,8.0,9,8,,,0,0.0,0.0,8,0,8.0,95.0,,,96.0,,,8,95,995.0,,,,,,,,,,,,,,,,,,,,,,,,,,,,,,0,0,0,1,0,0,0,0,0,0,0,0,0,0,0,0,1,0,0,0,0,0,0,0,0,0,0,0,0,1,0,1,0,0,0,,0,0,0,0,0,0,0,0,1,0,0,0,0,0,0,0,,,,,,41-45,36-45,City street,U,Friday,Belt Used,PV,Not Fatal,1,0,0,0,City Street,Municipal/City Police,Kirkland Police Department,0,0,0,1,0,,,,,,0.0,0.0,0.0,,,,,,,,,,,,,,,,,,,,,,,,,,,,,,,,,,,,98033
899,2018,63,E778332,242.0,03/11/2018,14:55,11,3,0.0,53,Pierce,1770,1,0.0,1,1,2,1,0,3,3,,,,12,0,1,0.0,3,0,2,4,2,4,6,0,0,0,0,9TH ST SW,S HILL PARK DR,-122.3040833,47.160741667,0,1,20,50,3,35,2,0,0,1,7,12,1,2,5,1,1,1,1,53,0,37,32,1994,0,0.0,12,,,,,,1,1,82,1,7.0,1.0,4,0,20,0,11,5,03/11/2018,20:13,223053011371.0,11371.0,0.0,0.0,0.0,3.0,1,0,0.0,0.0,0.0,92,,,,,,99,,,,,,98371.0,53,72.0,180.0,6.0,1.0,0.0,0.0,0.0,0.0,,0,,,,,,4,,,20,0,0,0,0.0,9,8,,,0,0.0,0.0,8,9,8.0,95.0,,,96.0,,,8,95,995.0,,,,,,,,,,,,,,,,,,,,,,,,,,,,,,0,0,0,1,0,0,0,0,0,0,0,0,1,0,0,0,1,0,0,1,0,0,0,0,0,1,1,1,0,1,0,0,0,1,0,,1,0,0,0,0,0,0,0,1,1,0,0,0,0,0,0,,,,,,81+,76+,City street,U,Sunday,Not Used,PV,White,0,0,0,0,State Route,Municipal/City Police,Puyallup Police Department,0,1,0,0,0,,,,,,0.0,0.0,0.0,,,,,,,,,,,,,,,,,,,,,,,,,,,,,,,,,,,,98371
900,2018,63,E778332,242.0,03/11/2018,14:55,11,3,0.0,53,Pierce,1770,1,0.0,1,1,2,1,0,3,3,,,,12,0,1,0.0,3,0,2,4,2,4,6,0,0,0,0,9TH ST SW,S HILL PARK DR,-122.3040833,47.160741667,0,2,21,53,3,35,4,0,0,1,7,12,1,2,5,1,5,1,1,53,0,34,34,2014,0,0.0,12,12.0,,,,,1,1,45,2,0.0,0.0,1,0,3,0,11,0,,,,,0.0,0.0,0.0,3.0,1,0,0.0,0.0,0.0,96,,,,,,0,,,,,,98507.0,53,66.0,135.0,6.0,1.0,0.0,0.0,1.0,0.0,,0,,,,,,0,06/15/2017,06/15/2017,20,0,0,0,8.0,9,8,,,0,0.0,0.0,8,0,8.0,95.0,,,96.0,,,8,95,995.0,,,,,,,,,,,,,,,,,,,,,,,,,,,,,,0,0,0,1,0,0,0,0,0,0,0,0,1,0,0,0,1,0,0,1,0,0,0,0,0,1,1,1,0,1,0,0,0,0,0,,0,0,0,0,0,0,0,0,0,0,0,0,0,0,0,0,,,,,,41-45,36-45,City street,U,Sunday,Belt Used,PV,Not Fatal,0,0,0,0,State Route,Municipal/City Police,Puyallup Police Department,0,1,0,0,0,,,,,,0.0,0.0,0.0,,,,,,,,,,,,,,,,,,,,,,,,,,,,,,,,,,,,98371
901,2018,63,E778332,242.0,03/11/2018,14:55,11,3,0.0,53,Pierce,1770,1,0.0,1,1,2,1,0,3,3,,,,12,0,1,0.0,3,0,2,4,2,4,6,0,0,0,0,9TH ST SW,S HILL PARK DR,-122.3040833,47.160741667,0,3,98,53,3,35,4,0,0,1,5,12,1,2,5,1,5,1,1,53,0,37,32,2000,0,0.0,12,,,,,,1,1,56,1,0.0,0.0,1,0,99,0,11,0,,,,,0.0,0.0,0.0,3.0,1,0,0.0,0.0,0.0,0,,,,,,0,,,,,,98354.0,53,77.0,230.0,6.0,1.0,0.0,0.0,0.0,1.0,,0,,,,,,0,05/15/2015,05/15/2015,20,0,0,0,8.0,9,8,,,0,0.0,0.0,8,0,8.0,95.0,,,96.0,,,8,95,995.0,,,,,,,,,,,,,,,,,,,,,,,,,,,,,,0,0,0,1,0,0,0,0,0,0,0,0,1,0,0,0,1,0,0,1,0,0,0,0,0,1,1,1,0,1,0,0,0,0,0,,0,0,0,0,0,0,0,0,0,0,0,0,0,0,0,0,,,,,,56-60,56-65,City street,U,Sunday,Unknown,PV,Not Fatal,0,0,0,0,State Route,Municipal/City Police,Puyallup Police Department,0,1,0,0,0,,,,,,0.0,0.0,0.0,,,,,,,,,,,,,,,,,,,,,,,,,,,,,,,,,,,,98371
902,2018,64,E778214,2.0,03/12/2018,18:14,12,3,0.0,57,Skagit,0,1,0.0,1,1,2,1,0,1,1,18:11,18:27,,38,0,0,74.3,1,0,1,4,1,1,3,0,0,0,0,SR-20,,-122.0479556,48.530194444,0,1,6,12,2,55,15,0,0,1,7,42,1,1,2,1,1,1,1,53,0,49,421,1993,0,0.0,68,64.0,38.0,42.0,,,1,1,65,1,7.0,1.0,4,7,3,0,11,0,03/12/2018,18:14,120053012118.0,12118.0,0.0,0.0,0.0,3.0,1,0,0.0,0.0,0.0,96,,,,,,9,,,,,,98237.0,53,75.0,199.0,6.0,1.0,0.0,0.0,0.0,0.0,,0,,,,,,0,,,20,0,0,0,0.0,9,1,,,0,0.0,0.0,1,0,2.0,401.0,189.0,605.0,1.0,1.0,1.0,2,1,0.0,,,,,,,,,,,,,,,,,,,,,,,,,,,,,,0,0,1,0,0,0,1,1,1,0,0,0,0,0,0,0,0,0,0,0,0,0,0,0,0,1,0,0,0,1,0,0,0,0,0,,1,0,0,0,0,0,1,1,0,0,0,0,0,0,1,0,,,,,,61-65,56-65,State route,R,Monday,Belt Used,PV,White,0,1,0,0,State Route,State Patrol,Washington State Patrol Headquarter,1,1,0,0,0,thc,2.5,carboxy-thc,9.3,,0.0,0.0,0.0,1.0,1.0,1.0,,,695.0,996.0,996.0,,,,,,,,,,,,,,,,,,,,,,,,,,,,98284
903,2018,65,E777812,7.0,03/11/2018,3:12,11,3,0.0,33,King,1960,1,0.0,3,1,1,1,0,2,2,,,,25,0,0,0.7,1,0,1,1,2,1,1,0,0,0,0,I-90,,-122.3192917,47.594072222,0,1,1,13,2,60,14,0,0,1,2,12,1,1,2,3,1,1,2,53,0,48,403,2018,0,0.0,63,25.0,69.0,12.0,63.0,25.0,1,1,20,1,0.0,0.0,1,0,3,0,11,5,,,,,0.0,0.0,0.0,3.0,1,51,91.0,0.0,0.0,96,,,,,,9,,,,,,98040.0,53,69.0,145.0,6.0,1.0,0.0,0.0,0.0,0.0,,1,,,,,,0,,,1,0,0,0,8.0,9,8,,,0,0.0,0.0,8,1,2.0,1.0,,,1.0,,,2,1,0.19,,,,,,,,,,,,,,,,,,,,,,,,,,,,,,0,0,1,0,1,1,0,1,0,0,0,0,0,0,0,0,0,0,0,1,0,1,1,1,1,0,0,0,0,1,0,0,0,0,0,,0,0,0,0,0,1,0,1,0,0,0,0,0,1,0,1,,,,,,18-20,16-25,Interstate,U,Sunday,Belt Used,PV,Not Fatal,0,1,0,0,State Route,State Patrol,Washington State Patrol Headquarter,1,1,0,0,0,,,,,,0.0,0.0,0.0,,,,,,,,,,,,,,,,,,,,,,,,,,,,,,,,,,,,98104
904,2018,65,E777812,7.0,03/11/2018,3:12,11,3,0.0,33,King,1960,1,0.0,3,1,1,1,0,2,2,,,,25,0,0,0.7,1,0,1,1,2,1,1,0,0,0,0,I-90,,-122.3192917,47.594072222,0,2,98,54,3,60,6,0,0,1,7,12,1,1,2,3,1,1,1,53,0,37,32,1995,0,0.0,12,,,,,,1,1,25,1,7.0,1.0,4,7,20,0,11,0,03/11/2018,3:26,196053011659.0,11659.0,0.0,0.0,0.0,3.0,1,0,0.0,0.0,0.0,96,,,,,,99,,,,,,98029.0,53,75.0,230.0,6.0,1.0,0.0,0.0,1.0,0.0,,0,,,,,,0,09/15/2013,09/15/2013,1,0,0,0,0.0,9,8,,,0,0.0,0.0,8,9,2.0,1.0,,,1.0,,,2,1,0.11,,,,,,,,,,,,,,,,,,,,,,,,,,,,,,0,0,1,0,1,1,0,1,0,0,0,0,0,0,0,0,0,0,0,1,0,1,1,1,1,0,0,0,0,1,0,0,0,1,0,,1,0,0,0,0,1,0,1,0,0,0,0,0,1,0,1,,,,,,21-25,16-25,Interstate,U,Sunday,Not Used,PV,White,0,1,0,0,State Route,State Patrol,Washington State Patrol Headquarter,1,1,0,0,0,,,,,,0.0,0.0,0.0,,,,,,,,,,,,,,,,,,,,,,,,,,,,,,,,,,,,98104
905,2018,66,E777656,42.0,03/10/2018,17:42,10,3,0.0,67,Thurston,0,1,0.0,1,1,2,1,0,1,1,,,,24,0,0,1.5,1,0,1,5,1,2,4,0,0,0,0,CR-GATE RD SW,,-123.1071667,46.848922222,0,1,2,6,1,35,80,0,0,1,5,24,3,3,2,1,14,1,1,53,0,72,706,1999,0,0.0,63,24.0,,,,,1,1,55,1,7.0,1.0,4,7,19,0,11,0,03/10/2018,17:42,53011904.0,11904.0,0.0,0.0,0.0,3.0,1,0,0.0,0.0,0.0,96,,,,,,99,,,,,,98512.0,53,71.0,185.0,6.0,1.0,0.0,1.0,0.0,0.0,,0,,,,,,3,12/15/2015,12/15/2015,20,8,0,0,0.0,9,8,,,0,0.0,0.0,8,1,2.0,1.0,,,1.0,,,2,1,0.0,,,,,,,,,,,,,,,,,,,,,,,,,,,,,,0,0,0,0,1,0,0,0,0,0,0,0,1,0,0,0,0,0,0,0,0,0,0,0,0,0,0,0,1,0,0,0,0,0,1,0.0,0,0,0,0,0,0,0,0,0,1,0,0,0,0,0,1,,,,,,51-55,46-55,County road,R,Saturday,,MC,White,0,1,0,0,County Road,County Sheriff,Thurston County Sheriff's Office,1,0,1,0,0,,,,,,0.0,0.0,0.0,,,,,,,,,,,,,,,,,,,,,,,,,,,,,,,,,,,,98512
906,2018,67,E777589,8.0,03/04/2018,2:44,4,3,0.0,27,Grays Harbor,0,5,0.0,2,8,1,2,0,5,2,,,,12,0,6,8.9,1,0,1,3,1,1,2,0,0,0,0,US-12,,-123.6290028,46.976563889,0,1,98,21,2,60,63,0,0,1,5,12,1,1,4,1,12,1,3,53,0,84,881,2008,0,0.0,12,,,,,,1,1,50,1,0.0,0.0,0,0,3,0,11,0,,,,,6.0,0.0,1.0,3.0,1,48,0.0,0.0,0.0,96,,,,,,0,,,,,,98563.0,53,70.0,180.0,6.0,1.0,0.0,0.0,0.0,0.0,,97,,,,,,0,,,20,0,0,0,8.0,9,8,,,0,0.0,0.0,8,0,2.0,1.0,,,1.0,,,2,1,0.0,,,,,,,,,,,,,,,,,,,,,,,,,,,,,,0,0,0,0,0,0,1,1,0,0,0,0,0,1,0,0,0,0,0,1,0,0,0,0,0,0,0,0,0,1,1,0,0,0,0,,0,0,0,0,0,0,0,0,0,0,0,0,0,0,0,0,,,,,,46-50,46-55,US highway,R,Sunday,,MHTRUCK,Not Fatal,0,0,0,0,State Route,State Patrol,Washington State Patrol Headquarter,0,1,0,0,0,,,,,,0.0,0.0,0.0,,,,,,,,,,,,,,,,,,,,,,,,,,,,,,,,,,,,
907,2018,67,E777589,8.0,03/04/2018,2:44,4,3,0.0,27,Grays Harbor,0,5,0.0,2,8,1,2,0,5,2,,,,12,0,6,8.9,1,0,1,3,1,1,2,0,0,0,0,US-12,,-123.6290028,46.976563889,0,2,98,60,4,60,3,0,0,1,2,12,1,1,4,1,1,4,2,53,0,54,31,1991,0,0.0,12,,,,,,1,1,36,1,7.0,1.0,4,7,3,0,11,0,03/04/2018,2:44,137053010385.0,10385.0,0.0,0.0,3.0,2.0,1,0,0.0,0.0,0.0,96,,,,,,0,,,,,,98520.0,53,70.0,200.0,1.0,1.0,0.0,2.0,1.0,2.0,,0,,,,,,0,08/15/2014,06/15/2017,20,0,0,0,0.0,9,8,,,0,0.0,0.0,8,9,2.0,177.0,401.0,417.0,1.0,1.0,1.0,2,1,0.0,,,,,,,,,,,,,,,,,,,,,,,,,,,,,,0,0,0,0,0,0,1,1,0,0,0,0,0,1,0,0,0,0,0,1,0,0,0,0,0,0,0,0,0,1,1,0,0,0,0,,1,0,0,0,0,0,1,1,0,0,0,1,0,0,1,0,,,,,,36-40,36-45,US highway,R,Sunday,Belt Used,PV,White,0,0,0,0,State Route,State Patrol,Washington State Patrol Headquarter,0,1,0,0,0,,,,,,0.0,0.0,0.0,1.0,1.0,,,,313.0,351.0,,,,,,,,,,,,,,,,,,,,,,,,,,,,,
908,2018,68,E777381,3.0,03/08/2018,2:10,8,3,0.0,53,Pierce,1124,10,0.0,3,2,2,3,0,4,2,,,,12,1,7,125.3,1,0,1,1,2,1,1,0,0,0,0,I-5,,-122.5209583,47.139352778,0,1,48,6,1,60,4,0,0,1,2,12,1,1,4,3,1,1,2,53,0,35,39,2002,0,0.0,12,,,,,,1,1,23,1,0.0,0.0,0,0,3,0,11,0,,,,,0.0,0.0,0.0,0.0,1,91,0.0,0.0,0.0,96,,,,,,99,,,,,,98444.0,53,68.0,160.0,0.0,0.0,0.0,0.0,0.0,0.0,,1,,,,,,3,,,1,0,0,0,8.0,9,8,,,0,0.0,0.0,8,9,2.0,300.0,605.0,695.0,1.0,1.0,1.0,2,1,0.0,,,,,,,,,,,,,,,,,,,,,,,,,,,,,,0,0,0,0,0,0,1,1,1,0,0,0,1,1,0,0,0,0,0,1,0,0,0,1,1,0,0,0,0,1,0,0,0,0,0,,0,0,0,0,0,0,1,1,0,1,0,1,0,0,1,0,,,,,,21-25,16-25,Interstate,U,Thursday,Belt Used,PV,Not Fatal,0,0,0,0,State Route,State Patrol,Washington State Patrol Headquarter,0,1,0,0,0,thc,3.8,carboxy-thc,57.0,,0.0,0.0,0.0,,,,,,,,,,,,,,,,,,,,,,,,,,,,,,,,,,,,94899
909,2018,68,E777381,3.0,03/08/2018,2:10,8,3,0.0,53,Pierce,1124,10,0.0,3,2,2,3,0,4,2,,,,12,0,7,125.3,1,0,1,1,2,1,1,0,0,0,0,I-5,,-122.5209583,47.139352778,0,2,48,61,4,60,14,0,0,1,2,1,1,1,4,3,1,3,1,53,0,37,402,1999,0,0.0,12,64.0,25.0,21.0,1.0,,1,1,30,1,1.0,98.0,4,7,20,0,11,0,03/08/2018,2:10,112453011146.0,11146.0,0.0,0.0,0.0,3.0,1,0,0.0,0.0,0.0,96,,,,,,99,,,,,,98626.0,53,68.0,210.0,6.0,1.0,0.0,2.0,0.0,0.0,,0,,,,,,3,07/15/2016,09/15/2017,20,1,9,0,0.0,9,8,,,0,0.0,0.0,8,9,2.0,1.0,,,1.0,,,2,1,0.0,,,,,,,,,,,,,,,,,,,,,,,,,,,,,,0,0,0,0,0,0,1,1,1,0,0,0,1,1,0,0,0,0,0,1,0,0,0,1,1,0,0,0,0,1,0,0,0,1,0,,1,0,0,0,0,0,0,0,0,1,0,0,0,0,0,0,,,,,,26-30,26-35,Interstate,U,Thursday,Not Used,PV,Hispanic,0,0,0,0,State Route,State Patrol,Washington State Patrol Headquarter,0,1,0,0,0,,,,,,0.0,0.0,0.0,,,,,,,,,,,,,,,,,,,,,,,,,,,,,,,,,,,,94899
910,2018,69,E782562,8.0,03/13/2018,6:36,13,3,0.0,35,Kitsap,0,1,0.0,1,1,2,1,0,3,3,6:34,6:43,,12,0,2,56.7,1,0,1,3,1,1,3,0,0,0,0,SR-3,,-122.6451833,47.814736111,0,1,50,10,2,55,21,0,0,1,2,12,1,1,2,1,1,1,1,53,0,20,461,2008,0,0.0,68,12.0,12.0,,,,1,1,65,1,7.0,1.0,4,7,20,0,11,0,03/13/2018,6:36,53011787.0,11787.0,0.0,0.0,3.0,3.0,1,28,0.0,0.0,0.0,96,,,,,,99,,,,,,98362.0,53,72.0,220.0,6.0,1.0,0.0,0.0,0.0,0.0,,0,,,,,,0,,,1,0,0,0,0.0,9,8,,,0,0.0,0.0,8,9,2.0,1.0,,,1.0,,,2,1,0.0,,,,,,,,,,,,,,,,,,,,,,,,,,,,,,0,0,0,0,0,0,0,0,0,0,0,0,0,0,0,0,0,0,0,1,0,0,0,0,0,1,0,0,0,1,1,0,0,1,0,,1,0,0,0,0,0,0,0,0,0,0,0,0,0,0,0,,,,,,61-65,56-65,State route,R,Tuesday,Not Used,PV,White,0,0,0,1,State Route,State Patrol,Washington State Patrol Headquarter,0,1,0,0,0,,,,,,0.0,0.0,0.0,,,,,,,,,,,,,,,,,,,,,,,,,,,,,,,,,,,,98370
911,2018,69,E782562,8.0,03/13/2018,6:36,13,3,0.0,35,Kitsap,0,1,0.0,1,1,2,1,0,3,3,6:34,6:43,,12,0,2,56.7,1,0,1,3,1,1,3,0,0,0,0,SR-3,,-122.6451833,47.814736111,0,2,51,62,4,55,66,1,0,1,2,12,1,1,2,1,1,1,3,53,0,82,881,2016,0,0.0,12,,,,,,1,1,32,1,0.0,0.0,2,0,3,0,11,0,,,,,6.0,1.0,1.0,3.0,1,0,0.0,0.0,0.0,96,,,,,,0,,,,,,98391.0,53,72.0,300.0,6.0,1.0,0.0,0.0,0.0,0.0,,0,,,,,,0,,,20,0,0,0,8.0,9,2,,,0,0.0,0.0,0,0,0.0,0.0,,,0.0,,,0,0,996.0,,,,,,,,,,,,,,,,,,,,,,,,,,,,,,0,0,0,0,0,0,0,0,0,0,0,0,0,0,0,0,0,0,0,1,0,0,0,0,0,1,0,0,0,1,1,0,0,0,0,,0,0,0,0,0,0,0,0,0,0,0,0,0,0,0,0,,,,,,31-35,26-35,State route,R,Tuesday,,MHTRUCK,Not Fatal,0,0,0,1,State Route,State Patrol,Washington State Patrol Headquarter,0,1,0,0,0,,,,,,0.0,0.0,0.0,,,,,,,,,,,,,,,,,,,,,,,,,,,,,,,,,,,,98370
912,2018,69,E782562,8.0,03/13/2018,6:36,13,3,0.0,35,Kitsap,0,1,0.0,1,1,2,1,0,3,3,6:34,6:43,,12,0,2,56.7,1,0,1,3,1,1,3,0,0,0,0,SR-3,,-122.6451833,47.814736111,0,3,98,50,3,55,4,0,0,1,2,12,1,1,2,1,1,1,1,53,0,55,35,2013,0,0.0,12,,,,,,1,1,56,1,0.0,0.0,1,0,3,0,11,0,,,,,0.0,0.0,3.0,3.0,1,0,0.0,0.0,0.0,96,,,,,,0,,,,,,98312.0,53,72.0,190.0,6.0,1.0,0.0,0.0,0.0,2.0,,0,,,,,,0,03/15/2014,07/15/2017,1,0,0,0,8.0,9,2,,,0,0.0,0.0,0,0,0.0,0.0,,,0.0,,,0,0,996.0,,,,,,,,,,,,,,,,,,,,,,,,,,,,,,0,0,0,0,0,0,0,0,0,0,0,0,0,0,0,0,0,0,0,1,0,0,0,0,0,1,0,0,0,1,1,0,0,0,0,,0,0,0,0,0,0,0,0,0,0,0,0,0,0,0,0,,,,,,56-60,56-65,State route,R,Tuesday,Belt Used,PV,Not Fatal,0,0,0,1,State Route,State Patrol,Washington State Patrol Headquarter,0,1,0,0,0,,,,,,0.0,0.0,0.0,,,,,,,,,,,,,,,,,,,,,,,,,,,,,,,,,,,,98370
913,2018,70,E778675,39.0,03/10/2018,15:02,10,3,0.0,61,Snohomish,0,1,0.0,1,1,2,1,0,2,2,15:02,15:12,,12,0,2,0.2,1,0,1,7,1,2,4,0,0,0,0,CR-183RD AVE SE,,-121.9844,47.966077778,0,1,50,10,2,25,83,0,0,1,5,12,1,3,2,1,1,1,2,53,0,76,703,1999,0,0.0,12,,,,,,1,1,17,1,7.0,1.0,4,7,17,0,11,0,03/10/2018,15:02,53011591.0,11591.0,0.0,0.0,3.0,2.0,1,51,0.0,0.0,0.0,96,,,,,,0,,,,,,98258.0,53,70.0,172.0,6.0,2.0,0.0,0.0,0.0,0.0,,0,,,,,,0,,,20,8,0,0,0.0,9,8,,,0,0.0,0.0,8,0,2.0,1.0,,,1.0,,,2,1,0.0,,,,,,,,,,,,,,,,,,,,,,,,,,,,,,0,0,0,0,0,0,0,0,0,0,0,0,0,0,1,0,0,0,0,0,1,0,1,0,1,1,0,0,1,1,0,0,0,0,1,1.0,0,0,0,0,0,0,0,0,0,0,0,0,0,0,0,0,,,,,,16-17,16-25,County road,R,Saturday,,MC,White,0,1,1,0,County Road,County Sheriff,Snohomish County Sheriff's Office,0,0,1,0,0,,,,,,0.0,0.0,0.0,,,,,,,,,,,,,,,,,,,,,,,,,,,,,,,,,,,,98290
914,2018,70,E778675,39.0,03/10/2018,15:02,10,3,0.0,61,Snohomish,0,1,0.0,1,1,2,1,0,2,2,15:02,15:12,,12,0,2,0.2,1,0,1,7,1,2,4,0,0,0,0,CR-183RD AVE SE,,-121.9844,47.966077778,0,2,51,62,4,25,34,0,0,1,7,12,1,3,8,1,1,1,1,53,0,7,482,2017,0,0.0,12,,,,,,1,1,68,1,0.0,0.0,0,0,3,0,11,0,,,,,8.0,0.0,0.0,3.0,1,0,0.0,0.0,0.0,96,,,,,,0,,,,,,98290.0,53,70.0,200.0,6.0,1.0,0.0,0.0,0.0,0.0,,0,,,,,,0,,,20,0,0,0,8.0,9,8,,,0,0.0,0.0,8,0,8.0,95.0,,,96.0,,,8,95,995.0,,,,,,,,,,,,,,,,,,,,,,,,,,,,,,0,0,0,0,0,0,0,0,0,0,0,0,0,0,1,0,0,0,0,0,1,0,1,0,1,1,0,0,1,1,0,0,0,0,0,,0,0,0,0,0,0,0,0,0,0,0,0,0,0,0,0,,,,,,66-70,66-75,County road,R,Saturday,Belt Used,PV,Not Fatal,0,1,1,0,County Road,County Sheriff,Snohomish County Sheriff's Office,0,0,1,0,0,,,,,,0.0,0.0,0.0,,,,,,,,,,,,,,,,,,,,,,,,,,,,,,,,,,,,98290
915,2018,71,E779577,2.0,03/10/2018,16:37,10,3,0.0,61,Snohomish,0,1,0.0,1,1,1,1,0,1,1,,,,1,0,0,1.9,1,0,1,5,2,1,3,0,0,0,0,SR-531,,-122.2783611,48.156455556,0,1,7,13,2,35,4,0,0,1,7,1,3,4,2,1,14,1,1,53,0,20,16,2005,0,0.0,63,69.0,68.0,64.0,1.0,42.0,1,1,75,1,7.0,1.0,4,7,20,0,11,0,03/10/2018,16:37,53011742.0,11742.0,0.0,0.0,0.0,0.0,1,0,0.0,0.0,0.0,96,,,,,,99,,,,,,98282.0,53,70.0,195.0,0.0,0.0,0.0,0.0,0.0,0.0,,0,,,,,,4,,,20,2,9,0,0.0,9,8,,,0,0.0,0.0,8,0,2.0,1.0,,,1.0,,,2,1,0.0,,,,,,,,,,,,,,,,,,,,,,,,,,,,,,0,0,0,0,0,0,0,0,0,0,0,0,1,1,0,0,0,0,0,1,0,0,0,0,0,1,1,1,0,1,0,0,0,1,0,,1,0,0,0,0,0,0,0,0,1,0,1,0,0,0,0,,,,,,71-75,66-75,State route,U,Saturday,Not Used,PV,White,0,1,0,0,State Route,State Patrol,Washington State Patrol Headquarter,1,1,0,0,0,,,,,,0.0,0.0,0.0,,,,,,,,,,,,,,,,,,,,,,,,,,,,,,,,,,,,98292