,year,case,par,repjur,crash_dt,crash_tm,accday,accmon,holiday,county,co_char,city,weather,weather2,lightcond,surfcond,surftype,numfatal,nmforms,pforms,vforms,not_tm,arr_tm,hosp_tm,fhevent,hitrun,manncol,milepnt,reljunc,reljuncinter,intersectiontype,funcsystem,landuse,ownership,route,schlbus,spejur,contdev,devfunc,trafid1,trafid2,x,y,wk_zone,vnumber,crashtype,criticalevent,criticaleventcat,spdlim,body,trailer,emerg,hazcargo,leave,mhevent,roadalgn,roadprof,traflane,trafflow,vehmanvr,numoccs,regowner,regstate,spuse,make,model,modelyr,vrf1,vrf2,seqevent1,seqevent2,seqevent3,seqevent4,seqevent5,seqevent6,pnumber,ptype,age,sex,hispanic,race,injury,diedscene,restraint,restraintmisuse,seatpos,takehosp,death_dt,death_tm,cert,cernum_wa,commlic,licendor,licrestrict,liccomp,drivpres,drf1,drf2,drf3,drf4,distract1,distract2,distract3,distract4,distract5,distract6,dricond1,dricond2,dricond3,dricond4,dricond5,dricond6,dzip,licstate,drhgt_in,weight,noncdl,noncdltype,prevdwi,prevoth,prevacc,prevspd,prevsus,driviol1,driviol2,driviol3,driviol4,driviol5,driviol6,spdrel,first_dt,last_dt,airbag,ejection,ejectpath,extricat,injurwrk,methalc,methdrug,nmlocat,strikveh,prf1,prf2,prf3,druginv,alcinvol,drugsts,drugres1,drugres2,drugres3,drugtst1,drugtst2,drugtst3,alcsts,alctst,alcres,nmact1,nmact2,nmact3,nmact4,nmact5,nmact6,nmprior1,nmprior2,nmprior3,nmprior4,nmprior5,nmprior6,nmcond1,nmcond2,nmcond3,nmcond4,nmcond5,nmcond6,nmsafe_helmet,nmsafe_pads,nmsafe_oth,nmprev_ref,nmprev_lgt,nmprev_oth,crashlocation,nmcrashtype,crosswalk,schoolzone,sidewalk,train_inv,wildlife_inv,rotr_fars,intersect_fars,dd_inv,aid_inv,dpd_inv,id_inv,mj_inv,impnm_inv,ainm_inv,dpnm_inv,speed_inv,unlic_inv,unendmc_inv,drowsy_inv,drdist_inv,nmdist_inv,fty_inv,unrestfat_inv,dr1617_inv,dr1820_inv,dr1620_inv,dr2125_inv,dr1625_inv,dr65_inv,dr70_inv,dr75_inv,mc_inv,pv_inv,ht_inv,ped_inv,bike_inv,unrest_fat,mc_fat,unhelmet_mc,pv_fat,ht_fat,ped_fat,bike_fat,dr_alc7,dr_alc8,dr_drug,dr_imp,dr_dist,dr_spd,dr_fty,dr_unlic,dr_alc7only,dr_alc8only,dr_drugonly,dr_drink,nm_imp,nm_alc7,nm_alc8,nm_drug,nm_dist,agegrp1,agegrp2,roadclass,urbrur,dayweek,restuse,vehtype,race_me,intersect,lanedep,oppdir,wrongway,rep_typ,investag,repag_long,rotr,st_rd,cty_rd,city_rd,oth_rd,drug_thc,thc_res,drug_cthc,cthc_res,drug_cann,prevpersemin,prevperse,prevsusoth,drugtst4,drugtst5,drugtst6,drugtst7,drugtst8,drugres4,drugres5,drugres6,drugres7,drugres8,adspresent,adsengaged,adslevel,race1,race2,race3,race4,race5,helmet,helmetmisuse,nmdistract1,nmdistract2,nmdistract3,nmdistract4,nmdistract5,nmdistract6,lab,isedtcase,crf1,crf2,crf3,CoRoadName,CoMP,IntCoRoadName,IntCoMP,zipcode
916,2018,72,E778476,14.0,03/06/2018,10:17,6,3,0.0,11,Clark,0,1,0.0,1,0,0,1,0,3,2,10:18,10:20,11:07,12,0,6,1.5,8,0,1,4,2,2,4,0,0,0,0,CR-NW 99TH ST,,-122.6770833,45.692894444,0,1,82,15,2,0,4,0,0,1,7,12,0,0,0,0,11,1,1,53,0,48,34,1999,0,0.0,12,,,,,,1,1,17,2,0.0,0.0,3,0,3,0,11,5,,,,,0.0,0.0,3.0,3.0,1,38,0.0,0.0,0.0,96,,,,,,0,,,,,,98665.0,53,68.0,135.0,6.0,2.0,0.0,0.0,0.0,0.0,,97,,,,,,0,,,1,0,0,0,8.0,9,8,,,0,0.0,0.0,8,0,8.0,95.0,,,96.0,,,8,95,995.0,,,,,,,,,,,,,,,,,,,,,,,,,,,,,,0,0,0,0,0,0,0,0,0,0,0,0,1,0,0,0,0,0,1,0,1,0,1,0,1,1,1,1,0,1,0,0,0,0,0,,0,0,0,0,0,0,0,0,0,0,1,0,0,0,0,0,,,,,,16-17,16-25,County road,U,Tuesday,Belt Used,PV,Not Fatal,0,0,0,0,County Road,County Sheriff,Clark County Sheriff's Office,0,0,1,0,0,,,,,,0.0,0.0,0.0,,,,,,,,,,,,,,,,,,,,,,,,,,,,,,,,,,,,98685
917,2018,72,E778476,14.0,03/06/2018,10:17,6,3,0.0,11,Clark,0,1,0.0,1,1,2,1,0,3,2,10:18,10:20,11:07,12,0,6,1.5,8,0,1,4,2,2,4,0,0,0,0,CR-NW 99TH ST,,-122.6770833,45.692894444,0,2,83,67,4,35,4,0,0,1,7,12,1,2,9,1,1,2,1,53,0,30,40,2004,0,0.0,12,,,,,,1,1,86,2,7.0,1.0,4,7,3,0,11,0,03/06/2018,10:17,237053010641.0,10641.0,0.0,0.0,3.0,3.0,1,0,0.0,0.0,0.0,96,,,,,,99,,,,,,98686.0,53,65.0,112.0,6.0,1.0,0.0,0.0,0.0,0.0,,0,,,,,,3,,,1,0,0,0,0.0,9,8,,,0,0.0,0.0,8,9,2.0,1.0,,,1.0,,,2,1,0.0,,,,,,,,,,,,,,,,,,,,,,,,,,,,,,0,0,0,0,0,0,0,0,0,0,0,0,1,0,0,0,0,0,1,0,1,0,1,0,1,1,1,1,0,1,0,0,0,0,0,,1,0,0,0,0,0,0,0,0,1,0,0,0,0,0,0,,,,,,81+,76+,County road,U,Tuesday,Belt Used,PV,White,0,0,0,0,County Road,County Sheriff,Clark County Sheriff's Office,0,0,1,0,0,,,,,,0.0,0.0,0.0,,,,,,,,,,,,,,,,,,,,,,,,,,,,,,,,,,,,98685
918,2018,73,E778793,14.0,03/11/2018,20:15,11,3,0.0,11,Clark,0,1,0.0,2,1,2,1,0,3,2,,,,12,0,2,5.5,1,0,1,5,1,2,4,0,0,0,0,CR-NE WASHOUGAL RIVER,,-122.296875,45.623744444,0,1,50,10,2,45,4,0,0,1,7,12,3,1,2,1,6,2,1,53,0,48,34,1993,0,0.0,68,12.0,,,,,1,1,21,1,7.0,1.0,4,7,3,0,11,0,03/11/2018,20:15,53012895.0,12895.0,0.0,0.0,3.0,3.0,1,28,33.0,0.0,0.0,96,,,,,,99,,,,,,98683.0,53,71.0,170.0,6.0,1.0,0.0,0.0,0.0,0.0,,0,,,,,,3,,,1,0,0,0,0.0,9,8,,,0,0.0,0.0,8,9,2.0,695.0,605.0,,1.0,1.0,,2,1,0.0,,,,,,,,,,,,,,,,,,,,,,,,,,,,,,0,0,0,0,0,0,1,1,1,0,0,0,1,0,0,0,0,0,0,0,0,0,0,1,1,0,0,0,0,1,0,0,0,0,0,,1,0,0,0,0,0,1,1,0,1,0,0,0,0,1,0,,,,,,21-25,16-25,County road,R,Sunday,Belt Used,PV,White,0,1,1,0,County Road,County Sheriff,Clark County Sheriff's Office,0,0,1,0,0,thc,9.6,carboxy-thc,12.0,,0.0,0.0,0.0,,,,,,,,,,,,,,,,,,,,,,,,,,,,,,,,,,,,98671
919,2018,73,E778793,14.0,03/11/2018,20:15,11,3,0.0,11,Clark,0,1,0.0,2,1,2,1,0,3,2,,,,12,0,2,5.5,1,0,1,5,1,2,4,0,0,0,0,CR-NE WASHOUGAL RIVER,,-122.296875,45.623744444,0,2,51,62,4,45,4,0,0,1,7,12,2,1,2,1,14,1,2,53,0,63,33,2008,0,0.0,12,,,,,,1,1,23,1,0.0,0.0,3,0,3,0,11,5,,,,,0.0,0.0,0.0,3.0,1,0,0.0,0.0,0.0,96,,,,,,0,,,,,,98671.0,53,71.0,150.0,6.0,1.0,0.0,0.0,0.0,5.0,,0,,,,,,3,12/15/2013,02/15/2015,1,0,0,0,8.0,9,8,,,0,0.0,0.0,8,0,8.0,95.0,,,96.0,,,8,95,995.0,,,,,,,,,,,,,,,,,,,,,,,,,,,,,,0,0,0,0,0,0,1,1,1,0,0,0,1,0,0,0,0,0,0,0,0,0,0,1,1,0,0,0,0,1,0,0,0,0,0,,0,0,0,0,0,0,0,0,0,1,0,0,0,0,0,0,,,,,,21-25,16-25,County road,R,Sunday,Belt Used,PV,Not Fatal,0,1,1,0,County Road,County Sheriff,Clark County Sheriff's Office,0,0,1,0,0,,,,,,0.0,0.0,1.0,,,,,,,,,,,,,,,,,,,,,,,,,,,,,,,,,,,,98671
920,2018,74,E778952,25.0,03/11/2018,0:41,11,3,0.0,33,King,0,1,0.0,2,1,2,1,0,1,1,,,,42,0,0,3.5,1,0,1,4,2,2,4,0,0,0,0,CR-236TH AVE NE,,-122.0241889,47.659472222,0,1,6,12,2,35,5,0,0,1,7,42,2,2,2,1,14,1,1,53,0,35,55,2013,0,0.0,68,64.0,42.0,,,,1,1,59,1,7.0,1.0,4,7,3,0,11,0,03/11/2018,0:41,53011695.0,11695.0,0.0,0.0,0.0,3.0,1,0,0.0,0.0,0.0,92,,,,,,99,,,,,,98053.0,53,68.0,165.0,6.0,1.0,0.0,1.0,0.0,0.0,,0,,,,,,0,01/15/2015,01/15/2015,8,0,0,0,0.0,9,8,,,0,0.0,0.0,8,9,2.0,1.0,,,1.0,,,2,1,0.23,,,,,,,,,,,,,,,,,,,,,,,,,,,,,,0,0,1,0,1,1,0,1,0,0,0,0,0,0,0,0,1,0,0,0,0,0,0,0,0,0,0,0,0,1,0,0,0,0,0,,1,0,0,0,0,1,0,1,1,0,0,0,0,1,0,1,,,,,,56-60,56-65,County road,U,Sunday,Belt Used,PV,White,0,1,0,0,County Road,County Sheriff,King County Police,1,0,1,0,0,,,,,,0.0,0.0,0.0,,,,,,,,,,,,,,,,,,,,,,,,,,,,,,,,,,,,98053
921,2018,75,E781658,3.0,03/15/2018,19:22,15,3,0.0,53,Pierce,2230,1,0.0,5,1,2,1,1,4,1,,,,8,0,0,131.3,1,0,1,1,2,1,1,0,0,0,0,I-5,,-122.4634806,47.225502778,0,1,13,80,5,60,6,0,0,1,5,8,3,1,4,3,14,4,2,41,0,35,49,2004,0,0.0,8,,,,,,1,1,42,2,0.0,0.0,0,0,3,0,11,0,,,,,0.0,0.0,0.0,3.0,1,0,0.0,0.0,0.0,96,,,,,,0,,,,,,98118.0,53,66.0,200.0,6.0,1.0,0.0,0.0,0.0,1.0,,0,,,,,,0,04/15/2016,07/15/2016,20,0,0,0,8.0,9,8,,,0,0.0,0.0,8,0,0.0,0.0,,,0.0,,,0,0,996.0,,,,,,,,,,,,,,,,,,,,,,,,,,,,,,0,0,0,0,0,0,0,0,0,1,1,1,0,0,0,0,0,0,0,0,0,0,0,0,0,0,0,0,0,1,0,1,0,0,0,,0,0,0,0,0,0,0,0,0,0,0,0,0,0,0,0,,,,,,41-45,36-45,Interstate,U,Thursday,Belt Used,PV,Not Fatal,0,0,0,0,State Route,State Patrol,Washington State Patrol Headquarter,0,1,0,0,0,,,,,,0.0,0.0,1.0,,,,,,,,,,,,,,,,,,,,,,,,,,,,,,,,,,,,98409
922,2018,76,E778087,56.0,03/09/2018,22:02,9,3,0.0,35,Kitsap,111,10,0.0,2,11,5,1,0,1,1,,,,43,0,0,0.0,1,0,1,7,2,4,6,0,0,0,0,LOVGREEN RD,,-122.5216778,47.604841667,0,1,98,13,2,25,4,0,0,1,7,2,1,2,8,8,12,1,1,53,0,34,35,2011,0,0.0,63,43.0,43.0,2.0,,,1,1,68,2,7.0,1.0,4,0,99,0,11,1,03/11/2018,7:40,196053012127.0,12127.0,0.0,0.0,3.0,3.0,1,0,0.0,0.0,0.0,96,,,,,,9,,,,,,98146.0,53,65.0,100.0,6.0,1.0,1.0,0.0,0.0,0.0,,0,,,,,,0,10/15/2013,02/15/2014,99,9,0,0,0.0,1,8,,,0,0.0,0.0,8,1,2.0,1.0,,,1.0,,,2,1,0.25,,,,,,,,,,,,,,,,,,,,,,,,,,,,,,0,0,0,0,1,1,0,1,0,0,0,0,0,0,0,0,0,0,0,0,0,0,0,0,0,1,0,0,0,1,0,0,0,0,0,,1,0,0,0,0,1,0,1,0,0,0,0,0,1,0,1,,,,,,66-70,66-75,City street,U,Friday,Unknown,PV,White,0,1,0,0,City Street,Municipal/City Police,Bainbridge Island Police Department,1,0,0,1,0,,,,,,0.0,1.0,1.0,,,,,,,,,,,,,,,,,,,,,,,,,,,,,,,,,,,,98110
923,2018,77,E779858,122.0,03/16/2018,21:53,16,3,0.0,61,Snohomish,690,10,0.0,3,1,2,1,1,1,1,,,,8,0,0,0.0,1,0,1,3,2,4,6,0,0,0,0,BROADWAY,,-122.2056694,47.924775,0,1,13,80,5,35,52,0,0,1,5,8,1,2,2,1,1,1,3,53,3,92,988,2006,0,0.0,8,,,,,,1,1,66,1,0.0,0.0,0,0,3,0,11,0,,,,,6.0,1.0,3.0,3.0,1,0,0.0,0.0,0.0,96,,,,,,0,,,,,,98258.0,53,70.0,179.0,6.0,1.0,0.0,0.0,0.0,0.0,,0,,,,,,0,,,20,0,0,0,8.0,9,8,,,0,0.0,0.0,8,0,2.0,1.0,,,1.0,,,2,1,0.25,,,,,,,,,,,,,,,,,,,,,,,,,,,,,,0,0,0,0,1,1,0,1,0,1,1,1,0,0,0,0,0,0,0,0,0,0,0,0,0,1,0,0,0,0,0,1,0,0,0,,0,0,0,0,0,1,0,1,0,0,0,0,0,1,0,1,,,,,,66-70,66-75,City street,U,Friday,,BUS,Not Fatal,0,0,0,0,City Street,Municipal/City Police,Everett Police Department,0,0,0,1,0,,,,,,0.0,0.0,0.0,,,,,,,,,,,,,,,,,,,,,,,,,,,,,,,,,,,,98203
924,2018,78,E781803,5.0,03/16/2018,21:34,16,3,0.0,11,Clark,0,10,0.0,3,2,2,1,1,1,1,21:34,21:40,22:02,8,0,0,4.0,1,0,1,3,2,2,4,0,0,0,0,CR-NE HWY 99,,-122.6618389,45.679911111,0,1,13,80,5,40,34,0,0,1,7,8,1,1,8,1,1,1,2,53,0,12,481,2013,0,0.0,8,,,,,,1,1,43,1,0.0,0.0,0,0,3,0,11,0,,,,,0.0,0.0,0.0,3.0,1,0,0.0,0.0,0.0,96,,,,,,99,,,,,,98665.0,53,73.0,280.0,6.0,1.0,0.0,0.0,0.0,0.0,,0,,,,,,0,,,20,0,0,0,8.0,9,8,,,0,0.0,0.0,8,9,2.0,1.0,,,1.0,,,2,1,0.0,,,,,,,,,,,,,,,,,,,,,,,,,,,,,,0,0,0,0,0,0,0,0,0,1,0,1,0,0,0,0,0,1,0,0,0,0,0,0,0,0,0,0,0,1,0,1,0,0,0,,0,0,0,0,0,0,0,0,0,0,0,0,0,0,0,0,,,,,,41-45,36-45,County road,U,Friday,Belt Used,PV,Not Fatal,0,0,0,0,County Road,County Sheriff,Clark County Sheriff's Office,0,0,1,0,0,,,,,,0.0,0.0,0.0,,,,,,,,,,,,,,,,,,,,,,,,,,,,,,,,,,,,98665
925,2018,79,E780687,42.0,03/19/2018,16:55,19,3,0.0,67,Thurston,0,1,0.0,1,1,2,1,0,2,2,,,,12,0,2,3.8,1,0,1,6,1,2,4,0,0,0,0,CR-VAIL CUTOFF RD SE,,-122.644125,46.849008333,0,1,50,10,2,50,4,0,0,1,7,12,3,1,2,1,14,1,1,53,0,51,47,2006,0,0.0,68,12.0,,,,,1,1,29,2,7.0,1.0,4,7,3,0,11,0,03/19/2018,16:55,53013064.0,13064.0,0.0,0.0,0.0,3.0,1,28,0.0,0.0,0.0,92,,,,,,99,,,,,,98576.0,53,62.0,135.0,6.0,1.0,0.0,1.0,3.0,0.0,,0,,,,,,0,07/15/2013,12/15/2013,8,0,0,0,0.0,9,8,,,0,0.0,0.0,8,9,2.0,401.0,417.0,,1.0,1.0,,2,1,0.066,,,,,,,,,,,,,,,,,,,,,,,,,,,,,,0,0,0,0,1,0,1,1,0,0,0,0,0,0,0,0,1,0,0,0,0,0,0,1,1,0,0,0,0,1,0,0,0,0,0,,1,0,0,0,1,0,1,1,1,0,0,0,0,0,0,1,,,,,,26-30,26-35,County road,R,Monday,Belt Used,PV,White,0,1,1,0,County Road,County Sheriff,Thurston County Sheriff's Office,0,0,1,0,0,,,,,,0.0,0.0,0.0,,,,,,,,,,,,,,,,,,,,,,,,,,,,,,,,,,,,98576
926,2018,79,E780687,42.0,03/19/2018,16:55,19,3,0.0,67,Thurston,0,1,0.0,1,1,2,1,0,2,2,,,,12,0,2,3.8,1,0,1,6,1,2,4,0,0,0,0,CR-VAIL CUTOFF RD SE,,-122.644125,46.849008333,0,2,51,62,4,50,34,0,0,1,5,12,2,1,2,1,14,1,2,53,0,49,471,1989,0,0.0,12,,,,,,1,1,21,1,0.0,0.0,3,0,3,0,11,5,,,,,0.0,0.0,0.0,3.0,1,0,0.0,0.0,0.0,92,,,,,,99,,,,,,98576.0,53,74.0,200.0,6.0,1.0,0.0,1.0,0.0,2.0,,0,,,,,,0,01/15/2015,01/15/2018,20,0,0,0,8.0,9,8,,,0,0.0,0.0,8,9,8.0,95.0,,,96.0,,,8,95,995.0,,,,,,,,,,,,,,,,,,,,,,,,,,,,,,0,0,0,0,1,0,1,1,0,0,0,0,0,0,0,0,1,0,0,0,0,0,0,1,1,0,0,0,0,1,0,0,0,0,0,,0,0,0,0,0,0,0,0,1,0,0,0,0,0,0,0,,,,,,21-25,16-25,County road,R,Monday,Belt Used,PV,Not Fatal,0,1,1,0,County Road,County Sheriff,Thurston County Sheriff's Office,0,0,1,0,0,,,,,,0.0,0.0,0.0,,,,,,,,,,,,,,,,,,,,,,,,,,,,,,,,,,,,98576
927,2018,80,E781486,25.0,03/17/2018,2:42,17,3,0.0,33,King,0,1,0.0,2,1,2,1,0,1,1,,,,35,0,0,7.0,1,0,1,4,1,2,4,0,0,0,0,CR-SE MAY VALLEY RD,,-122.055525,47.480522222,0,1,1,13,2,40,67,0,0,1,7,1,3,1,2,1,14,1,1,53,0,12,880,2014,0,0.0,63,35.0,38.0,42.0,1.0,,1,1,22,1,7.0,1.0,4,7,20,0,11,0,03/17/2018,2:42,98053012706.0,12706.0,6.0,0.0,3.0,3.0,1,0,0.0,0.0,0.0,96,,,,,,99,,,,,,98027.0,53,73.0,185.0,6.0,1.0,0.0,4.0,1.0,1.0,,0,,,,,,4,06/15/2014,10/15/2017,8,1,9,0,0.0,5,8,,,0,0.0,0.0,8,1,2.0,402.0,407.0,996.0,1.0,1.0,1.0,2,1,0.21,,,,,,,,,,,,,,,,,,,,,,,,,,,,,,0,0,1,0,1,1,1,1,0,0,0,0,1,0,0,0,0,0,0,0,0,0,0,1,1,0,0,0,0,0,1,0,0,0,0,,0,1,0,0,0,1,1,1,0,1,0,0,0,0,0,1,,,,,,21-25,16-25,County road,R,Saturday,Not Used,MHTRUCK,White,0,1,0,0,County Road,County Sheriff,King County Police,1,0,1,0,0,,,,,,0.0,0.0,0.0,1.0,,,,,996.0,,,,,,,,,,,,,,,,,,,,,,,,,,,,,,98027
928,2018,81,E780896,39.0,03/17/2018,19:35,17,3,0.0,61,Snohomish,0,1,0.0,2,1,2,1,0,1,1,,,,42,0,0,3.6,1,0,1,7,1,2,4,0,0,0,0,CR-CHAIN LAKE RD,,-121.9768722,47.903583333,0,1,2,13,2,98,3,0,0,1,5,42,2,1,2,1,14,1,1,53,0,54,31,1995,0,0.0,63,42.0,,,,,1,1,37,1,7.0,1.0,4,7,3,0,11,0,03/17/2018,19:42,53012685.0,12685.0,0.0,0.0,3.0,3.0,1,0,0.0,0.0,0.0,96,,,,,,99,,,,,,98272.0,53,69.0,175.0,6.0,1.0,0.0,0.0,0.0,1.0,,0,,,,,,3,11/15/2013,11/15/2013,20,0,0,0,0.0,9,8,,,0,0.0,0.0,8,9,2.0,1.0,,,1.0,,,2,1,0.0,,,,,,,,,,,,,,,,,,,,,,,,,,,,,,0,0,0,0,0,0,0,0,0,0,0,0,1,0,0,0,0,0,0,0,0,0,0,0,0,0,0,0,0,1,0,0,0,0,0,,1,0,0,0,0,0,0,0,0,1,0,0,0,0,0,0,,,,,,36-40,36-45,County road,R,Saturday,Belt Used,PV,White,0,1,0,0,County Road,County Sheriff,Snohomish County Sheriff's Office,1,0,1,0,0,,,,,,0.0,0.0,0.0,,,,,,,,,,,,,,,,,,,,,,,,,,,,,,,,,,,,98290
929,2018,82,E783573,1.0,03/21/2018,19:06,21,3,0.0,21,Franklin,1660,1,0.0,3,1,1,1,0,2,1,,,,57,0,0,12.3,1,0,1,1,2,1,1,0,0,0,0,I-182,,-119.1638722,46.259769444,0,1,7,13,2,60,15,0,0,1,2,1,1,1,2,3,1,2,1,53,0,19,421,2002,0,0.0,63,69.0,64.0,57.0,1.0,,1,1,18,2,0.0,0.0,2,0,3,0,11,4,,,,,0.0,0.0,9.0,3.0,1,91,0.0,0.0,0.0,3,,,,,,0,,,,,,99336.0,53,63.0,150.0,6.0,7.0,0.0,0.0,0.0,1.0,,2,,,,,,0,09/15/2017,09/15/2017,20,0,0,0,8.0,9,8,,,0,0.0,0.0,8,0,8.0,95.0,,,96.0,,,8,95,995.0,,,,,,,,,,,,,,,,,,,,,,,,,,,,,,0,0,0,0,0,0,0,0,0,0,0,0,0,0,0,0,1,0,0,1,0,1,1,0,1,0,0,0,0,1,0,0,0,0,0,,0,0,0,0,0,0,0,0,1,0,0,0,0,0,0,0,,,,,,18-20,16-25,Interstate,U,Wednesday,Belt Used,PV,Not Fatal,0,1,0,0,State Route,State Patrol,Washington State Patrol Headquarter,1,1,0,0,0,,,,,,0.0,0.0,0.0,,,,,,,,,,,,,,,,,,,,,,,,,,,,,,,,,,,,99301
930,2018,83,E788400,7.0,03/16/2018,1:50,16,3,0.0,33,King,735,10,0.0,3,1,2,1,0,2,2,,,,14,0,0,140.9,1,0,1,1,2,1,1,0,0,0,0,I-5,,-122.3146889,47.273263889,0,1,11,13,2,60,4,0,0,1,2,14,1,1,5,3,1,1,1,53,0,63,32,2007,0,0.0,63,14.0,,,,,1,1,24,1,1.0,98.0,4,7,3,0,11,0,03/16/2018,1:50,73553012700.0,12700.0,0.0,0.0,0.0,3.0,1,0,0.0,0.0,0.0,92,,,,,,99,,,,,,98498.0,53,69.0,200.0,6.0,1.0,0.0,2.0,0.0,1.0,,0,,,,,,0,07/15/2013,02/15/2018,8,0,0,0,0.0,9,8,,,0,0.0,0.0,8,9,2.0,1.0,,,1.0,,,2,1,0.12,,,,,,,,,,,,,,,,,,,,,,,,,,,,,,0,0,0,0,1,1,0,1,0,0,0,0,0,0,0,0,1,0,0,0,0,0,0,1,1,0,0,0,0,1,1,0,0,0,0,,1,0,0,0,0,1,0,1,1,0,0,0,0,1,0,1,,,,,,21-25,16-25,Interstate,U,Friday,Belt Used,PV,Hispanic,0,1,0,0,State Route,State Patrol,Washington State Patrol Headquarter,1,1,0,0,0,,,,,,0.0,0.0,0.0,,,,,,,,,,,,,,,,,,,,,,,,,,,,,,,,,,,,98354
931,2018,84,E782747,8.0,03/22/2018,4:59,22,3,0.0,35,Kitsap,0,2,0.0,3,2,2,1,1,1,1,,,,8,1,0,2.9,1,0,1,4,1,1,3,0,0,0,0,SR-160,,-122.5881861,47.504983333,0,1,13,50,3,45,4,0,0,1,5,8,1,2,2,1,1,1,1,53,0,20,2,2002,0,0.0,8,,,,,,1,1,33,1,0.0,0.0,0,0,99,0,11,0,,,,,0.0,0.0,3.0,3.0,1,0,0.0,0.0,0.0,96,,,,,,99,,,,,,98030.0,53,70.0,215.0,6.0,1.0,1.0,0.0,0.0,1.0,,7,,,,,,0,04/15/2013,12/15/2015,20,0,0,0,8.0,9,8,,,0,0.0,0.0,8,9,8.0,95.0,,,96.0,,,8,95,995.0,,,,,,,,,,,,,,,,,,,,,,,,,,,,,,0,0,0,0,0,0,0,0,0,0,0,0,0,0,0,0,0,0,0,0,0,0,0,0,0,0,0,0,0,1,0,1,0,0,0,,0,0,0,0,0,0,0,0,0,0,0,0,0,0,0,0,,,,,,31-35,26-35,State route,R,Thursday,Unknown,PV,Not Fatal,0,0,0,0,State Route,State Patrol,Washington State Patrol Headquarter,0,1,0,0,0,,,,,,0.0,1.0,0.0,,,,,,,,,,,,,,,,,,,,,,,,,,,,,,,,,,,,98366
932,2018,85,E781575,160.0,03/22/2018,11:23,22,3,0.0,33,King,1030,2,0.0,1,2,2,1,0,2,2,,,,12,0,6,0.2,2,0,2,3,2,1,3,0,0,3,3,SR-181,W MEEKER ST,-122.2473944,47.381369444,0,1,69,17,2,35,14,0,0,1,7,12,1,1,5,1,1,1,1,53,0,7,402,2002,0,0.0,12,1.0,,,,,1,1,70,2,0.0,0.0,1,0,99,0,11,8,,,,,0.0,0.0,3.0,3.0,1,39,0.0,0.0,0.0,96,,,,,,0,,,,,,98003.0,53,61.0,105.0,6.0,1.0,0.0,0.0,1.0,0.0,,97,,,,,,4,12/15/2013,12/15/2013,1,0,0,0,8.0,9,8,,,0,0.0,0.0,8,0,2.0,1.0,,,1.0,,,2,1,0.0,,,,,,,,,,,,,,,,,,,,,,,,,,,,,,0,0,0,1,0,0,0,0,0,0,0,0,1,0,0,0,0,0,0,0,0,0,0,0,0,1,1,1,0,1,0,0,0,0,0,,0,0,0,0,0,0,0,0,0,1,0,0,0,0,0,0,,,,,,66-70,66-75,State route,U,Thursday,Unknown,PV,Not Fatal,1,0,0,0,State Route,Municipal/City Police,Kent Police Department,0,1,0,0,0,,,,,,0.0,0.0,0.0,,,,,,,,,,,,,,,,,,,,,,,,,,,,,,,,,,,,98032
933,2018,85,E781575,160.0,03/22/2018,11:23,22,3,0.0,33,King,1030,2,0.0,1,2,2,1,0,2,2,,,,12,0,6,0.2,2,0,2,3,2,1,3,0,0,3,3,SR-181,W MEEKER ST,-122.2473944,47.381369444,0,2,68,62,4,35,2,0,0,1,7,12,1,1,5,1,11,1,1,53,0,37,32,1995,0,0.0,12,,,,,,1,1,82,1,7.0,4.0,4,7,3,0,11,0,03/22/2018,11:55,103053013634.0,13634.0,0.0,0.0,0.0,3.0,1,0,0.0,0.0,0.0,96,,,,,,0,,,,,,98032.0,53,66.0,190.0,6.0,1.0,0.0,0.0,0.0,0.0,,0,,,,,,0,,,8,0,0,0,0.0,9,8,,,0,0.0,0.0,8,0,2.0,1.0,,,1.0,,,2,1,0.0,,,,,,,,,,,,,,,,,,,,,,,,,,,,,,0,0,0,1,0,0,0,0,0,0,0,0,1,0,0,0,0,0,0,0,0,0,0,0,0,1,1,1,0,1,0,0,0,0,0,,1,0,0,0,0,0,0,0,0,0,0,0,0,0,0,0,,,,,,81+,76+,State route,U,Thursday,Belt Used,PV,API,1,0,0,0,State Route,Municipal/City Police,Kent Police Department,0,1,0,0,0,,,,,,0.0,0.0,0.0,,,,,,,,,,,,,,,,,,,,,,,,,,,,,,,,,,,,98032