,year,case,par,repjur,crash_dt,crash_tm,accday,accmon,holiday,county,co_char,city,weather,weather2,lightcond,surfcond,surftype,numfatal,nmforms,pforms,vforms,not_tm,arr_tm,hosp_tm,fhevent,hitrun,manncol,milepnt,reljunc,reljuncinter,intersectiontype,funcsystem,landuse,ownership,route,schlbus,spejur,contdev,devfunc,trafid1,trafid2,x,y,wk_zone,vnumber,crashtype,criticalevent,criticaleventcat,spdlim,body,trailer,emerg,hazcargo,leave,mhevent,roadalgn,roadprof,traflane,trafflow,vehmanvr,numoccs,regowner,regstate,spuse,make,model,modelyr,vrf1,vrf2,seqevent1,seqevent2,seqevent3,seqevent4,seqevent5,seqevent6,pnumber,ptype,age,sex,hispanic,race,injury,diedscene,restraint,restraintmisuse,seatpos,takehosp,death_dt,death_tm,cert,cernum_wa,commlic,licendor,licrestrict,liccomp,drivpres,drf1,drf2,drf3,drf4,distract1,distract2,distract3,distract4,distract5,distract6,dricond1,dricond2,dricond3,dricond4,dricond5,dricond6,dzip,licstate,drhgt_in,weight,noncdl,noncdltype,prevdwi,prevoth,prevacc,prevspd,prevsus,driviol1,driviol2,driviol3,driviol4,driviol5,driviol6,spdrel,first_dt,last_dt,airbag,ejection,ejectpath,extricat,injurwrk,methalc,methdrug,nmlocat,strikveh,prf1,prf2,prf3,druginv,alcinvol,drugsts,drugres1,drugres2,drugres3,drugtst1,drugtst2,drugtst3,alcsts,alctst,alcres,nmact1,nmact2,nmact3,nmact4,nmact5,nmact6,nmprior1,nmprior2,nmprior3,nmprior4,nmprior5,nmprior6,nmcond1,nmcond2,nmcond3,nmcond4,nmcond5,nmcond6,nmsafe_helmet,nmsafe_pads,nmsafe_oth,nmprev_ref,nmprev_lgt,nmprev_oth,crashlocation,nmcrashtype,crosswalk,schoolzone,sidewalk,train_inv,wildlife_inv,rotr_fars,intersect_fars,dd_inv,aid_inv,dpd_inv,id_inv,mj_inv,impnm_inv,ainm_inv,dpnm_inv,speed_inv,unlic_inv,unendmc_inv,drowsy_inv,drdist_inv,nmdist_inv,fty_inv,unrestfat_inv,dr1617_inv,dr1820_inv,dr1620_inv,dr2125_inv,dr1625_inv,dr65_inv,dr70_inv,dr75_inv,mc_inv,pv_inv,ht_inv,ped_inv,bike_inv,unrest_fat,mc_fat,unhelmet_mc,pv_fat,ht_fat,ped_fat,bike_fat,dr_alc7,dr_alc8,dr_drug,dr_imp,dr_dist,dr_spd,dr_fty,dr_unlic,dr_alc7only,dr_alc8only,dr_drugonly,dr_drink,nm_imp,nm_alc7,nm_alc8,nm_drug,nm_dist,agegrp1,agegrp2,roadclass,urbrur,dayweek,restuse,vehtype,race_me,intersect,lanedep,oppdir,wrongway,rep_typ,investag,repag_long,rotr,st_rd,cty_rd,city_rd,oth_rd,drug_thc,thc_res,drug_cthc,cthc_res,drug_cann,prevpersemin,prevperse,prevsusoth,drugtst4,drugtst5,drugtst6,drugtst7,drugtst8,drugres4,drugres5,drugres6,drugres7,drugres8,adspresent,adsengaged,adslevel,race1,race2,race3,race4,race5,helmet,helmetmisuse,nmdistract1,nmdistract2,nmdistract3,nmdistract4,nmdistract5,nmdistract6,lab,isedtcase,crf1,crf2,crf3,CoRoadName,CoMP,IntCoRoadName,IntCoMP,zipcode
1009,2018,138,E799642,7.0,05/19/2018,3:06,19,5,0.0,33,King,1960,10,0.0,3,1,2,1,0,2,1,,,,39,0,0,165.4,1,0,1,1,2,1,1,0,0,0,0,I-5,,-122.329825,47.606802778,0,1,1,6,1,60,2,0,0,1,2,39,1,1,6,3,1,2,1,41,0,54,37,1998,0,0.0,63,39.0,,,,,1,1,38,2,0.0,0.0,3,0,3,0,11,4,,,,,0.0,0.0,0.0,3.0,1,0,0.0,0.0,0.0,96,,,,,,9,,,,,,97212.0,41,69.0,160.0,6.0,1.0,0.0,1.0,0.0,1.0,,97,,,,,,4,06/15/2015,07/15/2017,1,0,0,0,8.0,9,2,,,0,0.0,0.0,1,0,2.0,177.0,605.0,695.0,1.0,1.0,1.0,2,1,0.0,,,,,,,,,,,,,,,,,,,,,,,,,,,,,,0,0,1,0,0,0,1,1,1,0,0,0,1,0,0,0,0,0,0,0,0,0,0,0,0,0,0,0,0,1,0,0,0,0,0,,0,0,0,0,0,0,1,1,0,1,0,0,0,0,1,0,,,,,,36-40,36-45,Interstate,U,Saturday,Belt Used,PV,Not Fatal,0,1,0,0,State Route,State Patrol,Washington State Patrol Headquarter,1,1,0,0,0,thc,5.1,carboxy-thc,37.0,,0.0,0.0,0.0,,,,,,,,,,,,,,,,,,,,,,,,,,,,,,,,,,,,98138
1010,2018,139,E799941,35.0,05/19/2018,12:53,19,5,0.0,53,Pierce,0,1,0.0,1,1,2,1,0,2,2,12:52,13:14,,1,0,0,0.7,1,0,1,6,1,2,4,0,0,0,0,CR-320TH ST S,,-122.5404139,46.966836111,0,1,98,50,3,35,80,0,0,1,5,12,1,1,2,1,1,1,1,53,0,72,706,2011,0,0.0,1,12.0,,,,,1,1,28,1,7.0,1.0,4,7,19,0,11,0,05/19/2018,13:05,193053023189.0,23189.0,0.0,0.0,0.0,3.0,1,0,0.0,0.0,0.0,96,,,,,,99,,,,,,98597.0,53,75.0,215.0,6.0,1.0,0.0,0.0,0.0,0.0,,0,,,,,,3,,,20,8,0,0,0.0,9,8,,,0,0.0,0.0,8,9,2.0,1.0,,,1.0,,,2,1,0.0,,,,,,,,,,,,,,,,,,,,,,,,,,,,,,0,0,0,0,0,0,0,0,0,0,0,0,1,0,0,0,0,0,0,0,0,0,0,0,0,0,0,0,1,1,0,0,0,0,1,0.0,0,0,0,0,0,0,0,0,0,1,0,0,0,0,0,0,,,,,,26-30,26-35,County road,R,Saturday,,MC,White,0,0,0,0,County Road,County Sheriff,Law Enforcement Support Agency,0,0,1,0,0,,,,,,0.0,0.0,0.0,,,,,,,,,,,,,,,,,,,,,,,,,,,,,,,,,,,,98580
1011,2018,139,E799941,35.0,05/19/2018,12:53,19,5,0.0,53,Pierce,0,1,0.0,1,1,2,1,0,2,2,12:52,13:14,,1,0,0,0.7,1,0,1,6,1,2,4,0,0,0,0,CR-320TH ST S,,-122.5404139,46.966836111,0,2,98,53,3,35,34,0,0,1,5,12,1,1,2,1,5,1,1,53,0,35,472,2006,0,0.0,12,,,,,,1,1,61,2,0.0,0.0,0,0,3,0,11,0,,,,,0.0,0.0,0.0,3.0,1,0,0.0,0.0,0.0,96,,,,,,0,,,,,,98580.0,53,65.0,180.0,6.0,1.0,0.0,0.0,0.0,0.0,,0,,,,,,0,,,20,0,0,0,8.0,9,8,,,0,0.0,0.0,8,0,8.0,95.0,,,96.0,,,8,95,995.0,,,,,,,,,,,,,,,,,,,,,,,,,,,,,,0,0,0,0,0,0,0,0,0,0,0,0,1,0,0,0,0,0,0,0,0,0,0,0,0,0,0,0,1,1,0,0,0,0,0,,0,0,0,0,0,0,0,0,0,0,0,0,0,0,0,0,,,,,,61-65,56-65,County road,R,Saturday,Belt Used,PV,Not Fatal,0,0,0,0,County Road,County Sheriff,Law Enforcement Support Agency,0,0,1,0,0,,,,,,0.0,0.0,0.0,,,,,,,,,,,,,,,,,,,,,,,,,,,,,,,,,,,,98580
1012,2018,140,E802893,1.0,05/17/2018,12:15,17,5,0.0,21,Franklin,1660,1,0.0,1,1,2,1,0,2,2,,,,12,0,2,12.8,1,0,1,1,2,1,1,0,0,0,0,I-182,,-119.1160556,46.248561111,0,1,50,54,3,98,34,0,0,1,2,12,1,1,2,3,1,1,3,53,0,12,481,2013,0,0.0,12,,,,,,1,1,88,1,7.0,1.0,4,0,3,0,11,4,05/18/2018,17:43,196053022727.0,22727.0,0.0,0.0,3.0,3.0,1,51,0.0,0.0,0.0,96,,,,,,99,,,,,,99301.0,53,69.0,160.0,6.0,1.0,0.0,1.0,1.0,0.0,,0,,,,,,0,10/15/2014,10/15/2014,1,0,0,0,0.0,9,8,,,0,0.0,0.0,8,9,2.0,1.0,,,1.0,,,2,1,0.0,,,,,,,,,,,,,,,,,,,,,,,,,,,,,,0,0,0,0,0,0,0,0,0,0,0,0,0,0,0,0,0,0,0,0,0,0,0,0,0,1,1,1,0,1,1,0,0,0,0,,1,0,0,0,0,0,0,0,0,0,0,0,0,0,0,0,,,,,,81+,76+,Interstate,U,Thursday,Belt Used,PV,White,0,0,0,1,State Route,State Patrol,Washington State Patrol,0,1,0,0,0,,,,,,0.0,0.0,0.0,,,,,,,,,,,,,,,,,,,,,,,,,,,,,,,,,,,,99301
1013,2018,140,E802893,1.0,05/17/2018,12:15,17,5,0.0,21,Franklin,1660,1,0.0,1,1,2,1,0,2,2,,,,12,0,2,12.8,1,0,1,1,2,1,1,0,0,0,0,I-182,,-119.1160556,46.248561111,0,2,51,54,3,60,66,1,0,1,5,12,1,1,2,3,1,1,3,53,0,87,884,2018,0,0.0,12,,,,,,1,1,38,1,0.0,0.0,1,0,3,0,11,4,,,,,6.0,1.0,0.0,3.0,1,0,0.0,0.0,0.0,96,,,,,,0,,,,,,99301.0,53,69.0,210.0,6.0,1.0,0.0,0.0,0.0,0.0,,0,,,,,,0,,,20,0,0,0,8.0,9,2,,,0,0.0,0.0,0,0,8.0,95.0,,,96.0,,,8,95,995.0,,,,,,,,,,,,,,,,,,,,,,,,,,,,,,0,0,0,0,0,0,0,0,0,0,0,0,0,0,0,0,0,0,0,0,0,0,0,0,0,1,1,1,0,1,1,0,0,0,0,,0,0,0,0,0,0,0,0,0,0,0,0,0,0,0,0,,,,,,36-40,36-45,Interstate,U,Thursday,,MHTRUCK,Not Fatal,0,0,0,1,State Route,State Patrol,Washington State Patrol,0,1,0,0,0,,,,,,0.0,0.0,0.0,,,,,,,,,,,,,,,,,,,,,,,,,,,,,,,,,,,,99301
1014,2018,141,E800788,5.0,05/12/2018,17:51,12,5,0.0,11,Clark,1080,1,0.0,1,1,2,1,0,1,1,,,,1,0,0,16.1,1,0,1,1,1,1,1,0,0,0,0,I-5,,-122.7011833,45.848983333,0,1,6,12,2,70,34,0,0,1,7,1,1,1,3,3,1,1,1,53,0,7,482,2001,0,0.0,64,1.0,,,,,1,1,58,1,7.0,1.0,4,7,3,0,11,0,05/12/2018,17:51,108053022049.0,22049.0,0.0,0.0,0.0,3.0,1,0,0.0,0.0,0.0,96,,,,,,9,,,,,,98674.0,53,69.0,180.0,6.0,1.0,0.0,0.0,1.0,1.0,,0,,,,,,0,07/15/2017,10/15/2017,1,0,0,0,0.0,1,8,,,0,0.0,0.0,8,1,2.0,1.0,,,1.0,,,2,1,0.1,,,,,,,,,,,,,,,,,,,,,,,,,,,,,,0,0,1,0,1,1,0,1,0,0,0,0,0,0,0,0,0,0,0,0,0,0,0,0,0,0,0,0,0,1,0,0,0,0,0,,1,0,0,0,0,1,0,1,0,0,0,0,0,1,0,1,,,,,,56-60,56-65,Interstate,R,Saturday,Belt Used,PV,White,0,1,0,0,State Route,State Patrol,Washington State Patrol Headquarter,1,1,0,0,0,,,,,,0.0,0.0,0.0,,,,,,,,,,,,,,,,,,,,,,,,,,,,,,,,,,,,
1015,2018,142,E801189,305.0,05/21/2018,20:24,21,5,0.0,11,Clark,2370,1,0.0,1,1,2,1,0,1,1,,,,33,0,0,0.0,1,0,1,3,2,4,6,0,0,0,0,NE FOURTH PLAIN BLVD,,-122.5144028,45.672166667,0,1,6,12,2,40,49,0,0,1,7,32,1,1,5,5,1,1,1,53,0,98,999,1979,0,0.0,68,64.0,33.0,67.0,32.0,31.0,1,1,38,1,7.0,1.0,4,0,2,0,11,4,05/21/2018,21:51,237053023079.0,23079.0,0.0,0.0,0.0,3.0,1,0,0.0,0.0,0.0,0,,,,,,1,,,,,,98682.0,53,70.0,160.0,6.0,1.0,0.0,0.0,0.0,1.0,,0,,,,,,0,03/15/2016,03/15/2016,20,2,9,0,0.0,9,8,,,0,0.0,0.0,8,0,2.0,605.0,695.0,,1.0,1.0,,2,1,0.0,,,,,,,,,,,,,,,,,,,,,,,,,,,,,,0,0,1,0,0,0,1,1,1,0,0,0,0,0,0,0,0,0,0,0,0,0,0,0,0,0,0,0,0,1,0,0,0,0,0,,1,0,0,0,0,0,1,1,0,0,0,0,0,0,1,0,,,,,,36-40,36-45,City street,U,Monday,Belt Used,PV,White,0,1,0,0,City Street,Municipal/City Police,Vancouver Police Department,1,0,0,1,0,thc,2.6,carboxy-thc,6.0,,0.0,0.0,0.0,,,,,,,,,,,,,,,,,,,,,,,,,,,,,,,,,,,,98682
1016,2018,143,E801163,159.0,05/03/2018,15:15,3,5,0.0,5,Benton,1020,1,0.0,1,99,2,1,1,1,1,15:16,15:22,15:34,15,0,0,0.0,2,0,2,7,2,4,6,0,0,0,0,S RAINIER ST,W 6TH ST,-119.1431222,46.203094444,0,1,13,83,5,25,4,0,0,1,7,15,1,1,2,1,1,1,1,53,0,49,40,2014,0,0.0,15,,,,,,1,1,77,1,0.0,0.0,0,0,3,0,11,0,,,,,0.0,0.0,3.0,3.0,1,0,0.0,0.0,0.0,96,,,,,,0,,,,,,99336.0,53,70.0,215.0,6.0,1.0,0.0,0.0,0.0,1.0,,0,,,,,,0,06/15/2017,06/15/2017,20,0,0,0,8.0,9,8,,,0,0.0,0.0,8,0,8.0,95.0,,,96.0,,,8,95,995.0,,,,,,,,,,,,,,,,,,,,,,,,,,,,,,0,0,0,1,0,0,0,0,0,0,0,0,0,0,0,0,0,1,0,0,0,0,0,0,0,1,1,1,0,1,0,1,0,0,0,,0,0,0,0,0,0,0,0,0,0,0,0,0,0,0,0,,,,,,76-80,76+,City street,U,Thursday,Belt Used,PV,Not Fatal,1,0,0,0,City Street,Municipal/City Police,Kennewick Police Department,0,0,0,1,0,,,,,,0.0,0.0,0.0,,,,,,,,,,,,,,,,,,,,,,,,,,,,,,,,,,,,99336
1017,2018,144,E800965,205.0,05/14/2018,3:25,14,5,0.0,57,Skagit,1410,1,0.0,2,1,2,1,1,1,1,3:31,3:39,,8,0,0,0.0,1,0,1,4,2,4,6,0,0,0,0,E DIVISION ST,,-122.2983861,48.420969444,0,1,13,80,5,25,4,0,0,1,7,8,1,1,3,5,1,1,1,53,0,37,32,2008,0,0.0,8,,,,,,1,1,47,2,0.0,0.0,0,0,3,0,11,0,,,,,0.0,0.0,0.0,3.0,1,0,0.0,0.0,0.0,0,,,,,,0,,,,,,98274.0,53,62.0,165.0,6.0,1.0,0.0,0.0,0.0,0.0,,0,,,,,,0,,,20,0,0,0,8.0,9,8,,,0,0.0,0.0,8,0,8.0,95.0,,,96.0,,,8,95,995.0,,,,,,,,,,,,,,,,,,,,,,,,,,,,,,0,0,0,0,0,0,0,0,0,0,0,0,0,0,0,0,0,0,0,0,0,0,0,0,0,0,0,0,0,1,0,1,0,0,0,,0,0,0,0,0,0,0,0,0,0,0,0,0,0,0,0,,,,,,46-50,46-55,City street,U,Monday,Belt Used,PV,Not Fatal,0,0,0,0,City Street,Municipal/City Police,Mount Vernon Police Department,0,0,0,1,0,,,,,,0.0,0.0,0.0,,,,,,,,,,,,,,,,,,,,,,,,,,,,,,,,,,,,98274
1018,2018,145,E805433,278.0,04/21/2018,1:25,21,4,0.0,63,Spokane,2110,99,0.0,2,1,5,1,0,1,1,,,,24,0,0,0.0,1,0,1,7,2,4,6,0,0,0,0,E SINTON AVE,,-117.3872889,47.670636111,0,1,1,13,2,25,6,0,0,1,7,3,1,2,2,1,1,1,1,53,0,12,24,2008,0,0.0,63,24.0,67.0,3.0,,,1,1,33,1,7.0,1.0,4,7,20,0,11,0,04/21/2018,1:25,211053024713.0,24713.0,0.0,0.0,0.0,2.0,1,0,0.0,0.0,0.0,0,,,,,,2,,,,,,99223.0,53,64.0,200.0,1.0,1.0,0.0,0.0,0.0,0.0,,0,,,,,,4,07/15/2013,02/15/2018,8,0,0,0,0.0,9,8,,,0,0.0,0.0,8,9,8.0,95.0,,,96.0,,,8,95,995.0,,,,,,,,,,,,,,,,,,,,,,,,,,,,,,0,0,1,0,0,0,0,0,0,0,0,0,1,1,0,1,0,0,0,1,0,0,0,0,0,0,0,0,0,1,0,0,0,1,0,,1,0,0,0,0,0,0,0,0,1,0,1,0,0,0,0,,,,,,31-35,26-35,City street,U,Saturday,Not Used,PV,White,0,1,0,0,City Street,Municipal/City Police,Spokane Police Department,1,0,0,1,0,,,,,,0.0,0.0,7.0,,,,,,,,,,,,,,,,,,,,,,,,,,,,,,,,,,,,99202
1019,2018,146,E802399,4.0,05/22/2018,13:50,22,5,0.0,63,Spokane,2113,1,0.0,1,1,2,1,0,4,3,13:55,13:59,14:28,24,0,0,0.4,5,1,1,1,2,1,1,0,0,0,0,I-90 RAMP 090S128446,,-117.3331306,47.653933333,0,1,6,12,2,98,80,0,0,1,7,12,4,2,2,6,14,1,1,53,0,71,706,2013,0,0.0,64,24.0,12.0,12.0,,,1,1,46,1,7.0,1.0,4,0,19,0,11,5,05/22/2018,16:08,211053023571.0,23571.0,0.0,0.0,0.0,3.0,1,0,0.0,0.0,0.0,96,,,,,,99,,,,,,99029.0,53,71.0,240.0,6.0,1.0,0.0,1.0,0.0,1.0,,0,,,,,,4,04/15/2017,05/15/2017,20,8,0,0,0.0,9,8,,,0,0.0,0.0,8,9,2.0,1.0,,,1.0,,,2,1,0.0,,,,,,,,,,,,,,,,,,,,,,,,,,,,,,0,0,1,0,0,0,0,0,0,0,0,0,1,0,0,0,0,0,0,0,0,0,0,0,0,1,1,0,1,1,0,0,0,0,1,0.0,0,0,0,0,0,0,0,0,0,1,0,0,0,0,0,0,,,,,,46-50,46-55,Interstate,U,Tuesday,,MC,White,0,1,0,0,State Route,State Patrol,Washington State Patrol Headquarter,1,1,0,0,0,,,,,,0.0,0.0,0.0,,,,,,,,,,,,,,,,,,,,,,,,,,,,,,,,,,,,99260
1020,2018,146,E802399,4.0,05/22/2018,13:50,22,5,0.0,63,Spokane,2113,1,0.0,1,1,2,1,0,4,3,13:55,13:59,14:28,24,0,0,0.4,5,1,1,1,2,1,1,0,0,0,0,I-90 RAMP 090S128446,,-117.3331306,47.653933333,0,2,98,60,4,60,14,0,0,1,5,12,2,8,3,3,14,2,2,16,0,48,401,2005,0,0.0,12,,,,,,1,1,66,2,0.0,0.0,0,0,3,0,11,0,,,,,0.0,0.0,0.0,3.0,1,0,0.0,0.0,0.0,96,,,,,,0,,,,,,83869.0,16,64.0,155.0,6.0,1.0,0.0,0.0,0.0,0.0,,0,,,,,,0,,,20,0,0,0,8.0,9,8,,,0,0.0,0.0,8,0,8.0,95.0,,,96.0,,,8,95,995.0,,,,,,,,,,,,,,,,,,,,,,,,,,,,,,0,0,1,0,0,0,0,0,0,0,0,0,1,0,0,0,0,0,0,0,0,0,0,0,0,1,1,0,1,1,0,0,0,0,0,,0,0,0,0,0,0,0,0,0,0,0,0,0,0,0,0,,,,,,66-70,66-75,Interstate,U,Tuesday,Belt Used,PV,Not Fatal,0,1,0,0,State Route,State Patrol,Washington State Patrol Headquarter,1,1,0,0,0,,,,,,0.0,0.0,0.0,,,,,,,,,,,,,,,,,,,,,,,,,,,,,,,,,,,,99260
1021,2018,146,E802399,4.0,05/22/2018,13:50,22,5,0.0,63,Spokane,2113,1,0.0,1,1,2,1,0,4,3,13:55,13:59,14:28,24,0,0,0.4,5,1,1,1,2,1,1,0,0,0,0,I-90 RAMP 090S128446,,-117.3331306,47.653933333,0,3,98,60,4,60,4,0,0,1,5,12,2,8,3,3,14,1,1,53,0,30,40,2006,0,0.0,12,,,,,,1,1,70,2,0.0,0.0,0,0,3,0,11,0,,,,,0.0,0.0,3.0,3.0,1,0,0.0,0.0,0.0,96,,,,,,0,,,,,,99134.0,53,65.0,170.0,6.0,1.0,0.0,0.0,0.0,0.0,,0,,,,,,0,,,20,0,0,0,8.0,9,8,,,0,0.0,0.0,8,0,8.0,95.0,,,96.0,,,8,95,995.0,,,,,,,,,,,,,,,,,,,,,,,,,,,,,,0,0,1,0,0,0,0,0,0,0,0,0,1,0,0,0,0,0,0,0,0,0,0,0,0,1,1,0,1,1,0,0,0,0,0,,0,0,0,0,0,0,0,0,0,0,0,0,0,0,0,0,,,,,,66-70,66-75,Interstate,U,Tuesday,Belt Used,PV,Not Fatal,0,1,0,0,State Route,State Patrol,Washington State Patrol Headquarter,1,1,0,0,0,,,,,,0.0,0.0,0.0,,,,,,,,,,,,,,,,,,,,,,,,,,,,,,,,,,,,99260
1022,2018,147,E801942,8.0,05/17/2018,17:02,17,5,0.0,31,Jefferson,0,1,0.0,1,1,1,1,0,7,6,16:47,17:08,17:48,12,0,8,14.3,1,0,1,3,1,1,3,0,0,0,0,SR-104,,-122.6197722,47.857219444,0,1,64,10,2,40,34,0,0,1,7,12,1,1,2,1,1,1,1,53,0,23,481,2010,0,0.0,68,12.0,12.0,12.0,12.0,12.0,1,1,47,1,0.0,0.0,3,0,3,0,11,5,,,,,0.0,0.0,0.0,3.0,1,28,0.0,0.0,0.0,92,,,,,,99,,,,,,98340.0,53,67.0,145.0,6.0,1.0,0.0,0.0,0.0,0.0,,97,,,,,,0,,,8,0,0,0,8.0,9,8,,,0,0.0,0.0,8,9,2.0,348.0,,,1.0,,,2,1,0.0,,,,,,,,,,,,,,,,,,,,,,,,,,,,,,0,0,0,0,0,0,1,1,0,0,0,0,0,0,0,0,1,0,0,0,0,0,0,0,0,1,0,0,0,1,1,0,0,0,0,,0,0,0,0,0,0,1,1,1,0,0,0,0,0,1,0,,,,,,46-50,46-55,State route,R,Thursday,Belt Used,PV,Not Fatal,0,0,0,1,State Route,State Patrol,Washington State Patrol Headquarter,0,1,0,0,0,,,,,,0.0,0.0,0.0,,,,,,,,,,,,,,,,,,,,,,,,,,,,,,,,,,,,98364
1023,2018,147,E801942,8.0,05/17/2018,17:02,17,5,0.0,31,Jefferson,0,1,0.0,1,1,1,1,0,7,6,16:47,17:08,17:48,12,0,8,14.3,1,0,1,3,1,1,3,0,0,0,0,SR-104,,-122.6197722,47.857219444,0,2,65,62,4,40,63,0,0,1,5,12,1,1,2,1,1,1,3,53,0,85,881,2017,0,0.0,12,,,,,,1,1,52,1,0.0,0.0,0,0,3,0,11,0,,,,,6.0,3.0,3.0,3.0,1,0,0.0,0.0,0.0,96,,,,,,0,,,,,,98325.0,53,71.0,185.0,6.0,1.0,0.0,0.0,0.0,0.0,,0,,,,,,0,,,20,0,0,0,8.0,9,8,,,0,0.0,0.0,8,0,8.0,95.0,,,96.0,,,8,95,995.0,,,,,,,,,,,,,,,,,,,,,,,,,,,,,,0,0,0,0,0,0,1,1,0,0,0,0,0,0,0,0,1,0,0,0,0,0,0,0,0,1,0,0,0,1,1,0,0,0,0,,0,0,0,0,0,0,0,0,0,0,0,0,0,0,0,0,,,,,,51-55,46-55,State route,R,Thursday,,MHTRUCK,Not Fatal,0,0,0,1,State Route,State Patrol,Washington State Patrol Headquarter,0,1,0,0,0,,,,,,0.0,0.0,0.0,,,,,,,,,,,,,,,,,,,,,,,,,,,,,,,,,,,,98364
1024,2018,147,E801942,8.0,05/17/2018,17:02,17,5,0.0,31,Jefferson,0,1,0.0,1,1,1,1,0,7,6,16:47,17:08,17:48,12,0,8,14.3,1,0,1,3,1,1,3,0,0,0,0,SR-104,,-122.6197722,47.857219444,0,3,98,62,4,40,14,0,0,1,5,12,1,1,2,1,1,2,1,53,0,23,401,2005,0,0.0,12,63.0,25.0,,,,1,1,65,1,0.0,0.0,0,0,3,0,11,0,,,,,0.0,0.0,0.0,3.0,1,0,0.0,0.0,0.0,96,,,,,,0,,,,,,98370.0,53,69.0,185.0,6.0,1.0,0.0,0.0,0.0,0.0,,0,,,,,,0,,,20,0,0,0,8.0,9,8,,,0,0.0,0.0,8,0,8.0,95.0,,,96.0,,,8,95,995.0,,,,,,,,,,,,,,,,,,,,,,,,,,,,,,0,0,0,0,0,0,1,1,0,0,0,0,0,0,0,0,1,0,0,0,0,0,0,0,0,1,0,0,0,1,1,0,0,0,0,,0,0,0,0,0,0,0,0,0,0,0,0,0,0,0,0,,,,,,61-65,56-65,State route,R,Thursday,Belt Used,PV,Not Fatal,0,0,0,1,State Route,State Patrol,Washington State Patrol Headquarter,0,1,0,0,0,,,,,,0.0,0.0,0.0,,,,,,,,,,,,,,,,,,,,,,,,,,,,,,,,,,,,98364
1025,2018,147,E801942,8.0,05/17/2018,17:02,17,5,0.0,31,Jefferson,0,1,0.0,1,1,1,1,0,7,6,16:47,17:08,17:48,12,0,8,14.3,1,0,1,3,1,1,3,0,0,0,0,SR-104,,-122.6197722,47.857219444,0,4,98,62,4,40,34,0,0,1,5,12,1,1,2,1,1,1,2,53,0,12,471,2005,0,0.0,12,12.0,,,,,1,1,65,2,7.0,1.0,4,7,3,0,11,0,05/17/2018,17:02,53022787.0,22787.0,0.0,0.0,0.0,3.0,1,0,0.0,0.0,0.0,96,,,,,,0,,,,,,98365.0,53,68.0,245.0,6.0,1.0,0.0,0.0,0.0,0.0,,0,,,,,,0,,,1,0,0,0,0.0,9,8,,,0,0.0,0.0,8,8,8.0,95.0,,,96.0,,,8,95,995.0,,,,,,,,,,,,,,,,,,,,,,,,,,,,,,0,0,0,0,0,0,1,1,0,0,0,0,0,0,0,0,1,0,0,0,0,0,0,0,0,1,0,0,0,1,1,0,0,0,0,,1,0,0,0,0,0,0,0,0,0,0,0,0,0,0,0,,,,,,61-65,56-65,State route,R,Thursday,Belt Used,PV,White,0,0,0,1,State Route,State Patrol,Washington State Patrol Headquarter,0,1,0,0,0,,,,,,0.0,0.0,0.0,,,,,,,,,,,,,,,,,,,,,,,,,,,,,,,,,,,,98364
1026,2018,147,E801942,8.0,05/17/2018,17:02,17,5,0.0,31,Jefferson,0,1,0.0,1,1,1,1,0,7,6,16:47,17:08,17:48,12,0,8,14.3,1,0,1,3,1,1,3,0,0,0,0,SR-104,,-122.6197722,47.857219444,0,5,98,98,7,40,4,0,0,1,5,12,1,1,2,1,1,1,3,6,0,55,35,2018,0,0.0,12,12.0,,,,,1,1,64,2,0.0,0.0,0,0,3,0,11,0,,,,,0.0,0.0,3.0,3.0,1,0,0.0,0.0,0.0,96,,,,,,0,,,,,,77025.0,48,,999.0,6.0,1.0,0.0,0.0,0.0,0.0,,0,,,,,,0,,,8,0,0,0,8.0,9,8,,,0,0.0,0.0,8,0,8.0,95.0,,,96.0,,,8,95,995.0,,,,,,,,,,,,,,,,,,,,,,,,,,,,,,0,0,0,0,0,0,1,1,0,0,0,0,0,0,0,0,1,0,0,0,0,0,0,0,0,1,0,0,0,1,1,0,0,0,0,,0,0,0,0,0,0,0,0,0,0,0,0,0,0,0,0,,,,,,61-65,56-65,State route,R,Thursday,Belt Used,PV,Not Fatal,0,0,0,1,State Route,State Patrol,Washington State Patrol Headquarter,0,1,0,0,0,,,,,,0.0,0.0,0.0,,,,,,,,,,,,,,,,,,,,,,,,,,,,,,,,,,,,98364
1027,2018,147,E801942,8.0,05/17/2018,17:02,17,5,0.0,31,Jefferson,0,1,0.0,1,1,1,1,0,7,6,16:47,17:08,17:48,12,0,8,14.3,1,0,1,3,1,1,3,0,0,0,0,SR-104,,-122.6197722,47.857219444,0,6,98,62,4,40,4,0,0,1,5,12,1,1,2,1,1,1,1,53,0,41,50,2017,0,0.0,12,,,,,,1,1,40,1,0.0,0.0,0,0,3,0,11,0,,,,,0.0,0.0,3.0,3.0,1,0,0.0,0.0,0.0,96,,,,,,0,,,,,,98357.0,53,72.0,260.0,6.0,1.0,0.0,0.0,0.0,1.0,,0,,,,,,0,10/15/2014,10/15/2014,99,0,0,0,8.0,9,8,,,0,0.0,0.0,8,0,0.0,0.0,,,0.0,,,0,0,996.0,,,,,,,,,,,,,,,,,,,,,,,,,,,,,,0,0,0,0,0,0,1,1,0,0,0,0,0,0,0,0,1,0,0,0,0,0,0,0,0,1,0,0,0,1,1,0,0,0,0,,0,0,0,0,0,0,0,0,0,0,0,0,0,0,0,0,,,,,,36-40,36-45,State route,R,Thursday,Belt Used,PV,Not Fatal,0,0,0,1,State Route,State Patrol,Washington State Patrol Headquarter,0,1,0,0,0,,,,,,0.0,0.0,0.0,,,,,,,,,,,,,,,,,,,,,,,,,,,,,,,,,,,,98364