,year,case,par,repjur,crash_dt,crash_tm,accday,accmon,holiday,county,co_char,city,weather,weather2,lightcond,surfcond,surftype,numfatal,nmforms,pforms,vforms,not_tm,arr_tm,hosp_tm,fhevent,hitrun,manncol,milepnt,reljunc,reljuncinter,intersectiontype,funcsystem,landuse,ownership,route,schlbus,spejur,contdev,devfunc,trafid1,trafid2,x,y,wk_zone,vnumber,crashtype,criticalevent,criticaleventcat,spdlim,body,trailer,emerg,hazcargo,leave,mhevent,roadalgn,roadprof,traflane,trafflow,vehmanvr,numoccs,regowner,regstate,spuse,make,model,modelyr,vrf1,vrf2,seqevent1,seqevent2,seqevent3,seqevent4,seqevent5,seqevent6,pnumber,ptype,age,sex,hispanic,race,injury,diedscene,restraint,restraintmisuse,seatpos,takehosp,death_dt,death_tm,cert,cernum_wa,commlic,licendor,licrestrict,liccomp,drivpres,drf1,drf2,drf3,drf4,distract1,distract2,distract3,distract4,distract5,distract6,dricond1,dricond2,dricond3,dricond4,dricond5,dricond6,dzip,licstate,drhgt_in,weight,noncdl,noncdltype,prevdwi,prevoth,prevacc,prevspd,prevsus,driviol1,driviol2,driviol3,driviol4,driviol5,driviol6,spdrel,first_dt,last_dt,airbag,ejection,ejectpath,extricat,injurwrk,methalc,methdrug,nmlocat,strikveh,prf1,prf2,prf3,druginv,alcinvol,drugsts,drugres1,drugres2,drugres3,drugtst1,drugtst2,drugtst3,alcsts,alctst,alcres,nmact1,nmact2,nmact3,nmact4,nmact5,nmact6,nmprior1,nmprior2,nmprior3,nmprior4,nmprior5,nmprior6,nmcond1,nmcond2,nmcond3,nmcond4,nmcond5,nmcond6,nmsafe_helmet,nmsafe_pads,nmsafe_oth,nmprev_ref,nmprev_lgt,nmprev_oth,crashlocation,nmcrashtype,crosswalk,schoolzone,sidewalk,train_inv,wildlife_inv,rotr_fars,intersect_fars,dd_inv,aid_inv,dpd_inv,id_inv,mj_inv,impnm_inv,ainm_inv,dpnm_inv,speed_inv,unlic_inv,unendmc_inv,drowsy_inv,drdist_inv,nmdist_inv,fty_inv,unrestfat_inv,dr1617_inv,dr1820_inv,dr1620_inv,dr2125_inv,dr1625_inv,dr65_inv,dr70_inv,dr75_inv,mc_inv,pv_inv,ht_inv,ped_inv,bike_inv,unrest_fat,mc_fat,unhelmet_mc,pv_fat,ht_fat,ped_fat,bike_fat,dr_alc7,dr_alc8,dr_drug,dr_imp,dr_dist,dr_spd,dr_fty,dr_unlic,dr_alc7only,dr_alc8only,dr_drugonly,dr_drink,nm_imp,nm_alc7,nm_alc8,nm_drug,nm_dist,agegrp1,agegrp2,roadclass,urbrur,dayweek,restuse,vehtype,race_me,intersect,lanedep,oppdir,wrongway,rep_typ,investag,repag_long,rotr,st_rd,cty_rd,city_rd,oth_rd,drug_thc,thc_res,drug_cthc,cthc_res,drug_cann,prevpersemin,prevperse,prevsusoth,drugtst4,drugtst5,drugtst6,drugtst7,drugtst8,drugres4,drugres5,drugres6,drugres7,drugres8,adspresent,adsengaged,adslevel,race1,race2,race3,race4,race5,helmet,helmetmisuse,nmdistract1,nmdistract2,nmdistract3,nmdistract4,nmdistract5,nmdistract6,lab,isedtcase,crf1,crf2,crf3,CoRoadName,CoMP,IntCoRoadName,IntCoMP,zipcode
1046,2018,161,E806233,2.0,06/04/2018,14:54,4,6,0.0,57,Skagit,0,1,0.0,1,1,2,1,0,2,2,,,,12,0,6,45.7,2,0,3,3,1,1,3,0,0,0,0,SR-20,CAMPBELL LAKE RD,-122.6029389,48.4457,0,2,83,67,4,50,14,0,0,1,7,12,3,8,4,1,14,1,3,53,0,12,401,2015,0,0.0,12,,,,,,1,1,56,1,0.0,0.0,1,0,3,0,11,0,,,,,0.0,0.0,0.0,3.0,1,0,0.0,0.0,0.0,96,,,,,,0,,,,,,98277.0,53,74.0,210.0,6.0,1.0,0.0,0.0,0.0,0.0,,0,,,,,,0,,,1,0,0,0,8.0,9,8,,,0,0.0,0.0,8,0,8.0,95.0,,,96.0,,,8,95,995.0,,,,,,,,,,,,,,,,,,,,,,,,,,,,,,0,0,0,1,0,0,0,0,0,0,0,0,0,0,0,0,0,0,1,0,0,0,0,0,0,1,1,1,0,1,0,0,0,0,0,,0,0,0,0,0,0,0,0,0,0,0,0,0,0,0,0,,,,,,56-60,56-65,State route,R,Monday,Belt Used,PV,Not Fatal,1,0,0,0,State Route,State Patrol,Washington State Patrol,0,1,0,0,0,,,,,,0.0,0.0,0.0,,,,,,,,,,,,,,,,,,,,,,,,,,,,,,,,,,,,98221
1047,2018,162,E809587,5.0,06/07/2018,12:24,7,6,0.0,11,Clark,2370,10,0.0,1,1,2,1,0,3,3,12:22,12:27,,12,0,1,0.3,20,1,1,1,2,1,1,0,0,0,0,I-205 RAMP S502801,,-122.5586472,45.618719444,0,1,28,52,3,98,34,0,0,1,2,12,3,2,1,6,14,1,2,41,0,7,482,2017,0,0.0,12,,,,,,1,1,53,1,0.0,0.0,0,0,3,0,11,0,,,,,0.0,0.0,3.0,3.0,1,26,0.0,0.0,0.0,96,,,,,,0,,,,,,98684.0,41,69.0,170.0,6.0,1.0,1.0,3.0,0.0,0.0,,97,,,,,,0,07/15/2013,07/15/2017,20,0,0,0,8.0,9,2,,,0,0.0,0.0,0,0,2.0,1.0,,,1.0,,,2,1,0.0,,,,,,,,,,,,,,,,,,,,,,,,,,,,,,0,0,0,0,0,0,1,1,0,0,0,0,0,0,0,0,1,0,0,0,0,0,0,0,0,0,0,0,0,1,0,0,0,0,0,,0,0,0,0,0,0,0,0,0,0,0,0,0,0,0,0,,,,,,51-55,46-55,Interstate,U,Thursday,Belt Used,PV,Not Fatal,0,0,0,0,State Route,State Patrol,WASHINGTON STATE PATROL,0,1,0,0,0,,,,,,0.0,0.0,0.0,,,,,,,,,,,,,,,,,,,,,,,,,,,,,,,,,,,,98664
1048,2018,162,E809587,5.0,06/07/2018,12:24,7,6,0.0,11,Clark,2370,10,0.0,1,1,2,1,0,3,3,12:22,12:27,,12,0,1,0.3,20,1,1,1,2,1,1,0,0,0,0,I-205 RAMP S502801,,-122.5586472,45.618719444,0,2,29,53,3,98,4,0,0,1,2,12,3,2,1,6,2,1,1,53,0,35,39,2009,0,0.0,12,12.0,,,,,1,1,51,1,7.0,1.0,4,7,3,0,11,0,06/07/2018,12:24,237053026878.0,26878.0,0.0,0.0,3.0,3.0,1,0,0.0,0.0,0.0,96,,,,,,99,,,,,,98642.0,53,69.0,227.0,6.0,1.0,0.0,1.0,0.0,1.0,,0,,,,,,0,08/15/2015,08/15/2016,1,0,0,0,0.0,9,8,,,0,0.0,0.0,8,9,2.0,996.0,,,1.0,,,2,1,0.0,,,,,,,,,,,,,,,,,,,,,,,,,,,,,,0,0,0,0,0,0,1,1,0,0,0,0,0,0,0,0,1,0,0,0,0,0,0,0,0,0,0,0,0,1,0,0,0,0,0,,1,0,0,0,0,0,1,1,0,0,0,0,0,0,1,0,,,,,,51-55,46-55,Interstate,U,Thursday,Belt Used,PV,White,0,0,0,0,State Route,State Patrol,WASHINGTON STATE PATROL,0,1,0,0,0,,,,,,0.0,0.0,0.0,,,,,,,,,,,,,,,,,,,,,,,,,,,,,,,,,,,,98664
1049,2018,162,E809587,5.0,06/07/2018,12:24,7,6,0.0,11,Clark,2370,10,0.0,1,1,2,1,0,3,3,12:22,12:27,,12,0,1,0.3,20,1,1,1,2,1,1,0,0,0,0,I-205 RAMP S502801,,-122.5586472,45.618719444,0,3,98,87,6,98,5,0,0,1,7,12,3,2,1,6,5,1,1,41,0,49,46,2015,0,0.0,12,,,,,,1,1,61,2,0.0,0.0,3,0,3,0,11,4,,,,,0.0,0.0,0.0,3.0,1,0,0.0,0.0,0.0,12,,,,,,0,,,,,,97431.0,41,66.0,148.0,6.0,1.0,0.0,0.0,0.0,0.0,,0,,,,,,0,,,20,0,0,0,8.0,9,8,,,0,0.0,0.0,8,0,8.0,95.0,,,96.0,,,8,95,995.0,,,,,,,,,,,,,,,,,,,,,,,,,,,,,,0,0,0,0,0,0,1,1,0,0,0,0,0,0,0,0,1,0,0,0,0,0,0,0,0,0,0,0,0,1,0,0,0,0,0,,0,0,0,0,0,0,0,0,1,0,0,0,0,0,0,0,,,,,,61-65,56-65,Interstate,U,Thursday,Belt Used,PV,Not Fatal,0,0,0,0,State Route,State Patrol,WASHINGTON STATE PATROL,0,1,0,0,0,,,,,,0.0,0.0,0.0,,,,,,,,,,,,,,,,,,,,,,,,,,,,,,,,,,,,98664
1050,2018,163,E806406,2.0,06/06/2018,5:29,6,6,0.0,73,Whatcom,0,1,0.0,4,1,1,1,0,2,1,,,,3,0,0,3.4,1,0,1,6,1,2,4,0,3,0,0,CR-LUMMI SHORE DR,,-122.6196111,48.801077778,0,1,0,10,2,25,2,0,0,1,7,3,2,1,2,1,14,2,2,53,0,37,31,1997,0,0.0,68,63.0,3.0,,,,1,1,29,1,0.0,0.0,2,0,20,0,11,4,,,,,0.0,0.0,3.0,2.0,1,58,0.0,0.0,0.0,93,,,,,,9,,,,,,98230.0,53,69.0,180.0,1.0,1.0,1.0,1.0,0.0,1.0,,11,,,,,,0,06/15/2016,09/15/2017,20,0,0,0,8.0,9,2,,,0,0.0,0.0,1,9,2.0,177.0,401.0,417.0,1.0,1.0,1.0,2,1,0.0,,,,,,,,,,,,,,,,,,,,,,,,,,,,,,0,0,0,0,0,0,1,1,0,0,0,0,0,1,0,0,1,0,0,0,0,0,0,0,0,0,0,0,0,1,0,0,0,0,0,,0,0,0,0,0,0,1,1,1,0,0,1,0,0,1,0,,,,,,26-30,26-35,County road,R,Wednesday,Not Used,PV,Not Fatal,0,1,0,0,County Road,State Patrol,Washington State Patrol,1,0,1,0,0,,,,,,0.0,0.0,0.0,,,,,,,,,,,,,,,,,,,,,,,,,,,,,,,,,,,,98248
1051,2018,165,E811099,3.0,06/09/2018,4:23,9,6,0.0,53,Pierce,800,1,0.0,2,1,2,1,0,2,2,,,,12,0,7,12.9,1,0,1,3,2,1,3,0,0,0,0,SR-16,,-122.6146528,47.359105556,0,1,45,61,4,60,4,0,0,1,7,12,1,1,2,3,1,1,1,53,0,35,47,2015,0,0.0,12,,,,,,1,1,63,1,0.0,0.0,1,0,3,0,11,8,,,,,0.0,0.0,0.0,3.0,1,0,0.0,0.0,0.0,96,,,,,,0,,,,,,98445.0,53,74.0,210.0,6.0,1.0,0.0,0.0,0.0,0.0,,0,,,,,,0,,,20,0,0,0,8.0,9,8,,,0,0.0,0.0,8,1,8.0,95.0,,,96.0,,,8,95,995.0,,,,,,,,,,,,,,,,,,,,,,,,,,,,,,0,0,0,0,1,0,0,0,0,0,0,0,1,0,0,0,1,0,0,0,0,1,1,0,1,0,0,0,0,1,0,0,0,0,0,,0,0,0,0,0,0,0,0,0,0,0,0,0,0,0,1,,,,,,61-65,56-65,State route,U,Saturday,Belt Used,PV,Not Fatal,0,0,0,0,State Route,State Patrol,Washington State Patrol,0,1,0,0,0,,,,,,0.0,0.0,0.0,,,,,,,,,,,,,,,,,,,,,,,,,,,,,,,,,,,,98332
1052,2018,165,E811099,3.0,06/09/2018,4:23,9,6,0.0,53,Pierce,800,1,0.0,2,1,2,1,0,2,2,,,,12,0,7,12.9,1,0,1,3,2,1,3,0,0,0,0,SR-16,,-122.6146528,47.359105556,0,2,44,11,2,60,2,0,0,1,7,42,1,1,2,3,1,1,1,22,0,12,3,2017,0,0.0,12,63.0,42.0,,,,1,1,20,1,7.0,1.0,4,7,3,0,11,0,06/09/2018,4:23,80053026624.0,26624.0,0.0,0.0,0.0,3.0,1,0,0.0,0.0,0.0,93,,,,,,99,,,,,,70748.0,22,72.0,140.0,6.0,1.0,0.0,0.0,98.0,0.0,,0,,,,,,4,,,8,0,0,0,0.0,9,8,,,0,0.0,0.0,8,0,2.0,1.0,,,1.0,,,2,1,0.0,,,,,,,,,,,,,,,,,,,,,,,,,,,,,,0,0,0,0,1,0,0,0,0,0,0,0,1,0,0,0,1,0,0,0,0,1,1,0,1,0,0,0,0,1,0,0,0,0,0,,1,0,0,0,0,0,0,0,1,1,0,0,0,0,0,0,,,,,,18-20,16-25,State route,U,Saturday,Belt Used,PV,White,0,0,0,0,State Route,State Patrol,Washington State Patrol,0,1,0,0,0,,,,,,0.0,0.0,0.0,,,,,,,,,,,,,,,,,,,,,,,,,,,,,,,,,,,,98332
1053,2018,166,E808794,6.0,06/10/2018,12:37,10,6,0.0,7,Chelan,0,1,0.0,1,1,2,1,0,2,2,,,,12,0,6,115.2,2,0,2,3,1,1,2,0,0,3,3,US-2,EASY ST,-120.4125361,47.487138889,0,1,87,17,2,60,14,0,0,1,7,12,1,1,2,1,3,1,1,53,0,49,403,2001,0,0.0,12,68.0,64.0,38.0,,,1,1,81,1,7.0,1.0,4,0,3,0,11,5,06/10/2018,14:56,246053025874.0,25874.0,0.0,0.0,3.0,3.0,1,39,0.0,0.0,0.0,96,,,,,,99,,,,,,98836.0,53,69.0,141.0,6.0,1.0,0.0,0.0,0.0,0.0,,0,,,,,,0,,,20,0,0,0,0.0,9,8,,,0,0.0,0.0,8,9,8.0,95.0,,,96.0,,,8,95,995.0,,,,,,,,,,,,,,,,,,,,,,,,,,,,,,0,0,0,1,0,0,0,0,0,0,0,0,0,0,0,0,0,0,0,0,0,0,0,0,0,1,1,1,0,1,0,0,0,0,0,,1,0,0,0,0,0,0,0,0,0,0,0,0,0,0,0,,,,,,81+,76+,US highway,R,Sunday,Belt Used,PV,White,1,0,0,0,State Route,State Patrol,Washington State Patrol Headquarter,0,1,0,0,0,,,,,,0.0,0.0,0.0,,,,,,,,,,,,,,,,,,,,,,,,,,,,,,,,,,,,98801
1054,2018,166,E808794,6.0,06/10/2018,12:37,10,6,0.0,7,Chelan,0,1,0.0,1,1,2,1,0,2,2,,,,12,0,6,115.2,2,0,2,3,1,1,2,0,0,3,3,US-2,EASY ST,-120.4125361,47.487138889,0,2,86,66,4,60,14,0,0,1,7,12,1,1,5,1,1,1,1,53,0,12,401,1991,0,0.0,12,,,,,,1,1,30,1,0.0,0.0,2,0,3,0,11,6,,,,,0.0,0.0,0.0,3.0,1,0,0.0,0.0,0.0,96,,,,,,0,,,,,,98801.0,53,69.0,170.0,6.0,1.0,0.0,0.0,0.0,0.0,,0,,,,,,0,,,20,0,0,0,8.0,9,8,,,0,0.0,0.0,8,0,8.0,95.0,,,96.0,,,8,95,995.0,,,,,,,,,,,,,,,,,,,,,,,,,,,,,,0,0,0,1,0,0,0,0,0,0,0,0,0,0,0,0,0,0,0,0,0,0,0,0,0,1,1,1,0,1,0,0,0,0,0,,0,0,0,0,0,0,0,0,0,0,0,0,0,0,0,0,,,,,,26-30,26-35,US highway,R,Sunday,Belt Used,PV,Not Fatal,1,0,0,0,State Route,State Patrol,Washington State Patrol Headquarter,0,1,0,0,0,,,,,,0.0,0.0,0.0,,,,,,,,,,,,,,,,,,,,,,,,,,,,,,,,,,,,98801
1055,2018,167,E807736,6.0,06/10/2018,23:00,10,6,0.0,37,Kittitas,0,1,0.0,2,1,1,1,0,3,2,23:06,23:11,,1,0,0,79.8,1,0,1,1,1,1,1,0,0,0,0,I-90,,-120.9902917,47.186086111,0,1,6,6,1,70,4,0,0,1,2,1,1,2,2,3,6,1,1,53,0,49,40,2000,0,0.0,64,1.0,69.0,12.0,,,1,1,28,2,7.0,1.0,4,7,20,0,11,0,06/10/2018,23:00,37053026803.0,26803.0,0.0,0.0,0.0,3.0,1,0,0.0,0.0,0.0,96,,,,,,9,,,,,,98272.0,53,65.0,160.0,6.0,1.0,0.0,5.0,1.0,3.0,,0,,,,,,4,07/15/2014,05/15/2017,1,1,9,0,0.0,1,8,,,0,0.0,0.0,8,1,2.0,351.0,401.0,417.0,1.0,1.0,1.0,2,1,0.37,,,,,,,,,,,,,,,,,,,,,,,,,,,,,,0,0,1,0,1,1,1,1,1,0,0,0,1,0,0,0,0,0,0,1,0,0,0,0,0,0,0,0,0,1,0,0,0,1,0,,1,0,0,0,0,1,1,1,0,1,0,0,0,0,0,1,,,,,,26-30,26-35,Interstate,R,Sunday,Not Used,PV,White,0,1,0,0,State Route,State Patrol,Washington State Patrol,1,1,0,0,0,thc,8.7,carboxy-thc,6.0,,0.0,0.0,1.0,1.0,1.0,,,,605.0,695.0,,,,,,,,,,,,,,,,,,,,,,,,,,,,,98943
1056,2018,167,E807736,6.0,06/10/2018,23:00,10,6,0.0,37,Kittitas,0,1,0.0,2,1,1,1,0,3,2,23:06,23:11,,1,0,0,79.8,1,0,1,1,1,1,1,0,0,0,0,I-90,,-120.9902917,47.186086111,0,2,98,98,7,70,5,0,0,1,7,12,1,2,2,3,6,2,1,53,0,49,46,2013,0,0.0,12,,,,,,1,1,59,1,0.0,0.0,2,0,3,0,11,0,,,,,0.0,0.0,3.0,3.0,1,0,0.0,0.0,0.0,96,,,,,,0,,,,,,98908.0,53,68.0,160.0,6.0,1.0,0.0,0.0,0.0,0.0,,0,,,,,,0,,,8,0,0,0,8.0,9,8,,,0,0.0,0.0,8,0,8.0,95.0,,,96.0,,,8,95,995.0,,,,,,,,,,,,,,,,,,,,,,,,,,,,,,0,0,1,0,1,1,1,1,1,0,0,0,1,0,0,0,0,0,0,1,0,0,0,0,0,0,0,0,0,1,0,0,0,0,0,,0,0,0,0,0,0,0,0,0,0,0,0,0,0,0,0,,,,,,56-60,56-65,Interstate,R,Sunday,Belt Used,PV,Not Fatal,0,1,0,0,State Route,State Patrol,Washington State Patrol,1,1,0,0,0,,,,,,0.0,0.0,0.0,,,,,,,,,,,,,,,,,,,,,,,,,,,,,,,,,,,,98943
1057,2018,168,E804481,40.0,06/02/2018,21:08,2,6,0.0,63,Spokane,0,1,0.0,5,1,2,1,0,3,1,21:23,21:44,22:06,53,0,0,9.0,1,0,1,7,1,2,4,0,0,0,0,CR-SOUTH BANK RD,,-117.6566639,47.828563889,0,1,7,6,1,35,34,0,0,1,5,42,1,1,2,1,6,3,1,53,0,20,481,1997,0,0.0,68,64.0,53.0,38.0,42.0,,1,1,19,1,7.0,1.0,4,7,3,0,11,0,06/02/2018,21:08,53024699.0,24699.0,0.0,0.0,0.0,3.0,1,0,0.0,0.0,0.0,93,,,,,,99,,,,,,99208.0,53,74.0,190.0,6.0,1.0,0.0,1.0,1.0,1.0,,0,,,,,,3,10/15/2014,11/15/2016,20,0,0,0,0.0,9,8,,,0,0.0,0.0,8,1,8.0,95.0,,,96.0,,,8,95,995.0,,,,,,,,,,,,,,,,,,,,,,,,,,,,,,0,0,0,0,1,0,0,0,0,0,0,0,1,0,0,0,1,0,0,0,0,1,1,0,1,0,0,0,0,1,0,0,0,0,0,,1,0,0,0,0,0,0,0,1,1,0,0,0,0,0,1,,,,,,18-20,16-25,County road,R,Saturday,Belt Used,PV,White,0,1,0,0,County Road,County Sheriff,Spokane County Sheriff's Office,1,0,1,0,0,,,,,,0.0,0.0,0.0,,,,,,,,,,,,,,,,,,,,,,,,,,,,,,,,,,,,99026
1058,2018,169,E804509,55.0,06/02/2018,15:17,2,6,0.0,33,King,100,1,0.0,1,1,2,1,1,1,1,,,,9,0,0,2.1,3,0,3,3,2,1,3,0,3,4,3,SR-164,FIR ST E,-122.1894639,47.288252778,0,1,13,83,5,35,4,0,0,1,7,9,1,1,4,2,1,1,2,53,0,37,31,1995,0,0.0,9,,,,,,1,1,41,1,0.0,0.0,0,0,3,0,11,0,,,,,0.0,0.0,0.0,0.0,1,0,0.0,0.0,0.0,96,,,,,,0,,,,,,98092.0,53,73.0,200.0,0.0,0.0,0.0,0.0,0.0,0.0,,97,,,,,,0,,,20,0,0,0,8.0,9,8,,,0,0.0,0.0,8,0,8.0,95.0,,,96.0,,,8,95,995.0,,,,,,,,,,,,,,,,,,,,,,,,,,,,,,0,0,0,1,0,0,0,0,0,0,0,0,0,1,0,0,0,0,0,0,0,0,0,0,0,0,0,0,0,1,0,0,1,0,0,,0,0,0,0,0,0,0,0,0,0,0,1,0,0,0,0,,,,,,41-45,36-45,State route,U,Saturday,Belt Used,PV,Not Fatal,1,0,0,0,State Route,Municipal/City Police,Auburn Police Department,0,1,0,0,0,,,,,,0.0,0.0,0.0,,,,,,,,,,,,,,,,,,,,,,,,,,,,,,,,,,,,98092
1059,2018,170,E804742,238.0,06/04/2018,8:30,4,6,0.0,53,Pierce,1770,1,0.0,1,1,2,1,0,3,3,,,,12,0,8,5.0,1,0,1,3,2,1,3,0,3,0,0,SR-167,,-122.3156472,47.205136111,0,1,64,10,2,45,4,0,0,1,5,12,1,1,5,5,1,1,2,53,0,12,13,1997,0,0.0,68,12.0,12.0,,,,1,1,56,1,7.0,1.0,4,0,3,0,11,5,06/04/2018,9:04,223053025465.0,25465.0,0.0,0.0,0.0,2.0,1,28,0.0,0.0,0.0,96,,,,,,99,,,,,,98372.0,53,71.0,180.0,1.0,1.0,0.0,4.0,1.0,2.0,,0,,,,,,0,02/15/2014,11/15/2016,8,0,0,1,0.0,9,8,,,0,0.0,0.0,8,9,2.0,401.0,417.0,,1.0,1.0,,2,1,0.0,,,,,,,,,,,,,,,,,,,,,,,,,,,,,,0,0,0,0,0,0,1,1,0,0,0,0,0,1,0,0,0,0,0,0,0,0,0,0,0,0,0,0,0,1,0,0,0,0,0,,1,0,0,0,0,0,1,1,0,0,0,1,0,0,1,0,,,,,,56-60,56-65,State route,U,Monday,Belt Used,PV,White,0,0,0,0,State Route,Municipal/City Police,Puyallup Police Department,0,1,0,0,0,,,,,,0.0,0.0,2.0,,,,,,,,,,,,,,,,,,,,,,,,,,,,,,,,,,,,98371
1060,2018,170,E804742,238.0,06/04/2018,8:30,4,6,0.0,53,Pierce,1770,1,0.0,1,1,2,1,0,3,3,,,,12,0,8,5.0,1,0,1,3,2,1,3,0,3,0,0,SR-167,,-122.3156472,47.205136111,0,2,65,62,4,45,4,0,0,1,5,12,1,1,5,5,5,1,2,53,0,34,34,2001,0,0.0,12,,,,,,1,1,31,1,0.0,0.0,1,0,3,0,11,8,,,,,0.0,0.0,0.0,3.0,1,0,0.0,0.0,0.0,0,,,,,,0,,,,,,98092.0,53,65.0,190.0,6.0,1.0,0.0,1.0,0.0,2.0,,0,,,,,,0,02/15/2015,07/15/2016,8,0,0,0,8.0,9,8,,,0,0.0,0.0,8,0,8.0,95.0,,,96.0,,,8,95,995.0,,,,,,,,,,,,,,,,,,,,,,,,,,,,,,0,0,0,0,0,0,1,1,0,0,0,0,0,1,0,0,0,0,0,0,0,0,0,0,0,0,0,0,0,1,0,0,0,0,0,,0,0,0,0,0,0,0,0,0,0,0,0,0,0,0,0,,,,,,31-35,26-35,State route,U,Monday,Belt Used,PV,Not Fatal,0,0,0,0,State Route,Municipal/City Police,Puyallup Police Department,0,1,0,0,0,,,,,,0.0,0.0,2.0,,,,,,,,,,,,,,,,,,,,,,,,,,,,,,,,,,,,98371
1061,2018,170,E804742,238.0,06/04/2018,8:30,4,6,0.0,53,Pierce,1770,1,0.0,1,1,2,1,0,3,3,,,,12,0,8,5.0,1,0,1,3,2,1,3,0,3,0,0,SR-167,,-122.3156472,47.205136111,0,3,98,62,4,45,20,0,0,1,5,12,1,1,5,5,1,1,1,53,0,37,441,2000,0,0.0,12,,,,,,1,1,35,2,0.0,0.0,1,0,3,0,11,8,,,,,0.0,0.0,0.0,2.0,1,0,0.0,0.0,0.0,96,,,,,,99,,,,,,98404.0,53,61.0,180.0,1.0,1.0,0.0,0.0,0.0,1.0,,97,,,,,,0,06/15/2013,07/15/2016,8,0,0,0,8.0,9,8,,,0,0.0,0.0,8,9,8.0,95.0,,,96.0,,,8,95,995.0,,,,,,,,,,,,,,,,,,,,,,,,,,,,,,0,0,0,0,0,0,1,1,0,0,0,0,0,1,0,0,0,0,0,0,0,0,0,0,0,0,0,0,0,1,0,0,0,0,0,,0,0,0,0,0,0,0,0,0,0,0,1,0,0,0,0,,,,,,31-35,26-35,State route,U,Monday,Belt Used,PV,Not Fatal,0,0,0,0,State Route,Municipal/City Police,Puyallup Police Department,0,1,0,0,0,,,,,,0.0,0.0,3.0,,,,,,,,,,,,,,,,,,,,,,,,,,,,,,,,,,,,98371
1062,2018,171,E805001,278.0,06/04/2018,12:57,4,6,0.0,63,Spokane,2110,1,0.0,1,1,2,1,1,1,1,,,,8,0,0,0.5,3,0,2,3,2,1,2,0,0,2,3,US-2 CO BROWNE,S BROWNE,-117.4134389,47.654566667,0,1,13,80,5,30,21,0,0,1,5,8,1,1,3,4,11,1,3,16,0,35,461,2017,0,0.0,8,,,,,,1,1,41,2,0.0,0.0,0,0,3,0,11,0,,,,,0.0,0.0,0.0,3.0,1,38,0.0,0.0,0.0,96,,,,,,99,,,,,,83854.0,16,65.0,120.0,6.0,1.0,1.0,0.0,0.0,1.0,,97,,,,,,0,01/15/2014,08/15/2016,20,0,0,0,8.0,9,8,,,0,0.0,0.0,8,9,8.0,95.0,,,96.0,,,8,95,995.0,,,,,,,,,,,,,,,,,,,,,,,,,,,,,,0,0,0,1,0,0,0,0,0,0,0,0,0,0,0,0,0,0,1,0,0,0,0,0,0,0,0,0,0,1,0,1,0,0,0,,0,0,0,0,0,0,0,0,0,0,1,0,0,0,0,0,,,,,,41-45,36-45,US highway,U,Monday,Belt Used,PV,Not Fatal,1,0,0,0,State Route,Municipal/City Police,Spokane Police Department,0,1,0,0,0,,,,,,0.0,0.0,0.0,,,,,,,,,,,,,,,,,,,,,,,,,,,,,,,,,,,,99201
1063,2018,172,E807140,35.0,06/09/2018,16:20,9,6,0.0,53,Pierce,0,1,0.0,1,1,2,1,0,3,2,,,,12,0,6,1.1,1,0,1,5,1,2,4,0,0,0,0,CR-NISQUALLY RD SW,,-122.6951056,47.071144444,0,1,66,6,1,40,8,0,0,1,5,12,2,1,2,1,14,1,1,53,0,48,38,2014,0,0.0,68,12.0,,,,,1,1,29,1,7.0,1.0,4,7,99,0,11,0,06/09/2018,16:20,53953025836.0,25836.0,0.0,0.0,0.0,3.0,1,28,0.0,0.0,0.0,96,,,,,,9,,,,,,98391.0,53,71.0,185.0,6.0,1.0,0.0,0.0,0.0,2.0,,0,,,,,,3,11/15/2015,02/15/2017,99,0,0,0,0.0,1,8,,,0,0.0,0.0,8,1,2.0,605.0,695.0,,1.0,1.0,,2,1,0.077,,,,,,,,,,,,,,,,,,,,,,,,,,,,,,0,0,0,0,1,0,1,1,1,0,0,0,1,0,0,0,0,0,0,0,0,0,0,0,0,1,0,0,0,1,0,0,0,0,0,,1,0,0,0,1,0,1,1,0,1,0,0,0,0,0,1,,,,,,26-30,26-35,County road,R,Saturday,Unknown,PV,White,0,1,1,0,County Road,County Sheriff,Law Enforcement Support Agency,0,0,1,0,0,thc,25.0,carboxy-thc,79.0,,0.0,0.0,0.0,,,,,,,,,,,,,,,,,,,,,,,,,,,,,,,,,,,,
1064,2018,172,E807140,35.0,06/09/2018,16:20,9,6,0.0,53,Pierce,0,1,0.0,1,1,2,1,0,3,2,,,,12,0,6,1.1,1,0,1,5,1,2,4,0,0,0,0,CR-NISQUALLY RD SW,,-122.6951056,47.071144444,0,2,66,62,4,40,15,0,0,1,5,12,8,8,2,1,1,2,3,53,0,20,421,2013,0,0.0,12,,,,,,1,1,65,1,0.0,0.0,0,0,3,0,11,0,,,,,0.0,0.0,3.0,3.0,1,0,0.0,0.0,0.0,96,,,,,,0,,,,,,98513.0,53,76.0,230.0,6.0,1.0,0.0,1.0,1.0,0.0,,0,,,,,,0,03/15/2015,09/15/2017,1,0,0,0,8.0,9,8,,,0,0.0,0.0,8,0,8.0,95.0,,,96.0,,,8,95,995.0,,,,,,,,,,,,,,,,,,,,,,,,,,,,,,0,0,0,0,1,0,1,1,1,0,0,0,1,0,0,0,0,0,0,0,0,0,0,0,0,1,0,0,0,1,0,0,0,0,0,,0,0,0,0,0,0,0,0,0,0,0,0,0,0,0,0,,,,,,61-65,56-65,County road,R,Saturday,Belt Used,PV,Not Fatal,0,1,1,0,County Road,County Sheriff,Law Enforcement Support Agency,0,0,1,0,0,,,,,,0.0,0.0,0.0,,,,,,,,,,,,,,,,,,,,,,,,,,,,,,,,,,,,