,year,case,par,repjur,crash_dt,crash_tm,accday,accmon,holiday,county,co_char,city,weather,weather2,lightcond,surfcond,surftype,numfatal,nmforms,pforms,vforms,not_tm,arr_tm,hosp_tm,fhevent,hitrun,manncol,milepnt,reljunc,reljuncinter,intersectiontype,funcsystem,landuse,ownership,route,schlbus,spejur,contdev,devfunc,trafid1,trafid2,x,y,wk_zone,vnumber,crashtype,criticalevent,criticaleventcat,spdlim,body,trailer,emerg,hazcargo,leave,mhevent,roadalgn,roadprof,traflane,trafflow,vehmanvr,numoccs,regowner,regstate,spuse,make,model,modelyr,vrf1,vrf2,seqevent1,seqevent2,seqevent3,seqevent4,seqevent5,seqevent6,pnumber,ptype,age,sex,hispanic,race,injury,diedscene,restraint,restraintmisuse,seatpos,takehosp,death_dt,death_tm,cert,cernum_wa,commlic,licendor,licrestrict,liccomp,drivpres,drf1,drf2,drf3,drf4,distract1,distract2,distract3,distract4,distract5,distract6,dricond1,dricond2,dricond3,dricond4,dricond5,dricond6,dzip,licstate,drhgt_in,weight,noncdl,noncdltype,prevdwi,prevoth,prevacc,prevspd,prevsus,driviol1,driviol2,driviol3,driviol4,driviol5,driviol6,spdrel,first_dt,last_dt,airbag,ejection,ejectpath,extricat,injurwrk,methalc,methdrug,nmlocat,strikveh,prf1,prf2,prf3,druginv,alcinvol,drugsts,drugres1,drugres2,drugres3,drugtst1,drugtst2,drugtst3,alcsts,alctst,alcres,nmact1,nmact2,nmact3,nmact4,nmact5,nmact6,nmprior1,nmprior2,nmprior3,nmprior4,nmprior5,nmprior6,nmcond1,nmcond2,nmcond3,nmcond4,nmcond5,nmcond6,nmsafe_helmet,nmsafe_pads,nmsafe_oth,nmprev_ref,nmprev_lgt,nmprev_oth,crashlocation,nmcrashtype,crosswalk,schoolzone,sidewalk,train_inv,wildlife_inv,rotr_fars,intersect_fars,dd_inv,aid_inv,dpd_inv,id_inv,mj_inv,impnm_inv,ainm_inv,dpnm_inv,speed_inv,unlic_inv,unendmc_inv,drowsy_inv,drdist_inv,nmdist_inv,fty_inv,unrestfat_inv,dr1617_inv,dr1820_inv,dr1620_inv,dr2125_inv,dr1625_inv,dr65_inv,dr70_inv,dr75_inv,mc_inv,pv_inv,ht_inv,ped_inv,bike_inv,unrest_fat,mc_fat,unhelmet_mc,pv_fat,ht_fat,ped_fat,bike_fat,dr_alc7,dr_alc8,dr_drug,dr_imp,dr_dist,dr_spd,dr_fty,dr_unlic,dr_alc7only,dr_alc8only,dr_drugonly,dr_drink,nm_imp,nm_alc7,nm_alc8,nm_drug,nm_dist,agegrp1,agegrp2,roadclass,urbrur,dayweek,restuse,vehtype,race_me,intersect,lanedep,oppdir,wrongway,rep_typ,investag,repag_long,rotr,st_rd,cty_rd,city_rd,oth_rd,drug_thc,thc_res,drug_cthc,cthc_res,drug_cann,prevpersemin,prevperse,prevsusoth,drugtst4,drugtst5,drugtst6,drugtst7,drugtst8,drugres4,drugres5,drugres6,drugres7,drugres8,adspresent,adsengaged,adslevel,race1,race2,race3,race4,race5,helmet,helmetmisuse,nmdistract1,nmdistract2,nmdistract3,nmdistract4,nmdistract5,nmdistract6,lab,isedtcase,crf1,crf2,crf3,CoRoadName,CoMP,IntCoRoadName,IntCoMP,zipcode
1084,2018,187,E773266,242.0,02/25/2018,18:42,25,2,0.0,53,Pierce,1770,2,0.0,3,2,2,1,1,1,1,18:42,18:54,19:16,8,0,0,0.0,1,0,1,7,2,4,6,0,0,0,0,W STEWART,,-122.3027389,47.194113889,0,1,13,80,5,35,4,0,0,1,7,8,1,1,2,1,1,1,1,53,0,12,23,2014,0,0.0,8,,,,,,1,1,37,1,0.0,0.0,0,0,3,0,11,0,,,,,0.0,0.0,3.0,3.0,1,0,0.0,0.0,0.0,96,,,,,,0,,,,,,98373.0,53,74.0,280.0,6.0,1.0,0.0,0.0,0.0,0.0,,0,,,,,,0,05/15/2013,05/15/2013,20,0,0,0,8.0,9,8,,,0,0.0,0.0,8,0,8.0,95.0,,,96.0,,,8,95,995.0,,,,,,,,,,,,,,,,,,,,,,,,,,,,,,0,0,0,0,0,0,0,0,0,1,0,1,0,0,0,0,0,0,0,0,0,0,0,0,0,0,0,0,0,1,0,1,0,0,0,,0,0,0,0,0,0,0,0,0,0,0,0,0,0,0,0,,,,,,36-40,36-45,City street,U,Sunday,Belt Used,PV,Not Fatal,0,0,0,0,City Street,Municipal/City Police,Puyallup Police Department,0,0,0,1,0,,,,,,0.0,0.0,1.0,,,,,,,,,,,,,,,,,,,,,,,,,,,,,,,,,,,,98371
1085,2018,188,E777184,29.0,03/03/2018,13:37,3,3,0.0,41,Lewis,0,1,0.0,1,1,2,1,0,1,1,13:44,13:56,14:43,38,0,0,1.0,1,0,1,7,1,2,4,0,0,0,0,CR-TEITZEL RD,,-122.8834944,46.744916667,0,1,1,13,2,35,80,0,0,1,5,38,3,1,2,1,14,1,1,53,0,73,706,2013,0,0.0,63,38.0,,,,,1,1,76,1,7.0,1.0,4,0,19,0,11,5,03/04/2018,20:46,223053010293.0,10293.0,6.0,0.0,3.0,3.0,1,0,0.0,0.0,0.0,93,,,,,,0,,,,,,98503.0,53,72.0,205.0,6.0,1.0,0.0,0.0,1.0,0.0,,0,,,,,,0,10/15/2015,10/15/2015,20,8,0,0,0.0,9,8,,,0,0.0,0.0,8,0,8.0,95.0,,,96.0,,,8,95,995.0,,,,,,,,,,,,,,,,,,,,,,,,,,,,,,0,0,1,0,0,0,0,0,0,0,0,0,0,0,0,0,1,0,0,0,0,0,0,0,0,1,1,1,1,0,0,0,0,0,1,0.0,0,0,0,0,0,0,0,0,1,0,0,0,0,0,0,0,,,,,,76-80,76+,County road,R,Saturday,,MC,White,0,1,0,0,County Road,County Sheriff,Lewis County Sheriff's Office,1,0,1,0,0,,,,,,0.0,0.0,0.0,,,,,,,,,,,,,,,,,,,,,,,,,,,,,,,,,,,,98531
1086,2018,189,E781471,2.0,03/17/2018,12:32,17,3,0.0,61,Snohomish,0,1,0.0,1,1,2,1,0,1,1,,,,24,0,0,210.6,1,0,1,1,2,1,1,0,0,0,0,I-5,,-122.2167667,48.212530556,0,1,6,12,2,70,5,0,0,1,5,24,1,2,3,3,15,1,1,53,0,20,29,2015,0,0.0,64,24.0,1.0,,,,1,1,49,2,7.0,1.0,4,0,3,0,11,5,03/19/2018,23:55,69053014071.0,14071.0,0.0,0.0,3.0,3.0,1,0,0.0,0.0,0.0,96,,,,,,0,,,,,,98116.0,53,67.0,200.0,6.0,1.0,0.0,0.0,0.0,0.0,,0,,,,,,0,,,8,0,0,0,0.0,9,8,,,0,0.0,0.0,8,0,2.0,996.0,996.0,996.0,1.0,1.0,1.0,2,1,0.0,,,,,,,,,,,,,,,,,,,,,,,,,,,,,,0,0,1,0,0,0,1,1,0,0,0,0,0,0,0,0,0,0,0,0,0,0,0,0,0,0,0,0,0,1,0,0,0,0,0,,1,0,0,0,0,0,1,1,0,0,0,0,0,0,1,0,,,,,,46-50,46-55,Interstate,U,Saturday,Belt Used,PV,White,0,1,0,0,State Route,State Patrol,Washington State Patrol Headquarter,1,1,0,0,0,,,,,,0.0,0.0,0.0,,,,,,,,,,,,,,,,,,,,,,,,,,,,,,,,,,,,
1087,2018,190,E758652,189.0,01/14/2018,17:49,14,1,2.0,61,Snohomish,1280,1,0.0,3,1,2,1,0,3,2,17:46,17:56,18:32,12,0,6,0.1,2,1,2,3,2,1,3,0,0,3,3,SR-528,I-5,-122.1836083,48.051855556,0,1,68,17,2,98,4,0,0,1,5,12,1,1,4,1,11,2,2,53,0,54,32,1993,0,0.0,12,,,,,,1,1,21,1,0.0,0.0,0,0,3,0,11,0,,,,,0.0,0.0,0.0,2.0,1,38,0.0,0.0,0.0,96,,,,,,0,,,,,,98271.0,53,71.0,190.0,1.0,1.0,0.0,0.0,0.0,0.0,,97,,,,,,0,,,20,0,0,0,8.0,9,8,,,0,0.0,0.0,8,0,0.0,0.0,,,0.0,,,8,95,995.0,,,,,,,,,,,,,,,,,,,,,,,,,,,,,,0,0,0,1,0,0,0,0,0,0,0,0,0,1,0,0,0,0,1,0,0,0,0,1,1,0,0,0,1,1,0,0,0,0,0,,0,0,0,0,0,0,0,0,0,0,1,1,0,0,0,0,,,,,,21-25,16-25,State route,U,Sunday,Belt Used,PV,Not Fatal,1,0,0,0,State Route,Municipal/City Police,Marysville Police Department,0,1,0,0,0,,,,,,0.0,0.0,0.0,,,,,,,,,,,,,,,,,,,,,,,,,,,,,,,,,,,,98270
1088,2018,190,E758652,189.0,01/14/2018,17:49,14,1,2.0,61,Snohomish,1280,1,0.0,3,1,2,1,0,3,2,17:46,17:56,18:32,12,0,6,0.1,2,1,2,3,2,1,3,0,0,3,3,SR-528,I-5,-122.1836083,48.051855556,0,2,69,62,4,98,80,0,0,1,5,12,1,1,4,1,1,1,1,53,0,37,706,2015,0,0.0,12,,,,,,1,1,52,1,7.0,1.0,4,0,19,0,11,5,01/22/2018,14:15,69053003724.0,3724.0,0.0,0.0,0.0,3.0,1,0,0.0,0.0,0.0,96,,,,,,99,,,,,,98252.0,53,72.0,220.0,6.0,1.0,0.0,0.0,0.0,2.0,,0,,,,,,0,07/15/2016,11/15/2016,20,8,0,0,0.0,9,8,,,0,0.0,0.0,8,9,8.0,95.0,,,96.0,,,8,95,995.0,,,,,,,,,,,,,,,,,,,,,,,,,,,,,,0,0,0,1,0,0,0,0,0,0,0,0,0,1,0,0,0,0,1,0,0,0,0,1,1,0,0,0,1,1,0,0,0,0,1,0.0,0,0,0,0,0,0,0,0,0,0,0,0,0,0,0,0,,,,,,51-55,46-55,State route,U,Sunday,,MC,White,1,0,0,0,State Route,Municipal/City Police,Marysville Police Department,0,1,0,0,0,,,,,,0.0,0.0,0.0,,,,,,,,,,,,,,,,,,,,,,,,,,,,,,,,,,,,98270
1089,2018,191,E764286,42.0,01/30/2018,13:03,30,1,0.0,67,Thurston,1102,1,0.0,1,2,2,1,1,1,1,,,,8,0,0,0.0,3,0,3,4,1,4,4,0,0,20,3,CR-CARPENTER RD SE,32ND AVE SE,-122.7808389,47.018158333,0,1,13,11,2,35,6,0,0,1,5,8,4,2,2,1,10,1,2,53,0,20,24,2012,0,0.0,63,8.0,,,,,1,1,25,2,0.0,0.0,0,0,3,0,11,0,,,,,0.0,0.0,0.0,3.0,1,10,0.0,0.0,0.0,96,,,,,,0,,,,,,98503.0,53,67.0,205.0,6.0,1.0,0.0,0.0,0.0,2.0,,0,,,,,,0,03/15/2015,07/15/2017,20,0,0,0,8.0,9,8,,,0,0.0,0.0,8,0,8.0,95.0,,,96.0,,,8,95,995.0,,,,,,,,,,,,,,,,,,,,,,,,,,,,,,0,0,0,1,0,0,0,0,0,0,0,0,0,0,0,0,0,0,0,0,0,0,0,1,1,0,0,0,0,1,0,1,0,0,0,,0,0,0,0,0,0,0,0,0,0,0,0,0,0,0,0,,,,,,21-25,16-25,County road,R,Tuesday,Belt Used,PV,Not Fatal,1,0,0,0,City Street,County Sheriff,Thurston County Sheriff's Office,0,0,0,1,0,,,,,,0.0,0.0,0.0,,,,,,,,,,,,,,,,,,,,,,,,,,,,,,,,,,,,98503
1090,2018,192,E809550,35.0,06/14/2018,12:20,14,6,0.0,53,Pierce,0,1,0.0,1,1,2,1,0,1,1,12:25,12:30,,42,0,0,2.3,1,0,1,5,2,2,4,0,0,0,0,CR-108TH ST S,,-122.4439694,47.159175,0,1,2,6,1,35,10,0,0,1,5,42,1,1,2,1,6,1,1,53,0,20,7,1987,0,0.0,63,69.0,68.0,68.0,63.0,42.0,1,1,41,1,7.0,2.0,4,7,99,0,11,0,06/14/2018,12:45,223053026778.0,26778.0,0.0,0.0,3.0,3.0,1,0,0.0,0.0,0.0,96,,,,,,9,,,,,,98455.0,53,72.0,175.0,6.0,1.0,1.0,0.0,0.0,0.0,,0,,,,,,3,01/15/2014,05/15/2014,20,0,0,0,0.0,9,1,,,0,0.0,0.0,1,0,2.0,605.0,695.0,,1.0,1.0,,2,1,0.0,,,,,,,,,,,,,,,,,,,,,,,,,,,,,,0,0,0,0,0,0,1,1,1,0,0,0,1,0,0,0,0,0,0,0,0,0,0,0,0,0,0,0,0,1,0,0,0,0,0,,1,0,0,0,0,0,1,1,0,1,0,0,0,0,1,0,,,,,,41-45,36-45,County road,U,Thursday,Unknown,PV,Black,0,1,0,0,County Road,County Sheriff,Law Enforcement Support Agency,1,0,1,0,0,thc,6.4,carboxy-thc,9.8,,0.0,1.0,0.0,,,,,,,,,,,,,,,,,,,,,,,,,,,,,,,,,,,,98444
1091,2018,193,E809655,2.0,06/13/2018,13:32,13,6,0.0,57,Skagit,0,2,0.0,1,2,2,1,0,1,1,,,,1,0,0,35.9,1,0,1,4,1,1,3,0,0,0,0,SR-530,,-121.5566778,48.300838889,0,1,6,12,2,55,14,0,0,1,7,42,3,1,2,1,14,1,1,53,0,18,402,2004,0,0.0,68,64.0,1.0,42.0,,,1,1,70,1,7.0,1.0,4,7,3,0,11,0,06/13/2018,13:40,53026615.0,26615.0,0.0,0.0,3.0,3.0,1,0,0.0,0.0,0.0,96,,,,,,9,,,,,,98241.0,53,72.0,200.0,6.0,1.0,0.0,0.0,0.0,0.0,,0,,,,,,4,,,1,0,0,0,0.0,1,8,,,0,0.0,0.0,8,1,2.0,1.0,,,1.0,,,2,1,0.095,,,,,,,,,,,,,,,,,,,,,,,,,,,,,,0,0,1,0,1,1,0,1,0,0,0,0,1,0,0,0,0,0,0,0,0,0,0,0,0,1,1,0,0,1,0,0,0,0,0,,1,0,0,0,0,1,0,1,0,1,0,0,0,1,0,1,,,,,,66-70,66-75,State route,R,Wednesday,Belt Used,PV,White,0,1,0,0,State Route,State Patrol,Washington State Patrol,1,1,0,0,0,,,,,,0.0,0.0,0.0,,,,,,,,,,,,,,,,,,,,,,,,,,,,,,,,,,,,98241
1092,2018,194,E810448,26.0,06/19/2018,0:51,19,6,0.0,35,Kitsap,0,1,0.0,3,1,2,1,0,3,2,0:58,1:17,2:19,12,0,6,2.0,2,0,2,5,1,2,4,0,0,0,0,CR-HANSVILLE RD NE,NE LITTLE BOSTON RD,-122.5412389,47.871438889,0,1,68,15,2,45,6,0,0,1,7,30,1,2,3,1,11,1,1,53,0,48,45,2005,0,0.0,12,64.0,30.0,43.0,1.0,,1,1,38,1,0.0,0.0,3,0,99,0,11,5,,,,,0.0,0.0,0.0,3.0,1,0,0.0,0.0,0.0,96,,,,,,0,,,,,,98312.0,53,67.0,200.0,6.0,1.0,0.0,0.0,0.0,0.0,,0,,,,,,0,,,8,0,0,1,8.0,9,8,,,0,0.0,0.0,8,0,8.0,95.0,,,96.0,,,8,95,995.0,,,,,,,,,,,,,,,,,,,,,,,,,,,,,,0,0,0,1,0,0,1,1,0,0,0,0,1,0,0,0,0,0,0,0,0,1,1,0,1,0,0,0,0,1,0,0,0,0,0,,0,0,0,0,0,0,0,0,0,0,0,0,0,0,0,0,,,,,,36-40,36-45,County road,R,Tuesday,Unknown,PV,Not Fatal,1,0,0,0,County Road,County Sheriff,Kitsap County Sheriff's Office,0,0,1,0,0,,,,,,0.0,0.0,0.0,,,,,,,,,,,,,,,,,,,,,,,,,,,,,,,,,,,,98364
1093,2018,194,E810448,26.0,06/19/2018,0:51,19,6,0.0,35,Kitsap,0,1,0.0,3,1,2,1,0,3,2,0:58,1:17,2:19,12,0,6,2.0,2,0,2,5,1,2,4,0,0,0,0,CR-HANSVILLE RD NE,NE LITTLE BOSTON RD,-122.5412389,47.871438889,0,2,69,62,4,45,4,0,0,1,7,12,1,2,3,1,1,2,2,53,0,32,43,2007,0,0.0,12,2.0,,,,,1,1,18,2,0.0,0.0,3,0,99,0,11,5,,,,,0.0,0.0,0.0,3.0,1,0,0.0,0.0,0.0,96,,,,,,0,,,,,,98383.0,53,72.0,140.0,6.0,1.0,0.0,1.0,2.0,0.0,,97,,,,,,3,04/15/2016,02/15/2018,99,0,0,0,8.0,9,8,,,0,0.0,0.0,8,0,2.0,177.0,,,1.0,,,2,1,0.0,,,,,,,,,,,,,,,,,,,,,,,,,,,,,,0,0,0,1,0,0,1,1,0,0,0,0,1,0,0,0,0,0,0,0,0,1,1,0,1,0,0,0,0,1,0,0,0,0,0,,0,0,0,0,0,0,1,1,0,1,0,0,0,0,1,0,,,,,,18-20,16-25,County road,R,Tuesday,Unknown,PV,Not Fatal,1,0,0,0,County Road,County Sheriff,Kitsap County Sheriff's Office,0,0,1,0,0,,,,,,0.0,0.0,0.0,,,,,,,,,,,,,,,,,,,,,,,,,,,,,,,,,,,,98364
1094,2018,195,E811460,2.0,06/18/2018,19:38,18,6,0.0,57,Skagit,0,1,0.0,1,1,2,1,0,4,2,19:34,19:41,20:16,12,0,98,1.2,2,0,3,6,2,2,4,0,0,0,0,CR-MINKLER RD,PEAVEY RD,-122.1884472,48.515291667,0,1,69,62,4,50,4,0,0,1,2,12,1,1,2,1,1,3,1,53,0,34,35,2000,0,0.0,12,,,,,,1,1,20,1,0.0,0.0,1,0,3,0,11,0,,,,,0.0,0.0,0.0,3.0,1,91,0.0,0.0,0.0,96,,,,,,9,,,,,,98223.0,53,71.0,160.0,6.0,1.0,0.0,0.0,0.0,1.0,,1,,,,,,4,06/15/2017,06/15/2017,1,0,0,0,8.0,9,8,,,0,0.0,0.0,8,1,2.0,1.0,,,1.0,,,2,1,0.089,,,,,,,,,,,,,,,,,,,,,,,,,,,,,,0,0,0,1,1,1,0,1,0,0,0,0,1,0,0,0,0,0,0,0,0,1,1,0,1,1,1,0,0,1,0,0,0,0,0,,0,0,0,0,0,1,0,1,0,1,0,0,0,1,0,1,,,,,,18-20,16-25,County road,U,Monday,Belt Used,PV,Not Fatal,1,0,0,0,County Road,State Patrol,Washington State Patrol Headquarter,0,0,1,0,0,,,,,,0.0,0.0,0.0,,,,,,,,,,,,,,,,,,,,,,,,,,,,,,,,,,,,98284
1095,2018,195,E811460,2.0,06/18/2018,19:38,18,6,0.0,57,Skagit,0,1,0.0,1,1,2,1,0,4,2,19:34,19:41,20:16,12,0,98,1.2,2,0,3,6,2,2,4,0,0,0,0,CR-MINKLER RD,PEAVEY RD,-122.1884472,48.515291667,0,2,68,54,3,50,34,0,0,1,2,12,1,1,2,1,11,1,1,53,0,23,481,1999,0,0.0,12,,,,,,1,1,73,1,0.0,0.0,1,0,3,0,11,5,,,,,0.0,0.0,3.0,3.0,1,0,0.0,0.0,0.0,0,,,,,,0,,,,,,98284.0,53,77.0,232.0,6.0,1.0,0.0,0.0,0.0,0.0,,0,,,,,,0,,,8,0,0,0,8.0,9,8,,,0,0.0,0.0,8,0,2.0,1.0,,,1.0,,,2,1,0.0,,,,,,,,,,,,,,,,,,,,,,,,,,,,,,0,0,0,1,1,1,0,1,0,0,0,0,1,0,0,0,0,0,0,0,0,1,1,0,1,1,1,0,0,1,0,0,0,0,0,,0,0,0,0,0,0,0,0,0,0,0,0,0,0,0,0,,,,,,71-75,66-75,County road,U,Monday,Belt Used,PV,Not Fatal,1,0,0,0,County Road,State Patrol,Washington State Patrol Headquarter,0,0,1,0,0,,,,,,0.0,0.0,0.0,,,,,,,,,,,,,,,,,,,,,,,,,,,,,,,,,,,,98284
1096,2018,196,E804034,3.0,05/28/2018,2:44,28,5,4.0,53,Pierce,0,1,0.0,2,1,2,1,0,1,1,,,,24,0,0,138.9,1,0,1,1,2,1,1,0,0,0,0,I-5,,-122.3337806,47.248358333,0,1,2,13,2,60,14,0,0,1,2,30,1,1,5,3,1,1,2,53,0,2,404,2002,0,0.0,63,24.0,30.0,,,,1,1,35,1,7.0,68.0,4,7,99,0,11,0,05/28/2018,2:44,135053030282.0,30282.0,0.0,0.0,3.0,3.0,1,0,0.0,0.0,0.0,96,,,,,,99,,,,,,98404.0,53,68.0,170.0,6.0,1.0,0.0,0.0,0.0,0.0,,0,,,,,,0,,,8,0,0,0,0.0,9,8,,,0,0.0,0.0,8,9,8.0,95.0,,,96.0,,,8,95,995.0,,,,,,,,,,,,,,,,,,,,,,,,,,,,,,0,0,0,0,0,0,0,0,0,0,0,0,0,0,0,0,0,0,0,0,0,0,0,0,0,0,0,0,0,1,0,0,0,0,0,,1,0,0,0,0,0,0,0,0,0,0,0,0,0,0,0,,,,,,31-35,26-35,Interstate,U,Monday,Unknown,PV,API,0,1,0,0,State Route,State Patrol,Washington State Patrol,1,1,0,0,0,,,,,,0.0,0.0,0.0,,,,,,,,,,,,,,,,,,,,,,,,,,,,,,,,,,,,98424
1097,2018,197,E813636,7.0,05/15/2018,22:05,15,5,0.0,33,King,0,1,0.0,2,1,2,1,0,2,2,,,,12,0,2,27.2,1,0,1,3,1,1,3,0,0,0,0,SR-18,,-121.8881889,47.487305556,0,1,50,10,2,98,5,0,0,1,2,12,1,2,2,1,1,1,2,53,0,49,46,2007,0,0.0,68,12.0,2.0,,,,1,1,28,1,7.0,3.0,4,7,99,0,11,0,05/15/2018,22:05,204053022776.0,22776.0,0.0,0.0,3.0,3.0,1,28,0.0,0.0,0.0,96,,,,,,99,,,,,,99163.0,53,68.0,135.0,6.0,1.0,0.0,0.0,0.0,0.0,,0,,,,,,0,,,1,0,0,0,0.0,1,8,,,0,0.0,0.0,8,1,2.0,996.0,,,1.0,,,2,1,0.38,,,,,,,,,,,,,,,,,,,,,,,,,,,,,,0,0,0,0,1,1,1,1,0,0,0,0,0,0,0,0,0,0,0,0,0,0,0,0,0,0,0,0,0,1,1,0,0,0,0,,1,0,0,0,0,1,1,1,0,0,0,0,0,0,0,1,,,,,,26-30,26-35,State route,R,Tuesday,Unknown,PV,AIAN,0,1,1,0,State Route,State Patrol,Washington State Patrol Headquarter,0,1,0,0,0,,,,,,0.0,0.0,0.0,,,,,,,,,,,,,,,,,,,,,,,,,,,,,,,,,,,,98065
1098,2018,197,E813636,7.0,05/15/2018,22:05,15,5,0.0,33,King,0,1,0.0,2,1,2,1,0,2,2,,,,12,0,2,27.2,1,0,1,3,1,1,3,0,0,0,0,SR-18,,-121.8881889,47.487305556,0,2,51,62,4,98,66,1,0,1,2,12,1,2,2,1,1,1,1,53,0,82,881,2007,0,0.0,12,,,,,,1,1,54,1,0.0,0.0,1,0,3,0,11,4,,,,,6.0,3.0,0.0,3.0,1,0,0.0,0.0,0.0,96,,,,,,0,,,,,,98188.0,53,70.0,200.0,6.0,1.0,0.0,1.0,1.0,0.0,,0,,,,,,0,03/15/2016,02/15/2017,20,0,0,0,8.0,9,8,,,0,0.0,0.0,8,0,8.0,95.0,,,96.0,,,8,95,995.0,,,,,,,,,,,,,,,,,,,,,,,,,,,,,,0,0,0,0,1,1,1,1,0,0,0,0,0,0,0,0,0,0,0,0,0,0,0,0,0,0,0,0,0,1,1,0,0,0,0,,0,0,0,0,0,0,0,0,0,0,0,0,0,0,0,0,,,,,,51-55,46-55,State route,R,Tuesday,,MHTRUCK,Not Fatal,0,1,1,0,State Route,State Patrol,Washington State Patrol Headquarter,0,1,0,0,0,,,,,,0.0,0.0,0.0,,,,,,,,,,,,,,,,,,,,,,,,,,,,,,,,,,,,98065
1099,2018,198,E812166,7.0,06/21/2018,23:27,21,6,0.0,33,King,2310,1,0.0,3,1,2,1,0,2,2,,,,1,0,0,3.8,1,0,1,3,2,1,3,0,0,0,0,SR-518,,-122.2712444,47.463744444,0,1,98,50,3,60,80,0,0,1,2,12,1,2,3,3,1,1,2,53,0,76,706,2008,0,0.0,1,12.0,,,,,1,1,35,1,7.0,1.0,4,0,5,0,11,4,06/22/2018,0:24,196053027857.0,27857.0,0.0,0.0,1.0,3.0,1,26,0.0,0.0,0.0,96,,,,,,0,,,,,,98074.0,53,71.0,190.0,6.0,1.0,0.0,0.0,0.0,0.0,,0,,,,,,4,,,20,8,0,0,0.0,9,8,,,0,0.0,0.0,8,0,2.0,605.0,695.0,,1.0,1.0,,2,1,0.0,,,,,,,,,,,,,,,,,,,,,,,,,,,,,,0,0,0,0,0,0,1,1,1,0,0,0,1,0,0,0,0,0,0,0,0,0,0,0,0,0,0,0,1,1,0,0,0,0,1,0.0,0,0,0,0,0,0,1,1,0,1,0,0,0,0,1,0,,,,,,31-35,26-35,State route,U,Thursday,,MC,White,0,0,0,0,State Route,State Patrol,Washington State Patrol,0,1,0,0,0,thc,13.0,carboxy-thc,32.0,,0.0,0.0,0.0,,,,,,,,,,,,,,,,,,,,,,,,,,,,,,,,,,,,98188
1100,2018,198,E812166,7.0,06/21/2018,23:27,21,6,0.0,33,King,2310,1,0.0,3,1,2,1,0,2,2,,,,1,0,0,3.8,1,0,1,3,2,1,3,0,0,0,0,SR-518,,-122.2712444,47.463744444,0,2,98,53,3,60,4,0,0,1,5,12,1,2,3,3,5,1,1,53,0,49,40,2012,0,0.0,12,,,,,,1,1,46,2,0.0,0.0,0,0,3,0,11,0,,,,,0.0,0.0,3.0,3.0,1,0,0.0,0.0,0.0,0,,,,,,0,,,,,,98908.0,53,66.0,120.0,6.0,1.0,0.0,0.0,0.0,0.0,,0,,,,,,0,,,20,0,0,0,8.0,9,8,,,0,0.0,0.0,8,0,8.0,95.0,,,96.0,,,8,95,995.0,,,,,,,,,,,,,,,,,,,,,,,,,,,,,,0,0,0,0,0,0,1,1,1,0,0,0,1,0,0,0,0,0,0,0,0,0,0,0,0,0,0,0,1,1,0,0,0,0,0,,0,0,0,0,0,0,0,0,0,0,0,0,0,0,0,0,,,,,,46-50,46-55,State route,U,Thursday,Belt Used,PV,Not Fatal,0,0,0,0,State Route,State Patrol,Washington State Patrol,0,1,0,0,0,,,,,,0.0,0.0,0.0,,,,,,,,,,,,,,,,,,,,,,,,,,,,,,,,,,,,98188
1101,2018,199,E811062,305.0,06/22/2018,3:01,22,6,0.0,11,Clark,2370,1,0.0,3,1,2,1,0,1,1,,,,33,0,0,0.0,3,0,3,4,2,4,6,0,0,0,0,NE BURTON RD,NE 81ST AVE,-122.5907972,45.640166667,0,1,12,10,2,35,80,0,0,1,7,33,8,8,2,1,6,1,1,53,0,72,709,1973,0,0.0,68,33.0,,,,,1,1,30,1,7.0,1.0,4,7,19,0,11,0,06/22/2018,3:11,237053028038.0,28038.0,0.0,0.0,0.0,2.0,1,0,0.0,0.0,0.0,92,,,,,,99,,,,,,98664.0,53,70.0,170.0,1.0,1.0,1.0,4.0,0.0,2.0,,0,,,,,,0,06/15/2013,08/15/2016,20,8,0,0,0.0,9,8,,,0,0.0,0.0,8,9,2.0,401.0,402.0,407.0,1.0,1.0,1.0,2,1,0.0,,,,,,,,,,,,,,,,,,,,,,,,,,,,,,0,0,0,1,0,0,1,1,0,0,0,0,0,1,1,0,1,0,0,0,0,0,0,0,0,0,0,0,1,0,0,0,0,0,1,0.0,0,0,0,0,0,0,1,1,1,0,0,1,0,0,1,0,,,,,,26-30,26-35,City street,U,Friday,,MC,White,1,0,0,0,City Street,Municipal/City Police,Vancouver Police Department,0,0,0,1,0,,,,,,0.0,1.0,10.0,1.0,,,,,417.0,,,,,,,,,,,,,,,,,,,,,,,,,,,,,,98664