,year,case,par,repjur,crash_dt,crash_tm,accday,accmon,holiday,county,co_char,city,weather,weather2,lightcond,surfcond,surftype,numfatal,nmforms,pforms,vforms,not_tm,arr_tm,hosp_tm,fhevent,hitrun,manncol,milepnt,reljunc,reljuncinter,intersectiontype,funcsystem,landuse,ownership,route,schlbus,spejur,contdev,devfunc,trafid1,trafid2,x,y,wk_zone,vnumber,crashtype,criticalevent,criticaleventcat,spdlim,body,trailer,emerg,hazcargo,leave,mhevent,roadalgn,roadprof,traflane,trafflow,vehmanvr,numoccs,regowner,regstate,spuse,make,model,modelyr,vrf1,vrf2,seqevent1,seqevent2,seqevent3,seqevent4,seqevent5,seqevent6,pnumber,ptype,age,sex,hispanic,race,injury,diedscene,restraint,restraintmisuse,seatpos,takehosp,death_dt,death_tm,cert,cernum_wa,commlic,licendor,licrestrict,liccomp,drivpres,drf1,drf2,drf3,drf4,distract1,distract2,distract3,distract4,distract5,distract6,dricond1,dricond2,dricond3,dricond4,dricond5,dricond6,dzip,licstate,drhgt_in,weight,noncdl,noncdltype,prevdwi,prevoth,prevacc,prevspd,prevsus,driviol1,driviol2,driviol3,driviol4,driviol5,driviol6,spdrel,first_dt,last_dt,airbag,ejection,ejectpath,extricat,injurwrk,methalc,methdrug,nmlocat,strikveh,prf1,prf2,prf3,druginv,alcinvol,drugsts,drugres1,drugres2,drugres3,drugtst1,drugtst2,drugtst3,alcsts,alctst,alcres,nmact1,nmact2,nmact3,nmact4,nmact5,nmact6,nmprior1,nmprior2,nmprior3,nmprior4,nmprior5,nmprior6,nmcond1,nmcond2,nmcond3,nmcond4,nmcond5,nmcond6,nmsafe_helmet,nmsafe_pads,nmsafe_oth,nmprev_ref,nmprev_lgt,nmprev_oth,crashlocation,nmcrashtype,crosswalk,schoolzone,sidewalk,train_inv,wildlife_inv,rotr_fars,intersect_fars,dd_inv,aid_inv,dpd_inv,id_inv,mj_inv,impnm_inv,ainm_inv,dpnm_inv,speed_inv,unlic_inv,unendmc_inv,drowsy_inv,drdist_inv,nmdist_inv,fty_inv,unrestfat_inv,dr1617_inv,dr1820_inv,dr1620_inv,dr2125_inv,dr1625_inv,dr65_inv,dr70_inv,dr75_inv,mc_inv,pv_inv,ht_inv,ped_inv,bike_inv,unrest_fat,mc_fat,unhelmet_mc,pv_fat,ht_fat,ped_fat,bike_fat,dr_alc7,dr_alc8,dr_drug,dr_imp,dr_dist,dr_spd,dr_fty,dr_unlic,dr_alc7only,dr_alc8only,dr_drugonly,dr_drink,nm_imp,nm_alc7,nm_alc8,nm_drug,nm_dist,agegrp1,agegrp2,roadclass,urbrur,dayweek,restuse,vehtype,race_me,intersect,lanedep,oppdir,wrongway,rep_typ,investag,repag_long,rotr,st_rd,cty_rd,city_rd,oth_rd,drug_thc,thc_res,drug_cthc,cthc_res,drug_cann,prevpersemin,prevperse,prevsusoth,drugtst4,drugtst5,drugtst6,drugtst7,drugtst8,drugres4,drugres5,drugres6,drugres7,drugres8,adspresent,adsengaged,adslevel,race1,race2,race3,race4,race5,helmet,helmetmisuse,nmdistract1,nmdistract2,nmdistract3,nmdistract4,nmdistract5,nmdistract6,lab,isedtcase,crf1,crf2,crf3,CoRoadName,CoMP,IntCoRoadName,IntCoMP,zipcode
1121,2018,211,E814992,127.0,07/04/2018,2:14,4,7,5.0,33,King,735,1,0.0,2,1,2,2,0,2,1,,,,42,0,0,0.0,1,0,1,3,2,4,6,0,0,0,0,SW 320TH ST,,-122.34905,47.315177778,0,1,1,6,1,35,4,0,0,1,5,42,1,2,4,1,1,2,1,53,0,37,31,2000,0,0.0,63,42.0,,,,,1,1,28,1,1.0,98.0,4,7,20,0,11,0,07/04/2018,2:14,73553030024.0,30024.0,0.0,0.0,0.0,3.0,1,0,0.0,0.0,0.0,92,,,,,,99,,,,,,98023.0,53,67.0,175.0,6.0,1.0,0.0,0.0,0.0,0.0,,0,,,,,,4,,,1,1,9,0,0.0,9,8,,,0,0.0,0.0,8,9,2.0,1.0,,,1.0,,,2,1,0.19,,,,,,,,,,,,,,,,,,,,,,,,,,,,,,0,0,1,0,1,1,0,1,0,0,0,0,1,0,0,0,1,0,0,1,0,0,0,0,0,0,0,0,0,1,0,0,0,1,0,,1,0,0,0,0,1,0,1,1,1,0,0,0,1,0,1,,,,,,26-30,26-35,City street,U,Wednesday,Not Used,PV,Hispanic,0,1,0,0,City Street,Municipal/City Police,Federal Way Dept of Public Safety,1,0,0,1,0,,,,,,0.0,0.0,0.0,,,,,,,,,,,,,,,,,,,,,,,,,,,,,,,,,,,,98023
1122,2018,212,E815065,250.0,07/01/2018,2:03,1,7,0.0,5,Benton,1850,1,0.0,3,1,2,1,1,1,1,,,,8,0,0,0.0,3,0,2,4,2,4,6,0,0,2,3,JADWIN AVE,SYMONS ST,-119.2774694,46.289361111,0,1,13,80,5,35,6,0,0,1,7,8,1,1,2,1,1,1,1,53,0,48,34,1991,0,0.0,8,,,,,,1,1,64,2,0.0,0.0,0,0,3,0,11,0,,,,,0.0,0.0,3.0,3.0,1,0,0.0,0.0,0.0,96,,,,,,0,,,,,,99320.0,53,62.0,200.0,6.0,1.0,0.0,0.0,1.0,0.0,,0,,,,,,0,08/15/2016,08/15/2016,20,0,0,0,8.0,9,2,,,0,0.0,0.0,0,0,2.0,1.0,,,1.0,,,2,1,0.0,,,,,,,,,,,,,,,,,,,,,,,,,,,,,,0,0,0,1,0,0,0,0,0,1,0,1,0,0,0,0,0,0,0,0,0,0,0,0,0,0,0,0,0,1,0,1,0,0,0,,0,0,0,0,0,0,0,0,0,0,0,0,0,0,0,0,,,,,,61-65,56-65,City street,U,Sunday,Belt Used,PV,Not Fatal,1,0,0,0,City Street,Municipal/City Police,Richland Police Department,0,0,0,1,0,,,,,,0.0,0.0,0.0,,,,,,,,,,,,,,,,,,,,,,,,,,,,,,,,,,,,99354
1123,2018,213,E815227,7.0,07/04/2018,20:06,4,7,5.0,33,King,1960,10,0.0,1,1,1,1,0,1,1,,,,25,0,0,0.4,5,1,1,1,2,1,1,0,0,0,0,I-5 RAMP 005Q116177,,-122.3134389,47.549683333,0,1,1,13,2,98,80,0,0,1,7,25,3,2,2,6,14,1,1,53,0,71,706,2005,0,0.0,63,25.0,,,,,1,1,46,1,7.0,1.0,4,7,5,0,11,0,07/04/2018,20:06,196053030026.0,30026.0,0.0,0.0,3.0,3.0,1,0,0.0,0.0,0.0,96,,,,,,99,,,,,,98105.0,53,74.0,175.0,6.0,1.0,0.0,0.0,0.0,1.0,,0,,,,,,4,02/15/2017,06/15/2017,20,8,0,0,0.0,9,8,,,0,0.0,0.0,8,9,2.0,1.0,,,1.0,,,2,1,0.0,,,,,,,,,,,,,,,,,,,,,,,,,,,,,,0,0,1,0,0,0,0,0,0,0,0,0,1,0,0,0,0,0,0,0,0,0,0,0,0,0,0,0,1,0,0,0,0,0,1,0.0,0,0,0,0,0,0,0,0,0,1,0,0,0,0,0,0,,,,,,46-50,46-55,Interstate,U,Wednesday,,MC,White,0,1,0,0,State Route,State Patrol,Washington State Patrol,1,1,0,0,0,,,,,,0.0,0.0,1.0,,,,,,,,,,,,,,,,,,,,,,,,,,,,,,,,,,,,98108
1124,2018,214,E815910,330.0,07/06/2018,22:01,6,7,0.0,77,Yakima,2590,1,0.0,3,1,2,1,0,4,3,22:02,22:08,22:22,12,0,6,0.0,2,0,2,4,2,4,6,0,0,0,0,TIETON DR,S 58TH AVE,-120.5857806,46.592769444,0,1,69,17,2,35,80,0,0,1,7,12,1,1,4,1,1,1,1,53,0,72,706,2009,0,0.0,12,,,,,,1,1,40,1,7.0,1.0,4,0,19,0,11,5,07/06/2018,22:45,259053029808.0,29808.0,0.0,0.0,0.0,3.0,1,0,0.0,0.0,0.0,96,,,,,,99,,,,,,98901.0,53,70.0,215.0,6.0,1.0,0.0,0.0,1.0,2.0,,0,,,,,,3,05/15/2014,12/15/2015,20,8,0,0,0.0,9,8,,,0,0.0,0.0,8,9,2.0,1.0,,,1.0,,,2,1,0.0,,,,,,,,,,,,,,,,,,,,,,,,,,,,,,0,0,0,1,0,0,0,0,0,0,0,0,1,0,0,0,0,0,1,0,0,1,1,1,1,0,0,0,1,1,0,0,0,0,1,0.0,0,0,0,0,0,0,0,0,0,1,0,0,0,0,0,0,,,,,,36-40,36-45,City street,U,Friday,,MC,White,1,0,0,0,City Street,Municipal/City Police,Yakima Police Department,0,0,0,1,0,,,,,,0.0,0.0,0.0,,,,,,,,,,,,,,,,,,,,,,,,,,,,,,,,,,,,98908
1125,2018,214,E815910,330.0,07/06/2018,22:01,6,7,0.0,77,Yakima,2590,1,0.0,3,1,2,1,0,4,3,22:02,22:08,22:22,12,0,6,0.0,2,0,2,4,2,4,6,0,0,0,0,TIETON DR,S 58TH AVE,-120.5857806,46.592769444,0,2,68,15,2,35,14,0,0,1,7,12,1,1,4,1,11,1,2,53,0,48,403,2015,0,0.0,12,12.0,,,,,1,1,19,2,0.0,0.0,2,0,3,0,11,6,,,,,0.0,0.0,0.0,3.0,1,38,0.0,0.0,0.0,96,,,,,,99,,,,,,98942.0,53,62.0,107.0,6.0,1.0,0.0,0.0,0.0,0.0,,97,,,,,,0,,,2,0,0,0,8.0,9,8,,,0,0.0,0.0,8,9,2.0,1.0,,,1.0,,,2,1,0.0,,,,,,,,,,,,,,,,,,,,,,,,,,,,,,0,0,0,1,0,0,0,0,0,0,0,0,1,0,0,0,0,0,1,0,0,1,1,1,1,0,0,0,1,1,0,0,0,0,0,,0,0,0,0,0,0,0,0,0,0,1,0,0,0,0,0,,,,,,18-20,16-25,City street,U,Friday,Belt Used,PV,Not Fatal,1,0,0,0,City Street,Municipal/City Police,Yakima Police Department,0,0,0,1,0,,,,,,0.0,0.0,0.0,,,,,,,,,,,,,,,,,,,,,,,,,,,,,,,,,,,,98908
1126,2018,214,E815910,330.0,07/06/2018,22:01,6,7,0.0,77,Yakima,2590,1,0.0,3,1,8,1,0,4,3,22:02,22:08,22:22,12,0,6,0.0,2,0,2,4,2,4,6,0,0,20,3,TIETON DR,S 58TH AVE,-120.5857806,46.592769444,0,3,98,67,4,35,2,0,0,1,5,12,8,8,2,1,5,2,2,53,0,35,398,1992,0,0.0,12,,,,,,1,1,24,1,0.0,0.0,0,0,3,0,11,0,,,,,0.0,0.0,0.0,3.0,1,0,0.0,0.0,0.0,96,,,,,,0,,,,,,98901.0,53,70.0,185.0,6.0,1.0,0.0,2.0,0.0,7.0,,0,,,,,,0,10/15/2014,11/15/2016,20,0,0,0,8.0,9,8,,,0,0.0,0.0,8,0,8.0,95.0,,,96.0,,,8,95,995.0,,,,,,,,,,,,,,,,,,,,,,,,,,,,,,0,0,0,1,0,0,0,0,0,0,0,0,1,0,0,0,0,0,1,0,0,1,1,1,1,0,0,0,1,1,0,0,0,0,0,,0,0,0,0,0,0,0,0,0,0,0,0,0,0,0,0,,,,,,21-25,16-25,City street,U,Friday,Belt Used,PV,Not Fatal,1,0,0,0,City Street,Municipal/City Police,Yakima Police Department,0,0,0,1,0,,,,,,0.0,0.0,5.0,,,,,,,,,,,,,,,,,,,,,,,,,,,,,,,,,,,,98908
1127,2018,215,E814424,34.0,07/02/2018,9:28,2,7,0.0,51,Pend Oreille,0,1,0.0,1,1,2,1,0,1,1,9:29,9:41,,1,0,0,13.9,1,0,1,5,1,2,4,0,0,0,0,CR-LECLERC RD S,,-117.2410417,48.306672222,0,1,6,13,2,50,90,0,0,1,5,1,4,1,2,1,14,1,1,53,0,98,734,2016,0,0.0,63,69.0,68.0,64.0,1.0,,1,1,68,1,7.0,1.0,4,7,17,0,11,0,07/02/2018,9:28,53029104.0,29104.0,0.0,0.0,3.0,3.0,1,58,0.0,0.0,0.0,96,,,,,,0,,,,,,99156.0,53,69.0,235.0,6.0,1.0,0.0,0.0,0.0,0.0,,0,,,,,,0,,,20,2,9,0,0.0,9,8,,,0,0.0,0.0,8,0,8.0,95.0,,,96.0,,,8,95,995.0,,,,,,,,,,,,,,,,,,,,,,,,,,,,,,0,0,1,0,0,0,0,0,0,0,0,0,0,0,0,0,0,0,0,0,0,0,0,0,0,1,0,0,0,0,0,0,0,0,0,,0,0,0,0,0,0,0,0,0,0,0,0,0,0,0,0,,,,,,66-70,66-75,County road,R,Monday,,OTHVT,White,0,1,0,0,County Road,County Sheriff,Pend Oreille County Sheriff's Offic,1,0,1,0,0,,,,,,0.0,0.0,0.0,,,,,,,,,,,,,,,,,,,,,,,,,,,,,,,,,,,,99156
1128,2018,216,E816427,7.0,07/06/2018,22:43,6,7,0.0,33,King,1960,1,0.0,3,1,2,1,0,1,3,,,,24,0,0,19.3,1,0,1,3,2,1,3,0,0,0,0,SR-99,,-122.3252833,47.527558333,0,1,6,12,2,60,4,0,0,1,2,24,1,1,2,2,1,1,2,53,0,34,35,2008,0,0.0,64,24.0,31.0,14.0,14.0,2.0,1,1,17,1,1.0,98.0,4,7,99,0,11,0,07/06/2018,22:43,231053031115.0,31115.0,0.0,0.0,3.0,3.0,1,0,0.0,0.0,0.0,96,,,,,,99,,,,,,98108.0,53,69.0,135.0,6.0,2.0,0.0,0.0,0.0,1.0,,0,,,,,,4,09/15/2017,09/15/2017,8,0,0,0,0.0,9,8,,,0,0.0,0.0,8,9,2.0,996.0,996.0,,1.0,1.0,,2,1,0.0,,,,,,,,,,,,,,,,,,,,,,,,,,,,,,0,0,1,0,0,0,1,1,0,0,0,0,1,0,0,0,0,0,0,0,1,0,1,0,1,0,0,0,0,1,0,0,0,0,0,,1,0,0,0,0,0,1,1,0,1,0,0,0,0,1,0,,,,,,16-17,16-25,State route,U,Friday,Unknown,PV,Hispanic,0,1,0,0,State Route,State Patrol,Washington State Patrol,1,1,0,0,0,,,,,,0.0,0.0,0.0,,,,,,,,,,,,,,,,,,,,,,,,,,,,,,,,,,,,98108
1129,2018,217,E816997,2.0,07/08/2018,0:54,8,7,0.0,57,Skagit,1970,1,0.0,3,1,2,2,2,3,1,0:52,0:58,,8,0,0,63.8,3,0,2,3,2,1,3,0,0,3,3,SR-20,RHODES RD,-122.2583611,48.500797222,0,1,13,80,5,50,34,0,0,1,7,8,1,1,4,1,1,3,1,53,0,35,473,2006,0,0.0,8,8.0,,,,,1,1,30,2,0.0,0.0,0,0,99,0,11,0,,,,,0.0,0.0,0.0,0.0,1,91,0.0,0.0,0.0,96,,,,,,9,,,,,,98233.0,53,64.0,140.0,0.0,0.0,0.0,0.0,0.0,0.0,,1,,,,,,0,,,20,0,0,0,8.0,9,8,,,0,0.0,0.0,8,1,2.0,695.0,,,1.0,,,2,1,0.1,,,,,,,,,,,,,,,,,,,,,,,,,,,,,,0,0,0,1,1,1,1,1,1,1,1,1,0,1,0,0,0,0,0,0,0,0,0,0,0,0,0,0,0,1,0,1,0,0,0,,0,0,0,0,0,1,1,1,0,0,0,1,0,0,0,1,,,,,,26-30,26-35,State route,U,Sunday,Unknown,PV,Not Fatal,0,0,0,0,State Route,State Patrol,Washington State Patrol,0,1,0,0,0,,,carboxy-thc,5.0,,0.0,0.0,0.0,,,,,,,,,,,,,,,,,,,,,,,,,,,,,,,,,,,,98384
1130,2018,218,E817585,3.0,07/06/2018,11:55,6,7,0.0,67,Thurston,2320,1,0.0,1,1,2,1,1,1,1,,,,24,0,0,0.0,1,0,1,5,2,4,6,0,0,0,0,CLEVELAND AVE SE,,-122.8986611,47.016741667,0,1,6,12,2,35,21,0,0,1,5,8,2,1,4,1,14,1,1,53,0,20,461,1991,0,0.0,68,64.0,24.0,69.0,68.0,63.0,1,1,34,1,0.0,0.0,0,0,3,0,11,0,,,,,0.0,0.0,0.0,3.0,1,91,0.0,0.0,0.0,96,,,,,,1,,,,,,98512.0,53,75.0,280.0,6.0,1.0,0.0,0.0,0.0,1.0,,2,,,,,,0,04/15/2016,04/15/2016,20,0,0,0,8.0,9,2,,,0,0.0,0.0,0,0,8.0,95.0,,,96.0,,,8,95,995.0,,,,,,,,,,,,,,,,,,,,,,,,,,,,,,0,0,1,0,0,0,0,0,0,0,0,0,0,0,0,0,0,0,0,0,0,0,0,0,0,0,0,0,0,1,0,1,0,0,0,,0,0,0,0,0,0,0,0,0,0,0,0,0,0,0,0,,,,,,31-35,26-35,City street,U,Friday,Belt Used,PV,Not Fatal,0,1,0,0,City Street,State Patrol,Washington State Patrol,1,0,0,1,0,,,,,,0.0,0.0,0.0,,,,,,,,,,,,,,,,,,,,,,,,,,,,,,,,,,,,98501
1131,2018,219,E816547,55.0,07/04/2018,9:00,4,7,5.0,33,King,100,10,0.0,1,1,2,1,1,1,1,,,,9,0,0,0.0,2,0,3,5,2,4,6,0,0,0,0,4TH ST SE,D ST SE,-122.2228861,47.304202778,0,1,13,83,5,25,63,0,0,1,7,9,1,1,8,8,11,1,3,53,0,89,890,2012,42,0.0,9,,,,,,1,1,50,1,0.0,0.0,0,0,3,0,11,0,,,,,6.0,1.0,3.0,3.0,1,0,0.0,0.0,0.0,96,,,,,,0,,,,,,98391.0,53,67.0,210.0,6.0,1.0,0.0,0.0,0.0,0.0,,0,,,,,,0,,,20,0,0,0,8.0,9,8,,,0,0.0,0.0,8,0,2.0,1.0,,,1.0,,,2,1,0.0,,,,,,,,,,,,,,,,,,,,,,,,,,,,,,0,0,0,1,0,0,0,0,0,1,0,1,0,0,0,0,0,0,0,0,0,0,0,0,0,0,0,0,0,0,1,0,1,0,0,,0,0,0,0,0,0,0,0,0,0,0,0,0,0,0,0,,,,,,46-50,46-55,City street,U,Wednesday,,MHTRUCK,Not Fatal,1,0,0,0,City Street,Municipal/City Police,Auburn Police Department,0,0,0,1,0,,,,,,0.0,0.0,0.0,,,,,,,,,,,,,,,,,,,,,,,,,,,,,,,,,,,,98002
1132,2018,220,E817545,5.0,07/01/2018,14:30,1,7,0.0,15,Cowlitz,1000,1,0.0,1,1,2,1,0,1,1,,,,24,0,0,30.6,1,0,1,1,2,1,1,0,0,0,0,I-5,,-122.8494306,46.018441667,0,1,1,13,2,70,80,0,0,1,7,24,3,1,3,3,14,1,1,41,0,72,706,2017,0,0.0,63,24.0,,,,,1,1,48,1,7.0,1.0,4,7,5,0,11,0,07/01/2018,14:30,100053029262.0,29262.0,6.0,0.0,3.0,3.0,1,0,0.0,0.0,0.0,96,,,,,,99,,,,,,97214.0,41,68.0,210.0,6.0,1.0,0.0,0.0,0.0,0.0,,0,,,,,,0,,,20,8,0,0,0.0,9,8,,,0,0.0,0.0,8,9,2.0,1.0,,,1.0,,,2,1,0.19,,,,,,,,,,,,,,,,,,,,,,,,,,,,,,0,0,1,0,1,1,0,1,0,0,0,0,0,0,0,0,0,0,0,0,0,0,0,0,0,0,0,0,1,0,0,0,0,0,1,0.0,0,0,0,0,0,1,0,1,0,0,0,0,0,1,0,1,,,,,,46-50,46-55,Interstate,U,Sunday,,MC,White,0,1,0,0,State Route,State Patrol,Washington State Patrol,1,1,0,0,0,,,,,,0.0,0.0,0.0,,,,,,,,,,,,,,,,,,,,,,,,,,,,,,,,,,,,98625
1133,2018,221,E817122,21.0,07/03/2018,13:58,3,7,0.0,25,Grant,0,1,0.0,1,1,2,1,1,4,1,14:03,14:07,14:39,9,0,0,2.8,2,0,2,96,6,96,8,0,0,0,0,CR-AIRWAY DR NE,NOT REPORTED,-119.3223222,47.159261111,0,1,13,83,5,98,34,0,0,1,5,9,1,1,8,8,1,4,1,8,0,20,481,2015,0,0.0,9,,,,,,1,1,46,1,0.0,0.0,0,0,3,0,11,0,,,,,0.0,0.0,0.0,3.0,1,0,0.0,0.0,0.0,93,,,,,,0,,,,,,98837.0,53,70.0,230.0,6.0,1.0,0.0,0.0,0.0,0.0,,0,,,,,,0,,,20,0,0,0,8.0,9,8,,,0,0.0,0.0,8,0,8.0,95.0,,,96.0,,,8,95,995.0,,,,,,,,,,,,,,,,,,,,,,,,,,,,,,0,0,0,1,0,0,0,0,0,0,0,0,0,0,0,0,1,1,0,0,0,0,0,0,0,0,0,0,0,1,0,0,1,0,0,,0,0,0,0,0,0,0,0,1,0,0,0,0,0,0,0,,,,,,46-50,46-55,Other,,Tuesday,Belt Used,PV,Not Fatal,1,0,0,0,County Road,County Sheriff,Grant County Sheriff's Office,0,0,1,0,0,,,,,,0.0,0.0,0.0,,,,,,,,,,,,,,,,,,,,,,,,,,,,,,,,,,,,98837
1134,2018,222,E816925,4.0,07/11/2018,7:00,11,7,0.0,63,Spokane,0,1,0.0,1,1,2,1,0,3,2,7:00,7:18,,12,0,6,15.2,2,0,2,4,1,1,3,0,0,20,3,SR-290,MCKENZIE RD,-117.0986556,47.712080556,0,1,82,15,2,55,4,0,0,1,2,12,1,1,2,1,11,2,9,99,0,59,35,2006,0,0.0,12,,,,,,1,1,16,2,7.0,1.0,4,7,3,0,11,0,07/11/2018,7:00,53031404.0,31404.0,0.0,0.0,3.0,3.0,1,38,0.0,0.0,0.0,93,,,,,,0,,,,,,99205.0,53,67.0,150.0,6.0,7.0,0.0,0.0,0.0,0.0,,0,,,,,,0,,,8,0,0,0,0.0,9,8,,,0,0.0,0.0,8,0,2.0,1.0,,,1.0,,,2,1,0.0,,,,,,,,,,,,,,,,,,,,,,,,,,,,,,0,0,0,1,0,0,0,0,0,0,0,0,0,0,0,0,1,0,1,0,1,0,1,0,1,0,0,0,0,1,1,0,0,0,0,,1,0,0,0,0,0,0,0,1,0,1,0,0,0,0,0,,,,,,16-17,16-25,State route,R,Wednesday,Belt Used,PV,White,1,0,0,0,State Route,State Patrol,Washington State Patrol Headquarter,0,1,0,0,0,,,,,,0.0,0.0,0.0,,,,,,,,,,,,,,,,,,,,,,,,,,,,,,,,,,,,99212
1135,2018,222,E816925,4.0,07/11/2018,7:00,11,7,0.0,63,Spokane,0,1,0.0,1,1,2,1,0,3,2,7:00,7:18,,12,0,6,15.2,2,0,2,4,1,1,3,0,0,0,0,SR-290,MCKENZIE RD,-117.0986556,47.712080556,0,2,83,67,4,55,66,1,0,1,5,12,8,8,4,1,1,1,3,53,0,85,881,1998,0,0.0,12,,,,,,1,1,27,1,0.0,0.0,0,0,3,0,11,0,,,,,6.0,3.0,0.0,3.0,1,0,0.0,0.0,0.0,96,,,,,,0,,,,,,83815.0,16,75.0,200.0,6.0,1.0,0.0,0.0,0.0,0.0,,0,,,,,,0,,,20,0,0,0,8.0,9,8,,,0,0.0,0.0,8,0,2.0,1.0,,,1.0,,,2,1,0.0,,,,,,,,,,,,,,,,,,,,,,,,,,,,,,0,0,0,1,0,0,0,0,0,0,0,0,0,0,0,0,1,0,1,0,1,0,1,0,1,0,0,0,0,1,1,0,0,0,0,,0,0,0,0,0,0,0,0,0,0,0,0,0,0,0,0,,,,,,26-30,26-35,State route,R,Wednesday,,MHTRUCK,Not Fatal,1,0,0,0,State Route,State Patrol,Washington State Patrol Headquarter,0,1,0,0,0,,,,,,0.0,0.0,0.0,,,,,,,,,,,,,,,,,,,,,,,,,,,,,,,,,,,,99212
1136,2018,223,E818522,6.0,07/11/2018,1:55,11,7,0.0,7,Chelan,0,1,0.0,2,1,2,1,0,1,1,,,,1,0,0,150.6,1,0,1,3,1,1,2,0,0,0,0,US-97,,-120.5708472,47.351658333,0,1,1,13,2,60,14,0,0,1,2,1,3,2,3,1,14,1,1,53,0,63,402,2013,0,0.0,63,1.0,,,,,1,1,73,1,7.0,1.0,4,7,3,0,11,0,07/11/2018,1:55,53031574.0,31574.0,0.0,0.0,3.0,3.0,1,0,0.0,0.0,0.0,93,,,,,,99,,,,,,98270.0,53,72.0,202.0,6.0,1.0,0.0,0.0,0.0,0.0,,0,,,,,,0,,,1,0,0,0,0.0,9,8,,,0,0.0,0.0,8,9,2.0,605.0,,,1.0,,,2,1,0.0,,,,,,,,,,,,,,,,,,,,,,,,,,,,,,0,0,1,0,0,0,1,1,1,0,0,0,0,0,0,0,1,0,0,0,0,0,0,0,0,1,1,0,0,1,0,0,0,0,0,,1,0,0,0,0,0,1,1,1,0,0,0,0,0,1,0,,,,,,71-75,66-75,US highway,R,Wednesday,Belt Used,PV,White,0,1,0,0,State Route,State Patrol,Washington State Patrol,1,1,0,0,0,thc,1.6,,,,0.0,0.0,0.0,,,,,,,,,,,,,,,,,,,,,,,,,,,,,,,,,,,,
1137,2018,224,E818652,26.0,07/14/2018,6:58,14,7,0.0,35,Kitsap,0,1,0.0,1,1,2,1,1,1,1,,,,8,1,0,2.5,1,0,1,5,1,2,4,0,0,0,0,CR-SIDNEY RD SW,,-122.6613167,47.437952778,0,1,13,13,2,45,4,0,0,1,5,8,1,1,2,1,1,99,2,53,0,20,25,2016,0,0.0,63,8.0,,,,,1,1,29,2,0.0,0.0,0,0,99,0,11,0,,,,,0.0,0.0,0.0,0.0,1,91,0.0,0.0,0.0,96,,,,,,2,,,,,,98328.0,53,63.0,120.0,0.0,0.0,0.0,0.0,0.0,0.0,,1,7.0,,,,,0,02/15/2018,02/15/2018,20,0,0,0,8.0,9,8,,,0,0.0,0.0,8,9,8.0,95.0,,,96.0,,,8,95,995.0,,,,,,,,,,,,,,,,,,,,,,,,,,,,,,0,0,0,0,0,0,0,0,0,0,0,0,0,1,0,1,0,0,0,0,0,0,0,0,0,0,0,0,0,1,0,1,0,0,0,,0,0,0,0,0,0,0,0,0,0,0,1,0,0,0,0,,,,,,26-30,26-35,County road,R,Saturday,Unknown,PV,Not Fatal,0,0,0,0,County Road,County Sheriff,Kitsap County Sheriff's Office,0,0,1,0,0,,,,,,0.0,0.0,1.0,,,,,,,,,,,,,,,,,,,,,,,,,,,,,,,,,,,,98367
1138,2018,225,E818845,21.0,07/09/2018,7:36,9,7,0.0,25,Grant,0,1,0.0,1,1,7,1,0,2,2,7:40,7:56,,12,0,6,2.0,2,0,3,5,1,2,4,0,0,20,3,CR-RD S SE,CR-RD 6 SE,-119.0881278,46.998969444,0,1,82,15,2,55,6,0,0,1,7,12,1,4,2,1,11,1,2,53,0,12,24,2013,0,0.0,12,,,,,,1,1,31,2,1.0,1.0,4,7,3,0,11,0,07/09/2018,7:36,53029981.0,29981.0,0.0,0.0,0.0,3.0,1,38,39.0,0.0,0.0,93,,,,,,0,,,,,,98857.0,53,64.0,239.0,6.0,1.0,0.0,1.0,1.0,1.0,,0,,,,,,0,10/15/2014,02/15/2018,8,0,0,0,0.0,9,8,,,0,0.0,0.0,8,0,2.0,695.0,,,1.0,,,2,1,0.0,,,,,,,,,,,,,,,,,,,,,,,,,,,,,,0,0,0,1,0,0,1,1,1,0,0,0,0,0,0,0,1,0,1,0,0,0,0,0,0,0,0,0,0,1,1,0,0,0,0,,1,0,0,0,0,0,1,1,1,0,1,0,0,0,1,0,,,,,,31-35,26-35,County road,R,Monday,Belt Used,PV,Hispanic,1,0,0,0,County Road,County Sheriff,Grant County Sheriff's Office,0,0,1,0,0,,,carboxy-thc,7.9,,0.0,0.0,2.0,,,,,,,,,,,,,,,,,,,,,,,,,,,,,,,,,,,,98857
1139,2018,225,E818845,21.0,07/09/2018,7:36,9,7,0.0,25,Grant,0,1,0.0,1,1,7,1,0,2,2,7:40,7:56,,12,0,6,2.0,2,0,3,5,1,2,4,0,0,0,0,CR-RD S SE,CR-RD 6 SE,-119.0881278,46.998969444,0,2,83,67,4,55,66,1,0,1,7,1,1,4,2,1,1,1,3,53,0,82,881,2011,0,0.0,12,68.0,64.0,1.0,,,1,1,29,1,0.0,0.0,1,0,2,0,11,0,,,,,6.0,1.0,0.0,3.0,1,0,0.0,0.0,0.0,96,,,,,,0,,,,,,99344.0,53,69.0,205.0,6.0,1.0,0.0,0.0,0.0,1.0,,0,,,,,,0,11/15/2014,11/15/2014,20,0,0,0,8.0,9,8,,,0,0.0,0.0,8,0,8.0,95.0,,,96.0,,,8,95,995.0,,,,,,,,,,,,,,,,,,,,,,,,,,,,,,0,0,0,1,0,0,1,1,1,0,0,0,0,0,0,0,1,0,1,0,0,0,0,0,0,0,0,0,0,1,1,0,0,0,0,,0,0,0,0,0,0,0,0,0,0,0,0,0,0,0,0,,,,,,26-30,26-35,County road,R,Monday,,MHTRUCK,Not Fatal,1,0,0,0,County Road,County Sheriff,Grant County Sheriff's Office,0,0,1,0,0,,,,,,0.0,0.0,0.0,,,,,,,,,,,,,,,,,,,,,,,,,,,,,,,,,,,,98857