,year,case,par,repjur,crash_dt,crash_tm,accday,accmon,holiday,county,co_char,city,weather,weather2,lightcond,surfcond,surftype,numfatal,nmforms,pforms,vforms,not_tm,arr_tm,hosp_tm,fhevent,hitrun,manncol,milepnt,reljunc,reljuncinter,intersectiontype,funcsystem,landuse,ownership,route,schlbus,spejur,contdev,devfunc,trafid1,trafid2,x,y,wk_zone,vnumber,crashtype,criticalevent,criticaleventcat,spdlim,body,trailer,emerg,hazcargo,leave,mhevent,roadalgn,roadprof,traflane,trafflow,vehmanvr,numoccs,regowner,regstate,spuse,make,model,modelyr,vrf1,vrf2,seqevent1,seqevent2,seqevent3,seqevent4,seqevent5,seqevent6,pnumber,ptype,age,sex,hispanic,race,injury,diedscene,restraint,restraintmisuse,seatpos,takehosp,death_dt,death_tm,cert,cernum_wa,commlic,licendor,licrestrict,liccomp,drivpres,drf1,drf2,drf3,drf4,distract1,distract2,distract3,distract4,distract5,distract6,dricond1,dricond2,dricond3,dricond4,dricond5,dricond6,dzip,licstate,drhgt_in,weight,noncdl,noncdltype,prevdwi,prevoth,prevacc,prevspd,prevsus,driviol1,driviol2,driviol3,driviol4,driviol5,driviol6,spdrel,first_dt,last_dt,airbag,ejection,ejectpath,extricat,injurwrk,methalc,methdrug,nmlocat,strikveh,prf1,prf2,prf3,druginv,alcinvol,drugsts,drugres1,drugres2,drugres3,drugtst1,drugtst2,drugtst3,alcsts,alctst,alcres,nmact1,nmact2,nmact3,nmact4,nmact5,nmact6,nmprior1,nmprior2,nmprior3,nmprior4,nmprior5,nmprior6,nmcond1,nmcond2,nmcond3,nmcond4,nmcond5,nmcond6,nmsafe_helmet,nmsafe_pads,nmsafe_oth,nmprev_ref,nmprev_lgt,nmprev_oth,crashlocation,nmcrashtype,crosswalk,schoolzone,sidewalk,train_inv,wildlife_inv,rotr_fars,intersect_fars,dd_inv,aid_inv,dpd_inv,id_inv,mj_inv,impnm_inv,ainm_inv,dpnm_inv,speed_inv,unlic_inv,unendmc_inv,drowsy_inv,drdist_inv,nmdist_inv,fty_inv,unrestfat_inv,dr1617_inv,dr1820_inv,dr1620_inv,dr2125_inv,dr1625_inv,dr65_inv,dr70_inv,dr75_inv,mc_inv,pv_inv,ht_inv,ped_inv,bike_inv,unrest_fat,mc_fat,unhelmet_mc,pv_fat,ht_fat,ped_fat,bike_fat,dr_alc7,dr_alc8,dr_drug,dr_imp,dr_dist,dr_spd,dr_fty,dr_unlic,dr_alc7only,dr_alc8only,dr_drugonly,dr_drink,nm_imp,nm_alc7,nm_alc8,nm_drug,nm_dist,agegrp1,agegrp2,roadclass,urbrur,dayweek,restuse,vehtype,race_me,intersect,lanedep,oppdir,wrongway,rep_typ,investag,repag_long,rotr,st_rd,cty_rd,city_rd,oth_rd,drug_thc,thc_res,drug_cthc,cthc_res,drug_cann,prevpersemin,prevperse,prevsusoth,drugtst4,drugtst5,drugtst6,drugtst7,drugtst8,drugres4,drugres5,drugres6,drugres7,drugres8,adspresent,adsengaged,adslevel,race1,race2,race3,race4,race5,helmet,helmetmisuse,nmdistract1,nmdistract2,nmdistract3,nmdistract4,nmdistract5,nmdistract6,lab,isedtcase,crf1,crf2,crf3,CoRoadName,CoMP,IntCoRoadName,IntCoMP,zipcode
1177,2018,245,E820785,4.0,07/15/2018,17:30,15,7,0.0,19,Ferry,0,1,0.0,1,1,2,1,0,2,2,,,,12,0,2,316.6,1,0,1,4,1,1,3,0,0,0,0,SR-20,,-118.5144583,48.598877778,0,2,51,62,4,50,21,0,0,1,7,12,3,2,2,1,14,1,3,53,0,12,462,2015,0,0.0,12,,,,,,1,1,31,1,0.0,0.0,1,0,3,0,11,4,,,,,0.0,0.0,0.0,3.0,1,0,0.0,0.0,0.0,96,,,,,,0,,,,,,98104.0,53,66.0,200.0,6.0,1.0,0.0,0.0,0.0,0.0,,0,,,,,,0,,,8,0,0,0,8.0,9,8,,,0,0.0,0.0,8,0,8.0,95.0,,,96.0,,,8,95,995.0,,,,,,,,,,,,,,,,,,,,,,,,,,,,,,0,0,0,0,0,0,1,1,0,0,0,0,0,0,0,0,0,0,0,0,0,0,0,0,0,0,0,0,1,1,0,0,0,0,0,,0,0,0,0,0,0,0,0,0,0,0,0,0,0,0,0,,,,,,31-35,26-35,State route,R,Sunday,Belt Used,PV,Not Fatal,0,1,1,0,State Route,State Patrol,Washington State Patrol Headquarter,0,1,0,0,0,,,,,,0.0,0.0,0.0,,,,,,,,,,,,,,,,,,,,,,,,,,,,,,,,,,,,
1178,2018,246,E818013,26.0,07/16/2018,0:00,16,7,0.0,35,Kitsap,0,1,0.0,2,1,2,1,0,1,1,,,,42,0,0,1.5,3,0,3,4,2,2,4,0,0,0,0,CR-BROWNSVILLE HWY NE,HOMEPOT PL NE,-122.6199472,47.657461111,0,1,1,6,1,50,34,0,0,1,7,42,1,2,2,1,98,1,1,53,0,35,472,2005,0,0.0,63,42.0,1.0,,,,1,1,30,1,7.0,1.0,4,7,3,0,11,0,07/16/2018,0:00,173053031766.0,31766.0,0.0,0.0,0.0,3.0,1,0,0.0,0.0,0.0,96,,,,,,99,,,,,,98311.0,53,71.0,180.0,6.0,1.0,0.0,0.0,0.0,1.0,,0,,,,,,0,05/15/2015,05/15/2015,20,0,0,0,0.0,9,8,,,0,0.0,0.0,8,9,2.0,401.0,417.0,,1.0,1.0,,2,1,0.0,,,,,,,,,,,,,,,,,,,,,,,,,,,,,,0,0,1,1,0,0,1,1,0,0,0,0,0,0,0,0,0,0,0,0,0,0,0,0,0,0,0,0,0,1,0,0,0,0,0,,1,0,0,0,0,0,1,1,0,0,0,0,0,0,1,0,,,,,,26-30,26-35,County road,U,Monday,Belt Used,PV,White,0,1,0,0,County Road,County Sheriff,Kitsap County Sheriff's Office,1,0,1,0,0,,,,,,0.0,0.0,0.0,,,,,,,,,,,,,,,,,,,,,,,,,,,,,,,,,,,,98370
1179,2018,247,E818105,55.0,07/12/2018,21:21,12,7,0.0,33,King,100,1,0.0,5,1,2,1,0,2,2,,,,12,0,2,0.0,4,0,1,3,2,4,6,0,0,0,0,A ST SE,,-122.2289111,47.280155556,0,1,68,15,2,40,34,0,0,1,7,12,1,1,5,5,11,1,2,53,0,20,471,1994,0,0.0,12,,,,,,1,1,34,1,0.0,0.0,0,0,99,0,11,0,,,,,0.0,0.0,0.0,0.0,1,10,38.0,0.0,0.0,96,,,,,,0,,,,,,93140.0,6,69.0,208.0,0.0,0.0,0.0,0.0,0.0,0.0,,46,72.0,,,,,0,,,20,0,0,0,8.0,9,8,,,0,0.0,0.0,8,0,2.0,605.0,695.0,,1.0,1.0,,2,1,0.0,,,,,,,,,,,,,,,,,,,,,,,,,,,,,,0,0,0,0,0,0,1,1,1,0,0,0,0,1,0,0,0,0,1,0,0,0,0,0,0,0,0,0,1,1,0,0,0,0,0,,0,0,0,0,0,0,1,1,0,0,1,1,0,0,1,0,,,,,,31-35,26-35,City street,U,Thursday,Unknown,PV,Not Fatal,0,0,0,0,City Street,Municipal/City Police,Auburn Police Department,0,0,0,1,0,thc,2.6,carboxy-thc,9.9,,0.0,0.0,0.0,,,,,,,,,,,,,,,,,,,,,,,,,,,,,,,,,,,,98002
1180,2018,247,E818105,55.0,07/12/2018,21:21,12,7,0.0,33,King,100,1,0.0,5,1,2,1,0,2,2,,,,12,0,2,0.0,4,0,1,3,2,4,6,0,0,0,0,A ST SE,,-122.2289111,47.280155556,0,2,69,62,4,40,80,0,0,1,7,12,1,1,5,5,1,1,1,53,0,77,706,2006,0,0.0,12,,,,,,1,1,57,1,7.0,1.0,4,7,19,0,11,0,07/12/2018,21:21,10053033561.0,33561.0,0.0,0.0,3.0,3.0,1,0,0.0,0.0,0.0,96,,,,,,0,,,,,,98001.0,53,68.0,160.0,6.0,1.0,0.0,0.0,0.0,0.0,,0,,,,,,0,,,20,8,0,0,0.0,9,8,,,0,0.0,0.0,8,9,2.0,1.0,,,1.0,,,2,1,0.0,,,,,,,,,,,,,,,,,,,,,,,,,,,,,,0,0,0,0,0,0,1,1,1,0,0,0,0,1,0,0,0,0,1,0,0,0,0,0,0,0,0,0,1,1,0,0,0,0,1,0.0,0,0,0,0,0,0,0,0,0,0,0,0,0,0,0,0,,,,,,56-60,56-65,City street,U,Thursday,,MC,White,0,0,0,0,City Street,Municipal/City Police,Auburn Police Department,0,0,0,1,0,,,,,,0.0,0.0,0.0,,,,,,,,,,,,,,,,,,,,,,,,,,,,,,,,,,,,98002
1181,2018,248,E820253,3.0,07/22/2018,17:27,22,7,0.0,53,Pierce,0,1,0.0,1,1,2,1,0,2,1,,,,42,0,0,26.6,1,0,1,4,1,1,3,0,0,0,0,SR-7,,-122.3179778,46.843169444,0,1,1,13,2,50,14,1,0,1,2,42,1,1,2,1,1,2,1,53,0,35,402,2007,0,0.0,63,42.0,,,,,1,1,29,1,0.0,0.0,2,0,20,0,11,8,,,,,0.0,0.0,0.0,3.0,1,0,0.0,0.0,0.0,3,,,,,,0,,,,,,98335.0,53,63.0,140.0,6.0,1.0,0.0,3.0,0.0,7.0,,0,,,,,,0,08/15/2013,05/15/2017,1,0,0,0,8.0,9,8,,,0,0.0,0.0,8,0,8.0,95.0,,,96.0,,,8,95,995.0,,,,,,,,,,,,,,,,,,,,,,,,,,,,,,0,0,1,0,0,0,0,0,0,0,0,0,0,0,0,0,1,0,0,1,0,0,0,0,0,0,0,0,0,1,0,0,0,0,0,,0,0,0,0,0,0,0,0,1,0,0,0,0,0,0,0,,,,,,26-30,26-35,State route,R,Sunday,Not Used,PV,Not Fatal,0,1,0,0,State Route,State Patrol,Washington State Patrol,1,1,0,0,0,,,,,,0.0,0.0,4.0,,,,,,,,,,,,,,,,,,,,,,,,,,,,,,,,,,,,98328
1182,2018,249,E820260,4.0,07/20/2018,23:06,20,7,0.0,43,Lincoln,0,1,0.0,3,1,2,1,0,1,1,23:10,23:51,0:18,1,0,0,253.9,1,0,1,3,2,1,2,0,0,0,0,US-2,,-117.9195778,47.664669444,0,1,1,13,2,60,80,0,0,1,2,1,1,1,2,1,1,1,2,53,0,37,705,2003,0,0.0,63,1.0,,,,,1,1,35,1,7.0,1.0,4,0,5,0,11,5,07/22/2018,8:42,181053033092.0,33092.0,0.0,0.0,0.0,3.0,1,0,0.0,0.0,0.0,96,,,,,,9,,,,,,99207.0,53,70.0,170.0,6.0,1.0,0.0,0.0,0.0,1.0,,0,,,,,,0,11/15/2015,11/15/2015,20,8,0,0,0.0,1,8,,,0,0.0,0.0,8,1,2.0,605.0,695.0,,1.0,1.0,,2,1,0.17,,,,,,,,,,,,,,,,,,,,,,,,,,,,,,0,0,1,0,1,1,1,1,1,0,0,0,0,0,0,0,0,0,0,0,0,0,0,0,0,0,0,0,1,0,0,0,0,0,1,0.0,0,0,0,0,0,1,1,1,0,0,0,0,0,0,0,1,,,,,,31-35,26-35,US highway,U,Friday,,MC,White,0,1,0,0,State Route,State Patrol,Washington State Patrol,1,1,0,0,0,thc,1.9,carboxy-thc,18.0,,0.0,0.0,0.0,,,,,,,,,,,,,,,,,,,,,,,,,,,,,,,,,,,,99029
1183,2018,250,E820291,1.0,07/16/2018,23:06,16,7,0.0,77,Yakima,0,1,0.0,2,1,2,1,0,1,1,,,,35,0,0,58.5,1,0,1,1,2,1,1,0,0,0,0,I-82,,-120.1778111,46.345586111,0,1,6,6,1,70,4,0,0,1,2,35,1,1,2,3,1,1,1,53,0,20,2,2012,0,0.0,64,67.0,35.0,,,,1,1,46,1,7.0,1.0,4,7,3,0,11,0,07/16/2018,23:06,85053031928.0,31928.0,0.0,0.0,0.0,3.0,1,0,0.0,0.0,0.0,92,,,,,,99,,,,,,98531.0,53,70.0,175.0,6.0,1.0,0.0,1.0,1.0,1.0,,0,,,,,,4,10/15/2013,05/15/2017,8,0,0,0,0.0,9,1,,,0,0.0,0.0,1,9,2.0,605.0,695.0,,1.0,1.0,,2,1,0.0,,,,,,,,,,,,,,,,,,,,,,,,,,,,,,0,0,1,0,0,0,1,1,1,0,0,0,1,0,0,0,1,0,0,0,0,0,0,0,0,0,0,0,0,1,0,0,0,0,0,,1,0,0,0,0,0,1,1,1,1,0,0,0,0,1,0,,,,,,46-50,46-55,Interstate,U,Monday,Belt Used,PV,White,0,1,0,0,State Route,State Patrol,Washington State Patrol Headquarter,1,1,0,0,0,thc,9.4,carboxy-thc,48.0,,0.0,0.0,0.0,,,,,,,,,,,,,,,,,,,,,,,,,,,,,,,,,,,,98932
1184,2018,251,E820893,4.0,07/17/2018,15:53,17,7,0.0,63,Spokane,2113,1,0.0,1,1,2,1,0,2,2,,,,12,0,6,9.3,4,0,1,3,2,1,3,0,0,0,0,SR-290,,-117.2223806,47.694266667,0,1,70,53,3,50,66,1,0,1,5,12,1,1,5,5,10,1,3,18,0,87,884,2014,0,0.0,12,,,,,,1,1,75,1,0.0,0.0,0,0,3,0,11,0,,,,,6.0,1.0,3.0,3.0,1,38,0.0,0.0,0.0,96,,,,,,0,,,,,,99216.0,53,72.0,200.0,6.0,1.0,0.0,4.0,1.0,0.0,,46,,,,,,0,07/15/2014,11/15/2016,20,0,0,0,8.0,9,8,,,0,0.0,0.0,8,0,0.0,0.0,,,0.0,,,0,0,996.0,,,,,,,,,,,,,,,,,,,,,,,,,,,,,,0,0,0,0,1,0,0,0,0,0,0,0,0,0,0,0,0,0,1,0,0,0,0,0,0,1,1,1,1,0,1,0,0,0,0,,0,0,0,0,0,0,0,0,0,0,1,0,0,0,0,0,,,,,,71-75,66-75,State route,U,Tuesday,,MHTRUCK,Not Fatal,0,0,0,0,State Route,State Patrol,Washington State Patrol,0,1,0,0,0,,,,,,0.0,0.0,0.0,,,,,,,,,,,,,,,,,,,,,,,,,,,,,,,,,,,,99212
1185,2018,251,E820893,4.0,07/17/2018,15:53,17,7,0.0,63,Spokane,2113,1,0.0,1,1,2,1,0,2,2,,,,12,0,6,9.3,4,0,1,3,2,1,3,0,0,0,0,SR-290,,-117.2223806,47.694266667,0,2,71,61,4,50,80,0,0,1,2,12,1,1,5,5,1,1,1,16,0,53,706,2000,0,0.0,12,,,,,,1,1,65,1,7.0,1.0,4,7,17,0,11,0,07/17/2018,15:53,211353031839.0,31839.0,6.0,0.0,0.0,3.0,1,0,0.0,0.0,0.0,96,,,,,,99,,,,,,83854.0,16,67.0,180.0,6.0,1.0,0.0,0.0,0.0,0.0,,0,,,,,,0,,,20,8,0,0,0.0,1,8,,,0,0.0,0.0,8,1,2.0,1.0,,,1.0,,,2,1,0.029,,,,,,,,,,,,,,,,,,,,,,,,,,,,,,0,0,0,0,1,0,0,0,0,0,0,0,0,0,0,0,0,0,1,0,0,0,0,0,0,1,1,1,1,0,1,0,0,0,1,1.0,0,0,0,0,1,0,0,0,0,0,0,0,1,0,0,1,,,,,,61-65,56-65,State route,U,Tuesday,,MC,White,0,0,0,0,State Route,State Patrol,Washington State Patrol,0,1,0,0,0,,,,,,0.0,0.0,0.0,,,,,,,,,,,,,,,,,,,,,,,,,,,,,,,,,,,,99212
1186,2018,252,E821090,127.0,07/21/2018,18:09,21,7,0.0,33,King,735,1,0.0,1,1,2,1,0,2,2,,,,12,0,6,12.1,2,0,3,4,2,1,3,0,0,0,0,SR-509,50TH AVE SW,-122.395875,47.322536111,0,1,98,10,2,35,80,0,0,1,7,12,1,1,2,1,6,1,1,53,0,37,706,2012,0,0.0,12,,,,,,1,1,28,1,7.0,1.0,4,7,5,0,11,0,07/21/2018,18:09,73553032368.0,32368.0,0.0,0.0,3.0,3.0,1,33,0.0,0.0,0.0,96,,,,,,99,,,,,,98087.0,53,72.0,220.0,6.0,1.0,0.0,0.0,0.0,0.0,,0,,,,,,4,,,20,8,0,0,0.0,9,8,,,0,0.0,0.0,8,9,2.0,1.0,,,1.0,,,2,1,0.0,,,,,,,,,,,,,,,,,,,,,,,,,,,,,,0,0,0,1,0,0,0,0,0,0,0,0,1,0,0,0,0,0,0,0,0,0,0,0,0,0,0,0,1,1,0,0,0,0,1,0.0,0,0,0,0,0,0,0,0,0,1,0,0,0,0,0,0,,,,,,26-30,26-35,State route,U,Saturday,,MC,White,1,0,0,0,State Route,Municipal/City Police,Federal Way Dept of Public Safety,0,1,0,0,0,,,,,,0.0,0.0,0.0,,,,,,,,,,,,,,,,,,,,,,,,,,,,,,,,,,,,98023
1187,2018,252,E821090,127.0,07/21/2018,18:09,21,7,0.0,33,King,735,1,0.0,1,1,2,1,0,2,2,,,,12,0,6,12.1,2,0,3,4,2,1,3,0,0,0,0,SR-509,50TH AVE SW,-122.395875,47.322536111,0,2,98,60,4,35,6,0,0,1,7,12,1,1,2,1,11,1,1,53,0,49,49,2008,0,0.0,12,,,,,,1,1,44,1,0.0,0.0,0,0,3,0,11,0,,,,,0.0,0.0,0.0,3.0,1,0,0.0,0.0,0.0,96,,,,,,0,,,,,,98023.0,53,66.0,175.0,6.0,1.0,0.0,0.0,0.0,0.0,,0,,,,,,0,,,2,0,0,0,8.0,9,8,,,0,0.0,0.0,8,0,8.0,95.0,,,96.0,,,8,95,995.0,,,,,,,,,,,,,,,,,,,,,,,,,,,,,,0,0,0,1,0,0,0,0,0,0,0,0,1,0,0,0,0,0,0,0,0,0,0,0,0,0,0,0,1,1,0,0,0,0,0,,0,0,0,0,0,0,0,0,0,0,0,0,0,0,0,0,,,,,,41-45,36-45,State route,U,Saturday,Belt Used,PV,Not Fatal,1,0,0,0,State Route,Municipal/City Police,Federal Way Dept of Public Safety,0,1,0,0,0,,,,,,0.0,0.0,0.0,,,,,,,,,,,,,,,,,,,,,,,,,,,,,,,,,,,,98023
1188,2018,253,E821202,4.0,07/20/2018,18:37,20,7,0.0,65,Stevens,0,1,0.0,1,1,2,1,0,2,2,18:39,18:47,20:00,12,0,2,189.9,1,0,1,3,1,1,2,0,0,0,0,US-395,,-117.5653306,47.993755556,0,1,50,10,2,60,4,0,0,1,2,12,2,1,2,1,14,1,1,53,0,20,25,2016,0,0.0,68,12.0,,,,,1,1,42,2,0.0,0.0,3,0,3,0,11,5,,,,,0.0,0.0,0.0,3.0,1,28,0.0,0.0,0.0,92,,,,,,9,,,,,,99138.0,53,61.0,120.0,6.0,1.0,0.0,1.0,0.0,2.0,,97,,,,,,0,03/15/2015,01/15/2018,8,0,0,0,8.0,9,2,,,0,0.0,0.0,1,0,2.0,155.0,,,1.0,,,2,1,0.0,,,,,,,,,,,,,,,,,,,,,,,,,,,,,,0,0,0,0,0,0,1,1,0,0,0,0,0,0,0,0,1,0,0,0,0,0,0,1,1,0,0,0,0,1,0,0,0,0,0,,0,0,0,0,0,0,1,1,1,0,0,0,0,0,1,0,,,,,,41-45,36-45,US highway,R,Friday,Belt Used,PV,Not Fatal,0,1,1,0,State Route,State Patrol,Washington State Patrol,0,1,0,0,0,,,,,,0.0,0.0,3.0,,,,,,,,,,,,,,,,,,,,,,,,,,,,,,,,,,,,99110
1189,2018,253,E821202,4.0,07/20/2018,18:37,20,7,0.0,65,Stevens,0,1,0.0,1,1,2,1,0,2,2,18:39,18:47,20:00,12,0,2,189.9,1,0,1,3,1,1,2,0,0,0,0,US-395,,-117.5653306,47.993755556,0,2,51,62,4,60,4,0,0,1,2,12,3,1,2,1,14,1,1,16,0,41,51,2005,0,0.0,12,,,,,,1,1,22,1,7.0,1.0,4,7,3,0,11,0,07/20/2018,18:37,53032987.0,32987.0,0.0,0.0,0.0,3.0,1,0,0.0,0.0,0.0,96,,,,,,0,,,,,,83864.0,16,70.0,130.0,6.0,1.0,0.0,0.0,0.0,0.0,,0,,,,,,0,,,1,0,0,0,0.0,9,8,,,0,0.0,0.0,8,0,2.0,1.0,,,1.0,,,2,1,0.0,,,,,,,,,,,,,,,,,,,,,,,,,,,,,,0,0,0,0,0,0,1,1,0,0,0,0,0,0,0,0,1,0,0,0,0,0,0,1,1,0,0,0,0,1,0,0,0,0,0,,1,0,0,0,0,0,0,0,0,0,0,0,0,0,0,0,,,,,,21-25,16-25,US highway,R,Friday,Belt Used,PV,White,0,1,1,0,State Route,State Patrol,Washington State Patrol,0,1,0,0,0,,,,,,0.0,0.0,0.0,,,,,,,,,,,,,,,,,,,,,,,,,,,,,,,,,,,,99110
1190,2018,254,E821507,39.0,07/22/2018,11:47,22,7,0.0,61,Snohomish,0,1,0.0,1,1,2,1,0,1,1,11:47,12:01,,1,0,0,4.4,1,0,1,5,1,2,4,0,0,0,0,CR-HIGH BRIDGE RD,,-122.0362028,47.819019444,0,1,1,13,2,35,80,0,0,1,7,1,3,2,2,1,14,1,1,53,0,72,706,2004,0,0.0,63,1.0,,,,,1,1,30,1,7.0,28.0,4,7,5,0,11,0,07/22/2018,11:47,53032739.0,32739.0,0.0,0.0,3.0,3.0,1,0,0.0,0.0,0.0,92,,,,,,99,,,,,,98208.0,53,69.0,200.0,6.0,1.0,0.0,1.0,0.0,1.0,,0,,,,,,0,03/15/2014,06/15/2016,20,8,0,0,0.0,9,8,,,0,0.0,0.0,8,9,2.0,1.0,,,1.0,,,2,1,0.15,,,,,,,,,,,,,,,,,,,,,,,,,,,,,,0,0,1,0,1,1,0,1,0,0,0,0,0,0,0,0,1,0,0,0,0,0,0,0,0,0,0,0,1,0,0,0,0,0,1,0.0,0,0,0,0,0,1,0,1,1,0,0,0,0,1,0,1,,,,,,26-30,26-35,County road,R,Sunday,,MC,API,0,1,0,0,County Road,County Sheriff,Snohomish County Sheriff's Office,1,0,1,0,0,,,,,,0.0,0.0,2.0,,,,,,,,,,,,,,,,,,,,,,,,,,,,,,,,,,,,98272
1191,2018,255,E821586,122.0,07/18/2018,2:51,18,7,0.0,61,Snohomish,690,1,0.0,2,1,2,1,1,1,1,,,,8,0,0,6.2,1,0,1,3,2,1,3,0,0,0,0,SR-529,,-122.1833028,48.029469444,0,1,13,13,2,55,14,0,0,1,5,8,1,1,2,3,1,1,2,53,0,2,404,1999,0,0.0,63,8.0,,,,,1,1,33,1,0.0,0.0,0,0,99,0,11,0,,,,,0.0,0.0,0.0,2.0,1,0,0.0,0.0,0.0,96,,,,,,9,,,,,,98223.0,53,70.0,220.0,1.0,1.0,0.0,0.0,2.0,0.0,,97,,,,,,0,04/15/2017,04/15/2018,20,0,0,0,8.0,9,2,,,0,0.0,0.0,1,0,2.0,177.0,401.0,417.0,1.0,1.0,1.0,2,1,0.0,,,,,,,,,,,,,,,,,,,,,,,,,,,,,,0,0,0,0,0,0,1,1,0,1,0,1,0,1,0,0,0,0,0,0,0,0,0,0,0,0,0,0,0,1,0,1,0,0,0,,0,0,0,0,0,0,1,1,0,0,0,1,0,0,1,0,,,,,,31-35,26-35,State route,U,Wednesday,Unknown,PV,Not Fatal,0,0,0,0,State Route,Municipal/City Police,Everett Police Department,0,1,0,0,0,,,,,,0.0,0.0,1.0,,,,,,,,,,,,,,,,,,,,,,,,,,,,,,,,,,,,98201
1192,2018,256,E821666,160.0,07/25/2018,17:16,25,7,0.0,33,King,1030,1,0.0,1,1,2,1,1,3,2,,,,42,0,0,9.4,1,0,1,3,2,1,3,0,0,0,0,SR-99,,-122.3085722,47.359711111,0,1,1,13,2,40,14,0,0,1,7,8,1,1,8,1,6,2,1,53,0,63,402,2011,0,0.0,63,42.0,8.0,69.0,12.0,,1,1,21,1,0.0,0.0,1,0,3,0,11,8,,,,,0.0,0.0,0.0,3.0,1,0,0.0,0.0,0.0,96,,,,,,0,,,,,,98003.0,53,69.0,178.0,6.0,1.0,0.0,0.0,1.0,0.0,,97,,,,,,3,05/15/2016,05/15/2016,8,0,0,0,8.0,9,8,,,0,0.0,0.0,8,0,2.0,1.0,,,1.0,,,2,1,0.0,,,,,,,,,,,,,,,,,,,,,,,,,,,,,,0,0,1,0,0,0,0,0,0,1,0,1,1,0,0,0,0,0,0,0,0,0,0,1,1,0,0,0,0,1,0,1,0,0,0,,0,0,0,0,0,0,0,0,0,1,0,0,0,0,0,0,,,,,,21-25,16-25,State route,U,Wednesday,Belt Used,PV,Not Fatal,0,1,0,0,State Route,Municipal/City Police,Kent Police Department,1,1,0,0,0,,,,,,0.0,0.0,0.0,,,,,,,,,,,,,,,,,,,,,,,,,,,,,,,,,,,,98198
1193,2018,256,E821666,160.0,07/25/2018,17:16,25,7,0.0,33,King,1030,1,0.0,1,1,2,1,1,3,2,,,,42,0,0,9.4,1,0,1,3,2,1,3,0,0,0,0,SR-99,,-122.3085722,47.359711111,0,2,98,53,3,40,4,0,0,1,7,12,1,1,8,1,10,1,1,6,0,12,17,2006,0,0.0,12,,,,,,1,1,56,2,0.0,0.0,0,0,3,0,11,0,,,,,0.0,0.0,3.0,3.0,1,0,0.0,0.0,0.0,96,,,,,,0,,,,,,98003.0,53,64.0,165.0,6.0,1.0,0.0,0.0,0.0,0.0,,0,,,,,,0,,,20,0,0,0,8.0,9,8,,,0,0.0,0.0,8,0,8.0,95.0,,,96.0,,,8,95,995.0,,,,,,,,,,,,,,,,,,,,,,,,,,,,,,0,0,1,0,0,0,0,0,0,1,0,1,1,0,0,0,0,0,0,0,0,0,0,1,1,0,0,0,0,1,0,1,0,0,0,,0,0,0,0,0,0,0,0,0,0,0,0,0,0,0,0,,,,,,56-60,56-65,State route,U,Wednesday,Belt Used,PV,Not Fatal,0,1,0,0,State Route,Municipal/City Police,Kent Police Department,1,1,0,0,0,,,,,,0.0,0.0,0.0,,,,,,,,,,,,,,,,,,,,,,,,,,,,,,,,,,,,98198
1194,2018,257,E821699,2.0,07/24/2018,12:11,24,7,0.0,57,Skagit,0,1,0.0,1,1,2,2,0,2,1,,,,42,0,0,5.2,1,0,1,5,1,2,4,0,0,0,0,CR-BAKER LAKE RD,,-121.7988583,48.567233333,0,1,6,12,2,50,34,0,0,1,2,42,2,1,2,1,14,2,1,53,0,12,471,1999,0,0.0,68,64.0,42.0,,,,1,1,74,1,7.0,1.0,4,7,3,0,11,0,07/24/2018,12:11,53033388.0,33388.0,0.0,0.0,3.0,3.0,1,0,0.0,0.0,0.0,92,,,,,,99,,,,,,98292.0,53,72.0,210.0,6.0,1.0,0.0,0.0,0.0,0.0,,0,,,,,,0,,,1,0,0,0,0.0,9,8,,,0,0.0,0.0,8,9,2.0,1.0,,,1.0,,,2,1,0.0,,,,,,,,,,,,,,,,,,,,,,,,,,,,,,0,0,1,0,0,0,0,0,0,0,0,0,0,0,0,0,1,0,0,0,0,0,0,0,0,1,1,0,0,1,0,0,0,0,0,,1,0,0,0,0,0,0,0,1,0,0,0,0,0,0,0,,,,,,71-75,66-75,County road,R,Tuesday,Belt Used,PV,White,0,1,0,0,County Road,State Patrol,Washington State Patrol Headquarter,1,0,1,0,0,,,,,,0.0,0.0,0.0,,,,,,,,,,,,,,,,,,,,,,,,,,,,,,,,,,,,98237
1195,2018,258,E821957,26.0,07/25/2018,16:22,25,7,0.0,35,Kitsap,0,1,0.0,1,1,2,1,0,2,2,,,,12,0,2,4.6,1,0,1,5,1,2,4,0,0,0,0,CR-NW HOLLY RD,,-122.7598028,47.604180556,0,1,50,10,2,98,4,0,0,1,7,12,2,2,2,1,14,1,1,53,0,37,31,2012,0,0.0,68,12.0,,,,,1,1,24,1,7.0,1.0,4,7,20,0,11,0,07/25/2018,16:22,53034079.0,34079.0,0.0,0.0,3.0,3.0,1,28,0.0,0.0,0.0,96,,,,,,99,,,,,,98312.0,53,73.0,390.0,6.0,1.0,0.0,0.0,0.0,0.0,,0,,,,,,0,,,1,0,0,0,0.0,9,8,,,0,0.0,0.0,8,9,2.0,1.0,,,1.0,,,2,1,0.0,,,,,,,,,,,,,,,,,,,,,,,,,,,,,,0,0,0,0,0,0,0,0,0,0,0,0,0,0,0,0,0,0,0,1,0,0,0,1,1,1,0,0,0,1,0,0,0,1,0,,1,0,0,0,0,0,0,0,0,0,0,0,0,0,0,0,,,,,,21-25,16-25,County road,R,Wednesday,Not Used,PV,White,0,1,1,0,County Road,County Sheriff,Kitsap County Sheriff's Office,0,0,1,0,0,,,,,,0.0,0.0,0.0,,,,,,,,,,,,,,,,,,,,,,,,,,,,,,,,,,,,98312