,year,case,par,repjur,crash_dt,crash_tm,accday,accmon,holiday,county,co_char,city,weather,weather2,lightcond,surfcond,surftype,numfatal,nmforms,pforms,vforms,not_tm,arr_tm,hosp_tm,fhevent,hitrun,manncol,milepnt,reljunc,reljuncinter,intersectiontype,funcsystem,landuse,ownership,route,schlbus,spejur,contdev,devfunc,trafid1,trafid2,x,y,wk_zone,vnumber,crashtype,criticalevent,criticaleventcat,spdlim,body,trailer,emerg,hazcargo,leave,mhevent,roadalgn,roadprof,traflane,trafflow,vehmanvr,numoccs,regowner,regstate,spuse,make,model,modelyr,vrf1,vrf2,seqevent1,seqevent2,seqevent3,seqevent4,seqevent5,seqevent6,pnumber,ptype,age,sex,hispanic,race,injury,diedscene,restraint,restraintmisuse,seatpos,takehosp,death_dt,death_tm,cert,cernum_wa,commlic,licendor,licrestrict,liccomp,drivpres,drf1,drf2,drf3,drf4,distract1,distract2,distract3,distract4,distract5,distract6,dricond1,dricond2,dricond3,dricond4,dricond5,dricond6,dzip,licstate,drhgt_in,weight,noncdl,noncdltype,prevdwi,prevoth,prevacc,prevspd,prevsus,driviol1,driviol2,driviol3,driviol4,driviol5,driviol6,spdrel,first_dt,last_dt,airbag,ejection,ejectpath,extricat,injurwrk,methalc,methdrug,nmlocat,strikveh,prf1,prf2,prf3,druginv,alcinvol,drugsts,drugres1,drugres2,drugres3,drugtst1,drugtst2,drugtst3,alcsts,alctst,alcres,nmact1,nmact2,nmact3,nmact4,nmact5,nmact6,nmprior1,nmprior2,nmprior3,nmprior4,nmprior5,nmprior6,nmcond1,nmcond2,nmcond3,nmcond4,nmcond5,nmcond6,nmsafe_helmet,nmsafe_pads,nmsafe_oth,nmprev_ref,nmprev_lgt,nmprev_oth,crashlocation,nmcrashtype,crosswalk,schoolzone,sidewalk,train_inv,wildlife_inv,rotr_fars,intersect_fars,dd_inv,aid_inv,dpd_inv,id_inv,mj_inv,impnm_inv,ainm_inv,dpnm_inv,speed_inv,unlic_inv,unendmc_inv,drowsy_inv,drdist_inv,nmdist_inv,fty_inv,unrestfat_inv,dr1617_inv,dr1820_inv,dr1620_inv,dr2125_inv,dr1625_inv,dr65_inv,dr70_inv,dr75_inv,mc_inv,pv_inv,ht_inv,ped_inv,bike_inv,unrest_fat,mc_fat,unhelmet_mc,pv_fat,ht_fat,ped_fat,bike_fat,dr_alc7,dr_alc8,dr_drug,dr_imp,dr_dist,dr_spd,dr_fty,dr_unlic,dr_alc7only,dr_alc8only,dr_drugonly,dr_drink,nm_imp,nm_alc7,nm_alc8,nm_drug,nm_dist,agegrp1,agegrp2,roadclass,urbrur,dayweek,restuse,vehtype,race_me,intersect,lanedep,oppdir,wrongway,rep_typ,investag,repag_long,rotr,st_rd,cty_rd,city_rd,oth_rd,drug_thc,thc_res,drug_cthc,cthc_res,drug_cann,prevpersemin,prevperse,prevsusoth,drugtst4,drugtst5,drugtst6,drugtst7,drugtst8,drugres4,drugres5,drugres6,drugres7,drugres8,adspresent,adsengaged,adslevel,race1,race2,race3,race4,race5,helmet,helmetmisuse,nmdistract1,nmdistract2,nmdistract3,nmdistract4,nmdistract5,nmdistract6,lab,isedtcase,crf1,crf2,crf3,CoRoadName,CoMP,IntCoRoadName,IntCoMP,zipcode
1215,2018,274,E827924,7.0,08/05/2018,21:44,5,8,0.0,33,King,0,1,0.0,3,1,2,1,0,2,2,,,,12,0,2,20.9,1,0,1,3,1,1,3,0,0,0,0,SR-18,,-121.9748306,47.435805556,0,1,50,54,3,98,15,0,0,1,2,12,3,2,3,3,14,1,2,53,0,37,421,2008,0,0.0,12,,,,,,1,1,68,1,0.0,0.0,9,0,3,0,11,8,,,,,0.0,0.0,0.0,3.0,1,51,0.0,0.0,0.0,96,,,,,,99,,,,,,98038.0,53,74.0,220.0,6.0,1.0,0.0,0.0,0.0,0.0,,97,,,,,,0,,,8,0,0,0,8.0,9,8,,,0,0.0,0.0,8,9,2.0,177.0,605.0,695.0,1.0,1.0,1.0,2,1,0.0,,,,,,,,,,,,,,,,,,,,,,,,,,,,,,0,0,0,0,0,0,1,1,1,0,0,0,0,0,0,0,0,0,0,0,0,0,0,0,0,1,0,0,0,1,0,0,0,0,0,,0,0,0,0,0,0,1,1,0,0,0,0,0,0,1,0,,,,,,66-70,66-75,State route,R,Sunday,Belt Used,PV,Not Fatal,0,0,0,1,State Route,State Patrol,Washington State Patrol,0,1,0,0,0,thc,2.0,carboxy-thc,11.0,,0.0,0.0,0.0,1.0,1.0,,,,996.0,996.0,,,,,,,,,,,,,,,,,,,,,,,,,,,,,98027
1216,2018,274,E827924,7.0,08/05/2018,21:44,5,8,0.0,33,King,0,1,0.0,3,1,2,1,0,2,2,,,,12,0,2,20.9,1,0,1,3,1,1,3,0,0,0,0,SR-18,,-121.9748306,47.435805556,0,2,51,54,3,55,4,0,0,1,2,12,2,2,2,1,14,1,2,53,0,54,35,2003,0,0.0,12,,,,,,1,1,50,1,7.0,1.0,4,7,3,0,11,0,08/05/2018,21:44,53034610.0,34610.0,6.0,0.0,0.0,3.0,1,0,0.0,0.0,0.0,96,,,,,,99,,,,,,98032.0,53,68.0,200.0,6.0,1.0,0.0,0.0,1.0,0.0,,0,,,,,,0,06/15/2018,07/15/2018,8,0,0,0,0.0,9,8,,,0,0.0,0.0,8,9,2.0,1.0,,,1.0,,,2,1,0.0,,,,,,,,,,,,,,,,,,,,,,,,,,,,,,0,0,0,0,0,0,1,1,1,0,0,0,0,0,0,0,0,0,0,0,0,0,0,0,0,1,0,0,0,1,0,0,0,0,0,,1,0,0,0,0,0,0,0,0,0,0,0,0,0,0,0,,,,,,46-50,46-55,State route,R,Sunday,Belt Used,PV,White,0,0,0,1,State Route,State Patrol,Washington State Patrol,0,1,0,0,0,,,,,,0.0,0.0,1.0,,,,,,,,,,,,,,,,,,,,,,,,,,,,,,,,,,,,98027
1217,2018,275,E828062,3.0,07/24/2018,2:31,24,7,0.0,53,Pierce,1770,1,0.0,2,1,2,1,0,1,1,,,,1,0,0,8.7,1,0,1,3,2,1,3,0,0,0,0,SR-512,,-122.2976389,47.160691667,0,1,1,11,2,60,80,0,0,1,2,1,3,1,2,3,14,1,1,53,0,72,706,2012,0,0.0,63,1.0,,,,,1,1,51,1,7.0,1.0,4,7,5,0,11,0,07/24/2018,2:31,177053032691.0,32691.0,0.0,0.0,0.0,3.0,1,0,0.0,0.0,0.0,96,,,,,,99,,,,,,98404.0,53,69.0,215.0,6.0,1.0,1.0,0.0,4.0,1.0,,0,,,,,,4,10/15/2014,05/15/2016,20,8,0,0,0.0,9,8,,,0,0.0,0.0,8,9,2.0,605.0,695.0,,1.0,1.0,,2,1,0.19,,,,,,,,,,,,,,,,,,,,,,,,,,,,,,0,0,1,0,1,1,1,1,1,0,0,0,1,0,0,0,0,0,0,0,0,0,0,0,0,0,0,0,1,0,0,0,0,0,1,0.0,0,0,0,0,0,1,1,1,0,1,0,0,0,0,0,1,,,,,,51-55,46-55,State route,U,Tuesday,,MC,White,0,1,0,0,State Route,State Patrol,Washington State Patrol,1,1,0,0,0,thc,1.4,carboxy-thc,15.0,,0.0,1.0,0.0,,,,,,,,,,,,,,,,,,,,,,,,,,,,,,,,,,,,98703
1218,2018,276,E828065,3.0,08/06/2018,16:10,6,8,0.0,53,Pierce,0,1,0.0,1,1,7,3,0,6,2,,,,12,0,6,5.3,2,0,2,4,1,1,3,0,0,4,3,SR-702,8TH AVE,-122.4423667,46.937286111,0,1,86,17,2,45,20,0,0,1,7,12,1,2,2,1,1,2,1,53,0,7,442,2003,0,0.0,12,63.0,30.0,,,,1,1,36,2,0.0,0.0,3,0,3,0,11,8,,,,,0.0,0.0,0.0,3.0,1,38,39.0,0.0,0.0,96,,,,,,9,,,,,,98037.0,53,65.0,150.0,6.0,1.0,0.0,1.0,0.0,0.0,,1,,,,,,0,05/15/2016,05/15/2016,8,0,0,0,8.0,9,8,,,0,0.0,0.0,8,1,2.0,401.0,417.0,,1.0,1.0,,2,1,0.12,,,,,,,,,,,,,,,,,,,,,,,,,,,,,,0,0,0,1,1,1,1,1,0,0,0,0,0,0,0,0,0,0,1,1,0,0,0,0,0,0,0,0,0,1,0,0,0,0,0,,0,0,0,0,0,1,1,1,0,0,1,0,0,0,0,1,,,,,,36-40,36-45,State route,R,Monday,Belt Used,PV,Not Fatal,1,0,0,0,State Route,State Patrol,Washington State Patrol,0,1,0,0,0,,,,,,0.0,0.0,0.0,,,,,,,,,,,,,,,,,,,,,,,,,,,,,,,,,,,,
1219,2018,276,E828065,3.0,08/06/2018,16:10,6,8,0.0,53,Pierce,0,1,0.0,1,1,7,3,0,6,2,,,,12,0,6,5.3,2,0,2,4,1,1,3,0,0,4,3,SR-702,8TH AVE,-122.4423667,46.937286111,0,2,87,66,4,55,14,0,0,1,7,1,1,2,2,1,1,4,2,6,0,49,402,2018,0,0.0,12,68.0,64.0,1.0,,,1,1,59,1,0.0,0.0,3,0,3,0,11,8,,,,,0.0,0.0,0.0,3.0,1,0,0.0,0.0,0.0,96,,,,,,0,,,,,,90620.0,6,69.0,160.0,6.0,1.0,0.0,0.0,0.0,0.0,,0,,,,,,0,,,8,0,0,0,8.0,9,8,,,0,0.0,0.0,8,0,8.0,95.0,,,96.0,,,8,95,995.0,,,,,,,,,,,,,,,,,,,,,,,,,,,,,,0,0,0,1,1,1,1,1,0,0,0,0,0,0,0,0,0,0,1,1,0,0,0,0,0,0,0,0,0,1,0,0,0,0,0,,0,0,0,0,0,0,0,0,0,0,0,0,0,0,0,0,,,,,,56-60,56-65,State route,R,Monday,Belt Used,PV,Not Fatal,1,0,0,0,State Route,State Patrol,Washington State Patrol,0,1,0,0,0,,,,,,0.0,0.0,0.0,,,,,,,,,,,,,,,,,,,,,,,,,,,,,,,,,,,,
1220,2018,277,E828112,7.0,08/03/2018,2:49,3,8,0.0,33,King,1030,2,0.0,2,2,2,1,0,4,4,,,,12,0,2,3.3,1,0,1,3,2,1,3,0,0,0,0,SR-516,,-122.2757111,47.380919444,0,1,50,54,3,98,4,0,0,1,2,12,3,2,2,3,14,1,1,53,0,20,2,2014,0,0.0,12,60.0,54.0,25.0,69.0,12.0,1,1,25,2,7.0,1.0,4,7,3,0,11,0,08/03/2018,2:49,103053034096.0,34096.0,0.0,0.0,0.0,3.0,1,51,0.0,0.0,0.0,96,,,,,,99,,,,,,98597.0,53,66.0,150.0,6.0,1.0,0.0,0.0,0.0,0.0,,0,,,,,,0,,,8,2,9,0,0.0,9,8,,,0,0.0,0.0,8,9,2.0,605.0,695.0,,1.0,1.0,,2,1,0.15,,,,,,,,,,,,,,,,,,,,,,,,,,,,,,0,0,0,0,1,1,1,1,1,0,0,0,0,0,0,0,0,0,0,0,0,1,1,1,1,0,0,0,0,1,1,0,0,0,0,,1,0,0,0,0,1,1,1,0,0,0,0,0,0,0,1,,,,,,21-25,16-25,State route,U,Friday,Belt Used,PV,White,0,0,0,1,State Route,State Patrol,Washington State Patrol,0,1,0,0,0,thc,7.5,carboxy-thc,56.0,,0.0,0.0,0.0,,,,,,,,,,,,,,,,,,,,,,,,,,,,,,,,,,,,98089
1221,2018,277,E828112,7.0,08/03/2018,2:49,3,8,0.0,33,King,1030,2,0.0,2,2,2,1,0,4,4,,,,12,0,2,3.3,1,0,1,3,2,1,3,0,0,0,0,SR-516,,-122.2757111,47.380919444,0,2,51,54,3,60,61,0,0,1,2,12,2,2,2,3,14,1,3,53,0,20,881,2008,0,0.0,12,64.0,25.0,,,,1,1,54,1,0.0,0.0,0,0,3,0,11,0,,,,,0.0,0.0,3.0,3.0,1,0,0.0,0.0,0.0,96,,,,,,9,,,,,,98391.0,53,75.0,285.0,6.0,1.0,0.0,3.0,0.0,0.0,,12,,,,,,0,10/15/2014,09/15/2016,20,0,0,0,8.0,9,2,,,0,0.0,0.0,0,1,0.0,0.0,,,0.0,,,2,2,0.115,,,,,,,,,,,,,,,,,,,,,,,,,,,,,,0,0,0,0,1,1,1,1,1,0,0,0,0,0,0,0,0,0,0,0,0,1,1,1,1,0,0,0,0,1,1,0,0,0,0,,0,0,0,0,0,1,0,1,0,0,0,0,0,1,0,1,,,,,,51-55,46-55,State route,U,Friday,,MHTRUCK,Not Fatal,0,0,0,1,State Route,State Patrol,Washington State Patrol,0,1,0,0,0,,,,,,0.0,0.0,0.0,,,,,,,,,,,,,,,,,,,,,,,,,,,,,,,,,,,,98089
1222,2018,277,E828112,7.0,08/03/2018,2:49,3,8,0.0,33,King,1030,2,0.0,2,2,2,1,0,4,4,,,,12,0,2,3.3,1,0,1,3,2,1,3,0,0,0,0,SR-516,,-122.2757111,47.380919444,0,3,98,54,3,60,14,0,0,1,5,54,2,2,2,3,14,1,1,53,0,55,404,2018,0,0.0,54,,,,,,1,1,20,1,0.0,0.0,0,0,3,0,11,0,,,,,0.0,0.0,0.0,3.0,1,0,0.0,0.0,0.0,96,,,,,,0,,,,,,98374.0,53,69.0,150.0,6.0,1.0,0.0,0.0,0.0,0.0,,0,,,,,,0,,,20,0,0,0,8.0,9,8,,,0,0.0,0.0,8,0,8.0,95.0,,,96.0,,,8,95,995.0,,,,,,,,,,,,,,,,,,,,,,,,,,,,,,0,0,0,0,1,1,1,1,1,0,0,0,0,0,0,0,0,0,0,0,0,1,1,1,1,0,0,0,0,1,1,0,0,0,0,,0,0,0,0,0,0,0,0,0,0,0,0,0,0,0,0,,,,,,18-20,16-25,State route,U,Friday,Belt Used,PV,Not Fatal,0,0,0,1,State Route,State Patrol,Washington State Patrol,0,1,0,0,0,,,,,,0.0,0.0,0.0,,,,,,,,,,,,,,,,,,,,,,,,,,,,,,,,,,,,98089
1223,2018,277,E828112,7.0,08/03/2018,2:49,3,8,0.0,33,King,1030,2,0.0,2,2,2,1,0,4,4,,,,12,0,2,3.3,1,0,1,3,2,1,3,0,0,0,0,SR-516,,-122.2757111,47.380919444,0,4,98,54,3,60,14,0,0,1,7,12,2,2,2,3,14,1,1,53,0,49,403,2013,0,0.0,12,,,,,,1,1,27,2,0.0,0.0,0,0,3,0,11,0,,,,,0.0,0.0,0.0,3.0,1,0,0.0,0.0,0.0,96,,,,,,0,,,,,,98422.0,53,66.0,164.0,6.0,1.0,0.0,0.0,0.0,1.0,,0,,,,,,0,04/15/2017,04/15/2017,1,0,0,0,8.0,9,8,,,0,0.0,0.0,8,0,8.0,95.0,,,96.0,,,8,95,995.0,,,,,,,,,,,,,,,,,,,,,,,,,,,,,,0,0,0,0,1,1,1,1,1,0,0,0,0,0,0,0,0,0,0,0,0,1,1,1,1,0,0,0,0,1,1,0,0,0,0,,0,0,0,0,0,0,0,0,0,0,0,0,0,0,0,0,,,,,,26-30,26-35,State route,U,Friday,Belt Used,PV,Not Fatal,0,0,0,1,State Route,State Patrol,Washington State Patrol,0,1,0,0,0,,,,,,0.0,0.0,0.0,,,,,,,,,,,,,,,,,,,,,,,,,,,,,,,,,,,,98089
1224,2018,278,E829063,6.0,08/04/2018,14:40,4,8,0.0,25,Grant,0,1,0.0,1,1,2,1,0,2,1,14:59,15:10,,1,0,0,82.8,1,0,1,4,2,1,3,0,0,0,0,SR-17,,-119.4343722,47.573333333,0,1,6,12,2,60,15,0,0,1,7,1,1,1,2,1,1,2,2,53,0,12,422,1999,0,0.0,68,64.0,1.0,,,,1,1,37,1,0.0,0.0,2,0,20,0,11,4,,,,,0.0,0.0,0.0,3.0,1,91,0.0,0.0,0.0,3,,,,,,9,,,,,,98404.0,53,70.0,220.0,6.0,1.0,0.0,1.0,0.0,2.0,,1,,,,,,0,06/15/2017,03/15/2018,20,1,9,0,8.0,1,1,,,0,0.0,0.0,1,1,2.0,177.0,,,1.0,,,2,1,0.13,,,,,,,,,,,,,,,,,,,,,,,,,,,,,,0,0,1,0,1,1,1,1,0,0,0,0,0,0,0,0,1,0,0,1,0,0,0,0,0,0,0,0,0,1,0,0,0,0,0,,0,0,0,0,0,1,1,1,1,0,0,0,0,0,0,1,,,,,,36-40,36-45,State route,U,Saturday,Not Used,PV,Not Fatal,0,1,0,0,State Route,State Patrol,Washington State Patrol,1,1,0,0,0,,,,,,0.0,0.0,0.0,,,,,,,,,,,,,,,,,,,,,,,,,,,,,,,,,,,,
1225,2018,279,E824099,14.0,07/31/2018,13:28,31,7,0.0,11,Clark,0,1,0.0,1,1,2,1,0,1,1,,,,33,0,0,0.5,1,0,1,4,2,2,4,0,0,0,0,CR-NE HAZEL DELL AVE,,-122.6686389,45.662552778,0,1,1,13,2,30,80,0,0,1,7,31,3,2,2,1,14,1,2,53,0,37,705,2016,0,0.0,63,33.0,1.0,31.0,,,1,1,32,1,7.0,1.0,4,7,19,0,11,0,07/31/2018,13:28,53033749.0,33749.0,0.0,0.0,0.0,3.0,1,0,0.0,0.0,0.0,96,,,,,,99,,,,,,98663.0,53,69.0,175.0,6.0,1.0,0.0,0.0,0.0,0.0,,0,,,,,,4,,,20,8,0,0,0.0,9,8,,,0,0.0,0.0,8,9,2.0,1.0,,,1.0,,,2,1,0.0,,,,,,,,,,,,,,,,,,,,,,,,,,,,,,0,0,1,0,0,0,0,0,0,0,0,0,1,0,0,0,0,0,0,0,0,0,0,0,0,0,0,0,1,0,0,0,0,0,1,0.0,0,0,0,0,0,0,0,0,0,1,0,0,0,0,0,0,,,,,,31-35,26-35,County road,U,Tuesday,,MC,White,0,1,0,0,County Road,County Sheriff,Clark County Sheriff's Office,1,0,1,0,0,,,,,,0.0,0.0,0.0,,,,,,,,,,,,,,,,,,,,,,,,,,,,,,,,,,,,98663
1226,2018,280,E824109,21.0,07/25/2018,16:57,25,7,0.0,25,Grant,0,1,0.0,1,1,4,1,0,2,1,18:02,18:12,18:54,1,0,0,9.1,1,0,1,7,1,2,4,0,0,0,0,CR-RD 9 NE,,-119.2612667,47.219083333,0,1,2,13,2,50,2,0,0,1,7,1,1,2,8,1,1,2,2,53,0,35,48,2004,0,0.0,63,1.0,,,,,1,1,29,1,0.0,0.0,1,0,3,0,11,5,,,,,0.0,0.0,0.0,3.0,1,91,0.0,0.0,0.0,96,,,,,,9,,,,,,98837.0,53,71.0,168.0,6.0,1.0,0.0,0.0,0.0,0.0,,1,,,,,,3,,,8,0,0,0,8.0,9,8,,,0,0.0,0.0,8,1,2.0,605.0,695.0,,1.0,1.0,,2,1,0.18,,,,,,,,,,,,,,,,,,,,,,,,,,,,,,0,0,0,0,1,1,1,1,1,0,0,0,1,0,0,0,0,0,0,1,0,0,0,0,0,0,0,0,0,1,0,0,0,0,0,,0,0,0,0,0,1,1,1,0,1,0,0,0,0,0,1,,,,,,26-30,26-35,County road,R,Wednesday,Belt Used,PV,Not Fatal,0,1,0,0,County Road,County Sheriff,Grant County Sheriff's Office,1,0,1,0,0,thc,6.8,carboxy-thc,75.0,,0.0,0.0,0.0,,,,,,,,,,,,,,,,,,,,,,,,,,,,,,,,,,,,98837
1227,2018,281,E826988,2.0,07/11/2018,0:22,11,7,0.0,73,Whatcom,0,1,0.0,2,1,2,1,0,2,1,0:15,0:37,,24,0,0,15.0,1,0,1,4,1,1,3,0,0,0,0,SR-542,,-122.1954583,48.820641667,0,1,1,13,2,55,3,0,0,1,2,1,3,1,2,1,14,2,1,53,0,30,47,1999,0,0.0,63,24.0,69.0,68.0,64.0,24.0,1,1,20,1,0.0,0.0,1,0,3,0,11,5,,,,,0.0,0.0,0.0,2.0,1,91,0.0,0.0,0.0,96,,,,,,9,,,,,,98240.0,53,74.0,158.0,1.0,1.0,0.0,1.0,0.0,1.0,,1,,,,,,4,11/15/2015,11/15/2015,8,0,0,0,8.0,1,8,,,0,0.0,0.0,8,1,2.0,308.0,605.0,695.0,1.0,1.0,1.0,2,1,0.12,,,,,,,,,,,,,,,,,,,,,,,,,,,,,,0,0,1,0,1,1,1,1,1,0,0,0,1,1,0,0,0,0,0,0,0,1,1,0,1,0,0,0,0,1,0,0,0,0,0,,0,0,0,0,0,1,1,1,0,1,0,1,0,0,0,1,,,,,,18-20,16-25,State route,R,Wednesday,Belt Used,PV,Not Fatal,0,1,0,0,State Route,State Patrol,Washington State Patrol,1,1,0,0,0,thc,3.8,carboxy-thc,33.0,,0.0,0.0,2.0,,,,,,,,,,,,,,,,,,,,,,,,,,,,,,,,,,,,98244
1228,2018,282,E827444,6.0,08/05/2018,17:02,5,8,0.0,47,Okanogan,0,1,0.0,1,1,2,1,0,1,1,16:59,17:06,17:25,24,0,0,248.8,1,0,1,3,1,1,3,0,0,0,0,SR-97,,-119.7175361,48.102330556,0,1,1,13,2,60,80,0,0,1,7,24,3,3,2,1,14,1,1,53,0,72,706,2015,0,0.0,63,24.0,,,,,1,1,44,2,7.0,1.0,4,0,5,0,11,5,08/05/2018,18:51,19053034177.0,34177.0,0.0,0.0,0.0,3.0,1,0,0.0,0.0,0.0,96,,,,,,0,,,,,,98840.0,53,65.0,135.0,6.0,1.0,0.0,0.0,0.0,0.0,,0,,,,,,0,,,20,8,0,0,0.0,9,8,,,0,0.0,0.0,8,0,2.0,996.0,,,1.0,,,2,1,0.0,,,,,,,,,,,,,,,,,,,,,,,,,,,,,,0,0,1,0,0,0,1,1,0,0,0,0,0,0,0,0,0,0,0,0,0,0,0,0,0,0,0,0,1,0,0,0,0,0,1,0.0,0,0,0,0,0,0,1,1,0,0,0,0,0,0,1,0,,,,,,41-45,36-45,State route,R,Sunday,,MC,White,0,1,0,0,State Route,State Patrol,Washington State Patrol,1,1,0,0,0,,,,,,0.0,0.0,0.0,,,,,,,,,,,,,,,,,,,,,,,,,,,,,,,,,,,,98812
1229,2018,283,E829010,7.0,08/16/2018,13:25,16,8,0.0,33,King,2310,1,0.0,1,1,2,1,0,1,1,,,,24,0,0,0.2,5,1,1,1,2,1,1,0,0,0,0,I-5 RAMP,,-122.2725444,47.482208333,0,1,1,13,2,98,3,0,0,1,7,1,2,4,2,6,14,1,2,53,0,12,37,2003,0,0.0,63,24.0,1.0,,,,1,1,25,1,2.0,1.0,4,7,20,0,11,0,08/16/2018,13:25,231053036349.0,36349.0,0.0,0.0,3.0,3.0,1,0,0.0,0.0,0.0,96,,,,,,9,,,,,,1060.0,25,64.0,999.0,6.0,1.0,0.0,6.0,3.0,1.0,,0,,,,,,0,05/15/2015,05/15/2016,20,1,9,0,0.0,1,8,,,0,0.0,0.0,8,1,2.0,1.0,,,1.0,,,2,1,0.25,,,,,,,,,,,,,,,,,,,,,,,,,,,,,,0,0,1,0,1,1,0,1,0,0,0,0,0,0,0,0,0,0,0,1,0,0,0,1,1,0,0,0,0,1,0,0,0,1,0,,1,0,0,0,0,1,0,1,0,0,0,0,0,1,0,1,,,,,,21-25,16-25,Interstate,U,Thursday,Not Used,PV,Hispanic,0,1,0,0,State Route,State Patrol,Washington State Patrol,1,1,0,0,0,,,,,,0.0,0.0,4.0,,,,,,,,,,,,,,,,,,,,,,,,,,,,,,,,,,,,98178
1230,2018,284,E829556,2.0,08/09/2018,23:13,9,8,0.0,57,Skagit,0,1,0.0,2,1,2,1,0,6,5,23:07,23:17,23:54,12,0,1,233.4,1,0,1,1,1,1,1,0,0,0,0,I-5,,-122.3392944,48.507869444,0,1,20,50,3,70,34,0,0,1,2,12,1,2,2,3,1,1,2,53,0,20,481,2000,0,0.0,12,,,,,,1,1,20,1,0.0,0.0,1,0,3,0,11,5,,,,,0.0,0.0,0.0,3.0,1,0,0.0,0.0,0.0,93,,,,,,99,,,,,,98274.0,53,69.0,146.0,6.0,1.0,0.0,2.0,1.0,5.0,,23,,,,,,4,10/15/2014,05/15/2018,20,0,0,0,8.0,9,2,,,0,0.0,0.0,0,1,2.0,1.0,,,1.0,,,2,1,0.0,,,,,,,,,,,,,,,,,,,,,,,,,,,,,,0,0,0,0,1,0,0,0,0,0,0,0,1,0,0,0,1,0,0,0,0,1,1,1,1,0,0,0,0,1,0,0,0,0,0,,0,0,0,0,0,0,0,0,1,1,0,0,0,0,0,1,,,,,,18-20,16-25,Interstate,R,Thursday,Belt Used,PV,Not Fatal,0,0,0,0,State Route,State Patrol,Washington State Patrol,0,1,0,0,0,,,,,,0.0,0.0,0.0,,,,,,,,,,,,,,,,,,,,,,,,,,,,,,,,,,,,98233
1231,2018,284,E829556,2.0,08/09/2018,23:13,9,8,0.0,57,Skagit,0,1,0.0,2,1,2,1,0,6,5,23:07,23:17,23:54,12,0,1,233.4,1,0,1,1,1,1,1,0,0,0,0,I-5,,-122.3392944,48.507869444,0,2,21,53,3,70,4,0,0,1,2,12,1,2,2,3,5,1,2,53,0,12,37,2002,0,0.0,12,12.0,,,,,1,1,22,1,7.0,1.0,4,7,3,0,11,0,08/09/2018,23:13,53035503.0,35503.0,0.0,0.0,0.0,3.0,1,0,0.0,0.0,0.0,0,,,,,,99,,,,,,98292.0,53,72.0,130.0,6.0,1.0,0.0,0.0,0.0,0.0,,0,,,,,,0,,,20,0,0,0,0.0,9,8,,,0,0.0,0.0,8,9,2.0,1.0,,,1.0,,,2,1,0.0,,,,,,,,,,,,,,,,,,,,,,,,,,,,,,0,0,0,0,1,0,0,0,0,0,0,0,1,0,0,0,1,0,0,0,0,1,1,1,1,0,0,0,0,1,0,0,0,0,0,,1,0,0,0,0,0,0,0,0,0,0,0,0,0,0,0,,,,,,21-25,16-25,Interstate,R,Thursday,Belt Used,PV,White,0,0,0,0,State Route,State Patrol,Washington State Patrol,0,1,0,0,0,,,,,,0.0,0.0,0.0,,,,,,,,,,,,,,,,,,,,,,,,,,,,,,,,,,,,98233
1232,2018,284,E829556,2.0,08/09/2018,23:13,9,8,0.0,57,Skagit,0,1,0.0,2,1,2,1,0,6,5,23:07,23:17,23:54,12,0,1,233.4,1,0,1,1,1,1,1,0,0,0,0,I-5,,-122.3392944,48.507869444,0,3,98,53,3,70,4,0,0,1,2,12,1,2,2,3,5,1,1,53,0,48,34,2008,0,0.0,12,12.0,,,,,1,1,46,1,0.0,0.0,0,0,3,0,11,0,,,,,0.0,0.0,0.0,3.0,1,0,0.0,0.0,0.0,0,,,,,,0,,,,,,98225.0,53,68.0,170.0,6.0,1.0,0.0,0.0,0.0,0.0,,0,,,,,,0,,,20,0,0,0,8.0,9,8,,,0,0.0,0.0,8,0,8.0,95.0,,,96.0,,,8,95,995.0,,,,,,,,,,,,,,,,,,,,,,,,,,,,,,0,0,0,0,1,0,0,0,0,0,0,0,1,0,0,0,1,0,0,0,0,1,1,1,1,0,0,0,0,1,0,0,0,0,0,,0,0,0,0,0,0,0,0,0,0,0,0,0,0,0,0,,,,,,46-50,46-55,Interstate,R,Thursday,Belt Used,PV,Not Fatal,0,0,0,0,State Route,State Patrol,Washington State Patrol,0,1,0,0,0,,,,,,0.0,0.0,0.0,,,,,,,,,,,,,,,,,,,,,,,,,,,,,,,,,,,,98233
1233,2018,284,E829556,2.0,08/09/2018,23:13,9,8,0.0,57,Skagit,0,1,0.0,2,1,2,1,0,6,5,23:07,23:17,23:54,12,0,1,233.4,1,0,1,1,1,1,1,0,0,0,0,I-5,,-122.3392944,48.507869444,0,4,98,53,3,70,4,0,0,1,2,12,1,2,2,3,5,2,1,53,0,49,45,2001,0,0.0,12,12.0,,,,,1,1,26,1,0.0,0.0,0,0,3,0,11,0,,,,,0.0,0.0,0.0,3.0,1,0,0.0,0.0,0.0,0,,,,,,0,,,,,,98155.0,53,72.0,160.0,6.0,1.0,0.0,0.0,0.0,0.0,,0,,,,,,0,,,99,0,0,0,8.0,9,8,,,0,0.0,0.0,8,0,8.0,95.0,,,96.0,,,8,95,995.0,,,,,,,,,,,,,,,,,,,,,,,,,,,,,,0,0,0,0,1,0,0,0,0,0,0,0,1,0,0,0,1,0,0,0,0,1,1,1,1,0,0,0,0,1,0,0,0,0,0,,0,0,0,0,0,0,0,0,0,0,0,0,0,0,0,0,,,,,,26-30,26-35,Interstate,R,Thursday,Belt Used,PV,Not Fatal,0,0,0,0,State Route,State Patrol,Washington State Patrol,0,1,0,0,0,,,,,,0.0,0.0,0.0,,,,,,,,,,,,,,,,,,,,,,,,,,,,,,,,,,,,98233