,year,case,par,repjur,crash_dt,crash_tm,accday,accmon,holiday,county,co_char,city,weather,weather2,lightcond,surfcond,surftype,numfatal,nmforms,pforms,vforms,not_tm,arr_tm,hosp_tm,fhevent,hitrun,manncol,milepnt,reljunc,reljuncinter,intersectiontype,funcsystem,landuse,ownership,route,schlbus,spejur,contdev,devfunc,trafid1,trafid2,x,y,wk_zone,vnumber,crashtype,criticalevent,criticaleventcat,spdlim,body,trailer,emerg,hazcargo,leave,mhevent,roadalgn,roadprof,traflane,trafflow,vehmanvr,numoccs,regowner,regstate,spuse,make,model,modelyr,vrf1,vrf2,seqevent1,seqevent2,seqevent3,seqevent4,seqevent5,seqevent6,pnumber,ptype,age,sex,hispanic,race,injury,diedscene,restraint,restraintmisuse,seatpos,takehosp,death_dt,death_tm,cert,cernum_wa,commlic,licendor,licrestrict,liccomp,drivpres,drf1,drf2,drf3,drf4,distract1,distract2,distract3,distract4,distract5,distract6,dricond1,dricond2,dricond3,dricond4,dricond5,dricond6,dzip,licstate,drhgt_in,weight,noncdl,noncdltype,prevdwi,prevoth,prevacc,prevspd,prevsus,driviol1,driviol2,driviol3,driviol4,driviol5,driviol6,spdrel,first_dt,last_dt,airbag,ejection,ejectpath,extricat,injurwrk,methalc,methdrug,nmlocat,strikveh,prf1,prf2,prf3,druginv,alcinvol,drugsts,drugres1,drugres2,drugres3,drugtst1,drugtst2,drugtst3,alcsts,alctst,alcres,nmact1,nmact2,nmact3,nmact4,nmact5,nmact6,nmprior1,nmprior2,nmprior3,nmprior4,nmprior5,nmprior6,nmcond1,nmcond2,nmcond3,nmcond4,nmcond5,nmcond6,nmsafe_helmet,nmsafe_pads,nmsafe_oth,nmprev_ref,nmprev_lgt,nmprev_oth,crashlocation,nmcrashtype,crosswalk,schoolzone,sidewalk,train_inv,wildlife_inv,rotr_fars,intersect_fars,dd_inv,aid_inv,dpd_inv,id_inv,mj_inv,impnm_inv,ainm_inv,dpnm_inv,speed_inv,unlic_inv,unendmc_inv,drowsy_inv,drdist_inv,nmdist_inv,fty_inv,unrestfat_inv,dr1617_inv,dr1820_inv,dr1620_inv,dr2125_inv,dr1625_inv,dr65_inv,dr70_inv,dr75_inv,mc_inv,pv_inv,ht_inv,ped_inv,bike_inv,unrest_fat,mc_fat,unhelmet_mc,pv_fat,ht_fat,ped_fat,bike_fat,dr_alc7,dr_alc8,dr_drug,dr_imp,dr_dist,dr_spd,dr_fty,dr_unlic,dr_alc7only,dr_alc8only,dr_drugonly,dr_drink,nm_imp,nm_alc7,nm_alc8,nm_drug,nm_dist,agegrp1,agegrp2,roadclass,urbrur,dayweek,restuse,vehtype,race_me,intersect,lanedep,oppdir,wrongway,rep_typ,investag,repag_long,rotr,st_rd,cty_rd,city_rd,oth_rd,drug_thc,thc_res,drug_cthc,cthc_res,drug_cann,prevpersemin,prevperse,prevsusoth,drugtst4,drugtst5,drugtst6,drugtst7,drugtst8,drugres4,drugres5,drugres6,drugres7,drugres8,adspresent,adsengaged,adslevel,race1,race2,race3,race4,race5,helmet,helmetmisuse,nmdistract1,nmdistract2,nmdistract3,nmdistract4,nmdistract5,nmdistract6,lab,isedtcase,crf1,crf2,crf3,CoRoadName,CoMP,IntCoRoadName,IntCoMP,zipcode
1234,2018,284,E829556,2.0,08/09/2018,23:13,9,8,0.0,57,Skagit,0,1,0.0,2,1,2,1,0,6,5,23:07,23:17,23:54,12,0,1,233.4,1,0,1,1,1,1,1,0,0,0,0,I-5,,-122.3392944,48.507869444,0,5,98,53,3,70,4,0,0,1,5,12,1,2,2,3,5,1,2,95,0,54,35,2006,0,0.0,12,,,,,,1,1,25,8,0.0,0.0,0,0,3,0,11,0,,,,,99.0,9.0,9.0,9.0,1,0,0.0,0.0,0.0,0,,,,,,0,,,,,,0.0,95,,999.0,9.0,9.0,99.0,99.0,99.0,99.0,,0,,,,,,0,,,20,0,0,0,8.0,9,8,,,0,0.0,0.0,8,0,8.0,95.0,,,96.0,,,8,95,995.0,,,,,,,,,,,,,,,,,,,,,,,,,,,,,,0,0,0,0,1,0,0,0,0,0,0,0,1,0,0,0,1,0,0,0,0,1,1,1,1,0,0,0,0,1,0,0,0,0,0,,0,0,0,0,0,0,0,0,0,0,0,0,0,0,0,0,,,,,,21-25,16-25,Interstate,R,Thursday,Belt Used,PV,Not Fatal,0,0,0,0,State Route,State Patrol,Washington State Patrol,0,1,0,0,0,,,,,,99.0,99.0,99.0,,,,,,,,,,,,,,,,,,,,,,,,,,,,,,,,,,,,98233
1235,2018,285,E829957,248.0,08/19/2018,20:24,19,8,0.0,33,King,1830,5,0.0,5,1,2,1,0,3,2,,,,12,0,6,0.0,1,0,1,7,2,4,6,0,0,0,0,SE CARR RD,103RD AVE SE,-122.2053833,47.442366667,0,1,66,6,1,98,4,0,0,1,7,1,1,2,2,1,1,1,2,53,0,19,18,2004,0,0.0,68,68.0,64.0,69.0,68.0,12.0,1,1,33,1,2.0,98.0,4,7,99,0,11,0,08/19/2018,20:24,183053036914.0,36914.0,0.0,0.0,3.0,2.0,1,28,0.0,0.0,0.0,96,,,,,,99,,,,,,98030.0,53,67.0,225.0,1.0,1.0,0.0,2.0,0.0,0.0,,0,,,,,,3,11/15/2016,04/15/2018,8,2,9,0,0.0,9,8,,,0,0.0,0.0,8,9,2.0,605.0,695.0,,1.0,1.0,,2,1,0.13,,,,,,,,,,,,,,,,,,,,,,,,,,,,,,0,0,0,0,1,1,1,1,1,0,0,0,1,1,0,0,0,0,0,0,0,0,0,0,0,0,0,0,0,1,0,0,0,0,0,,1,0,0,0,0,1,1,1,0,1,0,1,0,0,0,1,,,,,,31-35,26-35,City street,U,Sunday,Unknown,PV,Hispanic,0,1,1,0,City Street,Municipal/City Police,Renton Police Department,0,0,0,1,0,thc,79.0,carboxy-thc,190.0,,0.0,0.0,3.0,,,,,,,,,,,,,,,,,,,,,,,,,,,,,,,,,,,,98055
1236,2018,285,E829957,248.0,08/19/2018,20:24,19,8,0.0,33,King,1830,5,0.0,5,1,2,1,0,3,2,,,,12,0,6,0.0,1,0,1,7,2,4,6,0,0,0,0,SE CARR RD,103RD AVE SE,-122.2053833,47.442366667,0,2,66,62,4,35,6,0,0,1,7,12,1,2,2,1,1,2,1,53,0,7,27,2015,0,0.0,12,,,,,,1,1,31,1,0.0,0.0,3,0,3,0,11,8,,,,,0.0,0.0,0.0,3.0,1,0,0.0,0.0,0.0,96,,,,,,99,,,,,,98058.0,53,76.0,215.0,6.0,1.0,0.0,0.0,1.0,1.0,,0,,,,,,0,04/15/2016,07/15/2017,8,0,0,0,8.0,9,8,,,0,0.0,0.0,8,9,8.0,95.0,,,96.0,,,8,95,995.0,,,,,,,,,,,,,,,,,,,,,,,,,,,,,,0,0,0,0,1,1,1,1,1,0,0,0,1,1,0,0,0,0,0,0,0,0,0,0,0,0,0,0,0,1,0,0,0,0,0,,0,0,0,0,0,0,0,0,0,0,0,0,0,0,0,0,,,,,,31-35,26-35,City street,U,Sunday,Belt Used,PV,Not Fatal,0,1,1,0,City Street,Municipal/City Police,Renton Police Department,0,0,0,1,0,,,,,,0.0,0.0,0.0,,,,,,,,,,,,,,,,,,,,,,,,,,,,,,,,,,,,98055
1237,2018,286,E829993,6.0,08/12/2018,6:48,12,8,0.0,7,Chelan,0,1,0.0,4,1,2,1,0,1,1,,,,1,0,0,152.3,1,0,1,3,1,1,3,0,0,0,0,SR-97,,-120.5783472,47.367363889,0,1,1,13,2,60,34,0,0,1,2,1,3,2,2,1,14,1,1,53,0,20,481,2000,0,0.0,63,1.0,,,,,1,1,22,1,1.0,98.0,4,7,3,0,11,0,08/12/2018,6:48,53035250.0,35250.0,0.0,0.0,0.0,3.0,1,0,0.0,0.0,0.0,96,,,,,,99,,,,,,98032.0,53,75.0,180.0,6.0,1.0,0.0,0.0,0.0,2.0,,0,,,,,,0,04/15/2015,05/15/2015,20,0,0,0,0.0,9,8,,,0,0.0,0.0,8,0,2.0,1.0,,,1.0,,,2,1,0.0,,,,,,,,,,,,,,,,,,,,,,,,,,,,,,0,0,1,0,0,0,0,0,0,0,0,0,0,0,0,0,0,0,0,0,0,0,0,1,1,0,0,0,0,1,0,0,0,0,0,,1,0,0,0,0,0,0,0,0,0,0,0,0,0,0,0,,,,,,21-25,16-25,State route,R,Sunday,Belt Used,PV,Hispanic,0,1,0,0,State Route,State Patrol,Washington State Patrol,1,1,0,0,0,,,,,,0.0,0.0,0.0,,,,,,,,,,,,,,,,,,,,,,,,,,,,,,,,,,,,
1238,2018,287,E830098,7.0,08/09/2018,12:19,9,8,0.0,33,King,0,1,0.0,1,1,1,1,0,1,1,,,,43,0,0,17.4,1,0,1,1,2,1,1,0,0,0,0,I-90,,-121.9995417,47.533583333,0,1,6,12,2,70,4,0,0,1,7,2,2,2,3,2,14,1,1,53,0,41,51,2011,0,0.0,64,43.0,67.0,1.0,2.0,,1,1,51,1,6.0,1.0,4,7,99,0,11,0,08/09/2018,12:19,53035235.0,35235.0,0.0,0.0,0.0,3.0,1,0,0.0,0.0,0.0,96,,,,,,99,,,,,,98056.0,53,67.0,175.0,6.0,1.0,0.0,1.0,3.0,3.0,,0,,,,,,0,12/15/2013,11/15/2017,99,0,0,0,0.0,9,8,,,0,0.0,0.0,8,9,2.0,1.0,,,1.0,,,2,1,0.0,,,,,,,,,,,,,,,,,,,,,,,,,,,,,,0,0,1,0,0,0,0,0,0,0,0,0,0,0,0,0,0,0,0,0,0,0,0,0,0,0,0,0,0,1,0,0,0,0,0,,1,0,0,0,0,0,0,0,0,0,0,0,0,0,0,0,,,,,,51-55,46-55,Interstate,U,Thursday,Unknown,PV,Hispanic,0,1,0,0,State Route,State Patrol,Washington State Patrol,1,1,0,0,0,,,,,,0.0,0.0,5.0,,,,,,,,,,,,,,,,,,,,,,,,,,,,,,,,,,,,98029
1239,2018,288,E822181,290.0,07/25/2018,8:46,25,7,0.0,53,Pierce,2230,1,0.0,1,1,2,1,0,2,3,,,,14,0,0,0.0,1,0,1,7,2,4,6,0,0,0,0,TACOMA AVE S,,-122.4392778,47.228752778,0,1,11,11,2,25,4,0,0,1,7,14,1,1,2,1,1,2,2,53,0,30,46,2000,0,0.0,14,68.0,63.0,38.0,14.0,,1,1,36,1,0.0,0.0,0,0,99,0,11,0,,,,,0.0,0.0,0.0,2.0,1,91,0.0,0.0,0.0,93,,,,,,99,,,,,,98387.0,53,69.0,215.0,1.0,1.0,0.0,0.0,0.0,0.0,,2,71.0,,,,,0,06/15/2016,06/15/2016,1,0,0,0,8.0,9,8,,,0,0.0,0.0,8,9,8.0,95.0,,,96.0,,,8,95,995.0,,,,,,,,,,,,,,,,,,,,,,,,,,,,,,0,0,0,0,0,0,0,0,0,0,0,0,0,1,0,0,1,0,0,0,0,0,0,0,0,0,0,0,0,1,0,0,0,0,0,,0,0,0,0,0,0,0,0,1,0,0,1,0,0,0,0,,,,,,36-40,36-45,City street,U,Wednesday,Unknown,PV,Not Fatal,0,1,0,0,City Street,Municipal/City Police,Tacoma Police Department,1,0,0,1,0,,,,,,0.0,0.0,1.0,,,,,,,,,,,,,,,,,,,,,,,,,,,,,,,,,,,,98418
1240,2018,289,3789562,12.0,06/17/2018,2:49,17,6,0.0,7,Chelan,0,1,0.0,2,1,2,1,1,1,1,2:44,2:54,,8,1,0,0.3,1,0,1,5,2,2,6,0,0,0,0,CR-MANSON BLVD,,-120.1675806,47.885569444,0,1,13,80,5,25,4,0,0,1,7,8,2,2,2,1,14,1,2,53,0,20,37,2004,0,0.0,8,,,,,,1,1,21,1,0.0,0.0,0,0,99,0,11,0,,,,,0.0,0.0,0.0,3.0,1,38,0.0,0.0,0.0,17,,,,,,99,,,,,,98831.0,53,68.0,188.0,6.0,1.0,0.0,0.0,1.0,3.0,,7,,,,,,0,09/15/2015,11/15/2017,20,0,0,0,8.0,9,8,,,0,0.0,0.0,8,1,8.0,95.0,,,96.0,,,8,95,995.0,,,,,,,,,,,,,,,,,,,,,,,,,,,,,,0,0,0,0,1,0,0,0,0,0,0,0,0,0,0,0,1,0,1,0,0,0,0,1,1,0,0,0,0,1,0,1,0,0,0,,0,0,0,0,0,0,0,0,1,0,1,0,0,0,0,1,,,,,,21-25,16-25,City street,U,Sunday,Unknown,PV,Not Fatal,0,0,0,0,County Road,County Sheriff,Chelan County Sheriff's Office,0,0,1,0,0,,,,,,0.0,0.0,1.0,,,,,,,,,,,,,,,,,,,,,,,,,,,,,,,,,,,,98831
1241,2018,290,E830051,2.0,08/19/2018,21:20,19,8,0.0,61,Snohomish,0,1,0.0,2,1,7,1,0,4,4,,,,12,0,8,4.8,1,0,1,4,1,1,3,0,0,0,0,SR-530,,-122.1170972,48.205944444,0,1,64,10,2,55,6,0,0,1,7,12,2,1,2,1,14,1,1,53,0,48,45,2013,0,0.0,68,12.0,12.0,12.0,,,1,1,73,2,0.0,0.0,0,0,3,0,11,0,,,,,0.0,0.0,0.0,3.0,1,28,0.0,0.0,0.0,96,,,,,,0,,,,,,98223.0,53,66.0,145.0,6.0,1.0,0.0,0.0,0.0,0.0,,97,,,,,,0,,,20,0,0,0,8.0,9,8,,,0,0.0,0.0,8,0,2.0,1.0,,,1.0,,,2,1,0.0,,,,,,,,,,,,,,,,,,,,,,,,,,,,,,0,0,0,0,1,0,1,1,0,0,0,0,0,0,0,0,0,0,0,1,0,0,0,0,0,1,1,0,0,1,0,0,0,0,0,,0,0,0,0,0,0,0,0,0,0,0,0,0,0,0,0,,,,,,71-75,66-75,State route,R,Sunday,Belt Used,PV,Not Fatal,0,1,1,0,State Route,State Patrol,Washington State Patrol,0,1,0,0,0,,,,,,0.0,0.0,0.0,,,,,,,,,,,,,,,,,,,,,,,,,,,,,,,,,,,,98223
1242,2018,290,E830051,2.0,08/19/2018,21:20,19,8,0.0,61,Snohomish,0,1,0.0,2,1,7,1,0,4,4,,,,12,0,8,4.8,1,0,1,4,1,1,3,0,0,0,0,SR-530,,-122.1170972,48.205944444,0,2,65,62,4,55,14,0,0,1,7,1,3,1,2,1,14,1,1,53,0,2,404,1996,0,0.0,12,1.0,,,,,1,1,58,1,7.0,1.0,4,7,20,0,11,0,08/19/2018,21:20,53036601.0,36601.0,0.0,0.0,0.0,3.0,1,0,0.0,0.0,0.0,96,,,,,,99,,,,,,98043.0,53,68.0,185.0,6.0,1.0,0.0,2.0,0.0,2.0,,0,,,,,,0,06/15/2014,06/15/2017,20,2,9,0,0.0,1,8,,,0,0.0,0.0,8,1,2.0,401.0,417.0,,1.0,1.0,,2,1,0.052,,,,,,,,,,,,,,,,,,,,,,,,,,,,,,0,0,0,0,1,0,1,1,0,0,0,0,0,0,0,0,0,0,0,1,0,0,0,0,0,1,1,0,0,1,0,0,0,1,0,,1,0,0,0,1,0,1,1,0,0,0,0,0,0,0,1,,,,,,56-60,56-65,State route,R,Sunday,Not Used,PV,White,0,1,1,0,State Route,State Patrol,Washington State Patrol,0,1,0,0,0,,,,,,0.0,0.0,1.0,,,,,,,,,,,,,,,,,,,,,,,,,,,,,,,,,,,,98223
1243,2018,290,E830051,2.0,08/19/2018,21:20,19,8,0.0,61,Snohomish,0,1,0.0,2,1,7,1,0,4,4,,,,12,0,8,4.8,1,0,1,4,1,1,3,0,0,0,0,SR-530,,-122.1170972,48.205944444,0,3,98,62,4,55,34,0,0,1,5,12,3,1,2,1,14,1,1,53,0,7,482,2016,0,0.0,12,,,,,,1,1,42,1,0.0,0.0,0,0,3,0,11,0,,,,,0.0,0.0,0.0,3.0,1,0,0.0,0.0,0.0,96,,,,,,0,,,,,,98223.0,53,72.0,175.0,6.0,1.0,0.0,0.0,0.0,3.0,,0,,,,,,0,12/15/2014,03/15/2015,20,0,0,0,8.0,9,8,,,0,0.0,0.0,8,0,8.0,95.0,,,96.0,,,8,95,995.0,,,,,,,,,,,,,,,,,,,,,,,,,,,,,,0,0,0,0,1,0,1,1,0,0,0,0,0,0,0,0,0,0,0,1,0,0,0,0,0,1,1,0,0,1,0,0,0,0,0,,0,0,0,0,0,0,0,0,0,0,0,0,0,0,0,0,,,,,,41-45,36-45,State route,R,Sunday,Belt Used,PV,Not Fatal,0,1,1,0,State Route,State Patrol,Washington State Patrol,0,1,0,0,0,,,,,,0.0,0.0,0.0,,,,,,,,,,,,,,,,,,,,,,,,,,,,,,,,,,,,98223
1244,2018,290,E830051,2.0,08/19/2018,21:20,19,8,0.0,61,Snohomish,0,1,0.0,2,1,7,1,0,4,4,,,,12,0,8,4.8,1,0,1,4,1,1,3,0,0,0,0,SR-530,,-122.1170972,48.205944444,0,4,98,62,4,55,4,0,0,1,5,12,3,1,2,1,14,1,2,53,0,49,40,1997,0,0.0,12,,,,,,1,1,29,2,0.0,0.0,0,0,3,0,11,0,,,,,0.0,0.0,0.0,3.0,1,0,0.0,0.0,0.0,96,,,,,,0,,,,,,98223.0,53,61.0,115.0,6.0,1.0,0.0,0.0,0.0,0.0,,0,,,,,,0,,,20,0,0,0,8.0,9,8,,,0,0.0,0.0,8,0,8.0,95.0,,,96.0,,,8,95,995.0,,,,,,,,,,,,,,,,,,,,,,,,,,,,,,0,0,0,0,1,0,1,1,0,0,0,0,0,0,0,0,0,0,0,1,0,0,0,0,0,1,1,0,0,1,0,0,0,0,0,,0,0,0,0,0,0,0,0,0,0,0,0,0,0,0,0,,,,,,26-30,26-35,State route,R,Sunday,Belt Used,PV,Not Fatal,0,1,1,0,State Route,State Patrol,Washington State Patrol,0,1,0,0,0,,,,,,0.0,0.0,0.0,,,,,,,,,,,,,,,,,,,,,,,,,,,,,,,,,,,,98223
1245,2018,291,E830321,248.0,06/27/2018,13:42,27,6,0.0,33,King,1830,1,0.0,1,1,2,1,0,1,1,,,,31,0,0,23.0,3,0,3,3,2,1,3,0,0,3,3,SR-169,140TH WAY SE,-122.15635,47.468441667,0,1,1,13,2,40,80,0,0,1,7,31,1,1,5,1,1,1,5,53,0,37,706,1994,0,0.0,63,31.0,,,,,1,1,26,8,7.0,1.0,4,0,19,0,11,4,06/27/2018,14:43,196053035039.0,35039.0,0.0,0.0,0.0,2.0,1,0,0.0,0.0,0.0,96,,,,,,99,,,,,,98168.0,53,71.0,230.0,1.0,1.0,0.0,4.0,1.0,0.0,,0,,,,,,3,08/15/2013,05/15/2016,20,8,0,0,0.0,9,8,,,0,0.0,0.0,8,9,2.0,401.0,417.0,,1.0,1.0,,2,1,0.02,,,,,,,,,,,,,,,,,,,,,,,,,,,,,,0,0,1,1,1,0,1,1,0,0,0,0,1,1,1,0,0,0,0,0,0,0,0,0,0,0,0,0,1,0,0,0,0,0,1,0.0,0,0,0,0,1,0,1,1,0,1,0,1,0,0,0,1,,,,,,26-30,26-35,State route,U,Wednesday,,MC,White,1,0,0,0,State Route,Municipal/City Police,Renton Police Department,0,1,0,0,0,,,,,,0.0,0.0,2.0,,,,,,,,,,,,,,,,,,,,,,,,,,,,,,,,,,,,98058
1246,2018,292,E830626,1.0,08/13/2018,7:14,13,8,0.0,71,Walla Walla,0,1,0.0,1,1,2,1,0,6,4,7:13,7:23,7:38,12,0,6,1.6,2,0,2,3,1,1,3,0,0,3,3,SR-125,OLD MILTON HWY,-118.3890222,46.023888889,0,1,88,17,2,55,14,0,0,1,7,12,1,2,6,1,1,1,1,53,0,35,402,2002,0,0.0,12,68.0,12.0,12.0,,,1,1,38,2,0.0,0.0,1,0,3,0,11,4,,,,,0.0,0.0,0.0,3.0,1,38,39.0,0.0,0.0,93,,,,,,0,,,,,,99362.0,53,62.0,140.0,6.0,1.0,0.0,0.0,0.0,0.0,,97,,,,,,0,,,20,0,0,0,8.0,9,2,,,0,0.0,0.0,0,0,8.0,95.0,,,96.0,,,8,95,995.0,,,,,,,,,,,,,,,,,,,,,,,,,,,,,,0,0,0,1,0,0,1,1,1,0,0,0,0,0,0,0,1,0,1,1,0,0,0,1,1,0,0,0,0,1,0,0,0,0,0,,0,0,0,0,0,0,0,0,1,0,1,0,0,0,0,0,,,,,,36-40,36-45,State route,R,Monday,Belt Used,PV,Not Fatal,1,0,0,0,State Route,State Patrol,Washington State Patrol,0,1,0,0,0,,,,,,0.0,0.0,0.0,,,,,,,,,,,,,,,,,,,,,,,,,,,,,,,,,,,,99324
1247,2018,292,E830626,1.0,08/13/2018,7:14,13,8,0.0,71,Walla Walla,0,1,0.0,1,1,2,1,0,6,4,7:13,7:23,7:38,12,0,6,1.6,2,0,2,3,1,1,3,0,0,3,3,SR-125,OLD MILTON HWY,-118.3890222,46.023888889,0,2,98,62,4,40,4,0,0,1,7,12,1,2,6,1,1,1,2,41,0,30,46,2003,0,0.0,12,,,,,,1,1,27,2,0.0,0.0,2,0,3,0,11,4,,,,,0.0,0.0,0.0,3.0,1,0,0.0,0.0,0.0,96,,,,,,0,,,,,,97862.0,41,64.0,190.0,6.0,1.0,0.0,0.0,0.0,0.0,,0,,,,,,0,,,8,0,0,0,8.0,9,8,,,0,0.0,0.0,8,0,8.0,95.0,,,96.0,,,8,95,995.0,,,,,,,,,,,,,,,,,,,,,,,,,,,,,,0,0,0,1,0,0,1,1,1,0,0,0,0,0,0,0,1,0,1,1,0,0,0,1,1,0,0,0,0,1,0,0,0,0,0,,0,0,0,0,0,0,0,0,0,0,0,0,0,0,0,0,,,,,,26-30,26-35,State route,R,Monday,Belt Used,PV,Not Fatal,1,0,0,0,State Route,State Patrol,Washington State Patrol,0,1,0,0,0,,,,,,0.0,0.0,0.0,,,,,,,,,,,,,,,,,,,,,,,,,,,,,,,,,,,,99324
1248,2018,292,E830626,1.0,08/13/2018,7:14,13,8,0.0,71,Walla Walla,0,1,0.0,1,1,2,1,0,6,4,7:13,7:23,7:38,12,0,6,1.6,2,0,2,3,1,1,3,0,0,3,3,SR-125,OLD MILTON HWY,-118.3890222,46.023888889,0,3,98,62,4,55,4,0,0,1,5,12,1,2,6,1,5,1,2,41,0,30,40,2013,0,0.0,12,,,,,,1,1,24,2,0.0,0.0,0,0,3,0,11,0,,,,,0.0,0.0,0.0,3.0,1,0,0.0,0.0,0.0,0,,,,,,0,,,,,,97886.0,41,61.0,109.0,6.0,1.0,0.0,0.0,0.0,2.0,,0,,,,,,0,04/15/2017,10/15/2017,20,0,0,0,8.0,9,8,,,0,0.0,0.0,8,0,8.0,95.0,,,96.0,,,8,95,995.0,,,,,,,,,,,,,,,,,,,,,,,,,,,,,,0,0,0,1,0,0,1,1,1,0,0,0,0,0,0,0,1,0,1,1,0,0,0,1,1,0,0,0,0,1,0,0,0,0,0,,0,0,0,0,0,0,0,0,0,0,0,0,0,0,0,0,,,,,,21-25,16-25,State route,R,Monday,Belt Used,PV,Not Fatal,1,0,0,0,State Route,State Patrol,Washington State Patrol,0,1,0,0,0,,,,,,0.0,0.0,0.0,,,,,,,,,,,,,,,,,,,,,,,,,,,,,,,,,,,,99324
1249,2018,292,E830626,1.0,08/13/2018,7:14,13,8,0.0,71,Walla Walla,0,1,0.0,1,1,2,1,0,6,4,7:13,7:23,7:38,12,0,6,1.6,2,0,2,3,1,1,3,0,0,3,3,SR-125,OLD MILTON HWY,-118.3890222,46.023888889,0,4,89,66,4,55,4,0,0,1,7,12,1,2,4,1,1,3,1,53,0,55,33,2011,0,0.0,12,,,,,,1,1,23,2,6.0,1.0,4,7,20,0,11,0,08/13/2018,7:14,53035950.0,35950.0,0.0,0.0,0.0,3.0,1,0,0.0,0.0,0.0,96,,,,,,0,,,,,,99362.0,53,66.0,180.0,6.0,1.0,0.0,0.0,0.0,2.0,,0,,,,,,0,05/15/2016,04/15/2018,8,1,9,0,0.0,9,8,,,0,0.0,0.0,8,0,2.0,605.0,695.0,,1.0,1.0,,2,1,0.0,,,,,,,,,,,,,,,,,,,,,,,,,,,,,,0,0,0,1,0,0,1,1,1,0,0,0,0,0,0,0,1,0,1,1,0,0,0,1,1,0,0,0,0,1,0,0,0,1,0,,1,0,0,0,0,0,1,1,0,0,0,0,0,0,1,0,,,,,,21-25,16-25,State route,R,Monday,Not Used,PV,Hispanic,1,0,0,0,State Route,State Patrol,Washington State Patrol,0,1,0,0,0,thc,4.7,carboxy-thc,83.0,,0.0,0.0,1.0,,,,,,,,,,,,,,,,,,,,,,,,,,,,,,,,,,,,99324
1250,2018,293,3751258,263.0,06/22/2018,0:26,22,6,0.0,33,King,1960,1,0.0,3,1,1,1,0,5,4,,,,12,0,6,0.0,2,0,2,7,2,4,6,0,0,3,3,NW MARKET ST,15TH AVE NW,-122.3762194,47.668672222,0,1,89,17,2,30,34,0,0,1,7,12,1,1,6,1,1,2,2,53,0,41,471,1998,0,0.0,12,63.0,30.0,,,,1,1,49,1,7.0,1.0,4,7,99,0,11,0,06/22/2018,0:26,196053031282.0,31282.0,0.0,0.0,0.0,2.0,1,39,0.0,0.0,0.0,96,,,,,,99,,,,,,98038.0,53,69.0,190.0,1.0,1.0,0.0,2.0,2.0,0.0,,0,,,,,,0,10/15/2013,08/15/2014,8,0,0,1,0.0,9,8,,,0,0.0,0.0,8,9,2.0,177.0,417.0,,1.0,1.0,,2,1,0.0,,,,,,,,,,,,,,,,,,,,,,,,,,,,,,0,0,0,1,0,0,1,1,0,0,0,0,0,1,0,0,0,0,0,0,0,1,1,1,1,0,0,0,0,1,0,0,0,0,0,,1,0,0,0,0,0,1,1,0,0,0,1,0,0,1,0,,,,,,46-50,46-55,City street,U,Friday,Unknown,PV,White,1,0,0,0,City Street,Municipal/City Police,Seattle Police Department,0,0,0,1,0,,,,,,0.0,0.0,0.0,,,,,,,,,,,,,,,,,,,,,,,,,,,,,,,,,,,,98107
1251,2018,293,3751258,263.0,06/22/2018,0:26,22,6,0.0,33,King,1960,1,0.0,3,1,1,1,0,5,4,,,,12,0,6,0.0,2,0,2,7,2,4,6,0,0,3,3,NW MARKET ST,15TH AVE NW,-122.3762194,47.668672222,0,2,88,66,4,30,14,0,0,1,7,12,1,1,7,1,1,1,2,53,0,49,402,2016,0,0.0,12,12.0,,,,,1,1,21,1,0.0,0.0,1,0,99,0,11,4,,,,,0.0,0.0,0.0,3.0,1,0,0.0,0.0,0.0,96,,,,,,0,,,,,,99224.0,53,72.0,190.0,6.0,1.0,0.0,0.0,0.0,2.0,,0,,,,,,0,09/15/2014,11/15/2014,8,0,0,0,8.0,9,8,,,0,0.0,0.0,8,0,8.0,95.0,,,96.0,,,8,95,995.0,,,,,,,,,,,,,,,,,,,,,,,,,,,,,,0,0,0,1,0,0,1,1,0,0,0,0,0,1,0,0,0,0,0,0,0,1,1,1,1,0,0,0,0,1,0,0,0,0,0,,0,0,0,0,0,0,0,0,0,0,0,0,0,0,0,0,,,,,,21-25,16-25,City street,U,Friday,Unknown,PV,Not Fatal,1,0,0,0,City Street,Municipal/City Police,Seattle Police Department,0,0,0,1,0,,,,,,0.0,0.0,0.0,,,,,,,,,,,,,,,,,,,,,,,,,,,,,,,,,,,,98107