,year,case,par,repjur,crash_dt,crash_tm,accday,accmon,holiday,county,co_char,city,weather,weather2,lightcond,surfcond,surftype,numfatal,nmforms,pforms,vforms,not_tm,arr_tm,hosp_tm,fhevent,hitrun,manncol,milepnt,reljunc,reljuncinter,intersectiontype,funcsystem,landuse,ownership,route,schlbus,spejur,contdev,devfunc,trafid1,trafid2,x,y,wk_zone,vnumber,crashtype,criticalevent,criticaleventcat,spdlim,body,trailer,emerg,hazcargo,leave,mhevent,roadalgn,roadprof,traflane,trafflow,vehmanvr,numoccs,regowner,regstate,spuse,make,model,modelyr,vrf1,vrf2,seqevent1,seqevent2,seqevent3,seqevent4,seqevent5,seqevent6,pnumber,ptype,age,sex,hispanic,race,injury,diedscene,restraint,restraintmisuse,seatpos,takehosp,death_dt,death_tm,cert,cernum_wa,commlic,licendor,licrestrict,liccomp,drivpres,drf1,drf2,drf3,drf4,distract1,distract2,distract3,distract4,distract5,distract6,dricond1,dricond2,dricond3,dricond4,dricond5,dricond6,dzip,licstate,drhgt_in,weight,noncdl,noncdltype,prevdwi,prevoth,prevacc,prevspd,prevsus,driviol1,driviol2,driviol3,driviol4,driviol5,driviol6,spdrel,first_dt,last_dt,airbag,ejection,ejectpath,extricat,injurwrk,methalc,methdrug,nmlocat,strikveh,prf1,prf2,prf3,druginv,alcinvol,drugsts,drugres1,drugres2,drugres3,drugtst1,drugtst2,drugtst3,alcsts,alctst,alcres,nmact1,nmact2,nmact3,nmact4,nmact5,nmact6,nmprior1,nmprior2,nmprior3,nmprior4,nmprior5,nmprior6,nmcond1,nmcond2,nmcond3,nmcond4,nmcond5,nmcond6,nmsafe_helmet,nmsafe_pads,nmsafe_oth,nmprev_ref,nmprev_lgt,nmprev_oth,crashlocation,nmcrashtype,crosswalk,schoolzone,sidewalk,train_inv,wildlife_inv,rotr_fars,intersect_fars,dd_inv,aid_inv,dpd_inv,id_inv,mj_inv,impnm_inv,ainm_inv,dpnm_inv,speed_inv,unlic_inv,unendmc_inv,drowsy_inv,drdist_inv,nmdist_inv,fty_inv,unrestfat_inv,dr1617_inv,dr1820_inv,dr1620_inv,dr2125_inv,dr1625_inv,dr65_inv,dr70_inv,dr75_inv,mc_inv,pv_inv,ht_inv,ped_inv,bike_inv,unrest_fat,mc_fat,unhelmet_mc,pv_fat,ht_fat,ped_fat,bike_fat,dr_alc7,dr_alc8,dr_drug,dr_imp,dr_dist,dr_spd,dr_fty,dr_unlic,dr_alc7only,dr_alc8only,dr_drugonly,dr_drink,nm_imp,nm_alc7,nm_alc8,nm_drug,nm_dist,agegrp1,agegrp2,roadclass,urbrur,dayweek,restuse,vehtype,race_me,intersect,lanedep,oppdir,wrongway,rep_typ,investag,repag_long,rotr,st_rd,cty_rd,city_rd,oth_rd,drug_thc,thc_res,drug_cthc,cthc_res,drug_cann,prevpersemin,prevperse,prevsusoth,drugtst4,drugtst5,drugtst6,drugtst7,drugtst8,drugres4,drugres5,drugres6,drugres7,drugres8,adspresent,adsengaged,adslevel,race1,race2,race3,race4,race5,helmet,helmetmisuse,nmdistract1,nmdistract2,nmdistract3,nmdistract4,nmdistract5,nmdistract6,lab,isedtcase,crf1,crf2,crf3,CoRoadName,CoMP,IntCoRoadName,IntCoMP,zipcode
1252,2018,293,3751258,263.0,06/22/2018,0:26,22,6,0.0,33,King,1960,1,0.0,3,1,1,1,0,5,4,,,,12,0,6,0.0,2,0,2,7,2,4,6,0,0,3,3,NW MARKET ST,15TH AVE NW,-122.3762194,47.668672222,0,3,98,66,4,30,4,0,0,1,7,12,1,1,7,1,1,1,1,53,0,55,33,2015,0,0.0,12,12.0,,,,,1,1,34,2,0.0,0.0,1,0,99,0,11,0,,,,,0.0,0.0,3.0,3.0,1,0,0.0,0.0,0.0,96,,,,,,0,,,,,,98199.0,53,61.0,140.0,6.0,1.0,0.0,0.0,0.0,0.0,,0,,,,,,0,,,1,0,0,0,8.0,9,8,,,0,0.0,0.0,8,0,8.0,95.0,,,96.0,,,8,95,995.0,,,,,,,,,,,,,,,,,,,,,,,,,,,,,,0,0,0,1,0,0,1,1,0,0,0,0,0,1,0,0,0,0,0,0,0,1,1,1,1,0,0,0,0,1,0,0,0,0,0,,0,0,0,0,0,0,0,0,0,0,0,0,0,0,0,0,,,,,,31-35,26-35,City street,U,Friday,Unknown,PV,Not Fatal,1,0,0,0,City Street,Municipal/City Police,Seattle Police Department,0,0,0,1,0,,,,,,0.0,0.0,0.0,,,,,,,,,,,,,,,,,,,,,,,,,,,,,,,,,,,,98107
1253,2018,293,3751258,263.0,06/22/2018,0:26,22,6,0.0,33,King,1960,1,0.0,3,1,1,1,0,5,4,,,,12,0,6,0.0,2,0,2,7,2,4,6,0,0,3,3,NW MARKET ST,15TH AVE NW,-122.3762194,47.668672222,0,4,98,62,4,30,6,0,0,1,5,12,1,1,7,1,5,1,2,53,0,51,43,1998,0,0.0,12,,,,,,1,1,20,2,0.0,0.0,0,0,99,0,11,0,,,,,0.0,0.0,0.0,3.0,1,0,0.0,0.0,0.0,96,,,,,,0,,,,,,98198.0,53,63.0,120.0,6.0,1.0,0.0,1.0,1.0,1.0,,0,,,,,,0,07/15/2014,01/15/2015,20,0,0,0,8.0,9,8,,,0,0.0,0.0,8,0,8.0,95.0,,,96.0,,,8,95,995.0,,,,,,,,,,,,,,,,,,,,,,,,,,,,,,0,0,0,1,0,0,1,1,0,0,0,0,0,1,0,0,0,0,0,0,0,1,1,1,1,0,0,0,0,1,0,0,0,0,0,,0,0,0,0,0,0,0,0,0,0,0,0,0,0,0,0,,,,,,18-20,16-25,City street,U,Friday,Unknown,PV,Not Fatal,1,0,0,0,City Street,Municipal/City Police,Seattle Police Department,0,0,0,1,0,,,,,,0.0,0.0,0.0,,,,,,,,,,,,,,,,,,,,,,,,,,,,,,,,,,,,98107
1254,2018,295,E834139,6.0,07/27/2018,5:54,27,7,0.0,37,Kittitas,0,1,0.0,1,1,1,2,0,2,1,6:13,6:17,,1,0,0,85.2,1,0,1,1,1,1,1,0,0,0,0,I-90,,-120.8775694,47.166125,0,1,2,12,2,70,14,0,0,1,2,1,3,2,2,2,14,2,1,53,0,12,401,2000,0,0.0,64,69.0,63.0,1.0,,,1,1,75,2,7.0,1.0,4,7,3,0,11,0,07/27/2018,5:54,53033579.0,33579.0,0.0,0.0,0.0,3.0,1,58,0.0,0.0,0.0,96,,,,,,0,,,,,,98926.0,53,63.0,75.0,6.0,1.0,0.0,0.0,0.0,0.0,,0,,,,,,0,,,20,2,9,0,0.0,9,8,,,0,0.0,0.0,8,0,2.0,1.0,,,1.0,,,2,1,0.0,,,,,,,,,,,,,,,,,,,,,,,,,,,,,,0,0,0,0,0,0,0,0,0,0,0,0,0,0,0,0,0,0,0,0,0,0,0,0,0,1,1,1,0,1,0,0,0,0,0,,1,0,0,0,0,0,0,0,0,0,0,0,0,0,0,0,,,,,,71-75,66-75,Interstate,R,Friday,Belt Used,PV,White,0,0,0,0,State Route,State Patrol,Washington State Patrol,0,1,0,0,0,,,,,,0.0,0.0,0.0,,,,,,,,,,,,,,,,,,,,,,,,,,,,,,,,,,,,
1255,2018,296,E829235,248.0,08/18/2018,0:10,18,8,0.0,33,King,1830,1,0.0,3,1,2,1,1,2,1,,,,8,0,0,5.2,3,0,2,3,2,1,3,0,0,3,3,SR-900,NE 12TH ST,-122.1774139,47.503094444,0,1,13,80,5,35,2,0,0,1,7,8,1,1,4,1,1,2,2,53,0,22,9,1967,0,0.0,8,,,,,,1,1,21,1,0.0,0.0,0,0,3,0,11,0,,,,,0.0,0.0,3.0,3.0,1,0,0.0,0.0,0.0,96,,,,,,0,,,,,,98056.0,53,69.0,145.0,6.0,1.0,0.0,1.0,0.0,1.0,,0,,,,,,0,11/15/2014,02/15/2015,20,0,0,0,8.0,9,8,,,0,0.0,0.0,8,0,8.0,95.0,,,96.0,,,8,95,995.0,,,,,,,,,,,,,,,,,,,,,,,,,,,,,,0,0,0,1,0,0,0,0,0,1,1,0,0,0,0,0,0,0,0,0,0,0,0,1,1,0,0,0,0,1,0,1,0,0,0,,0,0,0,0,0,0,0,0,0,0,0,0,0,0,0,0,,,,,,21-25,16-25,State route,U,Saturday,Belt Used,PV,Not Fatal,1,0,0,0,State Route,Municipal/City Police,Renton Police Department,0,1,0,0,0,,,,,,0.0,0.0,0.0,,,,,,,,,,,,,,,,,,,,,,,,,,,,,,,,,,,,98056
1256,2018,297,E833846,6.0,08/27/2018,13:16,27,8,0.0,37,Kittitas,0,1,0.0,1,1,2,1,0,6,2,13:15,13:21,15:05,1,0,0,2.1,1,0,1,3,1,1,3,0,0,0,0,SR-970,,-120.8662944,47.177691667,0,1,6,12,2,55,14,0,0,1,2,1,1,1,2,1,6,5,1,53,0,41,402,2001,0,0.0,68,64.0,1.0,12.0,,,1,1,51,1,0.0,0.0,2,0,3,0,11,2,,,,,0.0,0.0,0.0,3.0,1,91,0.0,0.0,0.0,96,,,,,,99,,,,,,98103.0,53,72.0,230.0,6.0,1.0,0.0,2.0,1.0,0.0,,1,,,,,,0,01/15/2015,06/15/2017,20,0,0,0,8.0,9,8,,,0,0.0,0.0,8,9,2.0,605.0,695.0,996.0,1.0,1.0,1.0,2,1,0.0,,,,,,,,,,,,,,,,,,,,,,,,,,,,,,0,0,1,0,0,0,1,1,1,0,0,0,0,0,0,0,0,0,0,1,0,0,0,0,0,0,0,0,0,1,0,0,0,0,0,,0,0,0,0,0,0,1,1,0,0,0,0,0,0,1,0,,,,,,51-55,46-55,State route,R,Monday,Belt Used,PV,Not Fatal,0,1,0,0,State Route,State Patrol,Washington State Patrol Headquarter,1,1,0,0,0,thc,2.9,carboxy-thc,39.0,,0.0,0.0,0.0,1.0,,,,,996.0,,,,,,,,,,,,,,,,,,,,,,,,,,,,,,
1257,2018,297,E833846,6.0,08/27/2018,13:16,27,8,0.0,37,Kittitas,0,1,0.0,1,0,0,1,0,6,2,13:15,13:21,15:05,1,0,0,2.1,1,0,1,3,1,1,3,0,0,0,0,SR-970,,-120.8662944,47.177691667,0,2,98,62,4,0,34,0,0,1,5,12,0,0,0,0,5,1,1,53,0,49,482,2005,0,0.0,12,,,,,,1,1,60,1,0.0,0.0,0,0,3,0,11,0,,,,,0.0,0.0,0.0,3.0,1,0,0.0,0.0,0.0,0,,,,,,0,,,,,,99114.0,53,71.0,195.0,6.0,1.0,0.0,0.0,0.0,0.0,,0,,,,,,0,,,20,0,0,0,8.0,9,8,,,0,0.0,0.0,8,0,8.0,95.0,,,96.0,,,8,95,995.0,,,,,,,,,,,,,,,,,,,,,,,,,,,,,,0,0,1,0,0,0,1,1,1,0,0,0,0,0,0,0,0,0,0,1,0,0,0,0,0,0,0,0,0,1,0,0,0,0,0,,0,0,0,0,0,0,0,0,0,0,0,0,0,0,0,0,,,,,,56-60,56-65,State route,R,Monday,Belt Used,PV,Not Fatal,0,1,0,0,State Route,State Patrol,Washington State Patrol Headquarter,1,1,0,0,0,,,,,,0.0,0.0,0.0,,,,,,,,,,,,,,,,,,,,,,,,,,,,,,,,,,,,
1258,2018,298,E833892,21.0,08/10/2018,0:25,10,8,0.0,25,Grant,0,1,0.0,2,1,7,1,1,2,2,0:44,1:07,,8,1,0,4.4,1,0,1,6,1,2,4,0,0,0,0,CR-ROAD 9 NW,,-119.6847222,47.220230556,0,1,13,80,5,55,99,0,0,1,5,8,1,1,2,1,1,99,9,99,0,99,999,9999,0,0.0,8,,,,,,1,1,999,8,0.0,0.0,0,0,99,0,11,0,,,,,99.0,9.0,9.0,9.0,1,0,0.0,0.0,0.0,96,,,,,,99,,,,,,99999.0,99,,999.0,9.0,9.0,99.0,99.0,99.0,99.0,,0,,,,,,0,,,99,9,0,0,8.0,9,8,,,0,0.0,0.0,8,9,0.0,0.0,,,0.0,,,0,0,996.0,,,,,,,,,,,,,,,,,,,,,,,,,,,,,,0,0,0,0,0,0,0,0,0,1,1,1,0,0,0,0,1,0,0,0,0,0,0,0,0,0,0,0,0,1,0,1,0,0,0,,0,0,0,0,0,0,0,0,0,0,0,0,0,0,0,0,,,,,,,,County road,R,Friday,,NR-U,Not Fatal,0,0,0,0,County Road,County Sheriff,Grant County Sheriff's Office,0,0,1,0,0,,,,,,99.0,99.0,99.0,,,,,,,,,,,,,,,,,,,,,,,,,,,,,,,,,,,,
1259,2018,298,E833892,21.0,08/10/2018,0:25,10,8,0.0,25,Grant,0,1,0.0,2,1,7,1,1,2,2,0:44,1:07,,8,0,0,4.4,1,0,1,6,1,2,4,0,0,0,0,CR-ROAD 9 NW,,-119.6847222,47.220230556,0,2,98,80,5,55,4,0,0,1,5,8,1,1,2,1,1,1,1,53,0,12,37,2000,0,0.0,8,,,,,,1,1,30,2,0.0,0.0,0,0,3,0,11,0,,,,,0.0,0.0,3.0,3.0,1,0,0.0,0.0,0.0,15,,,,,,0,,,,,,98823.0,53,62.0,180.0,6.0,8.0,0.0,1.0,1.0,0.0,,0,,,,,,0,06/15/2014,06/15/2018,20,0,0,0,8.0,9,8,,,0,0.0,0.0,8,0,8.0,95.0,,,96.0,,,8,95,995.0,,,,,,,,,,,,,,,,,,,,,,,,,,,,,,0,0,0,0,0,0,0,0,0,1,1,1,0,0,0,0,1,0,0,0,0,0,0,0,0,0,0,0,0,1,0,1,0,0,0,,0,0,0,0,0,0,0,0,1,0,0,0,0,0,0,0,,,,,,26-30,26-35,County road,R,Friday,Belt Used,PV,Not Fatal,0,0,0,0,County Road,County Sheriff,Grant County Sheriff's Office,0,0,1,0,0,,,,,,0.0,0.0,2.0,,,,,,,,,,,,,,,,,,,,,,,,,,,,,,,,,,,,
1260,2018,299,E822515,290.0,07/28/2018,23:32,28,7,0.0,53,Pierce,2230,1,0.0,3,1,2,1,0,4,2,,,,12,0,6,56.7,2,0,2,3,2,1,3,0,0,0,0,SR-7,S 43RD ST,-122.4340333,47.218347222,0,1,69,17,2,35,80,0,0,1,7,12,1,1,4,1,1,1,1,39,0,37,705,2013,0,0.0,12,,,,,,1,1,47,1,7.0,1.0,4,0,19,0,11,4,08/07/2018,15:42,223053034842.0,34842.0,0.0,0.0,0.0,2.0,1,0,0.0,0.0,0.0,96,,,,,,99,,,,,,98418.0,53,71.0,180.0,6.0,1.0,0.0,0.0,0.0,0.0,,0,,,,,,4,,,20,8,0,0,0.0,9,8,,,0,0.0,0.0,8,9,8.0,95.0,,,96.0,,,8,95,995.0,,,,,,,,,,,,,,,,,,,,,,,,,,,,,,0,0,0,1,0,0,0,0,0,0,0,0,1,0,1,0,0,0,0,0,1,0,1,0,1,0,0,0,1,1,0,0,0,0,1,0.0,0,0,0,0,0,0,0,0,0,1,0,0,0,0,0,0,,,,,,46-50,46-55,State route,U,Saturday,,MC,White,1,0,0,0,State Route,Municipal/City Police,Tacoma Police Department,0,1,0,0,0,,,,,,0.0,0.0,0.0,,,,,,,,,,,,,,,,,,,,,,,,,,,,,,,,,,,,98418
1261,2018,299,E822515,290.0,07/28/2018,23:32,28,7,0.0,53,Pierce,2230,1,0.0,3,1,2,1,0,4,2,,,,12,0,6,56.7,2,0,2,3,2,1,3,0,0,0,0,SR-7,S 43RD ST,-122.4340333,47.218347222,0,2,68,61,4,35,20,0,0,1,7,12,1,1,4,1,11,3,2,53,0,37,441,2002,0,0.0,12,,,,,,1,1,17,2,0.0,0.0,0,0,3,0,11,0,,,,,0.0,0.0,3.0,3.0,1,10,0.0,0.0,0.0,96,,,,,,0,,,,,,98168.0,53,60.0,100.0,6.0,2.0,0.0,0.0,0.0,0.0,,0,,,,,,0,,,1,0,0,0,8.0,9,8,,,0,0.0,0.0,8,0,8.0,95.0,,,96.0,,,8,95,995.0,,,,,,,,,,,,,,,,,,,,,,,,,,,,,,0,0,0,1,0,0,0,0,0,0,0,0,1,0,1,0,0,0,0,0,1,0,1,0,1,0,0,0,1,1,0,0,0,0,0,,0,0,0,0,0,0,0,0,0,0,0,0,0,0,0,0,,,,,,16-17,16-25,State route,U,Saturday,Belt Used,PV,Not Fatal,1,0,0,0,State Route,Municipal/City Police,Tacoma Police Department,0,1,0,0,0,,,,,,0.0,0.0,0.0,,,,,,,,,,,,,,,,,,,,,,,,,,,,,,,,,,,,98418
1262,2018,301,E834316,3.0,08/18/2018,13:00,18,8,0.0,69,Wahkiakum,290,1,0.0,1,1,2,2,0,5,3,12:52,13:00,13:34,12,0,8,35.1,1,0,1,3,1,1,3,0,0,0,0,SR-4,,-123.3878028,46.208769444,0,1,64,10,2,50,34,0,0,1,7,12,2,2,2,1,14,1,1,53,0,7,482,2014,0,0.0,68,12.0,,,,,1,1,22,1,0.0,0.0,0,0,3,0,11,0,,,,,0.0,0.0,0.0,2.0,1,28,91.0,0.0,0.0,96,,,,,,2,,,,,,98632.0,53,75.0,248.0,6.0,1.0,0.0,0.0,0.0,3.0,,2,,,,,,0,11/15/2015,03/15/2018,7,0,0,0,8.0,9,8,,,0,0.0,0.0,8,0,2.0,1.0,,,1.0,,,2,1,0.0,,,,,,,,,,,,,,,,,,,,,,,,,,,,,,0,0,0,0,0,0,0,0,0,0,0,0,0,0,0,1,0,0,0,0,0,0,0,1,1,0,0,0,1,1,0,0,0,0,0,,0,0,0,0,0,0,0,0,0,0,0,0,0,0,0,0,,,,,,21-25,16-25,State route,R,Saturday,Belt Used,PV,Not Fatal,0,1,1,0,State Route,State Patrol,WASHINGTON STATE PATROL,0,1,0,0,0,,,,,,0.0,0.0,0.0,,,,,,,,,,,,,,,,,,,,,,,,,,,,,,,,,,,,98612
1263,2018,301,E834316,3.0,08/18/2018,13:00,18,8,0.0,69,Wahkiakum,290,1,0.0,1,1,2,2,0,5,3,12:52,13:00,13:34,12,0,8,35.1,1,0,1,3,1,1,3,0,0,0,0,SR-4,,-123.3878028,46.208769444,0,2,65,62,4,50,80,0,0,1,2,12,3,2,2,1,14,2,1,53,0,72,706,2016,0,0.0,12,63.0,24.0,,,,1,1,58,1,7.0,1.0,4,7,5,0,11,0,08/18/2018,13:00,29053036795.0,36795.0,0.0,0.0,0.0,3.0,1,0,0.0,0.0,0.0,96,,,,,,0,,,,,,98682.0,53,73.0,195.0,6.0,1.0,0.0,0.0,0.0,1.0,,0,,,,,,0,11/15/2014,11/15/2014,20,8,0,0,0.0,9,8,,,0,0.0,0.0,8,0,2.0,1.0,,,1.0,,,2,1,0.0,,,,,,,,,,,,,,,,,,,,,,,,,,,,,,0,0,0,0,0,0,0,0,0,0,0,0,0,0,0,1,0,0,0,0,0,0,0,1,1,0,0,0,1,1,0,0,0,0,1,0.0,0,0,0,0,0,0,0,0,0,0,0,0,0,0,0,0,,,,,,56-60,56-65,State route,R,Saturday,,MC,White,0,1,1,0,State Route,State Patrol,WASHINGTON STATE PATROL,0,1,0,0,0,,,,,,0.0,0.0,0.0,,,,,,,,,,,,,,,,,,,,,,,,,,,,,,,,,,,,98612
1264,2018,301,E834316,3.0,08/18/2018,13:00,18,8,0.0,69,Wahkiakum,290,1,0.0,1,1,2,2,0,5,3,12:52,13:00,13:34,12,0,8,35.1,1,0,1,3,1,1,3,0,0,0,0,SR-4,,-123.3878028,46.208769444,0,3,98,98,7,50,80,0,0,1,2,39,3,2,2,1,14,2,1,53,0,72,706,2015,0,0.0,1,68.0,39.0,,,,1,1,56,1,0.0,0.0,3,0,5,0,11,1,,,,,0.0,0.0,0.0,3.0,1,0,0.0,0.0,0.0,96,,,,,,0,,,,,,98382.0,53,71.0,195.0,6.0,1.0,0.0,0.0,0.0,0.0,,0,,,,,,0,,,20,8,0,0,8.0,9,8,,,0,0.0,0.0,8,0,8.0,95.0,,,96.0,,,8,95,995.0,,,,,,,,,,,,,,,,,,,,,,,,,,,,,,0,0,0,0,0,0,0,0,0,0,0,0,0,0,0,1,0,0,0,0,0,0,0,1,1,0,0,0,1,1,0,0,0,0,0,0.0,0,0,0,0,0,0,0,0,0,0,0,0,0,0,0,0,,,,,,56-60,56-65,State route,R,Saturday,,MC,Not Fatal,0,1,1,0,State Route,State Patrol,WASHINGTON STATE PATROL,0,1,0,0,0,,,,,,0.0,0.0,0.0,,,,,,,,,,,,,,,,,,,,,,,,,,,,,,,,,,,,98612
1265,2018,302,E834659,146.0,08/27/2018,10:54,27,8,0.0,77,Yakima,0,1,0.0,1,1,2,1,0,3,2,11:00,11:25,11:45,12,0,6,7.3,2,0,2,5,1,2,4,0,3,20,3,CR-FORT RD,LATERAL RD A,-120.4811556,46.37535,0,1,87,17,2,55,14,0,0,1,7,12,1,1,2,1,1,2,2,53,0,2,405,2005,0,0.0,12,,,,,,1,1,15,2,0.0,0.0,3,0,3,0,11,5,,,,,0.0,0.0,0.0,0.0,1,38,0.0,0.0,0.0,96,,,,,,0,,,,,,98951.0,53,62.0,150.0,0.0,0.0,0.0,0.0,0.0,0.0,,97,,,,,,0,,,20,0,0,0,8.0,9,8,,,0,0.0,0.0,8,0,8.0,95.0,,,96.0,,,8,95,995.0,,,,,,,,,,,,,,,,,,,,,,,,,,,,,,0,0,0,1,0,0,0,0,0,0,0,0,0,1,0,0,0,0,1,0,0,0,0,1,1,0,0,0,0,1,1,0,0,0,0,,0,0,0,0,0,0,0,0,0,0,1,1,0,0,0,0,,,,,,10-15,0-15,County road,R,Monday,Belt Used,PV,Not Fatal,1,0,0,0,County Road,County Sheriff,Yakima County Sheriff's Office,0,0,1,0,0,,,,,,0.0,0.0,0.0,,,,,,,,,,,,,,,,,,,,,,,,,,,,,,,,,,,,98951
1266,2018,302,E834659,146.0,08/27/2018,10:54,27,8,0.0,77,Yakima,0,1,0.0,1,1,2,1,0,3,2,11:00,11:25,11:45,12,0,6,7.3,2,0,2,5,1,2,4,0,3,0,0,CR-FORT RD,LATERAL RD A,-120.4811556,46.37535,0,2,86,66,4,55,63,0,0,1,7,12,1,1,2,1,1,1,3,53,0,82,881,2005,0,0.0,12,,,,,,1,1,25,1,0.0,0.0,0,0,3,0,11,0,,,,,0.0,0.0,0.0,2.0,1,0,0.0,0.0,0.0,96,,,,,,0,,,,,,98952.0,53,75.0,180.0,6.0,1.0,0.0,0.0,1.0,0.0,,97,,,,,,0,03/15/2015,03/15/2015,20,0,0,0,8.0,9,8,,,0,0.0,0.0,8,0,8.0,95.0,,,96.0,,,8,95,995.0,,,,,,,,,,,,,,,,,,,,,,,,,,,,,,0,0,0,1,0,0,0,0,0,0,0,0,0,1,0,0,0,0,1,0,0,0,0,1,1,0,0,0,0,1,1,0,0,0,0,,0,0,0,0,0,0,0,0,0,0,0,0,0,0,0,0,,,,,,21-25,16-25,County road,R,Monday,,MHTRUCK,Not Fatal,1,0,0,0,County Road,County Sheriff,Yakima County Sheriff's Office,0,0,1,0,0,,,,,,0.0,0.0,0.0,,,,,,,,,,,,,,,,,,,,,,,,,,,,,,,,,,,,98951
1267,2018,303,E834660,146.0,08/31/2018,5:30,31,8,0.0,77,Yakima,0,1,0.0,4,1,2,1,0,2,2,,,,12,1,6,4.1,2,0,2,5,1,2,4,0,0,20,3,CR-INDEPENDENCE RD,MAPLE GROVE RD,-120.041,46.374691667,0,1,86,17,2,50,2,0,0,1,7,12,1,1,2,1,1,1,2,53,0,12,3,2004,0,0.0,12,,,,,,1,1,39,1,0.0,0.0,1,0,3,0,11,8,,,,,99.0,9.0,9.0,9.0,1,38,39.0,0.0,0.0,10,,,,,,0,,,,,,98944.0,99,,999.0,9.0,9.0,99.0,99.0,99.0,99.0,,1,7.0,,,,,0,,,8,0,0,0,8.0,9,8,,,0,0.0,0.0,8,0,8.0,95.0,,,96.0,,,8,95,995.0,,,,,,,,,,,,,,,,,,,,,,,,,,,,,,0,0,0,1,0,0,0,0,0,0,0,0,0,0,0,0,1,0,1,0,0,0,0,0,0,0,0,0,0,1,0,0,0,0,0,,0,0,0,0,0,0,0,0,1,0,1,0,0,0,0,0,,,,,,36-40,36-45,County road,R,Friday,Belt Used,PV,Not Fatal,1,0,0,0,County Road,County Sheriff,Yakima County Sheriff's Office,0,0,1,0,0,,,,,,99.0,99.0,99.0,,,,,,,,,,,,,,,,,,,,,,,,,,,,,,,,,,,,98944
1268,2018,303,E834660,146.0,08/31/2018,5:30,31,8,0.0,77,Yakima,0,1,0.0,4,1,2,1,0,2,2,,,,12,0,6,4.1,2,0,2,5,1,2,4,0,0,0,0,CR-INDEPENDENCE RD,MAPLE GROVE RD,-120.041,46.374691667,0,2,87,66,4,50,2,0,0,1,7,12,1,1,2,1,1,1,1,53,0,37,31,2001,0,0.0,12,,,,,,1,1,43,1,1.0,98.0,4,0,3,0,11,4,08/31/2018,5:30,222053038972.0,38972.0,0.0,0.0,0.0,3.0,1,0,0.0,0.0,0.0,96,,,,,,0,,,,,,98903.0,53,65.0,182.0,6.0,1.0,0.0,0.0,0.0,0.0,,0,,,,,,0,,,8,0,0,0,0.0,9,8,,,0,0.0,0.0,8,0,8.0,95.0,,,96.0,,,8,95,995.0,,,,,,,,,,,,,,,,,,,,,,,,,,,,,,0,0,0,1,0,0,0,0,0,0,0,0,0,0,0,0,1,0,1,0,0,0,0,0,0,0,0,0,0,1,0,0,0,0,0,,1,0,0,0,0,0,0,0,0,0,0,0,0,0,0,0,,,,,,41-45,36-45,County road,R,Friday,Belt Used,PV,Hispanic,1,0,0,0,County Road,County Sheriff,Yakima County Sheriff's Office,0,0,1,0,0,,,,,,0.0,0.0,0.0,,,,,,,,,,,,,,,,,,,,,,,,,,,,,,,,,,,,98944
1269,2018,304,E835071,2.0,09/04/2018,19:18,4,9,0.0,73,Whatcom,0,1,0.0,1,1,4,1,0,1,1,,,,42,0,0,9999.9,1,0,1,7,1,64,8,0,0,0,0,FS RD 1130,,-121.6983261,48.7626636,0,1,1,13,2,98,34,0,0,1,2,42,1,2,8,8,1,1,2,53,0,49,472,2003,0,0.0,63,42.0,,,,,1,1,62,1,7.0,1.0,4,7,20,0,11,0,09/04/2018,19:18,53039832.0,39832.0,0.0,0.0,0.0,3.0,1,0,0.0,0.0,0.0,96,,,,,,0,,,,,,98566.0,53,69.0,155.0,6.0,1.0,0.0,1.0,1.0,0.0,,0,,,,,,0,07/15/2015,07/15/2015,20,0,0,0,0.0,9,8,,,0,0.0,0.0,8,0,2.0,1.0,,,1.0,,,2,1,0.0,,,,,,,,,,,,,,,,,,,,,,,,,,,,,,0,0,1,0,0,0,0,0,0,0,0,0,0,0,0,0,0,0,0,1,0,0,0,0,0,0,0,0,0,1,0,0,0,1,0,,1,0,0,0,0,0,0,0,0,0,0,0,0,0,0,0,,,,,,61-65,56-65,Other,R,Tuesday,Not Used,PV,White,0,1,0,0,Other,State Patrol,Washington State Patrol,1,0,0,0,1,,,,,,0.0,0.0,0.0,,,,,,,,,,,,,,,,,,,,,,,,,,,,,,,,,,,,
1270,2018,305,E835105,7.0,08/30/2018,11:23,30,8,0.0,33,King,1960,10,0.0,1,1,2,1,0,1,1,,,,24,0,0,0.2,5,1,1,1,2,1,1,0,0,0,0,I-5 RAMP,,-122.3135833,47.54885,0,1,6,12,2,98,80,0,0,1,3,24,2,2,1,6,14,1,1,53,0,98,706,2016,0,0.0,64,24.0,,,,,1,1,42,1,7.0,1.0,4,7,5,0,11,0,08/30/2018,11:23,196053038593.0,38593.0,0.0,0.0,0.0,3.0,1,0,0.0,0.0,0.0,92,,,,,,99,,,,,,98092.0,53,72.0,240.0,6.0,1.0,0.0,0.0,0.0,2.0,,0,,,,,,4,11/15/2013,11/15/2016,20,8,0,0,0.0,9,8,,,0,0.0,0.0,8,9,2.0,1.0,,,1.0,,,2,1,0.0,,,,,,,,,,,,,,,,,,,,,,,,,,,,,,0,0,1,0,0,0,0,0,0,0,0,0,1,0,0,0,1,0,0,0,0,0,0,0,0,0,0,0,1,0,0,0,0,0,1,0.0,0,0,0,0,0,0,0,0,1,1,0,0,0,0,0,0,,,,,,41-45,36-45,Interstate,U,Thursday,,MC,White,0,1,0,0,State Route,State Patrol,Washington State Patrol,1,1,0,0,0,,,,,,0.0,0.0,0.0,,,,,,,,,,,,,,,,,,,,,,,,,,,,,,,,,,,,98108