,year,case,par,repjur,crash_dt,crash_tm,accday,accmon,holiday,county,co_char,city,weather,weather2,lightcond,surfcond,surftype,numfatal,nmforms,pforms,vforms,not_tm,arr_tm,hosp_tm,fhevent,hitrun,manncol,milepnt,reljunc,reljuncinter,intersectiontype,funcsystem,landuse,ownership,route,schlbus,spejur,contdev,devfunc,trafid1,trafid2,x,y,wk_zone,vnumber,crashtype,criticalevent,criticaleventcat,spdlim,body,trailer,emerg,hazcargo,leave,mhevent,roadalgn,roadprof,traflane,trafflow,vehmanvr,numoccs,regowner,regstate,spuse,make,model,modelyr,vrf1,vrf2,seqevent1,seqevent2,seqevent3,seqevent4,seqevent5,seqevent6,pnumber,ptype,age,sex,hispanic,race,injury,diedscene,restraint,restraintmisuse,seatpos,takehosp,death_dt,death_tm,cert,cernum_wa,commlic,licendor,licrestrict,liccomp,drivpres,drf1,drf2,drf3,drf4,distract1,distract2,distract3,distract4,distract5,distract6,dricond1,dricond2,dricond3,dricond4,dricond5,dricond6,dzip,licstate,drhgt_in,weight,noncdl,noncdltype,prevdwi,prevoth,prevacc,prevspd,prevsus,driviol1,driviol2,driviol3,driviol4,driviol5,driviol6,spdrel,first_dt,last_dt,airbag,ejection,ejectpath,extricat,injurwrk,methalc,methdrug,nmlocat,strikveh,prf1,prf2,prf3,druginv,alcinvol,drugsts,drugres1,drugres2,drugres3,drugtst1,drugtst2,drugtst3,alcsts,alctst,alcres,nmact1,nmact2,nmact3,nmact4,nmact5,nmact6,nmprior1,nmprior2,nmprior3,nmprior4,nmprior5,nmprior6,nmcond1,nmcond2,nmcond3,nmcond4,nmcond5,nmcond6,nmsafe_helmet,nmsafe_pads,nmsafe_oth,nmprev_ref,nmprev_lgt,nmprev_oth,crashlocation,nmcrashtype,crosswalk,schoolzone,sidewalk,train_inv,wildlife_inv,rotr_fars,intersect_fars,dd_inv,aid_inv,dpd_inv,id_inv,mj_inv,impnm_inv,ainm_inv,dpnm_inv,speed_inv,unlic_inv,unendmc_inv,drowsy_inv,drdist_inv,nmdist_inv,fty_inv,unrestfat_inv,dr1617_inv,dr1820_inv,dr1620_inv,dr2125_inv,dr1625_inv,dr65_inv,dr70_inv,dr75_inv,mc_inv,pv_inv,ht_inv,ped_inv,bike_inv,unrest_fat,mc_fat,unhelmet_mc,pv_fat,ht_fat,ped_fat,bike_fat,dr_alc7,dr_alc8,dr_drug,dr_imp,dr_dist,dr_spd,dr_fty,dr_unlic,dr_alc7only,dr_alc8only,dr_drugonly,dr_drink,nm_imp,nm_alc7,nm_alc8,nm_drug,nm_dist,agegrp1,agegrp2,roadclass,urbrur,dayweek,restuse,vehtype,race_me,intersect,lanedep,oppdir,wrongway,rep_typ,investag,repag_long,rotr,st_rd,cty_rd,city_rd,oth_rd,drug_thc,thc_res,drug_cthc,cthc_res,drug_cann,prevpersemin,prevperse,prevsusoth,drugtst4,drugtst5,drugtst6,drugtst7,drugtst8,drugres4,drugres5,drugres6,drugres7,drugres8,adspresent,adsengaged,adslevel,race1,race2,race3,race4,race5,helmet,helmetmisuse,nmdistract1,nmdistract2,nmdistract3,nmdistract4,nmdistract5,nmdistract6,lab,isedtcase,crf1,crf2,crf3,CoRoadName,CoMP,IntCoRoadName,IntCoMP,zipcode
1271,2018,306,E822897,250.0,07/29/2018,8:23,29,7,0.0,5,Benton,1850,1,0.0,1,1,2,1,0,1,1,,,,1,0,0,0.0,3,0,3,3,2,4,6,0,0,0,0,GEORGE WAHINGTON WAY,JADWIN AVE,-119.2733222,46.273027778,0,1,1,13,2,35,80,0,0,1,7,1,3,1,4,1,14,1,2,53,0,76,706,2007,0,0.0,63,1.0,,,,,1,1,57,1,7.0,1.0,4,0,5,0,11,4,08/09/2018,21:32,185053035784.0,35784.0,0.0,0.0,0.0,3.0,1,0,0.0,0.0,0.0,96,,,,,,99,,,,,,99354.0,53,71.0,165.0,6.0,1.0,0.0,3.0,1.0,5.0,,0,,,,,,3,10/15/2013,06/15/2017,20,8,0,0,0.0,9,8,,,0,0.0,0.0,8,9,8.0,95.0,,,96.0,,,8,95,995.0,,,,,,,,,,,,,,,,,,,,,,,,,,,,,,0,0,1,1,0,0,0,0,0,0,0,0,1,0,0,0,0,0,0,0,0,0,0,0,0,0,0,0,1,0,0,0,0,0,1,0.0,0,0,0,0,0,0,0,0,0,1,0,0,0,0,0,0,,,,,,56-60,56-65,City street,U,Sunday,,MC,White,0,0,0,0,City Street,Municipal/City Police,Richland Police Department,0,0,0,1,0,,,,,,0.0,0.0,0.0,,,,,,,,,,,,,,,,,,,,,,,,,,,,,,,,,,,,99352
1272,2018,307,E832464,7.0,07/22/2018,1:55,22,7,0.0,33,King,1030,1,0.0,3,1,2,1,1,6,4,,,,8,0,0,3.5,1,0,1,3,2,1,3,0,0,0,0,SR-516,,-122.270425,47.376780556,0,1,13,80,5,50,15,0,6,1,7,8,1,2,7,1,1,1,3,53,5,20,421,2016,0,0.0,8,12.0,,,,,1,1,45,1,0.0,0.0,3,0,20,0,11,8,,,,,0.0,0.0,0.0,3.0,1,16,0.0,0.0,0.0,96,,,,,,0,,,,,,98375.0,53,71.0,230.0,6.0,1.0,0.0,0.0,0.0,0.0,,0,,,,,,0,,,8,0,0,0,8.0,9,8,,,0,0.0,0.0,8,0,8.0,95.0,,,96.0,,,8,95,995.0,,,,,,,,,,,,,,,,,,,,,,,,,,,,,,0,0,0,0,0,0,0,0,0,0,0,0,0,0,0,0,0,0,0,0,0,0,0,0,0,0,0,0,0,1,0,1,0,0,0,,0,0,0,0,0,0,0,0,0,0,0,0,0,0,0,0,,,,,,41-45,36-45,State route,U,Sunday,Not Used,PV,Not Fatal,1,0,0,0,State Route,State Patrol,Washington State Patrol Headquarter,0,1,0,0,0,,,,,,0.0,0.0,0.0,,,,,,,,,,,,,,,,,,,,,,,,,,,,,,,,,,,,98032
1273,2018,307,E832464,7.0,07/22/2018,1:55,22,7,0.0,33,King,1030,1,0.0,3,1,2,1,1,6,4,,,,8,0,0,3.5,1,0,1,3,2,1,3,0,0,3,3,SR-516,,-122.270425,47.376780556,0,2,98,60,4,50,6,0,0,1,7,12,1,2,7,1,5,2,1,53,0,2,1,2012,0,0.0,12,12.0,,,,,1,1,49,2,0.0,0.0,1,0,3,0,11,8,,,,,0.0,0.0,0.0,3.0,1,0,0.0,0.0,0.0,96,,,,,,0,,,,,,98027.0,53,67.0,168.0,6.0,1.0,0.0,0.0,0.0,0.0,,0,,,,,,0,04/15/2014,04/15/2014,1,0,0,0,8.0,9,8,,,0,0.0,0.0,8,9,8.0,95.0,,,96.0,,,8,95,995.0,,,,,,,,,,,,,,,,,,,,,,,,,,,,,,0,0,0,0,0,0,0,0,0,0,0,0,0,0,0,0,0,0,0,0,0,0,0,0,0,0,0,0,0,1,0,1,0,0,0,,0,0,0,0,0,0,0,0,0,0,0,0,0,0,0,0,,,,,,46-50,46-55,State route,U,Sunday,Belt Used,PV,Not Fatal,1,0,0,0,State Route,State Patrol,Washington State Patrol Headquarter,0,1,0,0,0,,,,,,0.0,0.0,1.0,,,,,,,,,,,,,,,,,,,,,,,,,,,,,,,,,,,,98032
1274,2018,307,E832464,7.0,07/22/2018,1:55,22,7,0.0,33,King,1030,1,0.0,3,1,2,1,1,6,4,,,,8,0,0,3.5,1,0,1,3,2,1,3,0,0,3,3,SR-516,,-122.270425,47.376780556,0,3,98,60,4,50,4,0,0,1,7,12,1,2,7,1,5,2,1,53,0,49,32,2015,0,0.0,12,12.0,,,,,1,1,41,1,0.0,0.0,0,0,3,0,11,0,,,,,0.0,0.0,0.0,3.0,1,0,0.0,0.0,0.0,96,,,,,,0,,,,,,98006.0,53,67.0,190.0,6.0,1.0,0.0,1.0,0.0,0.0,,0,,,,,,0,09/15/2013,09/15/2013,8,0,0,0,8.0,9,8,,,0,0.0,0.0,8,9,8.0,95.0,,,96.0,,,8,95,995.0,,,,,,,,,,,,,,,,,,,,,,,,,,,,,,0,0,0,0,0,0,0,0,0,0,0,0,0,0,0,0,0,0,0,0,0,0,0,0,0,0,0,0,0,1,0,1,0,0,0,,0,0,0,0,0,0,0,0,0,0,0,0,0,0,0,0,,,,,,41-45,36-45,State route,U,Sunday,Belt Used,PV,Not Fatal,1,0,0,0,State Route,State Patrol,Washington State Patrol Headquarter,0,1,0,0,0,,,,,,0.0,0.0,0.0,,,,,,,,,,,,,,,,,,,,,,,,,,,,,,,,,,,,98032
1275,2018,307,E832464,7.0,07/22/2018,1:55,22,7,0.0,33,King,1030,1,0.0,3,1,2,1,1,6,4,,,,8,0,0,3.5,1,0,1,3,2,1,3,0,0,3,3,SR-516,,-122.270425,47.376780556,0,4,98,60,4,50,4,0,0,1,7,12,1,2,7,1,5,1,1,53,0,19,3,2002,0,0.0,12,,,,,,1,1,56,1,0.0,0.0,1,0,3,0,11,8,,,,,0.0,0.0,3.0,3.0,1,0,0.0,0.0,0.0,96,,,,,,0,,,,,,98030.0,53,73.0,255.0,6.0,1.0,0.0,0.0,2.0,1.0,,0,,,,,,0,07/15/2015,11/15/2017,20,0,0,0,8.0,9,8,,,0,0.0,0.0,8,9,8.0,95.0,,,96.0,,,8,95,995.0,,,,,,,,,,,,,,,,,,,,,,,,,,,,,,0,0,0,0,0,0,0,0,0,0,0,0,0,0,0,0,0,0,0,0,0,0,0,0,0,0,0,0,0,1,0,1,0,0,0,,0,0,0,0,0,0,0,0,0,0,0,0,0,0,0,0,,,,,,56-60,56-65,State route,U,Sunday,Belt Used,PV,Not Fatal,1,0,0,0,State Route,State Patrol,Washington State Patrol Headquarter,0,1,0,0,0,,,,,,0.0,0.0,1.0,,,,,,,,,,,,,,,,,,,,,,,,,,,,,,,,,,,,98032
1276,2018,308,2709956,12.0,07/25/2018,18:32,25,7,0.0,7,Chelan,0,1,0.0,1,1,2,1,1,1,1,,,,9,0,0,1.7,1,0,1,5,1,2,4,0,0,0,0,CR-ICICLE RD,,-120.6797917,47.565625,0,1,13,83,5,35,20,0,0,1,7,9,1,1,2,1,1,1,1,53,0,6,441,2013,0,0.0,9,,,,,,1,1,26,2,0.0,0.0,0,0,3,0,11,0,,,,,0.0,0.0,0.0,3.0,1,91,0.0,0.0,0.0,17,,,,,,0,,,,,,98272.0,53,68.0,200.0,6.0,1.0,0.0,1.0,0.0,0.0,,2,,,,,,3,08/15/2016,04/15/2018,20,0,0,0,8.0,9,2,,,0,0.0,0.0,0,0,8.0,95.0,,,96.0,,,8,95,995.0,,,,,,,,,,,,,,,,,,,,,,,,,,,,,,0,0,0,0,0,0,0,0,0,0,0,0,1,0,0,0,1,0,0,0,0,0,0,0,0,0,0,0,0,1,0,0,1,0,0,,0,0,0,0,0,0,0,0,1,1,0,0,0,0,0,0,,,,,,26-30,26-35,County road,R,Wednesday,Belt Used,PV,Not Fatal,0,0,0,0,County Road,Municipal/City Police,Chelan County Sheriff's Office,0,0,1,0,0,,,,,,0.0,0.0,2.0,,,,,,,,,,,,,,,,,,,,,,,,,,,,,,,,,,,,98826
1277,2018,309,E830739,3.0,08/02/2018,23:48,2,8,0.0,53,Pierce,2230,1,0.0,2,1,2,1,1,1,1,,,,8,0,0,2.7,1,0,1,3,2,1,3,0,0,0,0,SR-16,,-122.4994472,47.236169444,0,1,13,80,5,60,4,0,0,1,7,8,1,1,4,3,1,1,1,53,0,54,35,2003,0,0.0,8,,,,,,1,1,55,1,0.0,0.0,0,0,3,0,11,0,,,,,0.0,0.0,0.0,3.0,1,0,0.0,0.0,0.0,96,,,,,,0,,,,,,98092.0,53,67.0,150.0,6.0,1.0,0.0,0.0,0.0,0.0,,0,,,,,,0,,,20,0,0,0,8.0,9,2,,,0,0.0,0.0,0,0,2.0,1.0,,,1.0,,,2,1,0.0,,,,,,,,,,,,,,,,,,,,,,,,,,,,,,0,0,0,0,0,0,0,0,0,1,1,0,0,0,0,0,0,0,0,0,0,0,0,0,0,0,0,0,0,1,0,1,0,0,0,,0,0,0,0,0,0,0,0,0,0,0,0,0,0,0,0,,,,,,51-55,46-55,State route,U,Thursday,Belt Used,PV,Not Fatal,0,0,0,0,State Route,State Patrol,Washington State Patrol,0,1,0,0,0,,,,,,0.0,0.0,0.0,,,,,,,,,,,,,,,,,,,,,,,,,,,,,,,,,,,,98405
1278,2018,310,E835661,1.0,08/29/2018,18:41,29,8,0.0,71,Walla Walla,0,1,0.0,1,1,2,1,0,1,1,,,,1,0,0,328.2,1,0,1,3,1,1,2,0,0,0,0,US-12,,-118.4513861,46.055663889,0,1,6,12,2,60,14,0,0,1,2,1,1,1,3,3,1,1,1,53,0,49,401,1995,0,0.0,64,1.0,,,,,1,1,61,1,7.0,1.0,4,7,20,0,11,0,08/29/2018,18:41,53038194.0,38194.0,0.0,0.0,0.0,3.0,1,58,0.0,0.0,0.0,92,,,,,,99,,,,,,98372.0,53,71.0,350.0,6.0,1.0,0.0,0.0,0.0,0.0,,0,,,,,,0,,,20,1,9,0,0.0,9,8,,,0,0.0,0.0,8,9,8.0,95.0,,,96.0,,,8,95,995.0,,,,,,,,,,,,,,,,,,,,,,,,,,,,,,0,0,1,0,0,0,0,0,0,0,0,0,0,0,0,0,1,0,0,1,0,0,0,0,0,0,0,0,0,1,0,0,0,1,0,,1,0,0,0,0,0,0,0,1,0,0,0,0,0,0,0,,,,,,61-65,56-65,US highway,R,Wednesday,Not Used,PV,White,0,0,0,0,State Route,State Patrol,Washington State Patrol,0,1,0,0,0,,,,,,0.0,0.0,0.0,,,,,,,,,,,,,,,,,,,,,,,,,,,,,,,,,,,,99324
1279,2018,311,E835692,6.0,09/03/2018,15:23,3,9,6.0,37,Kittitas,0,1,0.0,1,1,2,2,0,9,1,15:26,15:35,15:48,24,0,0,107.5,1,0,1,1,2,1,1,0,0,0,0,I-90,,-120.5456861,46.974786111,0,1,6,1,1,60,65,1,0,1,2,21,1,2,3,3,1,9,1,53,0,98,850,2007,0,0.0,61,64.0,24.0,21.0,3.0,,1,1,62,1,0.0,0.0,3,0,3,0,11,1,,,,,6.0,0.0,0.0,3.0,1,80,0.0,0.0,0.0,96,,,,,,0,,,,,,98290.0,53,71.0,260.0,6.0,1.0,0.0,0.0,0.0,1.0,,0,,,,,,0,05/15/2015,05/15/2015,99,0,0,0,8.0,9,2,,,0,0.0,0.0,0,0,8.0,95.0,,,96.0,,,8,95,995.0,,,,,,,,,,,,,,,,,,,,,,,,,,,,,,0,0,1,0,0,0,0,0,0,0,0,0,0,0,0,0,0,0,0,0,0,0,0,0,0,0,0,0,0,0,0,0,0,0,0,,0,0,0,0,0,0,0,0,0,0,0,0,0,0,0,0,,,,,,61-65,56-65,Interstate,U,Monday,,MHOME,Not Fatal,0,1,0,0,State Route,State Patrol,Washington State Patrol,1,1,0,0,0,,,,,,0.0,0.0,0.0,,,,,,,,,,,,,,,,,,,,,,,,,,,,,,,,,,,,98926
1280,2018,312,E836017,122.0,09/08/2018,20:03,8,9,0.0,61,Snohomish,690,1,0.0,3,1,2,1,1,1,1,,,,8,1,0,8.6,3,0,3,3,2,1,3,0,0,0,0,SR-527,98TH ST SE,-122.2070611,47.909266667,0,1,13,80,5,35,99,0,0,1,5,8,1,1,3,5,1,99,9,99,0,99,999,9999,0,0.0,8,,,,,,1,1,999,8,0.0,0.0,9,0,99,0,11,8,,,,,99.0,9.0,9.0,9.0,1,0,0.0,0.0,0.0,93,,,,,,99,,,,,,99999.0,99,,999.0,9.0,9.0,99.0,99.0,99.0,99.0,,97,,,,,,0,,,99,9,0,0,8.0,9,8,,,0,0.0,0.0,8,9,8.0,95.0,,,96.0,,,8,95,995.0,,,,,,,,,,,,,,,,,,,,,,,,,,,,,,0,0,0,1,0,0,0,0,0,0,0,0,0,0,0,0,1,0,0,0,0,0,0,0,0,0,0,0,0,0,0,1,0,0,0,,0,0,0,0,0,0,0,0,1,0,0,0,0,0,0,0,,,,,,,,State route,U,Saturday,,NR-U,Not Fatal,0,0,0,0,State Route,Municipal/City Police,Everett Police Department,0,1,0,0,0,,,,,,99.0,99.0,99.0,,,,,,,,,,,,,,,,,,,,,,,,,,,,,,,,,,,,98208
1281,2018,313,E836350,1.0,08/26/2018,19:27,26,8,0.0,5,Benton,0,1,0.0,1,1,1,2,0,2,1,19:23,19:39,,1,0,0,89.0,1,0,1,1,1,1,1,0,0,0,0,I-82,,-119.6228556,46.247713889,0,1,98,9,1,70,34,0,0,1,2,1,1,1,2,3,6,2,2,49,0,12,481,2005,0,0.0,68,64.0,69.0,1.0,,,1,1,28,2,7.0,1.0,4,7,3,0,11,0,08/26/2018,19:27,53037601.0,37601.0,0.0,0.0,0.0,3.0,1,0,0.0,0.0,0.0,96,,,,,,2,,,,,,84606.0,49,64.0,110.0,6.0,1.0,0.0,0.0,98.0,0.0,,0,,,,,,0,,,20,0,0,0,0.0,9,8,,,0,0.0,0.0,8,0,2.0,1.0,,,1.0,,,2,1,0.0,,,,,,,,,,,,,,,,,,,,,,,,,,,,,,0,0,0,0,0,0,0,0,0,0,0,0,0,0,0,1,0,0,0,0,0,0,0,0,0,0,0,0,0,1,0,0,0,0,0,,1,0,0,0,0,0,0,0,0,0,0,0,0,0,0,0,,,,,,26-30,26-35,Interstate,R,Sunday,Belt Used,PV,White,0,0,0,0,State Route,State Patrol,Washington State Patrol,0,1,0,0,0,,,,,,0.0,0.0,0.0,,,,,,,,,,,,,,,,,,,,,,,,,,,,,,,,,,,,
1282,2018,314,E833280,6.0,08/10/2018,10:56,10,8,0.0,25,Grant,0,1,0.0,1,1,2,1,0,4,2,10:56,11:07,11:34,12,0,6,29.1,2,0,2,3,1,1,3,0,0,0,0,SR-28,ROAD 10 NW,-119.9536417,47.233002778,0,1,68,15,2,60,4,0,0,1,7,12,1,1,4,1,11,2,1,53,0,37,31,2014,0,0.0,12,,,,,,1,1,87,2,7.0,1.0,4,0,3,0,11,5,08/10/2018,15:37,178053035253.0,35253.0,0.0,0.0,0.0,3.0,1,38,0.0,0.0,0.0,96,,,,,,0,,,,,,98837.0,53,63.0,140.0,6.0,1.0,0.0,0.0,0.0,0.0,,46,,,,,,0,,,8,0,0,0,0.0,9,8,,,0,0.0,0.0,8,0,2.0,177.0,,,1.0,,,2,1,0.0,,,,,,,,,,,,,,,,,,,,,,,,,,,,,,0,0,0,1,0,0,1,1,0,0,0,0,0,0,0,0,0,0,1,0,0,0,0,0,0,1,1,1,0,1,0,0,0,0,0,,1,0,0,0,0,0,1,1,0,0,1,0,0,0,1,0,,,,,,81+,76+,State route,R,Friday,Belt Used,PV,White,0,0,0,0,State Route,State Patrol,Washington State Patrol,0,1,0,0,0,,,,,,0.0,0.0,0.0,,,,,,,,,,,,,,,,,,,,,,,,,,,,,,,,,,,,98848
1283,2018,314,E833280,6.0,08/10/2018,10:56,10,8,0.0,25,Grant,0,1,0.0,1,1,2,1,0,4,2,10:56,11:07,11:34,12,0,6,29.1,2,0,2,3,1,1,3,0,0,0,0,SR-28,ROAD 10 NW,-119.9536417,47.233002778,0,2,69,62,4,60,4,0,0,1,7,12,1,1,4,1,1,2,1,53,0,37,32,1993,0,0.0,12,,,,,,1,1,44,2,0.0,0.0,3,0,3,0,11,5,,,,,0.0,0.0,0.0,3.0,1,0,0.0,0.0,0.0,96,,,,,,0,,,,,,98850.0,53,70.0,125.0,6.0,1.0,0.0,4.0,2.0,0.0,,0,,,,,,0,01/15/2015,01/15/2017,20,0,0,0,8.0,9,8,,,0,0.0,0.0,8,0,8.0,95.0,,,96.0,,,8,95,995.0,,,,,,,,,,,,,,,,,,,,,,,,,,,,,,0,0,0,1,0,0,1,1,0,0,0,0,0,0,0,0,0,0,1,0,0,0,0,0,0,1,1,1,0,1,0,0,0,0,0,,0,0,0,0,0,0,0,0,0,0,0,0,0,0,0,0,,,,,,41-45,36-45,State route,R,Friday,Belt Used,PV,Not Fatal,0,0,0,0,State Route,State Patrol,Washington State Patrol,0,1,0,0,0,,,,,,0.0,0.0,0.0,,,,,,,,,,,,,,,,,,,,,,,,,,,,,,,,,,,,98848
1284,2018,315,E830966,4.0,08/15/2018,0:00,15,8,0.0,51,Pend Oreille,0,1,0.0,3,1,4,3,0,5,1,,,,42,0,0,9999.9,1,0,1,7,1,66,8,0,0,0,0,CEE CEE AH CREEK RD,,-117.2703611,48.398344444,0,1,99,99,9,20,4,0,0,1,2,42,8,8,8,8,99,5,2,53,0,63,33,2006,0,0.0,63,42.0,,,,,1,1,33,1,0.0,0.0,3,0,20,0,11,4,,,,,0.0,0.0,3.0,3.0,1,0,0.0,0.0,0.0,96,,,,,,9,,,,,,99119.0,53,64.0,130.0,6.0,1.0,0.0,0.0,0.0,1.0,,97,,,,,,0,09/15/2015,09/15/2015,1,0,0,0,8.0,9,1,,,0,0.0,0.0,1,1,2.0,605.0,695.0,,1.0,1.0,,2,1,0.08,,,,,,,,,,,,,,,,,,,,,,,,,,,,,,0,0,0,0,1,1,1,1,1,0,0,0,0,0,0,0,0,0,0,1,0,0,0,0,0,0,0,0,0,1,0,0,0,0,0,,0,0,0,0,0,1,1,1,0,0,0,0,0,0,0,1,,,,,,31-35,26-35,Other,R,Wednesday,Not Used,PV,Not Fatal,0,1,0,0,Other,State Patrol,Washington State Patrol,1,0,0,0,1,thc,7.1,carboxy-thc,59.0,,0.0,0.0,0.0,,,,,,,,,,,,,,,,,,,,,,,,,,,,,,,,,,,,
1285,2018,316,E831476,2.0,08/18/2018,16:26,18,8,0.0,57,Skagit,0,5,0.0,1,1,2,1,0,1,1,16:10,16:24,,24,0,0,1.4,1,0,1,96,6,96,4,0,0,0,0,CR-BAKER LAKE RD,,-121.9074833,48.536666667,0,1,1,13,2,50,84,0,0,1,5,24,3,2,2,1,14,1,1,53,0,98,703,2012,0,0.0,63,24.0,,,,,1,1,58,2,7.0,1.0,4,7,5,0,11,0,08/18/2018,16:26,53037028.0,37028.0,0.0,0.0,3.0,3.0,1,0,0.0,0.0,0.0,92,,,,,,0,,,,,,98284.0,53,65.0,180.0,6.0,1.0,0.0,0.0,0.0,0.0,,0,,,,,,0,,,20,8,0,0,0.0,9,8,,,0,0.0,0.0,8,0,2.0,1.0,,,1.0,,,2,1,0.0,,,,,,,,,,,,,,,,,,,,,,,,,,,,,,0,0,1,0,0,0,0,0,0,0,0,0,0,0,0,0,1,0,0,0,0,0,0,0,0,0,0,0,1,0,0,0,0,0,1,0.0,0,0,0,0,0,0,0,0,1,0,0,0,0,0,0,0,,,,,,56-60,56-65,County road,,Saturday,,OTHMC,White,0,1,0,0,County Road,State Patrol,Washington State Patrol,1,0,1,0,0,,,,,,0.0,0.0,0.0,,,,,,,,,,,,,,,,,,,,,,,,,,,,,,,,,,,,
1286,2018,317,E832380,160.0,08/18/2018,18:12,18,8,0.0,33,King,1030,1,0.0,1,0,0,1,0,2,2,,,,12,0,6,0.2,2,0,3,3,2,1,3,0,0,0,0,SR-515,SE 253 PL,-122.2024,47.374913889,0,1,82,15,2,0,4,0,0,1,5,12,0,0,0,0,11,1,1,53,0,35,43,2017,0,0.0,12,,,,,,1,1,46,1,0.0,0.0,0,0,3,0,11,0,,,,,0.0,0.0,0.0,3.0,1,38,0.0,0.0,0.0,96,,,,,,0,,,,,,98030.0,53,65.0,180.0,6.0,1.0,0.0,0.0,0.0,0.0,,97,,,,,,0,,,2,0,0,0,8.0,9,8,,,0,0.0,0.0,8,0,8.0,95.0,,,96.0,,,8,95,995.0,,,,,,,,,,,,,,,,,,,,,,,,,,,,,,0,0,0,1,0,0,0,0,0,0,0,0,1,1,1,0,0,0,1,0,0,0,0,1,1,0,0,0,1,1,0,0,0,0,0,,0,0,0,0,0,0,0,0,0,0,1,0,0,0,0,0,,,,,,46-50,46-55,State route,U,Saturday,Belt Used,PV,Not Fatal,1,0,0,0,State Route,Municipal/City Police,Kent Police Department,0,1,0,0,0,,,,,,0.0,0.0,0.0,,,,,,,,,,,,,,,,,,,,,,,,,,,,,,,,,,,,98030
1287,2018,317,E832380,160.0,08/18/2018,18:12,18,8,0.0,33,King,1030,1,0.0,1,1,2,1,0,2,2,,,,12,0,6,0.2,2,0,3,3,2,1,3,0,0,0,0,SR-515,SE 253 PL,-122.2024,47.374913889,0,2,83,67,4,35,80,0,0,1,5,12,1,1,5,5,1,1,2,53,0,53,706,2006,0,0.0,12,,,,,,1,1,25,1,7.0,1.0,4,7,19,0,11,0,08/18/2018,18:12,103053036409.0,36409.0,0.0,0.0,0.0,2.0,1,0,0.0,0.0,0.0,96,,,,,,99,,,,,,98030.0,53,65.0,135.0,1.0,1.0,0.0,3.0,2.0,3.0,,0,,,,,,4,03/15/2014,08/15/2017,20,8,0,0,0.0,9,8,,,0,0.0,0.0,8,9,2.0,1.0,,,1.0,,,2,1,0.0,,,,,,,,,,,,,,,,,,,,,,,,,,,,,,0,0,0,1,0,0,0,0,0,0,0,0,1,1,1,0,0,0,1,0,0,0,0,1,1,0,0,0,1,1,0,0,0,0,1,0.0,0,0,0,0,0,0,0,0,0,1,0,1,0,0,0,0,,,,,,21-25,16-25,State route,U,Saturday,,MC,White,1,0,0,0,State Route,Municipal/City Police,Kent Police Department,0,1,0,0,0,,,,,,0.0,0.0,8.0,,,,,,,,,,,,,,,,,,,,,,,,,,,,,,,,,,,,98030
1288,2018,318,E832575,4.0,08/23/2018,2:43,23,8,0.0,1,Adams,0,1,0.0,3,1,1,1,0,1,1,,,,1,0,0,101.9,1,0,1,3,1,1,2,0,0,0,0,US-395,,-118.4071861,47.103077778,0,1,98,12,2,70,2,0,0,1,7,1,2,2,2,3,14,1,2,53,0,20,16,2000,0,0.0,64,1.0,,,,,1,1,18,1,6.0,1.0,4,7,20,0,11,0,08/23/2018,2:43,53037883.0,37883.0,0.0,0.0,0.0,3.0,1,0,0.0,0.0,0.0,96,,,,,,2,,,,,,99320.0,53,68.0,130.0,6.0,1.0,0.0,1.0,0.0,0.0,,0,,,,,,0,05/15/2018,05/15/2018,20,1,9,0,0.0,9,8,,,0,0.0,0.0,8,0,2.0,1.0,,,1.0,,,2,1,0.0,,,,,,,,,,,,,,,,,,,,,,,,,,,,,,0,0,0,0,0,0,0,0,0,0,0,0,0,0,0,1,0,0,0,1,0,1,1,0,1,0,0,0,0,1,0,0,0,1,0,,1,0,0,0,0,0,0,0,0,0,0,0,0,0,0,0,,,,,,18-20,16-25,US highway,R,Thursday,Not Used,PV,Hispanic,0,1,0,0,State Route,State Patrol,Washington State Patrol,1,1,0,0,0,,,,,,0.0,0.0,0.0,,,,,,,,,,,,,,,,,,,,,,,,,,,,,,,,,,,,99169
1289,2018,319,E832509,159.0,08/21/2018,20:47,21,8,0.0,5,Benton,1020,1,0.0,3,1,2,1,0,2,2,20:47,20:53,,12,1,6,0.0,2,0,3,3,2,4,6,0,0,3,3,CLEARWATER,EDISON,-119.1918056,46.2124,0,1,68,15,2,35,34,0,0,1,7,12,1,1,5,1,11,1,1,53,0,49,472,2015,0,0.0,12,,,,,,1,1,28,2,0.0,0.0,0,0,99,0,11,0,,,,,0.0,0.0,0.0,3.0,1,91,0.0,0.0,0.0,96,,,,,,9,,,,,,99352.0,53,61.0,125.0,6.0,1.0,0.0,1.0,0.0,1.0,,1,7.0,,,,,0,05/15/2015,06/15/2017,20,0,0,0,8.0,9,8,,,0,0.0,0.0,8,1,2.0,605.0,695.0,996.0,1.0,1.0,1.0,2,1,0.07,,,,,,,,,,,,,,,,,,,,,,,,,,,,,,0,0,0,1,1,0,1,1,1,0,0,0,0,0,0,0,0,0,0,0,0,0,0,0,0,0,0,0,1,1,0,0,0,0,0,,0,0,0,0,1,0,1,1,0,0,0,0,0,0,0,1,,,,,,26-30,26-35,City street,U,Tuesday,Unknown,PV,Not Fatal,1,0,0,0,City Street,Municipal/City Police,Kennewick Police Department,0,0,0,1,0,thc,7.1,carboxy-thc,32.0,,0.0,0.0,0.0,,,,,,,,,,,,,,,,,,,,,,,,,,,,,,,,,,,,99336