,year,case,par,repjur,crash_dt,crash_tm,accday,accmon,holiday,county,co_char,city,weather,weather2,lightcond,surfcond,surftype,numfatal,nmforms,pforms,vforms,not_tm,arr_tm,hosp_tm,fhevent,hitrun,manncol,milepnt,reljunc,reljuncinter,intersectiontype,funcsystem,landuse,ownership,route,schlbus,spejur,contdev,devfunc,trafid1,trafid2,x,y,wk_zone,vnumber,crashtype,criticalevent,criticaleventcat,spdlim,body,trailer,emerg,hazcargo,leave,mhevent,roadalgn,roadprof,traflane,trafflow,vehmanvr,numoccs,regowner,regstate,spuse,make,model,modelyr,vrf1,vrf2,seqevent1,seqevent2,seqevent3,seqevent4,seqevent5,seqevent6,pnumber,ptype,age,sex,hispanic,race,injury,diedscene,restraint,restraintmisuse,seatpos,takehosp,death_dt,death_tm,cert,cernum_wa,commlic,licendor,licrestrict,liccomp,drivpres,drf1,drf2,drf3,drf4,distract1,distract2,distract3,distract4,distract5,distract6,dricond1,dricond2,dricond3,dricond4,dricond5,dricond6,dzip,licstate,drhgt_in,weight,noncdl,noncdltype,prevdwi,prevoth,prevacc,prevspd,prevsus,driviol1,driviol2,driviol3,driviol4,driviol5,driviol6,spdrel,first_dt,last_dt,airbag,ejection,ejectpath,extricat,injurwrk,methalc,methdrug,nmlocat,strikveh,prf1,prf2,prf3,druginv,alcinvol,drugsts,drugres1,drugres2,drugres3,drugtst1,drugtst2,drugtst3,alcsts,alctst,alcres,nmact1,nmact2,nmact3,nmact4,nmact5,nmact6,nmprior1,nmprior2,nmprior3,nmprior4,nmprior5,nmprior6,nmcond1,nmcond2,nmcond3,nmcond4,nmcond5,nmcond6,nmsafe_helmet,nmsafe_pads,nmsafe_oth,nmprev_ref,nmprev_lgt,nmprev_oth,crashlocation,nmcrashtype,crosswalk,schoolzone,sidewalk,train_inv,wildlife_inv,rotr_fars,intersect_fars,dd_inv,aid_inv,dpd_inv,id_inv,mj_inv,impnm_inv,ainm_inv,dpnm_inv,speed_inv,unlic_inv,unendmc_inv,drowsy_inv,drdist_inv,nmdist_inv,fty_inv,unrestfat_inv,dr1617_inv,dr1820_inv,dr1620_inv,dr2125_inv,dr1625_inv,dr65_inv,dr70_inv,dr75_inv,mc_inv,pv_inv,ht_inv,ped_inv,bike_inv,unrest_fat,mc_fat,unhelmet_mc,pv_fat,ht_fat,ped_fat,bike_fat,dr_alc7,dr_alc8,dr_drug,dr_imp,dr_dist,dr_spd,dr_fty,dr_unlic,dr_alc7only,dr_alc8only,dr_drugonly,dr_drink,nm_imp,nm_alc7,nm_alc8,nm_drug,nm_dist,agegrp1,agegrp2,roadclass,urbrur,dayweek,restuse,vehtype,race_me,intersect,lanedep,oppdir,wrongway,rep_typ,investag,repag_long,rotr,st_rd,cty_rd,city_rd,oth_rd,drug_thc,thc_res,drug_cthc,cthc_res,drug_cann,prevpersemin,prevperse,prevsusoth,drugtst4,drugtst5,drugtst6,drugtst7,drugtst8,drugres4,drugres5,drugres6,drugres7,drugres8,adspresent,adsengaged,adslevel,race1,race2,race3,race4,race5,helmet,helmetmisuse,nmdistract1,nmdistract2,nmdistract3,nmdistract4,nmdistract5,nmdistract6,lab,isedtcase,crf1,crf2,crf3,CoRoadName,CoMP,IntCoRoadName,IntCoMP,zipcode
1328,2018,339,E840297,2.0,09/13/2018,8:02,13,9,0.0,61,Snohomish,0,2,0.0,1,2,2,1,0,2,2,7:59,8:08,8:21,12,0,2,10.9,1,0,1,3,1,1,2,0,0,0,0,US-2,,-122.0340194,47.897555556,0,2,51,62,4,60,34,1,0,1,2,12,1,1,2,1,1,1,2,53,0,23,481,1985,0,0.0,12,,,,,,1,1,55,1,7.0,1.0,4,7,3,0,11,0,09/13/2018,8:02,53040162.0,40162.0,0.0,0.0,3.0,3.0,1,0,0.0,0.0,0.0,96,,,,,,99,,,,,,98293.0,53,67.0,180.0,6.0,1.0,0.0,0.0,0.0,0.0,,0,,,,,,0,,,20,0,0,0,0.0,9,8,,,0,0.0,0.0,8,0,2.0,1.0,,,1.0,,,2,1,0.0,,,,,,,,,,,,,,,,,,,,,,,,,,,,,,0,0,0,0,0,0,0,0,0,0,0,0,1,0,0,0,0,0,0,0,0,0,0,0,0,0,0,0,0,1,1,0,0,0,0,,1,0,0,0,0,0,0,0,0,0,0,0,0,0,0,0,,,,,,51-55,46-55,US highway,R,Thursday,Belt Used,PV,White,0,1,1,0,State Route,State Patrol,Washington State Patrol,0,1,0,0,0,,,,,,0.0,0.0,0.0,,,,,,,,,,,,,,,,,,,,,,,,,,,,,,,,,,,,98290
1329,2018,340,E840434,6.0,08/25/2018,4:31,25,8,0.0,25,Grant,0,1,0.0,2,1,2,2,0,3,2,4:34,4:54,6:17,12,0,2,8.7,3,0,3,4,1,1,3,0,0,0,0,SR-243,ORCHARD RD,-119.8956667,46.664958333,0,1,50,10,2,60,3,0,0,1,2,12,2,1,2,1,14,2,1,53,0,37,31,2000,0,0.0,68,12.0,,,,,1,1,19,1,1.0,98.0,4,7,3,0,11,0,08/25/2018,4:31,53037649.0,37649.0,0.0,0.0,0.0,2.0,1,28,0.0,0.0,0.0,96,,,,,,9,,,,,,99349.0,53,68.0,120.0,1.0,1.0,0.0,2.0,0.0,5.0,,0,,,,,,0,12/15/2015,06/15/2018,20,0,0,0,0.0,9,1,,,0,0.0,0.0,1,9,2.0,401.0,417.0,,1.0,1.0,,2,1,0.0,,,,,,,,,,,,,,,,,,,,,,,,,,,,,,0,0,0,1,0,0,1,1,0,0,0,0,0,1,0,0,0,0,0,1,0,1,1,0,1,0,0,0,0,1,1,0,0,0,0,,1,0,0,0,0,0,1,1,0,0,0,1,0,0,1,0,,,,,,18-20,16-25,State route,R,Saturday,Belt Used,PV,Hispanic,0,1,1,0,State Route,State Patrol,Washington State Patrol,0,1,0,0,0,,,,,,0.0,0.0,5.0,,,,,,,,,,,,,,,,,,,,,,,,,,,,,,,,,,,,99349
1330,2018,340,E840434,6.0,08/25/2018,4:31,25,8,0.0,25,Grant,0,1,0.0,2,1,2,2,0,3,2,4:34,4:54,6:17,12,0,2,8.7,3,0,3,4,1,1,3,0,0,0,0,SR-243,ORCHARD RD,-119.8956667,46.664958333,0,2,51,62,4,60,66,2,0,1,5,12,3,1,2,1,14,1,3,41,0,82,881,2015,0,0.0,12,,,,,,1,1,35,1,0.0,0.0,2,0,3,0,11,5,,,,,6.0,3.0,0.0,3.0,1,0,0.0,0.0,0.0,96,,,,,,0,,,,,,99337.0,53,69.0,210.0,6.0,1.0,0.0,1.0,1.0,0.0,,0,,,,,,0,03/15/2014,09/15/2014,1,0,0,0,8.0,9,2,,,0,0.0,0.0,0,0,8.0,95.0,,,96.0,,,8,95,995.0,,,,,,,,,,,,,,,,,,,,,,,,,,,,,,0,0,0,1,0,0,1,1,0,0,0,0,0,1,0,0,0,0,0,1,0,1,1,0,1,0,0,0,0,1,1,0,0,0,0,,0,0,0,0,0,0,0,0,0,0,0,0,0,0,0,0,,,,,,31-35,26-35,State route,R,Saturday,,MHTRUCK,Not Fatal,0,1,1,0,State Route,State Patrol,Washington State Patrol,0,1,0,0,0,,,,,,0.0,0.0,0.0,,,,,,,,,,,,,,,,,,,,,,,,,,,,,,,,,,,,99349
1331,2018,341,E841053,60.0,09/23/2018,0:01,23,9,0.0,5,Benton,0,1,0.0,2,1,2,1,0,1,1,,,,39,0,0,4.8,1,0,1,5,1,2,4,0,0,0,0,CR-N WEBBER CANYON RD N,,-119.4592222,46.23235,0,1,1,13,2,40,6,0,0,1,2,39,3,1,2,1,14,1,2,53,0,48,34,1999,0,0.0,63,39.0,,,,,1,1,41,1,7.0,1.0,4,7,3,0,11,0,09/23/2018,0:01,53041814.0,41814.0,0.0,0.0,0.0,0.0,1,0,0.0,0.0,0.0,92,,,,,,99,,,,,,99354.0,53,75.0,220.0,0.0,0.0,1.0,1.0,0.0,1.0,,0,,,,,,0,06/15/2014,11/15/2016,8,0,0,0,0.0,9,8,,,0,0.0,0.0,8,9,2.0,1.0,,,1.0,,,2,1,0.13,,,,,,,,,,,,,,,,,,,,,,,,,,,,,,0,0,1,0,1,1,0,1,0,0,0,0,0,1,0,0,1,0,0,0,0,0,0,0,0,0,0,0,0,1,0,0,0,0,0,,1,0,0,0,0,1,0,1,1,0,0,1,0,1,0,1,,,,,,41-45,36-45,County road,R,Sunday,Belt Used,PV,White,0,1,0,0,County Road,County Sheriff,Benton County Sheriff's Office,1,0,1,0,0,,,,,,0.0,1.0,6.0,,,,,,,,,,,,,,,,,,,,,,,,,,,,,,,,,,,,99320
1332,2018,343,E843063,7.0,04/01/2018,19:20,1,4,0.0,33,King,0,4,0.0,2,10,2,1,0,4,1,,,,24,0,0,29.9,1,0,1,1,2,1,1,0,0,0,0,I-90,,-121.7806083,47.473869444,0,1,7,6,1,70,4,0,0,1,7,24,1,1,3,3,1,4,2,53,0,52,34,2005,0,0.0,64,24.0,35.0,,,,1,1,31,1,0.0,0.0,3,0,99,0,11,8,,,,,0.0,0.0,3.0,2.0,1,87,0.0,0.0,0.0,96,,,,,,0,,,,,,98837.0,53,69.0,165.0,1.0,1.0,0.0,0.0,0.0,0.0,,97,,,,,,4,05/15/2013,06/15/2013,20,0,0,0,8.0,9,8,,,0,0.0,0.0,8,0,8.0,95.0,,,96.0,,,8,95,995.0,,,,,,,,,,,,,,,,,,,,,,,,,,,,,,0,0,0,0,0,0,0,0,0,0,0,0,1,1,0,0,0,0,0,0,0,0,0,0,0,0,0,0,0,1,0,0,0,0,0,,0,0,0,0,0,0,0,0,0,1,0,1,0,0,0,0,,,,,,31-35,26-35,Interstate,U,Sunday,Unknown,PV,Not Fatal,0,1,0,0,State Route,State Patrol,Washington State Patrol Headquarter,1,1,0,0,0,,,,,,0.0,0.0,2.0,,,,,,,,,,,,,,,,,,,,,,,,,,,,,,,,,,,,
1333,2018,344,E844411,305.0,09/30/2018,15:57,30,9,0.0,11,Clark,2370,10,0.0,1,1,2,1,1,1,1,16:10,16:11,,8,0,0,0.0,3,0,2,7,2,4,6,0,0,0,0,E MILL PLAIN BLVD,N MORRISON RD,-122.59545,45.625347222,0,1,13,80,5,35,5,0,0,1,5,8,1,1,5,1,1,1,2,53,0,49,46,2010,0,0.0,8,,,,,,1,1,28,1,0.0,0.0,0,0,99,0,11,0,,,,,0.0,0.0,0.0,3.0,1,0,0.0,0.0,0.0,92,,,,,,99,,,,,,98683.0,53,73.0,160.0,6.0,1.0,0.0,0.0,0.0,0.0,,0,,,,,,0,,,20,0,0,0,8.0,9,8,,,0,0.0,0.0,8,9,2.0,402.0,605.0,695.0,1.0,1.0,1.0,2,1,0.0,,,,,,,,,,,,,,,,,,,,,,,,,,,,,,0,0,0,1,0,0,1,1,1,0,0,0,0,0,0,0,1,1,0,0,0,0,0,0,0,0,0,0,0,1,0,1,0,0,0,,0,0,0,0,0,0,1,1,1,0,0,0,0,0,1,0,,,,,,26-30,26-35,City street,U,Sunday,Unknown,PV,Not Fatal,1,0,0,0,City Street,Municipal/City Police,Vancouver Police Department,0,0,0,1,0,thc,2.7,carboxy-thc,18.0,,0.0,0.0,0.0,,,,,,,,,,,,,,,,,,,,,,,,,,,,,,,,,,,,98664
1334,2018,345,E844453,248.0,10/01/2018,23:04,1,10,0.0,33,King,1830,2,0.0,3,2,2,1,0,2,2,,,,12,0,6,0.0,1,0,1,7,2,4,6,0,0,0,0,SE CARR RD,S CARR RD,-122.2060083,47.442377778,0,1,66,6,1,35,3,0,0,1,7,12,2,6,2,1,14,1,1,53,0,49,34,1984,0,0.0,68,12.0,,,,,1,1,22,1,7.0,7.0,4,7,3,0,11,0,10/01/2018,23:04,183053042808.0,42808.0,0.0,0.0,0.0,3.0,1,28,0.0,0.0,0.0,96,,,,,,0,,,,,,98056.0,53,67.0,140.0,6.0,1.0,0.0,1.0,3.0,1.0,,0,,,,,,4,03/15/2017,09/15/2018,20,0,0,0,0.0,9,8,,,0,0.0,0.0,8,0,2.0,1.0,,,1.0,,,2,1,0.0,,,,,,,,,,,,,,,,,,,,,,,,,,,,,,0,0,0,0,0,0,0,0,0,0,0,0,1,0,0,0,0,0,0,0,0,0,0,1,1,0,0,0,0,1,0,0,0,0,0,,1,0,0,0,0,0,0,0,0,1,0,0,0,0,0,0,,,,,,21-25,16-25,City street,U,Monday,Belt Used,PV,API,0,1,1,0,City Street,Municipal/City Police,Renton Police Department,0,0,0,1,0,,,,,,0.0,0.0,0.0,,,,,,,,,,,,,,,,,,,,,,,,,,,,,,,,,,,,98055
1335,2018,345,E844453,248.0,10/01/2018,23:04,1,10,0.0,33,King,1830,2,0.0,3,2,2,1,0,2,2,,,,12,0,6,0.0,1,0,1,7,2,4,6,0,0,0,0,SE CARR RD,S CARR RD,-122.2060083,47.442377778,0,2,66,62,4,35,34,0,0,1,7,12,3,3,2,1,14,1,1,53,0,7,482,2005,0,0.0,12,,,,,,1,1,48,1,0.0,0.0,0,0,3,0,11,0,,,,,0.0,0.0,0.0,3.0,1,0,0.0,0.0,0.0,96,,,,,,0,,,,,,98273.0,53,69.0,210.0,6.0,1.0,0.0,0.0,0.0,2.0,,0,,,,,,0,11/15/2014,02/15/2015,1,0,0,0,8.0,9,8,,,0,0.0,0.0,8,0,8.0,95.0,,,96.0,,,8,95,995.0,,,,,,,,,,,,,,,,,,,,,,,,,,,,,,0,0,0,0,0,0,0,0,0,0,0,0,1,0,0,0,0,0,0,0,0,0,0,1,1,0,0,0,0,1,0,0,0,0,0,,0,0,0,0,0,0,0,0,0,0,0,0,0,0,0,0,,,,,,46-50,46-55,City street,U,Monday,Belt Used,PV,Not Fatal,0,1,1,0,City Street,Municipal/City Police,Renton Police Department,0,0,0,1,0,,,,,,0.0,0.0,0.0,,,,,,,,,,,,,,,,,,,,,,,,,,,,,,,,,,,,98055
1336,2018,346,E815070,35.0,07/05/2018,17:27,5,7,0.0,53,Pierce,0,1,0.0,1,1,2,1,0,1,1,,,,30,0,0,3.6,1,0,1,3,2,2,4,0,0,0,0,CR-BROOKDALE RD E,,-122.3699194,47.115775,0,1,1,13,2,35,80,0,0,1,7,30,1,1,2,1,15,1,2,53,0,76,706,2005,0,0.0,63,30.0,,,,,1,1,22,1,7.0,1.0,4,0,19,0,11,4,07/11/2018,15:42,223053030731.0,30731.0,0.0,0.0,0.0,3.0,1,0,0.0,0.0,0.0,96,,,,,,99,,,,,,98445.0,53,69.0,150.0,6.0,1.0,0.0,1.0,2.0,1.0,,0,,,,,,4,06/15/2016,02/15/2018,20,8,0,0,0.0,9,8,,,0,0.0,0.0,8,9,8.0,95.0,,,96.0,,,8,95,995.0,,,,,,,,,,,,,,,,,,,,,,,,,,,,,,0,0,1,0,0,0,0,0,0,0,0,0,1,0,0,0,0,0,0,0,0,0,0,1,1,0,0,0,1,0,0,0,0,0,1,0.0,0,0,0,0,0,0,0,0,0,1,0,0,0,0,0,0,,,,,,21-25,16-25,County road,U,Thursday,,MC,White,0,1,0,0,County Road,County Sheriff,Law Enforcement Support Agency,1,0,1,0,0,,,,,,0.0,0.0,0.0,,,,,,,,,,,,,,,,,,,,,,,,,,,,,,,,,,,,98446
1337,2018,347,E839737,36.0,09/05/2018,23:30,5,9,0.0,55,San Juan,0,1,0.0,2,1,2,1,0,2,1,,,,42,0,0,3.5,1,0,1,5,1,2,4,0,0,0,0,CR-ORCAS RD,,-122.9446972,48.644619444,0,1,1,13,2,35,4,0,0,1,2,42,3,1,2,1,14,2,2,53,0,32,42,2001,0,0.0,63,42.0,1.0,,,,1,1,33,1,0.0,0.0,3,0,3,0,11,1,,,,,0.0,0.0,0.0,3.0,1,91,0.0,0.0,0.0,3,,,,,,9,,,,,,98245.0,53,74.0,185.0,6.0,1.0,0.0,0.0,0.0,0.0,,1,,,,,,0,,,8,0,0,0,8.0,9,8,,,0,0.0,0.0,8,1,2.0,605.0,695.0,,1.0,1.0,,2,1,0.13,,,,,,,,,,,,,,,,,,,,,,,,,,,,,,0,0,1,0,1,1,1,1,1,0,0,0,0,0,0,0,1,0,0,1,0,0,0,0,0,0,0,0,0,1,0,0,0,0,0,,0,0,0,0,0,1,1,1,1,0,0,0,0,0,0,1,,,,,,31-35,26-35,County road,R,Wednesday,Belt Used,PV,Not Fatal,0,0,0,0,County Road,County Sheriff,San Juan County Sheriff's Office,0,0,1,0,0,thc,2.3,carboxy-thc,41.0,,0.0,0.0,0.0,,,,,,,,,,,,,,,,,,,,,,,,,,,,,,,,,,,,98245
1338,2018,348,E840642,200.0,09/07/2018,21:38,7,9,0.0,61,Snohomish,1360,2,0.0,3,2,2,1,0,2,2,,,,12,0,1,13.2,1,0,1,3,2,1,2,0,0,0,0,US-2,,-121.8464889,47.85375,0,1,24,51,3,45,14,0,0,1,7,12,1,1,2,1,1,1,2,53,0,12,401,1992,0,0.0,12,,,,,,1,1,18,1,0.0,0.0,0,0,99,0,11,0,,,,,0.0,0.0,0.0,3.0,1,0,0.0,0.0,0.0,5,,,,,,0,,,,,,98272.0,53,71.0,208.0,6.0,1.0,0.0,0.0,0.0,0.0,,97,,,,,,0,,,20,0,0,0,8.0,9,8,,,0,0.0,0.0,8,0,2.0,1.0,,,1.0,,,2,1,0.0,,,,,,,,,,,,,,,,,,,,,,,,,,,,,,0,0,0,0,0,0,1,1,1,0,0,0,0,1,1,0,1,0,0,0,0,1,1,0,1,0,0,0,1,1,0,0,0,0,0,,0,0,0,0,0,0,0,0,1,0,0,0,0,0,0,0,,,,,,18-20,16-25,US highway,U,Friday,Unknown,PV,Not Fatal,0,0,0,0,State Route,Municipal/City Police,Monroe Police Department,0,1,0,0,0,thc,3.1,carboxy-thc,19.0,,0.0,0.0,0.0,,,,,,,,,,,,,,,,,,,,,,,,,,,,,,,,,,,,98272
1339,2018,348,E840642,200.0,09/07/2018,21:38,7,9,0.0,61,Snohomish,1360,2,0.0,3,2,2,1,0,2,2,,,,12,0,1,13.2,1,0,1,3,2,1,2,0,0,0,0,US-2,,-121.8464889,47.85375,0,2,25,53,3,45,80,0,0,1,7,12,1,1,2,1,1,1,0,4,0,99,709,9999,0,0.0,12,,,,,,1,1,38,1,1.0,1.0,4,7,19,0,11,0,09/07/2018,21:38,136053040157.0,40157.0,0.0,0.0,0.0,0.0,1,0,0.0,0.0,0.0,96,,,,,,99,,,,,,85029.0,4,67.0,205.0,0.0,0.0,0.0,0.0,0.0,0.0,,0,,,,,,0,,,20,8,0,0,0.0,9,8,,,0,0.0,0.0,8,9,2.0,401.0,417.0,605.0,1.0,1.0,1.0,2,1,0.0,,,,,,,,,,,,,,,,,,,,,,,,,,,,,,0,0,0,0,0,0,1,1,1,0,0,0,0,1,1,0,1,0,0,0,0,1,1,0,1,0,0,0,1,1,0,0,0,0,1,0.0,0,0,0,0,0,0,1,1,0,0,0,1,0,0,1,0,,,,,,36-40,36-45,US highway,U,Friday,,MC,Hispanic,0,0,0,0,State Route,Municipal/City Police,Monroe Police Department,0,1,0,0,0,,,,,,0.0,0.0,0.0,1.0,,,,,695.0,,,,,,,,,,,,,,,,,,,,,,,,,,,,,,98272
1340,2018,349,E845515,21.0,10/01/2018,5:59,1,10,0.0,25,Grant,0,1,0.0,2,1,2,1,0,3,2,5:59,6:12,6:46,12,0,6,22.2,4,0,1,5,1,2,4,0,0,0,0,CR-ADAMS RD N,,-119.7681111,47.212525,0,1,68,15,2,60,4,0,0,1,7,12,1,1,2,1,11,2,1,53,0,37,31,1998,0,0.0,12,,,,,,1,1,65,1,0.0,0.0,3,0,3,0,11,5,,,,,0.0,0.0,0.0,2.0,1,38,0.0,0.0,0.0,93,,,,,,0,,,,,,99357.0,53,63.0,200.0,1.0,1.0,0.0,0.0,0.0,1.0,,76,,,,,,0,09/15/2018,10/15/2018,1,0,0,0,8.0,9,8,,,0,0.0,0.0,8,0,8.0,95.0,,,96.0,,,8,95,995.0,,,,,,,,,,,,,,,,,,,,,,,,,,,,,,0,0,0,0,0,0,0,0,0,0,0,0,0,1,0,0,1,0,1,0,0,0,0,0,0,1,0,0,0,1,0,0,0,0,0,,0,0,0,0,0,0,0,0,1,0,1,1,0,0,0,0,,,,,,61-65,56-65,County road,R,Monday,Belt Used,PV,Not Fatal,0,0,0,0,County Road,County Sheriff,Grant County Sheriff's Office,0,0,1,0,0,,,,,,0.0,0.0,1.0,,,,,,,,,,,,,,,,,,,,,,,,,,,,,,,,,,,,98848
1341,2018,349,E845515,21.0,10/01/2018,5:59,1,10,0.0,25,Grant,0,1,0.0,2,1,2,1,0,3,2,5:59,6:12,6:46,12,0,6,22.2,4,0,1,5,1,2,4,0,0,0,0,CR-ADAMS RD N,,-119.7681111,47.212525,0,2,69,62,4,60,4,0,0,1,7,12,1,1,2,1,1,1,1,53,0,35,47,2005,0,0.0,12,,,,,,1,1,42,1,0.0,0.0,1,0,3,0,11,5,,,,,0.0,0.0,0.0,3.0,1,0,0.0,0.0,0.0,96,,,,,,0,,,,,,98848.0,53,63.0,160.0,6.0,1.0,0.0,0.0,1.0,1.0,,0,,,,,,0,02/15/2015,06/15/2015,1,0,0,0,8.0,9,8,,,0,0.0,0.0,8,0,8.0,95.0,,,96.0,,,8,95,995.0,,,,,,,,,,,,,,,,,,,,,,,,,,,,,,0,0,0,0,0,0,0,0,0,0,0,0,0,1,0,0,1,0,1,0,0,0,0,0,0,1,0,0,0,1,0,0,0,0,0,,0,0,0,0,0,0,0,0,0,0,0,0,0,0,0,0,,,,,,41-45,36-45,County road,R,Monday,Belt Used,PV,Not Fatal,0,0,0,0,County Road,County Sheriff,Grant County Sheriff's Office,0,0,1,0,0,,,,,,0.0,0.0,0.0,,,,,,,,,,,,,,,,,,,,,,,,,,,,,,,,,,,,98848
1342,2018,350,E845611,8.0,09/24/2018,14:55,24,9,0.0,27,Grays Harbor,0,1,0.0,1,1,2,1,0,2,2,,,,12,0,6,2.9,2,0,3,3,2,1,3,0,0,20,3,SR-12,ABERDEEN LAKE RD,-123.7543417,46.978475,0,1,82,11,2,50,6,0,0,1,7,12,4,1,2,1,11,1,1,53,0,48,34,2002,0,0.0,12,,,,,,1,1,87,2,7.0,1.0,4,7,3,0,11,0,09/24/2018,14:55,53041777.0,41777.0,0.0,0.0,0.0,3.0,1,38,0.0,0.0,0.0,96,,,,,,99,,,,,,98563.0,53,69.0,145.0,6.0,1.0,0.0,0.0,0.0,0.0,,0,,,,,,0,,,20,0,0,0,0.0,9,8,,,0,0.0,0.0,8,9,2.0,996.0,,,1.0,,,2,1,0.0,,,,,,,,,,,,,,,,,,,,,,,,,,,,,,0,0,0,1,0,0,1,1,0,0,0,0,0,0,0,0,0,0,1,0,0,0,0,0,0,1,1,1,0,1,0,0,0,0,0,,1,0,0,0,0,0,1,1,0,0,1,0,0,0,1,0,,,,,,81+,76+,State route,U,Monday,Belt Used,PV,White,1,0,0,0,State Route,State Patrol,Washington State Patrol,0,1,0,0,0,,,,,,0.0,0.0,0.0,,,,,,,,,,,,,,,,,,,,,,,,,,,,,,,,,,,,98520
1343,2018,350,E845611,8.0,09/24/2018,14:55,24,9,0.0,27,Grays Harbor,0,1,0.0,1,1,2,1,0,2,2,,,,12,0,6,2.9,2,0,3,3,2,1,3,0,0,0,0,SR-12,ABERDEEN LAKE RD,-123.7543417,46.978475,0,2,83,67,4,50,34,1,0,1,5,12,1,1,4,1,1,1,1,53,0,12,481,1993,0,0.0,12,,,,,,1,1,57,1,0.0,0.0,1,0,3,0,11,8,,,,,0.0,0.0,0.0,3.0,1,0,0.0,0.0,0.0,96,,,,,,0,,,,,,98552.0,53,74.0,250.0,6.0,1.0,0.0,2.0,0.0,0.0,,0,,,,,,0,07/15/2016,07/15/2016,20,0,0,0,8.0,9,8,,,0,0.0,0.0,8,0,8.0,95.0,,,96.0,,,8,95,995.0,,,,,,,,,,,,,,,,,,,,,,,,,,,,,,0,0,0,1,0,0,1,1,0,0,0,0,0,0,0,0,0,0,1,0,0,0,0,0,0,1,1,1,0,1,0,0,0,0,0,,0,0,0,0,0,0,0,0,0,0,0,0,0,0,0,0,,,,,,56-60,56-65,State route,U,Monday,Belt Used,PV,Not Fatal,1,0,0,0,State Route,State Patrol,Washington State Patrol,0,1,0,0,0,,,,,,0.0,0.0,0.0,,,,,,,,,,,,,,,,,,,,,,,,,,,,,,,,,,,,98520
1344,2018,351,E846367,7.0,10/07/2018,2:17,7,10,7.0,33,King,2310,10,0.0,3,1,1,4,0,5,1,,,,24,0,0,3.4,1,0,1,3,2,1,3,0,0,0,0,SR-518,,-122.2655639,47.461402778,0,1,1,13,2,60,34,0,0,1,7,21,3,2,1,4,14,5,2,53,0,35,473,2004,0,0.0,63,24.0,1.0,21.0,,,1,1,22,1,0.0,0.0,3,0,20,0,11,4,,,,,0.0,0.0,0.0,3.0,1,0,0.0,0.0,0.0,96,,,,,,9,,,,,,98032.0,53,66.0,180.0,6.0,1.0,1.0,2.0,0.0,1.0,,97,,,,,,4,07/15/2015,10/15/2017,8,9,0,0,8.0,9,8,,,0,0.0,0.0,8,1,8.0,95.0,,,96.0,,,2,1,997.0,,,,,,,,,,,,,,,,,,,,,,,,,,,,,,0,0,1,0,1,0,0,0,0,0,0,0,1,0,0,0,0,0,0,1,0,0,0,1,1,0,0,0,0,1,0,0,0,0,0,,0,0,0,0,0,0,0,0,0,1,0,0,0,0,0,1,,,,,,21-25,16-25,State route,U,Sunday,Not Used,PV,Not Fatal,0,1,0,0,State Route,State Patrol,Washington State Patrol,1,1,0,0,0,,,,,,0.0,0.0,2.0,,,,,,,,,,,,,,,,,,,,,,,,,,,,,,,,,,,,98188
1345,2018,352,E846785,160.0,10/06/2018,22:28,6,10,7.0,33,King,1030,1,0.0,3,1,2,1,1,1,1,,,,8,0,0,2.7,1,0,1,4,2,1,3,0,0,0,0,SR-515,,-122.1970528,47.410347222,0,1,13,80,5,40,15,0,0,1,7,8,1,1,5,5,1,1,1,53,0,12,422,1998,0,0.0,8,,,,,,1,1,62,1,0.0,0.0,0,0,99,0,11,0,,,,,0.0,0.0,3.0,3.0,1,91,0.0,0.0,0.0,96,,,,,,9,,,,,,98122.0,53,66.0,182.0,6.0,1.0,0.0,1.0,0.0,1.0,,1,,,,,,0,04/15/2015,01/15/2017,20,0,0,0,8.0,2,8,,,0,0.0,0.0,8,1,2.0,1.0,,,1.0,,,2,10,0.25,,,,,,,,,,,,,,,,,,,,,,,,,,,,,,0,0,0,0,1,1,0,1,0,1,1,0,0,0,0,0,0,0,0,0,0,0,0,0,0,0,0,0,0,1,0,1,0,0,0,,0,0,0,0,0,1,0,1,0,0,0,0,0,1,0,1,,,,,,61-65,56-65,State route,U,Saturday,Unknown,PV,Not Fatal,0,0,0,0,State Route,Municipal/City Police,Kent Police Department,0,1,0,0,0,,,,,,0.0,0.0,2.0,,,,,,,,,,,,,,,,,,,,,,,,,,,,,,,,,,,,98031
1346,2018,353,E846824,35.0,10/07/2018,19:50,7,10,7.0,53,Pierce,0,1,0.0,3,1,2,1,1,2,1,,,,8,0,0,2.8,1,0,1,5,2,2,4,0,0,0,0,CR-108TH ST S,,-122.4348,47.159308333,0,1,13,80,5,35,4,0,0,1,5,8,1,1,2,1,1,2,1,53,0,30,40,2006,0,0.0,8,,,,,,1,1,34,2,0.0,0.0,0,0,3,0,11,0,,,,,0.0,0.0,3.0,3.0,1,0,0.0,0.0,0.0,96,,,,,,0,,,,,,98391.0,53,62.0,130.0,6.0,1.0,0.0,0.0,0.0,3.0,,0,,,,,,0,01/15/2014,12/15/2015,20,0,0,0,8.0,9,8,,,0,0.0,0.0,8,0,8.0,95.0,,,96.0,,,8,95,995.0,,,,,,,,,,,,,,,,,,,,,,,,,,,,,,0,0,0,0,0,0,0,0,0,1,1,0,0,0,0,0,0,1,0,0,0,0,0,0,0,0,0,0,0,1,0,1,0,0,0,,0,0,0,0,0,0,0,0,0,0,0,0,0,0,0,0,,,,,,31-35,26-35,County road,U,Sunday,Belt Used,PV,Not Fatal,0,0,0,0,County Road,County Sheriff,Law Enforcement Support Agency,0,0,1,0,0,,,,,,0.0,0.0,2.0,,,,,,,,,,,,,,,,,,,,,,,,,,,,,,,,,,,,98447