,year,case,par,repjur,crash_dt,crash_tm,accday,accmon,holiday,county,co_char,city,weather,weather2,lightcond,surfcond,surftype,numfatal,nmforms,pforms,vforms,not_tm,arr_tm,hosp_tm,fhevent,hitrun,manncol,milepnt,reljunc,reljuncinter,intersectiontype,funcsystem,landuse,ownership,route,schlbus,spejur,contdev,devfunc,trafid1,trafid2,x,y,wk_zone,vnumber,crashtype,criticalevent,criticaleventcat,spdlim,body,trailer,emerg,hazcargo,leave,mhevent,roadalgn,roadprof,traflane,trafflow,vehmanvr,numoccs,regowner,regstate,spuse,make,model,modelyr,vrf1,vrf2,seqevent1,seqevent2,seqevent3,seqevent4,seqevent5,seqevent6,pnumber,ptype,age,sex,hispanic,race,injury,diedscene,restraint,restraintmisuse,seatpos,takehosp,death_dt,death_tm,cert,cernum_wa,commlic,licendor,licrestrict,liccomp,drivpres,drf1,drf2,drf3,drf4,distract1,distract2,distract3,distract4,distract5,distract6,dricond1,dricond2,dricond3,dricond4,dricond5,dricond6,dzip,licstate,drhgt_in,weight,noncdl,noncdltype,prevdwi,prevoth,prevacc,prevspd,prevsus,driviol1,driviol2,driviol3,driviol4,driviol5,driviol6,spdrel,first_dt,last_dt,airbag,ejection,ejectpath,extricat,injurwrk,methalc,methdrug,nmlocat,strikveh,prf1,prf2,prf3,druginv,alcinvol,drugsts,drugres1,drugres2,drugres3,drugtst1,drugtst2,drugtst3,alcsts,alctst,alcres,nmact1,nmact2,nmact3,nmact4,nmact5,nmact6,nmprior1,nmprior2,nmprior3,nmprior4,nmprior5,nmprior6,nmcond1,nmcond2,nmcond3,nmcond4,nmcond5,nmcond6,nmsafe_helmet,nmsafe_pads,nmsafe_oth,nmprev_ref,nmprev_lgt,nmprev_oth,crashlocation,nmcrashtype,crosswalk,schoolzone,sidewalk,train_inv,wildlife_inv,rotr_fars,intersect_fars,dd_inv,aid_inv,dpd_inv,id_inv,mj_inv,impnm_inv,ainm_inv,dpnm_inv,speed_inv,unlic_inv,unendmc_inv,drowsy_inv,drdist_inv,nmdist_inv,fty_inv,unrestfat_inv,dr1617_inv,dr1820_inv,dr1620_inv,dr2125_inv,dr1625_inv,dr65_inv,dr70_inv,dr75_inv,mc_inv,pv_inv,ht_inv,ped_inv,bike_inv,unrest_fat,mc_fat,unhelmet_mc,pv_fat,ht_fat,ped_fat,bike_fat,dr_alc7,dr_alc8,dr_drug,dr_imp,dr_dist,dr_spd,dr_fty,dr_unlic,dr_alc7only,dr_alc8only,dr_drugonly,dr_drink,nm_imp,nm_alc7,nm_alc8,nm_drug,nm_dist,agegrp1,agegrp2,roadclass,urbrur,dayweek,restuse,vehtype,race_me,intersect,lanedep,oppdir,wrongway,rep_typ,investag,repag_long,rotr,st_rd,cty_rd,city_rd,oth_rd,drug_thc,thc_res,drug_cthc,cthc_res,drug_cann,prevpersemin,prevperse,prevsusoth,drugtst4,drugtst5,drugtst6,drugtst7,drugtst8,drugres4,drugres5,drugres6,drugres7,drugres8,adspresent,adsengaged,adslevel,race1,race2,race3,race4,race5,helmet,helmetmisuse,nmdistract1,nmdistract2,nmdistract3,nmdistract4,nmdistract5,nmdistract6,lab,isedtcase,crf1,crf2,crf3,CoRoadName,CoMP,IntCoRoadName,IntCoMP,zipcode
1366,2018,367,E849074,122.0,10/12/2018,21:14,12,10,0.0,61,Snohomish,690,1,0.0,2,1,2,1,1,3,1,21:13,21:23,,8,0,0,6.7,1,0,1,3,2,1,3,0,0,0,0,SR-529,,-122.182625,48.035391667,0,1,13,80,5,55,4,0,0,1,7,8,1,2,2,3,1,3,1,53,0,41,51,2008,0,0.0,8,,,,,,1,1,30,2,0.0,0.0,1,0,3,0,11,8,,,,,0.0,0.0,0.0,3.0,1,0,0.0,0.0,0.0,96,,,,,,0,,,,,,98270.0,53,64.0,180.0,6.0,1.0,0.0,0.0,0.0,0.0,,0,,,,,,0,,,20,0,0,0,8.0,9,8,,,0,0.0,0.0,8,0,8.0,95.0,,,96.0,,,8,95,995.0,,,,,,,,,,,,,,,,,,,,,,,,,,,,,,0,0,0,0,0,0,0,0,0,1,0,1,0,0,0,0,0,0,0,0,0,0,0,0,0,0,0,0,0,1,0,1,0,0,0,,0,0,0,0,0,0,0,0,0,0,0,0,0,0,0,0,,,,,,26-30,26-35,State route,U,Friday,Belt Used,PV,Not Fatal,0,0,0,0,State Route,Municipal/City Police,Everett Police Department,0,1,0,0,0,,,,,,0.0,0.0,0.0,,,,,,,,,,,,,,,,,,,,,,,,,,,,,,,,,,,,98270
1367,2018,368,E849167,2.0,10/10/2018,14:14,10,10,0.0,57,Skagit,0,1,0.0,1,1,2,1,0,4,3,,,,12,0,1,238.0,1,0,1,1,1,1,1,0,0,0,0,I-5,,-122.3463444,48.579094444,0,1,28,52,3,60,66,1,0,1,5,12,1,1,3,3,15,1,3,53,0,51,881,2015,0,0.0,12,,,,,,1,1,63,1,0.0,0.0,0,0,3,0,11,0,,,,,6.0,3.0,0.0,3.0,1,0,0.0,0.0,0.0,93,,,,,,0,,,,,,98007.0,53,67.0,179.0,6.0,1.0,0.0,0.0,1.0,0.0,,97,,,,,,0,10/15/2015,10/15/2015,20,0,0,0,8.0,9,8,,,0,0.0,0.0,8,0,8.0,95.0,,,96.0,,,8,95,995.0,,,,,,,,,,,,,,,,,,,,,,,,,,,,,,0,0,0,0,0,0,0,0,0,0,0,0,0,0,0,0,1,0,0,0,0,0,0,0,0,0,0,0,0,1,1,0,0,0,0,,0,0,0,0,0,0,0,0,1,0,0,0,0,0,0,0,,,,,,61-65,56-65,Interstate,R,Wednesday,,MHTRUCK,Not Fatal,0,0,0,0,State Route,State Patrol,Washington State Patrol,0,1,0,0,0,,,,,,0.0,0.0,0.0,,,,,,,,,,,,,,,,,,,,,,,,,,,,,,,,,,,,98233
1368,2018,368,E849167,2.0,10/10/2018,14:14,10,10,0.0,57,Skagit,0,1,0.0,1,1,2,1,0,4,3,,,,12,0,1,238.0,1,0,1,1,1,1,1,0,0,0,0,I-5,,-122.3463444,48.579094444,0,2,29,53,3,70,5,0,0,1,2,12,1,1,3,3,2,1,3,53,0,52,47,2015,0,0.0,12,12.0,,,,,1,1,31,2,0.0,0.0,0,0,3,0,11,0,,,,,0.0,0.0,0.0,3.0,1,0,0.0,0.0,0.0,96,,,,,,0,,,,,,98264.0,53,65.0,220.0,6.0,1.0,0.0,0.0,0.0,2.0,,0,,,,,,0,11/15/2015,10/15/2017,1,0,0,0,8.0,9,8,,,0,0.0,0.0,8,0,8.0,95.0,,,96.0,,,8,95,995.0,,,,,,,,,,,,,,,,,,,,,,,,,,,,,,0,0,0,0,0,0,0,0,0,0,0,0,0,0,0,0,1,0,0,0,0,0,0,0,0,0,0,0,0,1,1,0,0,0,0,,0,0,0,0,0,0,0,0,0,0,0,0,0,0,0,0,,,,,,31-35,26-35,Interstate,R,Wednesday,Belt Used,PV,Not Fatal,0,0,0,0,State Route,State Patrol,Washington State Patrol,0,1,0,0,0,,,,,,0.0,0.0,0.0,,,,,,,,,,,,,,,,,,,,,,,,,,,,,,,,,,,,98233
1369,2018,368,E849167,2.0,10/10/2018,14:14,10,10,0.0,57,Skagit,0,1,0.0,1,1,2,1,0,4,3,,,,12,0,1,238.0,1,0,1,1,1,1,1,0,0,0,0,I-5,,-122.3463444,48.579094444,0,3,98,98,7,60,5,0,0,1,2,12,1,1,3,3,5,2,2,53,0,49,46,2010,0,0.0,12,,,,,,1,1,34,1,0.0,0.0,1,0,3,0,11,4,,,,,0.0,0.0,0.0,3.0,1,0,0.0,0.0,0.0,0,,,,,,0,,,,,,98248.0,53,72.0,190.0,6.0,1.0,0.0,0.0,0.0,1.0,,0,,,,,,0,10/15/2013,10/15/2013,20,0,0,0,8.0,9,8,,,0,0.0,0.0,8,0,8.0,95.0,,,96.0,,,8,95,995.0,,,,,,,,,,,,,,,,,,,,,,,,,,,,,,0,0,0,0,0,0,0,0,0,0,0,0,0,0,0,0,1,0,0,0,0,0,0,0,0,0,0,0,0,1,1,0,0,0,0,,0,0,0,0,0,0,0,0,0,0,0,0,0,0,0,0,,,,,,31-35,26-35,Interstate,R,Wednesday,Belt Used,PV,Not Fatal,0,0,0,0,State Route,State Patrol,Washington State Patrol,0,1,0,0,0,,,,,,0.0,0.0,0.0,,,,,,,,,,,,,,,,,,,,,,,,,,,,,,,,,,,,98233
1370,2018,369,E849185,5.0,10/13/2018,10:54,13,10,0.0,59,Skamania,0,1,0.0,1,1,2,1,0,3,2,,,,12,0,6,43.2,4,0,1,3,1,1,3,0,0,0,0,SR-14,,-121.8976833,45.684416667,0,1,72,60,4,55,14,0,0,1,7,12,1,1,2,1,11,2,0,41,0,49,402,2013,0,0.0,12,,,,,,1,1,69,2,0.0,0.0,0,0,3,0,11,0,,,,,0.0,0.0,3.0,3.0,1,0,0.0,0.0,0.0,96,,,,,,0,,,,,,97019.0,41,64.0,185.0,6.0,1.0,0.0,0.0,0.0,0.0,,0,,,,,,0,,,20,0,0,0,8.0,9,8,,,0,0.0,0.0,8,0,8.0,95.0,,,96.0,,,8,95,995.0,,,,,,,,,,,,,,,,,,,,,,,,,,,,,,0,0,0,0,0,0,0,0,0,0,0,0,0,0,0,0,1,0,1,0,0,0,0,0,0,1,0,0,1,1,0,0,0,0,0,,0,0,0,0,0,0,0,0,0,0,0,0,0,0,0,0,,,,,,66-70,66-75,State route,R,Saturday,Belt Used,PV,Not Fatal,0,0,0,0,State Route,State Patrol,WASHINGTON STATE PATROL,0,1,0,0,0,,,,,,0.0,0.0,0.0,,,,,,,,,,,,,,,,,,,,,,,,,,,,,,,,,,,,98648
1371,2018,369,E849185,5.0,10/13/2018,10:54,13,10,0.0,59,Skamania,0,1,0.0,1,1,2,1,0,3,2,,,,12,0,6,43.2,4,0,1,3,1,1,3,0,0,0,0,SR-14,,-121.8976833,45.684416667,0,2,73,10,2,55,80,0,0,1,2,12,1,1,2,1,6,1,1,53,0,76,706,2016,0,0.0,12,,,,,,1,1,45,1,1.0,98.0,4,7,5,0,11,0,10/13/2018,10:54,53045556.0,45556.0,0.0,0.0,0.0,3.0,1,33,38.0,0.0,0.0,93,,,,,,0,,,,,,98639.0,53,65.0,165.0,6.0,1.0,0.0,0.0,0.0,0.0,,0,,,,,,0,,,20,8,0,0,0.0,9,8,,,0,0.0,0.0,8,0,2.0,1.0,,,1.0,,,2,1,0.0,,,,,,,,,,,,,,,,,,,,,,,,,,,,,,0,0,0,0,0,0,0,0,0,0,0,0,0,0,0,0,1,0,1,0,0,0,0,0,0,1,0,0,1,1,0,0,0,0,1,0.0,0,0,0,0,0,0,0,0,1,0,1,0,0,0,0,0,,,,,,41-45,36-45,State route,R,Saturday,,MC,Hispanic,0,0,0,0,State Route,State Patrol,WASHINGTON STATE PATROL,0,1,0,0,0,,,,,,0.0,0.0,0.0,,,,,,,,,,,,,,,,,,,,,,,,,,,,,,,,,,,,98648
1372,2018,370,E849453,3.0,10/13/2018,21:23,13,10,0.0,53,Pierce,0,1,0.0,2,1,2,1,0,1,1,21:20,21:29,,24,0,0,47.4,1,0,1,3,2,1,3,0,0,0,0,SR-7,,-122.4351361,47.083675,0,1,1,11,2,40,34,0,0,1,2,24,1,1,4,1,1,1,1,53,0,12,481,2017,0,0.0,63,24.0,42.0,,,,1,1,78,1,7.0,1.0,4,7,20,0,11,0,10/13/2018,21:23,53045064.0,45064.0,6.0,0.0,0.0,3.0,1,0,0.0,0.0,0.0,96,,,,,,9,,,,,,98328.0,53,76.0,225.0,6.0,1.0,0.0,0.0,0.0,0.0,,0,,,,,,0,,,20,0,0,0,0.0,1,8,,,0,0.0,0.0,8,1,2.0,1.0,,,1.0,,,2,1,0.18,,,,,,,,,,,,,,,,,,,,,,,,,,,,,,0,0,1,0,1,1,0,1,0,0,0,0,0,0,0,0,0,0,0,1,0,0,0,0,0,1,1,1,0,1,0,0,0,1,0,,1,0,0,0,0,1,0,1,0,0,0,0,0,1,0,1,,,,,,76-80,76+,State route,U,Saturday,Not Used,PV,White,0,1,0,0,State Route,State Patrol,Washington State Patrol,1,1,0,0,0,,,,,,0.0,0.0,0.0,,,,,,,,,,,,,,,,,,,,,,,,,,,,,,,,,,,,98404
1373,2018,371,E849902,4.0,10/16/2018,17:43,16,10,0.0,63,Spokane,2113,1,0.0,5,1,2,1,0,2,2,17:43,18:03,18:57,12,0,2,11.2,1,0,1,3,2,1,3,0,0,0,0,SR-290,,-117.1817778,47.696433333,0,1,50,10,2,98,34,0,0,1,2,12,1,1,2,1,1,1,2,53,0,49,472,2012,0,0.0,68,12.0,,,,,1,1,26,1,7.0,1.0,4,7,20,0,11,0,10/16/2018,17:43,211353045340.0,45340.0,0.0,0.0,3.0,3.0,1,28,0.0,0.0,0.0,96,,,,,,99,,,,,,17603.0,42,72.0,999.0,6.0,1.0,0.0,0.0,0.0,0.0,,0,,,,,,0,,,1,0,0,0,0.0,9,8,,,0,0.0,0.0,8,9,2.0,337.0,605.0,695.0,1.0,1.0,1.0,2,1,0.0,,,,,,,,,,,,,,,,,,,,,,,,,,,,,,0,0,0,0,0,0,1,1,1,0,0,0,0,0,0,0,0,0,0,1,0,0,0,0,0,0,0,0,0,1,0,0,0,1,0,,1,0,0,0,0,0,1,1,0,0,0,0,0,0,1,0,,,,,,26-30,26-35,State route,U,Tuesday,Not Used,PV,White,0,1,1,0,State Route,State Patrol,Washington State Patrol,0,1,0,0,0,thc,48.0,carboxy-thc,888.0,,0.0,0.0,0.0,,,,,,,,,,,,,,,,,,,,,,,,,,,,,,,,,,,,99212
1374,2018,371,E849902,4.0,10/16/2018,17:43,16,10,0.0,63,Spokane,2113,1,0.0,5,1,2,1,0,2,2,17:43,18:03,18:57,12,0,2,11.2,1,0,1,3,2,1,3,0,0,0,0,SR-290,,-117.1817778,47.696433333,0,2,51,62,4,50,34,0,0,1,2,12,1,1,2,1,1,1,1,53,0,7,482,2017,0,0.0,12,,,,,,1,1,35,2,0.0,0.0,2,0,3,0,11,5,,,,,0.0,0.0,0.0,3.0,1,0,0.0,0.0,0.0,96,,,,,,0,,,,,,99027.0,53,67.0,135.0,6.0,1.0,0.0,0.0,0.0,0.0,,0,,,,,,0,,,8,0,0,0,8.0,9,8,,,0,0.0,0.0,8,0,8.0,95.0,,,96.0,,,8,95,995.0,,,,,,,,,,,,,,,,,,,,,,,,,,,,,,0,0,0,0,0,0,1,1,1,0,0,0,0,0,0,0,0,0,0,1,0,0,0,0,0,0,0,0,0,1,0,0,0,0,0,,0,0,0,0,0,0,0,0,0,0,0,0,0,0,0,0,,,,,,31-35,26-35,State route,U,Tuesday,Belt Used,PV,Not Fatal,0,1,1,0,State Route,State Patrol,Washington State Patrol,0,1,0,0,0,,,,,,0.0,0.0,0.0,,,,,,,,,,,,,,,,,,,,,,,,,,,,,,,,,,,,99212
1375,2018,372,E850067,5.0,09/24/2018,20:32,24,9,0.0,41,Lewis,0,1,0.0,3,1,2,1,1,1,1,,,,8,1,0,80.4,1,0,1,3,1,1,3,0,0,0,0,SR-12,,-122.6041111,46.528794444,0,1,13,80,5,55,34,0,0,1,5,8,1,1,2,1,1,1,1,41,0,12,471,2006,0,0.0,8,,,,,,1,1,61,2,0.0,0.0,0,0,3,0,11,0,,,,,0.0,0.0,3.0,3.0,1,0,0.0,0.0,0.0,96,,,,,,99,,,,,,98546.0,53,65.0,150.0,6.0,1.0,0.0,0.0,0.0,0.0,,97,,,,,,0,,,20,0,0,0,8.0,9,8,,,0,0.0,0.0,8,1,8.0,95.0,,,96.0,,,8,95,995.0,,,,,,,,,,,,,,,,,,,,,,,,,,,,,,0,0,0,0,1,0,0,0,0,0,0,0,0,0,0,0,0,0,0,0,0,0,0,0,0,0,0,0,0,1,0,1,0,0,0,,0,0,0,0,0,0,0,0,0,0,0,0,0,0,0,1,,,,,,61-65,56-65,State route,R,Monday,Belt Used,PV,Not Fatal,0,0,0,0,State Route,State Patrol,Washington State Patrol,0,1,0,0,0,,,,,,0.0,0.0,0.0,,,,,,,,,,,,,,,,,,,,,,,,,,,,,,,,,,,,98582
1376,2018,374,E851101,315.0,10/15/2018,22:11,15,10,0.0,7,Chelan,2460,1,0.0,3,1,2,1,0,3,1,,,,5,0,0,2.6,1,0,1,3,2,1,3,0,0,0,0,SR-285,,-120.32215,47.435375,0,1,0,98,7,30,34,0,0,1,5,5,1,1,3,4,1,3,1,53,0,12,481,1980,0,0.0,5,,,,,,1,1,22,1,0.0,0.0,0,0,3,0,11,0,,,,,0.0,0.0,0.0,3.0,1,0,0.0,0.0,0.0,96,,,,,,0,,,,,,98802.0,53,64.0,130.0,6.0,1.0,0.0,0.0,0.0,0.0,,97,,,,,,0,,,20,0,0,0,8.0,9,8,,,0,0.0,0.0,8,0,2.0,1.0,,,1.0,,,2,1,0.0,,,,,,,,,,,,,,,,,,,,,,,,,,,,,,0,0,0,0,0,0,0,0,0,0,0,0,0,0,0,0,0,0,0,1,0,0,0,1,1,0,0,0,0,1,0,0,0,0,0,,0,0,0,0,0,0,0,0,0,0,0,0,0,0,0,0,,,,,,21-25,16-25,State route,U,Monday,Belt Used,PV,Not Fatal,0,0,0,0,State Route,Municipal/City Police,Wenatchee Police Department,0,1,0,0,0,,,,,,0.0,0.0,0.0,,,,,,,,,,,,,,,,,,,,,,,,,,,,,,,,,,,,98801
1377,2018,375,E851269,5.0,10/14/2018,21:18,14,10,0.0,11,Clark,2370,1,0.0,3,1,2,1,0,1,1,,,,25,0,0,3.3,1,0,1,1,2,1,1,0,0,0,0,I-5,,-122.6669306,45.662788889,0,1,6,6,1,60,40,0,0,1,2,1,8,8,4,3,1,1,1,53,0,49,472,1996,0,0.0,64,25.0,1.0,30.0,,,1,1,22,1,7.0,78.0,4,7,20,0,11,0,10/14/2018,21:18,237053045676.0,45676.0,0.0,0.0,0.0,2.0,1,0,0.0,0.0,0.0,96,,,,,,9,,,,,,98662.0,53,71.0,150.0,1.0,1.0,1.0,2.0,1.0,2.0,,0,,,,,,4,04/15/2018,09/15/2018,1,0,0,0,0.0,1,8,,,0,0.0,0.0,8,1,2.0,300.0,,,1.0,,,2,1,0.16,,,,,,,,,,,,,,,,,,,,,,,,,,,,,,0,0,1,0,1,1,1,1,0,0,0,0,1,1,0,0,0,0,0,1,0,0,0,1,1,0,0,0,0,1,0,0,0,1,0,,1,0,0,0,0,1,1,1,0,1,0,1,0,0,0,1,,,,,,21-25,16-25,Interstate,U,Sunday,Not Used,PV,API,0,1,0,0,State Route,State Patrol,Washington State Patrol,1,1,0,0,0,,,,,,0.0,1.0,3.0,,,,,,,,,,,,,,,,,,,,,,,,,,,,,,,,,,,,98663
1378,2018,376,E851494,307.0,10/19/2018,23:15,19,10,0.0,71,Walla Walla,2390,1,0.0,3,1,2,1,1,1,1,,,,8,1,0,0.0,1,0,1,7,2,4,6,0,0,0,0,N 9TH AVE,,-118.3511806,46.069983333,0,1,13,80,5,98,99,0,0,1,5,8,8,8,2,1,1,99,9,99,0,99,999,9999,0,0.0,8,,,,,,1,1,998,8,0.0,0.0,9,0,99,0,11,8,,,,,99.0,9.0,9.0,9.0,1,0,0.0,0.0,0.0,96,,,,,,99,,,,,,99999.0,99,,999.0,9.0,9.0,99.0,99.0,99.0,99.0,,0,,,,,,0,,,99,9,0,0,8.0,9,8,,,0,0.0,0.0,8,9,8.0,95.0,,,96.0,,,8,95,995.0,,,,,,,,,,,,,,,,,,,,,,,,,,,,,,0,0,0,0,0,0,0,0,0,0,0,0,0,0,0,0,0,0,0,0,0,0,0,0,0,0,0,0,0,0,0,1,0,0,0,,0,0,0,0,0,0,0,0,0,0,0,0,0,0,0,0,,,,,,,,City street,U,Friday,,NR-U,Not Fatal,0,0,0,0,City Street,Municipal/City Police,Walla Walla Police Department,0,0,0,1,0,,,,,,99.0,99.0,99.0,,,,,,,,,,,,,,,,,,,,,,,,,,,,,,,,,,,,99362
1379,2018,377,E851684,3.0,10/02/2018,13:58,2,10,0.0,67,Thurston,0,1,0.0,1,1,2,1,0,1,1,,,,25,0,0,99.9,1,0,1,1,2,1,1,0,0,0,0,I-5,,-122.9353639,46.960361111,0,1,6,6,1,70,4,0,0,1,7,3,1,1,3,3,6,1,1,53,0,55,35,2001,0,0.0,64,25.0,69.0,63.0,31.0,1.0,1,1,26,1,7.0,1.0,4,0,3,0,11,4,10/02/2018,17:44,159053043568.0,43568.0,0.0,0.0,0.0,3.0,1,0,0.0,0.0,0.0,96,,,,,,99,,,,,,98531.0,53,73.0,185.0,6.0,1.0,0.0,5.0,0.0,9.0,,0,,,,,,4,01/15/2014,05/15/2018,20,0,0,0,0.0,9,8,,,0,0.0,0.0,8,9,2.0,605.0,695.0,,1.0,1.0,,2,1,0.18,,,,,,,,,,,,,,,,,,,,,,,,,,,,,,0,0,1,0,1,1,1,1,1,0,0,0,1,0,0,0,0,0,0,0,0,0,0,0,0,0,0,0,0,1,0,0,0,0,0,,1,0,0,0,0,1,1,1,0,1,0,0,0,0,0,1,,,,,,26-30,26-35,Interstate,U,Tuesday,Belt Used,PV,White,0,1,0,0,State Route,State Patrol,Washington State Patrol,1,1,0,0,0,thc,10.0,carboxy-thc,48.0,,0.0,0.0,0.0,,,,,,,,,,,,,,,,,,,,,,,,,,,,,,,,,,,,98512
1380,2018,378,E852814,16.0,10/18/2018,16:42,18,10,0.0,15,Cowlitz,0,1,0.0,1,1,2,1,0,1,1,,,,1,0,0,0.4,1,0,1,6,1,2,4,0,0,98,3,CR-POWELL RD,,-122.8989194,46.275458333,1,1,98,6,1,25,80,0,0,1,7,1,4,1,2,1,14,1,2,53,0,53,706,2003,0,0.0,1,68.0,64.0,24.0,,,1,1,32,1,7.0,1.0,4,7,19,0,11,0,10/18/2018,16:42,53045935.0,45935.0,0.0,0.0,0.0,3.0,1,0,0.0,0.0,0.0,93,,,,,,99,,,,,,98611.0,53,72.0,240.0,6.0,1.0,0.0,5.0,0.0,1.0,,0,,,,,,4,10/15/2013,07/15/2017,20,8,0,0,0.0,9,8,,,0,0.0,0.0,8,9,2.0,605.0,695.0,996.0,1.0,1.0,1.0,2,1,0.0,,,,,,,,,,,,,,,,,,,,,,,,,,,,,,0,0,0,0,0,0,1,1,1,0,0,0,1,0,0,0,1,0,0,0,0,0,0,0,0,0,0,0,1,0,0,0,0,0,1,0.0,0,0,0,0,0,0,1,1,1,1,0,0,0,0,1,0,,,,,,31-35,26-35,County road,R,Thursday,,MC,White,0,0,0,0,County Road,County Sheriff,Cowlitz County Sheriff's Office,0,0,1,0,0,thc,7.6,carboxy-thc,7.5,,0.0,0.0,0.0,1.0,1.0,1.0,,,996.0,996.0,996.0,,,,,,,,,,,,,,,,,,,,,,,,,,,,98611
1381,2018,379,E843470,169.0,09/27/2018,13:30,27,9,0.0,67,Thurston,1102,1,0.0,1,1,2,1,0,4,2,,,,12,0,6,0.0,2,0,2,7,2,4,6,0,0,0,0,COLLEGE ST SE,BELAIR DR SE,-122.8231944,47.02075,0,1,68,15,2,35,14,0,0,1,5,12,1,1,4,1,11,2,1,53,0,49,402,2013,0,0.0,12,64.0,31.0,,,,1,1,79,2,0.0,0.0,1,0,3,0,11,5,,,,,0.0,0.0,3.0,3.0,1,10,38.0,48.0,0.0,96,,,,,,0,,,,,,98503.0,53,63.0,155.0,6.0,1.0,0.0,0.0,0.0,0.0,,46,,,,,,0,,,8,0,0,0,8.0,9,8,,,0,0.0,0.0,8,0,8.0,95.0,,,96.0,,,8,95,995.0,,,,,,,,,,,,,,,,,,,,,,,,,,,,,,0,0,0,1,0,0,0,0,0,0,0,0,0,1,0,0,0,0,1,0,0,0,0,1,1,1,1,1,0,1,0,0,0,0,0,,0,0,0,0,0,0,0,0,0,0,1,0,0,0,0,0,,,,,,76-80,76+,City street,U,Thursday,Belt Used,PV,Not Fatal,1,0,0,0,City Street,Municipal/City Police,Lacey Police Department,0,0,0,1,0,,,,,,0.0,0.0,0.0,,,,,,,,,,,,,,,,,,,,,,,,,,,,,,,,,,,,98503
1382,2018,379,E843470,169.0,09/27/2018,13:30,27,9,0.0,67,Thurston,1102,1,0.0,1,1,2,1,0,4,2,,,,12,0,6,0.0,2,0,2,7,2,4,6,0,0,0,0,COLLEGE ST SE,BELAIR DR SE,-122.8231944,47.02075,0,2,69,62,4,35,34,0,0,1,5,12,1,1,4,1,1,2,9,99,0,23,471,1993,0,0.0,12,,,,,,1,1,22,1,0.0,0.0,1,0,99,0,11,5,,,,,0.0,0.0,0.0,0.0,1,0,0.0,0.0,0.0,96,,,,,,0,,,,,,99999.0,1,72.0,205.0,0.0,0.0,0.0,0.0,0.0,0.0,,0,,,,,,0,,,20,0,0,0,8.0,9,8,,,0,0.0,0.0,8,0,8.0,95.0,,,96.0,,,8,95,995.0,,,,,,,,,,,,,,,,,,,,,,,,,,,,,,0,0,0,1,0,0,0,0,0,0,0,0,0,1,0,0,0,0,1,0,0,0,0,1,1,1,1,1,0,1,0,0,0,0,0,,0,0,0,0,0,0,0,0,0,0,0,1,0,0,0,0,,,,,,21-25,16-25,City street,U,Thursday,Unknown,PV,Not Fatal,1,0,0,0,City Street,Municipal/City Police,Lacey Police Department,0,0,0,1,0,,,,,,0.0,0.0,0.0,,,,,,,,,,,,,,,,,,,,,,,,,,,,,,,,,,,,98503
1383,2018,380,E817446,25.0,07/13/2018,10:57,13,7,0.0,33,King,0,1,0.0,1,0,0,1,0,2,2,,,,12,0,6,4.0,8,0,1,4,1,2,4,0,0,0,0,CR-AUBURN-BLACK DIAMOND,SE 321 PL,-122.1118306,47.312927778,0,1,82,15,2,0,6,0,0,1,7,12,0,0,0,0,11,1,2,53,0,48,45,2009,0,0.0,12,,,,,,1,1,87,2,7.0,1.0,4,0,3,0,11,5,07/15/2018,19:45,10053031904.0,31904.0,0.0,0.0,3.0,3.0,1,38,0.0,0.0,0.0,96,,,,,,0,,,,,,98092.0,53,63.0,165.0,6.0,1.0,0.0,0.0,0.0,0.0,,46,,,,,,0,,,1,0,0,0,0.0,9,8,,,0,0.0,0.0,8,0,2.0,1.0,,,1.0,,,2,1,0.0,,,,,,,,,,,,,,,,,,,,,,,,,,,,,,0,0,0,0,0,0,0,0,0,0,0,0,0,0,0,0,0,0,1,0,0,0,0,0,0,1,1,1,0,1,0,0,0,0,0,,1,0,0,0,0,0,0,0,0,0,1,0,0,0,0,0,,,,,,81+,76+,County road,R,Friday,Belt Used,PV,White,1,0,0,0,County Road,County Sheriff,King County Police,0,0,1,0,0,,,,,,0.0,0.0,0.0,,,,,,,,,,,,,,,,,,,,,,,,,,,,,,,,,,,,98092