,year,case,par,repjur,crash_dt,crash_tm,accday,accmon,holiday,county,co_char,city,weather,weather2,lightcond,surfcond,surftype,numfatal,nmforms,pforms,vforms,not_tm,arr_tm,hosp_tm,fhevent,hitrun,manncol,milepnt,reljunc,reljuncinter,intersectiontype,funcsystem,landuse,ownership,route,schlbus,spejur,contdev,devfunc,trafid1,trafid2,x,y,wk_zone,vnumber,crashtype,criticalevent,criticaleventcat,spdlim,body,trailer,emerg,hazcargo,leave,mhevent,roadalgn,roadprof,traflane,trafflow,vehmanvr,numoccs,regowner,regstate,spuse,make,model,modelyr,vrf1,vrf2,seqevent1,seqevent2,seqevent3,seqevent4,seqevent5,seqevent6,pnumber,ptype,age,sex,hispanic,race,injury,diedscene,restraint,restraintmisuse,seatpos,takehosp,death_dt,death_tm,cert,cernum_wa,commlic,licendor,licrestrict,liccomp,drivpres,drf1,drf2,drf3,drf4,distract1,distract2,distract3,distract4,distract5,distract6,dricond1,dricond2,dricond3,dricond4,dricond5,dricond6,dzip,licstate,drhgt_in,weight,noncdl,noncdltype,prevdwi,prevoth,prevacc,prevspd,prevsus,driviol1,driviol2,driviol3,driviol4,driviol5,driviol6,spdrel,first_dt,last_dt,airbag,ejection,ejectpath,extricat,injurwrk,methalc,methdrug,nmlocat,strikveh,prf1,prf2,prf3,druginv,alcinvol,drugsts,drugres1,drugres2,drugres3,drugtst1,drugtst2,drugtst3,alcsts,alctst,alcres,nmact1,nmact2,nmact3,nmact4,nmact5,nmact6,nmprior1,nmprior2,nmprior3,nmprior4,nmprior5,nmprior6,nmcond1,nmcond2,nmcond3,nmcond4,nmcond5,nmcond6,nmsafe_helmet,nmsafe_pads,nmsafe_oth,nmprev_ref,nmprev_lgt,nmprev_oth,crashlocation,nmcrashtype,crosswalk,schoolzone,sidewalk,train_inv,wildlife_inv,rotr_fars,intersect_fars,dd_inv,aid_inv,dpd_inv,id_inv,mj_inv,impnm_inv,ainm_inv,dpnm_inv,speed_inv,unlic_inv,unendmc_inv,drowsy_inv,drdist_inv,nmdist_inv,fty_inv,unrestfat_inv,dr1617_inv,dr1820_inv,dr1620_inv,dr2125_inv,dr1625_inv,dr65_inv,dr70_inv,dr75_inv,mc_inv,pv_inv,ht_inv,ped_inv,bike_inv,unrest_fat,mc_fat,unhelmet_mc,pv_fat,ht_fat,ped_fat,bike_fat,dr_alc7,dr_alc8,dr_drug,dr_imp,dr_dist,dr_spd,dr_fty,dr_unlic,dr_alc7only,dr_alc8only,dr_drugonly,dr_drink,nm_imp,nm_alc7,nm_alc8,nm_drug,nm_dist,agegrp1,agegrp2,roadclass,urbrur,dayweek,restuse,vehtype,race_me,intersect,lanedep,oppdir,wrongway,rep_typ,investag,repag_long,rotr,st_rd,cty_rd,city_rd,oth_rd,drug_thc,thc_res,drug_cthc,cthc_res,drug_cann,prevpersemin,prevperse,prevsusoth,drugtst4,drugtst5,drugtst6,drugtst7,drugtst8,drugres4,drugres5,drugres6,drugres7,drugres8,adspresent,adsengaged,adslevel,race1,race2,race3,race4,race5,helmet,helmetmisuse,nmdistract1,nmdistract2,nmdistract3,nmdistract4,nmdistract5,nmdistract6,lab,isedtcase,crf1,crf2,crf3,CoRoadName,CoMP,IntCoRoadName,IntCoMP,zipcode
1384,2018,380,E817446,25.0,07/13/2018,10:57,13,7,0.0,33,King,0,1,0.0,1,1,2,1,0,2,2,,,,12,0,6,4.0,8,0,1,4,1,2,4,0,0,0,0,CR-AUBURN-BLACK DIAMOND,SE 321 PL,-122.1118306,47.312927778,0,2,83,72,4,35,4,0,0,1,7,12,8,8,2,1,1,1,1,53,0,59,31,2000,0,0.0,12,,,,,,1,1,63,2,0.0,0.0,1,0,3,0,11,5,,,,,0.0,0.0,3.0,3.0,1,0,0.0,0.0,0.0,96,,,,,,0,,,,,,98092.0,53,64.0,140.0,6.0,1.0,0.0,0.0,1.0,0.0,,0,,,,,,0,11/15/2013,11/15/2013,1,0,0,0,8.0,9,8,,,0,0.0,0.0,8,8,8.0,95.0,,,96.0,,,8,95,995.0,,,,,,,,,,,,,,,,,,,,,,,,,,,,,,0,0,0,0,0,0,0,0,0,0,0,0,0,0,0,0,0,0,1,0,0,0,0,0,0,1,1,1,0,1,0,0,0,0,0,,0,0,0,0,0,0,0,0,0,0,0,0,0,0,0,0,,,,,,61-65,56-65,County road,R,Friday,Belt Used,PV,Not Fatal,1,0,0,0,County Road,County Sheriff,King County Police,0,0,1,0,0,,,,,,0.0,0.0,0.0,,,,,,,,,,,,,,,,,,,,,,,,,,,,,,,,,,,,98092
1385,2018,381,E853014,5.0,10/23/2018,9:45,23,10,0.0,11,Clark,0,10,0.0,1,1,1,1,0,1,1,,,,1,0,0,0.3,1,0,1,1,2,1,1,0,0,0,0,I-205,,-122.6560056,45.726830556,0,1,6,6,1,60,14,0,0,1,2,1,1,1,2,3,1,1,5,53,0,52,402,2005,0,0.0,64,1.0,42.0,,,,1,1,21,2,7.0,1.0,4,7,20,0,11,0,10/23/2018,9:45,53050684.0,50684.0,0.0,0.0,0.0,0.0,1,37,0.0,0.0,0.0,96,,,,,,99,,,,,,97838.0,41,,999.0,0.0,0.0,99.0,99.0,99.0,99.0,,0,,,,,,4,,,8,1,9,0,0.0,9,8,,,0,0.0,0.0,8,9,2.0,996.0,401.0,417.0,1.0,1.0,1.0,2,1,0.0,,,,,,,,,,,,,,,,,,,,,,,,,,,,,,0,0,1,0,0,0,1,1,1,0,0,0,1,1,0,0,0,0,0,1,0,0,0,1,1,0,0,0,0,1,0,0,0,1,0,,1,0,0,0,0,0,1,1,0,1,0,1,0,0,1,0,,,,,,21-25,16-25,Interstate,U,Tuesday,Not Used,PV,White,0,1,0,0,State Route,State Patrol,Washington State Patrol Headquarter,1,1,0,0,0,thc,0.96,,,,99.0,99.0,99.0,1.0,,,,,605.0,,,,,,,,,,,,,,,,,,,,,,,,,,,,,,98686
1386,2018,382,E853089,7.0,10/13/2018,3:01,13,10,0.0,33,King,735,1,0.0,2,1,1,1,0,2,2,,,,14,0,0,142.2,1,0,1,1,2,1,1,0,0,0,0,I-5,,-122.3053417,47.292872222,0,1,98,98,7,98,4,0,0,1,2,14,1,1,5,3,1,2,1,53,0,12,23,2012,0,0.0,14,,,,,,1,1,36,1,0.0,0.0,3,0,3,0,11,4,,,,,0.0,0.0,3.0,3.0,1,51,0.0,0.0,0.0,96,,,,,,9,,,,,,98444.0,53,71.0,150.0,6.0,1.0,0.0,0.0,0.0,0.0,,97,,,,,,4,,,8,0,0,0,8.0,1,8,,,0,0.0,0.0,8,1,2.0,1.0,,,1.0,,,2,1,0.26,,,,,,,,,,,,,,,,,,,,,,,,,,,,,,0,0,0,0,1,1,0,1,0,0,0,0,1,0,0,0,0,0,0,0,0,0,0,0,0,0,0,0,0,1,0,0,0,0,0,,0,0,0,0,0,1,0,1,0,1,0,0,0,1,0,1,,,,,,36-40,36-45,Interstate,U,Saturday,Belt Used,PV,Not Fatal,0,0,0,1,State Route,State Patrol,Washington State Patrol,0,1,0,0,0,,,,,,0.0,0.0,0.0,,,,,,,,,,,,,,,,,,,,,,,,,,,,,,,,,,,,98003
1387,2018,383,E853710,2.0,10/10/2018,21:13,10,10,0.0,61,Snohomish,0,1,0.0,3,1,2,2,0,4,2,21:08,21:16,21:52,12,0,6,17.9,2,0,2,3,2,1,3,0,0,20,3,SR-9,SUNNY SCHOOL RD,-122.1104917,48.034161111,0,1,88,17,2,35,4,0,0,1,7,12,1,1,2,1,1,2,2,53,0,37,32,1996,0,0.0,12,68.0,64.0,59.0,,,1,1,20,1,7.0,1.0,4,0,99,0,11,5,10/10/2018,21:17,53045954.0,45954.0,0.0,0.0,0.0,3.0,1,39,0.0,0.0,0.0,96,,,,,,99,,,,,,98271.0,53,71.0,205.0,6.0,1.0,0.0,2.0,0.0,1.0,,0,,,,,,4,05/15/2017,09/15/2018,8,0,0,0,0.0,9,8,,,0,0.0,0.0,8,9,2.0,401.0,417.0,704.0,1.0,1.0,1.0,2,1,0.0,,,,,,,,,,,,,,,,,,,,,,,,,,,,,,0,0,0,1,0,0,1,1,0,0,0,0,1,0,0,0,0,0,0,0,0,1,1,0,1,0,0,0,0,1,0,0,0,0,0,,1,0,0,0,0,0,1,1,0,1,0,0,0,0,1,0,,,,,,18-20,16-25,State route,U,Wednesday,Unknown,PV,White,1,0,0,0,State Route,State Patrol,Washington State Patrol,0,1,0,0,0,,,,,,0.0,0.0,0.0,,,,,,,,,,,,,,,,,,,,,,,,,,,,,,,,,,,,98270
1388,2018,383,E853710,2.0,10/10/2018,21:13,10,10,0.0,61,Snohomish,0,1,0.0,3,1,2,2,0,4,2,21:08,21:16,21:52,12,0,6,17.9,2,0,2,3,2,1,3,0,0,0,0,SR-9,SUNNY SCHOOL RD,-122.1104917,48.034161111,0,2,89,66,4,55,4,0,0,1,7,12,1,1,2,1,1,2,1,53,0,7,26,2013,0,0.0,12,,,,,,1,1,55,1,7.0,1.0,4,7,3,0,11,0,10/10/2018,21:13,53045954.0,45954.0,0.0,0.0,0.0,3.0,1,0,0.0,0.0,0.0,96,,,,,,99,,,,,,98258.0,53,67.0,248.0,6.0,1.0,0.0,0.0,0.0,0.0,,0,,,,,,0,,,8,0,0,0,0.0,9,8,,,0,0.0,0.0,8,9,2.0,1.0,,,1.0,,,2,1,0.0,,,,,,,,,,,,,,,,,,,,,,,,,,,,,,0,0,0,1,0,0,1,1,0,0,0,0,1,0,0,0,0,0,0,0,0,1,1,0,1,0,0,0,0,1,0,0,0,0,0,,1,0,0,0,0,0,0,0,0,0,0,0,0,0,0,0,,,,,,51-55,46-55,State route,U,Wednesday,Belt Used,PV,White,1,0,0,0,State Route,State Patrol,Washington State Patrol,0,1,0,0,0,,,,,,0.0,0.0,0.0,,,,,,,,,,,,,,,,,,,,,,,,,,,,,,,,,,,,98270
1389,2018,384,E853812,4.0,10/27/2018,3:56,27,10,0.0,63,Spokane,0,1,0.0,3,1,2,1,0,3,2,3:55,4:02,4:50,12,0,2,289.0,1,0,1,3,2,1,2,0,0,0,0,US-2,,-117.3537889,47.785075,0,1,50,10,2,45,67,0,0,1,2,12,1,1,5,5,1,1,1,53,0,12,880,2008,0,0.0,68,12.0,,,,,1,1,41,1,0.0,0.0,2,0,3,0,11,5,,,,,0.0,0.0,0.0,3.0,1,28,0.0,0.0,0.0,96,,,,,,9,,,,,,99003.0,53,67.0,165.0,6.0,1.0,0.0,0.0,0.0,0.0,,1,,,,,,0,,,8,0,0,0,8.0,9,8,,,0,0.0,0.0,8,1,8.0,95.0,,,96.0,,,8,95,995.0,,,,,,,,,,,,,,,,,,,,,,,,,,,,,,0,0,0,0,1,0,1,1,1,0,0,0,0,0,0,0,0,0,0,0,0,0,0,1,1,0,0,0,0,1,1,0,0,0,0,,0,0,0,0,0,0,0,0,0,0,0,0,0,0,0,1,,,,,,41-45,36-45,US highway,U,Saturday,Belt Used,MHTRUCK,Not Fatal,0,1,1,0,State Route,State Patrol,Washington State Patrol,0,1,0,0,0,,,,,,0.0,0.0,0.0,,,,,,,,,,,,,,,,,,,,,,,,,,,,,,,,,,,,99201
1390,2018,384,E853812,4.0,10/27/2018,3:56,27,10,0.0,63,Spokane,0,1,0.0,3,1,2,1,0,3,2,3:55,4:02,4:50,12,0,2,289.0,1,0,1,3,2,1,2,0,0,0,0,US-2,,-117.3537889,47.785075,0,2,51,62,4,45,4,0,0,1,2,12,1,1,5,5,1,2,1,16,0,63,34,2008,0,0.0,12,,,,,,1,1,21,2,7.0,1.0,4,7,3,0,11,0,10/27/2018,4:05,53047276.0,47276.0,0.0,0.0,0.0,3.0,1,0,0.0,0.0,0.0,96,,,,,,0,,,,,,83815.0,16,64.0,112.0,6.0,1.0,0.0,0.0,0.0,1.0,,0,,,,,,0,02/15/2017,02/15/2017,1,0,0,0,0.0,9,8,,,0,0.0,0.0,8,0,2.0,605.0,695.0,,1.0,1.0,,2,1,0.0,,,,,,,,,,,,,,,,,,,,,,,,,,,,,,0,0,0,0,1,0,1,1,1,0,0,0,0,0,0,0,0,0,0,0,0,0,0,1,1,0,0,0,0,1,1,0,0,0,0,,1,0,0,0,0,0,1,1,0,0,0,0,0,0,1,0,,,,,,21-25,16-25,US highway,U,Saturday,Belt Used,PV,White,0,1,1,0,State Route,State Patrol,Washington State Patrol,0,1,0,0,0,thc,23.0,carboxy-thc,888.0,,0.0,0.0,0.0,,,,,,,,,,,,,,,,,,,,,,,,,,,,,,,,,,,,99201
1391,2018,385,E824877,35.0,08/05/2018,20:05,5,8,0.0,53,Pierce,0,1,0.0,1,1,1,1,0,1,1,20:04,20:13,21:28,42,0,0,0.3,1,0,1,7,2,2,4,0,0,0,0,CR-218TH AVE CT E,,-122.1382806,47.145288889,0,1,1,13,2,25,80,0,0,1,5,42,3,1,2,1,14,1,0,92,0,76,709,2000,0,0.0,63,42.0,,,,,1,1,27,1,7.0,1.0,4,0,17,0,11,5,08/17/2018,18:08,223053037083.0,37083.0,0.0,0.0,3.0,2.0,1,0,0.0,0.0,0.0,92,,,,,,99,,,,,,98003.0,53,70.0,160.0,1.0,1.0,0.0,0.0,0.0,0.0,,0,,,,,,0,,,20,8,0,0,0.0,9,8,,,0,0.0,0.0,8,9,8.0,95.0,,,96.0,,,8,95,995.0,,,,,,,,,,,,,,,,,,,,,,,,,,,,,,0,0,1,0,0,0,0,0,0,0,0,0,0,1,1,0,1,0,0,0,0,0,0,0,0,0,0,0,1,0,0,0,0,0,1,1.0,0,0,0,0,0,0,0,0,1,0,0,1,0,0,0,0,,,,,,26-30,26-35,County road,U,Sunday,,MC,White,0,1,0,0,County Road,County Sheriff,Law Enforcement Support Agency,1,0,1,0,0,,,,,,0.0,0.0,0.0,,,,,,,,,,,,,,,,,,,,,,,,,,,,,,,,,,,,98391
1392,2018,386,E844987,290.0,10/03/2018,19:00,3,10,0.0,53,Pierce,2230,1,0.0,5,1,2,1,0,2,2,,,,12,0,6,0.0,2,0,3,4,2,4,6,0,0,20,3,N NARROWS DR,N JACKSON AVE,-122.53705,47.264733333,0,1,82,15,2,35,4,0,0,1,7,12,3,2,2,1,11,1,1,53,0,37,32,2012,0,0.0,12,,,,,,1,1,61,2,0.0,0.0,0,0,3,0,11,0,,,,,0.0,0.0,3.0,3.0,1,10,38.0,0.0,0.0,96,,,,,,0,,,,,,85203.0,4,70.0,186.0,6.0,1.0,0.0,0.0,0.0,0.0,,97,,,,,,0,,,2,0,0,0,8.0,9,8,,,0,0.0,0.0,8,0,8.0,95.0,,,96.0,,,8,95,995.0,,,,,,,,,,,,,,,,,,,,,,,,,,,,,,0,0,0,1,0,0,0,0,0,0,0,0,0,0,0,0,0,0,1,0,0,0,0,0,0,0,0,0,1,1,0,0,0,0,0,,0,0,0,0,0,0,0,0,0,0,1,0,0,0,0,0,,,,,,61-65,56-65,City street,U,Wednesday,Belt Used,PV,Not Fatal,1,0,0,0,City Street,Municipal/City Police,Tacoma Police Department,0,0,0,1,0,,,,,,0.0,0.0,0.0,,,,,,,,,,,,,,,,,,,,,,,,,,,,,,,,,,,,98406
1393,2018,386,E844987,290.0,10/03/2018,19:00,3,10,0.0,53,Pierce,2230,1,0.0,5,1,2,1,0,2,2,,,,12,0,6,0.0,2,0,3,4,2,4,6,0,0,0,0,N NARROWS DR,N JACKSON AVE,-122.53705,47.264733333,0,2,83,67,4,35,80,0,0,1,7,12,3,8,2,1,14,1,1,53,0,73,705,2008,0,0.0,12,,,,,,1,1,33,1,7.0,1.0,4,7,19,0,11,0,10/03/2018,19:00,223053043458.0,43458.0,0.0,0.0,0.0,3.0,1,0,0.0,0.0,0.0,96,,,,,,0,,,,,,98407.0,53,75.0,210.0,6.0,1.0,0.0,0.0,0.0,0.0,,0,,,,,,0,,,20,8,0,0,0.0,9,8,,,0,0.0,0.0,8,0,2.0,1.0,,,1.0,,,2,1,0.0,,,,,,,,,,,,,,,,,,,,,,,,,,,,,,0,0,0,1,0,0,0,0,0,0,0,0,0,0,0,0,0,0,1,0,0,0,0,0,0,0,0,0,1,1,0,0,0,0,1,0.0,0,0,0,0,0,0,0,0,0,0,0,0,0,0,0,0,,,,,,31-35,26-35,City street,U,Wednesday,,MC,White,1,0,0,0,City Street,Municipal/City Police,Tacoma Police Department,0,0,0,1,0,,,,,,0.0,0.0,0.0,,,,,,,,,,,,,,,,,,,,,,,,,,,,,,,,,,,,98406
1394,2018,387,E854932,5.0,10/11/2018,20:39,11,10,0.0,11,Clark,0,1,0.0,2,1,2,1,1,1,1,,,,8,0,0,16.0,1,0,1,1,1,1,1,0,0,0,0,I-5,,-122.6974639,45.841063889,0,1,13,80,5,70,6,0,0,1,2,8,4,2,3,3,14,1,3,53,0,52,47,2018,0,0.0,8,63.0,38.0,,,,1,1,25,2,0.0,0.0,0,0,3,0,11,0,,,,,0.0,0.0,3.0,3.0,1,0,0.0,0.0,0.0,96,,,,,,0,,,,,,92612.0,6,63.0,110.0,6.0,1.0,0.0,0.0,0.0,0.0,,0,,,,,,0,,,8,0,0,0,8.0,9,2,,,0,0.0,0.0,0,0,8.0,95.0,,,96.0,,,8,95,995.0,,,,,,,,,,,,,,,,,,,,,,,,,,,,,,0,0,0,0,0,0,0,0,0,1,0,1,0,0,0,0,0,0,0,0,0,0,0,1,1,0,0,0,0,1,0,1,0,0,0,,0,0,0,0,0,0,0,0,0,0,0,0,0,0,0,0,,,,,,21-25,16-25,Interstate,R,Thursday,Belt Used,PV,Not Fatal,0,0,0,0,State Route,State Patrol,Washington State Patrol,0,1,0,0,0,,,,,,0.0,0.0,0.0,,,,,,,,,,,,,,,,,,,,,,,,,,,,,,,,,,,,
1395,2018,388,3746668,263.0,10/01/2018,14:31,1,10,0.0,33,King,1960,10,0.0,1,2,2,1,0,2,2,,,,12,0,6,0.0,2,0,3,7,2,4,6,0,0,0,0,THORNDYKE AVE W,THORNDYKE PL W,-122.3872472,47.639513889,0,1,83,66,4,30,34,0,0,1,7,12,1,2,2,2,1,1,1,53,0,20,481,2003,0,0.0,12,63.0,40.0,,,,1,1,31,1,0.0,0.0,1,0,3,0,11,8,,,,,0.0,0.0,0.0,3.0,1,0,0.0,0.0,0.0,96,,,,,,9,,,,,,98146.0,53,69.0,160.0,6.0,1.0,0.0,3.0,0.0,1.0,,97,,,,,,0,03/15/2014,08/15/2017,1,0,0,0,8.0,9,8,,,0,0.0,0.0,8,1,2.0,1.0,,,1.0,,,2,1,0.23,,,,,,,,,,,,,,,,,,,,,,,,,,,,,,0,0,0,1,1,1,0,1,0,0,0,0,0,0,0,0,0,0,0,0,0,0,0,0,0,0,0,0,0,1,0,0,0,0,0,,0,0,0,0,0,1,0,1,0,0,0,0,0,1,0,1,,,,,,31-35,26-35,City street,U,Monday,Belt Used,PV,Not Fatal,1,0,0,0,City Street,Municipal/City Police,Seattle Police Department,0,0,0,1,0,,,,,,0.0,0.0,0.0,,,,,,,,,,,,,,,,,,,,,,,,,,,,,,,,,,,,98199
1396,2018,388,3746668,263.0,10/01/2018,14:31,1,10,0.0,33,King,1960,10,0.0,1,2,2,1,0,2,2,,,,12,0,6,0.0,2,0,3,7,2,4,6,0,0,20,3,THORNDYKE AVE W,THORNDYKE PL W,-122.3872472,47.639513889,0,2,82,15,2,5,4,0,0,1,7,12,1,2,2,1,11,1,2,53,0,7,24,2013,0,0.0,12,,,,,,1,1,41,1,7.0,1.0,4,7,3,0,11,0,10/01/2018,14:31,196053043046.0,43046.0,0.0,0.0,0.0,3.0,1,0,0.0,0.0,0.0,96,,,,,,99,,,,,,98103.0,53,70.0,190.0,6.0,1.0,0.0,0.0,0.0,0.0,,0,,,,,,0,,,8,0,0,0,0.0,9,8,,,0,0.0,0.0,8,9,2.0,1.0,,,1.0,,,2,1,0.0,,,,,,,,,,,,,,,,,,,,,,,,,,,,,,0,0,0,1,1,1,0,1,0,0,0,0,0,0,0,0,0,0,0,0,0,0,0,0,0,0,0,0,0,1,0,0,0,0,0,,1,0,0,0,0,0,0,0,0,0,0,0,0,0,0,0,,,,,,41-45,36-45,City street,U,Monday,Belt Used,PV,White,1,0,0,0,City Street,Municipal/City Police,Seattle Police Department,0,0,0,1,0,,,,,,0.0,0.0,0.0,,,,,,,,,,,,,,,,,,,,,,,,,,,,,,,,,,,,98199
1397,2018,389,E855214,346.0,10/18/2018,8:10,18,10,0.0,63,Spokane,1165,1,0.0,1,1,2,1,1,1,1,8:18,8:32,8:59,8,1,0,0.0,3,0,2,7,2,4,6,0,0,0,0,COUNTRY VISTA DR,E MISSION AVE,-117.0755917,47.671291667,0,1,13,80,5,25,34,0,0,1,5,8,1,1,2,1,1,1,1,53,0,7,482,1997,0,0.0,8,,,,,,1,1,21,1,0.0,0.0,0,0,99,0,11,0,,,,,0.0,0.0,0.0,3.0,1,91,0.0,0.0,0.0,92,,,,,,99,,,,,,99019.0,53,74.0,190.0,6.0,1.0,0.0,2.0,1.0,8.0,,1,,,,,,0,06/15/2014,07/15/2018,20,0,0,0,8.0,9,8,,,0,0.0,0.0,8,9,8.0,95.0,,,96.0,,,8,95,995.0,,,,,,,,,,,,,,,,,,,,,,,,,,,,,,0,0,0,1,0,0,0,0,0,0,0,0,0,0,0,0,1,0,0,0,0,0,0,1,1,0,0,0,0,1,0,1,0,0,0,,0,0,0,0,0,0,0,0,1,0,0,0,0,0,0,0,,,,,,21-25,16-25,City street,U,Thursday,Unknown,PV,Not Fatal,1,0,0,0,City Street,Municipal/City Police,LIBERTY LAKE POLICE DEPT,0,0,0,1,0,,,,,,0.0,0.0,0.0,,,,,,,,,,,,,,,,,,,,,,,,,,,,,,,,,,,,99019
1398,2018,390,E855368,7.0,10/12/2018,5:09,12,10,0.0,33,King,0,1,0.0,2,1,2,2,0,3,2,,,,12,0,2,21.6,1,0,1,3,1,1,3,0,0,0,0,SR-18,,-121.9634167,47.439625,0,1,50,10,2,55,34,0,0,1,2,12,1,2,3,1,1,1,1,53,0,7,482,2003,0,0.0,68,12.0,,,,,1,1,36,1,0.0,0.0,1,0,3,0,11,8,,,,,0.0,0.0,0.0,3.0,1,28,91.0,0.0,0.0,96,,,,,,9,,,,,,98503.0,53,72.0,200.0,6.0,1.0,0.0,0.0,2.0,5.0,,1,,,,,,0,01/15/2014,05/15/2017,8,0,0,0,8.0,9,2,,,0,0.0,0.0,1,1,2.0,177.0,401.0,417.0,1.0,1.0,1.0,2,1,0.0,,,,,,,,,,,,,,,,,,,,,,,,,,,,,,0,0,0,0,1,0,1,1,0,0,0,0,0,0,0,0,0,0,0,0,0,0,0,0,0,0,0,0,0,1,0,0,0,0,0,,0,0,0,0,0,0,1,1,0,0,0,0,0,0,1,1,,,,,,36-40,36-45,State route,R,Friday,Belt Used,PV,Not Fatal,0,1,1,0,State Route,State Patrol,Washington State Patrol,0,1,0,0,0,,,,,,0.0,0.0,5.0,,,,,,,,,,,,,,,,,,,,,,,,,,,,,,,,,,,,98025
1399,2018,390,E855368,7.0,10/12/2018,5:09,12,10,0.0,33,King,0,1,0.0,2,1,2,2,0,3,2,,,,12,0,2,21.6,1,0,1,3,1,1,3,0,0,0,0,SR-18,,-121.9634167,47.439625,0,2,51,62,4,55,4,0,0,1,2,12,1,2,3,1,1,2,2,53,0,37,31,2016,0,0.0,12,,,,,,1,1,59,2,7.0,4.0,4,7,3,0,11,0,10/12/2018,5:09,98053045561.0,45561.0,0.0,0.0,0.0,3.0,1,0,0.0,0.0,0.0,96,,,,,,0,,,,,,98001.0,53,60.0,115.0,6.0,1.0,0.0,0.0,0.0,0.0,,0,,,,,,0,,,8,0,0,0,0.0,9,8,,,0,0.0,0.0,8,0,2.0,1.0,,,1.0,,,2,1,0.0,,,,,,,,,,,,,,,,,,,,,,,,,,,,,,0,0,0,0,1,0,1,1,0,0,0,0,0,0,0,0,0,0,0,0,0,0,0,0,0,0,0,0,0,1,0,0,0,0,0,,1,0,0,0,0,0,0,0,0,0,0,0,0,0,0,0,,,,,,56-60,56-65,State route,R,Friday,Belt Used,PV,API,0,1,1,0,State Route,State Patrol,Washington State Patrol,0,1,0,0,0,,,,,,0.0,0.0,0.0,,,,,,,,,,,,,,,,,,,,,,,,,,,,,,,,,,,,98025
1400,2018,391,E855382,160.0,10/27/2018,22:36,27,10,0.0,33,King,1030,2,0.0,3,2,2,1,0,1,1,,,,30,0,0,2.6,1,0,1,3,2,1,3,0,0,0,0,SR-181,,-122.24945,47.415380556,0,1,1,6,1,50,2,0,0,1,7,30,1,1,7,5,1,1,2,53,0,37,31,2003,0,0.0,63,30.0,42.0,,,,1,1,17,2,7.0,7.0,4,0,3,0,11,4,10/29/2018,16:40,196053048806.0,48806.0,0.0,0.0,3.0,3.0,1,0,0.0,0.0,0.0,96,,,,,,99,,,,,,98030.0,53,62.0,100.0,6.0,2.0,0.0,0.0,0.0,0.0,,0,,,,,,4,,,1,0,0,0,0.0,9,8,,,0,0.0,0.0,8,9,2.0,1.0,,,1.0,,,2,1,0.0,,,,,,,,,,,,,,,,,,,,,,,,,,,,,,0,0,1,0,0,0,0,0,0,0,0,0,1,0,0,0,0,0,0,0,1,0,1,0,1,0,0,0,0,1,0,0,0,0,0,,1,0,0,0,0,0,0,0,0,1,0,0,0,0,0,0,,,,,,16-17,16-25,State route,U,Saturday,Belt Used,PV,API,0,1,0,0,State Route,Municipal/City Police,Kent Police Department,1,1,0,0,0,,,,,,0.0,0.0,0.0,,,,,,,,,,,,,,,,,,,,,,,,,,,,,,,,,,,,98032
1401,2018,392,E855512,40.0,09/02/2018,2:19,2,9,6.0,63,Spokane,0,1,0.0,2,1,2,1,0,1,1,,,,1,0,0,5.5,1,0,1,5,1,2,4,0,0,0,0,CR-S WELLS RD,,-117.4922472,47.295466667,0,1,6,6,1,45,21,1,0,1,7,1,3,1,2,1,14,1,1,53,0,12,461,1998,0,0.0,68,64.0,1.0,,,,1,1,60,1,7.0,1.0,4,7,20,0,11,0,09/02/2018,2:19,53039018.0,39018.0,0.0,0.0,0.0,3.0,1,0,0.0,0.0,0.0,92,,,,,,99,,,,,,99022.0,53,67.0,190.0,6.0,1.0,0.0,0.0,0.0,1.0,,0,,,,,,0,09/15/2018,09/15/2018,1,1,9,0,0.0,9,8,,,0,0.0,0.0,8,9,2.0,177.0,605.0,695.0,1.0,1.0,1.0,2,1,0.14,,,,,,,,,,,,,,,,,,,,,,,,,,,,,,0,0,1,0,1,1,1,1,1,0,0,0,0,0,0,0,1,0,0,1,0,0,0,0,0,0,0,0,0,1,0,0,0,1,0,,1,0,0,0,0,1,1,1,1,0,0,0,0,0,0,1,,,,,,56-60,56-65,County road,R,Sunday,Not Used,PV,White,0,1,0,0,County Road,County Sheriff,Spokane County Sheriff's Office,1,0,1,0,0,thc,888.0,carboxy-thc,888.0,,0.0,0.0,0.0,,,,,,,,,,,,,,,,,,,,,,,,,,,,,,,,,,,,99170
1402,2018,393,E855891,28.0,10/28/2018,23:41,28,10,0.0,37,Kittitas,620,1,0.0,2,1,2,1,1,1,1,23:42,23:58,,8,0,0,0.0,1,0,1,7,1,4,6,0,0,0,0,CR-W UNIVERSITY WAY,CURRIER ST N,-120.5849222,47.006786111,0,1,13,80,5,40,4,0,0,1,5,8,8,8,2,1,1,1,1,53,0,34,34,2010,0,0.0,8,,,,,,1,1,19,1,0.0,0.0,0,0,3,0,11,0,,,,,0.0,0.0,0.0,3.0,1,0,0.0,0.0,0.0,92,,,,,,99,,,,,,98930.0,53,71.0,155.0,6.0,2.0,0.0,0.0,0.0,0.0,,0,,,,,,0,,,20,0,0,0,8.0,9,8,,,0,0.0,0.0,8,9,2.0,1.0,,,1.0,,,2,1,0.0,,,,,,,,,,,,,,,,,,,,,,,,,,,,,,0,0,0,0,0,0,0,0,0,1,1,1,0,0,0,0,1,0,0,0,0,1,1,0,1,0,0,0,0,1,0,1,0,0,0,,0,0,0,0,0,0,0,0,1,0,0,0,0,0,0,0,,,,,,18-20,16-25,City street,R,Sunday,Belt Used,PV,Not Fatal,0,0,0,0,City Street,County Sheriff,Kittitas County Sheriff's Office,0,0,0,1,0,,,,,,0.0,0.0,0.0,,,,,,,,,,,,,,,,,,,,,,,,,,,,,,,,,,,,