,year,case,par,repjur,crash_dt,crash_tm,accday,accmon,holiday,county,co_char,city,weather,weather2,lightcond,surfcond,surftype,numfatal,nmforms,pforms,vforms,not_tm,arr_tm,hosp_tm,fhevent,hitrun,manncol,milepnt,reljunc,reljuncinter,intersectiontype,funcsystem,landuse,ownership,route,schlbus,spejur,contdev,devfunc,trafid1,trafid2,x,y,wk_zone,vnumber,crashtype,criticalevent,criticaleventcat,spdlim,body,trailer,emerg,hazcargo,leave,mhevent,roadalgn,roadprof,traflane,trafflow,vehmanvr,numoccs,regowner,regstate,spuse,make,model,modelyr,vrf1,vrf2,seqevent1,seqevent2,seqevent3,seqevent4,seqevent5,seqevent6,pnumber,ptype,age,sex,hispanic,race,injury,diedscene,restraint,restraintmisuse,seatpos,takehosp,death_dt,death_tm,cert,cernum_wa,commlic,licendor,licrestrict,liccomp,drivpres,drf1,drf2,drf3,drf4,distract1,distract2,distract3,distract4,distract5,distract6,dricond1,dricond2,dricond3,dricond4,dricond5,dricond6,dzip,licstate,drhgt_in,weight,noncdl,noncdltype,prevdwi,prevoth,prevacc,prevspd,prevsus,driviol1,driviol2,driviol3,driviol4,driviol5,driviol6,spdrel,first_dt,last_dt,airbag,ejection,ejectpath,extricat,injurwrk,methalc,methdrug,nmlocat,strikveh,prf1,prf2,prf3,druginv,alcinvol,drugsts,drugres1,drugres2,drugres3,drugtst1,drugtst2,drugtst3,alcsts,alctst,alcres,nmact1,nmact2,nmact3,nmact4,nmact5,nmact6,nmprior1,nmprior2,nmprior3,nmprior4,nmprior5,nmprior6,nmcond1,nmcond2,nmcond3,nmcond4,nmcond5,nmcond6,nmsafe_helmet,nmsafe_pads,nmsafe_oth,nmprev_ref,nmprev_lgt,nmprev_oth,crashlocation,nmcrashtype,crosswalk,schoolzone,sidewalk,train_inv,wildlife_inv,rotr_fars,intersect_fars,dd_inv,aid_inv,dpd_inv,id_inv,mj_inv,impnm_inv,ainm_inv,dpnm_inv,speed_inv,unlic_inv,unendmc_inv,drowsy_inv,drdist_inv,nmdist_inv,fty_inv,unrestfat_inv,dr1617_inv,dr1820_inv,dr1620_inv,dr2125_inv,dr1625_inv,dr65_inv,dr70_inv,dr75_inv,mc_inv,pv_inv,ht_inv,ped_inv,bike_inv,unrest_fat,mc_fat,unhelmet_mc,pv_fat,ht_fat,ped_fat,bike_fat,dr_alc7,dr_alc8,dr_drug,dr_imp,dr_dist,dr_spd,dr_fty,dr_unlic,dr_alc7only,dr_alc8only,dr_drugonly,dr_drink,nm_imp,nm_alc7,nm_alc8,nm_drug,nm_dist,agegrp1,agegrp2,roadclass,urbrur,dayweek,restuse,vehtype,race_me,intersect,lanedep,oppdir,wrongway,rep_typ,investag,repag_long,rotr,st_rd,cty_rd,city_rd,oth_rd,drug_thc,thc_res,drug_cthc,cthc_res,drug_cann,prevpersemin,prevperse,prevsusoth,drugtst4,drugtst5,drugtst6,drugtst7,drugtst8,drugres4,drugres5,drugres6,drugres7,drugres8,adspresent,adsengaged,adslevel,race1,race2,race3,race4,race5,helmet,helmetmisuse,nmdistract1,nmdistract2,nmdistract3,nmdistract4,nmdistract5,nmdistract6,lab,isedtcase,crf1,crf2,crf3,CoRoadName,CoMP,IntCoRoadName,IntCoMP,zipcode
1422,2018,408,E859394,4.0,11/07/2018,17:24,7,11,0.0,65,Stevens,0,1,0.0,3,1,2,1,0,6,5,,,,12,0,1,217.8,3,0,3,3,1,1,2,0,0,0,0,US-395,BLUE CREEK,-117.8191417,48.320144444,0,3,98,60,4,60,6,0,0,1,5,12,1,2,3,1,5,1,2,53,0,48,34,1997,0,0.0,12,,,,,,1,1,17,1,0.0,0.0,0,0,3,0,11,0,,,,,0.0,0.0,3.0,3.0,1,0,0.0,0.0,0.0,0,,,,,,0,,,,,,99109.0,53,70.0,235.0,6.0,2.0,0.0,0.0,0.0,0.0,,0,,,,,,0,,,20,0,0,0,8.0,9,8,,,0,0.0,0.0,8,0,0.0,0.0,,,0.0,,,8,95,995.0,,,,,,,,,,,,,,,,,,,,,,,,,,,,,,0,0,0,1,0,0,0,0,0,0,0,0,0,0,0,0,1,0,0,0,1,0,1,1,1,1,1,1,0,1,0,0,0,0,0,,0,0,0,0,0,0,0,0,0,0,0,0,0,0,0,0,,,,,,16-17,16-25,US highway,R,Wednesday,Belt Used,PV,Not Fatal,1,0,0,0,State Route,State Patrol,Washington State Patrol,0,1,0,0,0,,,,,,0.0,0.0,0.0,,,,,,,,,,,,,,,,,,,,,,,,,,,,,,,,,,,,99109
1423,2018,408,E859394,4.0,11/07/2018,17:24,7,11,0.0,65,Stevens,0,1,0.0,3,1,2,1,0,6,5,,,,12,0,1,217.8,3,0,3,3,1,1,2,0,0,0,0,US-395,BLUE CREEK,-117.8191417,48.320144444,0,4,98,62,4,60,2,0,0,1,5,12,1,2,2,1,1,1,2,53,0,49,38,1992,0,0.0,12,,,,,,1,1,60,1,0.0,0.0,0,0,3,0,11,0,,,,,0.0,0.0,0.0,3.0,1,0,0.0,0.0,0.0,96,,,,,,0,,,,,,99217.0,53,67.0,176.0,6.0,1.0,0.0,0.0,0.0,1.0,,0,,,,,,0,01/15/2018,01/15/2018,20,0,0,0,8.0,9,8,,,0,0.0,0.0,8,0,8.0,95.0,,,96.0,,,8,95,995.0,,,,,,,,,,,,,,,,,,,,,,,,,,,,,,0,0,0,1,0,0,0,0,0,0,0,0,0,0,0,0,1,0,0,0,1,0,1,1,1,1,1,1,0,1,0,0,0,0,0,,0,0,0,0,0,0,0,0,0,0,0,0,0,0,0,0,,,,,,56-60,56-65,US highway,R,Wednesday,Belt Used,PV,Not Fatal,1,0,0,0,State Route,State Patrol,Washington State Patrol,0,1,0,0,0,,,,,,0.0,0.0,0.0,,,,,,,,,,,,,,,,,,,,,,,,,,,,,,,,,,,,99109
1424,2018,408,E859394,4.0,11/07/2018,17:24,7,11,0.0,65,Stevens,0,1,0.0,3,1,2,1,0,6,5,,,,12,0,1,217.8,3,0,3,3,1,1,2,0,0,20,3,US-395,BLUE CREEK,-117.8191417,48.320144444,0,5,98,98,7,25,34,0,0,1,5,12,1,2,2,1,5,1,1,53,0,7,482,2007,0,0.0,12,,,,,,1,1,22,1,0.0,0.0,0,0,3,0,11,0,,,,,6.0,0.0,0.0,3.0,1,0,0.0,0.0,0.0,0,,,,,,0,,,,,,99114.0,53,62.0,170.0,6.0,1.0,0.0,5.0,0.0,7.0,,0,,,,,,0,05/15/2014,07/15/2018,20,0,0,0,8.0,9,8,,,0,0.0,0.0,8,0,8.0,95.0,,,96.0,,,8,95,995.0,,,,,,,,,,,,,,,,,,,,,,,,,,,,,,0,0,0,1,0,0,0,0,0,0,0,0,0,0,0,0,1,0,0,0,1,0,1,1,1,1,1,1,0,1,0,0,0,0,0,,0,0,0,0,0,0,0,0,0,0,0,0,0,0,0,0,,,,,,21-25,16-25,US highway,R,Wednesday,Belt Used,PV,Not Fatal,1,0,0,0,State Route,State Patrol,Washington State Patrol,0,1,0,0,0,,,,,,0.0,0.0,0.0,,,,,,,,,,,,,,,,,,,,,,,,,,,,,,,,,,,,99109
1425,2018,409,E859476,3.0,11/06/2018,23:05,6,11,0.0,67,Thurston,2320,1,0.0,3,1,2,1,0,4,4,,,,1,0,0,0.2,5,1,1,1,2,1,1,0,0,0,0,I-5 RAMP Q109977,,-122.936325,46.955094444,0,1,6,6,1,98,80,0,0,1,2,1,2,8,1,6,14,1,1,53,0,72,706,2012,0,0.0,64,1.0,25.0,12.0,12.0,12.0,1,1,36,1,7.0,1.0,4,7,16,0,11,0,11/06/2018,23:05,232053049211.0,49211.0,0.0,0.0,0.0,3.0,1,0,0.0,0.0,0.0,96,,,,,,99,,,,,,98576.0,53,72.0,270.0,6.0,1.0,0.0,2.0,2.0,2.0,,0,,,,,,4,10/15/2016,04/15/2018,20,8,0,0,0.0,9,8,,,0,0.0,0.0,8,9,8.0,95.0,,,96.0,,,8,95,995.0,,,,,,,,,,,,,,,,,,,,,,,,,,,,,,0,0,1,0,0,0,0,0,0,0,0,0,1,0,0,0,0,0,0,0,0,0,0,1,1,0,0,0,1,0,1,0,0,0,1,1.0,0,0,0,0,0,0,0,0,0,1,0,0,0,0,0,0,,,,,,36-40,36-45,Interstate,U,Tuesday,,MC,White,1,0,0,0,State Route,State Patrol,Washington State Patrol,0,1,0,0,0,,,,,,0.0,0.0,0.0,,,,,,,,,,,,,,,,,,,,,,,,,,,,,,,,,,,,
1426,2018,409,E859476,3.0,11/06/2018,23:05,6,11,0.0,67,Thurston,2320,1,0.0,3,1,2,1,0,4,4,,,,1,1,0,0.2,5,1,1,1,2,1,1,0,0,0,0,I-5 RAMP Q109977,,-122.936325,46.955094444,0,2,98,98,7,70,99,0,0,1,5,12,1,1,3,1,1,99,9,99,0,99,999,9999,0,0.0,12,,,,,,1,1,998,8,0.0,0.0,9,0,99,0,11,0,,,,,99.0,9.0,9.0,9.0,1,0,0.0,0.0,0.0,96,,,,,,99,,,,,,99999.0,99,,999.0,9.0,9.0,99.0,99.0,99.0,99.0,,0,,,,,,0,,,99,0,0,0,8.0,9,8,,,0,0.0,0.0,8,9,8.0,95.0,,,96.0,,,8,95,995.0,,,,,,,,,,,,,,,,,,,,,,,,,,,,,,0,0,1,0,0,0,0,0,0,0,0,0,1,0,0,0,0,0,0,0,0,0,0,1,1,0,0,0,1,0,1,0,0,0,0,,0,0,0,0,0,0,0,0,0,0,0,0,0,0,0,0,,,,,,,,Interstate,U,Tuesday,,NR-U,Not Fatal,1,0,0,0,State Route,State Patrol,Washington State Patrol,0,1,0,0,0,,,,,,99.0,99.0,99.0,,,,,,,,,,,,,,,,,,,,,,,,,,,,,,,,,,,,
1427,2018,409,E859476,3.0,11/06/2018,23:05,6,11,0.0,67,Thurston,2320,1,0.0,3,1,2,1,0,4,4,,,,1,1,0,0.2,5,1,1,1,2,1,1,0,0,0,0,I-5 RAMP Q109977,,-122.936325,46.955094444,0,3,98,98,7,70,99,0,0,1,5,12,1,1,3,1,1,99,9,99,0,99,999,9999,0,0.0,12,,,,,,1,1,998,8,0.0,0.0,9,0,99,0,11,0,,,,,99.0,9.0,9.0,9.0,1,0,0.0,0.0,0.0,96,,,,,,99,,,,,,99999.0,99,,999.0,9.0,9.0,99.0,99.0,99.0,99.0,,0,,,,,,0,,,99,0,0,0,8.0,9,8,,,0,0.0,0.0,8,9,8.0,95.0,,,96.0,,,8,95,995.0,,,,,,,,,,,,,,,,,,,,,,,,,,,,,,0,0,1,0,0,0,0,0,0,0,0,0,1,0,0,0,0,0,0,0,0,0,0,1,1,0,0,0,1,0,1,0,0,0,0,,0,0,0,0,0,0,0,0,0,0,0,0,0,0,0,0,,,,,,,,Interstate,U,Tuesday,,NR-U,Not Fatal,1,0,0,0,State Route,State Patrol,Washington State Patrol,0,1,0,0,0,,,,,,99.0,99.0,99.0,,,,,,,,,,,,,,,,,,,,,,,,,,,,,,,,,,,,
1428,2018,409,E859476,3.0,11/06/2018,23:05,6,11,0.0,67,Thurston,2320,1,0.0,3,1,2,1,0,4,4,,,,1,0,0,0.2,5,1,1,1,2,1,1,0,0,0,0,I-5 RAMP Q109977,,-122.936325,46.955094444,0,4,98,98,7,70,66,1,0,1,5,12,1,1,3,1,1,1,3,18,0,84,884,2018,0,0.0,12,,,,,,1,1,24,1,0.0,0.0,0,0,3,0,11,0,,,,,6.0,1.0,0.0,3.0,1,0,0.0,0.0,0.0,96,,,,,,0,,,,,,98387.0,53,74.0,220.0,6.0,1.0,0.0,1.0,1.0,0.0,,0,,,,,,0,07/15/2017,09/15/2018,20,0,0,0,8.0,9,8,,,0,0.0,0.0,8,0,8.0,95.0,,,96.0,,,8,95,995.0,,,,,,,,,,,,,,,,,,,,,,,,,,,,,,0,0,1,0,0,0,0,0,0,0,0,0,1,0,0,0,0,0,0,0,0,0,0,1,1,0,0,0,1,0,1,0,0,0,0,,0,0,0,0,0,0,0,0,0,0,0,0,0,0,0,0,,,,,,21-25,16-25,Interstate,U,Tuesday,,MHTRUCK,Not Fatal,1,0,0,0,State Route,State Patrol,Washington State Patrol,0,1,0,0,0,,,,,,0.0,0.0,0.0,,,,,,,,,,,,,,,,,,,,,,,,,,,,,,,,,,,,
1429,2018,410,E859813,42.0,11/03/2018,19:45,3,11,0.0,67,Thurston,0,2,0.0,2,2,2,1,0,3,2,,,,12,0,2,4.8,1,0,1,7,1,2,4,0,0,0,0,CR-188TH AVE SW,,-123.1019278,46.814541667,0,1,50,10,2,35,80,0,0,1,7,12,1,1,2,1,6,2,1,53,0,72,706,2009,0,0.0,68,12.0,,,,,1,1,63,1,7.0,1.0,4,7,19,0,11,0,11/03/2018,19:45,53048343.0,48343.0,0.0,0.0,0.0,2.0,1,28,0.0,0.0,0.0,96,,,,,,99,,,,,,98531.0,53,72.0,218.0,6.0,1.0,0.0,0.0,0.0,0.0,,0,,,,,,0,,,20,8,0,0,0.0,9,8,,,0,0.0,0.0,8,9,2.0,695.0,417.0,,1.0,1.0,,2,1,0.0,,,,,,,,,,,,,,,,,,,,,,,,,,,,,,0,0,0,0,0,0,1,1,1,0,0,0,0,0,1,0,0,0,0,0,0,0,0,0,0,1,1,1,1,1,0,0,0,0,1,0.0,0,0,0,0,0,0,1,1,0,0,0,0,0,0,1,0,,,,,,61-65,56-65,County road,R,Saturday,,MC,White,0,1,1,0,County Road,County Sheriff,Thurston County Sheriff's Office,0,0,1,0,0,,,carboxy-thc,12.0,,0.0,0.0,0.0,,,,,,,,,,,,,,,,,,,,,,,,,,,,,,,,,,,,98579
1430,2018,410,E859813,42.0,11/03/2018,19:45,3,11,0.0,67,Thurston,0,2,0.0,2,2,2,1,0,3,2,,,,12,0,2,4.8,1,0,1,7,1,2,4,0,0,0,0,CR-188TH AVE SW,,-123.1019278,46.814541667,0,2,51,62,4,35,2,0,0,1,7,12,1,1,2,1,1,1,1,53,0,21,1,1975,0,0.0,12,,,,,,1,1,82,1,0.0,0.0,2,0,3,0,11,8,,,,,0.0,0.0,0.0,3.0,1,0,0.0,0.0,0.0,96,,,,,,0,,,,,,98531.0,53,70.0,205.0,6.0,1.0,0.0,0.0,0.0,0.0,,0,,,,,,0,,,20,0,0,0,8.0,9,8,,,0,0.0,0.0,8,0,8.0,95.0,,,96.0,,,8,95,995.0,,,,,,,,,,,,,,,,,,,,,,,,,,,,,,0,0,0,0,0,0,1,1,1,0,0,0,0,0,1,0,0,0,0,0,0,0,0,0,0,1,1,1,1,1,0,0,0,0,0,,0,0,0,0,0,0,0,0,0,0,0,0,0,0,0,0,,,,,,81+,76+,County road,R,Saturday,Belt Used,PV,Not Fatal,0,1,1,0,County Road,County Sheriff,Thurston County Sheriff's Office,0,0,1,0,0,,,,,,0.0,0.0,0.0,,,,,,,,,,,,,,,,,,,,,,,,,,,,,,,,,,,,98579
1431,2018,411,E852018,7.0,10/08/2018,20:33,8,10,7.0,33,King,0,2,0.0,3,2,1,1,0,1,1,,,,42,0,0,31.3,1,0,1,1,1,1,1,0,0,0,0,I-90,,-121.7525917,47.473572222,0,1,6,12,2,70,34,0,0,1,2,42,1,2,3,2,1,1,1,53,0,49,482,2016,0,0.0,64,65.0,64.0,42.0,,,1,1,39,1,7.0,1.0,4,7,3,0,11,0,10/08/2018,20:33,53044441.0,44441.0,0.0,0.0,0.0,3.0,1,0,0.0,0.0,0.0,96,,,,,,99,,,,,,98040.0,53,79.0,265.0,6.0,1.0,0.0,0.0,1.0,0.0,,0,,,,,,0,05/15/2017,05/15/2017,8,0,0,0,0.0,9,8,,,0,0.0,0.0,8,9,2.0,1.0,,,1.0,,,2,1,0.0,,,,,,,,,,,,,,,,,,,,,,,,,,,,,,0,0,1,0,0,0,0,0,0,0,0,0,0,0,0,0,0,0,0,0,0,0,0,0,0,0,0,0,0,1,0,0,0,0,0,,1,0,0,0,0,0,0,0,0,0,0,0,0,0,0,0,,,,,,36-40,36-45,Interstate,R,Monday,Belt Used,PV,White,0,1,0,0,State Route,State Patrol,Washington State Patrol,1,1,0,0,0,,,,,,0.0,0.0,0.0,,,,,,,,,,,,,,,,,,,,,,,,,,,,,,,,,,,,98045
1432,2018,412,E860831,173.0,11/14/2018,12:28,14,11,0.0,53,Pierce,1124,10,0.0,1,1,2,1,1,1,1,,,,8,0,0,0.0,3,0,3,7,2,4,6,0,0,3,3,BRIDGEPORT WAY SW,86TH ST SW,-122.5181056,47.179497222,0,1,1,98,7,35,14,0,0,1,5,8,1,1,4,1,1,1,1,53,0,7,402,2001,0,0.0,63,8.0,38.0,,,,1,1,43,1,0.0,0.0,2,0,2,0,11,8,,,,,0.0,0.0,0.0,3.0,1,91,0.0,0.0,0.0,96,,,,,,99,,,,,,98404.0,53,75.0,230.0,6.0,1.0,0.0,0.0,0.0,0.0,,1,,,,,,4,,,20,0,0,0,8.0,9,8,,,0,0.0,0.0,8,1,2.0,695.0,,,1.0,,,2,1,0.0,,,,,,,,,,,,,,,,,,,,,,,,,,,,,,0,0,1,1,1,0,1,1,1,0,0,0,1,0,0,0,0,0,0,0,0,0,0,0,0,0,0,0,0,1,0,1,0,0,0,,0,0,0,0,0,0,1,1,0,1,0,0,0,0,1,1,,,,,,41-45,36-45,City street,U,Wednesday,Belt Used,PV,Not Fatal,1,0,0,0,City Street,Municipal/City Police,Lakewood Police Department,0,0,0,1,0,,,carboxy-thc,5.6,,0.0,0.0,0.0,,,,,,,,,,,,,,,,,,,,,,,,,,,,,,,,,,,,98499
1433,2018,413,E856061,2.0,10/17/2018,6:00,17,10,0.0,61,Snohomish,0,2,0.0,2,2,2,1,0,4,4,,,,12,0,8,6.8,1,0,1,3,1,1,2,0,0,0,0,US-2,,-122.0702694,47.936069444,0,1,64,10,2,60,14,0,0,1,2,12,1,1,2,1,1,1,1,53,0,35,402,2001,0,0.0,68,12.0,12.0,12.0,,,1,1,34,1,7.0,1.0,4,0,3,0,11,4,10/17/2018,18:05,69053045541.0,45541.0,0.0,0.0,0.0,3.0,1,28,0.0,0.0,0.0,92,,,,,,0,,,,,,98290.0,53,68.0,144.0,6.0,1.0,0.0,1.0,1.0,4.0,,0,,,,,,0,10/15/2013,04/15/2018,20,0,0,0,0.0,9,8,,,0,0.0,0.0,8,0,8.0,95.0,,,96.0,,,8,95,995.0,,,,,,,,,,,,,,,,,,,,,,,,,,,,,,0,0,0,0,0,0,0,0,0,0,0,0,0,0,0,0,1,0,0,0,0,0,0,0,0,0,0,0,0,1,0,0,0,0,0,,1,0,0,0,0,0,0,0,1,0,0,0,0,0,0,0,,,,,,31-35,26-35,US highway,R,Wednesday,Belt Used,PV,White,0,1,1,0,State Route,State Patrol,Washington State Patrol,0,1,0,0,0,,,,,,0.0,0.0,0.0,,,,,,,,,,,,,,,,,,,,,,,,,,,,,,,,,,,,98291
1434,2018,413,E856061,2.0,10/17/2018,6:00,17,10,0.0,61,Snohomish,0,2,0.0,2,2,2,1,0,4,4,,,,12,0,8,6.8,1,0,1,3,1,1,2,0,0,0,0,US-2,,-122.0702694,47.936069444,0,2,65,62,4,60,14,0,0,1,2,12,1,1,2,1,1,1,1,53,0,12,401,2002,0,0.0,12,,,,,,1,1,61,1,0.0,0.0,0,0,20,0,11,0,,,,,0.0,0.0,0.0,3.0,1,0,0.0,0.0,0.0,96,,,,,,0,,,,,,98203.0,53,69.0,260.0,6.0,1.0,0.0,0.0,0.0,0.0,,0,,,,,,0,,,20,0,0,0,8.0,9,8,,,0,0.0,0.0,8,0,8.0,95.0,,,96.0,,,8,95,995.0,,,,,,,,,,,,,,,,,,,,,,,,,,,,,,0,0,0,0,0,0,0,0,0,0,0,0,0,0,0,0,1,0,0,0,0,0,0,0,0,0,0,0,0,1,0,0,0,0,0,,0,0,0,0,0,0,0,0,0,0,0,0,0,0,0,0,,,,,,61-65,56-65,US highway,R,Wednesday,Not Used,PV,Not Fatal,0,1,1,0,State Route,State Patrol,Washington State Patrol,0,1,0,0,0,,,,,,0.0,0.0,0.0,,,,,,,,,,,,,,,,,,,,,,,,,,,,,,,,,,,,98291
1435,2018,413,E856061,2.0,10/17/2018,6:00,17,10,0.0,61,Snohomish,0,2,0.0,2,2,2,1,0,4,4,,,,12,0,8,6.8,1,0,1,3,1,1,2,0,0,0,0,US-2,,-122.0702694,47.936069444,0,3,98,62,4,60,14,0,0,1,2,12,1,1,2,1,1,1,2,53,0,2,404,2017,0,0.0,12,,,,,,1,1,49,1,0.0,0.0,3,0,3,0,11,4,,,,,0.0,0.0,3.0,3.0,1,0,0.0,0.0,0.0,96,,,,,,0,,,,,,98258.0,53,71.0,240.0,6.0,1.0,0.0,0.0,0.0,0.0,,0,,,,,,0,,,1,0,0,0,8.0,9,8,,,0,0.0,0.0,8,0,8.0,95.0,,,96.0,,,8,95,995.0,,,,,,,,,,,,,,,,,,,,,,,,,,,,,,0,0,0,0,0,0,0,0,0,0,0,0,0,0,0,0,1,0,0,0,0,0,0,0,0,0,0,0,0,1,0,0,0,0,0,,0,0,0,0,0,0,0,0,0,0,0,0,0,0,0,0,,,,,,46-50,46-55,US highway,R,Wednesday,Belt Used,PV,Not Fatal,0,1,1,0,State Route,State Patrol,Washington State Patrol,0,1,0,0,0,,,,,,0.0,0.0,0.0,,,,,,,,,,,,,,,,,,,,,,,,,,,,,,,,,,,,98291
1436,2018,413,E856061,2.0,10/17/2018,6:00,17,10,0.0,61,Snohomish,0,2,0.0,2,2,2,1,0,4,4,,,,12,0,8,6.8,1,0,1,3,1,1,2,0,0,0,0,US-2,,-122.0702694,47.936069444,0,4,98,62,4,60,5,0,0,1,2,12,1,1,2,1,1,1,1,53,0,30,42,2017,0,0.0,12,,,,,,1,1,61,1,0.0,0.0,3,0,3,0,11,4,,,,,0.0,0.0,0.0,3.0,1,0,0.0,0.0,0.0,96,,,,,,0,,,,,,98201.0,53,67.0,220.0,6.0,1.0,0.0,0.0,0.0,0.0,,0,,,,,,0,,,1,0,0,0,8.0,9,8,,,0,0.0,0.0,8,0,8.0,95.0,,,96.0,,,8,95,995.0,,,,,,,,,,,,,,,,,,,,,,,,,,,,,,0,0,0,0,0,0,0,0,0,0,0,0,0,0,0,0,1,0,0,0,0,0,0,0,0,0,0,0,0,1,0,0,0,0,0,,0,0,0,0,0,0,0,0,0,0,0,0,0,0,0,0,,,,,,61-65,56-65,US highway,R,Wednesday,Belt Used,PV,Not Fatal,0,1,1,0,State Route,State Patrol,Washington State Patrol,0,1,0,0,0,,,,,,0.0,0.0,0.0,,,,,,,,,,,,,,,,,,,,,,,,,,,,,,,,,,,,98291
1437,2018,414,E860914,25.0,11/09/2018,16:17,9,11,0.0,33,King,0,10,0.0,5,2,1,1,0,2,2,,,,12,0,6,4.7,2,0,4,5,1,2,4,0,0,0,0,CR-196TH AVE SE,195TH PL SE,-122.0795472,47.4434,0,1,98,51,3,40,14,0,0,1,7,12,3,3,2,1,14,1,1,17,0,12,401,2015,0,0.0,12,,,,,,1,1,38,2,0.0,0.0,0,0,3,0,11,0,,,,,0.0,0.0,3.0,3.0,1,0,0.0,0.0,0.0,93,,,,,,0,,,,,,62002.0,17,67.0,186.0,6.0,1.0,0.0,2.0,0.0,0.0,,97,,,,,,0,06/15/2018,08/15/2018,20,0,0,0,8.0,9,8,,,0,0.0,0.0,8,0,8.0,95.0,,,96.0,,,8,95,995.0,,,,,,,,,,,,,,,,,,,,,,,,,,,,,,0,0,0,1,0,0,0,0,0,0,0,0,0,0,0,0,1,0,0,0,0,0,0,0,0,1,0,0,1,1,0,0,0,0,0,,0,0,0,0,0,0,0,0,1,0,0,0,0,0,0,0,,,,,,36-40,36-45,County road,R,Friday,Belt Used,PV,Not Fatal,1,0,0,0,County Road,County Sheriff,King County Police,0,0,1,0,0,,,,,,0.0,0.0,0.0,,,,,,,,,,,,,,,,,,,,,,,,,,,,,,,,,,,,98058
1438,2018,414,E860914,25.0,11/09/2018,16:17,9,11,0.0,33,King,0,10,0.0,5,2,1,1,0,2,2,,,,12,0,6,4.7,2,0,4,5,1,2,4,0,0,0,0,CR-196TH AVE SE,195TH PL SE,-122.0795472,47.4434,0,2,98,53,3,40,80,0,0,1,7,12,3,3,2,1,10,1,1,53,0,72,706,2019,0,0.0,12,,,,,,1,1,67,1,7.0,1.0,4,7,19,0,11,0,11/09/2018,16:17,53049734.0,49734.0,0.0,0.0,0.0,3.0,1,0,0.0,0.0,0.0,96,,,,,,99,,,,,,98188.0,53,73.0,258.0,6.0,1.0,0.0,0.0,0.0,0.0,,0,,,,,,0,,,20,8,0,0,0.0,9,8,,,0,0.0,0.0,8,9,2.0,1.0,,,1.0,,,2,1,0.0,,,,,,,,,,,,,,,,,,,,,,,,,,,,,,0,0,0,1,0,0,0,0,0,0,0,0,0,0,0,0,1,0,0,0,0,0,0,0,0,1,0,0,1,1,0,0,0,0,1,0.0,0,0,0,0,0,0,0,0,0,0,0,0,0,0,0,0,,,,,,66-70,66-75,County road,R,Friday,,MC,White,1,0,0,0,County Road,County Sheriff,King County Police,0,0,1,0,0,,,,,,0.0,0.0,0.0,,,,,,,,,,,,,,,,,,,,,,,,,,,,,,,,,,,,98058
1439,2018,415,E861465,14.0,11/15/2018,7:47,15,11,0.0,11,Clark,0,5,0.0,1,2,2,1,0,1,1,,,,38,0,0,0.4,1,0,1,7,1,2,4,0,0,0,0,CR-NE 174TH ST,,-122.4784083,45.748427778,0,1,1,13,2,40,34,0,0,1,7,38,1,4,2,1,1,1,2,53,0,12,471,1993,0,0.0,63,38.0,42.0,42.0,,,1,1,36,1,7.0,1.0,4,7,3,0,11,0,11/15/2018,7:47,53050251.0,50251.0,0.0,0.0,0.0,3.0,1,0,0.0,0.0,0.0,92,,,,,,99,,,,,,98607.0,53,68.0,145.0,6.0,1.0,1.0,0.0,0.0,0.0,,0,,,,,,0,03/15/2014,08/15/2015,20,0,0,0,0.0,9,8,,,0,0.0,0.0,8,9,2.0,996.0,996.0,401.0,1.0,1.0,1.0,2,1,0.0,,,,,,,,,,,,,,,,,,,,,,,,,,,,,,0,0,1,0,0,0,1,1,1,0,0,0,0,0,0,0,1,0,0,0,0,0,0,0,0,0,0,0,0,1,0,0,0,0,0,,1,0,0,0,0,0,1,1,1,0,0,0,0,0,1,0,,,,,,36-40,36-45,County road,R,Thursday,Belt Used,PV,White,0,1,0,0,County Road,County Sheriff,Clark County Sheriff's Office,1,0,1,0,0,thc,0.67,,,,0.0,0.0,3.0,1.0,1.0,,,,417.0,605.0,,,,,,,,,,,,,,,,,,,,,,,,,,,,,98606
1440,2018,416,E861527,2.0,11/15/2018,23:24,15,11,0.0,61,Snohomish,0,2,0.0,2,2,2,1,0,1,1,23:20,23:43,0:35,30,0,0,17.8,1,0,1,4,1,1,3,0,0,0,0,SR-530,,-121.8888167,48.271544444,0,1,7,6,1,50,4,0,0,1,2,30,2,1,2,1,14,1,2,38,0,12,17,2003,0,0.0,68,64.0,30.0,,,,1,1,18,2,7.0,1.0,4,0,3,0,11,5,11/16/2018,1:33,8053050439.0,50439.0,0.0,0.0,0.0,3.0,1,0,0.0,0.0,0.0,96,,,,,,99,,,,,,98241.0,53,65.0,120.0,6.0,1.0,0.0,0.0,0.0,0.0,,0,,,,,,4,,,20,0,0,0,0.0,9,8,,,0,0.0,0.0,8,9,2.0,605.0,,,1.0,,,2,1,0.0,,,,,,,,,,,,,,,,,,,,,,,,,,,,,,0,0,0,0,0,0,1,1,1,0,0,0,1,0,0,0,0,0,0,0,0,1,1,0,1,0,0,0,0,1,0,0,0,0,0,,1,0,0,0,0,0,1,1,0,1,0,0,0,0,1,0,,,,,,18-20,16-25,State route,R,Thursday,Belt Used,PV,White,0,1,0,0,State Route,State Patrol,Washington State Patrol,1,1,0,0,0,thc,1.2,,,,0.0,0.0,0.0,,,,,,,,,,,,,,,,,,,,,,,,,,,,,,,,,,,,98223