,year,case,par,repjur,crash_dt,crash_tm,accday,accmon,holiday,county,co_char,city,weather,weather2,lightcond,surfcond,surftype,numfatal,nmforms,pforms,vforms,not_tm,arr_tm,hosp_tm,fhevent,hitrun,manncol,milepnt,reljunc,reljuncinter,intersectiontype,funcsystem,landuse,ownership,route,schlbus,spejur,contdev,devfunc,trafid1,trafid2,x,y,wk_zone,vnumber,crashtype,criticalevent,criticaleventcat,spdlim,body,trailer,emerg,hazcargo,leave,mhevent,roadalgn,roadprof,traflane,trafflow,vehmanvr,numoccs,regowner,regstate,spuse,make,model,modelyr,vrf1,vrf2,seqevent1,seqevent2,seqevent3,seqevent4,seqevent5,seqevent6,pnumber,ptype,age,sex,hispanic,race,injury,diedscene,restraint,restraintmisuse,seatpos,takehosp,death_dt,death_tm,cert,cernum_wa,commlic,licendor,licrestrict,liccomp,drivpres,drf1,drf2,drf3,drf4,distract1,distract2,distract3,distract4,distract5,distract6,dricond1,dricond2,dricond3,dricond4,dricond5,dricond6,dzip,licstate,drhgt_in,weight,noncdl,noncdltype,prevdwi,prevoth,prevacc,prevspd,prevsus,driviol1,driviol2,driviol3,driviol4,driviol5,driviol6,spdrel,first_dt,last_dt,airbag,ejection,ejectpath,extricat,injurwrk,methalc,methdrug,nmlocat,strikveh,prf1,prf2,prf3,druginv,alcinvol,drugsts,drugres1,drugres2,drugres3,drugtst1,drugtst2,drugtst3,alcsts,alctst,alcres,nmact1,nmact2,nmact3,nmact4,nmact5,nmact6,nmprior1,nmprior2,nmprior3,nmprior4,nmprior5,nmprior6,nmcond1,nmcond2,nmcond3,nmcond4,nmcond5,nmcond6,nmsafe_helmet,nmsafe_pads,nmsafe_oth,nmprev_ref,nmprev_lgt,nmprev_oth,crashlocation,nmcrashtype,crosswalk,schoolzone,sidewalk,train_inv,wildlife_inv,rotr_fars,intersect_fars,dd_inv,aid_inv,dpd_inv,id_inv,mj_inv,impnm_inv,ainm_inv,dpnm_inv,speed_inv,unlic_inv,unendmc_inv,drowsy_inv,drdist_inv,nmdist_inv,fty_inv,unrestfat_inv,dr1617_inv,dr1820_inv,dr1620_inv,dr2125_inv,dr1625_inv,dr65_inv,dr70_inv,dr75_inv,mc_inv,pv_inv,ht_inv,ped_inv,bike_inv,unrest_fat,mc_fat,unhelmet_mc,pv_fat,ht_fat,ped_fat,bike_fat,dr_alc7,dr_alc8,dr_drug,dr_imp,dr_dist,dr_spd,dr_fty,dr_unlic,dr_alc7only,dr_alc8only,dr_drugonly,dr_drink,nm_imp,nm_alc7,nm_alc8,nm_drug,nm_dist,agegrp1,agegrp2,roadclass,urbrur,dayweek,restuse,vehtype,race_me,intersect,lanedep,oppdir,wrongway,rep_typ,investag,repag_long,rotr,st_rd,cty_rd,city_rd,oth_rd,drug_thc,thc_res,drug_cthc,cthc_res,drug_cann,prevpersemin,prevperse,prevsusoth,drugtst4,drugtst5,drugtst6,drugtst7,drugtst8,drugres4,drugres5,drugres6,drugres7,drugres8,adspresent,adsengaged,adslevel,race1,race2,race3,race4,race5,helmet,helmetmisuse,nmdistract1,nmdistract2,nmdistract3,nmdistract4,nmdistract5,nmdistract6,lab,isedtcase,crf1,crf2,crf3,CoRoadName,CoMP,IntCoRoadName,IntCoMP,zipcode
1498,2018,455,E871292,298.0,12/10/2018,20:31,10,12,0.0,33,King,2310,10,0.0,2,1,2,1,0,6,3,,,,12,0,2,0.0,1,0,1,7,2,4,6,0,0,0,0,S BOEING ACCESS RD,AIRPORT WAY S,-122.2859333,47.507502778,1,2,51,62,4,35,2,0,0,1,7,1,1,2,4,1,1,1,1,53,0,20,9,2011,0,0.0,12,63.0,25.0,1.0,,,1,1,29,1,0.0,0.0,3,0,20,0,11,8,,,,,0.0,0.0,0.0,3.0,1,0,0.0,0.0,0.0,96,,,,,,99,,,,,,98058.0,53,72.0,170.0,6.0,1.0,0.0,2.0,1.0,1.0,,0,,,,,,0,08/15/2016,03/15/2018,8,0,0,0,8.0,9,8,,,0,0.0,0.0,8,9,8.0,95.0,,,96.0,,,8,95,995.0,,,,,,,,,,,,,,,,,,,,,,,,,,,,,,0,0,0,0,0,0,1,1,0,0,0,0,0,0,0,0,0,0,0,0,0,0,0,0,0,1,1,0,0,1,0,0,0,0,0,,0,0,0,0,0,0,0,0,0,0,0,0,0,0,0,0,,,,,,26-30,26-35,City street,U,Monday,Not Used,PV,Not Fatal,0,1,1,0,City Street,Municipal/City Police,Tukwila Police Department,0,0,0,1,0,,,,,,0.0,0.0,0.0,,,,,,,,,,,,,,,,,,,,,,,,,,,,,,,,,,,,98168
1499,2018,455,E871292,298.0,12/10/2018,20:31,10,12,0.0,33,King,2310,10,0.0,2,1,2,1,0,6,3,,,,12,0,2,0.0,1,0,1,7,2,4,6,0,0,0,0,S BOEING ACCESS RD,AIRPORT WAY S,-122.2859333,47.507502778,1,3,98,98,7,35,4,0,0,1,7,12,1,2,4,1,1,3,1,53,0,37,32,1990,0,0.0,12,,,,,,1,1,33,2,0.0,0.0,2,0,3,0,11,8,,,,,0.0,0.0,3.0,3.0,1,0,0.0,0.0,0.0,96,,,,,,0,,,,,,98178.0,53,69.0,155.0,6.0,1.0,0.0,1.0,1.0,1.0,,0,,,,,,0,01/15/2016,03/15/2018,20,0,0,0,8.0,9,8,,,0,0.0,0.0,8,0,8.0,95.0,,,96.0,,,8,95,995.0,,,,,,,,,,,,,,,,,,,,,,,,,,,,,,0,0,0,0,0,0,1,1,0,0,0,0,0,0,0,0,0,0,0,0,0,0,0,0,0,1,1,0,0,1,0,0,0,0,0,,0,0,0,0,0,0,0,0,0,0,0,0,0,0,0,0,,,,,,31-35,26-35,City street,U,Monday,Belt Used,PV,Not Fatal,0,1,1,0,City Street,Municipal/City Police,Tukwila Police Department,0,0,0,1,0,,,,,,0.0,0.0,2.0,,,,,,,,,,,,,,,,,,,,,,,,,,,,,,,,,,,,98168
1500,2018,456,E871410,3.0,11/28/2018,4:30,28,11,0.0,67,Thurston,0,1,0.0,3,1,2,2,0,3,2,,,,12,0,7,30.8,1,0,1,4,2,1,3,0,0,0,0,SR-507,,-122.5632389,46.932277778,0,1,46,51,3,35,34,0,0,1,2,1,1,2,2,1,6,2,2,53,0,49,471,1989,0,0.0,12,63.0,38.0,39.0,1.0,3.0,1,1,20,1,7.0,1.0,4,7,3,0,11,0,11/28/2018,4:30,260053052732.0,52732.0,0.0,0.0,0.0,3.0,1,0,0.0,0.0,0.0,92,,,,,,0,,,,,,98597.0,53,73.0,170.0,6.0,1.0,0.0,0.0,0.0,0.0,,0,,,,,,0,,,20,0,0,0,0.0,9,8,,,0,0.0,0.0,8,0,2.0,605.0,695.0,,1.0,1.0,,2,1,0.0,,,,,,,,,,,,,,,,,,,,,,,,,,,,,,0,0,0,0,0,0,1,1,1,0,0,0,0,0,0,0,1,0,0,0,0,1,1,0,1,1,0,0,0,1,0,0,0,0,0,,1,0,0,0,0,0,1,1,1,0,0,0,0,0,1,0,,,,,,18-20,16-25,State route,U,Wednesday,Belt Used,PV,White,0,0,0,0,State Route,State Patrol,Washington State Patrol,0,1,0,0,0,thc,1.2,carboxy-thc,6.4,,0.0,0.0,0.0,,,,,,,,,,,,,,,,,,,,,,,,,,,,,,,,,,,,98597
1501,2018,456,E871410,3.0,11/28/2018,4:30,28,11,0.0,67,Thurston,0,1,0.0,3,1,2,2,0,3,2,,,,12,0,7,30.8,1,0,1,4,2,1,3,0,0,0,0,SR-507,,-122.5632389,46.932277778,0,2,45,60,4,35,4,0,0,1,5,12,1,2,2,1,1,1,1,53,0,55,35,2005,0,0.0,12,,,,,,1,1,66,2,0.0,0.0,0,0,3,0,11,0,,,,,0.0,0.0,0.0,3.0,1,0,0.0,0.0,0.0,96,,,,,,0,,,,,,98597.0,53,61.0,140.0,6.0,1.0,0.0,0.0,2.0,0.0,,0,,,,,,0,09/15/2014,04/15/2017,20,0,0,0,8.0,9,8,,,0,0.0,0.0,8,0,8.0,95.0,,,96.0,,,8,95,995.0,,,,,,,,,,,,,,,,,,,,,,,,,,,,,,0,0,0,0,0,0,1,1,1,0,0,0,0,0,0,0,1,0,0,0,0,1,1,0,1,1,0,0,0,1,0,0,0,0,0,,0,0,0,0,0,0,0,0,0,0,0,0,0,0,0,0,,,,,,66-70,66-75,State route,U,Wednesday,Belt Used,PV,Not Fatal,0,0,0,0,State Route,State Patrol,Washington State Patrol,0,1,0,0,0,,,,,,0.0,0.0,0.0,,,,,,,,,,,,,,,,,,,,,,,,,,,,,,,,,,,,98597
1502,2018,457,E871534,1.0,12/05/2018,13:15,5,12,0.0,77,Yakima,0,1,0.0,1,1,2,1,0,1,1,13:16,13:34,,1,0,0,15.4,1,0,1,4,1,1,3,0,0,0,0,SR-24,,-120.1850194,46.505741667,0,1,1,13,2,60,66,2,0,1,2,1,1,1,2,1,1,1,3,53,0,82,881,2008,0,0.0,63,1.0,,,,,1,1,58,1,1.0,98.0,4,7,20,0,11,0,12/05/2018,13:15,142053054022.0,54022.0,0.0,0.0,0.0,2.0,1,0,0.0,0.0,0.0,96,,,,,,0,,,,,,98901.0,53,72.0,250.0,6.0,1.0,0.0,4.0,1.0,1.0,,0,,,,,,0,09/15/2014,09/15/2018,20,2,9,0,1.0,9,8,,,0,0.0,0.0,8,0,2.0,1.0,,,1.0,,,2,1,0.0,,,,,,,,,,,,,,,,,,,,,,,,,,,,,,0,0,1,0,0,0,0,0,0,0,0,0,0,0,0,0,0,0,0,0,0,0,0,0,0,0,0,0,0,0,1,0,0,0,0,,0,1,0,0,0,0,0,0,0,0,0,0,0,0,0,0,,,,,,56-60,56-65,State route,R,Wednesday,,MHTRUCK,Hispanic,0,0,0,0,State Route,State Patrol,Washington State Patrol,0,1,0,0,0,,,,,,0.0,0.0,0.0,,,,,,,,,,,,,,,,,,,,,,,,,,,,,,,,,,,,98936
1503,2018,460,E872038,7.0,12/04/2018,0:59,4,12,0.0,33,King,0,2,0.0,3,2,2,2,0,5,2,,,,12,0,1,9.9,1,0,1,3,1,1,3,0,0,0,0,SR-164,,-122.0805278,47.210919444,0,1,66,6,1,50,4,0,0,1,5,12,2,1,2,1,14,4,2,53,0,63,33,2004,0,0.0,68,12.0,,,,,1,1,22,2,0.0,0.0,3,0,20,0,11,8,,,,,0.0,0.0,0.0,2.0,1,28,0.0,0.0,0.0,96,,,,,,9,,,,,,98022.0,53,61.0,145.0,0.0,0.0,0.0,0.0,0.0,0.0,,97,,,,,,4,,,8,0,0,0,8.0,9,8,,,0,0.0,0.0,8,1,2.0,1.0,,,1.0,,,2,1,0.08,,,,,,,,,,,,,,,,,,,,,,,,,,,,,,0,0,0,0,1,1,0,1,0,0,0,0,1,1,0,0,0,0,0,1,0,0,0,1,1,0,0,0,0,1,0,0,0,0,0,,0,0,0,0,0,1,0,1,0,1,0,1,0,1,0,1,,,,,,21-25,16-25,State route,R,Tuesday,Not Used,PV,Not Fatal,0,1,1,0,State Route,State Patrol,Washington State Patrol,0,1,0,0,0,,,,,,0.0,0.0,0.0,,,,,,,,,,,,,,,,,,,,,,,,,,,,,,,,,,,,98022
1504,2018,460,E872038,7.0,12/04/2018,0:59,4,12,0.0,33,King,0,2,0.0,3,2,2,2,0,5,2,,,,12,0,1,9.9,1,0,1,3,1,1,3,0,0,0,0,SR-164,,-122.0805278,47.210919444,0,2,66,62,4,50,34,0,0,1,5,1,3,1,2,1,14,1,1,53,0,12,481,2013,0,0.0,12,63.0,1.0,30.0,,,1,1,31,1,0.0,0.0,2,0,3,0,11,8,,,,,0.0,0.0,0.0,3.0,1,0,0.0,0.0,0.0,96,,,,,,0,,,,,,98022.0,53,75.0,215.0,6.0,1.0,0.0,0.0,0.0,0.0,,0,,,,,,0,,,8,0,0,0,8.0,9,8,,,0,0.0,0.0,8,0,8.0,95.0,,,96.0,,,8,95,995.0,,,,,,,,,,,,,,,,,,,,,,,,,,,,,,0,0,0,0,1,1,0,1,0,0,0,0,1,1,0,0,0,0,0,1,0,0,0,1,1,0,0,0,0,1,0,0,0,0,0,,0,0,0,0,0,0,0,0,0,0,0,0,0,0,0,0,,,,,,31-35,26-35,State route,R,Tuesday,Belt Used,PV,Not Fatal,0,1,1,0,State Route,State Patrol,Washington State Patrol,0,1,0,0,0,,,,,,0.0,0.0,0.0,,,,,,,,,,,,,,,,,,,,,,,,,,,,,,,,,,,,98022
1505,2018,461,E872248,25.0,12/08/2018,12:56,8,12,0.0,33,King,1958,1,0.0,1,1,2,1,0,2,2,,,,12,0,2,0.0,1,0,1,7,2,4,6,0,0,0,0,12TH PL S,16TH AVE S,-122.3143472,47.434713889,0,1,50,10,2,40,2,0,0,1,7,12,2,1,4,1,14,1,2,53,0,49,38,1997,0,0.0,68,12.0,,,,,1,1,52,2,7.0,2.0,4,7,20,0,11,0,12/08/2018,12:56,195853053878.0,53878.0,0.0,0.0,3.0,3.0,1,28,0.0,0.0,0.0,96,,,,,,0,,,,,,98188.0,53,62.0,160.0,6.0,1.0,0.0,0.0,2.0,0.0,,0,,,,,,0,03/15/2015,09/15/2015,8,0,0,0,0.0,9,8,,,0,0.0,0.0,8,0,2.0,1.0,,,1.0,,,2,1,0.0,,,,,,,,,,,,,,,,,,,,,,,,,,,,,,0,0,0,0,0,0,0,0,0,0,0,0,0,0,0,0,0,0,0,1,0,0,0,0,0,0,0,0,0,1,0,0,0,1,0,,1,0,0,0,0,0,0,0,0,0,0,0,0,0,0,0,,,,,,51-55,46-55,City street,U,Saturday,Not Used,PV,Black,0,1,1,0,City Street,County Sheriff,King County Police,0,0,0,1,0,,,,,,0.0,0.0,0.0,,,,,,,,,,,,,,,,,,,,,,,,,,,,,,,,,,,,98188
1506,2018,461,E872248,25.0,12/08/2018,12:56,8,12,0.0,33,King,1958,1,0.0,1,1,2,1,0,2,2,,,,12,0,2,0.0,1,0,1,7,2,4,6,0,0,0,0,12TH PL S,16TH AVE S,-122.3143472,47.434713889,0,2,51,62,4,40,34,0,0,1,7,12,3,1,4,1,14,1,1,53,0,7,482,2001,0,0.0,12,,,,,,1,1,64,1,0.0,0.0,2,0,3,0,11,8,,,,,0.0,0.0,3.0,3.0,1,0,0.0,0.0,0.0,96,,,,,,0,,,,,,98198.0,53,72.0,250.0,6.0,1.0,0.0,0.0,1.0,0.0,,0,,,,,,0,02/15/2018,02/15/2018,8,0,0,0,8.0,9,8,,,0,0.0,0.0,8,0,8.0,95.0,,,96.0,,,8,95,995.0,,,,,,,,,,,,,,,,,,,,,,,,,,,,,,0,0,0,0,0,0,0,0,0,0,0,0,0,0,0,0,0,0,0,1,0,0,0,0,0,0,0,0,0,1,0,0,0,0,0,,0,0,0,0,0,0,0,0,0,0,0,0,0,0,0,0,,,,,,61-65,56-65,City street,U,Saturday,Belt Used,PV,Not Fatal,0,1,1,0,City Street,County Sheriff,King County Police,0,0,0,1,0,,,,,,0.0,0.0,0.0,,,,,,,,,,,,,,,,,,,,,,,,,,,,,,,,,,,,98188
1507,2018,462,E872691,35.0,12/16/2018,6:52,16,12,0.0,53,Pierce,0,1,0.0,2,2,2,1,0,2,1,,,,1,0,0,0.5,1,0,1,5,1,2,4,0,0,0,0,CR-264TH ST E,,-122.2173306,47.017386111,0,1,1,11,2,35,14,0,0,1,7,1,3,2,2,1,14,2,2,53,0,2,404,1999,0,0.0,63,1.0,,,,,1,1,15,2,0.0,0.0,2,0,3,0,11,8,,,,,0.0,0.0,0.0,0.0,1,0,0.0,0.0,0.0,96,,,,,,9,,,,,,98387.0,53,,999.0,0.0,0.0,99.0,99.0,99.0,99.0,,97,,,,,,0,,,20,0,0,0,8.0,9,1,,,0,0.0,0.0,1,9,2.0,605.0,,,1.0,,,8,95,995.0,,,,,,,,,,,,,,,,,,,,,,,,,,,,,,0,0,1,0,0,0,1,1,1,0,0,0,0,1,0,0,0,0,0,1,0,0,0,0,0,0,0,0,0,1,0,0,0,0,0,,0,0,0,0,0,0,1,1,0,0,0,1,0,0,0,0,,,,,,10-15,0-15,County road,R,Sunday,Belt Used,PV,Not Fatal,0,1,0,0,County Road,County Sheriff,Law Enforcement Support Agency,1,0,1,0,0,,,,,,99.0,99.0,99.0,,,,,,,,,,,,,,,,,,,,,,,,,,,,,,,,,,,,98338
1508,2018,463,E872857,4.0,12/11/2018,15:15,11,12,0.0,63,Spokane,0,4,0.0,1,10,2,1,0,3,2,,,,12,0,6,304.1,1,0,1,3,1,1,2,0,0,0,0,US-2,,-117.3496389,47.999097222,0,1,66,9,1,98,2,0,0,1,2,12,1,2,2,1,1,1,2,53,0,37,31,1995,0,0.0,68,12.0,,,,,1,1,49,2,7.0,1.0,4,7,99,0,11,0,12/11/2018,15:30,53054611.0,54611.0,0.0,0.0,0.0,2.0,1,28,0.0,0.0,0.0,96,,,,,,9,,,,,,72712.0,5,60.0,130.0,1.0,1.0,0.0,0.0,0.0,0.0,,0,,,,,,0,,,20,0,0,0,0.0,9,1,,,0,0.0,0.0,1,9,2.0,605.0,695.0,401.0,1.0,1.0,1.0,2,1,0.0,,,,,,,,,,,,,,,,,,,,,,,,,,,,,,0,0,0,0,0,0,1,1,1,0,0,0,0,1,0,0,0,0,0,0,0,0,0,0,0,0,0,0,0,1,0,0,0,0,0,,1,0,0,0,0,0,1,1,0,0,0,1,0,0,1,0,,,,,,46-50,46-55,US highway,R,Tuesday,Unknown,PV,White,0,1,1,0,State Route,State Patrol,Washington State Patrol,0,1,0,0,0,thc,39.0,carboxy-thc,29.0,,0.0,0.0,0.0,1.0,,,,,417.0,,,,,,,,,,,,,,,,,,,,,,,,,,,,,,99009
1509,2018,463,E872857,4.0,12/11/2018,15:15,11,12,0.0,63,Spokane,0,4,0.0,1,10,2,1,0,3,2,,,,12,0,6,304.1,1,0,1,3,1,1,2,0,0,0,0,US-2,,-117.3496389,47.999097222,0,2,66,62,4,60,14,0,0,1,7,12,1,2,2,1,1,2,1,53,0,12,401,1997,0,0.0,12,,,,,,1,1,58,1,0.0,0.0,1,0,3,0,11,0,,,,,0.0,0.0,0.0,0.0,1,0,0.0,0.0,0.0,96,,,,,,0,,,,,,99009.0,53,75.0,155.0,0.0,0.0,0.0,0.0,0.0,0.0,,72,,,,,,0,,,1,0,0,0,8.0,9,8,,,0,0.0,0.0,8,0,8.0,95.0,,,96.0,,,8,95,995.0,,,,,,,,,,,,,,,,,,,,,,,,,,,,,,0,0,0,0,0,0,1,1,1,0,0,0,0,1,0,0,0,0,0,0,0,0,0,0,0,0,0,0,0,1,0,0,0,0,0,,0,0,0,0,0,0,0,0,0,0,0,1,0,0,0,0,,,,,,56-60,56-65,US highway,R,Tuesday,Belt Used,PV,Not Fatal,0,1,1,0,State Route,State Patrol,Washington State Patrol,0,1,0,0,0,,,,,,0.0,0.0,0.0,,,,,,,,,,,,,,,,,,,,,,,,,,,,,,,,,,,,99009
1510,2018,464,E872897,339.0,12/11/2018,11:58,11,12,0.0,63,Spokane,2113,1,0.0,9,1,2,1,0,1,1,,,,1,0,0,0.0,1,0,1,7,2,4,6,0,0,0,0,E MONTGOMERY AVE,,-117.1673,47.678733333,0,1,98,98,7,98,20,0,0,1,7,1,1,1,2,1,1,1,2,53,0,9,442,1999,0,0.0,1,,,,,,1,1,22,2,7.0,1.0,4,7,3,0,11,0,12/11/2018,11:58,211353055154.0,55154.0,0.0,0.0,0.0,3.0,1,0,0.0,0.0,0.0,93,,,,,,99,,,,,,99206.0,53,66.0,145.0,6.0,1.0,0.0,0.0,0.0,1.0,,0,,,,,,0,03/15/2017,03/15/2017,8,0,0,0,0.0,9,8,,,0,0.0,0.0,8,9,2.0,407.0,996.0,402.0,1.0,1.0,1.0,2,1,0.245,,,,,,,,,,,,,,,,,,,,,,,,,,,,,,0,0,0,0,1,1,1,1,1,0,0,0,0,0,0,0,1,0,0,0,0,0,0,1,1,0,0,0,0,1,0,0,0,0,0,,1,0,0,0,0,1,1,1,1,0,0,0,0,0,0,1,,,,,,21-25,16-25,City street,U,Tuesday,Belt Used,PV,White,0,1,0,0,City Street,Municipal/City Police,Spokane Valley Police Department,1,0,0,1,0,thc,6.5,carboxy-thc,11.0,,0.0,0.0,0.0,1.0,1.0,,,,695.0,605.0,,,,,,,,,,,,,,,,,,,,,,,,,,,,,99016
1511,2018,465,E872902,339.0,12/16/2018,2:55,16,12,0.0,63,Spokane,2113,2,0.0,3,2,2,1,0,1,1,2:58,3:04,3:42,25,0,0,0.0,1,0,1,5,2,4,6,0,0,0,0,E MISSION AVE,E AUGUSTA AVE,-117.2937472,47.672211111,0,1,6,12,2,98,2,0,0,1,7,25,2,1,2,1,14,1,1,53,0,58,37,2011,0,0.0,68,64.0,25.0,67.0,39.0,,1,1,22,1,7.0,1.0,4,0,1,0,11,5,12/16/2018,4:53,211053055914.0,55914.0,0.0,0.0,0.0,3.0,1,0,0.0,0.0,0.0,96,,,,,,99,,,,,,99206.0,53,71.0,145.0,6.0,1.0,0.0,0.0,0.0,0.0,,0,,,,,,3,,,8,0,0,0,0.0,9,8,,,0,0.0,0.0,8,9,2.0,348.0,,,1.0,,,2,1,0.0,,,,,,,,,,,,,,,,,,,,,,,,,,,,,,0,0,1,0,0,0,1,1,0,0,0,0,1,0,0,0,0,0,0,0,0,0,0,1,1,0,0,0,0,1,0,0,0,0,0,,1,0,0,0,0,0,1,1,0,1,0,0,0,0,1,0,,,,,,21-25,16-25,City street,U,Sunday,Belt Used,PV,White,0,1,0,0,City Street,Municipal/City Police,Spokane Valley Police Department,1,0,0,1,0,,,,,,0.0,0.0,0.0,,,,,,,,,,,,,,,,,,,,,,,,,,,,,,,,,,,,99212
1512,2018,466,E872998,4.0,12/10/2018,8:20,10,12,0.0,65,Stevens,0,10,0.0,1,10,2,1,0,4,3,,,,12,0,2,192.3,1,0,1,3,1,1,2,0,0,0,0,US-395,,-117.5920111,48.021694444,0,1,50,6,1,60,34,0,0,1,2,12,2,2,3,1,14,2,1,53,0,49,472,1998,0,0.0,68,12.0,12.0,,,,1,1,50,2,7.0,1.0,4,7,20,0,11,0,12/10/2018,8:20,53054787.0,54787.0,0.0,0.0,3.0,3.0,1,87,0.0,0.0,0.0,96,,,,,,99,,,,,,99109.0,53,65.0,190.0,6.0,1.0,0.0,0.0,0.0,0.0,,0,,,,,,4,,,20,0,0,0,0.0,1,1,,,0,0.0,0.0,0,0,2.0,177.0,,,1.0,,,2,1,0.0,,,,,,,,,,,,,,,,,,,,,,,,,,,,,,0,0,0,0,0,0,1,1,0,0,0,0,1,0,0,0,0,0,0,1,0,0,0,0,0,1,1,0,0,1,0,0,0,1,0,,1,0,0,0,0,0,1,1,0,1,0,0,0,0,1,0,,,,,,46-50,46-55,US highway,R,Monday,Not Used,PV,White,0,1,1,0,State Route,State Patrol,Washington State Patrol,0,1,0,0,0,,,,,,0.0,0.0,0.0,,,,,,,,,,,,,,,,,,,,,,,,,,,,,,,,,,,,99110
1513,2018,466,E872998,4.0,12/10/2018,8:20,10,12,0.0,65,Stevens,0,10,0.0,1,10,2,1,0,4,3,,,,12,0,2,192.3,1,0,1,3,1,1,2,0,0,0,0,US-395,,-117.5920111,48.021694444,0,2,51,62,4,60,34,0,0,1,2,12,3,2,3,1,14,1,1,53,0,7,482,2007,0,0.0,12,,,,,,1,1,73,1,0.0,0.0,0,0,3,0,11,0,,,,,0.0,0.0,3.0,3.0,1,0,0.0,0.0,0.0,96,,,,,,0,,,,,,99109.0,53,70.0,230.0,6.0,1.0,0.0,0.0,0.0,0.0,,0,,,,,,0,,,20,0,0,0,8.0,9,8,,,0,0.0,0.0,8,0,8.0,95.0,,,96.0,,,8,95,995.0,,,,,,,,,,,,,,,,,,,,,,,,,,,,,,0,0,0,0,0,0,1,1,0,0,0,0,1,0,0,0,0,0,0,1,0,0,0,0,0,1,1,0,0,1,0,0,0,0,0,,0,0,0,0,0,0,0,0,0,0,0,0,0,0,0,0,,,,,,71-75,66-75,US highway,R,Monday,Belt Used,PV,Not Fatal,0,1,1,0,State Route,State Patrol,Washington State Patrol,0,1,0,0,0,,,,,,0.0,0.0,0.0,,,,,,,,,,,,,,,,,,,,,,,,,,,,,,,,,,,,99110
1514,2018,466,E872998,4.0,12/10/2018,8:20,10,12,0.0,65,Stevens,0,10,0.0,1,10,2,1,0,4,3,,,,12,0,2,192.3,1,0,1,3,1,1,2,0,0,0,0,US-395,,-117.5920111,48.021694444,0,3,98,62,4,60,15,0,0,1,2,12,3,2,3,1,14,1,1,53,0,23,422,2011,0,0.0,12,,,,,,1,1,54,1,0.0,0.0,1,0,3,0,11,8,,,,,0.0,0.0,0.0,3.0,1,0,0.0,0.0,0.0,96,,,,,,0,,,,,,99005.0,53,63.0,285.0,6.0,1.0,0.0,0.0,1.0,0.0,,0,,,,,,0,10/15/2017,10/15/2017,1,0,0,0,8.0,9,8,,,0,0.0,0.0,8,0,8.0,95.0,,,96.0,,,8,95,995.0,,,,,,,,,,,,,,,,,,,,,,,,,,,,,,0,0,0,0,0,0,1,1,0,0,0,0,1,0,0,0,0,0,0,1,0,0,0,0,0,1,1,0,0,1,0,0,0,0,0,,0,0,0,0,0,0,0,0,0,0,0,0,0,0,0,0,,,,,,51-55,46-55,US highway,R,Monday,Belt Used,PV,Not Fatal,0,1,1,0,State Route,State Patrol,Washington State Patrol,0,1,0,0,0,,,,,,0.0,0.0,0.0,,,,,,,,,,,,,,,,,,,,,,,,,,,,,,,,,,,,99110
1515,2018,467,E873054,221.0,12/12/2018,0:00,12,12,0.0,47,Okanogan,0,1,0.0,2,10,5,1,0,1,1,,,,3,0,0,1.2,1,0,1,6,1,2,4,0,0,0,0,CR-MONSE RIVER RD,,-119.6904611,48.110938889,0,1,0,6,1,35,14,0,0,1,7,3,1,1,2,1,1,1,1,53,0,12,402,2003,0,0.0,68,68.0,63.0,3.0,,,1,1,76,2,7.0,1.0,4,7,20,0,11,0,12/12/2018,0:00,53055232.0,55232.0,0.0,0.0,3.0,2.0,1,58,0.0,0.0,0.0,93,,,,,,99,,,,,,98812.0,53,65.0,150.0,1.0,1.0,0.0,0.0,0.0,1.0,,0,,,,,,4,08/15/2018,08/15/2018,20,0,0,0,0.0,9,8,,,0,0.0,0.0,8,9,2.0,996.0,,,1.0,,,2,1,0.11,,,,,,,,,,,,,,,,,,,,,,,,,,,,,,0,0,0,0,1,1,1,1,0,0,0,0,1,1,0,0,1,0,0,1,0,0,0,0,0,1,1,1,0,1,0,0,0,1,0,,1,0,0,0,0,1,1,1,1,1,0,1,0,0,0,1,,,,,,76-80,76+,County road,R,Wednesday,Not Used,PV,White,0,1,0,0,County Road,County Sheriff,Okanogan County Sheriff's Office,1,0,1,0,0,,,,,,0.0,0.0,1.0,,,,,,,,,,,,,,,,,,,,,,,,,,,,,,,,,,,,
1516,2018,468,E873114,4.0,12/12/2018,4:26,12,12,0.0,43,Lincoln,0,1,0.0,2,4,2,1,0,4,2,4:40,5:16,5:54,12,0,6,244.8,1,0,1,1,1,1,1,0,0,0,0,I-90,,-117.9407417,47.323186111,0,1,98,6,1,60,66,1,0,1,2,12,1,2,2,3,1,2,3,6,0,82,881,2015,0,0.0,12,,,,,,1,1,23,1,7.0,68.0,4,7,3,0,11,0,12/12/2018,4:26,53055442.0,55442.0,6.0,3.0,0.0,3.0,1,0,0.0,0.0,0.0,96,,,,,,99,,,,,,95377.0,6,67.0,160.0,6.0,1.0,0.0,0.0,0.0,0.0,,0,,,,,,4,,,20,9,0,0,1.0,9,8,,,0,0.0,0.0,8,9,8.0,95.0,,,96.0,,,8,95,995.0,,,,,,,,,,,,,,,,,,,,,,,,,,,,,,0,0,0,0,0,0,0,0,0,0,0,0,1,0,0,0,1,0,0,0,0,0,0,1,1,0,0,0,0,0,1,0,0,0,0,,0,1,0,0,0,0,0,0,0,1,0,0,0,0,0,0,,,,,,21-25,16-25,Interstate,R,Wednesday,,MHTRUCK,API,0,0,0,0,State Route,State Patrol,Washington State Patrol,0,1,0,0,0,,,,,,0.0,0.0,0.0,,,,,,,,,,,,,,,,,,,,,,,,,,,,,,,,,,,,99032