,year,case,par,repjur,crash_dt,crash_tm,accday,accmon,holiday,county,co_char,city,weather,weather2,lightcond,surfcond,surftype,numfatal,nmforms,pforms,vforms,not_tm,arr_tm,hosp_tm,fhevent,hitrun,manncol,milepnt,reljunc,reljuncinter,intersectiontype,funcsystem,landuse,ownership,route,schlbus,spejur,contdev,devfunc,trafid1,trafid2,x,y,wk_zone,vnumber,crashtype,criticalevent,criticaleventcat,spdlim,body,trailer,emerg,hazcargo,leave,mhevent,roadalgn,roadprof,traflane,trafflow,vehmanvr,numoccs,regowner,regstate,spuse,make,model,modelyr,vrf1,vrf2,seqevent1,seqevent2,seqevent3,seqevent4,seqevent5,seqevent6,pnumber,ptype,age,sex,hispanic,race,injury,diedscene,restraint,restraintmisuse,seatpos,takehosp,death_dt,death_tm,cert,cernum_wa,commlic,licendor,licrestrict,liccomp,drivpres,drf1,drf2,drf3,drf4,distract1,distract2,distract3,distract4,distract5,distract6,dricond1,dricond2,dricond3,dricond4,dricond5,dricond6,dzip,licstate,drhgt_in,weight,noncdl,noncdltype,prevdwi,prevoth,prevacc,prevspd,prevsus,driviol1,driviol2,driviol3,driviol4,driviol5,driviol6,spdrel,first_dt,last_dt,airbag,ejection,ejectpath,extricat,injurwrk,methalc,methdrug,nmlocat,strikveh,prf1,prf2,prf3,druginv,alcinvol,drugsts,drugres1,drugres2,drugres3,drugtst1,drugtst2,drugtst3,alcsts,alctst,alcres,nmact1,nmact2,nmact3,nmact4,nmact5,nmact6,nmprior1,nmprior2,nmprior3,nmprior4,nmprior5,nmprior6,nmcond1,nmcond2,nmcond3,nmcond4,nmcond5,nmcond6,nmsafe_helmet,nmsafe_pads,nmsafe_oth,nmprev_ref,nmprev_lgt,nmprev_oth,crashlocation,nmcrashtype,crosswalk,schoolzone,sidewalk,train_inv,wildlife_inv,rotr_fars,intersect_fars,dd_inv,aid_inv,dpd_inv,id_inv,mj_inv,impnm_inv,ainm_inv,dpnm_inv,speed_inv,unlic_inv,unendmc_inv,drowsy_inv,drdist_inv,nmdist_inv,fty_inv,unrestfat_inv,dr1617_inv,dr1820_inv,dr1620_inv,dr2125_inv,dr1625_inv,dr65_inv,dr70_inv,dr75_inv,mc_inv,pv_inv,ht_inv,ped_inv,bike_inv,unrest_fat,mc_fat,unhelmet_mc,pv_fat,ht_fat,ped_fat,bike_fat,dr_alc7,dr_alc8,dr_drug,dr_imp,dr_dist,dr_spd,dr_fty,dr_unlic,dr_alc7only,dr_alc8only,dr_drugonly,dr_drink,nm_imp,nm_alc7,nm_alc8,nm_drug,nm_dist,agegrp1,agegrp2,roadclass,urbrur,dayweek,restuse,vehtype,race_me,intersect,lanedep,oppdir,wrongway,rep_typ,investag,repag_long,rotr,st_rd,cty_rd,city_rd,oth_rd,drug_thc,thc_res,drug_cthc,cthc_res,drug_cann,prevpersemin,prevperse,prevsusoth,drugtst4,drugtst5,drugtst6,drugtst7,drugtst8,drugres4,drugres5,drugres6,drugres7,drugres8,adspresent,adsengaged,adslevel,race1,race2,race3,race4,race5,helmet,helmetmisuse,nmdistract1,nmdistract2,nmdistract3,nmdistract4,nmdistract5,nmdistract6,lab,isedtcase,crf1,crf2,crf3,CoRoadName,CoMP,IntCoRoadName,IntCoMP,zipcode
1517,2018,468,E873114,4.0,12/12/2018,4:26,12,12,0.0,43,Lincoln,0,1,0.0,2,4,2,1,0,4,2,4:40,5:16,5:54,12,0,6,244.8,1,0,1,1,1,1,1,0,0,0,0,I-90,,-117.9407417,47.323186111,0,2,98,50,3,60,66,1,0,1,2,12,1,2,2,3,1,2,3,17,0,51,881,2018,0,0.0,12,,,,,,1,1,26,1,0.0,0.0,3,0,3,0,11,4,,,,,6.0,3.0,0.0,3.0,1,0,0.0,0.0,0.0,93,,,,,,0,,,,,,33478.0,12,74.0,999.0,6.0,1.0,0.0,3.0,0.0,1.0,,0,,,,,,4,09/15/2015,10/15/2017,1,0,0,0,8.0,9,8,,,0,0.0,0.0,8,0,8.0,95.0,,,96.0,,,8,95,995.0,,,,,,,,,,,,,,,,,,,,,,,,,,,,,,0,0,0,0,0,0,0,0,0,0,0,0,1,0,0,0,1,0,0,0,0,0,0,1,1,0,0,0,0,0,1,0,0,0,0,,0,0,0,0,0,0,0,0,1,1,0,0,0,0,0,0,,,,,,26-30,26-35,Interstate,R,Wednesday,,MHTRUCK,Not Fatal,0,0,0,0,State Route,State Patrol,Washington State Patrol,0,1,0,0,0,,,,,,0.0,0.0,0.0,,,,,,,,,,,,,,,,,,,,,,,,,,,,,,,,,,,,99032
1518,2018,469,E874030,222.0,12/18/2018,6:27,18,12,0.0,67,Thurston,1590,2,0.0,3,2,2,1,1,1,1,,,,8,0,0,0.0,1,0,1,7,2,4,6,0,0,0,0,FONES RD SE,WOODLAND TRAIL,-122.8469,47.040027778,0,1,13,80,5,35,4,0,0,1,7,8,1,1,3,1,1,1,2,53,0,37,31,1994,0,0.0,8,,,,,,1,1,33,1,0.0,0.0,0,0,3,0,11,0,,,,,0.0,0.0,3.0,3.0,1,0,0.0,0.0,0.0,93,,,,,,0,,,,,,98501.0,53,72.0,180.0,6.0,1.0,0.0,0.0,0.0,1.0,,97,,,,,,0,04/15/2018,12/15/2018,20,0,0,0,8.0,9,8,,,0,0.0,0.0,8,0,8.0,95.0,,,96.0,,,8,95,995.0,,,,,,,,,,,,,,,,,,,,,,,,,,,,,,0,0,0,0,0,0,0,0,0,0,0,0,0,0,0,0,1,0,0,0,0,0,0,0,0,0,0,0,0,1,0,1,0,0,0,,0,0,0,0,0,0,0,0,1,0,0,0,0,0,0,0,,,,,,31-35,26-35,City street,U,Tuesday,Belt Used,PV,Not Fatal,1,0,0,0,City Street,Municipal/City Police,Olympia Police Department,0,0,0,1,0,,,,,,0.0,0.0,1.0,,,,,,,,,,,,,,,,,,,,,,,,,,,,,,,,,,,,98501
1519,2018,470,E874079,42.0,12/17/2018,21:23,17,12,0.0,67,Thurston,0,2,0.0,2,2,2,1,1,4,1,,,,8,0,0,11.1,1,0,1,5,1,2,4,0,0,0,0,CR-LITTLEROCK RD SW,,-122.9762333,46.9497,0,1,13,80,5,50,15,1,0,1,5,8,1,1,2,1,1,4,1,53,0,12,422,1999,0,0.0,8,,,,,,1,1,46,1,0.0,0.0,0,0,3,0,11,0,,,,,0.0,0.0,0.0,3.0,1,10,0.0,0.0,0.0,96,,,,,,0,,,,,,98579.0,53,69.0,190.0,6.0,1.0,0.0,0.0,0.0,0.0,,0,,,,,,0,,,20,0,0,0,8.0,9,8,,,0,0.0,0.0,8,0,8.0,95.0,,,96.0,,,8,95,995.0,,,,,,,,,,,,,,,,,,,,,,,,,,,,,,0,0,0,0,0,0,0,0,0,0,0,0,0,0,0,0,0,0,0,0,0,0,0,0,0,0,0,0,0,1,0,1,0,0,0,,0,0,0,0,0,0,0,0,0,0,0,0,0,0,0,0,,,,,,46-50,46-55,County road,R,Monday,Belt Used,PV,Not Fatal,0,0,0,0,County Road,County Sheriff,Thurston County Sheriff's Office,0,0,1,0,0,,,,,,0.0,0.0,0.0,,,,,,,,,,,,,,,,,,,,,,,,,,,,,,,,,,,,98512
1520,2018,471,E874335,4.0,12/19/2018,7:26,19,12,0.0,63,Spokane,0,1,0.0,1,2,2,1,0,6,3,7:28,7:51,8:22,12,0,1,266.1,3,0,2,3,1,1,2,0,0,0,0,US-2,CHRISTENSEN RD,-117.6686028,47.642936111,0,1,20,10,2,55,20,0,0,1,2,12,1,1,3,1,1,1,2,53,0,7,442,2002,0,0.0,12,,,,,,1,1,45,1,0.0,0.0,2,0,3,0,11,5,,,,,0.0,0.0,0.0,3.0,1,91,0.0,0.0,0.0,96,,,,,,9,,,,,,99155.0,53,70.0,195.0,6.0,1.0,1.0,1.0,0.0,1.0,,1,,,,,,0,12/15/2015,11/15/2016,1,0,0,0,8.0,9,8,,,0,0.0,0.0,8,1,2.0,605.0,695.0,401.0,1.0,1.0,1.0,2,1,0.016,,,,,,,,,,,,,,,,,,,,,,,,,,,,,,0,0,0,1,1,0,1,1,1,0,0,0,0,0,0,0,0,0,0,0,0,0,0,0,0,0,0,0,0,1,1,0,0,0,0,,0,0,0,0,1,0,1,1,0,0,0,0,0,0,0,1,,,,,,41-45,36-45,US highway,R,Wednesday,Belt Used,PV,Not Fatal,1,0,0,0,State Route,State Patrol,Washington State Patrol,0,1,0,0,0,thc,4.1,carboxy-thc,53.0,,0.0,0.0,1.0,1.0,,,,,417.0,,,,,,,,,,,,,,,,,,,,,,,,,,,,,,99022
1521,2018,471,E874335,4.0,12/19/2018,7:26,19,12,0.0,63,Spokane,0,1,0.0,1,2,2,1,0,6,3,7:28,7:51,8:22,12,0,1,266.1,3,0,2,3,1,1,2,0,0,0,0,US-2,CHRISTENSEN RD,-117.6686028,47.642936111,0,2,21,60,4,55,14,0,0,1,2,12,1,1,3,1,5,1,1,53,0,48,403,2016,0,0.0,12,68.0,12.0,,,,1,1,36,1,7.0,1.0,4,7,3,0,11,0,12/19/2018,7:26,2253056007.0,56007.0,0.0,0.0,0.0,3.0,1,0,0.0,0.0,0.0,0,,,,,,99,,,,,,99217.0,53,70.0,180.0,6.0,1.0,0.0,0.0,1.0,0.0,,0,,,,,,0,12/15/2016,12/15/2016,8,0,0,0,0.0,9,8,,,0,0.0,0.0,8,0,2.0,1.0,,,1.0,,,2,1,0.0,,,,,,,,,,,,,,,,,,,,,,,,,,,,,,0,0,0,1,1,0,1,1,1,0,0,0,0,0,0,0,0,0,0,0,0,0,0,0,0,0,0,0,0,1,1,0,0,0,0,,1,0,0,0,0,0,0,0,0,0,0,0,0,0,0,0,,,,,,36-40,36-45,US highway,R,Wednesday,Belt Used,PV,White,1,0,0,0,State Route,State Patrol,Washington State Patrol,0,1,0,0,0,,,,,,0.0,0.0,0.0,,,,,,,,,,,,,,,,,,,,,,,,,,,,,,,,,,,,99022
1522,2018,471,E874335,4.0,12/19/2018,7:26,19,12,0.0,63,Spokane,0,1,0.0,1,2,2,1,0,6,3,7:28,7:51,8:22,12,0,1,266.1,3,0,2,3,1,1,2,0,0,0,0,US-2,CHRISTENSEN RD,-117.6686028,47.642936111,0,3,98,62,4,55,67,0,0,1,2,12,1,1,3,1,1,4,1,53,0,12,880,2001,0,0.0,12,,,,,,1,1,28,1,0.0,0.0,2,0,3,0,11,5,,,,,0.0,0.0,0.0,3.0,1,0,0.0,0.0,0.0,96,,,,,,0,,,,,,99008.0,53,70.0,200.0,6.0,1.0,0.0,0.0,0.0,0.0,,0,,,,,,0,,,20,0,0,0,8.0,9,8,,,0,0.0,0.0,8,0,8.0,95.0,,,96.0,,,8,95,995.0,,,,,,,,,,,,,,,,,,,,,,,,,,,,,,0,0,0,1,1,0,1,1,1,0,0,0,0,0,0,0,0,0,0,0,0,0,0,0,0,0,0,0,0,1,1,0,0,0,0,,0,0,0,0,0,0,0,0,0,0,0,0,0,0,0,0,,,,,,26-30,26-35,US highway,R,Wednesday,Belt Used,MHTRUCK,Not Fatal,1,0,0,0,State Route,State Patrol,Washington State Patrol,0,1,0,0,0,,,,,,0.0,0.0,0.0,,,,,,,,,,,,,,,,,,,,,,,,,,,,,,,,,,,,99022
1523,2018,472,E873992,7.0,12/18/2018,5:21,18,12,0.0,33,King,1030,2,0.0,2,2,2,1,1,1,1,,,,8,1,0,0.0,3,1,2,3,2,1,3,0,0,3,3,SR-167 RAMP S102109,84TH AVE,-122.2280194,47.399411111,0,1,13,80,5,35,99,0,0,1,5,8,1,1,2,1,10,99,9,99,0,99,999,9999,0,0.0,8,,,,,,1,1,999,8,0.0,0.0,0,0,99,0,11,0,,,,,99.0,9.0,9.0,9.0,1,0,0.0,0.0,0.0,96,,,,,,99,,,,,,99999.0,99,,999.0,9.0,9.0,99.0,99.0,99.0,99.0,,97,,,,,,0,,,99,0,0,0,8.0,9,8,,,0,0.0,0.0,8,9,8.0,95.0,,,96.0,,,8,95,995.0,,,,,,,,,,,,,,,,,,,,,,,,,,,,,,0,0,0,1,0,0,0,0,0,0,0,0,0,0,0,0,0,0,0,0,0,0,0,0,0,0,0,0,0,0,0,1,0,0,0,,0,0,0,0,0,0,0,0,0,0,0,0,0,0,0,0,,,,,,,,State route,U,Tuesday,,NR-U,Not Fatal,1,0,0,0,State Route,State Patrol,Washington State Patrol,0,1,0,0,0,,,,,,99.0,99.0,99.0,,,,,,,,,,,,,,,,,,,,,,,,,,,,,,,,,,,,98032
1524,2018,473,E874638,4.0,12/14/2018,21:05,14,12,0.0,43,Lincoln,0,1,0.0,2,1,2,1,0,1,1,,,,1,0,0,35.3,1,0,1,5,1,1,3,0,0,0,0,SR-174,,-118.7814778,47.822022222,0,1,6,12,2,60,34,0,0,1,2,1,1,1,2,1,1,1,1,53,0,12,481,1998,0,0.0,68,64.0,1.0,,,,1,1,43,1,7.0,1.0,4,7,99,0,11,0,12/14/2018,21:05,251053055448.0,55448.0,0.0,0.0,0.0,3.0,1,0,0.0,0.0,0.0,0,,,,,,2,,,,,,99122.0,53,70.0,160.0,6.0,1.0,0.0,2.0,0.0,1.0,,0,,,,,,0,12/15/2014,11/15/2017,20,1,9,0,0.0,9,8,,,0,0.0,0.0,8,9,8.0,95.0,,,96.0,,,8,95,995.0,,,,,,,,,,,,,,,,,,,,,,,,,,,,,,0,0,1,0,0,0,0,0,0,0,0,0,0,0,0,1,0,0,0,0,0,0,0,0,0,0,0,0,0,1,0,0,0,0,0,,1,0,0,0,0,0,0,0,0,0,0,0,0,0,0,0,,,,,,41-45,36-45,State route,R,Friday,Unknown,PV,White,0,1,0,0,State Route,State Patrol,Washington State Patrol,1,1,0,0,0,,,,,,0.0,0.0,1.0,,,,,,,,,,,,,,,,,,,,,,,,,,,,,,,,,,,,
1525,2018,474,E875914,2.0,12/20/2018,3:20,20,12,0.0,73,Whatcom,740,2,0.0,2,2,2,1,1,1,1,3:21,3:29,,8,1,0,0.0,1,0,1,7,2,4,6,0,0,0,0,CR-GRANDVIEW RD,ATWOOD RD,-122.5948861,48.892363889,0,1,13,13,2,35,34,0,0,1,5,8,3,1,2,1,14,1,1,91,0,20,481,2002,0,0.0,63,8.0,,,,,1,1,43,1,0.0,0.0,9,0,99,0,11,8,,,,,0.0,0.0,0.0,3.0,1,0,0.0,0.0,0.0,92,,,,,,99,,,,,,98248.0,53,72.0,175.0,6.0,1.0,0.0,2.0,1.0,0.0,,7,,,,,,0,05/15/2018,05/15/2018,99,9,0,0,8.0,9,8,,,0,0.0,0.0,8,9,8.0,95.0,,,96.0,,,8,95,995.0,,,,,,,,,,,,,,,,,,,,,,,,,,,,,,0,0,0,0,0,0,0,0,0,1,1,1,0,0,0,0,1,0,0,0,0,0,0,0,0,0,0,0,0,1,0,1,0,0,0,,0,0,0,0,0,0,0,0,1,0,0,0,0,0,0,0,,,,,,41-45,36-45,City street,U,Thursday,Unknown,PV,Not Fatal,0,0,0,0,City Street,State Patrol,Washington State Patrol,0,0,0,1,0,,,,,,0.0,0.0,1.0,,,,,,,,,,,,,,,,,,,,,,,,,,,,,,,,,,,,98248
1526,2018,475,E876580,160.0,12/23/2018,15:46,23,12,9.0,33,King,1030,2,0.0,1,2,1,1,0,1,1,,,,42,0,0,0.0,1,0,1,7,2,4,6,0,0,0,0,REITEN RD,E GUIBERSON ST,-122.2181333,47.378322222,0,1,1,13,2,98,6,0,0,1,7,42,3,2,2,1,14,1,1,53,0,48,34,2001,0,0.0,63,42.0,,,,,1,1,64,1,7.0,1.0,4,7,20,0,11,0,12/23/2018,15:46,103053057501.0,57501.0,0.0,0.0,0.0,3.0,1,0,0.0,0.0,0.0,96,,,,,,99,,,,,,98030.0,53,67.0,170.0,6.0,1.0,0.0,0.0,0.0,3.0,,0,,,,,,4,12/15/2014,02/15/2016,20,0,0,0,0.0,9,8,,,0,0.0,0.0,8,1,2.0,189.0,188.0,,1.0,1.0,,2,1,0.0,,,,,,,,,,,,,,,,,,,,,,,,,,,,,,0,0,1,0,1,0,1,1,0,0,0,0,1,0,0,0,0,0,0,1,0,0,0,0,0,0,0,0,0,1,0,0,0,1,0,,1,0,0,0,0,0,1,1,0,1,0,0,0,0,1,1,,,,,,61-65,56-65,City street,U,Sunday,Not Used,PV,White,0,1,0,0,City Street,Municipal/City Police,Kent Police Department,1,0,0,1,0,,,,,,0.0,0.0,0.0,,,,,,,,,,,,,,,,,,,,,,,,,,,,,,,,,,,,98030
1527,2018,476,E876928,9.0,12/23/2018,0:28,23,12,9.0,1,Adams,0,4,0.0,2,10,2,1,0,6,1,0:33,1:15,,1,0,0,4.7,1,0,1,5,1,2,4,0,0,0,0,CR-S LIND HATTON RD,,-118.8091278,46.821719444,0,1,1,13,2,25,20,0,0,1,7,1,3,2,2,1,14,6,2,53,0,6,441,2003,0,0.0,63,1.0,,,,,1,1,37,1,0.0,0.0,1,0,99,0,11,0,,,,,0.0,0.0,0.0,3.0,1,0,0.0,0.0,0.0,96,,,,,,0,,,,,,99344.0,53,67.0,185.0,6.0,1.0,0.0,2.0,1.0,2.0,,23,,,,,,3,06/15/2014,05/15/2016,1,0,0,0,8.0,9,8,,,0,0.0,0.0,8,0,8.0,95.0,,,96.0,,,8,95,995.0,,,,,,,,,,,,,,,,,,,,,,,,,,,,,,0,0,1,0,0,0,0,0,0,0,0,0,1,0,0,0,0,0,0,0,0,0,0,0,0,0,0,0,0,1,0,0,0,0,0,,0,0,0,0,0,0,0,0,0,1,0,0,0,0,0,0,,,,,,36-40,36-45,County road,R,Sunday,Unknown,PV,Not Fatal,0,1,0,0,County Road,County Sheriff,Adam's County Sheriff's Office,1,0,1,0,0,,,,,,0.0,0.0,0.0,,,,,,,,,,,,,,,,,,,,,,,,,,,,,,,,,,,,
1528,2018,477,E877198,247.0,12/28/2018,16:44,28,12,0.0,33,King,1820,2,0.0,2,2,2,1,1,1,1,,,,8,0,0,0.0,3,0,2,7,2,4,6,0,0,3,3,NE 28TH ST,152ND AVE NE,-122.1377278,47.635197222,0,1,13,80,5,98,62,0,0,1,5,8,1,2,2,1,11,1,3,53,0,84,881,2014,0,0.0,8,,,,,,1,1,33,1,0.0,0.0,0,0,3,0,11,0,,,,,0.0,0.0,0.0,3.0,1,38,0.0,0.0,0.0,96,,,,,,0,,,,,,98047.0,53,67.0,145.0,6.0,1.0,0.0,0.0,0.0,0.0,,97,,,,,,0,04/15/2014,04/15/2014,20,0,0,0,8.0,9,8,,,0,0.0,0.0,8,0,8.0,95.0,,,96.0,,,8,95,995.0,,,,,,,,,,,,,,,,,,,,,,,,,,,,,,0,0,0,1,0,0,0,0,0,0,0,0,0,0,0,0,0,0,1,0,0,0,0,0,0,0,0,0,0,0,1,1,0,0,0,,0,0,0,0,0,0,0,0,0,0,1,0,0,0,0,0,,,,,,31-35,26-35,City street,U,Friday,,MHTRUCK,Not Fatal,1,0,0,0,City Street,Municipal/City Police,Redmond Police Department,0,0,0,1,0,,,,,,0.0,0.0,1.0,,,,,,,,,,,,,,,,,,,,,,,,,,,,,,,,,,,,98007
1529,2018,478,E877471,6.0,12/10/2018,18:12,10,12,0.0,25,Grant,0,10,0.0,2,2,2,1,0,2,2,,,,12,0,2,27.0,1,0,1,3,1,1,3,0,0,0,0,SR-26,,-119.4443278,46.852325,0,1,50,10,2,60,4,0,0,1,2,12,1,1,2,1,1,1,1,53,0,12,17,2006,0,0.0,68,12.0,,,,,1,1,19,1,6.0,1.0,4,7,99,0,11,0,12/10/2018,18:12,193253055695.0,55695.0,0.0,0.0,0.0,3.0,1,28,0.0,0.0,0.0,96,,,,,,0,,,,,,98840.0,53,69.0,150.0,6.0,1.0,0.0,0.0,0.0,0.0,,0,,,,,,0,,,20,1,9,0,0.0,9,8,,,0,0.0,0.0,8,0,8.0,95.0,,,96.0,,,8,95,995.0,,,,,,,,,,,,,,,,,,,,,,,,,,,,,,0,0,0,0,0,0,0,0,0,0,0,0,0,0,0,0,0,0,0,0,0,1,1,1,1,0,0,0,0,1,1,0,0,0,0,,1,0,0,0,0,0,0,0,0,0,0,0,0,0,0,0,,,,,,18-20,16-25,State route,R,Monday,Unknown,PV,Hispanic,0,1,1,0,State Route,State Patrol,Washington State Patrol,0,1,0,0,0,,,,,,0.0,0.0,0.0,,,,,,,,,,,,,,,,,,,,,,,,,,,,,,,,,,,,
1530,2018,478,E877471,6.0,12/10/2018,18:12,10,12,0.0,25,Grant,0,10,0.0,2,2,2,1,0,2,2,,,,12,0,2,27.0,1,0,1,3,1,1,3,0,0,0,0,SR-26,,-119.4443278,46.852325,0,2,51,62,4,60,66,1,0,1,7,12,1,1,2,1,1,1,3,53,0,51,881,2017,0,0.0,12,,,,,,1,1,25,1,0.0,0.0,1,0,3,0,11,4,,,,,6.0,1.0,0.0,3.0,1,0,0.0,0.0,0.0,96,,,,,,0,,,,,,99344.0,53,70.0,380.0,6.0,1.0,0.0,2.0,0.0,4.0,,0,,,,,,0,07/15/2014,01/15/2016,20,0,0,0,8.0,9,8,,,0,0.0,0.0,8,0,8.0,95.0,,,96.0,,,8,95,995.0,,,,,,,,,,,,,,,,,,,,,,,,,,,,,,0,0,0,0,0,0,0,0,0,0,0,0,0,0,0,0,0,0,0,0,0,1,1,1,1,0,0,0,0,1,1,0,0,0,0,,0,0,0,0,0,0,0,0,0,0,0,0,0,0,0,0,,,,,,21-25,16-25,State route,R,Monday,,MHTRUCK,Not Fatal,0,1,1,0,State Route,State Patrol,Washington State Patrol,0,1,0,0,0,,,,,,0.0,0.0,0.0,,,,,,,,,,,,,,,,,,,,,,,,,,,,,,,,,,,,
1531,2018,479,E877730,16.0,12/28/2018,14:10,28,12,0.0,15,Cowlitz,0,2,0.0,1,2,2,1,0,1,1,,,,42,0,0,0.6,1,0,1,5,1,2,4,0,0,0,0,CR-MOUNT PLEASANT RD,,-122.8563528,46.062713889,0,1,6,12,2,35,63,0,0,1,7,42,1,2,2,1,1,1,3,53,0,98,804,2000,0,0.0,68,64.0,42.0,,,,1,1,66,1,7.0,1.0,4,0,99,0,11,4,12/28/2018,17:51,119053058229.0,58229.0,6.0,1.0,0.0,3.0,1,0,0.0,0.0,0.0,96,,,,,,0,,,,,,98611.0,53,77.0,240.0,6.0,1.0,0.0,0.0,0.0,1.0,,0,,,,,,0,02/15/2016,02/15/2016,20,0,0,0,1.0,9,8,,,0,0.0,0.0,8,0,2.0,1.0,,,1.0,,,2,1,0.0,,,,,,,,,,,,,,,,,,,,,,,,,,,,,,0,0,1,0,0,0,0,0,0,0,0,0,0,0,0,0,0,0,0,0,0,0,0,0,0,1,0,0,0,0,1,0,0,0,0,,0,1,0,0,0,0,0,0,0,0,0,0,0,0,0,0,,,,,,66-70,66-75,County road,R,Friday,,MHTRUCK,White,0,1,0,0,County Road,County Sheriff,Cowlitz County Sheriff's Office,1,0,1,0,0,,,,,,0.0,0.0,0.0,,,,,,,,,,,,,,,,,,,,,,,,,,,,,,,,,,,,98609
1532,2018,480,E878609,7.0,12/30/2018,4:55,30,12,0.0,33,King,1960,10,0.0,3,2,2,1,0,2,2,,,,24,0,0,161.1,1,0,1,1,2,1,1,0,0,0,0,I-5,,-122.3097,47.546936111,0,1,7,6,1,60,14,0,0,1,7,1,4,1,5,3,14,1,1,53,0,2,404,1999,0,0.0,64,24.0,1.0,60.0,54.0,,1,1,40,1,7.0,98.0,4,7,99,0,11,0,12/30/2018,4:55,196053058077.0,58077.0,0.0,0.0,0.0,3.0,1,0,0.0,0.0,0.0,96,,,,,,99,,,,,,98057.0,53,71.0,160.0,6.0,1.0,0.0,0.0,0.0,0.0,,0,,,,,,4,,,20,0,0,0,0.0,9,8,,,0,0.0,0.0,8,9,2.0,605.0,695.0,,1.0,1.0,,2,1,0.233,,,,,,,,,,,,,,,,,,,,,,,,,,,,,,0,0,0,0,1,1,1,1,1,0,0,0,1,0,0,0,0,0,0,0,0,0,0,0,0,0,0,0,0,1,0,0,0,0,0,,1,0,0,0,0,1,1,1,0,1,0,0,0,0,0,1,,,,,,36-40,36-45,Interstate,U,Sunday,Unknown,PV,Oth/Unk,0,1,0,0,State Route,State Patrol,Washington State Patrol,1,1,0,0,0,thc,1.5,carboxy-thc,8.9,,0.0,0.0,0.0,,,,,,,,,,,,,,,,,,,,,,,,,,,,,,,,,,,,98108
1533,2018,480,E878609,7.0,12/30/2018,4:55,30,12,0.0,33,King,1960,10,0.0,3,2,2,1,0,2,2,,,,24,0,0,161.1,1,0,1,1,2,1,1,0,0,0,0,I-5,,-122.3097,47.546936111,0,2,98,98,7,60,20,0,0,1,5,54,4,1,5,3,14,1,1,53,0,37,441,2008,0,0.0,54,,,,,,1,1,45,2,0.0,0.0,0,0,3,0,11,0,,,,,0.0,0.0,0.0,3.0,1,0,0.0,0.0,0.0,96,,,,,,0,,,,,,98012.0,53,68.0,125.0,6.0,1.0,0.0,0.0,0.0,0.0,,0,,,,,,0,,,20,0,0,0,8.0,9,8,,,0,0.0,0.0,8,0,8.0,95.0,,,96.0,,,8,95,995.0,,,,,,,,,,,,,,,,,,,,,,,,,,,,,,0,0,0,0,1,1,1,1,1,0,0,0,1,0,0,0,0,0,0,0,0,0,0,0,0,0,0,0,0,1,0,0,0,0,0,,0,0,0,0,0,0,0,0,0,0,0,0,0,0,0,0,,,,,,41-45,36-45,Interstate,U,Sunday,Belt Used,PV,Not Fatal,0,1,0,0,State Route,State Patrol,Washington State Patrol,1,1,0,0,0,,,,,,0.0,0.0,0.0,,,,,,,,,,,,,,,,,,,,,,,,,,,,,,,,,,,,98108
1534,2018,481,E879767,6.0,12/27/2018,21:40,27,12,0.0,25,Grant,0,5,0.0,2,2,2,1,1,3,1,,,,8,0,0,157.6,1,0,1,1,1,1,1,0,0,0,0,I-90,,-119.6696694,47.103866667,0,1,13,80,5,70,67,0,0,1,5,8,1,1,2,3,1,3,1,53,0,7,880,2014,0,0.0,8,,,,,,1,1,50,1,0.0,0.0,0,0,3,0,11,0,,,,,0.0,0.0,0.0,3.0,1,0,0.0,0.0,0.0,96,,,,,,0,,,,,,98801.0,53,76.0,240.0,6.0,1.0,0.0,0.0,0.0,0.0,,0,,,,,,0,,,20,0,0,0,8.0,9,8,,,0,0.0,0.0,8,1,8.0,95.0,,,96.0,,,8,95,995.0,,,,,,,,,,,,,,,,,,,,,,,,,,,,,,0,0,0,0,1,0,0,0,0,0,0,0,0,0,0,0,0,0,0,0,0,0,0,0,0,0,0,0,0,0,1,1,0,0,0,,0,0,0,0,0,0,0,0,0,0,0,0,0,0,0,1,,,,,,46-50,46-55,Interstate,R,Thursday,Belt Used,MHTRUCK,Not Fatal,0,0,0,0,State Route,State Patrol,Washington State Patrol,0,1,0,0,0,,,,,,0.0,0.0,0.0,,,,,,,,,,,,,,,,,,,,,,,,,,,,,,,,,,,,98824
1535,2018,482,E880236,7.0,12/16/2018,16:50,16,12,0.0,33,King,0,2,0.0,3,2,1,1,0,3,2,,,,12,0,6,29.2,3,1,3,1,2,1,1,0,0,20,3,I-5 RAMP,SR-104,-122.3157194,47.777622222,0,1,82,15,2,98,4,0,0,1,7,12,1,2,1,6,11,2,1,53,0,59,35,2002,0,0.0,12,,,,,,1,1,74,1,7.0,1.0,4,0,3,0,11,4,12/20/2018,21:21,196053056430.0,56430.0,0.0,0.0,0.0,3.0,1,38,0.0,0.0,0.0,96,,,,,,99,,,,,,98043.0,53,72.0,210.0,6.0,1.0,0.0,1.0,0.0,1.0,,46,,,,,,0,07/15/2015,10/15/2017,2,0,0,0,0.0,9,8,,,0,0.0,0.0,8,9,8.0,95.0,,,96.0,,,8,95,995.0,,,,,,,,,,,,,,,,,,,,,,,,,,,,,,0,0,0,1,0,0,0,0,0,0,0,0,0,0,0,0,0,0,1,0,0,0,0,0,0,1,1,1,0,1,0,0,0,0,0,,1,0,0,0,0,0,0,0,0,0,1,0,0,0,0,0,,,,,,71-75,66-75,Interstate,U,Sunday,Belt Used,PV,White,1,0,0,0,State Route,State Patrol,Washington State Patrol,0,1,0,0,0,,,,,,0.0,0.0,0.0,,,,,,,,,,,,,,,,,,,,,,,,,,,,,,,,,,,,98043