,year,case,par,repjur,crash_dt,crash_tm,accday,accmon,holiday,county,co_char,city,weather,weather2,lightcond,surfcond,surftype,numfatal,nmforms,pforms,vforms,not_tm,arr_tm,hosp_tm,fhevent,hitrun,manncol,milepnt,reljunc,reljuncinter,intersectiontype,funcsystem,landuse,ownership,route,schlbus,spejur,contdev,devfunc,trafid1,trafid2,x,y,wk_zone,vnumber,crashtype,criticalevent,criticaleventcat,spdlim,body,trailer,emerg,hazcargo,leave,mhevent,roadalgn,roadprof,traflane,trafflow,vehmanvr,numoccs,regowner,regstate,spuse,make,model,modelyr,vrf1,vrf2,seqevent1,seqevent2,seqevent3,seqevent4,seqevent5,seqevent6,pnumber,ptype,age,sex,hispanic,race,injury,diedscene,restraint,restraintmisuse,seatpos,takehosp,death_dt,death_tm,cert,cernum_wa,commlic,licendor,licrestrict,liccomp,drivpres,drf1,drf2,drf3,drf4,distract1,distract2,distract3,distract4,distract5,distract6,dricond1,dricond2,dricond3,dricond4,dricond5,dricond6,dzip,licstate,drhgt_in,weight,noncdl,noncdltype,prevdwi,prevoth,prevacc,prevspd,prevsus,driviol1,driviol2,driviol3,driviol4,driviol5,driviol6,spdrel,first_dt,last_dt,airbag,ejection,ejectpath,extricat,injurwrk,methalc,methdrug,nmlocat,strikveh,prf1,prf2,prf3,druginv,alcinvol,drugsts,drugres1,drugres2,drugres3,drugtst1,drugtst2,drugtst3,alcsts,alctst,alcres,nmact1,nmact2,nmact3,nmact4,nmact5,nmact6,nmprior1,nmprior2,nmprior3,nmprior4,nmprior5,nmprior6,nmcond1,nmcond2,nmcond3,nmcond4,nmcond5,nmcond6,nmsafe_helmet,nmsafe_pads,nmsafe_oth,nmprev_ref,nmprev_lgt,nmprev_oth,crashlocation,nmcrashtype,crosswalk,schoolzone,sidewalk,train_inv,wildlife_inv,rotr_fars,intersect_fars,dd_inv,aid_inv,dpd_inv,id_inv,mj_inv,impnm_inv,ainm_inv,dpnm_inv,speed_inv,unlic_inv,unendmc_inv,drowsy_inv,drdist_inv,nmdist_inv,fty_inv,unrestfat_inv,dr1617_inv,dr1820_inv,dr1620_inv,dr2125_inv,dr1625_inv,dr65_inv,dr70_inv,dr75_inv,mc_inv,pv_inv,ht_inv,ped_inv,bike_inv,unrest_fat,mc_fat,unhelmet_mc,pv_fat,ht_fat,ped_fat,bike_fat,dr_alc7,dr_alc8,dr_drug,dr_imp,dr_dist,dr_spd,dr_fty,dr_unlic,dr_alc7only,dr_alc8only,dr_drugonly,dr_drink,nm_imp,nm_alc7,nm_alc8,nm_drug,nm_dist,agegrp1,agegrp2,roadclass,urbrur,dayweek,restuse,vehtype,race_me,intersect,lanedep,oppdir,wrongway,rep_typ,investag,repag_long,rotr,st_rd,cty_rd,city_rd,oth_rd,drug_thc,thc_res,drug_cthc,cthc_res,drug_cann,prevpersemin,prevperse,prevsusoth,drugtst4,drugtst5,drugtst6,drugtst7,drugtst8,drugres4,drugres5,drugres6,drugres7,drugres8,adspresent,adsengaged,adslevel,race1,race2,race3,race4,race5,helmet,helmetmisuse,nmdistract1,nmdistract2,nmdistract3,nmdistract4,nmdistract5,nmdistract6,lab,isedtcase,crf1,crf2,crf3,CoRoadName,CoMP,IntCoRoadName,IntCoMP,zipcode
1536,2018,482,E880236,7.0,12/16/2018,16:50,16,12,0.0,33,King,0,2,0.0,3,2,1,1,0,3,2,,,,12,0,6,29.2,3,1,3,1,2,1,1,0,0,0,0,I-5 RAMP,SR-104,-122.3157194,47.777622222,0,2,83,67,4,35,4,0,0,1,7,12,1,2,2,1,1,1,1,53,0,18,20,1999,0,0.0,12,,,,,,1,1,88,1,0.0,0.0,1,0,3,0,11,8,,,,,0.0,0.0,3.0,3.0,1,0,0.0,0.0,0.0,96,,,,,,0,,,,,,98020.0,53,71.0,175.0,6.0,1.0,0.0,0.0,0.0,0.0,,0,,,,,,0,,,1,0,0,0,8.0,9,8,,,0,0.0,0.0,8,0,8.0,95.0,,,96.0,,,8,95,995.0,,,,,,,,,,,,,,,,,,,,,,,,,,,,,,0,0,0,1,0,0,0,0,0,0,0,0,0,0,0,0,0,0,1,0,0,0,0,0,0,1,1,1,0,1,0,0,0,0,0,,0,0,0,0,0,0,0,0,0,0,0,0,0,0,0,0,,,,,,81+,76+,Interstate,U,Sunday,Belt Used,PV,Not Fatal,1,0,0,0,State Route,State Patrol,Washington State Patrol,0,1,0,0,0,,,,,,0.0,0.0,0.0,,,,,,,,,,,,,,,,,,,,,,,,,,,,,,,,,,,,98043
1537,2018,483,E880661,2.0,12/30/2018,18:07,30,12,0.0,61,Snohomish,0,1,0.0,2,1,1,1,1,6,3,18:05,18:16,,8,0,0,213.5,1,0,1,1,1,1,1,0,0,0,0,I-5,,-122.2502056,48.247394444,0,1,13,80,5,70,6,0,0,1,5,8,1,1,3,3,1,2,2,53,0,30,40,2005,0,0.0,8,,,,,,1,1,55,1,0.0,0.0,0,0,3,0,11,0,,,,,0.0,0.0,3.0,3.0,1,0,0.0,0.0,0.0,96,,,,,,0,,,,,,98275.0,53,78.0,225.0,6.0,1.0,0.0,0.0,0.0,1.0,,0,,,,,,0,07/15/2018,07/15/2018,20,0,0,0,8.0,9,8,,,0,0.0,0.0,8,0,8.0,95.0,,,96.0,,,8,95,995.0,,,,,,,,,,,,,,,,,,,,,,,,,,,,,,0,0,0,0,0,0,0,0,0,0,0,0,0,0,0,0,0,0,0,0,0,0,0,0,0,0,0,0,0,1,0,1,0,0,0,,0,0,0,0,0,0,0,0,0,0,0,0,0,0,0,0,,,,,,51-55,46-55,Interstate,R,Sunday,Belt Used,PV,Not Fatal,0,0,0,0,State Route,State Patrol,Washington State Patrol,0,1,0,0,0,,,,,,0.0,0.0,0.0,,,,,,,,,,,,,,,,,,,,,,,,,,,,,,,,,,,,
1538,2018,483,E880661,2.0,12/30/2018,18:07,30,12,0.0,61,Snohomish,0,1,0.0,2,1,1,1,1,6,3,18:05,18:16,,8,0,0,213.5,1,0,1,1,1,1,1,0,0,0,0,I-5,,-122.2502056,48.247394444,0,2,98,80,5,70,4,0,0,1,5,8,1,1,3,3,1,1,9,95,0,37,31,2017,0,0.0,8,,,,,,1,1,33,1,0.0,0.0,0,0,3,0,11,0,,,,,99.0,9.0,9.0,9.0,1,0,0.0,0.0,0.0,96,,,,,,0,,,,,,0.0,95,,999.0,9.0,9.0,99.0,99.0,99.0,99.0,,0,,,,,,0,,,20,0,0,0,8.0,9,8,,,0,0.0,0.0,8,0,8.0,95.0,,,96.0,,,8,95,995.0,,,,,,,,,,,,,,,,,,,,,,,,,,,,,,0,0,0,0,0,0,0,0,0,0,0,0,0,0,0,0,0,0,0,0,0,0,0,0,0,0,0,0,0,1,0,1,0,0,0,,0,0,0,0,0,0,0,0,0,0,0,0,0,0,0,0,,,,,,31-35,26-35,Interstate,R,Sunday,Belt Used,PV,Not Fatal,0,0,0,0,State Route,State Patrol,Washington State Patrol,0,1,0,0,0,,,,,,99.0,99.0,99.0,,,,,,,,,,,,,,,,,,,,,,,,,,,,,,,,,,,,
1539,2018,483,E880661,2.0,12/30/2018,18:07,30,12,0.0,61,Snohomish,0,1,0.0,2,1,1,1,1,6,3,18:05,18:16,,8,0,0,213.5,1,0,1,1,1,1,1,0,0,0,0,I-5,,-122.2502056,48.247394444,0,3,98,80,5,70,14,0,0,1,5,8,1,1,3,3,1,3,2,53,0,49,402,2014,0,0.0,8,,,,,,1,1,37,1,0.0,0.0,0,0,3,0,11,0,,,,,0.0,0.0,3.0,3.0,1,0,0.0,0.0,0.0,96,,,,,,0,,,,,,98036.0,53,65.0,190.0,6.0,1.0,0.0,0.0,0.0,0.0,,0,,,,,,0,,,20,0,0,0,8.0,9,8,,,0,0.0,0.0,8,0,8.0,95.0,,,96.0,,,8,95,995.0,,,,,,,,,,,,,,,,,,,,,,,,,,,,,,0,0,0,0,0,0,0,0,0,0,0,0,0,0,0,0,0,0,0,0,0,0,0,0,0,0,0,0,0,1,0,1,0,0,0,,0,0,0,0,0,0,0,0,0,0,0,0,0,0,0,0,,,,,,36-40,36-45,Interstate,R,Sunday,Belt Used,PV,Not Fatal,0,0,0,0,State Route,State Patrol,Washington State Patrol,0,1,0,0,0,,,,,,0.0,0.0,0.0,,,,,,,,,,,,,,,,,,,,,,,,,,,,,,,,,,,,
1540,2018,485,E880701,32.0,12/26/2018,9:56,26,12,0.0,47,Okanogan,1670,4,0.0,1,10,2,1,1,2,1,9:31,9:52,,15,0,0,0.0,2,0,2,7,2,4,6,0,0,0,0,WARREN AVE,EVELINE ST,-119.9089889,48.049019444,0,1,13,83,5,25,67,0,0,1,5,15,1,1,2,1,1,2,1,53,0,12,880,2018,0,0.0,15,,,,,,1,1,64,8,0.0,0.0,0,0,3,0,11,0,,,,,0.0,0.0,0.0,3.0,1,0,0.0,0.0,0.0,96,,,,,,99,,,,,,98846.0,53,69.0,170.0,6.0,1.0,0.0,0.0,0.0,0.0,,0,,,,,,0,,,20,0,0,0,8.0,9,8,,,0,0.0,0.0,8,1,8.0,95.0,,,96.0,,,8,95,995.0,,,,,,,,,,,,,,,,,,,,,,,,,,,,,,0,0,0,1,1,0,0,0,0,0,0,0,0,0,0,0,0,0,0,0,0,0,0,0,0,0,0,0,0,0,1,1,0,0,0,,0,0,0,0,0,0,0,0,0,0,0,0,0,0,0,1,,,,,,61-65,56-65,City street,U,Wednesday,Belt Used,MHTRUCK,Not Fatal,1,0,0,0,City Street,County Sheriff,Okanogan County Sheriff's Office,0,0,0,1,0,,,,,,0.0,0.0,0.0,,,,,,,,,,,,,,,,,,,,,,,,,,,,,,,,,,,,98812
1541,2018,486,E881029,39.0,12/13/2018,17:12,13,12,0.0,61,Snohomish,0,10,0.0,3,2,2,1,1,1,1,,,,8,0,0,0.2,1,0,1,7,1,2,4,0,0,0,0,CR-DAMSON RD,,-122.2440111,47.81215,0,1,13,80,5,35,14,0,0,1,7,8,1,1,2,1,1,1,2,53,0,51,401,2017,0,0.0,8,,,,,,1,1,65,1,0.0,0.0,0,0,99,0,11,0,,,,,0.0,0.0,0.0,0.0,1,38,0.0,0.0,0.0,93,,,,,,0,,,,,,98021.0,53,,999.0,0.0,0.0,99.0,99.0,99.0,99.0,,97,,,,,,0,,,20,0,0,0,8.0,9,8,,,0,0.0,0.0,8,0,8.0,95.0,,,96.0,,,8,95,995.0,,,,,,,,,,,,,,,,,,,,,,,,,,,,,,0,0,0,0,0,0,0,0,0,1,0,1,0,1,0,0,1,0,1,0,0,0,0,0,0,1,0,0,0,1,0,1,0,0,0,,0,0,0,0,0,0,0,0,1,0,1,1,0,0,0,0,,,,,,61-65,56-65,County road,R,Thursday,Unknown,PV,Not Fatal,0,0,0,0,County Road,County Sheriff,Snohomish County Sheriff's Office,0,0,1,0,0,,,,,,99.0,99.0,99.0,,,,,,,,,,,,,,,,,,,,,,,,,,,,,,,,,,,,98036
1542,2018,487,0MEDIA1,345.0,08/01/2018,14:40,1,8,0.0,65,Stevens,0,98,0.0,1,98,8,2,0,3,1,,,,1,0,0,0.0,1,0,1,5,2,2,4,0,3,0,0,CR-FORT WELLPINIT RD,,-117.8247194,47.915772222,0,1,99,99,9,98,14,0,0,1,8,1,8,8,2,1,99,3,1,53,0,20,403,2004,0,0.0,63,1.0,42.0,,,,1,1,29,2,7.0,3.0,4,7,20,0,11,0,08/01/2018,14:40,75753033865.0,33865.0,0.0,0.0,3.0,2.0,1,0,0.0,0.0,0.0,96,,,,,,99,,,,,,99040.0,53,63.0,150.0,1.0,1.0,0.0,0.0,0.0,0.0,,0,,,,,,0,,,98,1,9,0,0.0,9,8,,,0,0.0,0.0,8,9,2.0,401.0,417.0,,1.0,1.0,,2,1,0.27,,,,,,,,,,,,,,,,,,,,,,,,,,,,,,0,0,0,0,1,1,1,1,0,0,0,0,0,1,0,0,0,0,0,1,0,0,0,0,0,0,0,0,0,1,0,0,0,1,0,,1,0,0,0,0,1,1,1,0,0,0,1,0,0,0,1,,,,,,26-30,26-35,County road,U,Wednesday,Not Used,PV,AIAN,0,0,0,0,County Road,,,0,0,1,0,0,,,,,,0.0,0.0,0.0,,,,,,,,,,,,,,,,,,,,,,,,,,,,,,,,,,,,99040
1543,2018,488,E866907,8.0,11/26/2018,17:40,26,11,0.0,35,Kitsap,0,2,0.0,2,2,2,1,0,7,1,,,,24,0,0,25.7,1,0,1,3,1,1,3,0,0,0,0,SR-16,,-122.6761861,47.528130556,0,1,2,6,1,60,20,0,0,1,7,24,3,2,2,3,14,7,1,53,0,49,442,1999,0,0.0,63,24.0,69.0,64.0,24.0,,1,1,30,1,0.0,0.0,0,0,3,0,11,0,,,,,0.0,0.0,0.0,3.0,1,0,0.0,0.0,0.0,96,,,,,,0,,,,,,98337.0,53,64.0,132.0,6.0,1.0,0.0,2.0,0.0,0.0,,97,,,,,,4,04/15/2016,10/15/2018,20,0,0,0,8.0,9,2,,,0,0.0,0.0,0,0,8.0,95.0,,,96.0,,,8,95,995.0,,,,,,,,,,,,,,,,,,,,,,,,,,,,,,0,0,0,0,0,0,0,0,0,0,0,0,1,0,0,0,0,0,0,1,0,0,0,0,0,0,0,0,0,1,0,0,0,0,0,,0,0,0,0,0,0,0,0,0,1,0,0,0,0,0,0,,,,,,26-30,26-35,State route,R,Monday,Belt Used,PV,Not Fatal,0,1,0,0,State Route,State Patrol,Washington State Patrol,1,1,0,0,0,,,,,,0.0,0.0,0.0,,,,,,,,,,,,,,,,,,,,,,,,,,,,,,,,,,,,98312
1544,2018,489,E883495,87.0,12/31/2018,18:08,31,12,10.0,3,Asotin,360,1,0.0,3,1,2,1,1,1,1,,,,15,0,0,430.0,8,0,1,3,2,1,2,0,0,0,0,US-12,,-117.0553444,46.419925,0,1,13,83,5,30,4,0,0,1,5,15,1,1,3,5,1,1,1,53,0,18,7,1989,0,0.0,15,,,,,,1,1,40,2,0.0,0.0,0,0,3,0,11,0,,,,,0.0,0.0,3.0,3.0,1,0,0.0,0.0,0.0,96,,,,,,0,,,,,,99403.0,53,66.0,200.0,6.0,1.0,0.0,1.0,0.0,0.0,,76,,,,,,0,02/15/2016,02/15/2016,20,0,0,0,8.0,9,8,,,0,0.0,0.0,8,0,2.0,996.0,996.0,401.0,1.0,1.0,1.0,2,1,0.0,,,,,,,,,,,,,,,,,,,,,,,,,,,,,,0,0,0,0,0,0,1,1,0,0,0,0,0,0,0,0,0,1,0,0,0,0,0,0,0,0,0,0,0,1,0,1,0,0,0,,0,0,0,0,0,0,1,1,0,0,0,0,0,0,1,0,,,,,,36-40,36-45,US highway,U,Monday,Belt Used,PV,Not Fatal,0,0,0,0,State Route,Municipal/City Police,Clarkston Police Department,0,1,0,0,0,,,,,,0.0,0.0,0.0,1.0,1.0,1.0,,,417.0,128.0,177.0,996.0,157.0,,,,,,,,,,,,,,,,,,,,,,,,,,99403
1545,2018,490,E885282,39.0,12/31/2018,13:40,31,12,0.0,61,Snohomish,0,1,0.0,1,1,2,1,0,4,3,13:40,14:03,14:36,12,0,1,1.1,2,0,3,4,1,2,4,0,0,0,0,CR-84TH ST NE,105TH AVE NE,-122.0887972,48.072058333,0,1,28,52,3,50,21,0,0,1,7,12,1,1,2,1,1,1,3,53,0,20,461,2013,0,0.0,12,,,,,,1,1,43,1,0.0,0.0,0,0,3,0,11,0,,,,,0.0,0.0,3.0,3.0,1,26,0.0,0.0,0.0,93,,,,,,0,,,,,,98168.0,53,74.0,215.0,6.0,1.0,0.0,0.0,1.0,0.0,,97,,,,,,0,10/15/2016,10/15/2016,20,0,0,0,8.0,9,8,,,0,0.0,0.0,8,0,8.0,95.0,,,96.0,,,8,95,995.0,,,,,,,,,,,,,,,,,,,,,,,,,,,,,,0,0,0,1,0,0,0,0,0,0,0,0,0,1,0,0,1,0,0,0,0,0,0,0,0,0,0,0,0,1,0,0,0,0,0,,0,0,0,0,0,0,0,0,1,0,0,0,0,0,0,0,,,,,,41-45,36-45,County road,R,Monday,Belt Used,PV,Not Fatal,1,0,0,0,County Road,County Sheriff,Snohomish County Sheriff's Office,0,0,1,0,0,,,,,,0.0,0.0,0.0,,,,,,,,,,,,,,,,,,,,,,,,,,,,,,,,,,,,98258
1546,2018,490,E885282,39.0,12/31/2018,13:40,31,12,0.0,61,Snohomish,0,1,0.0,1,1,2,1,0,4,3,13:40,14:03,14:36,12,0,1,1.1,2,0,3,4,1,2,4,0,0,0,0,CR-84TH ST NE,105TH AVE NE,-122.0887972,48.072058333,0,2,29,53,3,50,4,0,0,1,7,12,1,1,2,1,2,2,1,53,0,49,51,2008,0,0.0,12,68.0,12.0,,,,1,1,48,2,0.0,0.0,9,0,3,0,11,8,,,,,0.0,0.0,0.0,3.0,1,0,0.0,0.0,0.0,96,,,,,,0,,,,,,98272.0,53,65.0,155.0,6.0,1.0,0.0,0.0,0.0,0.0,,0,,,,,,0,,,1,0,0,0,8.0,9,8,,,0,0.0,0.0,8,0,8.0,95.0,,,96.0,,,8,95,995.0,,,,,,,,,,,,,,,,,,,,,,,,,,,,,,0,0,0,1,0,0,0,0,0,0,0,0,0,1,0,0,1,0,0,0,0,0,0,0,0,0,0,0,0,1,0,0,0,0,0,,0,0,0,0,0,0,0,0,0,0,0,0,0,0,0,0,,,,,,46-50,46-55,County road,R,Monday,Belt Used,PV,Not Fatal,1,0,0,0,County Road,County Sheriff,Snohomish County Sheriff's Office,0,0,1,0,0,,,,,,0.0,0.0,0.0,,,,,,,,,,,,,,,,,,,,,,,,,,,,,,,,,,,,98258
1547,2018,490,E885282,39.0,12/31/2018,13:40,31,12,0.0,61,Snohomish,0,1,0.0,1,1,2,1,0,4,3,13:40,14:03,14:36,12,0,1,1.1,2,0,3,4,1,2,4,0,0,0,0,CR-84TH ST NE,105TH AVE NE,-122.0887972,48.072058333,0,3,98,62,4,50,15,0,0,1,7,12,1,1,2,1,1,1,3,53,0,54,421,2001,0,0.0,12,,,,,,1,1,28,1,0.0,0.0,2,0,3,0,11,8,,,,,0.0,0.0,3.0,2.0,1,0,0.0,0.0,0.0,96,,,,,,0,,,,,,98223.0,53,74.0,220.0,1.0,1.0,0.0,2.0,0.0,0.0,,97,,,,,,0,12/15/2015,01/15/2016,1,0,0,0,8.0,9,8,,,0,0.0,0.0,8,0,8.0,95.0,,,96.0,,,8,95,995.0,,,,,,,,,,,,,,,,,,,,,,,,,,,,,,0,0,0,1,0,0,0,0,0,0,0,0,0,1,0,0,1,0,0,0,0,0,0,0,0,0,0,0,0,1,0,0,0,0,0,,0,0,0,0,0,0,0,0,0,0,0,1,0,0,0,0,,,,,,26-30,26-35,County road,R,Monday,Belt Used,PV,Not Fatal,1,0,0,0,County Road,County Sheriff,Snohomish County Sheriff's Office,0,0,1,0,0,,,,,,0.0,0.0,2.0,,,,,,,,,,,,,,,,,,,,,,,,,,,,,,,,,,,,98258
1548,2018,491,E862015,337.0,11/08/2018,17:36,8,11,0.0,73,Whatcom,110,1,0.0,3,1,2,1,1,1,1,,,,8,0,0,0.0,1,0,1,4,2,4,6,0,0,0,0,CORDATA PKWY,,-122.49765,48.808608333,0,1,13,80,5,35,4,0,0,1,7,8,2,1,4,1,14,1,2,53,0,7,20,2003,0,0.0,8,,,,,,1,1,20,1,0.0,0.0,0,0,3,0,11,0,,,,,0.0,0.0,0.0,3.0,1,0,0.0,0.0,0.0,96,,,,,,0,,,,,,98264.0,53,74.0,220.0,6.0,1.0,0.0,0.0,0.0,0.0,,0,,,,,,0,,,20,0,0,0,8.0,9,8,,,0,0.0,0.0,8,0,8.0,95.0,,,96.0,,,8,95,995.0,,,,,,,,,,,,,,,,,,,,,,,,,,,,,,0,0,0,0,0,0,0,0,0,0,0,0,0,0,0,0,0,0,0,0,0,1,1,0,1,0,0,0,0,1,0,1,0,0,0,,0,0,0,0,0,0,0,0,0,0,0,0,0,0,0,0,,,,,,18-20,16-25,City street,U,Thursday,Belt Used,PV,Not Fatal,0,0,0,0,City Street,Municipal/City Police,Bellingham Police Department,0,0,0,1,0,,,,,,0.0,0.0,0.0,,,,,,,,,,,,,,,,,,,,,,,,,,,,,,,,,,,,98226
1549,2018,492,E868097,2.0,11/23/2018,18:05,23,11,8.0,57,Skagit,230,2,0.0,2,2,2,1,1,1,1,,,,8,0,0,60.3,1,0,1,3,2,1,3,0,0,0,0,SR-20,,-122.3247861,48.477780556,0,1,13,80,5,30,3,0,0,1,7,8,1,1,2,1,1,1,1,53,0,54,31,2001,0,0.0,8,,,,,,1,1,24,1,0.0,0.0,0,0,3,0,11,0,,,,,0.0,0.0,0.0,3.0,1,10,0.0,0.0,0.0,96,,,,,,0,,,,,,98233.0,53,70.0,220.0,6.0,1.0,0.0,0.0,1.0,3.0,,0,,,,,,0,02/15/2015,10/15/2017,20,0,0,0,8.0,9,8,,,0,0.0,0.0,8,0,8.0,95.0,,,96.0,,,8,95,995.0,,,,,,,,,,,,,,,,,,,,,,,,,,,,,,0,0,0,0,0,0,0,0,0,0,0,0,0,0,0,0,0,0,0,0,0,0,0,1,1,0,0,0,0,1,0,1,0,0,0,,0,0,0,0,0,0,0,0,0,0,0,0,0,0,0,0,,,,,,21-25,16-25,State route,U,Friday,Belt Used,PV,Not Fatal,0,0,0,0,State Route,State Patrol,Washington State Patrol,0,1,0,0,0,,,,,,0.0,1.0,0.0,,,,,,,,,,,,,,,,,,,,,,,,,,,,,,,,,,,,98233
1550,2018,493,E866251,4.0,11/28/2018,21:00,28,11,0.0,63,Spokane,2113,2,0.0,3,2,2,1,1,1,1,,,,8,0,0,88.6,1,0,1,3,2,1,3,0,0,0,0,SR-27,,-117.2396944,47.668722222,0,1,13,80,5,35,4,0,0,1,5,8,1,1,5,5,1,1,0,2,0,30,40,2014,0,0.0,8,,,,,,1,1,23,1,0.0,0.0,0,0,3,0,11,0,,,,,0.0,0.0,0.0,3.0,1,0,0.0,0.0,0.0,96,,,,,,0,,,,,,99508.0,2,77.0,185.0,6.0,1.0,0.0,2.0,0.0,2.0,,0,,,,,,0,07/15/2015,11/15/2018,20,0,0,0,8.0,9,2,,,0,0.0,0.0,0,0,8.0,95.0,,,96.0,,,8,95,995.0,,,,,,,,,,,,,,,,,,,,,,,,,,,,,,0,0,0,0,0,0,0,0,0,0,0,0,0,0,0,0,0,0,0,0,0,0,0,1,1,0,0,0,0,1,0,1,0,0,0,,0,0,0,0,0,0,0,0,0,0,0,0,0,0,0,0,,,,,,21-25,16-25,State route,U,Wednesday,Belt Used,PV,Not Fatal,0,0,0,0,State Route,State Patrol,Washington State Patrol,0,1,0,0,0,,,,,,0.0,0.0,0.0,,,,,,,,,,,,,,,,,,,,,,,,,,,,,,,,,,,,99206
1551,2018,494,E887160,222.0,11/04/2018,17:56,4,11,0.0,67,Thurston,1590,1,0.0,3,1,2,1,1,1,1,,,,8,0,0,0.0,1,0,1,7,2,4,6,0,0,0,0,LILLY RD NE,12TH AVE NE,-122.8444139,47.056733333,0,1,13,80,5,35,2,0,0,1,5,8,1,1,3,5,1,1,1,53,0,37,31,2017,0,0.0,8,,,,,,1,1,96,2,0.0,0.0,0,0,3,0,11,0,,,,,0.0,0.0,0.0,3.0,1,0,0.0,0.0,0.0,96,,,,,,0,,,,,,98516.0,53,62.0,130.0,6.0,1.0,0.0,0.0,0.0,0.0,,0,,,,,,0,,,20,0,0,0,8.0,9,8,,,0,0.0,0.0,8,0,8.0,95.0,,,96.0,,,8,95,995.0,,,,,,,,,,,,,,,,,,,,,,,,,,,,,,0,0,0,0,0,0,0,0,0,0,0,0,0,0,0,0,0,0,0,0,0,0,0,0,0,1,1,1,0,1,0,1,0,0,0,,0,0,0,0,0,0,0,0,0,0,0,0,0,0,0,0,,,,,,81+,76+,City street,U,Sunday,Belt Used,PV,Not Fatal,0,0,0,0,City Street,Municipal/City Police,Olympia Police Department,0,0,0,1,0,,,,,,0.0,0.0,0.0,,,,,,,,,,,,,,,,,,,,,,,,,,,,,,,,,,,,98506
1552,2018,495,3795979,263.0,12/12/2018,22:07,12,12,0.0,33,King,1960,2,0.0,3,2,2,1,1,1,1,,,,8,0,0,0.0,1,0,1,3,2,4,6,0,0,0,0,15TH AVE W,W WHEELER ST,-122.3762,47.639208333,0,1,13,80,5,30,14,0,0,1,7,8,1,2,5,5,1,1,2,53,0,49,404,2008,0,0.0,8,,,,,,1,1,23,1,0.0,0.0,0,0,3,0,11,0,,,,,0.0,0.0,0.0,3.0,1,0,0.0,0.0,0.0,92,,,,,,0,,,,,,98040.0,53,70.0,180.0,6.0,1.0,0.0,0.0,0.0,2.0,,0,,,,,,0,04/15/2018,08/15/2018,20,0,0,0,8.0,9,8,,,0,0.0,0.0,8,0,8.0,95.0,,,96.0,,,8,95,995.0,,,,,,,,,,,,,,,,,,,,,,,,,,,,,,0,0,0,0,0,0,0,0,0,1,1,1,0,0,0,0,1,0,0,0,0,0,0,1,1,0,0,0,0,1,0,1,0,0,0,,0,0,0,0,0,0,0,0,1,0,0,0,0,0,0,0,,,,,,21-25,16-25,City street,U,Wednesday,Belt Used,PV,Not Fatal,0,0,0,0,City Street,Municipal/City Police,Seattle Police Department,0,0,0,1,0,thc,888.0,carboxy-thc,12.0,,0.0,0.0,0.0,,,,,,,,,,,,,,,,,,,,,,,,,,,,,,,,,,,,98119
1553,2018,496,E876253,278.0,12/22/2018,17:04,22,12,9.0,63,Spokane,2113,1,0.0,3,1,2,1,1,1,1,,,,8,0,0,0.0,1,0,1,3,2,4,6,0,0,0,0,SPRAGUE,,-117.2136139,47.657130556,0,1,13,80,5,35,14,0,0,1,5,8,1,1,7,5,15,1,1,53,0,2,404,1998,0,0.0,8,,,,,,1,1,22,2,0.0,0.0,0,0,2,0,11,0,,,,,0.0,0.0,0.0,3.0,1,10,0.0,0.0,0.0,96,,,,,,0,,,,,,99037.0,53,68.0,145.0,6.0,1.0,0.0,0.0,0.0,0.0,,0,,,,,,0,,,20,0,0,0,8.0,9,8,,,0,0.0,0.0,8,0,2.0,1.0,,,1.0,,,2,1,0.0,,,,,,,,,,,,,,,,,,,,,,,,,,,,,,0,0,0,0,0,0,0,0,0,1,0,1,0,0,0,0,0,0,0,0,0,0,0,1,1,0,0,0,0,1,0,1,0,0,0,,0,0,0,0,0,0,0,0,0,0,0,0,0,0,0,0,,,,,,21-25,16-25,City street,U,Saturday,Belt Used,PV,Not Fatal,0,0,0,0,City Street,Municipal/City Police,Spokane Valley Police Department,0,0,0,1,0,,,,,,0.0,0.0,0.0,,,,,,,,,,,,,,,,,,,,,,,,,,,,,,,,,,,,99016
1554,2018,497,3767141,263.0,12/31/2018,17:54,31,12,0.0,33,King,1960,1,0.0,2,1,2,1,1,1,1,,,,8,0,0,0.0,3,0,3,3,2,4,6,0,0,2,3,N 85TH ST,PALATINE AVE N,-122.3566417,47.690594444,0,1,13,80,5,25,4,0,0,1,7,8,1,1,2,1,11,1,1,53,0,20,37,2014,0,0.0,8,,,,,,1,1,74,1,0.0,0.0,0,0,3,0,11,0,,,,,0.0,0.0,3.0,3.0,1,0,0.0,0.0,0.0,92,,,,,,0,,,,,,98043.0,53,71.0,200.0,6.0,1.0,0.0,0.0,0.0,0.0,,97,,,,,,0,,,20,0,0,0,8.0,9,8,,,0,0.0,0.0,8,0,8.0,95.0,,,96.0,,,8,95,995.0,,,,,,,,,,,,,,,,,,,,,,,,,,,,,,0,0,0,1,0,0,0,0,0,0,0,0,0,0,0,0,1,0,0,0,0,0,0,0,0,1,1,0,0,1,0,1,0,0,0,,0,0,0,0,0,0,0,0,1,0,0,0,0,0,0,0,,,,,,71-75,66-75,City street,U,Monday,Belt Used,PV,Not Fatal,1,0,0,0,City Street,Municipal/City Police,Seattle Police Department,0,0,0,1,0,,,,,,0.0,0.0,0.0,,,,,,,,,,,,,,,,,,,,,,,,,,,,,,,,,,,,98103