,year,case,par,repjur,crash_dt,crash_tm,accday,accmon,holiday,county,co_char,city,weather,weather2,lightcond,surfcond,surftype,numfatal,nmforms,pforms,vforms,not_tm,arr_tm,hosp_tm,fhevent,hitrun,manncol,milepnt,reljunc,reljuncinter,intersectiontype,funcsystem,landuse,ownership,route,schlbus,spejur,contdev,devfunc,trafid1,trafid2,x,y,wk_zone,vnumber,crashtype,criticalevent,criticaleventcat,spdlim,body,trailer,emerg,hazcargo,leave,mhevent,roadalgn,roadprof,traflane,trafflow,vehmanvr,numoccs,regowner,regstate,spuse,make,model,modelyr,vrf1,vrf2,seqevent1,seqevent2,seqevent3,seqevent4,seqevent5,seqevent6,pnumber,ptype,age,sex,hispanic,race,injury,diedscene,restraint,restraintmisuse,seatpos,takehosp,death_dt,death_tm,cert,cernum_wa,commlic,licendor,licrestrict,liccomp,drivpres,drf1,drf2,drf3,drf4,distract1,distract2,distract3,distract4,distract5,distract6,dricond1,dricond2,dricond3,dricond4,dricond5,dricond6,dzip,licstate,drhgt_in,weight,noncdl,noncdltype,prevdwi,prevoth,prevacc,prevspd,prevsus,driviol1,driviol2,driviol3,driviol4,driviol5,driviol6,spdrel,first_dt,last_dt,airbag,ejection,ejectpath,extricat,injurwrk,methalc,methdrug,nmlocat,strikveh,prf1,prf2,prf3,druginv,alcinvol,drugsts,drugres1,drugres2,drugres3,drugtst1,drugtst2,drugtst3,alcsts,alctst,alcres,nmact1,nmact2,nmact3,nmact4,nmact5,nmact6,nmprior1,nmprior2,nmprior3,nmprior4,nmprior5,nmprior6,nmcond1,nmcond2,nmcond3,nmcond4,nmcond5,nmcond6,nmsafe_helmet,nmsafe_pads,nmsafe_oth,nmprev_ref,nmprev_lgt,nmprev_oth,crashlocation,nmcrashtype,crosswalk,schoolzone,sidewalk,train_inv,wildlife_inv,rotr_fars,intersect_fars,dd_inv,aid_inv,dpd_inv,id_inv,mj_inv,impnm_inv,ainm_inv,dpnm_inv,speed_inv,unlic_inv,unendmc_inv,drowsy_inv,drdist_inv,nmdist_inv,fty_inv,unrestfat_inv,dr1617_inv,dr1820_inv,dr1620_inv,dr2125_inv,dr1625_inv,dr65_inv,dr70_inv,dr75_inv,mc_inv,pv_inv,ht_inv,ped_inv,bike_inv,unrest_fat,mc_fat,unhelmet_mc,pv_fat,ht_fat,ped_fat,bike_fat,dr_alc7,dr_alc8,dr_drug,dr_imp,dr_dist,dr_spd,dr_fty,dr_unlic,dr_alc7only,dr_alc8only,dr_drugonly,dr_drink,nm_imp,nm_alc7,nm_alc8,nm_drug,nm_dist,agegrp1,agegrp2,roadclass,urbrur,dayweek,restuse,vehtype,race_me,intersect,lanedep,oppdir,wrongway,rep_typ,investag,repag_long,rotr,st_rd,cty_rd,city_rd,oth_rd,drug_thc,thc_res,drug_cthc,cthc_res,drug_cann,prevpersemin,prevperse,prevsusoth,drugtst4,drugtst5,drugtst6,drugtst7,drugtst8,drugres4,drugres5,drugres6,drugres7,drugres8,adspresent,adsengaged,adslevel,race1,race2,race3,race4,race5,helmet,helmetmisuse,nmdistract1,nmdistract2,nmdistract3,nmdistract4,nmdistract5,nmdistract6,lab,isedtcase,crf1,crf2,crf3,CoRoadName,CoMP,IntCoRoadName,IntCoMP,zipcode
1555,2018,498,E890327,31.0,12/23/2018,8:00,23,12,9.0,45,Mason,0,2,0.0,1,2,2,1,0,2,1,8:02,8:23,8:57,42,0,0,14.2,1,0,1,6,1,2,4,0,0,0,0,CR-W CLOQUALLUM RD,,-123.3283333,47.131927778,0,1,6,12,2,45,2,0,0,1,7,1,2,1,2,1,14,2,2,53,0,37,32,1994,0,0.0,68,64.0,42.0,31.0,67.0,1.0,1,1,19,1,0.0,0.0,2,0,99,0,11,5,,,,,0.0,0.0,0.0,0.0,1,0,0.0,0.0,0.0,0,,,,,,99,,,,,,98541.0,53,73.0,165.0,0.0,0.0,0.0,0.0,0.0,1.0,,97,,,,,,3,09/15/2018,09/15/2018,8,9,0,1,8.0,9,8,,,0,0.0,0.0,8,9,2.0,401.0,417.0,,1.0,1.0,,2,1,0.0,,,,,,,,,,,,,,,,,,,,,,,,,,,,,,0,0,1,0,0,0,1,1,0,0,0,0,1,1,0,0,0,0,0,0,0,1,1,0,1,0,0,0,0,1,0,0,0,0,0,,0,0,0,0,0,0,1,1,0,1,0,1,0,0,1,0,,,,,,18-20,16-25,County road,R,Sunday,Unknown,PV,Not Fatal,0,1,0,0,County Road,County Sheriff,Mason County Sheriff's Office,1,0,1,0,0,,,,,,0.0,0.0,0.0,,,,,,,,,,,,,,,,,,,,,,,,,,,,,,,,,,,,
1556,2018,500,Media_D,,02/14/2018,2:00,14,2,0.0,33,King,100,98,0.0,6,98,8,1,1,1,1,,,,9,1,0,33.8,98,0,1,3,2,1,3,0,0,0,0,SR-161,,-122.2948889,47.2578,0,1,13,83,5,98,99,0,0,1,5,9,8,8,8,8,99,99,9,99,0,99,999,9999,0,0.0,9,,,,,,1,1,999,8,0.0,0.0,0,0,98,0,11,0,,,,,99.0,9.0,9.0,9.0,1,0,0.0,0.0,0.0,96,,,,,,98,,,,,,99999.0,98,,999.0,9.0,9.0,99.0,99.0,99.0,99.0,,97,,,,,,0,,,98,0,0,0,8.0,9,8,,,0,0.0,0.0,8,8,0.0,0.0,,,0.0,,,0,0,996.0,,,,,,,,,,,,,,,,,,,,,,,,,,,,,,0,0,0,0,0,0,0,0,0,1,1,1,0,0,0,0,0,0,0,0,0,0,0,0,0,0,0,0,0,0,0,0,1,0,0,,0,0,0,0,0,0,0,0,0,0,0,0,0,0,0,0,,,,,,,,State route,U,Wednesday,,NR-U,Not Fatal,0,0,0,0,State Route,,,0,1,0,0,0,,,,,,99.0,99.0,99.0,,,,,,,,,,,,,,,,,,,,,,,,,,,,,,,,,,,,98354
1557,2018,501,E854361,32.0,10/22/2018,9:50,22,10,0.0,47,Okanogan,0,1,0.0,1,1,2,1,0,1,1,,,,59,0,0,3.0,1,0,1,6,1,2,4,0,0,0,0,CR-B AND ON NORTH RD,,-119.67755,48.316888889,0,1,6,12,2,98,34,0,0,1,7,35,1,2,2,1,1,1,1,53,0,12,481,1966,0,0.0,68,64.0,59.0,67.0,35.0,,1,1,54,2,7.0,1.0,4,7,20,0,11,0,10/22/2018,9:50,53046382.0,46382.0,0.0,0.0,0.0,0.0,1,0,0.0,0.0,0.0,96,,,,,,1,,,,,,98840.0,53,64.0,195.0,2.0,1.0,0.0,0.0,1.0,0.0,,0,,,,,,0,12/15/2016,12/15/2016,20,0,0,0,0.0,9,8,,,0,0.0,0.0,8,9,2.0,1.0,,,1.0,,,2,1,0.0,,,,,,,,,,,,,,,,,,,,,,,,,,,,,,0,0,1,0,0,0,0,0,0,0,0,0,0,1,0,0,0,0,0,1,0,0,0,0,0,0,0,0,0,1,0,0,0,1,0,,1,0,0,0,0,0,0,0,0,0,0,1,0,0,0,0,,,,,,51-55,46-55,County road,R,Monday,Not Used,PV,White,0,1,0,0,County Road,County Sheriff,Okanogan County Sheriff's Office,1,0,1,0,0,,,,,,0.0,0.0,0.0,,,,,,,,,,,,,,,,,,,,,,,,,,,,,,,,,,,,98840
1558,2018,502,E867469,55.0,12/02/2018,17:32,2,12,0.0,33,King,100,1,0.0,3,1,2,1,1,1,1,,,,8,0,0,0.0,1,0,1,3,2,4,6,0,0,0,0,A ST SE,,-122.2287,47.301677778,0,1,13,80,5,30,3,0,0,1,7,8,1,1,5,5,1,1,1,2,0,47,31,1993,0,0.0,8,,,,,,1,1,55,1,0.0,0.0,0,0,3,0,11,0,,,,,6.0,0.0,3.0,3.0,1,0,0.0,0.0,0.0,96,,,,,,0,,,,,,98092.0,53,73.0,175.0,6.0,1.0,0.0,0.0,0.0,1.0,,0,,,,,,0,03/15/2014,03/15/2014,20,0,0,0,8.0,9,8,,,0,0.0,0.0,8,0,2.0,1.0,,,1.0,,,2,1,0.0,,,,,,,,,,,,,,,,,,,,,,,,,,,,,,0,0,0,0,0,0,0,0,0,0,0,0,0,0,0,0,0,0,0,0,0,0,0,0,0,0,0,0,0,1,0,1,0,0,0,,0,0,0,0,0,0,0,0,0,0,0,0,0,0,0,0,,,,,,51-55,46-55,City street,U,Sunday,Belt Used,PV,Not Fatal,0,0,0,0,City Street,Municipal/City Police,Auburn Police Department,0,0,0,1,0,,,,,,0.0,0.0,0.0,,,,,,,,,,,,,,,,,,,,,,,,,,,,,,,,,,,,98002
1559,2018,503,E857686,2.0,11/01/2018,4:51,1,11,0.0,61,Snohomish,690,2,0.0,3,2,2,1,0,1,1,,,,59,0,0,188.3,1,0,1,1,2,1,1,0,0,0,0,I-5,,-122.2131139,47.904186111,0,1,1,13,2,60,4,0,0,1,7,42,1,1,4,3,1,1,1,53,0,6,18,2013,0,0.0,63,59.0,38.0,42.0,,,1,1,46,2,7.0,1.0,4,7,20,0,11,0,11/01/2018,4:51,69053047909.0,47909.0,0.0,0.0,0.0,3.0,1,0,0.0,0.0,0.0,92,,,,,,99,,,,,,98223.0,53,65.0,320.0,6.0,1.0,0.0,3.0,0.0,2.0,,0,,,,,,0,06/15/2014,11/15/2017,1,0,0,0,0.0,9,8,,,0,0.0,0.0,8,9,2.0,401.0,417.0,,1.0,1.0,,2,1,0.0,,,,,,,,,,,,,,,,,,,,,,,,,,,,,,0,0,1,0,0,0,1,1,0,0,0,0,0,0,0,0,1,0,0,1,0,0,0,0,0,0,0,0,0,1,0,0,0,1,0,,1,0,0,0,0,0,1,1,1,0,0,0,0,0,1,0,,,,,,46-50,46-55,Interstate,U,Thursday,Not Used,PV,White,0,0,0,0,State Route,,,0,1,0,0,0,,,,,,0.0,0.0,0.0,,,,,,,,,,,,,,,,,,,,,,,,,,,,,,,,,,,,98202
1560,2018,504,E898995,189.0,09/25/2018,2:28,25,9,0.0,61,Snohomish,1280,1,0.0,3,1,2,1,0,1,1,,,,10,0,0,0.0,1,0,1,7,2,4,6,0,0,0,0,STATE AVE,104TH ST NE,-122.1736111,48.089163889,0,1,1,13,2,30,4,0,0,1,7,10,1,1,2,1,1,1,1,53,0,7,20,2004,0,0.0,63,10.0,,,,,1,1,31,8,7.0,1.0,4,7,3,0,11,0,09/25/2018,2:28,128053042363.0,42363.0,0.0,0.0,3.0,3.0,1,0,0.0,0.0,0.0,92,,,,,,0,,,,,,98271.0,53,69.0,190.0,6.0,1.0,0.0,1.0,1.0,1.0,,0,,,,,,0,03/15/2014,07/15/2018,1,0,0,0,0.0,9,8,,,0,0.0,0.0,8,0,2.0,605.0,695.0,,1.0,1.0,,2,1,0.0,,,,,,,,,,,,,,,,,,,,,,,,,,,,,,1,0,1,0,0,0,1,1,1,0,0,0,0,0,0,0,1,0,0,0,0,0,0,0,0,0,0,0,0,1,0,0,0,0,0,,1,0,0,0,0,0,1,1,1,0,0,0,0,0,1,0,,,,,,31-35,26-35,City street,U,Tuesday,Belt Used,PV,White,0,0,0,0,City Street,Municipal/City Police,Marysville Police Department,0,0,0,1,0,thc,10.0,carboxy-thc,51.0,,0.0,0.0,0.0,,,,,,,,,,,,,,,,,,,,,,,,,,,,,,,,,,,,98271
1561,2018,505,E812564,173.0,06/21/2018,15:55,21,6,0.0,53,Pierce,1124,1,0.0,1,1,2,1,0,6,5,,,,12,0,6,0.0,2,0,2,3,2,4,6,0,0,3,3,LAKEWOOD DR SW,STEILACOOM BLVD SW,-122.5078278,47.176513889,0,1,87,17,2,35,4,0,0,1,5,12,1,1,4,1,1,1,2,53,0,41,51,2012,0,0.0,12,12.0,,,,,1,1,36,1,7.0,1.0,4,0,3,0,11,4,06/24/2018,6:02,223053028043.0,28043.0,0.0,0.0,0.0,3.0,1,37,39.0,0.0,0.0,96,,,,,,99,,,,,,98444.0,53,68.0,160.0,6.0,1.0,0.0,1.0,0.0,0.0,,0,,,,,,3,11/15/2017,11/15/2017,8,0,0,0,0.0,9,8,,,0,0.0,0.0,8,9,2.0,401.0,417.0,,1.0,1.0,,2,1,0.0,,,,,,,,,,,,,,,,,,,,,,,,,,,,,,0,0,0,1,0,0,1,1,0,0,0,0,1,0,0,0,0,0,0,0,0,0,0,1,1,1,0,0,0,1,0,0,0,0,0,,1,0,0,0,0,0,1,1,0,1,0,0,0,0,1,0,,,,,,36-40,36-45,City street,U,Thursday,Belt Used,PV,White,1,0,0,0,City Street,Municipal/City Police,Lakewood Police Department,0,0,0,1,0,,,,,,0.0,0.0,1.0,,,,,,,,,,,,,,,,,,,,,,,,,,,,,,,,,,,,98499
1562,2018,505,E812564,173.0,06/21/2018,15:55,21,6,0.0,53,Pierce,1124,1,0.0,1,1,2,1,0,6,5,,,,12,0,6,0.0,2,0,2,3,2,4,6,0,0,3,3,LAKEWOOD DR SW,STEILACOOM BLVD SW,-122.5078278,47.176513889,0,2,86,66,4,35,34,0,0,1,5,12,1,1,4,1,1,2,1,53,0,23,481,2008,0,0.0,12,,,,,,1,1,23,1,0.0,0.0,0,0,3,0,11,0,,,,,0.0,0.0,3.0,3.0,1,0,0.0,0.0,0.0,96,,,,,,0,,,,,,98388.0,53,74.0,192.0,6.0,1.0,0.0,5.0,0.0,1.0,,0,,,,,,0,03/15/2015,02/15/2018,1,0,0,0,8.0,9,8,,,0,0.0,0.0,8,0,8.0,95.0,,,96.0,,,8,95,995.0,,,,,,,,,,,,,,,,,,,,,,,,,,,,,,0,0,0,1,0,0,1,1,0,0,0,0,1,0,0,0,0,0,0,0,0,0,0,1,1,1,0,0,0,1,0,0,0,0,0,,0,0,0,0,0,0,0,0,0,0,0,0,0,0,0,0,,,,,,21-25,16-25,City street,U,Thursday,Belt Used,PV,Not Fatal,1,0,0,0,City Street,Municipal/City Police,Lakewood Police Department,0,0,0,1,0,,,,,,0.0,0.0,0.0,,,,,,,,,,,,,,,,,,,,,,,,,,,,,,,,,,,,98499
1563,2018,505,E812564,173.0,06/21/2018,15:55,21,6,0.0,53,Pierce,1124,1,0.0,1,1,2,1,0,6,5,,,,12,0,6,0.0,2,0,2,3,2,4,6,0,0,3,3,LAKEWOOD DR SW,STEILACOOM BLVD SW,-122.5078278,47.176513889,0,3,98,62,4,35,14,0,0,1,5,12,1,1,4,1,5,1,1,53,0,23,402,2014,0,0.0,12,12.0,,,,,1,1,67,2,0.0,0.0,1,0,3,0,11,8,,,,,0.0,0.0,3.0,3.0,1,0,0.0,0.0,0.0,0,,,,,,0,,,,,,98374.0,53,64.0,107.0,6.0,1.0,0.0,0.0,0.0,0.0,,0,,,,,,0,,,8,0,0,0,8.0,9,8,,,0,0.0,0.0,8,0,8.0,95.0,,,96.0,,,8,95,995.0,,,,,,,,,,,,,,,,,,,,,,,,,,,,,,0,0,0,1,0,0,1,1,0,0,0,0,1,0,0,0,0,0,0,0,0,0,0,1,1,1,0,0,0,1,0,0,0,0,0,,0,0,0,0,0,0,0,0,0,0,0,0,0,0,0,0,,,,,,66-70,66-75,City street,U,Thursday,Belt Used,PV,Not Fatal,1,0,0,0,City Street,Municipal/City Police,Lakewood Police Department,0,0,0,1,0,,,,,,0.0,0.0,0.0,,,,,,,,,,,,,,,,,,,,,,,,,,,,,,,,,,,,98499
1564,2018,505,E812564,173.0,06/21/2018,15:55,21,6,0.0,53,Pierce,1124,1,0.0,1,1,2,1,0,6,5,,,,12,0,6,0.0,2,0,2,3,2,4,6,0,0,3,3,LAKEWOOD DR SW,STEILACOOM BLVD SW,-122.5078278,47.176513889,0,4,98,98,7,35,14,0,0,1,5,12,1,1,4,1,5,1,1,53,0,55,401,2004,0,0.0,12,12.0,,,,,1,1,44,2,0.0,0.0,0,0,3,0,11,0,,,,,0.0,0.0,0.0,3.0,1,0,0.0,0.0,0.0,0,,,,,,0,,,,,,98391.0,53,62.0,140.0,6.0,1.0,0.0,0.0,0.0,0.0,,0,,,,,,0,,,1,0,0,0,8.0,9,8,,,0,0.0,0.0,8,0,8.0,95.0,,,96.0,,,8,95,995.0,,,,,,,,,,,,,,,,,,,,,,,,,,,,,,0,0,0,1,0,0,1,1,0,0,0,0,1,0,0,0,0,0,0,0,0,0,0,1,1,1,0,0,0,1,0,0,0,0,0,,0,0,0,0,0,0,0,0,0,0,0,0,0,0,0,0,,,,,,41-45,36-45,City street,U,Thursday,Belt Used,PV,Not Fatal,1,0,0,0,City Street,Municipal/City Police,Lakewood Police Department,0,0,0,1,0,,,,,,0.0,0.0,0.0,,,,,,,,,,,,,,,,,,,,,,,,,,,,,,,,,,,,98499
1565,2018,505,E812564,173.0,06/21/2018,15:55,21,6,0.0,53,Pierce,1124,1,0.0,1,1,2,1,0,6,5,,,,12,0,6,0.0,2,0,2,3,2,4,6,0,0,3,3,LAKEWOOD DR SW,STEILACOOM BLVD SW,-122.5078278,47.176513889,0,5,98,98,7,35,14,0,0,1,5,12,1,1,4,1,5,1,1,53,0,48,401,2004,0,0.0,12,,,,,,1,1,62,1,0.0,0.0,0,0,3,0,11,0,,,,,0.0,0.0,3.0,3.0,1,0,0.0,0.0,0.0,0,,,,,,0,,,,,,98580.0,53,70.0,200.0,6.0,1.0,0.0,0.0,1.0,0.0,,0,,,,,,0,10/15/2016,10/15/2016,20,0,0,0,8.0,9,8,,,0,0.0,0.0,8,0,8.0,95.0,,,96.0,,,8,95,995.0,,,,,,,,,,,,,,,,,,,,,,,,,,,,,,0,0,0,1,0,0,1,1,0,0,0,0,1,0,0,0,0,0,0,0,0,0,0,1,1,1,0,0,0,1,0,0,0,0,0,,0,0,0,0,0,0,0,0,0,0,0,0,0,0,0,0,,,,,,61-65,56-65,City street,U,Thursday,Belt Used,PV,Not Fatal,1,0,0,0,City Street,Municipal/City Police,Lakewood Police Department,0,0,0,1,0,,,,,,0.0,0.0,0.0,,,,,,,,,,,,,,,,,,,,,,,,,,,,,,,,,,,,98499
1566,2018,506,E815953,11.0,06/30/2018,0:37,30,6,0.0,5,Benton,0,8,0.0,3,8,8,1,0,1,1,,,,10,0,0,0.8,1,0,1,7,1,2,8,0,0,65,3,CR-E PERKINS RD,,-119.0612194,46.176105556,0,1,98,12,2,98,4,0,0,1,7,10,1,1,2,1,5,1,2,53,0,30,46,2007,0,0.0,64,10.0,,,,,1,1,20,2,7.0,1.0,4,7,20,0,11,0,06/30/2018,0:37,53029040.0,29040.0,0.0,0.0,0.0,2.0,1,0,0.0,0.0,0.0,96,,,,,,9,,,,,,99336.0,53,67.0,130.0,1.0,1.0,0.0,0.0,2.0,4.0,,0,,,,,,0,04/15/2016,05/15/2018,8,2,9,0,0.0,9,8,,,0,0.0,0.0,8,1,2.0,1.0,,,1.0,,,2,1,0.19,,,,,,,,,,,,,,,,,,,,,,,,,,,,,,1,0,0,0,1,1,0,1,0,0,0,0,0,1,0,0,0,0,0,1,0,1,1,0,1,0,0,0,0,1,0,0,0,1,0,,1,0,0,0,0,1,0,1,0,0,0,1,0,1,0,1,,,,,,18-20,16-25,Other,R,Saturday,Not Used,PV,White,1,0,0,0,County Road,County Sheriff,Benton County Sheriff's Office,0,0,1,0,0,,,,,,1.0,0.0,4.0,,,,,,,,,,,,,,,,,,,,,,,,,,,,,,,,,,,,99337
1567,2018,507,E945130,17.0,10/11/2018,23:50,11,10,0.0,17,Douglas,0,1,0.0,2,11,7,1,0,2,1,,,,1,0,0,0.0,1,0,1,7,1,2,4,0,0,0,0,CR-RD M NW,,-120.0288556,47.693669444,0,1,2,13,2,25,14,0,0,1,7,1,3,3,2,1,14,2,1,53,0,2,404,1998,0,0.0,63,1.0,,,,,1,1,37,2,7.0,1.0,4,0,3,0,11,4,10/19/2018,20:14,57053046278.0,46278.0,0.0,0.0,0.0,3.0,1,0,0.0,0.0,0.0,96,,,,,,99,,,,,,98858.0,53,66.0,160.0,6.0,1.0,0.0,0.0,0.0,0.0,,0,,,,,,4,,,20,9,0,0,0.0,9,8,,,0,0.0,0.0,8,1,2.0,1.0,,,1.0,,,2,1,0.1,,,,,,,,,,,,,,,,,,,,,,,,,,,,,,0,0,0,0,1,1,0,1,0,0,0,0,1,0,0,0,0,0,0,0,0,0,0,0,0,0,0,0,0,1,0,0,0,0,0,,1,0,0,0,0,1,0,1,0,1,0,0,0,1,0,1,,,,,,36-40,36-45,County road,R,Thursday,Belt Used,PV,White,0,1,0,0,County Road,County Sheriff,Douglas County Sheriff's Office,1,0,1,0,0,,,,,,0.0,0.0,0.0,,,,,,,,,,,,,,,,,,,,,,,,,,,,,,,,,,,,98858
1568,2019,1,E880191,7.0,01/05/2019,18:23,5,1,,33,King,1030,10,0.0,3,1,2,1,0,1,1,,,,24,0,0,149.2,1,0,1,1,2,1,1,0,0,0,0,I-5,,-122.2912,47.392375,0,1,1,13,2,60,34,0,0,1,2,1,1,1,5,3,1,1,1,6,0,12,481,2008,0,0.0,63,24.0,1.0,,,,1,1,19,1,1.0,,4,7,3,0,11,0,01/05/2019,18:23,103053001005.0,1005.0,0.0,0.0,3.0,3.0,1,0,0.0,0.0,0.0,92,,,,,,0,,,,,,92833.0,6,73.0,194.0,6.0,1.0,0.0,0.0,0.0,0.0,,0,,,,,,0,,,20,0,0,0,0.0,9,8,,,0,0.0,0.0,8,0,2.0,401.0,,,1.0,,,2,1,0.0,,,,,,,,,,,,,,,,,,,,,,,,,,,,,,0,0,1,0,0,0,1,1,0,0,0,0,0,0,0,0,1,0,0,0,0,1,1,0,1,0,0,0,0,1,0,0,0,0,0,,1,0,0,0,0,0,1,1,1,0,0,0,0,0,1,0,,,,,,18-20,16-25,Interstate,U,Saturday,Belt Used,PV,Hispanic,0,1,0,0,State Route,State Patrol,Washington State Patrol,1,1,0,0,0,,,,,,0.0,0.0,0.0,,,,,,,,,,,98.0,98.0,98.0,1.0,,,,,20.0,7.0,,,,,,,,,,,,,,,,98089
1569,2019,2,E880983,146.0,01/03/2019,8:18,3,1,,77,Yakima,0,10,0.0,1,1,2,1,0,2,2,,,,12,0,6,14.0,2,0,2,6,1,2,4,0,3,20,3,CR-S WAPATO RD,PROGRESSIVE RD,-120.4174111,46.418791667,0,1,89,17,2,50,66,1,0,1,7,12,1,1,2,1,1,1,3,41,0,51,881,2012,0,0.0,12,,,,,,1,1,44,1,0.0,,0,0,99,7,11,0,,,,,6.0,3.0,0.0,3.0,1,38,39.0,0.0,0.0,96,,,,,,0,,,,,,97236.0,41,70.0,240.0,6.0,1.0,0.0,0.0,0.0,0.0,,97,,,,,,0,,,20,0,0,0,8.0,9,8,,,0,0.0,0.0,8,0,8.0,95.0,,,96.0,,,8,95,995.0,,,,,,,,,,,,,,,,,,,,,,,,,,,,,,0,0,0,1,0,0,0,0,0,0,0,0,0,0,0,0,0,0,1,0,0,0,0,0,0,0,0,0,0,1,1,0,0,0,0,,0,0,0,0,0,0,0,0,0,0,1,0,0,0,0,0,,,,,,41-45,36-45,County road,R,Thursday,,MHTRUCK,Not Fatal,1,0,0,0,County Road,County Sheriff,Yakima County Sheriff's Office,0,0,1,0,0,,,,,,0.0,0.0,0.0,,,,,,,,,,,98.0,98.0,98.0,0.0,,,,,20.0,7.0,,,,,,,,,,,,,,,,98951
1570,2019,2,E880983,146.0,01/03/2019,8:18,3,1,,77,Yakima,0,10,0.0,1,1,2,1,0,2,2,,,,12,0,6,14.0,2,0,2,6,1,2,4,0,3,0,0,CR-S WAPATO RD,PROGRESSIVE RD,-120.4174111,46.418791667,0,2,88,66,4,50,6,0,0,1,7,12,1,1,2,1,1,1,1,53,0,20,24,2011,0,0.0,12,,,,,,1,1,34,2,7.0,,4,7,3,0,11,0,01/03/2019,8:18,53000141.0,141.0,0.0,0.0,0.0,3.0,1,0,0.0,0.0,0.0,96,,,,,,99,,,,,,98951.0,53,64.0,175.0,6.0,1.0,0.0,0.0,0.0,0.0,,0,,,,,,0,08/15/2015,08/15/2015,8,0,0,0,0.0,9,8,,,0,0.0,0.0,8,9,2.0,1.0,,,1.0,,,2,1,0.0,,,,,,,,,,,,,,,,,,,,,,,,,,,,,,0,0,0,1,0,0,0,0,0,0,0,0,0,0,0,0,0,0,1,0,0,0,0,0,0,0,0,0,0,1,1,0,0,0,0,,1,0,0,0,0,0,0,0,0,0,0,0,0,0,0,0,,,,,,31-35,26-35,County road,R,Thursday,Belt Used,PV,AIAN,1,0,0,0,County Road,County Sheriff,Yakima County Sheriff's Office,0,0,1,0,0,,,,,,0.0,0.0,1.0,,,,,,,,,,,98.0,98.0,98.0,3.0,,,,,20.0,7.0,,,,,,,,,,,,,,,,98951
1571,2019,3,E882539,26.0,01/14/2019,6:02,14,1,,35,Kitsap,0,1,0.0,2,4,2,1,0,3,2,,,,12,0,6,2.8,1,0,1,4,2,2,4,0,0,0,0,CR-ILLAHEE RD NE,,-122.5975194,47.632019444,0,1,66,6,1,25,4,0,0,1,7,12,3,1,2,1,14,1,1,53,0,30,40,2002,0,0.0,68,12.0,,,,,1,1,22,1,7.0,,4,7,3,0,11,0,01/14/2019,6:02,53002047.0,2047.0,0.0,0.0,0.0,3.0,1,87,0.0,0.0,0.0,96,,,,,,99,,,,,,98370.0,53,72.0,200.0,6.0,1.0,0.0,0.0,0.0,0.0,,0,,,,,,4,,,8,0,0,0,0.0,9,8,,,0,0.0,0.0,8,9,2.0,1.0,,,1.0,,,2,1,0.0,,,,,,,,,,,,,,,,,,,,,,,,,,,,,,0,0,0,0,0,0,0,0,0,0,0,0,1,0,0,0,0,0,0,0,0,0,0,1,1,0,0,0,0,1,0,0,0,0,0,,1,0,0,0,0,0,0,0,0,1,0,0,0,0,0,0,,,,,,21-25,16-25,County road,U,Monday,Belt Used,PV,White,0,1,1,0,County Road,County Sheriff,Kitsap County Sheriff's Office,0,0,1,0,0,,,,,,0.0,0.0,0.0,,,,,,,,,,,98.0,98.0,98.0,1.0,,,,,20.0,7.0,,,,,,,,,,,,,,,,98311
1572,2019,3,E882539,26.0,01/14/2019,6:02,14,1,,35,Kitsap,0,1,0.0,2,4,2,1,0,3,2,,,,12,0,6,2.8,1,0,1,4,2,2,4,0,0,0,0,CR-ILLAHEE RD NE,,-122.5975194,47.632019444,0,2,66,62,4,25,34,0,0,1,7,12,1,1,2,1,1,2,1,41,0,20,481,2007,0,0.0,12,,,,,,1,1,27,1,0.0,,0,0,3,0,11,0,,,,,0.0,0.0,0.0,3.0,1,0,0.0,0.0,0.0,96,,,,,,0,,,,,,98311.0,41,71.0,165.0,6.0,1.0,0.0,0.0,0.0,0.0,,0,,,,,,0,,,1,0,0,0,8.0,9,8,,,0,0.0,0.0,8,0,2.0,1.0,,,1.0,,,2,1,0.0,,,,,,,,,,,,,,,,,,,,,,,,,,,,,,0,0,0,0,0,0,0,0,0,0,0,0,1,0,0,0,0,0,0,0,0,0,0,1,1,0,0,0,0,1,0,0,0,0,0,,0,0,0,0,0,0,0,0,0,0,0,0,0,0,0,0,,,,,,26-30,26-35,County road,U,Monday,Belt Used,PV,Not Fatal,0,1,1,0,County Road,County Sheriff,Kitsap County Sheriff's Office,0,0,1,0,0,,,,,,0.0,0.0,0.0,,,,,,,,,,,98.0,98.0,98.0,0.0,,,,,20.0,7.0,,,,,,,,,,,,,,,,98311