,year,case,par,repjur,crash_dt,crash_tm,accday,accmon,holiday,county,co_char,city,weather,weather2,lightcond,surfcond,surftype,numfatal,nmforms,pforms,vforms,not_tm,arr_tm,hosp_tm,fhevent,hitrun,manncol,milepnt,reljunc,reljuncinter,intersectiontype,funcsystem,landuse,ownership,route,schlbus,spejur,contdev,devfunc,trafid1,trafid2,x,y,wk_zone,vnumber,crashtype,criticalevent,criticaleventcat,spdlim,body,trailer,emerg,hazcargo,leave,mhevent,roadalgn,roadprof,traflane,trafflow,vehmanvr,numoccs,regowner,regstate,spuse,make,model,modelyr,vrf1,vrf2,seqevent1,seqevent2,seqevent3,seqevent4,seqevent5,seqevent6,pnumber,ptype,age,sex,hispanic,race,injury,diedscene,restraint,restraintmisuse,seatpos,takehosp,death_dt,death_tm,cert,cernum_wa,commlic,licendor,licrestrict,liccomp,drivpres,drf1,drf2,drf3,drf4,distract1,distract2,distract3,distract4,distract5,distract6,dricond1,dricond2,dricond3,dricond4,dricond5,dricond6,dzip,licstate,drhgt_in,weight,noncdl,noncdltype,prevdwi,prevoth,prevacc,prevspd,prevsus,driviol1,driviol2,driviol3,driviol4,driviol5,driviol6,spdrel,first_dt,last_dt,airbag,ejection,ejectpath,extricat,injurwrk,methalc,methdrug,nmlocat,strikveh,prf1,prf2,prf3,druginv,alcinvol,drugsts,drugres1,drugres2,drugres3,drugtst1,drugtst2,drugtst3,alcsts,alctst,alcres,nmact1,nmact2,nmact3,nmact4,nmact5,nmact6,nmprior1,nmprior2,nmprior3,nmprior4,nmprior5,nmprior6,nmcond1,nmcond2,nmcond3,nmcond4,nmcond5,nmcond6,nmsafe_helmet,nmsafe_pads,nmsafe_oth,nmprev_ref,nmprev_lgt,nmprev_oth,crashlocation,nmcrashtype,crosswalk,schoolzone,sidewalk,train_inv,wildlife_inv,rotr_fars,intersect_fars,dd_inv,aid_inv,dpd_inv,id_inv,mj_inv,impnm_inv,ainm_inv,dpnm_inv,speed_inv,unlic_inv,unendmc_inv,drowsy_inv,drdist_inv,nmdist_inv,fty_inv,unrestfat_inv,dr1617_inv,dr1820_inv,dr1620_inv,dr2125_inv,dr1625_inv,dr65_inv,dr70_inv,dr75_inv,mc_inv,pv_inv,ht_inv,ped_inv,bike_inv,unrest_fat,mc_fat,unhelmet_mc,pv_fat,ht_fat,ped_fat,bike_fat,dr_alc7,dr_alc8,dr_drug,dr_imp,dr_dist,dr_spd,dr_fty,dr_unlic,dr_alc7only,dr_alc8only,dr_drugonly,dr_drink,nm_imp,nm_alc7,nm_alc8,nm_drug,nm_dist,agegrp1,agegrp2,roadclass,urbrur,dayweek,restuse,vehtype,race_me,intersect,lanedep,oppdir,wrongway,rep_typ,investag,repag_long,rotr,st_rd,cty_rd,city_rd,oth_rd,drug_thc,thc_res,drug_cthc,cthc_res,drug_cann,prevpersemin,prevperse,prevsusoth,drugtst4,drugtst5,drugtst6,drugtst7,drugtst8,drugres4,drugres5,drugres6,drugres7,drugres8,adspresent,adsengaged,adslevel,race1,race2,race3,race4,race5,helmet,helmetmisuse,nmdistract1,nmdistract2,nmdistract3,nmdistract4,nmdistract5,nmdistract6,lab,isedtcase,crf1,crf2,crf3,CoRoadName,CoMP,IntCoRoadName,IntCoMP,zipcode
1573,2019,4,E882638,3.0,01/06/2019,1:12,6,1,,67,Thurston,0,2,0.0,3,2,2,1,1,1,1,,,,8,0,0,0.2,20,1,1,1,2,1,1,0,0,0,0,I-5 RAMP,SR-12,-123.0101694,46.797836111,0,1,13,80,5,98,4,0,0,1,2,8,2,1,1,6,14,1,1,53,0,35,47,2004,0,0.0,8,,,,,,1,1,26,1,0.0,,2,0,3,0,11,8,,,,,0.0,0.0,3.0,3.0,1,0,0.0,0.0,0.0,96,,,,,,0,,,,,,98579.0,53,72.0,170.0,6.0,1.0,0.0,2.0,0.0,0.0,,0,,,,,,0,03/15/2015,05/15/2016,20,0,0,0,8.0,9,2,,,0,0.0,0.0,0,0,8.0,95.0,,,96.0,,,8,95,995.0,,,,,,,,,,,,,,,,,,,,,,,,,,,,,,0,0,0,0,0,0,0,0,0,0,0,0,0,0,0,0,0,0,0,0,0,0,0,0,0,0,0,0,0,1,0,1,0,0,0,,0,0,0,0,0,0,0,0,0,0,0,0,0,0,0,0,,,,,,26-30,26-35,Interstate,U,Sunday,Belt Used,PV,Not Fatal,1,0,0,0,State Route,State Patrol,Washington State Patrol,0,1,0,0,0,,,,,,0.0,0.0,1.0,,,,,,,,,,,98.0,98.0,98.0,0.0,,,,,20.0,7.0,,,,,,,,,,,,,,,,98531
1574,2019,5,E878909,5.0,01/02/2019,15:17,2,1,,59,Skamania,0,1,0.0,1,1,2,1,0,1,1,,,,24,0,0,22.7,3,0,4,3,1,1,3,0,0,0,0,SR-14,MARBLE RD,-122.2267222,45.563238889,0,1,1,13,2,50,80,0,0,1,5,24,3,2,2,1,14,1,1,53,0,76,705,2007,0,0.0,63,24.0,,,,,1,1,33,1,7.0,,4,7,20,7,11,0,01/02/2019,15:57,53000336.0,336.0,0.0,0.0,3.0,3.0,1,0,0.0,0.0,0.0,96,,,,,,0,,,,,,98684.0,53,70.0,150.0,6.0,1.0,0.0,2.0,0.0,0.0,,0,,,,,,4,01/15/2015,04/15/2018,20,8,0,0,0.0,9,8,,,0,0.0,0.0,8,0,2.0,1.0,,,1.0,,,2,1,0.0,,,,,,,,,,,,,,,,,,,,,,,,,,,,,,0,0,1,1,0,0,0,0,0,0,0,0,1,0,0,0,0,0,0,0,0,0,0,0,0,0,0,0,1,0,0,0,0,0,1,0.0,0,0,0,0,0,0,0,0,0,1,0,0,0,0,0,0,,,,,,31-35,26-35,State route,R,Wednesday,,MC,White,0,1,0,0,State Route,State Patrol,Washington State Patrol,1,1,0,0,0,,,,,,0.0,0.0,0.0,,,,,,,,,,,0.0,0.0,0.0,1.0,,,,,5.0,0.0,,,,,,,,,,,,,,,,98671
1575,2019,6,E880474,40.0,01/01/2019,3:07,1,1,,67,Thurston,0,1,0.0,3,8,2,1,0,1,1,,,,34,0,0,2.9,5,1,1,1,1,1,1,0,0,0,0,I-5 RAMP,US-12,-123.0101694,46.797836111,0,1,1,11,2,55,4,0,0,1,5,1,3,2,2,6,14,1,1,53,0,63,34,2015,0,0.0,63,34.0,1.0,,,,1,1,54,1,7.0,,4,7,20,7,11,0,01/01/2019,3:27,53000155.0,155.0,0.0,0.0,0.0,3.0,1,0,0.0,0.0,0.0,93,,,,,,99,,,,,,99016.0,53,70.0,240.0,6.0,1.0,0.0,0.0,0.0,0.0,,0,,,,,,4,,,8,1,9,0,0.0,9,8,,,0,0.0,0.0,8,9,2.0,1.0,,,1.0,,,2,1,0.17,,,,,,,,,,,,,,,,,,,,,,,,,,,,,,0,0,1,0,1,1,0,1,0,0,0,0,1,0,0,0,1,0,0,1,0,0,0,0,0,0,0,0,0,1,0,0,0,1,0,,1,0,0,0,0,1,0,1,1,1,0,0,0,1,0,1,,,,,,51-55,46-55,Interstate,R,Tuesday,Not Used,PV,White,0,1,0,0,County Road,County Sheriff,Spokane County Sheriff's Office,1,0,1,0,0,,,,,,0.0,0.0,0.0,,,,,,,,,,,98.0,98.0,98.0,1.0,,,,,20.0,7.0,,,,,,,,,,,,,,,,98531
1576,2019,7,E881215,21.0,01/07/2019,17:38,7,1,,25,Grant,0,1,0.0,2,1,2,1,0,1,1,,,,17,0,0,1.5,1,0,1,5,1,2,4,0,0,0,0,CR-PINTO RIDGE RD,,-119.3282917,47.445861111,0,1,1,13,2,50,14,0,0,1,7,1,3,2,2,1,14,1,2,53,0,35,402,2002,0,0.0,63,17.0,38.0,1.0,,,1,1,35,1,7.0,,4,7,20,7,11,0,01/07/2019,17:38,53001090.0,1090.0,0.0,0.0,0.0,3.0,1,0,0.0,0.0,0.0,17,,,,,,99,,,,,,98837.0,53,65.0,190.0,6.0,1.0,0.0,0.0,0.0,5.0,,0,,,,,,0,04/15/2014,05/15/2018,8,1,9,0,0.0,9,8,,,0,0.0,0.0,8,9,8.0,95.0,,,96.0,,,8,95,995.0,,,,,,,,,,,,,,,,,,,,,,,,,,,,,,0,0,1,0,0,0,0,0,0,0,0,0,0,0,0,0,1,0,0,1,0,0,0,0,0,0,0,0,0,1,0,0,0,1,0,,1,0,0,0,0,0,0,0,1,0,0,0,0,0,0,0,,,,,,31-35,26-35,County road,R,Monday,Not Used,PV,White,0,1,0,0,County Road,County Sheriff,Grant County Sheriff's Office,1,0,1,0,0,,,,,,0.0,0.0,0.0,,,,,,,,,,,98.0,98.0,98.0,1.0,,,,,20.0,7.0,,,,,,,,,,,,,,,,98853
1577,2019,8,E881311,55.0,01/09/2019,10:15,9,1,,33,King,100,10,0.0,1,0,0,1,1,1,1,,,,15,0,0,0.0,4,0,1,7,2,4,6,0,0,0,0,B ST NW,29TH ST NW,-122.2322083,47.333427778,0,1,13,98,7,0,62,0,0,1,3,15,0,0,0,0,10,1,3,53,0,12,881,2016,0,0.0,15,,,,,,1,1,46,1,0.0,,0,0,3,0,11,0,,,,,0.0,0.0,0.0,3.0,1,0,0.0,0.0,0.0,96,,,,,,0,,,,,,98375.0,53,73.0,185.0,6.0,1.0,0.0,0.0,0.0,0.0,,0,,,,,,0,,,20,0,0,0,8.0,9,8,,,0,0.0,0.0,8,0,2.0,1.0,,,1.0,,,2,1,0.0,,,,,,,,,,,,,,,,,,,,,,,,,,,,,,0,0,0,0,0,0,0,0,0,1,0,1,0,0,0,0,0,0,0,0,0,0,0,0,0,0,0,0,0,0,1,1,0,0,0,,0,0,0,0,0,0,0,0,0,0,0,0,0,0,0,0,,,,,,46-50,46-55,City street,U,Wednesday,,MHTRUCK,Not Fatal,0,0,0,0,City Street,Municipal/City Police,Auburn Police Department,0,0,0,1,0,,,,,,0.0,0.0,0.0,,,,,,,,,,,98.0,98.0,98.0,0.0,,,,,20.0,7.0,,,,,,,,,,,,,,,,98001
1578,2019,9,E881365,305.0,01/09/2019,7:49,9,1,,11,Clark,2370,10,0.0,1,1,2,1,0,3,3,,,,12,0,2,0.0,1,0,1,7,2,4,6,0,0,0,0,NE 136TH AVE,,-122.5346222,45.627986111,0,1,50,10,2,98,3,0,0,1,7,12,1,1,5,1,1,1,2,53,0,52,37,2002,0,0.0,68,12.0,,,,,1,1,46,1,7.0,,4,7,20,7,11,0,01/09/2019,7:49,237053001140.0,1140.0,0.0,0.0,0.0,2.0,1,28,0.0,0.0,0.0,92,,,,,,99,,,,,,98684.0,53,76.0,235.0,1.0,1.0,0.0,0.0,0.0,0.0,,0,,,,,,4,06/15/2018,06/15/2018,20,0,0,0,0.0,9,8,,,0,0.0,0.0,8,9,2.0,996.0,401.0,417.0,1.0,1.0,1.0,2,1,0.0,,,,,,,,,,,,,,,,,,,,,,,,,,,,,,0,0,0,0,0,0,1,1,0,0,0,0,1,1,0,0,1,0,0,1,0,0,0,1,1,0,0,0,0,1,0,0,0,1,0,,1,0,0,0,0,0,1,1,1,1,0,1,0,0,1,0,,,,,,46-50,46-55,City street,U,Wednesday,Not Used,PV,White,0,1,1,0,City Street,Municipal/City Police,Vancouver Police Department,0,0,0,1,0,,,,,,0.0,0.0,1.0,,,,,,,,,,,98.0,98.0,98.0,1.0,,,,,20.0,7.0,,,,,,,,,,,,,,,,98684
1579,2019,9,E881365,305.0,01/09/2019,7:49,9,1,,11,Clark,2370,10,0.0,1,1,2,1,0,3,3,,,,12,0,2,0.0,1,0,1,7,2,4,6,0,0,0,0,NE 136TH AVE,,-122.5346222,45.627986111,0,2,51,62,4,98,5,0,0,1,7,12,1,1,5,1,1,1,2,53,0,49,46,2010,0,0.0,12,12.0,,,,,1,1,21,2,0.0,,3,0,3,0,11,8,,,,,0.0,0.0,3.0,3.0,1,0,0.0,0.0,0.0,0,,,,,,0,,,,,,98606.0,53,65.0,115.0,6.0,1.0,0.0,0.0,0.0,0.0,,0,,,,,,0,,,1,0,0,0,8.0,9,8,,,0,0.0,0.0,8,0,8.0,95.0,,,96.0,,,8,95,995.0,,,,,,,,,,,,,,,,,,,,,,,,,,,,,,0,0,0,0,0,0,1,1,0,0,0,0,1,1,0,0,1,0,0,1,0,0,0,1,1,0,0,0,0,1,0,0,0,0,0,,0,0,0,0,0,0,0,0,0,0,0,0,0,0,0,0,,,,,,21-25,16-25,City street,U,Wednesday,Belt Used,PV,Not Fatal,0,1,1,0,City Street,Municipal/City Police,Vancouver Police Department,0,0,0,1,0,,,,,,0.0,0.0,0.0,,,,,,,,,,,98.0,98.0,98.0,0.0,,,,,20.0,7.0,,,,,,,,,,,,,,,,98684
1580,2019,9,E881365,305.0,01/09/2019,7:49,9,1,,11,Clark,2370,10,0.0,1,1,2,1,0,3,3,,,,12,0,2,0.0,1,0,1,7,2,4,6,0,0,0,0,NE 136TH AVE,,-122.5346222,45.627986111,0,3,98,61,4,98,34,0,0,1,5,12,1,1,5,1,1,1,1,53,0,49,472,2012,0,0.0,12,,,,,,1,1,62,1,0.0,,2,0,3,0,11,8,,,,,0.0,0.0,0.0,3.0,1,0,0.0,0.0,0.0,0,,,,,,0,,,,,,98682.0,53,71.0,190.0,6.0,1.0,0.0,0.0,1.0,0.0,,0,,,,,,0,04/15/2018,04/15/2018,20,0,0,0,8.0,9,8,,,0,0.0,0.0,8,0,8.0,95.0,,,96.0,,,8,95,995.0,,,,,,,,,,,,,,,,,,,,,,,,,,,,,,0,0,0,0,0,0,1,1,0,0,0,0,1,1,0,0,1,0,0,1,0,0,0,1,1,0,0,0,0,1,0,0,0,0,0,,0,0,0,0,0,0,0,0,0,0,0,0,0,0,0,0,,,,,,61-65,56-65,City street,U,Wednesday,Belt Used,PV,Not Fatal,0,1,1,0,City Street,Municipal/City Police,Vancouver Police Department,0,0,0,1,0,,,,,,0.0,0.0,0.0,,,,,,,,,,,98.0,98.0,98.0,0.0,,,,,20.0,7.0,,,,,,,,,,,,,,,,98684
1581,2019,10,E882420,40.0,01/11/2019,20:19,11,1,,63,Spokane,0,1,0.0,2,1,2,1,1,1,1,,,,8,0,0,0.8,1,0,1,7,1,2,4,0,0,0,0,CR-W GRANITE LK RD,,-117.62075,47.553355556,0,1,13,80,5,35,34,0,0,1,7,8,1,1,2,1,1,1,1,53,0,35,473,2004,0,0.0,8,,,,,,1,1,61,1,0.0,,0,0,3,0,11,0,,,,,6.0,0.0,0.0,3.0,1,0,0.0,0.0,0.0,96,,,,,,0,,,,,,99037.0,53,72.0,190.0,6.0,1.0,0.0,0.0,0.0,0.0,,0,,,,,,0,,,20,0,0,0,8.0,9,2,,,0,0.0,0.0,0,0,8.0,95.0,,,96.0,,,8,95,995.0,,,,,,,,,,,,,,,,,,,,,,,,,,,,,,0,0,0,0,0,0,0,0,0,1,0,1,0,0,0,0,0,0,0,0,0,0,0,0,0,0,0,0,0,1,0,1,0,0,0,,0,0,0,0,0,0,0,0,0,0,0,0,0,0,0,0,,,,,,61-65,56-65,County road,R,Friday,Belt Used,PV,Not Fatal,0,0,0,0,County Road,County Sheriff,Spokane County Sheriff's Office,0,0,1,0,0,,,,,,0.0,0.0,0.0,,,,,,,,,,,98.0,98.0,98.0,0.0,,,,,20.0,7.0,,,,,,,,,,,,,,,,99022
1582,2019,11,E883197,35.0,01/15/2019,19:45,15,1,,53,Pierce,0,1,0.0,2,1,2,1,1,1,1,,,,8,1,0,1.2,1,0,1,3,2,2,4,0,0,0,0,CR-152ND ST E,,-122.4095694,47.118783333,0,1,13,11,2,35,99,0,0,1,5,8,1,1,2,1,1,1,9,99,0,99,999,9999,0,0.0,63,8.0,,,,,1,1,18,1,0.0,,0,0,99,7,11,0,,,,,0.0,0.0,0.0,3.0,1,0,0.0,0.0,0.0,96,,,,,,99,,,,,,98445.0,53,69.0,160.0,6.0,1.0,0.0,0.0,1.0,0.0,,97,,,,,,0,05/15/2018,05/15/2018,20,0,0,0,8.0,9,8,,,0,0.0,0.0,8,9,8.0,95.0,,,96.0,,,8,95,995.0,,,,,,,,,,,,,,,,,,,,,,,,,,,,,,0,0,0,0,0,0,0,0,0,1,0,1,0,0,0,0,0,0,0,0,0,1,1,0,1,0,0,0,0,0,0,1,0,0,0,,0,0,0,0,0,0,0,0,0,0,0,0,0,0,0,0,,,,,,18-20,16-25,County road,U,Tuesday,,NR-U,Not Fatal,0,0,0,0,County Road,County Sheriff,Law Enforcement Support Agency,0,0,1,0,0,,,,,,0.0,0.0,0.0,,,,,,,,,,,98.0,98.0,98.0,0.0,,,,,20.0,7.0,,,,,,,,,,,,,,,,98445
1583,2019,12,E883511,184.0,01/13/2019,15:16,13,1,,61,Snohomish,1215,1,0.0,1,1,2,1,0,2,3,,,,12,0,6,0.0,4,0,1,7,2,4,6,0,0,0,0,76TH AVE W,198TH ST SW,-122.3358778,47.819813889,0,1,83,72,4,30,4,0,0,1,7,12,1,1,2,1,1,1,2,53,0,39,39,2017,0,0.0,12,14.0,,,,,1,1,29,1,0.0,,0,0,3,0,11,0,,,,,0.0,0.0,0.0,0.0,1,0,0.0,0.0,0.0,96,,,,,,9,,,,,,98028.0,53,67.0,155.0,0.0,0.0,0.0,1.0,0.0,0.0,,97,,,,,,3,06/15/2016,04/15/2018,8,0,0,0,8.0,9,2,,,0,0.0,0.0,1,9,2.0,695.0,605.0,,1.0,1.0,,2,1,0.0,,,,,,,,,,,,,,,,,,,,,,,,,,,,,,0,0,0,0,0,0,1,1,1,0,0,0,1,1,0,0,0,0,0,0,0,0,0,0,0,1,0,0,0,1,0,0,0,0,0,,0,0,0,0,0,0,1,1,0,1,0,1,0,0,1,0,,,,,,26-30,26-35,City street,U,Sunday,Belt Used,PV,Not Fatal,0,0,0,0,City Street,Municipal/City Police,Lynnwood Police Department,0,0,0,1,0,thc,2.6,carboxy-thc,16.0,,0.0,0.0,1.0,,,,,,,,,,,98.0,98.0,98.0,0.0,,,,,20.0,7.0,,,,,,,,,,,,,,,,98026
1584,2019,12,E883511,184.0,01/13/2019,15:16,13,1,,61,Snohomish,1215,1,0.0,1,1,2,1,0,2,3,,,,12,0,6,0.0,4,0,1,7,2,4,6,0,0,0,0,76TH AVE W,198TH ST SW,-122.3358778,47.819813889,0,2,82,15,2,30,5,0,0,1,7,12,1,1,2,1,11,1,2,53,0,20,39,2008,0,0.0,12,,,,,,1,1,66,1,7.0,,4,0,3,0,11,4,01/13/2019,16:17,196053002272.0,2272.0,0.0,0.0,0.0,3.0,1,0,0.0,0.0,0.0,96,,,,,,99,,,,,,98125.0,53,66.0,153.0,6.0,1.0,0.0,1.0,0.0,0.0,,0,,,,,,0,03/15/2017,03/15/2017,8,0,0,0,0.0,9,8,,,0,0.0,0.0,8,9,2.0,1.0,,,1.0,,,2,1,0.0,,,,,,,,,,,,,,,,,,,,,,,,,,,,,,0,0,0,0,0,0,1,1,1,0,0,0,1,1,0,0,0,0,0,0,0,0,0,0,0,1,0,0,0,1,0,0,0,0,0,,1,0,0,0,0,0,0,0,0,0,0,0,0,0,0,0,,,,,,66-70,66-75,City street,U,Sunday,Belt Used,PV,API,0,0,0,0,City Street,Municipal/City Police,Lynnwood Police Department,0,0,0,1,0,,,,,,0.0,0.0,0.0,,,,,,,,,,,98.0,98.0,98.0,48.0,,,,,20.0,7.0,,,,,,,,,,,,,,,,98026
1585,2019,13,E883702,28.0,01/02/2019,15:00,2,1,,39,Klickitat,0,10,0.0,1,1,2,2,0,2,1,,,,34,0,0,13.0,1,0,1,5,1,2,4,0,3,0,0,CR-BZ GLENWOOD HWY,,-121.3116889,45.945411111,0,1,1,13,2,50,14,0,0,1,7,42,3,2,2,1,14,2,2,53,0,48,401,2010,0,0.0,63,34.0,69.0,68.0,64.0,42.0,1,1,59,1,7.0,,4,7,3,0,11,0,01/02/2019,15:00,53000162.0,162.0,0.0,0.0,0.0,3.0,1,0,0.0,0.0,0.0,93,,,,,,99,,,,,,98619.0,53,74.0,205.0,6.0,1.0,0.0,0.0,0.0,0.0,,0,,,,,,0,,,8,0,0,0,0.0,9,8,,,0,0.0,0.0,8,9,8.0,95.0,,,96.0,,,8,95,995.0,,,,,,,,,,,,,,,,,,,,,,,,,,,,,,0,0,1,0,0,0,0,0,0,0,0,0,0,0,0,0,1,0,0,0,0,0,0,0,0,0,0,0,0,1,0,0,0,0,0,,1,0,0,0,0,0,0,0,1,0,0,0,0,0,0,0,,,,,,56-60,56-65,County road,R,Wednesday,Belt Used,PV,White,0,1,0,0,County Road,County Sheriff,Klickitat County Sheriff's Office,1,0,1,0,0,,,,,,0.0,0.0,0.0,,,,,,,,,,,98.0,98.0,98.0,1.0,,,,,20.0,7.0,,,,,,,,,,,,,,,,98619
1586,2019,14,E883042,5.0,01/01/2019,1:09,1,1,,41,Lewis,0,1,0.0,2,1,2,1,1,2,1,,,,8,0,0,84.3,1,0,1,3,1,1,3,0,0,0,0,SR-12,,-122.5331028,46.532222222,0,1,13,80,5,55,4,0,0,1,5,8,1,1,2,1,1,2,1,18,0,12,37,2005,0,0.0,8,,,,,,1,1,31,1,0.0,,0,0,3,0,11,0,,,,,0.0,0.0,0.0,3.0,1,0,0.0,0.0,0.0,96,,,,,,0,,,,,,46613.0,18,70.0,220.0,6.0,1.0,0.0,0.0,0.0,0.0,,0,,,,,,0,,,20,0,0,0,8.0,9,8,,,0,0.0,0.0,8,0,8.0,95.0,,,96.0,,,8,95,995.0,,,,,,,,,,,,,,,,,,,,,,,,,,,,,,0,0,0,0,0,0,0,0,0,1,1,0,0,0,0,0,0,0,0,0,0,0,0,0,0,0,0,0,0,1,0,1,0,0,0,,0,0,0,0,0,0,0,0,0,0,0,0,0,0,0,0,,,,,,31-35,26-35,State route,R,Tuesday,Belt Used,PV,Not Fatal,0,0,0,0,State Route,State Patrol,Washington State Patrol,0,1,0,0,0,,,,,,0.0,0.0,0.0,,,,,,,,,,,98.0,98.0,98.0,0.0,,,,,20.0,7.0,,,,,,,,,,,,,,,,98564
1587,2019,15,E884294,159.0,01/17/2019,6:44,17,1,,5,Benton,1020,2,0.0,3,2,2,1,1,1,1,,,,8,0,0,0.0,2,0,3,7,2,4,6,0,0,0,0,S OLYMPIA ST,W 14TH AVE,-119.1379028,46.195875,0,1,13,80,5,35,6,0,0,1,7,8,1,2,3,5,1,1,2,16,0,12,17,1999,0,0.0,8,,,,,,1,1,36,1,0.0,,0,0,99,7,11,0,,,,,0.0,0.0,0.0,3.0,1,0,0.0,0.0,0.0,96,,,,,,0,,,,,,99352.0,53,65.0,135.0,6.0,1.0,0.0,0.0,0.0,0.0,,0,,,,,,0,,,20,0,0,0,8.0,9,8,,,0,0.0,0.0,8,0,2.0,1.0,,,1.0,,,2,1,0.0,,,,,,,,,,,,,,,,,,,,,,,,,,,,,,0,0,0,1,0,0,0,0,0,0,0,0,0,0,0,0,0,0,0,0,0,0,0,0,0,0,0,0,0,1,0,1,0,0,0,,0,0,0,0,0,0,0,0,0,0,0,0,0,0,0,0,,,,,,36-40,36-45,City street,U,Thursday,Unknown,PV,Not Fatal,1,0,0,0,City Street,Municipal/City Police,Kennewick Police Department,0,0,0,1,0,,,,,,0.0,0.0,0.0,,,,,,,,,,,0.0,0.0,0.0,0.0,,,,,20.0,7.0,,,,,,,,,,,,,,,,99337
1588,2019,16,E884315,5.0,01/17/2019,0:00,17,1,,15,Cowlitz,2570,99,0.0,2,99,2,1,0,1,1,,,,42,0,0,0.2,5,1,1,1,2,1,1,0,0,0,0,I-5 RAMP,,-122.7410278,45.905102778,0,1,2,8,1,98,4,0,0,1,2,42,2,2,2,6,14,1,2,4,0,12,23,2007,0,0.0,63,42.0,38.0,,,,1,1,27,1,7.0,,4,7,3,0,11,0,01/17/2019,0:00,257053002381.0,2381.0,0.0,0.0,0.0,3.0,1,0,0.0,0.0,0.0,96,,,,,,99,,,,,,86510.0,4,67.0,145.0,6.0,1.0,0.0,1.0,0.0,0.0,,0,,,,,,0,04/15/2016,03/15/2017,8,0,0,0,0.0,9,8,,,0,0.0,0.0,8,9,8.0,95.0,,,96.0,,,8,95,995.0,,,,,,,,,,,,,,,,,,,,,,,,,,,,,,0,0,0,0,0,0,0,0,0,0,0,0,0,0,0,0,0,0,0,0,0,0,0,0,0,0,0,0,0,1,0,0,0,0,0,,1,0,0,0,0,0,0,0,0,0,0,0,0,0,0,0,,,,,,26-30,26-35,Interstate,U,Thursday,Belt Used,PV,AIAN,1,0,0,0,State Route,State Patrol,Washington State Patrol,0,1,0,0,0,,,,,,0.0,0.0,4.0,,,,,,,,,,,98.0,98.0,98.0,3.0,,,,,20.0,7.0,,,,,,,,,,,,,,,,98674
1589,2019,17,E884708,6.0,01/04/2019,4:55,4,1,,37,Kittitas,0,5,0.0,3,4,2,1,0,7,5,,,,25,0,0,60.2,1,0,1,1,1,1,1,0,0,0,0,I-90,,-121.320175,47.3181,0,1,98,6,1,55,63,1,0,1,2,1,1,1,2,3,1,1,3,53,0,82,881,2011,0,0.0,63,25.0,1.0,60.0,54.0,12.0,1,1,48,1,0.0,,3,0,3,0,11,5,,,,,6.0,1.0,3.0,3.0,1,58,0.0,0.0,0.0,96,,,,,,99,,,,,,98391.0,53,65.0,145.0,6.0,1.0,0.0,0.0,0.0,2.0,,97,,,,,,4,01/15/2015,10/15/2017,99,9,0,0,8.0,9,8,,,0,0.0,0.0,8,0,8.0,95.0,,,96.0,,,8,95,995.0,,,,,,,,,,,,,,,,,,,,,,,,,,,,,,0,0,0,0,0,0,0,0,0,0,0,0,1,0,0,0,0,0,0,0,0,0,0,0,0,1,0,0,0,1,1,0,0,0,0,,0,0,0,0,0,0,0,0,0,1,0,0,0,0,0,0,,,,,,46-50,46-55,Interstate,R,Friday,,MHTRUCK,Not Fatal,0,1,0,0,State Route,State Patrol,Washington State Patrol,1,1,0,0,0,,,,,,0.0,0.0,0.0,,,,,,,,,,,98.0,98.0,98.0,0.0,,,,,20.0,7.0,,,,,,,,,,,,,,,,
1590,2019,17,E884708,6.0,01/04/2019,4:55,4,1,,37,Kittitas,0,5,0.0,3,4,2,1,0,7,5,,,,25,0,0,60.2,1,0,1,1,1,1,1,0,0,0,0,I-90,,-121.320175,47.3181,0,2,98,98,7,55,66,1,0,1,2,12,1,1,2,3,1,1,3,53,0,51,881,9999,0,0.0,12,,,,,,1,1,49,1,0.0,,2,0,2,0,11,8,,,,,6.0,3.0,0.0,3.0,1,0,0.0,0.0,0.0,96,,,,,,0,,,,,,98409.0,53,68.0,173.0,6.0,1.0,0.0,1.0,1.0,0.0,,0,,,,,,0,10/15/2014,09/15/2017,8,0,0,0,8.0,9,8,,,0,0.0,0.0,8,0,8.0,95.0,,,96.0,,,8,95,995.0,,,,,,,,,,,,,,,,,,,,,,,,,,,,,,0,0,0,0,0,0,0,0,0,0,0,0,1,0,0,0,0,0,0,0,0,0,0,0,0,1,0,0,0,1,1,0,0,0,0,,0,0,0,0,0,0,0,0,0,0,0,0,0,0,0,0,,,,,,46-50,46-55,Interstate,R,Friday,,MHTRUCK,Not Fatal,0,1,0,0,State Route,State Patrol,Washington State Patrol,1,1,0,0,0,,,,,,0.0,0.0,0.0,,,,,,,,,,,98.0,98.0,98.0,0.0,,,,,20.0,7.0,,,,,,,,,,,,,,,,
1591,2019,17,E884708,6.0,01/04/2019,4:55,4,1,,37,Kittitas,0,5,0.0,3,4,2,1,0,7,5,,,,25,0,0,60.2,1,0,1,1,1,1,1,0,0,0,0,I-90,,-121.320175,47.3181,0,3,98,98,7,55,66,1,0,1,2,12,1,1,2,3,1,2,3,4,0,82,881,2019,0,0.0,64,99.0,12.0,,,,1,1,58,1,0.0,,2,0,3,0,11,5,,,,,6.0,1.0,0.0,3.0,1,0,0.0,0.0,0.0,96,,,,,,0,,,,,,98604.0,53,68.0,285.0,6.0,1.0,0.0,0.0,1.0,0.0,,0,,,,,,0,04/15/2018,04/15/2018,8,0,0,0,8.0,9,8,,,0,0.0,0.0,8,0,8.0,95.0,,,96.0,,,8,95,995.0,,,,,,,,,,,,,,,,,,,,,,,,,,,,,,0,0,0,0,0,0,0,0,0,0,0,0,1,0,0,0,0,0,0,0,0,0,0,0,0,1,0,0,0,1,1,0,0,0,0,,0,0,0,0,0,0,0,0,0,0,0,0,0,0,0,0,,,,,,56-60,56-65,Interstate,R,Friday,,MHTRUCK,Not Fatal,0,1,0,0,State Route,State Patrol,Washington State Patrol,1,1,0,0,0,,,,,,0.0,0.0,0.0,,,,,,,,,,,98.0,98.0,98.0,0.0,,,,,20.0,7.0,,,,,,,,,,,,,,,,