,year,case,par,repjur,crash_dt,crash_tm,accday,accmon,holiday,county,co_char,city,weather,weather2,lightcond,surfcond,surftype,numfatal,nmforms,pforms,vforms,not_tm,arr_tm,hosp_tm,fhevent,hitrun,manncol,milepnt,reljunc,reljuncinter,intersectiontype,funcsystem,landuse,ownership,route,schlbus,spejur,contdev,devfunc,trafid1,trafid2,x,y,wk_zone,vnumber,crashtype,criticalevent,criticaleventcat,spdlim,body,trailer,emerg,hazcargo,leave,mhevent,roadalgn,roadprof,traflane,trafflow,vehmanvr,numoccs,regowner,regstate,spuse,make,model,modelyr,vrf1,vrf2,seqevent1,seqevent2,seqevent3,seqevent4,seqevent5,seqevent6,pnumber,ptype,age,sex,hispanic,race,injury,diedscene,restraint,restraintmisuse,seatpos,takehosp,death_dt,death_tm,cert,cernum_wa,commlic,licendor,licrestrict,liccomp,drivpres,drf1,drf2,drf3,drf4,distract1,distract2,distract3,distract4,distract5,distract6,dricond1,dricond2,dricond3,dricond4,dricond5,dricond6,dzip,licstate,drhgt_in,weight,noncdl,noncdltype,prevdwi,prevoth,prevacc,prevspd,prevsus,driviol1,driviol2,driviol3,driviol4,driviol5,driviol6,spdrel,first_dt,last_dt,airbag,ejection,ejectpath,extricat,injurwrk,methalc,methdrug,nmlocat,strikveh,prf1,prf2,prf3,druginv,alcinvol,drugsts,drugres1,drugres2,drugres3,drugtst1,drugtst2,drugtst3,alcsts,alctst,alcres,nmact1,nmact2,nmact3,nmact4,nmact5,nmact6,nmprior1,nmprior2,nmprior3,nmprior4,nmprior5,nmprior6,nmcond1,nmcond2,nmcond3,nmcond4,nmcond5,nmcond6,nmsafe_helmet,nmsafe_pads,nmsafe_oth,nmprev_ref,nmprev_lgt,nmprev_oth,crashlocation,nmcrashtype,crosswalk,schoolzone,sidewalk,train_inv,wildlife_inv,rotr_fars,intersect_fars,dd_inv,aid_inv,dpd_inv,id_inv,mj_inv,impnm_inv,ainm_inv,dpnm_inv,speed_inv,unlic_inv,unendmc_inv,drowsy_inv,drdist_inv,nmdist_inv,fty_inv,unrestfat_inv,dr1617_inv,dr1820_inv,dr1620_inv,dr2125_inv,dr1625_inv,dr65_inv,dr70_inv,dr75_inv,mc_inv,pv_inv,ht_inv,ped_inv,bike_inv,unrest_fat,mc_fat,unhelmet_mc,pv_fat,ht_fat,ped_fat,bike_fat,dr_alc7,dr_alc8,dr_drug,dr_imp,dr_dist,dr_spd,dr_fty,dr_unlic,dr_alc7only,dr_alc8only,dr_drugonly,dr_drink,nm_imp,nm_alc7,nm_alc8,nm_drug,nm_dist,agegrp1,agegrp2,roadclass,urbrur,dayweek,restuse,vehtype,race_me,intersect,lanedep,oppdir,wrongway,rep_typ,investag,repag_long,rotr,st_rd,cty_rd,city_rd,oth_rd,drug_thc,thc_res,drug_cthc,cthc_res,drug_cann,prevpersemin,prevperse,prevsusoth,drugtst4,drugtst5,drugtst6,drugtst7,drugtst8,drugres4,drugres5,drugres6,drugres7,drugres8,adspresent,adsengaged,adslevel,race1,race2,race3,race4,race5,helmet,helmetmisuse,nmdistract1,nmdistract2,nmdistract3,nmdistract4,nmdistract5,nmdistract6,lab,isedtcase,crf1,crf2,crf3,CoRoadName,CoMP,IntCoRoadName,IntCoMP,zipcode
1592,2019,17,E884708,6.0,01/04/2019,4:55,4,1,,37,Kittitas,0,5,0.0,3,4,2,1,0,7,5,,,,25,0,0,60.2,1,0,1,1,1,1,1,0,0,0,0,I-90,,-121.320175,47.3181,0,4,98,98,7,55,66,1,0,1,2,12,1,1,2,3,1,1,3,53,0,51,881,2010,0,0.0,12,,,,,,1,1,67,1,7.0,,4,7,3,0,11,0,01/04/2019,4:55,53000838.0,838.0,6.0,1.0,0.0,3.0,1,0,0.0,0.0,0.0,96,,,,,,0,,,,,,98221.0,53,72.0,200.0,6.0,1.0,0.0,0.0,1.0,0.0,,0,,,,,,0,11/15/2017,11/15/2017,8,0,0,0,1.0,9,8,,,0,0.0,0.0,8,0,2.0,1.0,,,1.0,,,2,1,0.0,,,,,,,,,,,,,,,,,,,,,,,,,,,,,,0,0,0,0,0,0,0,0,0,0,0,0,1,0,0,0,0,0,0,0,0,0,0,0,0,1,0,0,0,1,1,0,0,0,0,,0,1,0,0,0,0,0,0,0,0,0,0,0,0,0,0,,,,,,66-70,66-75,Interstate,R,Friday,,MHTRUCK,White,0,1,0,0,State Route,State Patrol,Washington State Patrol,1,1,0,0,0,,,,,,0.0,0.0,0.0,,,,,,,,,,,98.0,98.0,98.0,1.0,,,,,20.0,7.0,,,,,,,,,,,,,,,,
1593,2019,17,E884708,6.0,01/04/2019,4:55,4,1,,37,Kittitas,0,5,0.0,3,4,2,1,0,7,5,,,,25,0,0,60.2,1,0,1,1,1,1,1,0,0,0,0,I-90,,-121.320175,47.3181,0,5,98,98,7,55,34,0,0,1,7,54,1,1,2,3,1,2,3,53,0,12,481,2000,0,0.0,54,,,,,,1,1,53,1,0.0,,3,0,3,0,11,5,,,,,0.0,0.0,3.0,3.0,1,0,0.0,0.0,0.0,96,,,,,,0,,,,,,98271.0,53,74.0,205.0,6.0,1.0,0.0,0.0,0.0,0.0,,0,,,,,,0,,,8,0,0,0,8.0,9,8,,,0,0.0,0.0,8,0,8.0,95.0,,,96.0,,,8,95,995.0,,,,,,,,,,,,,,,,,,,,,,,,,,,,,,0,0,0,0,0,0,0,0,0,0,0,0,1,0,0,0,0,0,0,0,0,0,0,0,0,1,0,0,0,1,1,0,0,0,0,,0,0,0,0,0,0,0,0,0,0,0,0,0,0,0,0,,,,,,51-55,46-55,Interstate,R,Friday,Belt Used,PV,Not Fatal,0,1,0,0,State Route,State Patrol,Washington State Patrol,1,1,0,0,0,,,,,,0.0,0.0,0.0,,,,,,,,,,,98.0,98.0,98.0,0.0,,,,,20.0,7.0,,,,,,,,,,,,,,,,
1594,2019,18,E885651,8.0,01/09/2019,5:19,9,1,,45,Mason,0,2,0.0,4,2,2,2,0,3,2,,,,12,0,2,339.5,1,0,1,3,1,1,2,0,0,0,0,US-101,,-123.17315,47.287972222,0,1,50,10,2,55,4,0,0,1,2,12,1,2,2,1,1,2,1,53,0,24,1,1996,0,0.0,68,12.0,,,,,1,1,65,1,7.0,,4,7,3,0,11,0,01/09/2019,5:19,53001542.0,1542.0,0.0,0.0,3.0,3.0,1,28,0.0,0.0,0.0,96,,,,,,99,,,,,,98337.0,53,75.0,220.0,6.0,1.0,0.0,0.0,0.0,0.0,,0,,,,,,0,01/15/2015,03/15/2016,1,0,0,0,0.0,9,8,,,0,0.0,0.0,8,9,2.0,401.0,417.0,,1.0,1.0,,2,1,0.0,,,,,,,,,,,,,,,,,,,,,,,,,,,,,,0,0,0,0,0,0,1,1,0,0,0,0,0,0,0,0,0,0,0,0,0,0,0,0,0,1,0,0,0,1,1,0,0,0,0,,1,0,0,0,0,0,1,1,0,0,0,0,0,0,1,0,,,,,,61-65,56-65,US highway,R,Wednesday,Belt Used,PV,White,0,1,1,0,State Route,State Patrol,Washington State Patrol,0,1,0,0,0,,,,,,0.0,0.0,2.0,,,,,,,,,,,0.0,0.0,0.0,1.0,,,,,20.0,7.0,,,,,,,,,,,,,,,,98584
1595,2019,18,E885651,8.0,01/09/2019,5:19,9,1,,45,Mason,0,2,0.0,4,2,2,2,0,3,2,,,,12,0,2,339.5,1,0,1,3,1,1,2,0,0,0,0,US-101,,-123.17315,47.287972222,0,2,51,62,4,55,66,1,0,1,5,12,1,2,2,1,1,1,3,53,0,85,881,2008,0,0.0,12,,,,,,1,1,44,1,0.0,,0,0,3,0,11,0,,,,,6.0,1.0,0.0,3.0,1,0,0.0,0.0,0.0,96,,,,,,0,,,,,,98363.0,53,73.0,240.0,6.0,1.0,0.0,0.0,0.0,0.0,,0,,,,,,0,,,20,0,0,0,8.0,9,2,,,0,0.0,0.0,0,0,8.0,95.0,,,96.0,,,8,95,995.0,,,,,,,,,,,,,,,,,,,,,,,,,,,,,,0,0,0,0,0,0,1,1,0,0,0,0,0,0,0,0,0,0,0,0,0,0,0,0,0,1,0,0,0,1,1,0,0,0,0,,0,0,0,0,0,0,0,0,0,0,0,0,0,0,0,0,,,,,,41-45,36-45,US highway,R,Wednesday,,MHTRUCK,Not Fatal,0,1,1,0,State Route,State Patrol,Washington State Patrol,0,1,0,0,0,,,,,,0.0,0.0,0.0,,,,,,,,,,,98.0,98.0,98.0,0.0,,,,,20.0,7.0,,,,,,,,,,,,,,,,98584
1596,2019,19,E885827,29.0,01/04/2019,0:04,4,1,,41,Lewis,0,2,0.0,2,2,2,1,0,2,1,,,,1,0,0,0.2,1,0,1,7,1,2,4,0,0,0,0,CR-CANNON RD,,-121.6817778,46.622366667,0,1,1,13,2,35,14,0,0,1,7,1,2,1,2,1,14,2,2,26,0,2,403,2000,0,0.0,63,1.0,,,,,1,1,22,1,0.0,,0,0,20,7,11,0,,,,,0.0,0.0,3.0,3.0,1,0,0.0,0.0,0.0,96,,,,,,0,,,,,,98361.0,53,74.0,155.0,6.0,1.0,0.0,0.0,0.0,0.0,,97,,,,,,0,,,20,0,0,0,8.0,9,8,,,0,0.0,0.0,8,0,2.0,695.0,605.0,,1.0,1.0,,2,1,0.0,,,,,,,,,,,,,,,,,,,,,,,,,,,,,,0,0,1,0,0,0,1,1,1,0,0,0,0,0,0,0,0,0,0,1,0,0,0,1,1,0,0,0,0,1,0,0,0,0,0,,0,0,0,0,0,0,1,1,0,0,0,0,0,0,1,0,,,,,,21-25,16-25,County road,R,Friday,Not Used,PV,Not Fatal,0,1,0,0,County Road,County Sheriff,Lewis County Sheriff's Office,1,0,1,0,0,thc,5.4,carboxy-thc,59.0,,0.0,0.0,0.0,,,,,,,,,,,98.0,98.0,98.0,0.0,,,,,20.0,7.0,,,,,,,,,,,,,,,,98361
1597,2019,20,E885996,5.0,01/23/2019,13:23,23,1,,41,Lewis,0,1,0.0,1,2,1,1,0,2,2,,,,12,0,2,98.7,1,0,1,3,1,1,2,0,0,0,0,US-12,,-122.2538056,46.539961111,0,1,50,10,2,55,5,0,0,1,2,12,1,1,2,1,1,1,1,53,0,35,50,2016,0,0.0,68,12.0,,,,,1,1,63,2,7.0,,4,7,3,0,11,0,01/23/2019,14:35,53004628.0,4628.0,0.0,0.0,3.0,3.0,1,28,0.0,0.0,0.0,96,,,,,,99,,,,,,98377.0,53,65.0,179.0,6.0,1.0,0.0,0.0,1.0,0.0,,0,,,,,,0,09/15/2017,09/15/2017,8,0,0,0,0.0,9,8,,,0,0.0,0.0,8,9,2.0,695.0,605.0,151.0,1.0,1.0,1.0,2,1,0.014,,,,,,,,,,,,,,,,,,,,,,,,,,,,,,0,0,0,0,1,0,1,1,1,0,0,0,0,0,0,0,0,0,0,0,0,0,0,0,0,0,0,0,0,1,1,0,0,0,0,,1,0,0,0,1,0,1,1,0,0,0,0,0,0,0,1,,,,,,61-65,56-65,US highway,R,Wednesday,Belt Used,PV,White,0,1,1,0,State Route,State Patrol,Washington State Patrol,0,1,0,0,0,thc,35.0,carboxy-thc,850.0,,0.0,0.0,0.0,,,,,,,,,,,98.0,98.0,98.0,1.0,,,,,20.0,7.0,,,,,,,nms,,,,,,,,,98356
1598,2019,20,E885996,5.0,01/23/2019,13:23,23,1,,41,Lewis,0,1,0.0,1,2,2,1,0,2,2,,,,12,0,2,98.7,1,0,1,3,1,1,2,0,0,0,0,US-12,,-122.2538056,46.539961111,0,2,51,62,4,55,63,0,0,1,7,12,1,1,2,1,1,1,3,53,0,87,882,2013,0,0.0,12,,,,,,1,1,48,8,0.0,,1,0,3,0,11,4,,,,,6.0,1.0,3.0,3.0,1,0,0.0,0.0,0.0,96,,,,,,0,,,,,,98579.0,53,69.0,210.0,6.0,1.0,0.0,0.0,1.0,0.0,,0,,,,,,0,10/15/2014,10/15/2014,20,0,0,0,8.0,9,2,,,0,0.0,0.0,0,0,8.0,95.0,,,96.0,,,8,95,995.0,,,,,,,,,,,,,,,,,,,,,,,,,,,,,,0,0,0,0,1,0,1,1,1,0,0,0,0,0,0,0,0,0,0,0,0,0,0,0,0,0,0,0,0,1,1,0,0,0,0,,0,0,0,0,0,0,0,0,0,0,0,0,0,0,0,0,,,,,,46-50,46-55,US highway,R,Wednesday,,MHTRUCK,Not Fatal,0,1,1,0,State Route,State Patrol,Washington State Patrol,0,1,0,0,0,,,,,,0.0,0.0,0.0,,,,,,,,,,,98.0,98.0,98.0,0.0,,,,,20.0,7.0,,,,,,,,,,,,,,,,98356
1599,2019,21,E886569,2.0,01/14/2019,19:37,14,1,,29,Island,0,1,0.0,3,1,2,1,1,2,1,,,,8,0,0,16.1,3,0,3,3,1,1,3,0,0,0,0,SR-525,USELESS BAY RD,-122.4853944,48.0066,0,1,13,80,5,55,14,0,0,1,5,8,3,2,2,2,14,2,1,53,0,2,403,2002,0,0.0,8,,,,,,1,1,21,1,0.0,,0,0,3,0,11,0,,,,,0.0,0.0,0.0,3.0,1,0,0.0,0.0,0.0,96,,,,,,0,,,,,,77532.0,48,,999.0,6.0,1.0,0.0,1.0,0.0,0.0,,0,,,,,,0,10/15/2016,10/15/2016,20,0,0,0,8.0,9,8,,,0,0.0,0.0,8,0,8.0,95.0,,,96.0,,,8,95,995.0,,,,,,,,,,,,,,,,,,,,,,,,,,,,,,0,0,0,1,0,0,0,0,0,0,0,0,0,0,0,0,0,0,0,0,0,0,0,1,1,0,0,0,0,1,0,1,0,0,0,,0,0,0,0,0,0,0,0,0,0,0,0,0,0,0,0,,,,,,21-25,16-25,State route,R,Monday,Belt Used,PV,Not Fatal,1,0,0,0,State Route,State Patrol,Washington State Patrol,0,1,0,0,0,,,,,,0.0,0.0,0.0,,,,,,,,,,,98.0,98.0,98.0,0.0,,,,,20.0,7.0,,,,,,,,,,,,,,,,98260
1600,2019,22,E886916,,01/23/2019,23:43,23,1,,21,Franklin,0,10,0.0,2,1,1,1,0,2,2,,,,12,0,1,52.2,1,0,1,3,1,1,2,0,0,0,0,US-395,,-118.9964528,46.560425,0,1,24,51,3,70,20,0,0,1,7,12,1,2,2,3,1,1,1,53,0,7,442,1999,0,0.0,12,,,,,,1,1,35,1,7.0,,4,7,3,0,11,0,01/23/2019,23:43,53003578.0,3578.0,0.0,0.0,3.0,3.0,1,0,0.0,0.0,0.0,93,,,,,,2,,,,,,99324.0,53,74.0,180.0,6.0,1.0,0.0,1.0,1.0,1.0,,0,,,,,,0,03/15/2016,04/15/2018,1,0,0,0,0.0,9,8,,,0,0.0,0.0,8,0,8.0,95.0,,,96.0,,,8,95,995.0,,,,,,,,,,,,,,,,,,,,,,,,,,,,,,0,0,0,0,0,0,0,0,0,0,0,0,0,0,0,1,1,0,0,0,0,0,0,0,0,0,0,0,0,1,1,0,0,0,0,,1,0,0,0,0,0,0,0,1,0,0,0,0,0,0,0,,,,,,31-35,26-35,US highway,R,Wednesday,Belt Used,PV,Multiracial,0,0,0,0,State Route,State Patrol,Washington State Patrol,0,1,0,0,0,,,,,,0.0,0.0,0.0,,,,,,,,,,,0.0,0.0,0.0,202.0,248.0,,,,20.0,7.0,,,,,,,,,,,,,,,,99326
1601,2019,22,E886916,,01/23/2019,23:43,23,1,,21,Franklin,0,10,0.0,2,1,1,1,0,2,2,,,,12,0,1,52.2,1,0,1,3,1,1,2,0,0,0,0,US-395,,-118.9964528,46.560425,0,2,25,53,3,60,66,1,0,1,7,12,1,2,2,3,1,1,3,53,0,84,884,1997,0,0.0,12,,,,,,1,1,39,1,0.0,,1,0,3,0,11,8,,,,,6.0,1.0,0.0,3.0,1,91,0.0,0.0,0.0,96,,,,,,0,,,,,,99001.0,53,69.0,275.0,6.0,1.0,0.0,0.0,1.0,0.0,,89,,,,,,0,11/15/2015,11/15/2015,20,0,0,0,8.0,9,2,,,0,0.0,0.0,0,0,2.0,1.0,,,1.0,,,2,1,0.0,,,,,,,,,,,,,,,,,,,,,,,,,,,,,,0,0,0,0,0,0,0,0,0,0,0,0,0,0,0,1,1,0,0,0,0,0,0,0,0,0,0,0,0,1,1,0,0,0,0,,0,0,0,0,0,0,0,0,0,0,0,0,0,0,0,0,,,,,,36-40,36-45,US highway,R,Wednesday,,MHTRUCK,Not Fatal,0,0,0,0,State Route,State Patrol,Washington State Patrol,0,1,0,0,0,,,,,,0.0,0.0,0.0,,,,,,,,,,,0.0,0.0,0.0,0.0,,,,,20.0,7.0,,,,,,,,,,,,,,,,99326
1602,2019,23,E884741,3.0,01/11/2019,20:25,11,1,,53,Pierce,0,1,0.0,3,1,2,1,0,6,4,,,,12,0,1,48.3,3,0,2,3,2,1,3,0,0,3,3,SR-7,176TH ST E,-122.4349444,47.097133333,0,1,20,50,3,40,4,0,0,1,7,12,1,1,4,2,1,1,2,53,0,37,32,1998,0,0.0,12,,,,,,1,1,64,1,7.0,,4,0,20,7,11,4,01/11/2019,21:15,223053002925.0,2925.0,0.0,0.0,3.0,3.0,1,0,0.0,0.0,0.0,96,,,,,,9,,,,,,98444.0,53,74.0,250.0,6.0,1.0,0.0,1.0,0.0,0.0,,0,,,,,,0,01/15/2015,01/15/2015,1,0,0,0,0.0,9,8,,,0,0.0,0.0,1,9,2.0,996.0,996.0,401.0,1.0,1.0,1.0,2,1,0.0,,,,,,,,,,,,,,,,,,,,,,,,,,,,,,0,0,0,1,0,0,1,1,0,0,0,0,0,0,0,0,0,0,0,1,0,0,0,1,1,0,0,0,0,1,0,0,0,1,0,,1,0,0,0,0,0,1,1,0,0,0,0,0,0,1,0,,,,,,61-65,56-65,State route,U,Friday,Not Used,PV,White,1,0,0,0,State Route,State Patrol,Washington State Patrol,0,1,0,0,0,,,,,,0.0,0.0,0.0,1.0,1.0,1.0,,,417.0,124.0,996.0,,,0.0,0.0,0.0,1.0,,,,,20.0,7.0,,,,,,,,,,,,,,,,98448
1603,2019,23,E884741,3.0,01/11/2019,20:25,11,1,,53,Pierce,0,1,0.0,3,1,2,1,0,6,4,,,,12,0,1,48.3,3,0,2,3,2,1,3,0,0,3,3,SR-7,176TH ST E,-122.4349444,47.097133333,0,2,21,53,3,40,34,0,0,1,7,12,1,1,4,2,5,1,1,53,0,7,482,2002,0,0.0,12,12.0,,,,,1,1,22,1,0.0,,0,0,3,0,11,0,,,,,0.0,0.0,3.0,3.0,1,0,0.0,0.0,0.0,0,,,,,,0,,,,,,98226.0,53,69.0,190.0,6.0,1.0,0.0,2.0,1.0,3.0,,0,,,,,,0,06/15/2015,07/15/2017,20,0,0,0,8.0,9,8,,,0,0.0,0.0,8,0,8.0,95.0,,,96.0,,,8,95,995.0,,,,,,,,,,,,,,,,,,,,,,,,,,,,,,0,0,0,1,0,0,1,1,0,0,0,0,0,0,0,0,0,0,0,1,0,0,0,1,1,0,0,0,0,1,0,0,0,0,0,,0,0,0,0,0,0,0,0,0,0,0,0,0,0,0,0,,,,,,21-25,16-25,State route,U,Friday,Belt Used,PV,Not Fatal,1,0,0,0,State Route,State Patrol,Washington State Patrol,0,1,0,0,0,,,,,,0.0,0.0,0.0,,,,,,,,,,,98.0,98.0,98.0,0.0,,,,,20.0,7.0,,,,,,,,,,,,,,,,98448
1604,2019,23,E884741,3.0,01/11/2019,20:25,11,1,,53,Pierce,0,1,0.0,3,1,2,1,0,6,4,,,,12,0,1,48.3,3,0,2,3,2,1,3,0,0,3,3,SR-7,176TH ST E,-122.4349444,47.097133333,0,3,98,53,3,40,6,0,0,1,7,12,1,1,4,2,5,3,2,53,0,52,47,2013,0,0.0,12,12.0,,,,,1,1,26,2,0.0,,0,0,3,0,11,0,,,,,0.0,0.0,0.0,3.0,1,0,0.0,0.0,0.0,0,,,,,,0,,,,,,98444.0,53,64.0,135.0,6.0,1.0,0.0,0.0,0.0,1.0,,0,,,,,,0,05/15/2014,05/15/2014,20,0,0,0,8.0,9,8,,,0,0.0,0.0,8,0,8.0,95.0,,,96.0,,,8,95,995.0,,,,,,,,,,,,,,,,,,,,,,,,,,,,,,0,0,0,1,0,0,1,1,0,0,0,0,0,0,0,0,0,0,0,1,0,0,0,1,1,0,0,0,0,1,0,0,0,0,0,,0,0,0,0,0,0,0,0,0,0,0,0,0,0,0,0,,,,,,26-30,26-35,State route,U,Friday,Belt Used,PV,Not Fatal,1,0,0,0,State Route,State Patrol,Washington State Patrol,0,1,0,0,0,,,,,,0.0,0.0,0.0,,,,,,,,,,,98.0,98.0,98.0,0.0,,,,,20.0,7.0,,,,,,,,,,,,,,,,98448
1605,2019,23,E884741,3.0,01/11/2019,20:25,11,1,,53,Pierce,0,1,0.0,3,1,2,1,0,6,4,,,,12,0,1,48.3,3,0,2,3,2,1,3,0,0,0,0,SR-7,176TH ST E,-122.4349444,47.097133333,0,4,98,53,3,40,4,0,0,1,5,12,1,1,4,2,5,1,1,53,0,30,40,2004,0,0.0,12,,,,,,1,1,24,2,0.0,,0,0,3,0,11,0,,,,,0.0,0.0,3.0,3.0,1,0,0.0,0.0,0.0,0,,,,,,0,,,,,,98031.0,53,62.0,220.0,6.0,1.0,0.0,0.0,1.0,0.0,,0,,,,,,0,01/15/2015,01/15/2015,20,0,0,0,8.0,9,8,,,0,0.0,0.0,8,0,8.0,95.0,,,96.0,,,8,95,995.0,,,,,,,,,,,,,,,,,,,,,,,,,,,,,,0,0,0,1,0,0,1,1,0,0,0,0,0,0,0,0,0,0,0,1,0,0,0,1,1,0,0,0,0,1,0,0,0,0,0,,0,0,0,0,0,0,0,0,0,0,0,0,0,0,0,0,,,,,,21-25,16-25,State route,U,Friday,Belt Used,PV,Not Fatal,1,0,0,0,State Route,State Patrol,Washington State Patrol,0,1,0,0,0,,,,,,0.0,0.0,0.0,,,,,,,,,,,98.0,98.0,98.0,0.0,,,,,20.0,7.0,,,,,,,,,,,,,,,,98448
1606,2019,24,E886225,25.0,01/18/2019,2:32,18,1,,33,King,0,99,0.0,3,2,2,1,0,1,1,,,,42,0,0,2.0,1,0,1,5,1,2,4,0,0,0,0,CR-272ND AVE SE,,-121.9795,47.358566667,0,1,6,12,2,35,80,0,0,1,7,42,2,1,2,1,1,1,1,53,0,72,706,2014,0,0.0,68,64.0,42.0,,,,1,1,28,1,7.0,,4,7,20,7,11,0,01/18/2019,2:32,53002970.0,2970.0,0.0,0.0,0.0,3.0,1,0,0.0,0.0,0.0,96,,,,,,99,,,,,,98249.0,53,74.0,200.0,6.0,1.0,0.0,0.0,0.0,0.0,,0,,,,,,0,,,20,8,0,0,0.0,9,8,,,0,0.0,0.0,8,9,2.0,401.0,996.0,,1.0,1.0,,2,1,0.221,,,,,,,,,,,,,,,,,,,,,,,,,,,,,,0,0,1,0,1,1,1,1,0,0,0,0,0,0,0,0,0,0,0,0,0,0,0,0,0,0,0,0,1,0,0,0,0,0,1,0.0,0,0,0,0,0,1,1,1,0,0,0,0,0,0,0,1,,,,,,26-30,26-35,County road,R,Friday,,MC,White,0,1,0,0,County Road,County Sheriff,King County Police,1,0,1,0,0,,,,,,0.0,0.0,0.0,,,,,,,,,,,0.0,0.0,0.0,1.0,,,,,19.0,0.0,,,,,,,,,,,,,,,,98051
1607,2019,25,E887024,40.0,01/25/2019,18:57,25,1,,63,Spokane,0,10,0.0,2,1,2,1,1,1,1,,,,8,0,0,1.2,3,0,3,4,2,2,4,0,0,0,0,CR-E 57TH AVE,S HAILEE LN,-117.3637139,47.602175,0,1,13,80,5,35,14,0,0,1,5,8,1,1,3,5,1,1,1,53,0,59,403,2004,0,0.0,8,,,,,,1,1,58,1,0.0,,0,0,3,0,11,0,,,,,0.0,0.0,3.0,3.0,1,0,0.0,0.0,0.0,93,,,,,,0,,,,,,99223.0,53,73.0,180.0,6.0,1.0,0.0,3.0,2.0,0.0,,0,,,,,,0,07/15/2015,07/15/2017,20,0,0,0,8.0,9,8,,,0,0.0,0.0,8,0,2.0,1.0,,,1.0,,,2,1,0.0,,,,,,,,,,,,,,,,,,,,,,,,,,,,,,0,0,0,1,0,0,0,0,0,0,0,0,0,0,0,0,1,1,0,0,0,0,0,0,0,0,0,0,0,1,0,1,0,0,0,,0,0,0,0,0,0,0,0,1,0,0,0,0,0,0,0,,,,,,56-60,56-65,County road,U,Friday,Belt Used,PV,Not Fatal,1,0,0,0,County Road,County Sheriff,Spokane County Sheriff's Office,0,0,1,0,0,,,,,,0.0,1.0,1.0,,,,,,,,,,,98.0,98.0,98.0,0.0,,,,,20.0,7.0,,,,,,,,,,,,,,,,99223
1608,2019,26,E887053,29.0,01/13/2019,3:32,13,1,,27,Grays Harbor,0,5,0.0,2,2,2,1,0,1,1,,,,42,0,0,1.6,1,0,1,5,1,2,4,0,0,0,0,CR-GARRARD CREEK RD,,-123.3004917,46.801680556,0,1,6,12,2,50,34,0,0,1,7,42,2,1,2,1,14,1,2,53,0,12,481,1986,0,0.0,68,64.0,42.0,,,,1,1,18,1,7.0,,4,7,3,0,11,0,01/13/2019,3:32,53002911.0,2911.0,0.0,0.0,3.0,3.0,1,0,0.0,0.0,0.0,92,,,,,,99,,,,,,98596.0,53,69.0,160.0,6.0,2.0,0.0,0.0,0.0,0.0,,0,,,,,,0,,,20,0,0,0,0.0,9,8,,,0,0.0,0.0,8,9,2.0,1.0,,,1.0,,,2,1,0.21,,,,,,,,,,,,,,,,,,,,,,,,,,,,,,0,0,1,0,1,1,0,1,0,0,0,0,0,0,0,0,1,0,0,0,0,1,1,0,1,0,0,0,0,1,0,0,0,0,0,,1,0,0,0,0,1,0,1,1,0,0,0,0,1,0,1,,,,,,18-20,16-25,County road,R,Sunday,Belt Used,PV,White,0,1,0,0,County Road,County Sheriff,Lewis County Sheriff's Office,1,0,1,0,0,,,,,,0.0,0.0,0.0,,,,,,,,,,,0.0,0.0,0.0,1.0,,,,,20.0,7.0,,,,,,,,,,,,,,,,98568
1609,2019,27,E887107,8.0,01/18/2019,10:10,18,1,,49,Pacific,0,2,0.0,1,2,1,1,0,2,2,,,,12,0,1,62.0,1,0,1,3,1,1,2,0,0,0,0,US-101,,-123.7440111,46.727825,0,1,25,53,3,55,66,2,0,1,5,12,2,2,2,1,14,1,3,53,0,87,881,2000,0,0.0,12,,,,,,1,1,62,1,0.0,,0,0,3,0,11,0,,,,,6.0,1.0,0.0,3.0,1,0,0.0,0.0,0.0,96,,,,,,0,,,,,,97391.0,41,73.0,280.0,6.0,1.0,0.0,0.0,0.0,0.0,,0,,,,,,0,,,20,0,0,0,8.0,9,8,,,0,0.0,0.0,8,0,2.0,1.0,,,1.0,,,2,1,0.0,,,,,,,,,,,,,,,,,,,,,,,,,,,,,,0,0,0,0,0,0,0,0,0,0,0,0,0,0,0,0,0,0,0,0,0,0,0,0,0,0,0,0,0,1,1,0,0,0,0,,0,0,0,0,0,0,0,0,0,0,0,0,0,0,0,0,,,,,,61-65,56-65,US highway,R,Friday,,MHTRUCK,Not Fatal,0,1,1,0,State Route,State Patrol,WASHINGTON STATE PATROL,0,1,0,0,0,,,,,,0.0,0.0,0.0,,,,,,,,,,,98.0,98.0,98.0,0.0,,,,,20.0,7.0,,,,,,,,,,,,,,,,98577
1610,2019,27,E887107,8.0,01/18/2019,10:10,18,1,,49,Pacific,0,2,0.0,1,2,1,1,0,2,2,,,,12,0,1,62.0,1,0,1,3,1,1,2,0,0,0,0,US-101,,-123.7440111,46.727825,0,2,24,51,3,55,6,0,0,1,2,12,2,2,2,1,14,1,1,53,0,35,51,2015,0,0.0,12,,,,,,1,1,64,2,7.0,,4,7,3,0,11,0,01/18/2019,10:10,53003052.0,3052.0,0.0,0.0,3.0,3.0,1,0,0.0,0.0,0.0,96,,,,,,99,,,,,,98550.0,53,64.0,210.0,6.0,1.0,0.0,0.0,0.0,1.0,,0,,,,,,0,06/15/2018,06/15/2018,8,9,0,0,0.0,9,8,,,0,0.0,0.0,8,9,2.0,1.0,,,1.0,,,2,1,0.0,,,,,,,,,,,,,,,,,,,,,,,,,,,,,,0,0,0,0,0,0,0,0,0,0,0,0,0,0,0,0,0,0,0,0,0,0,0,0,0,0,0,0,0,1,1,0,0,0,0,,1,0,0,0,0,0,0,0,0,0,0,0,0,0,0,0,,,,,,61-65,56-65,US highway,R,Friday,Belt Used,PV,White,0,1,1,0,State Route,State Patrol,WASHINGTON STATE PATROL,0,1,0,0,0,,,,,,0.0,0.0,0.0,,,,,,,,,,,98.0,98.0,98.0,1.0,,,,,20.0,7.0,,,,,,,,,,,,,,,,98577