,year,case,par,repjur,crash_dt,crash_tm,accday,accmon,holiday,county,co_char,city,weather,weather2,lightcond,surfcond,surftype,numfatal,nmforms,pforms,vforms,not_tm,arr_tm,hosp_tm,fhevent,hitrun,manncol,milepnt,reljunc,reljuncinter,intersectiontype,funcsystem,landuse,ownership,route,schlbus,spejur,contdev,devfunc,trafid1,trafid2,x,y,wk_zone,vnumber,crashtype,criticalevent,criticaleventcat,spdlim,body,trailer,emerg,hazcargo,leave,mhevent,roadalgn,roadprof,traflane,trafflow,vehmanvr,numoccs,regowner,regstate,spuse,make,model,modelyr,vrf1,vrf2,seqevent1,seqevent2,seqevent3,seqevent4,seqevent5,seqevent6,pnumber,ptype,age,sex,hispanic,race,injury,diedscene,restraint,restraintmisuse,seatpos,takehosp,death_dt,death_tm,cert,cernum_wa,commlic,licendor,licrestrict,liccomp,drivpres,drf1,drf2,drf3,drf4,distract1,distract2,distract3,distract4,distract5,distract6,dricond1,dricond2,dricond3,dricond4,dricond5,dricond6,dzip,licstate,drhgt_in,weight,noncdl,noncdltype,prevdwi,prevoth,prevacc,prevspd,prevsus,driviol1,driviol2,driviol3,driviol4,driviol5,driviol6,spdrel,first_dt,last_dt,airbag,ejection,ejectpath,extricat,injurwrk,methalc,methdrug,nmlocat,strikveh,prf1,prf2,prf3,druginv,alcinvol,drugsts,drugres1,drugres2,drugres3,drugtst1,drugtst2,drugtst3,alcsts,alctst,alcres,nmact1,nmact2,nmact3,nmact4,nmact5,nmact6,nmprior1,nmprior2,nmprior3,nmprior4,nmprior5,nmprior6,nmcond1,nmcond2,nmcond3,nmcond4,nmcond5,nmcond6,nmsafe_helmet,nmsafe_pads,nmsafe_oth,nmprev_ref,nmprev_lgt,nmprev_oth,crashlocation,nmcrashtype,crosswalk,schoolzone,sidewalk,train_inv,wildlife_inv,rotr_fars,intersect_fars,dd_inv,aid_inv,dpd_inv,id_inv,mj_inv,impnm_inv,ainm_inv,dpnm_inv,speed_inv,unlic_inv,unendmc_inv,drowsy_inv,drdist_inv,nmdist_inv,fty_inv,unrestfat_inv,dr1617_inv,dr1820_inv,dr1620_inv,dr2125_inv,dr1625_inv,dr65_inv,dr70_inv,dr75_inv,mc_inv,pv_inv,ht_inv,ped_inv,bike_inv,unrest_fat,mc_fat,unhelmet_mc,pv_fat,ht_fat,ped_fat,bike_fat,dr_alc7,dr_alc8,dr_drug,dr_imp,dr_dist,dr_spd,dr_fty,dr_unlic,dr_alc7only,dr_alc8only,dr_drugonly,dr_drink,nm_imp,nm_alc7,nm_alc8,nm_drug,nm_dist,agegrp1,agegrp2,roadclass,urbrur,dayweek,restuse,vehtype,race_me,intersect,lanedep,oppdir,wrongway,rep_typ,investag,repag_long,rotr,st_rd,cty_rd,city_rd,oth_rd,drug_thc,thc_res,drug_cthc,cthc_res,drug_cann,prevpersemin,prevperse,prevsusoth,drugtst4,drugtst5,drugtst6,drugtst7,drugtst8,drugres4,drugres5,drugres6,drugres7,drugres8,adspresent,adsengaged,adslevel,race1,race2,race3,race4,race5,helmet,helmetmisuse,nmdistract1,nmdistract2,nmdistract3,nmdistract4,nmdistract5,nmdistract6,lab,isedtcase,crf1,crf2,crf3,CoRoadName,CoMP,IntCoRoadName,IntCoMP,zipcode
1611,2019,28,E887454,4.0,01/25/2019,10:51,25,1,,75,Whitman,0,10,0.0,1,1,2,1,0,1,1,,,,1,0,0,4.4,1,0,1,5,1,1,3,0,0,0,0,SR-271,,-117.2943889,47.182122222,0,1,6,13,2,55,34,0,0,1,7,1,3,8,2,1,14,1,1,40,0,12,471,1998,0,0.0,63,69.0,68.0,64.0,1.0,,1,1,57,2,7.0,,4,0,20,7,11,8,01/25/2019,12:15,211053004423.0,4423.0,0.0,0.0,0.0,2.0,1,58,0.0,0.0,0.0,6,,,,,,0,,,,,,73128.0,40,64.0,150.0,1.0,1.0,0.0,2.0,1.0,0.0,,0,,,,,,0,04/15/2014,02/15/2015,20,1,9,0,0.0,9,8,,,0,0.0,0.0,8,0,8.0,95.0,,,96.0,,,8,95,995.0,,,,,,,,,,,,,,,,,,,,,,,,,,,,,,0,0,1,0,0,0,0,0,0,0,0,0,0,1,0,0,1,0,0,1,0,0,0,0,0,0,0,0,0,1,0,0,0,1,0,,1,0,0,0,0,0,0,0,1,0,0,1,0,0,0,0,,,,,,56-60,56-65,State route,R,Friday,Not Used,PV,White,0,1,0,0,State Route,State Patrol,Washington State Patrol,1,1,0,0,0,,,,,,0.0,0.0,0.0,,,,,,,,,,,0.0,0.0,0.0,1.0,,,,,20.0,7.0,,,,,,,,,,,,,,,,
1612,2019,29,E887804,122.0,01/27/2019,9:14,27,1,,61,Snohomish,690,5,0.0,1,2,2,2,0,4,1,,,,40,0,0,0.0,1,0,1,7,2,4,6,0,0,0,0,112TH ST SW,,-122.2506333,47.896430556,0,1,7,6,1,30,4,0,0,1,7,40,1,1,5,5,1,4,2,53,0,54,35,2000,0,0.0,67,68.0,64.0,40.0,42.0,30.0,1,1,27,1,0.0,,3,0,3,0,11,8,,,,,0.0,0.0,3.0,2.0,1,0,0.0,0.0,0.0,96,,,,,,9,,,,,,98208.0,53,69.0,200.0,1.0,1.0,1.0,1.0,1.0,3.0,,97,,,,,,4,04/15/2015,01/15/2018,1,1,9,0,8.0,9,8,,,0,0.0,0.0,8,1,2.0,1.0,,,1.0,,,2,1,0.064,,,,,,,,,,,,,,,,,,,,,,,,,,,,,,0,0,0,0,1,0,0,0,0,0,0,0,1,1,0,0,0,0,0,0,0,0,0,0,0,0,0,0,0,1,0,0,0,0,0,,0,0,0,0,1,0,0,0,0,1,0,1,1,0,0,1,,,,,,26-30,26-35,City street,U,Sunday,Belt Used,PV,Not Fatal,0,1,0,0,City Street,Municipal/City Police,Everett Police Department,1,0,0,1,0,,,,,,0.0,1.0,5.0,,,,,,,,,,,98.0,98.0,98.0,0.0,,,,,20.0,7.0,,,,,,,,,,,,,,,,98204
1613,2019,30,E887858,4.0,01/25/2019,15:05,25,1,,63,Spokane,0,5,0.0,1,1,2,1,0,2,2,,,,12,0,2,71.7,1,0,1,3,1,1,2,0,0,0,0,US-195,,-117.3806139,47.351566667,0,1,50,10,2,98,4,0,0,1,2,12,1,1,2,1,1,1,1,53,0,35,39,2012,0,0.0,68,12.0,,,,,1,1,67,1,7.0,,4,7,3,0,11,0,01/25/2019,15:05,53004837.0,4837.0,0.0,0.0,0.0,3.0,1,28,0.0,0.0,0.0,96,,,,,,99,,,,,,99224.0,53,70.0,170.0,6.0,1.0,0.0,2.0,1.0,0.0,,0,,,,,,0,03/15/2016,05/15/2016,8,0,0,0,0.0,1,8,,,0,0.0,0.0,8,1,2.0,1.0,,,1.0,,,2,1,0.0,,,,,,,,,,,,,,,,,,,,,,,,,,,,,,0,0,0,0,1,0,0,0,0,0,0,0,0,0,0,0,0,0,0,0,0,0,0,0,0,1,1,1,0,1,1,0,0,0,0,,1,0,0,0,0,0,0,0,0,0,0,0,0,0,0,1,,,,,,66-70,66-75,US highway,R,Friday,Belt Used,PV,White,0,1,1,0,State Route,State Patrol,Washington State Patrol,0,1,0,0,0,,,,,,0.0,0.0,0.0,,,,,,,,,,,98.0,98.0,98.0,1.0,,,,,20.0,7.0,,,,,,,,,,,,,,,,99031
1614,2019,30,E887858,4.0,01/25/2019,15:05,25,1,,63,Spokane,0,5,0.0,1,1,2,1,0,2,2,,,,12,0,2,71.7,1,0,1,3,1,1,2,0,0,0,0,US-195,,-117.3806139,47.351566667,0,2,51,62,4,60,66,2,0,1,2,12,1,1,2,1,1,1,3,16,0,85,881,1999,0,0.0,12,,,,,,1,1,81,1,0.0,,0,0,3,0,11,0,,,,,6.0,1.0,3.0,3.0,1,0,0.0,0.0,0.0,96,,,,,,0,,,,,,99005.0,53,68.0,200.0,6.0,1.0,0.0,1.0,4.0,0.0,,0,,,,,,0,01/15/2014,09/15/2017,20,0,0,0,8.0,9,2,,,0,0.0,0.0,0,0,8.0,95.0,,,96.0,,,8,95,995.0,,,,,,,,,,,,,,,,,,,,,,,,,,,,,,0,0,0,0,1,0,0,0,0,0,0,0,0,0,0,0,0,0,0,0,0,0,0,0,0,1,1,1,0,1,1,0,0,0,0,,0,0,0,0,0,0,0,0,0,0,0,0,0,0,0,0,,,,,,81+,76+,US highway,R,Friday,,MHTRUCK,Not Fatal,0,1,1,0,State Route,State Patrol,Washington State Patrol,0,1,0,0,0,,,,,,0.0,0.0,0.0,,,,,,,,,,,0.0,0.0,0.0,0.0,,,,,20.0,7.0,,,,,,,,,,,,,,,,99031
1615,2019,31,E888005,35.0,01/29/2019,17:45,29,1,,53,Pierce,0,1,0.0,2,1,2,1,0,5,3,,,,12,0,1,1.4,1,0,1,5,2,2,4,0,0,0,0,CR-SUMNER TAPPS HWY E,,-122.2131667,47.217655556,0,1,24,51,3,45,34,0,0,1,7,12,2,3,2,1,14,1,1,53,0,12,471,2009,0,0.0,12,,,,,,1,1,61,1,0.0,,0,0,3,0,11,0,,,,,6.0,0.0,3.0,3.0,1,0,0.0,0.0,0.0,96,,,,,,9,,,,,,98391.0,53,71.0,220.0,6.0,1.0,0.0,5.0,1.0,0.0,,97,,,,,,0,04/15/2014,06/15/2017,1,0,0,0,8.0,1,8,,,0,0.0,0.0,8,1,2.0,1.0,,,1.0,,,2,1,0.16,,,,,,,,,,,,,,,,,,,,,,,,,,,,,,0,0,0,0,1,1,0,1,0,0,0,0,0,0,0,0,0,0,0,1,1,0,1,0,1,0,0,0,0,1,0,0,0,0,0,,0,0,0,0,0,1,0,1,0,0,0,0,0,1,0,1,,,,,,61-65,56-65,County road,U,Tuesday,Belt Used,PV,Not Fatal,1,0,0,0,County Road,County Sheriff,Law Enforcement Support Agency,0,0,1,0,0,,,,,,0.0,0.0,0.0,,,,,,,,,,,98.0,98.0,98.0,0.0,,,,,20.0,7.0,,,,,,,,,,,,,,,,98391
1616,2019,31,E888005,35.0,01/29/2019,17:45,29,1,,53,Pierce,0,1,0.0,2,1,2,1,0,5,3,,,,12,0,1,1.4,1,0,1,5,2,2,4,0,0,0,0,CR-SUMNER TAPPS HWY E,,-122.2131667,47.217655556,0,2,25,53,3,45,3,0,0,1,7,12,2,3,2,1,14,2,1,53,0,20,34,1989,0,0.0,12,12.0,,,,,1,1,61,1,0.0,,3,0,3,0,11,5,,,,,6.0,0.0,0.0,3.0,1,0,0.0,0.0,0.0,96,,,,,,0,,,,,,98391.0,53,72.0,240.0,6.0,1.0,0.0,0.0,0.0,0.0,,0,,,,,,0,,,1,0,0,0,8.0,9,8,,,0,0.0,0.0,8,0,8.0,95.0,,,96.0,,,8,95,995.0,,,,,,,,,,,,,,,,,,,,,,,,,,,,,,0,0,0,0,1,1,0,1,0,0,0,0,0,0,0,0,0,0,0,1,1,0,1,0,1,0,0,0,0,1,0,0,0,0,0,,0,0,0,0,0,0,0,0,0,0,0,0,0,0,0,0,,,,,,61-65,56-65,County road,U,Tuesday,Belt Used,PV,Not Fatal,1,0,0,0,County Road,County Sheriff,Law Enforcement Support Agency,0,0,1,0,0,,,,,,0.0,0.0,0.0,,,,,,,,,,,0.0,0.0,0.0,0.0,,,,,20.0,7.0,,,,,,,,,,,,,,,,98391
1617,2019,31,E888005,35.0,01/29/2019,17:45,29,1,,53,Pierce,0,1,0.0,2,1,2,1,0,5,3,,,,12,0,1,1.4,1,0,1,5,2,2,4,0,0,0,0,CR-SUMNER TAPPS HWY E,,-122.2131667,47.217655556,0,3,98,62,4,45,3,0,0,1,7,12,3,3,2,1,14,2,2,53,0,49,33,1992,0,0.0,12,,,,,,1,1,17,2,0.0,,1,0,3,0,11,8,,,,,0.0,0.0,0.0,3.0,1,0,0.0,0.0,0.0,96,,,,,,0,,,,,,98391.0,53,64.0,130.0,6.0,2.0,0.0,0.0,0.0,0.0,,0,,,,,,0,,,1,0,0,0,8.0,9,8,,,0,0.0,0.0,8,0,8.0,95.0,,,96.0,,,8,95,995.0,,,,,,,,,,,,,,,,,,,,,,,,,,,,,,0,0,0,0,1,1,0,1,0,0,0,0,0,0,0,0,0,0,0,1,1,0,1,0,1,0,0,0,0,1,0,0,0,0,0,,0,0,0,0,0,0,0,0,0,0,0,0,0,0,0,0,,,,,,16-17,16-25,County road,U,Tuesday,Belt Used,PV,Not Fatal,1,0,0,0,County Road,County Sheriff,Law Enforcement Support Agency,0,0,1,0,0,,,,,,0.0,0.0,0.0,,,,,,,,,,,0.0,0.0,0.0,0.0,,,,,20.0,7.0,,,,,,,,,,,,,,,,98391
1618,2019,32,E888548,7.0,01/25/2019,20:23,25,1,,7,Chelan,0,1,0.0,2,1,2,1,0,2,2,,,,12,0,1,80.7,1,0,1,3,1,1,2,0,0,0,0,US-2,,-120.8172306,47.774405556,0,1,24,51,3,60,6,0,0,1,7,1,1,1,2,1,1,1,1,53,0,48,34,1998,0,0.0,12,1.0,,,,,1,1,47,1,7.0,,4,0,20,7,11,4,01/25/2019,23:12,249053004519.0,4519.0,0.0,0.0,0.0,3.0,1,0,0.0,0.0,0.0,96,,,,,,9,,,,,,98279.0,53,69.0,165.0,6.0,1.0,0.0,0.0,1.0,0.0,,0,,,,,,0,08/15/2016,08/15/2016,1,0,0,0,0.0,1,8,,,0,0.0,0.0,8,1,8.0,95.0,,,96.0,,,2,1,0.09,,,,,,,,,,,,,,,,,,,,,,,,,,,,,,0,0,0,0,1,1,0,1,0,0,0,0,0,0,0,0,0,0,0,1,0,0,0,0,0,0,0,0,0,1,0,0,0,1,0,,1,0,0,0,0,1,0,1,0,0,0,0,0,1,0,1,,,,,,46-50,46-55,US highway,R,Friday,Not Used,PV,White,0,0,0,0,State Route,State Patrol,Washington State Patrol,0,1,0,0,0,,,,,,0.0,0.0,0.0,,,,,,,,,,,0.0,0.0,0.0,1.0,,,,,20.0,7.0,,,,,,,,,,,,,,,,
1619,2019,32,E888548,7.0,01/25/2019,20:23,25,1,,7,Chelan,0,1,0.0,2,1,2,1,0,2,2,,,,12,0,1,80.7,1,0,1,3,1,1,2,0,0,0,0,US-2,,-120.8172306,47.774405556,0,2,25,53,3,60,99,0,0,1,5,12,1,1,2,1,1,1,3,53,0,55,999,2001,0,0.0,12,,,,,,1,1,40,1,0.0,,0,0,2,0,11,0,,,,,6.0,0.0,0.0,3.0,1,0,0.0,0.0,0.0,96,,,,,,0,,,,,,98801.0,53,70.0,160.0,6.0,1.0,0.0,0.0,0.0,0.0,,0,,,,,,0,,,20,0,0,0,8.0,5,2,,,0,0.0,0.0,0,0,0.0,0.0,,,0.0,,,0,0,996.0,,,,,,,,,,,,,,,,,,,,,,,,,,,,,,0,0,0,0,1,1,0,1,0,0,0,0,0,0,0,0,0,0,0,1,0,0,0,0,0,0,0,0,0,1,0,0,0,0,0,,0,0,0,0,0,0,0,0,0,0,0,0,0,0,0,0,,,,,,36-40,36-45,US highway,R,Friday,,NR-U,Not Fatal,0,0,0,0,State Route,State Patrol,Washington State Patrol,0,1,0,0,0,,,,,,0.0,0.0,0.0,,,,,,,,,,,98.0,98.0,98.0,0.0,,,,,20.0,7.0,,,,,,,,,,,,,,,,
1620,2019,33,E889102,4.0,02/01/2019,20:10,1,2,,51,Pend Oreille,0,2,0.0,2,2,2,1,0,3,3,,,,12,0,2,321.2,1,0,1,3,1,1,2,0,0,0,0,US-2,,-117.1279833,48.147933333,0,1,50,10,2,98,5,0,0,1,2,12,1,2,2,1,6,1,2,53,0,48,38,2004,0,0.0,12,,,,,,1,1,38,1,7.0,,4,7,20,7,11,0,02/01/2019,20:10,53005709.0,5709.0,0.0,0.0,0.0,3.0,1,28,33.0,0.0,0.0,96,,,,,,9,,,,,,99037.0,53,70.0,225.0,6.0,1.0,0.0,1.0,0.0,1.0,,0,,,,,,4,05/15/2018,09/15/2018,1,2,9,0,0.0,1,8,,,0,0.0,0.0,8,1,2.0,1.0,,,1.0,,,2,1,0.27,,,,,,,,,,,,,,,,,,,,,,,,,,,,,,0,0,0,0,1,1,0,1,0,0,0,0,1,0,0,0,0,0,0,1,0,0,0,0,0,0,0,0,0,1,1,0,0,1,0,,1,0,0,0,0,1,0,1,0,1,0,0,0,1,0,1,,,,,,36-40,36-45,US highway,R,Friday,Not Used,PV,White,0,1,1,0,State Route,State Patrol,Washington State Patrol,0,1,0,0,0,,,,,,0.0,0.0,0.0,,,,,,,,,,,98.0,98.0,98.0,1.0,,,,,20.0,7.0,,,,,,,,,,,,,,,,99156
1621,2019,33,E889102,4.0,02/01/2019,20:10,1,2,,51,Pend Oreille,0,2,0.0,2,2,2,1,0,3,3,,,,12,0,2,321.2,1,0,1,3,1,1,2,0,0,0,0,US-2,,-117.1279833,48.147933333,0,2,51,62,4,60,6,0,0,1,2,12,1,2,2,1,1,1,2,53,0,24,10,2007,0,0.0,12,12.0,,,,,1,1,44,2,0.0,,3,0,3,0,11,8,,,,,0.0,0.0,0.0,3.0,1,0,0.0,0.0,0.0,96,,,,,,0,,,,,,99156.0,53,68.0,270.0,6.0,1.0,0.0,1.0,1.0,0.0,,0,,,,,,0,12/15/2018,12/15/2018,8,0,0,0,8.0,9,8,,,0,0.0,0.0,8,0,8.0,95.0,,,96.0,,,8,95,995.0,,,,,,,,,,,,,,,,,,,,,,,,,,,,,,0,0,0,0,1,1,0,1,0,0,0,0,1,0,0,0,0,0,0,1,0,0,0,0,0,0,0,0,0,1,1,0,0,0,0,,0,0,0,0,0,0,0,0,0,0,0,0,0,0,0,0,,,,,,41-45,36-45,US highway,R,Friday,Belt Used,PV,Not Fatal,0,1,1,0,State Route,State Patrol,Washington State Patrol,0,1,0,0,0,,,,,,0.0,0.0,1.0,,,,,,,,,,,98.0,98.0,98.0,0.0,,,,,20.0,7.0,,,,,,,,,,,,,,,,99156
1622,2019,33,E889102,4.0,02/01/2019,20:10,1,2,,51,Pend Oreille,0,2,0.0,2,2,2,1,0,3,3,,,,12,0,2,321.2,1,0,1,3,1,1,2,0,0,0,0,US-2,,-117.1279833,48.147933333,0,3,98,98,7,60,66,1,0,1,5,12,1,2,2,1,1,1,3,53,0,85,881,2018,0,0.0,12,,,,,,1,1,36,1,0.0,,0,0,3,0,11,0,,,,,6.0,1.0,0.0,3.0,1,0,0.0,0.0,0.0,0,,,,,,0,,,,,,99206.0,53,74.0,260.0,6.0,1.0,0.0,0.0,0.0,0.0,,0,,,,,,0,,,20,0,0,0,8.0,9,8,,,0,0.0,0.0,8,0,8.0,95.0,,,96.0,,,8,95,995.0,,,,,,,,,,,,,,,,,,,,,,,,,,,,,,0,0,0,0,1,1,0,1,0,0,0,0,1,0,0,0,0,0,0,1,0,0,0,0,0,0,0,0,0,1,1,0,0,0,0,,0,0,0,0,0,0,0,0,0,0,0,0,0,0,0,0,,,,,,36-40,36-45,US highway,R,Friday,,MHTRUCK,Not Fatal,0,1,1,0,State Route,State Patrol,Washington State Patrol,0,1,0,0,0,,,,,,0.0,0.0,0.0,,,,,,,,,,,98.0,98.0,98.0,0.0,,,,,20.0,7.0,,,,,,,,,,,,,,,,99156
1623,2019,34,E890097,290.0,02/05/2019,18:20,5,2,,53,Pierce,2230,1,0.0,3,1,2,1,1,1,1,,,,8,1,0,0.0,3,0,2,4,2,4,6,0,3,3,3,E 27TH ST,PORTLAND AVE,-122.4106139,47.239627778,0,1,13,80,5,30,66,1,0,1,5,8,1,1,3,4,10,99,9,99,0,99,884,9999,0,0.0,8,,,,,,1,1,999,8,0.0,,9,0,99,7,11,8,,,,,99.0,9.0,9.0,9.0,1,0,0.0,0.0,0.0,93,,,,,,99,,,,,,99999.0,99,,999.0,9.0,9.0,99.0,99.0,99.0,99.0,,97,,,,,,0,,,99,9,0,0,8.0,9,8,,,0,0.0,0.0,8,9,0.0,0.0,,,0.0,,,0,0,996.0,,,,,,,,,,,,,,,,,,,,,,,,,,,,,,0,0,0,1,0,0,0,0,0,1,0,1,0,0,0,0,1,0,0,0,0,0,0,0,0,0,0,0,0,0,1,1,0,0,0,,0,0,0,0,0,0,0,0,1,0,0,0,0,0,0,0,,,,,,,,City street,U,Tuesday,,MHTRUCK,Not Fatal,1,0,0,0,State Route,Municipal/City Police,Tacoma Police Department,0,1,0,0,0,,,,,,99.0,99.0,99.0,,,,,,,,,,,98.0,98.0,98.0,0.0,,,,,20.0,7.0,,,,,,,,,,,,,,,,98421
1624,2019,35,E890289,6.0,01/16/2019,20:50,16,1,,1,Adams,1630,1,0.0,2,1,2,1,0,2,2,,,,12,0,6,40.1,3,0,2,3,2,1,3,0,0,0,0,SR-26,MOON ROAD,-119.1871139,46.811458333,0,1,80,10,2,50,66,2,0,1,5,12,1,1,2,1,10,1,3,53,0,85,881,1994,0,0.0,68,12.0,,,,,1,1,54,1,0.0,,0,0,3,0,11,0,,,,,1.0,0.0,0.0,2.0,1,48,0.0,0.0,0.0,96,,,,,,0,,,,,,99349.0,53,72.0,216.0,1.0,1.0,0.0,1.0,0.0,2.0,,69,,,,,,0,02/15/2018,06/15/2018,20,0,0,0,8.0,9,8,,,0,0.0,0.0,8,0,8.0,95.0,,,96.0,,,8,95,995.0,,,,,,,,,,,,,,,,,,,,,,,,,,,,,,0,0,0,1,0,0,1,1,0,0,0,0,0,1,0,0,0,0,0,1,0,0,0,1,1,0,0,0,0,1,1,0,0,0,0,,0,0,0,0,0,0,0,0,0,0,0,1,0,0,0,0,,,,,,51-55,46-55,State route,U,Wednesday,,MHTRUCK,Not Fatal,1,0,0,0,State Route,State Patrol,Washington State Patrol Headquarter,0,1,0,0,0,,,,,,0.0,0.0,1.0,,,,,,,,,,,0.0,0.0,0.0,0.0,,,,,20.0,7.0,,,,,,,,,,,,,,,,99344
1625,2019,35,E890289,6.0,01/16/2019,20:50,16,1,,1,Adams,1630,1,0.0,2,1,2,1,0,2,2,,,,12,0,6,40.1,3,0,2,3,2,1,3,0,0,0,0,SR-26,MOON ROAD,-119.1871139,46.811458333,0,2,81,62,4,50,4,0,0,1,7,1,1,1,2,1,1,1,2,53,0,49,40,2015,0,0.0,12,63.0,24.0,17.0,53.0,1.0,1,1,21,1,1.0,,4,0,20,7,11,4,01/17/2019,23:05,211053003042.0,3042.0,0.0,0.0,3.0,3.0,1,0,0.0,0.0,0.0,96,,,,,,0,,,,,,99344.0,53,65.0,160.0,6.0,1.0,0.0,2.0,0.0,1.0,,0,,,,,,0,10/15/2016,10/15/2017,8,1,9,0,0.0,9,8,,,0,0.0,0.0,8,0,2.0,300.0,348.0,,1.0,1.0,,2,1,0.0,,,,,,,,,,,,,,,,,,,,,,,,,,,,,,0,0,0,1,0,0,1,1,0,0,0,0,0,1,0,0,0,0,0,1,0,0,0,1,1,0,0,0,0,1,1,0,0,1,0,,1,0,0,0,0,0,1,1,0,0,0,0,0,0,1,0,,,,,,21-25,16-25,State route,U,Wednesday,Not Used,PV,Hispanic,1,0,0,0,State Route,State Patrol,Washington State Patrol Headquarter,0,1,0,0,0,,,,,,0.0,0.0,2.0,,,,,,,,,,,98.0,98.0,98.0,1.0,,,,,20.0,7.0,,,,,,,,,,,,,,,,99344
1626,2019,36,E890328,31.0,02/02/2019,16:51,2,2,,45,Mason,0,1,0.0,1,1,2,1,0,5,2,,,,12,0,7,1.8,3,0,3,5,1,2,4,0,0,0,0,CR-E PICKERING RD,STRONG RD,-122.9384,47.268936111,0,1,46,11,2,40,67,0,0,1,7,12,3,2,2,1,6,3,1,53,0,20,880,2010,0,0.0,12,,,,,,1,1,43,1,7.0,,4,7,20,7,11,0,02/02/2019,16:51,53006649.0,6649.0,0.0,0.0,0.0,2.0,1,33,58.0,0.0,0.0,96,,,,,,99,,,,,,98584.0,53,69.0,185.0,1.0,1.0,0.0,1.0,0.0,0.0,,0,,,,,,4,04/15/2014,04/15/2014,20,1,9,0,0.0,9,8,,,0,0.0,0.0,8,9,2.0,1.0,,,1.0,,,2,1,0.0,,,,,,,,,,,,,,,,,,,,,,,,,,,,,,0,0,0,1,0,0,0,0,0,0,0,0,1,1,0,0,0,0,1,0,0,0,0,0,0,0,0,0,0,1,1,0,0,0,0,,0,1,0,0,0,0,0,0,0,1,0,1,0,0,0,0,,,,,,41-45,36-45,County road,R,Saturday,,MHTRUCK,White,1,0,0,0,County Road,County Sheriff,Mason County Sheriff's Office,0,0,1,0,0,,,,,,0.0,0.0,1.0,,,,,,,,,,,98.0,98.0,98.0,1.0,,,,,20.0,7.0,,,,,,,,,,,,,,,,98584
1627,2019,36,E890328,31.0,02/02/2019,16:51,2,2,,45,Mason,0,1,0.0,1,1,2,1,0,5,2,,,,12,0,7,1.8,3,0,3,5,1,2,4,0,0,0,0,CR-E PICKERING RD,STRONG RD,-122.9384,47.268936111,0,2,45,60,4,40,34,0,0,1,7,1,3,2,2,1,14,2,1,53,0,12,481,2015,0,0.0,12,63.0,35.0,1.0,,,1,1,43,1,0.0,,1,0,3,0,11,4,,,,,0.0,0.0,0.0,3.0,1,38,0.0,0.0,0.0,96,,,,,,0,,,,,,98370.0,53,73.0,250.0,6.0,1.0,0.0,0.0,1.0,0.0,,0,,,,,,0,06/15/2016,06/15/2016,8,0,0,0,8.0,9,8,,,0,0.0,0.0,8,9,8.0,95.0,,,96.0,,,8,95,995.0,,,,,,,,,,,,,,,,,,,,,,,,,,,,,,0,0,0,1,0,0,0,0,0,0,0,0,1,1,0,0,0,0,1,0,0,0,0,0,0,0,0,0,0,1,1,0,0,0,0,,0,0,0,0,0,0,0,0,0,0,1,0,0,0,0,0,,,,,,41-45,36-45,County road,R,Saturday,Belt Used,PV,Not Fatal,1,0,0,0,County Road,County Sheriff,Mason County Sheriff's Office,0,0,1,0,0,,,,,,0.0,0.0,0.0,,,,,,,,,,,98.0,98.0,98.0,0.0,,,,,20.0,7.0,,,,,,,,,,,,,,,,98584
1628,2019,37,E890893,75.0,02/06/2019,0:13,6,2,,11,Clark,240,10,0.0,3,1,1,1,0,2,1,,,,42,0,0,0.0,1,0,1,7,2,4,6,0,0,0,0,NE 3RD AVE,,-122.397525,45.588391667,0,1,1,13,2,25,4,0,0,1,7,42,3,1,4,2,14,2,2,53,0,22,22,2008,0,0.0,63,42.0,30.0,1.0,,,1,1,29,1,0.0,,1,0,3,0,11,8,,,,,0.0,0.0,0.0,0.0,1,91,0.0,0.0,0.0,96,,,,,,99,,,,,,96792.0,15,64.0,180.0,0.0,0.0,0.0,3.0,0.0,1.0,,1,,,,,,4,07/15/2015,02/15/2019,1,0,0,0,8.0,9,8,,,0,0.0,0.0,8,9,2.0,1.0,,,1.0,,,2,1,0.26,,,,,,,,,,,,,,,,,,,,,,,,,,,,,,0,0,1,0,1,1,0,1,0,0,0,0,1,1,0,0,0,0,0,0,0,0,0,0,0,0,0,0,0,1,0,0,0,0,0,,0,0,0,0,0,1,0,1,0,1,0,1,0,1,0,1,,,,,,26-30,26-35,City street,U,Wednesday,Belt Used,PV,Not Fatal,0,1,0,0,City Street,Municipal/City Police,Camas Police Department,1,0,0,1,0,,,,,,0.0,0.0,2.0,,,,,,,,,,,98.0,98.0,98.0,0.0,,,,,20.0,7.0,,,,,,,,,,,,,,,,98607