,year,case,par,repjur,crash_dt,crash_tm,accday,accmon,holiday,county,co_char,city,weather,weather2,lightcond,surfcond,surftype,numfatal,nmforms,pforms,vforms,not_tm,arr_tm,hosp_tm,fhevent,hitrun,manncol,milepnt,reljunc,reljuncinter,intersectiontype,funcsystem,landuse,ownership,route,schlbus,spejur,contdev,devfunc,trafid1,trafid2,x,y,wk_zone,vnumber,crashtype,criticalevent,criticaleventcat,spdlim,body,trailer,emerg,hazcargo,leave,mhevent,roadalgn,roadprof,traflane,trafflow,vehmanvr,numoccs,regowner,regstate,spuse,make,model,modelyr,vrf1,vrf2,seqevent1,seqevent2,seqevent3,seqevent4,seqevent5,seqevent6,pnumber,ptype,age,sex,hispanic,race,injury,diedscene,restraint,restraintmisuse,seatpos,takehosp,death_dt,death_tm,cert,cernum_wa,commlic,licendor,licrestrict,liccomp,drivpres,drf1,drf2,drf3,drf4,distract1,distract2,distract3,distract4,distract5,distract6,dricond1,dricond2,dricond3,dricond4,dricond5,dricond6,dzip,licstate,drhgt_in,weight,noncdl,noncdltype,prevdwi,prevoth,prevacc,prevspd,prevsus,driviol1,driviol2,driviol3,driviol4,driviol5,driviol6,spdrel,first_dt,last_dt,airbag,ejection,ejectpath,extricat,injurwrk,methalc,methdrug,nmlocat,strikveh,prf1,prf2,prf3,druginv,alcinvol,drugsts,drugres1,drugres2,drugres3,drugtst1,drugtst2,drugtst3,alcsts,alctst,alcres,nmact1,nmact2,nmact3,nmact4,nmact5,nmact6,nmprior1,nmprior2,nmprior3,nmprior4,nmprior5,nmprior6,nmcond1,nmcond2,nmcond3,nmcond4,nmcond5,nmcond6,nmsafe_helmet,nmsafe_pads,nmsafe_oth,nmprev_ref,nmprev_lgt,nmprev_oth,crashlocation,nmcrashtype,crosswalk,schoolzone,sidewalk,train_inv,wildlife_inv,rotr_fars,intersect_fars,dd_inv,aid_inv,dpd_inv,id_inv,mj_inv,impnm_inv,ainm_inv,dpnm_inv,speed_inv,unlic_inv,unendmc_inv,drowsy_inv,drdist_inv,nmdist_inv,fty_inv,unrestfat_inv,dr1617_inv,dr1820_inv,dr1620_inv,dr2125_inv,dr1625_inv,dr65_inv,dr70_inv,dr75_inv,mc_inv,pv_inv,ht_inv,ped_inv,bike_inv,unrest_fat,mc_fat,unhelmet_mc,pv_fat,ht_fat,ped_fat,bike_fat,dr_alc7,dr_alc8,dr_drug,dr_imp,dr_dist,dr_spd,dr_fty,dr_unlic,dr_alc7only,dr_alc8only,dr_drugonly,dr_drink,nm_imp,nm_alc7,nm_alc8,nm_drug,nm_dist,agegrp1,agegrp2,roadclass,urbrur,dayweek,restuse,vehtype,race_me,intersect,lanedep,oppdir,wrongway,rep_typ,investag,repag_long,rotr,st_rd,cty_rd,city_rd,oth_rd,drug_thc,thc_res,drug_cthc,cthc_res,drug_cann,prevpersemin,prevperse,prevsusoth,drugtst4,drugtst5,drugtst6,drugtst7,drugtst8,drugres4,drugres5,drugres6,drugres7,drugres8,adspresent,adsengaged,adslevel,race1,race2,race3,race4,race5,helmet,helmetmisuse,nmdistract1,nmdistract2,nmdistract3,nmdistract4,nmdistract5,nmdistract6,lab,isedtcase,crf1,crf2,crf3,CoRoadName,CoMP,IntCoRoadName,IntCoMP,zipcode
1629,2019,38,E891885,1.0,02/04/2019,16:48,4,2,,21,Franklin,0,4,0.0,2,10,1,1,0,5,1,,,,1,0,0,40.8,1,0,1,3,1,1,2,0,0,0,0,US-395,,-119.0508028,46.408027778,0,1,2,6,1,70,34,0,0,1,2,1,1,2,2,3,1,5,2,53,0,49,482,2004,0,0.0,63,1.0,,,,,1,1,31,2,0.0,,0,0,3,0,11,0,,,,,0.0,0.0,3.0,3.0,1,87,0.0,0.0,0.0,96,,,,,,0,,,,,,83627.0,16,63.0,150.0,6.0,1.0,0.0,0.0,0.0,1.0,,0,,,,,,4,08/15/2015,08/15/2015,20,0,0,0,8.0,9,8,,,0,0.0,0.0,8,0,2.0,1.0,,,1.0,,,2,1,0.0,,,,,,,,,,,,,,,,,,,,,,,,,,,,,,0,0,0,0,0,0,0,0,0,0,0,0,1,0,0,0,0,0,0,1,0,0,0,0,0,0,0,0,0,1,0,0,0,0,0,,0,0,0,0,0,0,0,0,0,1,0,0,0,0,0,0,,,,,,31-35,26-35,US highway,R,Monday,Belt Used,PV,Not Fatal,0,1,0,0,State Route,State Patrol,Washington State Patrol,1,1,0,0,0,,,,,,0.0,0.0,0.0,,,,,,,,,,,98.0,98.0,98.0,0.0,,,,,20.0,7.0,,,,,,,,,,,,,,,,
1630,2019,39,E891889,1.0,02/02/2019,20:30,2,2,,21,Franklin,1660,2,0.0,3,2,1,2,0,11,7,,,,12,1,1,8.8,1,0,1,1,2,1,1,0,0,0,0,I-182,,-119.1919778,46.268447222,0,1,24,51,3,70,4,0,0,1,2,12,1,2,3,2,1,1,2,53,0,6,43,2004,0,0.0,12,,,,,,1,1,22,1,0.0,,0,0,3,0,11,0,,,,,0.0,0.0,3.0,2.0,1,0,0.0,0.0,0.0,96,,,,,,99,,,,,,99301.0,53,66.0,175.0,1.0,1.0,1.0,5.0,1.0,0.0,,7,,,,,,0,03/15/2015,09/15/2018,1,0,0,0,8.0,9,8,,,0,0.0,0.0,8,9,8.0,95.0,,,96.0,,,8,95,995.0,,,,,,,,,,,,,,,,,,,,,,,,,,,,,,0,0,0,0,0,0,0,0,0,0,0,0,0,1,0,0,0,0,0,0,0,0,0,1,1,0,0,0,0,1,0,0,0,0,0,,0,0,0,0,0,0,0,0,0,0,0,1,0,0,0,0,,,,,,21-25,16-25,Interstate,U,Saturday,Belt Used,PV,Not Fatal,0,0,0,0,State Route,State Patrol,Washington State Patrol,0,1,0,0,0,,,,,,1.0,0.0,8.0,,,,,,,,,,,98.0,98.0,98.0,0.0,,,,,20.0,7.0,,,,,,,,,,,,,,,,99301
1631,2019,39,E891889,1.0,02/02/2019,20:30,2,2,,21,Franklin,1660,2,0.0,3,2,1,2,0,11,7,,,,12,0,1,8.8,1,0,1,1,2,1,1,0,0,0,0,I-182,,-119.1919778,46.268447222,0,2,25,53,3,70,15,0,0,1,2,12,1,2,3,2,1,1,1,53,0,2,422,2014,0,0.0,12,65.0,12.0,12.0,12.0,12.0,1,1,44,2,7.0,,4,7,3,0,11,0,02/02/2019,20:30,166053005705.0,5705.0,0.0,0.0,0.0,3.0,1,0,0.0,0.0,0.0,0,,,,,,0,,,,,,99320.0,53,69.0,190.0,6.0,1.0,0.0,0.0,0.0,1.0,,0,,,,,,0,11/15/2016,11/15/2016,20,0,0,0,0.0,9,8,,,0,0.0,0.0,8,0,2.0,1.0,,,1.0,,,2,4,0.0,,,,,,,,,,,,,,,,,,,,,,,,,,,,,,0,0,0,0,0,0,0,0,0,0,0,0,0,1,0,0,0,0,0,0,0,0,0,1,1,0,0,0,0,1,0,0,0,0,0,,1,0,0,0,0,0,0,0,0,0,0,0,0,0,0,0,,,,,,41-45,36-45,Interstate,U,Saturday,Belt Used,PV,White,0,0,0,0,State Route,State Patrol,Washington State Patrol,0,1,0,0,0,,,,,,0.0,0.0,0.0,,,,,,,,,,,98.0,98.0,98.0,1.0,,,,,20.0,7.0,,,,,,,,,,,,,,,,99301
1632,2019,39,E891889,1.0,02/02/2019,20:30,2,2,,21,Franklin,1660,2,0.0,3,2,1,2,0,11,7,,,,12,0,1,8.8,1,0,1,1,2,1,1,0,0,0,0,I-182,,-119.1919778,46.268447222,0,3,98,62,4,70,2,0,0,1,2,12,1,2,3,2,1,1,1,53,0,12,3,2010,0,0.0,12,,,,,,1,1,48,2,7.0,,4,0,3,0,11,4,02/05/2019,16:27,166053005662.0,5662.0,0.0,0.0,3.0,3.0,1,0,0.0,0.0,0.0,96,,,,,,99,,,,,,99301.0,53,67.0,105.0,6.0,1.0,0.0,0.0,0.0,0.0,,0,,,,,,0,,,8,0,0,0,0.0,9,8,,,0,0.0,0.0,8,9,8.0,95.0,,,96.0,,,8,95,995.0,,,,,,,,,,,,,,,,,,,,,,,,,,,,,,0,0,0,0,0,0,0,0,0,0,0,0,0,1,0,0,0,0,0,0,0,0,0,1,1,0,0,0,0,1,0,0,0,0,0,,1,0,0,0,0,0,0,0,0,0,0,0,0,0,0,0,,,,,,46-50,46-55,Interstate,U,Saturday,Belt Used,PV,White,0,0,0,0,State Route,State Patrol,Washington State Patrol,0,1,0,0,0,,,,,,0.0,0.0,0.0,,,,,,,,,,,98.0,98.0,98.0,1.0,,,,,20.0,7.0,,,,,,,,,,,,,,,,99301
1633,2019,39,E891889,1.0,02/02/2019,20:30,2,2,,21,Franklin,1660,2,0.0,3,2,1,2,0,11,7,,,,12,0,1,8.8,1,0,1,1,2,1,1,0,0,0,0,I-182,,-119.1919778,46.268447222,0,4,98,62,4,70,4,0,0,1,2,12,1,2,3,2,1,2,2,53,0,35,47,2013,0,0.0,12,,,,,,1,1,33,1,0.0,,3,0,3,0,11,4,,,,,0.0,0.0,0.0,3.0,1,0,0.0,0.0,0.0,96,,,,,,0,,,,,,99301.0,53,63.0,140.0,6.0,1.0,0.0,0.0,0.0,1.0,,0,,,,,,0,12/15/2014,12/15/2014,1,0,0,0,8.0,9,8,,,0,0.0,0.0,8,0,8.0,95.0,,,96.0,,,8,95,995.0,,,,,,,,,,,,,,,,,,,,,,,,,,,,,,0,0,0,0,0,0,0,0,0,0,0,0,0,1,0,0,0,0,0,0,0,0,0,1,1,0,0,0,0,1,0,0,0,0,0,,0,0,0,0,0,0,0,0,0,0,0,0,0,0,0,0,,,,,,31-35,26-35,Interstate,U,Saturday,Belt Used,PV,Not Fatal,0,0,0,0,State Route,State Patrol,Washington State Patrol,0,1,0,0,0,,,,,,0.0,0.0,0.0,,,,,,,,,,,98.0,98.0,98.0,0.0,,,,,20.0,7.0,,,,,,,,,,,,,,,,
1634,2019,39,E891889,1.0,02/02/2019,20:30,2,2,,21,Franklin,1660,2,0.0,3,2,1,2,0,11,7,,,,12,0,1,8.8,1,0,1,1,2,1,1,0,0,0,0,I-182,,-119.1919778,46.268447222,0,5,98,62,4,70,4,0,0,1,2,12,1,2,3,2,1,1,1,53,0,35,43,2019,0,0.0,12,,,,,,1,1,25,2,0.0,,1,0,3,0,11,8,,,,,0.0,0.0,0.0,3.0,1,0,0.0,0.0,0.0,96,,,,,,0,,,,,,99301.0,53,64.0,95.0,6.0,1.0,0.0,0.0,0.0,1.0,,0,,,,,,0,02/15/2017,02/15/2017,8,0,0,0,8.0,9,8,,,0,0.0,0.0,8,0,8.0,95.0,,,96.0,,,8,95,995.0,,,,,,,,,,,,,,,,,,,,,,,,,,,,,,0,0,0,0,0,0,0,0,0,0,0,0,0,1,0,0,0,0,0,0,0,0,0,1,1,0,0,0,0,1,0,0,0,0,0,,0,0,0,0,0,0,0,0,0,0,0,0,0,0,0,0,,,,,,21-25,16-25,Interstate,U,Saturday,Belt Used,PV,Not Fatal,0,0,0,0,State Route,State Patrol,Washington State Patrol,0,1,0,0,0,,,,,,0.0,0.0,0.0,,,,,,,,,,,98.0,98.0,98.0,0.0,,,,,20.0,7.0,,,,,,,,,,,,,,,,99301
1635,2019,39,E891889,1.0,02/02/2019,20:30,2,2,,21,Franklin,1660,2,0.0,3,2,1,2,0,11,7,,,,12,0,1,8.8,1,0,1,1,2,1,1,0,0,0,0,I-182,,-119.1919778,46.268447222,0,6,98,62,4,70,34,0,0,1,5,12,1,2,3,2,1,3,1,53,0,20,481,2018,0,0.0,12,,,,,,1,1,48,1,0.0,,0,0,3,0,11,0,,,,,0.0,0.0,0.0,3.0,1,0,0.0,0.0,0.0,96,,,,,,0,,,,,,99352.0,53,71.0,200.0,6.0,1.0,0.0,0.0,0.0,0.0,,0,,,,,,0,,,20,0,0,0,8.0,9,8,,,0,0.0,0.0,8,0,8.0,95.0,,,96.0,,,8,95,995.0,,,,,,,,,,,,,,,,,,,,,,,,,,,,,,0,0,0,0,0,0,0,0,0,0,0,0,0,1,0,0,0,0,0,0,0,0,0,1,1,0,0,0,0,1,0,0,0,0,0,,0,0,0,0,0,0,0,0,0,0,0,0,0,0,0,0,,,,,,46-50,46-55,Interstate,U,Saturday,Belt Used,PV,Not Fatal,0,0,0,0,State Route,State Patrol,Washington State Patrol,0,1,0,0,0,,,,,,0.0,0.0,0.0,,,,,,,,,,,98.0,98.0,98.0,0.0,,,,,20.0,7.0,,,,,,,,,,,,,,,,99301
1636,2019,39,E891889,1.0,02/02/2019,20:30,2,2,,21,Franklin,1660,2,0.0,3,2,1,2,0,11,7,,,,12,0,1,8.8,1,0,1,1,2,1,1,0,0,0,0,I-182,,-119.1919778,46.268447222,0,7,98,62,4,70,34,0,0,1,5,12,1,2,3,2,1,2,1,53,0,7,482,2013,0,0.0,12,,,,,,1,1,27,1,0.0,,0,0,3,0,11,0,,,,,0.0,0.0,0.0,3.0,1,0,0.0,0.0,0.0,96,,,,,,0,,,,,,99352.0,53,69.0,200.0,6.0,1.0,0.0,0.0,0.0,1.0,,0,,,,,,0,09/15/2017,09/15/2017,20,0,0,0,8.0,9,8,,,0,0.0,0.0,8,0,8.0,95.0,,,96.0,,,8,95,995.0,,,,,,,,,,,,,,,,,,,,,,,,,,,,,,0,0,0,0,0,0,0,0,0,0,0,0,0,1,0,0,0,0,0,0,0,0,0,1,1,0,0,0,0,1,0,0,0,0,0,,0,0,0,0,0,0,0,0,0,0,0,0,0,0,0,0,,,,,,26-30,26-35,Interstate,U,Saturday,Belt Used,PV,Not Fatal,0,0,0,0,State Route,State Patrol,Washington State Patrol,0,1,0,0,0,,,,,,0.0,0.0,0.0,,,,,,,,,,,98.0,98.0,98.0,0.0,,,,,20.0,7.0,,,,,,,,,,,,,,,,99301
1637,2019,41,E894113,155.0,01/07/2019,23:42,7,1,,33,King,980,1,0.0,3,1,2,1,0,1,1,,,,33,0,0,0.0,3,0,4,7,2,4,6,0,0,0,0,FRONT ST S,6TH AVE SE,-122.0269694,47.516327778,0,1,6,10,2,35,4,0,0,1,2,2,1,1,1,2,1,1,1,53,0,18,3,1997,0,0.0,64,33.0,67.0,42.0,42.0,2.0,1,1,28,1,7.0,,4,7,20,7,11,0,01/07/2019,23:42,98053001570.0,1570.0,0.0,0.0,0.0,3.0,1,0,0.0,0.0,0.0,92,,,,,,99,,,,,,98374.0,53,69.0,180.0,6.0,1.0,0.0,1.0,0.0,1.0,,0,,,,,,0,02/15/2017,01/15/2018,1,0,0,0,0.0,9,8,,,0,0.0,0.0,8,9,2.0,695.0,605.0,,1.0,1.0,,2,1,0.241,,,,,,,,,,,,,,,,,,,,,,,,,,,,,,0,0,1,1,1,1,1,1,1,0,0,0,0,0,0,0,1,0,0,1,0,0,0,0,0,0,0,0,0,1,0,0,0,1,0,,1,0,0,0,0,1,1,1,1,0,0,0,0,0,0,1,,,,,,26-30,26-35,City street,U,Monday,Not Used,PV,Black,0,1,0,0,City Street,Municipal/City Police,Issaquah Police Department,1,0,0,1,0,thc,1.8,carboxy-thc,9.1,,0.0,0.0,2.0,,,,,,,,,,,0.0,0.0,0.0,2.0,,,,,20.0,7.0,,,,,,,nms,,,,,,,,,98029
1638,2019,42,E894129,3.0,02/02/2019,13:46,2,2,,67,Thurston,1590,1,0.0,1,1,2,1,0,6,2,,,,14,0,0,106.6,1,0,1,1,2,1,1,0,0,0,0,I-5,,-122.8714972,47.039075,0,1,11,11,2,60,6,0,0,1,2,14,1,1,4,3,1,2,2,53,0,12,37,2006,0,0.0,63,14.0,,,,,1,1,40,1,0.0,,1,0,3,0,11,8,,,,,0.0,0.0,0.0,3.0,1,0,0.0,0.0,0.0,96,,,,,,9,,,,,,98370.0,53,69.0,180.0,6.0,1.0,0.0,0.0,0.0,0.0,,97,,,,,,0,,,8,0,0,0,8.0,9,2,,,0,0.0,0.0,1,9,8.0,95.0,,,96.0,,,8,95,995.0,,,,,,,,,,,,,,,,,,,,,,,,,,,,,,0,0,0,0,0,0,0,0,0,0,0,0,0,0,0,0,0,0,0,0,0,0,0,0,0,0,0,0,0,1,0,0,0,0,0,,0,0,0,0,0,0,0,0,0,0,0,0,0,0,0,0,,,,,,36-40,36-45,Interstate,U,Saturday,Belt Used,PV,Not Fatal,0,1,0,0,State Route,State Patrol,Washington State Patrol,1,1,0,0,0,,,,,,0.0,0.0,0.0,,,,,,,,,,,98.0,98.0,98.0,0.0,,,,,20.0,7.0,,,,,,,,,,,,,,,,98501
1639,2019,44,E894576,3.0,02/16/2019,21:49,16,2,,67,Thurston,0,1,0.0,2,4,2,1,0,2,1,,,,24,0,0,18.1,1,0,1,3,1,1,3,0,0,0,0,SR-8,,-123.0571278,47.041138889,0,1,2,6,1,60,34,0,0,1,2,1,3,1,2,2,14,2,1,53,0,12,481,1999,0,0.0,63,24.0,1.0,,,,1,1,21,1,0.0,,2,0,20,7,11,8,,,,,0.0,0.0,0.0,3.0,1,87,0.0,0.0,0.0,96,,,,,,0,,,,,,98541.0,53,66.0,150.0,6.0,1.0,0.0,0.0,0.0,1.0,,0,,,,,,4,08/15/2017,08/15/2017,20,1,9,0,8.0,9,8,,,0,0.0,0.0,8,0,2.0,1.0,,,1.0,,,2,1,0.0,,,,,,,,,,,,,,,,,,,,,,,,,,,,,,0,0,0,0,0,0,0,0,0,0,0,0,1,0,0,0,0,0,0,1,0,0,0,1,1,0,0,0,0,1,0,0,0,0,0,,0,0,0,0,0,0,0,0,0,1,0,0,0,0,0,0,,,,,,21-25,16-25,State route,R,Saturday,Not Used,PV,Not Fatal,0,1,0,0,State Route,State Patrol,Washington State Patrol,1,1,0,0,0,,,,,,0.0,0.0,0.0,,,,,,,,,,,0.0,0.0,0.0,0.0,,,,,20.0,7.0,,,,,,,,,,,,,,,,98512
1640,2019,45,E894886,2.0,01/26/2019,23:17,26,1,,57,Skagit,0,1,0.0,2,1,1,1,1,7,4,,,,8,0,0,237.0,1,0,1,1,1,1,1,0,0,0,0,I-5,,-122.3482667,48.566427778,0,1,13,80,5,70,14,0,0,1,5,8,1,1,2,3,1,1,2,53,0,48,401,2003,0,0.0,8,,,,,,1,1,18,1,0.0,,0,0,3,0,11,0,,,,,0.0,0.0,0.0,3.0,1,0,0.0,0.0,0.0,92,,,,,,99,,,,,,98273.0,53,73.0,180.0,6.0,2.0,0.0,0.0,0.0,0.0,,0,,,,,,0,,,20,0,0,0,8.0,9,8,,,0,0.0,0.0,8,0,2.0,695.0,,,1.0,,,2,1,0.0,,,,,,,,,,,,,,,,,,,,,,,,,,,,,,0,0,0,0,0,0,1,1,1,1,0,1,0,0,0,0,1,0,0,0,0,1,1,0,1,0,0,0,0,1,0,1,0,0,0,,0,0,0,0,0,0,1,1,1,0,0,0,0,0,1,0,,,,,,18-20,16-25,Interstate,R,Saturday,Belt Used,PV,Not Fatal,0,0,0,0,State Route,State Patrol,Washington State Patrol,0,1,0,0,0,,,carboxy-thc,5.2,,0.0,0.0,0.0,,,,,,,,,,,98.0,98.0,98.0,0.0,,,,,20.0,7.0,,,,,,,,,,,,,,,,98233
1641,2019,45,E894886,2.0,01/26/2019,23:17,26,1,,57,Skagit,0,1,0.0,2,1,1,1,1,7,4,,,,8,0,0,237.0,1,0,1,1,1,1,1,0,0,0,0,I-5,,-122.3482667,48.566427778,0,2,98,80,5,70,6,1,0,1,5,8,1,1,2,3,1,3,1,53,0,7,21,2005,0,0.0,8,,,,,,1,1,44,2,0.0,,0,0,3,0,11,0,,,,,0.0,0.0,0.0,3.0,1,0,0.0,0.0,0.0,96,,,,,,0,,,,,,98273.0,53,65.0,210.0,6.0,1.0,0.0,1.0,0.0,0.0,,0,,,,,,0,07/15/2017,07/15/2017,20,0,0,0,8.0,9,8,,,0,0.0,0.0,8,0,8.0,95.0,,,96.0,,,8,95,995.0,,,,,,,,,,,,,,,,,,,,,,,,,,,,,,0,0,0,0,0,0,1,1,1,1,0,1,0,0,0,0,1,0,0,0,0,1,1,0,1,0,0,0,0,1,0,1,0,0,0,,0,0,0,0,0,0,0,0,0,0,0,0,0,0,0,0,,,,,,41-45,36-45,Interstate,R,Saturday,Belt Used,PV,Not Fatal,0,0,0,0,State Route,State Patrol,Washington State Patrol,0,1,0,0,0,,,,,,0.0,0.0,0.0,,,,,,,,,,,98.0,98.0,98.0,0.0,,,,,20.0,7.0,,,,,,,,,,,,,,,,98233
1642,2019,45,E894886,2.0,01/26/2019,23:17,26,1,,57,Skagit,0,1,0.0,2,1,1,1,1,7,4,,,,8,0,0,237.0,1,0,1,1,1,1,1,0,0,0,0,I-5,,-122.3482667,48.566427778,0,3,98,80,5,70,49,0,0,1,5,8,1,1,2,3,1,1,9,99,0,99,999,9999,0,0.0,8,,,,,,1,1,55,1,0.0,,0,0,3,0,11,0,,,,,0.0,0.0,0.0,3.0,1,0,0.0,0.0,0.0,96,,,,,,0,,,,,,98055.0,53,64.0,136.0,6.0,1.0,0.0,0.0,0.0,0.0,,0,,,,,,0,,,20,0,0,0,8.0,9,8,,,0,0.0,0.0,8,0,8.0,95.0,,,96.0,,,8,95,995.0,,,,,,,,,,,,,,,,,,,,,,,,,,,,,,0,0,0,0,0,0,1,1,1,1,0,1,0,0,0,0,1,0,0,0,0,1,1,0,1,0,0,0,0,1,0,1,0,0,0,,0,0,0,0,0,0,0,0,0,0,0,0,0,0,0,0,,,,,,51-55,46-55,Interstate,R,Saturday,Belt Used,PV,Not Fatal,0,0,0,0,State Route,State Patrol,Washington State Patrol,0,1,0,0,0,,,,,,0.0,0.0,0.0,,,,,,,,,,,98.0,98.0,98.0,0.0,,,,,20.0,7.0,,,,,,,,,,,,,,,,98233
1643,2019,45,E894886,2.0,01/26/2019,23:17,26,1,,57,Skagit,0,1,0.0,2,1,1,1,1,7,4,,,,8,0,0,237.0,1,0,1,1,1,1,1,0,0,0,0,I-5,,-122.3482667,48.566427778,0,4,98,80,5,70,2,0,0,1,5,8,1,1,2,3,1,2,1,53,0,24,2,2001,0,0.0,8,,,,,,1,1,31,1,0.0,,0,0,3,0,11,0,,,,,0.0,0.0,0.0,3.0,1,0,0.0,0.0,0.0,96,,,,,,0,,,,,,98229.0,53,74.0,185.0,6.0,1.0,0.0,0.0,0.0,1.0,,0,,,,,,0,07/15/2016,07/15/2016,20,0,0,0,8.0,9,8,,,0,0.0,0.0,8,0,8.0,95.0,,,96.0,,,8,95,995.0,,,,,,,,,,,,,,,,,,,,,,,,,,,,,,0,0,0,0,0,0,1,1,1,1,0,1,0,0,0,0,1,0,0,0,0,1,1,0,1,0,0,0,0,1,0,1,0,0,0,,0,0,0,0,0,0,0,0,0,0,0,0,0,0,0,0,,,,,,31-35,26-35,Interstate,R,Saturday,Belt Used,PV,Not Fatal,0,0,0,0,State Route,State Patrol,Washington State Patrol,0,1,0,0,0,,,,,,0.0,0.0,0.0,,,,,,,,,,,98.0,98.0,98.0,0.0,,,,,20.0,7.0,,,,,,,,,,,,,,,,98233
1644,2019,46,E894941,129.0,02/19/2019,5:10,19,2,,53,Pierce,747,10,0.0,2,2,2,1,0,3,2,,,,12,0,2,0.0,1,0,1,7,2,4,6,0,3,0,0,70TH AVE E,,-122.3361139,47.241469444,0,1,50,10,2,35,20,0,0,1,7,12,2,2,2,1,14,2,2,6,0,49,442,2002,0,0.0,68,12.0,,,,,1,1,26,1,7.0,,4,7,3,0,11,0,02/19/2019,5:10,74753008318.0,8318.0,0.0,0.0,0.0,3.0,1,28,0.0,0.0,0.0,96,,,,,,99,,,,,,98003.0,53,71.0,155.0,6.0,1.0,0.0,0.0,0.0,0.0,,0,,,,,,3,,,8,0,0,0,0.0,9,8,,,0,0.0,0.0,8,9,2.0,695.0,605.0,,1.0,1.0,,2,1,0.26,,,,,,,,,,,,,,,,,,,,,,,,,,,,,,0,0,0,0,1,1,1,1,1,0,0,0,1,0,0,0,0,0,0,0,0,0,0,0,0,0,0,0,0,1,1,0,0,0,0,,1,0,0,0,0,1,1,1,0,1,0,0,0,0,0,1,,,,,,26-30,26-35,City street,U,Tuesday,Belt Used,PV,White,0,1,1,0,City Street,Municipal/City Police,Fife Police Department,0,0,0,1,0,thc,11.0,carboxy-thc,13.0,,0.0,0.0,0.0,,,,,,,,,,,98.0,98.0,98.0,1.0,,,,,20.0,7.0,,,,,,,,,,,,,,,,98424
1645,2019,46,E894941,129.0,02/19/2019,5:10,19,2,,53,Pierce,747,10,0.0,2,2,2,1,0,3,2,,,,12,0,2,0.0,1,0,1,7,2,4,6,0,3,0,0,70TH AVE E,,-122.3361139,47.241469444,0,2,51,62,4,35,66,1,0,1,7,12,3,2,2,1,14,1,3,53,0,51,881,2011,0,0.0,12,,,,,,1,1,60,1,0.0,,0,0,3,0,11,0,,,,,6.0,1.0,0.0,3.0,1,0,0.0,0.0,0.0,96,,,,,,0,,,,,,98531.0,53,72.0,220.0,6.0,1.0,0.0,1.0,1.0,0.0,,0,,,,,,0,11/15/2016,11/15/2016,20,0,0,0,8.0,9,8,,,0,0.0,0.0,8,0,8.0,95.0,,,96.0,,,8,95,995.0,,,,,,,,,,,,,,,,,,,,,,,,,,,,,,0,0,0,0,1,1,1,1,1,0,0,0,1,0,0,0,0,0,0,0,0,0,0,0,0,0,0,0,0,1,1,0,0,0,0,,0,0,0,0,0,0,0,0,0,0,0,0,0,0,0,0,,,,,,56-60,56-65,City street,U,Tuesday,,MHTRUCK,Not Fatal,0,1,1,0,City Street,Municipal/City Police,Fife Police Department,0,0,0,1,0,,,,,,0.0,0.0,0.0,,,,,,,,,,,98.0,98.0,98.0,0.0,,,,,20.0,7.0,,,,,,,,,,,,,,,,98424
1646,2019,47,E895128,2.0,02/17/2019,12:23,17,2,,57,Skagit,0,1,0.0,1,1,2,1,1,2,1,,,,8,0,0,6.4,1,0,1,5,1,1,3,0,0,0,0,SR-11,,-122.4181222,48.558497222,0,1,13,80,5,55,15,0,0,1,5,8,1,1,2,1,1,2,1,53,0,42,421,2014,0,0.0,8,,,,,,1,1,47,1,0.0,,0,0,3,0,11,0,,,,,0.0,0.0,0.0,3.0,1,0,0.0,0.0,0.0,96,,,,,,0,,,,,,98607.0,53,67.0,160.0,6.0,1.0,0.0,0.0,0.0,0.0,,0,,,,,,0,,,20,0,0,0,8.0,9,8,,,0,0.0,0.0,8,0,8.0,95.0,,,96.0,,,8,95,995.0,,,,,,,,,,,,,,,,,,,,,,,,,,,,,,0,0,0,0,0,0,0,0,0,0,0,0,0,0,0,0,0,0,0,0,0,0,0,0,0,0,0,0,0,1,0,1,0,0,0,,0,0,0,0,0,0,0,0,0,0,0,0,0,0,0,0,,,,,,46-50,46-55,State route,R,Sunday,Belt Used,PV,Not Fatal,0,0,0,0,State Route,State Patrol,Washington State Patrol,0,1,0,0,0,,,,,,0.0,0.0,0.0,,,,,,,,,,,98.0,98.0,98.0,0.0,,,,,20.0,7.0,,,,,,,,,,,,,,,,98232
1647,2019,48,E895186,1.0,01/23/2019,16:20,23,1,,77,Yakima,0,1,0.0,1,1,2,1,0,3,2,,,,12,0,6,1.0,2,0,2,5,1,1,3,0,0,20,3,SR-821,POMONA RD,-120.476975,46.690075,0,1,86,17,2,35,4,0,0,1,2,12,1,1,2,1,1,1,1,53,0,35,47,2014,0,0.0,12,,,,,,1,1,89,2,0.0,,1,0,3,0,11,8,,,,,0.0,0.0,0.0,3.0,1,39,91.0,0.0,0.0,96,,,,,,0,,,,,,98901.0,53,64.0,162.0,6.0,1.0,0.0,0.0,0.0,0.0,,2,,,,,,0,,,8,0,0,0,8.0,9,8,,,0,0.0,0.0,8,0,8.0,95.0,,,96.0,,,8,95,995.0,,,,,,,,,,,,,,,,,,,,,,,,,,,,,,0,0,0,1,0,0,0,0,0,0,0,0,0,0,0,0,0,0,0,0,0,0,0,0,0,1,1,1,0,1,0,0,0,0,0,,0,0,0,0,0,0,0,0,0,0,0,0,0,0,0,0,,,,,,81+,76+,State route,R,Wednesday,Belt Used,PV,Not Fatal,1,0,0,0,State Route,State Patrol,Washington State Patrol,0,1,0,0,0,,,,,,0.0,0.0,0.0,,,,,,,,,,,98.0,98.0,98.0,0.0,,,,,20.0,7.0,,,,,,,,,,,,,,,,98901