,year,case,par,repjur,crash_dt,crash_tm,accday,accmon,holiday,county,co_char,city,weather,weather2,lightcond,surfcond,surftype,numfatal,nmforms,pforms,vforms,not_tm,arr_tm,hosp_tm,fhevent,hitrun,manncol,milepnt,reljunc,reljuncinter,intersectiontype,funcsystem,landuse,ownership,route,schlbus,spejur,contdev,devfunc,trafid1,trafid2,x,y,wk_zone,vnumber,crashtype,criticalevent,criticaleventcat,spdlim,body,trailer,emerg,hazcargo,leave,mhevent,roadalgn,roadprof,traflane,trafflow,vehmanvr,numoccs,regowner,regstate,spuse,make,model,modelyr,vrf1,vrf2,seqevent1,seqevent2,seqevent3,seqevent4,seqevent5,seqevent6,pnumber,ptype,age,sex,hispanic,race,injury,diedscene,restraint,restraintmisuse,seatpos,takehosp,death_dt,death_tm,cert,cernum_wa,commlic,licendor,licrestrict,liccomp,drivpres,drf1,drf2,drf3,drf4,distract1,distract2,distract3,distract4,distract5,distract6,dricond1,dricond2,dricond3,dricond4,dricond5,dricond6,dzip,licstate,drhgt_in,weight,noncdl,noncdltype,prevdwi,prevoth,prevacc,prevspd,prevsus,driviol1,driviol2,driviol3,driviol4,driviol5,driviol6,spdrel,first_dt,last_dt,airbag,ejection,ejectpath,extricat,injurwrk,methalc,methdrug,nmlocat,strikveh,prf1,prf2,prf3,druginv,alcinvol,drugsts,drugres1,drugres2,drugres3,drugtst1,drugtst2,drugtst3,alcsts,alctst,alcres,nmact1,nmact2,nmact3,nmact4,nmact5,nmact6,nmprior1,nmprior2,nmprior3,nmprior4,nmprior5,nmprior6,nmcond1,nmcond2,nmcond3,nmcond4,nmcond5,nmcond6,nmsafe_helmet,nmsafe_pads,nmsafe_oth,nmprev_ref,nmprev_lgt,nmprev_oth,crashlocation,nmcrashtype,crosswalk,schoolzone,sidewalk,train_inv,wildlife_inv,rotr_fars,intersect_fars,dd_inv,aid_inv,dpd_inv,id_inv,mj_inv,impnm_inv,ainm_inv,dpnm_inv,speed_inv,unlic_inv,unendmc_inv,drowsy_inv,drdist_inv,nmdist_inv,fty_inv,unrestfat_inv,dr1617_inv,dr1820_inv,dr1620_inv,dr2125_inv,dr1625_inv,dr65_inv,dr70_inv,dr75_inv,mc_inv,pv_inv,ht_inv,ped_inv,bike_inv,unrest_fat,mc_fat,unhelmet_mc,pv_fat,ht_fat,ped_fat,bike_fat,dr_alc7,dr_alc8,dr_drug,dr_imp,dr_dist,dr_spd,dr_fty,dr_unlic,dr_alc7only,dr_alc8only,dr_drugonly,dr_drink,nm_imp,nm_alc7,nm_alc8,nm_drug,nm_dist,agegrp1,agegrp2,roadclass,urbrur,dayweek,restuse,vehtype,race_me,intersect,lanedep,oppdir,wrongway,rep_typ,investag,repag_long,rotr,st_rd,cty_rd,city_rd,oth_rd,drug_thc,thc_res,drug_cthc,cthc_res,drug_cann,prevpersemin,prevperse,prevsusoth,drugtst4,drugtst5,drugtst6,drugtst7,drugtst8,drugres4,drugres5,drugres6,drugres7,drugres8,adspresent,adsengaged,adslevel,race1,race2,race3,race4,race5,helmet,helmetmisuse,nmdistract1,nmdistract2,nmdistract3,nmdistract4,nmdistract5,nmdistract6,lab,isedtcase,crf1,crf2,crf3,CoRoadName,CoMP,IntCoRoadName,IntCoMP,zipcode
1648,2019,48,E895186,1.0,01/23/2019,16:20,23,1,,77,Yakima,0,1,0.0,1,1,2,1,0,3,2,,,,12,0,6,1.0,2,0,2,5,1,1,3,0,0,0,0,SR-821,POMONA RD,-120.476975,46.690075,0,2,87,66,4,45,14,0,0,1,2,1,1,1,2,1,1,2,2,53,0,48,401,2000,0,0.0,12,64.0,43.0,1.0,,,1,1,85,1,0.0,,1,0,3,0,11,8,,,,,0.0,0.0,3.0,3.0,1,0,0.0,0.0,0.0,96,,,,,,0,,,,,,98926.0,53,73.0,230.0,6.0,1.0,0.0,0.0,0.0,0.0,,0,,,,,,0,,,8,0,0,0,8.0,9,8,,,0,0.0,0.0,8,0,8.0,95.0,,,96.0,,,8,95,995.0,,,,,,,,,,,,,,,,,,,,,,,,,,,,,,0,0,0,1,0,0,0,0,0,0,0,0,0,0,0,0,0,0,0,0,0,0,0,0,0,1,1,1,0,1,0,0,0,0,0,,0,0,0,0,0,0,0,0,0,0,0,0,0,0,0,0,,,,,,81+,76+,State route,R,Wednesday,Belt Used,PV,Not Fatal,1,0,0,0,State Route,State Patrol,Washington State Patrol,0,1,0,0,0,,,,,,0.0,0.0,0.0,,,,,,,,,,,98.0,98.0,98.0,0.0,,,,,20.0,7.0,,,,,,,,,,,,,,,,98901
1649,2019,49,E895374,248.0,02/15/2019,10:34,15,2,,33,King,1830,1,0.0,1,2,2,1,0,4,3,,,,12,0,2,0.0,1,0,1,7,2,4,6,0,0,0,0,SW GRADY WAY,,-122.2364806,47.466938889,0,1,50,10,2,35,4,0,0,1,7,12,1,2,4,1,1,1,2,53,0,51,47,2004,0,0.0,68,12.0,,,,,1,1,43,2,7.0,,4,7,99,7,11,0,02/15/2019,10:34,183053008199.0,8199.0,0.0,0.0,0.0,2.0,1,28,0.0,0.0,0.0,93,,,,,,99,,,,,,98178.0,53,66.0,160.0,1.0,1.0,0.0,0.0,1.0,2.0,,0,,,,,,0,09/15/2015,06/15/2018,8,0,0,0,0.0,9,8,,,0,0.0,0.0,8,9,2.0,695.0,605.0,,1.0,1.0,,2,1,0.24,,,,,,,,,,,,,,,,,,,,,,,,,,,,,,0,0,0,0,1,1,1,1,1,0,0,0,0,1,0,0,1,0,0,0,0,0,0,0,0,0,0,0,0,1,0,0,0,0,0,,1,0,0,0,0,1,1,1,1,0,0,1,0,0,0,1,,,,,,41-45,36-45,City street,U,Friday,Unknown,PV,Black,0,1,1,0,City Street,Municipal/City Police,Renton Police Department,0,0,0,1,0,thc,13.0,carboxy-thc,67.0,,0.0,0.0,2.0,,,,,,,,,,,98.0,98.0,98.0,2.0,,,,,20.0,7.0,,,,,,,,,,,,,,,,98057
1650,2019,49,E895374,248.0,02/15/2019,10:34,15,2,,33,King,1830,1,0.0,1,2,2,1,0,4,3,,,,12,0,2,0.0,1,0,1,7,2,4,6,0,0,0,0,SW GRADY WAY,,-122.2364806,47.466938889,0,2,51,62,4,35,15,0,0,1,7,12,1,2,4,1,1,2,1,53,0,20,421,2003,0,0.0,12,12.0,,,,,1,1,59,1,0.0,,3,0,3,0,11,5,,,,,0.0,0.0,3.0,3.0,1,0,0.0,0.0,0.0,96,,,,,,0,,,,,,98168.0,53,73.0,200.0,6.0,1.0,0.0,0.0,0.0,0.0,,0,,,,,,0,,,1,0,0,0,8.0,9,8,,,0,0.0,0.0,8,0,8.0,95.0,,,96.0,,,8,95,995.0,,,,,,,,,,,,,,,,,,,,,,,,,,,,,,0,0,0,0,1,1,1,1,1,0,0,0,0,1,0,0,1,0,0,0,0,0,0,0,0,0,0,0,0,1,0,0,0,0,0,,0,0,0,0,0,0,0,0,0,0,0,0,0,0,0,0,,,,,,56-60,56-65,City street,U,Friday,Belt Used,PV,Not Fatal,0,1,1,0,City Street,Municipal/City Police,Renton Police Department,0,0,0,1,0,,,,,,0.0,0.0,0.0,,,,,,,,,,,98.0,98.0,98.0,0.0,,,,,20.0,7.0,,,,,,,,,,,,,,,,98057
1651,2019,49,E895374,248.0,02/15/2019,10:34,15,2,,33,King,1830,1,0.0,1,2,2,1,0,4,3,,,,12,0,2,0.0,1,0,1,7,2,4,6,0,0,0,0,SW GRADY WAY,,-122.2364806,47.466938889,0,3,98,98,7,35,4,0,0,1,5,12,1,2,4,1,1,1,1,53,0,48,38,2007,0,0.0,12,,,,,,1,1,34,1,0.0,,0,0,3,0,11,0,,,,,0.0,0.0,0.0,3.0,1,0,0.0,0.0,0.0,96,,,,,,0,,,,,,98374.0,53,67.0,142.0,6.0,1.0,0.0,0.0,0.0,0.0,,0,,,,,,0,,,1,0,0,0,8.0,9,8,,,0,0.0,0.0,8,0,8.0,95.0,,,96.0,,,8,95,995.0,,,,,,,,,,,,,,,,,,,,,,,,,,,,,,0,0,0,0,1,1,1,1,1,0,0,0,0,1,0,0,1,0,0,0,0,0,0,0,0,0,0,0,0,1,0,0,0,0,0,,0,0,0,0,0,0,0,0,0,0,0,0,0,0,0,0,,,,,,31-35,26-35,City street,U,Friday,Belt Used,PV,Not Fatal,0,1,1,0,City Street,Municipal/City Police,Renton Police Department,0,0,0,1,0,,,,,,0.0,0.0,0.0,,,,,,,,,,,98.0,98.0,98.0,0.0,,,,,20.0,7.0,,,,,,,,,,,,,,,,98057
1652,2019,50,E896721,5.0,02/23/2019,14:01,23,2,,41,Lewis,0,1,0.0,1,2,2,2,0,8,2,,,,12,0,2,140.5,1,0,1,3,1,1,2,0,0,0,0,US-12,,-121.5516056,46.687941667,0,1,50,10,2,50,14,0,0,1,7,12,3,2,2,1,14,2,3,17,0,12,402,2017,0,0.0,68,12.0,,,,,1,1,39,2,7.0,,4,7,3,0,11,0,02/23/2019,14:01,53009588.0,9588.0,0.0,0.0,0.0,3.0,1,28,0.0,0.0,0.0,96,,,,,,9,,,,,,98002.0,53,63.0,155.0,6.0,1.0,0.0,0.0,0.0,1.0,,0,,,,,,0,08/15/2014,08/15/2014,99,0,0,0,0.0,9,8,,,0,0.0,0.0,1,0,8.0,95.0,,,96.0,,,8,95,995.0,,,,,,,,,,,,,,,,,,,,,,,,,,,,,,0,0,0,0,0,0,0,0,0,0,0,0,0,0,0,0,0,0,0,0,0,0,0,0,0,0,0,0,0,1,0,0,0,0,0,,1,0,0,0,0,0,0,0,0,0,0,0,0,0,0,0,,,,,,36-40,36-45,US highway,R,Saturday,Belt Used,PV,White,0,1,1,0,State Route,State Patrol,Washington State Patrol,0,1,0,0,0,,,,,,0.0,0.0,0.0,,,,,,,,,,,98.0,98.0,98.0,1.0,,,,,20.0,7.0,,,,,,,,,,,,,,,,98352
1653,2019,50,E896721,5.0,02/23/2019,14:01,23,2,,41,Lewis,0,1,0.0,1,2,2,2,0,8,2,,,,12,0,2,140.5,1,0,1,3,1,1,2,0,0,0,0,US-12,,-121.5516056,46.687941667,0,2,51,62,4,50,6,0,0,1,7,12,2,2,2,1,14,6,1,53,0,20,24,2011,0,0.0,12,,,,,,1,1,36,2,0.0,,3,0,3,0,11,8,,,,,0.0,0.0,0.0,3.0,1,0,0.0,0.0,0.0,96,,,,,,0,,,,,,98942.0,53,68.0,140.0,6.0,1.0,0.0,1.0,1.0,0.0,,0,,,,,,0,03/15/2015,03/15/2015,8,0,0,0,8.0,9,8,,,0,0.0,0.0,8,0,8.0,95.0,,,96.0,,,8,95,995.0,,,,,,,,,,,,,,,,,,,,,,,,,,,,,,0,0,0,0,0,0,0,0,0,0,0,0,0,0,0,0,0,0,0,0,0,0,0,0,0,0,0,0,0,1,0,0,0,0,0,,0,0,0,0,0,0,0,0,0,0,0,0,0,0,0,0,,,,,,36-40,36-45,US highway,R,Saturday,Belt Used,PV,Not Fatal,0,1,1,0,State Route,State Patrol,Washington State Patrol,0,1,0,0,0,,,,,,0.0,0.0,0.0,,,,,,,,,,,98.0,98.0,98.0,0.0,,,,,20.0,7.0,,,,,,,,,,,,,,,,98352
1654,2019,51,E897149,160.0,02/24/2019,18:07,24,2,,33,King,1030,99,0.0,3,2,2,1,1,1,1,,,,8,0,0,3.3,3,0,2,4,2,1,3,0,0,20,3,SR-515,SE 204TH ST,-122.1970139,47.419463889,0,1,13,80,5,40,34,0,0,1,7,8,1,1,2,1,10,1,3,94,0,12,481,2017,0,0.0,8,,,,,,1,1,37,1,0.0,,0,0,3,0,11,0,,,,,0.0,0.0,3.0,3.0,1,39,91.0,0.0,0.0,96,,,,,,9,,,,,,98188.0,53,74.0,250.0,6.0,1.0,0.0,0.0,0.0,0.0,,1,,,,,,0,,,20,0,0,0,8.0,9,8,,,0,0.0,0.0,8,1,2.0,1.0,,,1.0,,,2,1,0.31,,,,,,,,,,,,,,,,,,,,,,,,,,,,,,0,0,0,1,1,1,0,1,0,1,0,1,0,0,0,0,0,0,0,0,0,0,0,0,0,0,0,0,0,1,0,1,0,0,0,,0,0,0,0,0,1,0,1,0,0,0,0,0,1,0,1,,,,,,36-40,36-45,State route,U,Sunday,Belt Used,PV,Not Fatal,1,0,0,0,State Route,Municipal/City Police,Kent Police Department,0,1,0,0,0,,,,,,0.0,0.0,0.0,,,,,,,,,,,98.0,98.0,98.0,0.0,,,,,20.0,7.0,,,,,,,,,,,,,,,,98031
1655,2019,52,E897242,29.0,02/26/2019,17:20,26,2,,41,Lewis,0,1,0.0,1,1,2,1,0,1,1,,,,32,0,0,6.9,1,0,1,6,1,2,4,0,0,0,0,CR-BUNKER CREEK RD,,-123.1585222,46.681416667,0,1,6,12,2,98,34,0,0,1,7,1,3,1,2,1,14,1,1,53,0,12,481,2008,0,0.0,68,64.0,32.0,35.0,1.0,,1,1,73,1,7.0,,4,7,3,0,11,0,02/26/2019,17:20,53009732.0,9732.0,0.0,0.0,3.0,3.0,1,0,0.0,0.0,0.0,92,,,,,,99,,,,,,98532.0,53,68.0,203.0,6.0,1.0,0.0,1.0,1.0,0.0,,0,,,,,,0,01/15/2018,01/15/2018,20,0,0,0,0.0,9,8,,,0,0.0,0.0,8,9,2.0,1.0,,,1.0,,,2,1,0.19,,,,,,,,,,,,,,,,,,,,,,,,,,,,,,0,0,1,0,1,1,0,1,0,0,0,0,0,0,0,0,1,0,0,0,0,0,0,0,0,1,1,0,0,1,0,0,0,0,0,,1,0,0,0,0,1,0,1,1,0,0,0,0,1,0,1,,,,,,71-75,66-75,County road,R,Tuesday,Belt Used,PV,White,0,1,0,0,County Road,County Sheriff,Lewis County Sheriff's Office,1,0,1,0,0,,,,,,0.0,0.0,0.0,,,,,,,,,,,98.0,98.0,98.0,1.0,,,,,20.0,7.0,,,,,,,,,,,,,,,,98532
1656,2019,53,E897631,2.0,02/20/2019,8:20,20,2,,73,Whatcom,0,1,0.0,1,10,2,1,0,2,1,,,,1,0,0,31.3,1,0,1,5,1,1,3,0,0,0,0,SR-542,,-121.9850528,48.900877778,0,1,7,6,1,50,14,0,0,1,2,1,1,1,2,1,1,2,1,6,0,48,401,2003,0,0.0,68,64.0,1.0,42.0,,,1,1,21,2,7.0,,4,7,3,0,11,0,02/20/2019,8:20,53008244.0,8244.0,0.0,0.0,0.0,3.0,1,0,0.0,0.0,0.0,96,,,,,,99,,,,,,94583.0,6,68.0,175.0,6.0,1.0,0.0,0.0,0.0,0.0,,0,,,,,,4,,,20,0,0,0,0.0,1,8,,,0,0.0,0.0,8,1,2.0,1.0,,,1.0,,,2,1,0.0,,,,,,,,,,,,,,,,,,,,,,,,,,,,,,0,0,0,0,1,0,0,0,0,0,0,0,1,0,0,0,0,0,0,0,0,0,0,1,1,0,0,0,0,1,0,0,0,0,0,,1,0,0,0,0,0,0,0,0,1,0,0,0,0,0,1,,,,,,21-25,16-25,State route,R,Wednesday,Belt Used,PV,Oth/Unk,0,1,0,0,State Route,State Patrol,Washington State Patrol,1,1,0,0,0,,,,,,0.0,0.0,0.0,,,,,,,,,,,98.0,98.0,98.0,98.0,,,,,20.0,7.0,,,,,,,,,,,,,,,,98244
1657,2019,54,E897680,14.0,01/27/2019,8:17,27,1,,11,Clark,0,1,0.0,1,1,2,1,0,1,1,,,,1,0,0,2.2,1,0,1,5,1,2,4,0,0,0,0,CR-NE LUCIA FALLS RD,,-122.4506833,45.840677778,0,1,2,11,2,40,34,0,0,1,7,1,1,2,2,1,1,1,1,53,0,7,482,1999,0,0.0,63,69.0,63.0,1.0,42.0,,1,1,33,8,7.0,,4,7,20,7,11,0,01/27/2019,8:17,53004780.0,4780.0,0.0,0.0,0.0,3.0,1,0,0.0,0.0,0.0,93,,,,,,99,,,,,,98675.0,53,70.0,200.0,6.0,1.0,0.0,0.0,0.0,1.0,,0,,,,,,3,04/15/2017,06/15/2017,20,0,0,1,0.0,9,8,,,0,0.0,0.0,8,9,2.0,996.0,401.0,417.0,1.0,1.0,1.0,2,1,0.0,,,,,,,,,,,,,,,,,,,,,,,,,,,,,,0,0,0,0,0,0,1,1,0,0,0,0,1,0,0,0,1,0,0,1,0,0,0,0,0,0,0,0,0,1,0,0,0,1,0,,1,0,0,0,0,0,1,1,1,1,0,0,0,0,1,0,,,,,,31-35,26-35,County road,R,Sunday,Not Used,PV,White,0,1,0,0,County Road,County Sheriff,Clark County Sheriff's Office,1,0,1,0,0,,,,,,0.0,0.0,1.0,,,,,,,,,,,0.0,0.0,0.0,1.0,,,,,20.0,7.0,,,,,,,,,,,,,,,,98675
1658,2019,55,E897773,188.0,02/22/2019,18:48,22,2,,33,King,1264,2,0.0,3,2,1,1,1,4,2,,,,8,0,0,12.4,3,0,2,3,2,1,3,0,0,0,0,SR-169,SE 253RD PL,-122.0248028,47.374808333,0,1,13,80,5,45,20,0,0,1,7,8,1,3,5,1,1,2,2,53,0,37,441,2014,0,0.0,8,,,,,,1,1,43,2,0.0,,0,0,3,0,11,0,,,,,0.0,0.0,3.0,3.0,1,0,0.0,0.0,0.0,0,,,,,,0,,,,,,98038.0,53,68.0,140.0,6.0,1.0,0.0,0.0,0.0,0.0,,0,,,,,,0,,,20,0,0,0,8.0,9,8,,,0,0.0,0.0,8,0,8.0,95.0,,,96.0,,,8,95,995.0,,,,,,,,,,,,,,,,,,,,,,,,,,,,,,0,0,0,1,0,0,0,0,0,0,0,0,0,0,0,0,0,0,0,0,0,0,0,0,0,0,0,0,0,1,0,1,0,0,0,,0,0,0,0,0,0,0,0,0,0,0,0,0,0,0,0,,,,,,41-45,36-45,State route,U,Friday,Belt Used,PV,Not Fatal,1,0,0,0,State Route,Municipal/City Police,Maple Valley Police Dept,0,1,0,0,0,,,,,,0.0,0.0,0.0,,,,,,,,,,,98.0,98.0,98.0,0.0,,,,,20.0,7.0,,,,,,,,,,,,,,,,98038
1659,2019,55,E897773,188.0,02/22/2019,18:48,22,2,,33,King,1264,2,0.0,3,2,1,1,1,4,2,,,,8,0,0,12.4,3,0,2,3,2,1,3,0,0,0,0,SR-169,SE 253RD PL,-122.0248028,47.374808333,0,2,98,98,7,45,4,0,0,1,5,8,1,3,5,1,1,2,1,53,0,37,31,2001,0,0.0,8,,,,,,1,1,58,1,0.0,,0,0,3,0,11,0,,,,,0.0,0.0,0.0,3.0,1,0,0.0,0.0,0.0,0,,,,,,0,,,,,,98058.0,53,71.0,184.0,6.0,1.0,0.0,0.0,0.0,0.0,,0,,,,,,0,,,20,0,0,0,8.0,9,8,,,0,0.0,0.0,8,0,8.0,95.0,,,96.0,,,8,95,995.0,,,,,,,,,,,,,,,,,,,,,,,,,,,,,,0,0,0,1,0,0,0,0,0,0,0,0,0,0,0,0,0,0,0,0,0,0,0,0,0,0,0,0,0,1,0,1,0,0,0,,0,0,0,0,0,0,0,0,0,0,0,0,0,0,0,0,,,,,,56-60,56-65,State route,U,Friday,Belt Used,PV,Not Fatal,1,0,0,0,State Route,Municipal/City Police,Maple Valley Police Dept,0,1,0,0,0,,,,,,0.0,0.0,0.0,,,,,,,,,,,98.0,98.0,98.0,0.0,,,,,20.0,7.0,,,,,,,,,,,,,,,,98038
1660,2019,56,E897795,4.0,02/27/2019,8:24,27,2,,1,Adams,0,4,0.0,1,10,2,1,0,2,2,,,,12,0,6,87.5,1,0,1,3,1,1,3,0,0,0,0,SR-26,,-118.2216333,46.742308333,0,1,66,6,1,65,14,0,0,1,2,1,1,1,2,1,1,1,1,53,0,48,403,2019,0,0.0,12,63.0,1.0,,,,1,1,29,2,7.0,,4,7,3,0,11,0,02/27/2019,9:58,243053010223.0,10223.0,0.0,0.0,3.0,3.0,1,87,0.0,0.0,0.0,96,,,,,,99,,,,,,98851.0,53,66.0,170.0,6.0,1.0,0.0,0.0,0.0,0.0,,0,,,,,,4,,,8,0,0,0,0.0,9,8,,,0,0.0,0.0,8,0,2.0,1.0,,,1.0,,,2,1,0.0,,,,,,,,,,,,,,,,,,,,,,,,,,,,,,0,0,0,0,0,0,0,0,0,0,0,0,1,0,0,0,0,0,0,0,0,0,0,0,0,0,0,0,0,1,1,0,0,0,0,,1,0,0,0,0,0,0,0,0,1,0,0,0,0,0,0,,,,,,26-30,26-35,State route,R,Wednesday,Belt Used,PV,White,0,1,1,0,State Route,State Patrol,Washington State Patrol,0,1,0,0,0,,,,,,0.0,0.0,0.0,,,,,,,,,,,98.0,98.0,98.0,1.0,,,,,20.0,7.0,,,,,,,,,,,,,,,,99333
1661,2019,56,E897795,4.0,02/27/2019,8:24,27,2,,1,Adams,0,4,0.0,1,10,2,1,0,2,2,,,,12,0,6,87.5,1,0,1,3,1,1,3,0,0,0,0,SR-26,,-118.2216333,46.742308333,0,2,66,62,4,60,66,1,0,1,7,1,1,1,2,1,1,1,3,17,0,82,881,2015,0,0.0,12,63.0,1.0,,,,1,1,29,1,0.0,,0,0,3,0,11,0,,,,,6.0,1.0,0.0,3.0,1,0,0.0,0.0,0.0,96,,,,,,0,,,,,,98682.0,53,76.0,200.0,6.0,1.0,0.0,0.0,1.0,2.0,,0,,,,,,0,03/15/2014,06/15/2016,99,0,0,0,8.0,9,8,,,0,0.0,0.0,8,0,8.0,95.0,,,96.0,,,8,95,995.0,,,,,,,,,,,,,,,,,,,,,,,,,,,,,,0,0,0,0,0,0,0,0,0,0,0,0,1,0,0,0,0,0,0,0,0,0,0,0,0,0,0,0,0,1,1,0,0,0,0,,0,0,0,0,0,0,0,0,0,0,0,0,0,0,0,0,,,,,,26-30,26-35,State route,R,Wednesday,,MHTRUCK,Not Fatal,0,1,1,0,State Route,State Patrol,Washington State Patrol,0,1,0,0,0,,,,,,0.0,0.0,0.0,,,,,,,,,,,98.0,98.0,98.0,0.0,,,,,20.0,7.0,,,,,,,,,,,,,,,,99333
1662,2019,57,E898880,146.0,02/23/2019,15:45,23,2,,77,Yakima,0,1,0.0,1,1,2,1,0,2,2,,,,12,0,6,13.0,2,0,2,6,1,2,4,0,3,20,3,CR-PROGRESSIVE RD,CAMPBELLL RD,-120.4383611,46.419055556,0,1,89,17,2,50,4,0,0,1,7,12,1,1,2,1,1,1,1,53,0,20,2,2001,0,0.0,12,,,,,,1,1,25,1,1.0,,4,7,20,7,11,0,02/23/2019,15:45,53009006.0,9006.0,0.0,0.0,0.0,0.0,1,39,0.0,0.0,0.0,96,,,,,,99,,,,,,98952.0,53,65.0,140.0,0.0,0.0,0.0,0.0,0.0,0.0,,0,,,,,,0,,,8,0,0,0,0.0,9,8,,,0,0.0,0.0,8,9,2.0,695.0,605.0,,1.0,1.0,,2,1,0.0,,,,,,,,,,,,,,,,,,,,,,,,,,,,,,0,0,0,1,0,0,1,1,1,0,0,0,0,1,0,0,0,0,0,1,0,0,0,1,1,0,0,0,0,1,0,0,0,1,0,,1,0,0,0,0,0,1,1,0,0,0,1,0,0,1,0,,,,,,21-25,16-25,County road,R,Saturday,Not Used,PV,Hispanic,1,0,0,0,County Road,County Sheriff,Yakima County Sheriff's Office,0,0,1,0,0,thc,11.0,carboxy-thc,98.0,,0.0,0.0,0.0,,,,,,,,,,,98.0,98.0,98.0,1.0,,,,,20.0,7.0,,,,,,,,,,,,,,,,98951
1663,2019,57,E898880,146.0,02/23/2019,15:45,23,2,,77,Yakima,0,1,0.0,1,1,2,1,0,2,2,,,,12,0,6,13.0,2,0,2,6,1,2,4,0,3,0,0,CR-PROGRESSIVE RD,CAMPBELLL RD,-120.4383611,46.419055556,0,2,88,66,4,50,34,0,0,1,7,1,1,1,2,1,1,1,1,53,0,7,482,2016,0,0.0,12,1.0,,,,,1,1,32,1,0.0,,2,0,3,0,11,8,,,,,0.0,0.0,0.0,3.0,1,0,0.0,0.0,0.0,96,,,,,,0,,,,,,98951.0,53,71.0,190.0,6.0,1.0,0.0,0.0,0.0,0.0,,0,,,,,,0,,,8,0,0,0,8.0,9,8,,,0,0.0,0.0,8,0,8.0,95.0,,,96.0,,,8,95,995.0,,,,,,,,,,,,,,,,,,,,,,,,,,,,,,0,0,0,1,0,0,1,1,1,0,0,0,0,1,0,0,0,0,0,1,0,0,0,1,1,0,0,0,0,1,0,0,0,0,0,,0,0,0,0,0,0,0,0,0,0,0,0,0,0,0,0,,,,,,31-35,26-35,County road,R,Saturday,Belt Used,PV,Not Fatal,1,0,0,0,County Road,County Sheriff,Yakima County Sheriff's Office,0,0,1,0,0,,,,,,0.0,0.0,0.0,,,,,,,,,,,98.0,98.0,98.0,0.0,,,,,20.0,7.0,,,,,,,,,,,,,,,,98951
1664,2019,58,E899053,4.0,02/27/2019,11:35,27,2,,43,Lincoln,0,4,0.0,1,10,2,1,0,2,2,,,,12,0,2,36.2,1,0,1,5,1,1,3,0,0,0,0,SR-231,,-117.88215,47.740294444,0,1,50,6,1,55,14,0,0,1,2,12,2,2,2,1,14,1,3,16,0,18,405,2017,0,0.0,68,12.0,,,,,1,1,62,1,7.0,,4,0,3,0,11,4,02/27/2019,14:02,211053009637.0,9637.0,0.0,0.0,0.0,3.0,1,28,87.0,0.0,0.0,96,,,,,,0,,,,,,97030.0,41,74.0,250.0,6.0,1.0,0.0,0.0,1.0,1.0,,0,,,,,,4,08/15/2015,12/15/2015,8,0,0,0,1.0,9,8,,,0,0.0,0.0,8,0,2.0,605.0,695.0,996.0,1.0,1.0,1.0,2,1,0.0,,,,,,,,,,,,,,,,,,,,,,,,,,,,,,0,0,0,0,0,0,1,1,1,0,0,0,1,0,0,0,0,0,0,0,0,0,0,0,0,0,0,0,0,1,1,0,0,0,0,,1,0,0,0,0,0,1,1,0,1,0,0,0,0,1,0,,,,,,61-65,56-65,State route,R,Wednesday,Belt Used,PV,AIAN,0,1,1,0,State Route,State Patrol,Washington State Patrol,0,1,0,0,0,thc,71.0,carboxy-thc,888.0,,0.0,0.0,0.0,,,,,,,,,,,98.0,98.0,98.0,3.0,,,,,20.0,7.0,,,,,,,,,,,,,,,,
1665,2019,58,E899053,4.0,02/27/2019,11:35,27,2,,43,Lincoln,0,4,0.0,1,10,2,1,0,2,2,,,,12,0,2,36.2,1,0,1,5,1,1,3,0,0,0,0,SR-231,,-117.88215,47.740294444,0,2,51,62,4,55,66,1,0,1,7,12,3,2,2,1,14,1,3,53,0,87,881,1997,0,0.0,12,,,,,,1,1,64,1,0.0,,0,0,3,0,11,0,,,,,6.0,1.0,3.0,3.0,1,0,0.0,0.0,0.0,96,,,,,,0,,,,,,99114.0,53,72.0,290.0,6.0,1.0,0.0,2.0,1.0,1.0,,0,,,,,,0,08/15/2015,11/15/2018,20,0,0,0,8.0,9,8,,,0,0.0,0.0,8,0,8.0,95.0,,,96.0,,,8,95,995.0,,,,,,,,,,,,,,,,,,,,,,,,,,,,,,0,0,0,0,0,0,1,1,1,0,0,0,1,0,0,0,0,0,0,0,0,0,0,0,0,0,0,0,0,1,1,0,0,0,0,,0,0,0,0,0,0,0,0,0,0,0,0,0,0,0,0,,,,,,61-65,56-65,State route,R,Wednesday,,MHTRUCK,Not Fatal,0,1,1,0,State Route,State Patrol,Washington State Patrol,0,1,0,0,0,,,,,,0.0,0.0,0.0,,,,,,,,,,,0.0,0.0,0.0,0.0,,,,,20.0,7.0,,,,,,,,,,,,,,,,
1666,2019,59,E899099,3.0,03/04/2019,16:36,4,3,,53,Pierce,0,1,0.0,1,1,2,1,0,3,2,,,,12,0,2,19.3,1,0,1,4,2,1,3,0,0,0,0,SR-165,,-122.0548778,47.136772222,0,1,50,6,1,50,80,0,0,1,2,12,2,1,2,1,14,1,1,53,0,72,706,2008,0,0.0,68,12.0,,,,,1,1,59,1,7.0,,4,7,20,7,11,0,03/04/2019,16:36,53010529.0,10529.0,0.0,0.0,0.0,3.0,1,28,0.0,0.0,0.0,96,,,,,,99,,,,,,98022.0,53,72.0,210.0,6.0,1.0,0.0,0.0,0.0,0.0,,0,,,,,,4,,,20,8,0,0,0.0,9,8,,,0,0.0,0.0,8,9,2.0,1.0,,,1.0,,,2,1,0.046,,,,,,,,,,,,,,,,,,,,,,,,,,,,,,0,0,0,0,1,0,0,0,0,0,0,0,1,0,0,0,0,0,0,0,0,0,0,0,0,0,0,0,1,1,0,0,0,0,1,0.0,0,0,0,0,1,0,0,0,0,1,0,0,1,0,0,1,,,,,,56-60,56-65,State route,U,Monday,,MC,White,0,1,1,0,State Route,State Patrol,Washington State Patrol,0,1,0,0,0,,,,,,0.0,0.0,0.0,,,,,,,,,,,0.0,0.0,0.0,1.0,,,,,5.0,0.0,,,,,,,,,,,,,,,,19321