,year,case,par,repjur,crash_dt,crash_tm,accday,accmon,holiday,county,co_char,city,weather,weather2,lightcond,surfcond,surftype,numfatal,nmforms,pforms,vforms,not_tm,arr_tm,hosp_tm,fhevent,hitrun,manncol,milepnt,reljunc,reljuncinter,intersectiontype,funcsystem,landuse,ownership,route,schlbus,spejur,contdev,devfunc,trafid1,trafid2,x,y,wk_zone,vnumber,crashtype,criticalevent,criticaleventcat,spdlim,body,trailer,emerg,hazcargo,leave,mhevent,roadalgn,roadprof,traflane,trafflow,vehmanvr,numoccs,regowner,regstate,spuse,make,model,modelyr,vrf1,vrf2,seqevent1,seqevent2,seqevent3,seqevent4,seqevent5,seqevent6,pnumber,ptype,age,sex,hispanic,race,injury,diedscene,restraint,restraintmisuse,seatpos,takehosp,death_dt,death_tm,cert,cernum_wa,commlic,licendor,licrestrict,liccomp,drivpres,drf1,drf2,drf3,drf4,distract1,distract2,distract3,distract4,distract5,distract6,dricond1,dricond2,dricond3,dricond4,dricond5,dricond6,dzip,licstate,drhgt_in,weight,noncdl,noncdltype,prevdwi,prevoth,prevacc,prevspd,prevsus,driviol1,driviol2,driviol3,driviol4,driviol5,driviol6,spdrel,first_dt,last_dt,airbag,ejection,ejectpath,extricat,injurwrk,methalc,methdrug,nmlocat,strikveh,prf1,prf2,prf3,druginv,alcinvol,drugsts,drugres1,drugres2,drugres3,drugtst1,drugtst2,drugtst3,alcsts,alctst,alcres,nmact1,nmact2,nmact3,nmact4,nmact5,nmact6,nmprior1,nmprior2,nmprior3,nmprior4,nmprior5,nmprior6,nmcond1,nmcond2,nmcond3,nmcond4,nmcond5,nmcond6,nmsafe_helmet,nmsafe_pads,nmsafe_oth,nmprev_ref,nmprev_lgt,nmprev_oth,crashlocation,nmcrashtype,crosswalk,schoolzone,sidewalk,train_inv,wildlife_inv,rotr_fars,intersect_fars,dd_inv,aid_inv,dpd_inv,id_inv,mj_inv,impnm_inv,ainm_inv,dpnm_inv,speed_inv,unlic_inv,unendmc_inv,drowsy_inv,drdist_inv,nmdist_inv,fty_inv,unrestfat_inv,dr1617_inv,dr1820_inv,dr1620_inv,dr2125_inv,dr1625_inv,dr65_inv,dr70_inv,dr75_inv,mc_inv,pv_inv,ht_inv,ped_inv,bike_inv,unrest_fat,mc_fat,unhelmet_mc,pv_fat,ht_fat,ped_fat,bike_fat,dr_alc7,dr_alc8,dr_drug,dr_imp,dr_dist,dr_spd,dr_fty,dr_unlic,dr_alc7only,dr_alc8only,dr_drugonly,dr_drink,nm_imp,nm_alc7,nm_alc8,nm_drug,nm_dist,agegrp1,agegrp2,roadclass,urbrur,dayweek,restuse,vehtype,race_me,intersect,lanedep,oppdir,wrongway,rep_typ,investag,repag_long,rotr,st_rd,cty_rd,city_rd,oth_rd,drug_thc,thc_res,drug_cthc,cthc_res,drug_cann,prevpersemin,prevperse,prevsusoth,drugtst4,drugtst5,drugtst6,drugtst7,drugtst8,drugres4,drugres5,drugres6,drugres7,drugres8,adspresent,adsengaged,adslevel,race1,race2,race3,race4,race5,helmet,helmetmisuse,nmdistract1,nmdistract2,nmdistract3,nmdistract4,nmdistract5,nmdistract6,lab,isedtcase,crf1,crf2,crf3,CoRoadName,CoMP,IntCoRoadName,IntCoMP,zipcode
1704,2019,80,E903805,8.0,03/19/2019,6:40,19,3,,35,Kitsap,0,1,0.0,4,1,2,1,0,2,2,,,,12,0,6,33.8,2,0,2,3,2,1,3,0,0,0,0,SR-3,DIVISION AVE,-122.7130889,47.523972222,0,1,68,15,2,50,34,0,0,1,5,12,1,2,4,1,11,1,3,53,0,20,481,2004,0,0.0,12,,,,,,1,1,37,1,0.0,,0,0,3,0,11,0,,,,,0.0,0.0,0.0,3.0,1,38,0.0,0.0,0.0,93,,,,,,0,,,,,,98528.0,53,69.0,200.0,6.0,1.0,0.0,0.0,0.0,0.0,,46,,,,,,0,,,20,0,0,0,8.0,9,8,,,0,0.0,0.0,8,0,8.0,95.0,,,96.0,,,8,95,995.0,,,,,,,,,,,,,,,,,,,,,,,,,,,,,,0,0,0,1,0,0,0,0,0,0,0,0,0,0,0,0,1,0,1,0,0,0,0,0,0,0,0,0,1,1,0,0,0,0,0,,0,0,0,0,0,0,0,0,1,0,1,0,0,0,0,0,,,,,,36-40,36-45,State route,U,Tuesday,Belt Used,PV,Not Fatal,1,0,0,0,State Route,State Patrol,Washington State Patrol,0,1,0,0,0,,,,,,0.0,0.0,0.0,,,,,,,,,,,98.0,98.0,98.0,0.0,,,,,20.0,7.0,,,,,,,,,,,,,,,,98367
1705,2019,80,E903805,8.0,03/19/2019,6:40,19,3,,35,Kitsap,0,1,0.0,4,1,2,1,0,2,2,,,,12,0,6,33.8,2,0,2,3,2,1,3,0,0,0,0,SR-3,DIVISION AVE,-122.7130889,47.523972222,0,2,69,62,4,50,80,0,0,1,2,12,1,2,4,1,1,1,1,53,0,73,706,2001,0,0.0,12,,,,,,1,1,55,1,7.0,,4,7,20,7,11,0,03/19/2019,6:40,53012940.0,12940.0,0.0,0.0,0.0,3.0,1,0,0.0,0.0,0.0,96,,,,,,99,,,,,,98339.0,53,67.0,200.0,6.0,1.0,0.0,0.0,0.0,0.0,,0,,,,,,0,,,20,8,0,0,0.0,9,8,,,0,0.0,0.0,8,9,2.0,1.0,,,1.0,,,2,1,0.0,,,,,,,,,,,,,,,,,,,,,,,,,,,,,,0,0,0,1,0,0,0,0,0,0,0,0,0,0,0,0,1,0,1,0,0,0,0,0,0,0,0,0,1,1,0,0,0,0,1,0.0,0,0,0,0,0,0,0,0,0,0,0,0,0,0,0,0,,,,,,51-55,46-55,State route,U,Tuesday,,MC,White,1,0,0,0,State Route,State Patrol,Washington State Patrol,0,1,0,0,0,,,,,,0.0,0.0,0.0,,,,,,,,,,,0.0,0.0,0.0,1.0,,,,,5.0,0.0,,,,,,,,,,,,,,,,98367
1706,2019,81,E905386,113.0,03/18/2019,20:23,18,3,,61,Snohomish,590,1,0.0,3,1,2,1,1,1,1,,,,8,0,0,37.6,1,0,1,3,2,1,3,0,0,0,0,SR-99,,-122.3424528,47.784741667,0,1,13,80,5,45,14,0,0,1,5,8,1,2,7,5,1,1,2,53,0,63,402,2013,0,0.0,8,,,,,,1,1,42,2,0.0,,0,0,99,7,11,0,,,,,0.0,0.0,0.0,3.0,1,0,0.0,0.0,0.0,92,,,,,,0,,,,,,98177.0,53,66.0,168.0,6.0,1.0,0.0,0.0,0.0,0.0,,0,,,,,,0,,,20,0,0,0,8.0,9,8,,,0,0.0,0.0,8,0,8.0,95.0,,,96.0,,,8,95,995.0,,,,,,,,,,,,,,,,,,,,,,,,,,,,,,0,0,0,0,0,0,0,0,0,1,0,1,0,0,0,0,1,1,0,0,0,0,0,0,0,0,0,0,0,1,0,1,0,0,0,,0,0,0,0,0,0,0,0,1,0,0,0,0,0,0,0,,,,,,41-45,36-45,State route,U,Monday,Unknown,PV,Not Fatal,1,0,0,0,State Route,Municipal/City Police,Edmonds Police Department,0,1,0,0,0,,,,,,0.0,0.0,0.0,,,,,,,,,,,98.0,98.0,98.0,0.0,,,,,20.0,7.0,,,,,,,,,,,,,,,,98026
1707,2019,82,E905389,298.0,03/21/2019,1:05,21,3,,67,Thurston,2320,1,0.0,3,1,2,1,0,2,1,,,,30,0,0,0.0,1,0,1,7,2,4,6,0,0,0,0,LAKE PARK DR SW,,-122.9187778,47.002194444,0,1,2,6,1,25,2,0,0,1,7,30,2,1,2,1,14,2,2,53,0,37,32,1991,0,0.0,63,30.0,,,,,1,1,23,1,0.0,,0,0,99,7,11,0,,,,,0.0,0.0,3.0,3.0,1,91,0.0,0.0,0.0,93,,,,,,9,,,,,,98503.0,53,66.0,138.0,6.0,1.0,0.0,1.0,0.0,2.0,,1,,,,,,4,05/15/2015,08/15/2018,20,0,0,0,8.0,9,8,,,0,0.0,0.0,8,1,2.0,1.0,,,1.0,,,2,1,0.25,,,,,,,,,,,,,,,,,,,,,,,,,,,,,,0,0,0,0,1,1,0,1,0,0,0,0,1,0,0,0,1,0,0,0,0,0,0,1,1,0,0,0,0,1,0,0,0,0,0,,0,0,0,0,0,1,0,1,1,1,0,0,0,1,0,1,,,,,,21-25,16-25,City street,U,Thursday,Unknown,PV,Not Fatal,0,1,0,0,City Street,Municipal/City Police,Tumwater Police Department,1,0,0,1,0,,,,,,0.0,0.0,0.0,,,,,,,,,,,0.0,0.0,0.0,0.0,,,,,20.0,7.0,,,,,,,,,,,,,,,,98512
1708,2019,83,E905622,2.0,03/24/2019,1:18,24,3,,57,Skagit,0,1,0.0,2,1,2,1,1,1,1,,,,8,1,0,1.6,1,0,1,7,2,2,4,0,3,0,0,CR-INDIAN RD,,-122.5217667,48.400383333,0,1,13,80,5,35,2,0,0,1,5,8,1,2,8,8,1,1,2,53,0,54,37,2001,0,0.0,8,,,,,,1,1,44,2,0.0,,0,0,99,7,11,0,,,,,0.0,0.0,0.0,3.0,1,0,0.0,0.0,0.0,92,,,,,,99,,,,,,98275.0,53,67.0,172.0,6.0,1.0,0.0,0.0,0.0,0.0,,7,,,,,,0,,,20,0,0,0,8.0,9,8,,,0,0.0,0.0,8,9,8.0,95.0,,,96.0,,,8,95,995.0,,,,,,,,,,,,,,,,,,,,,,,,,,,,,,0,0,0,0,0,0,0,0,0,1,1,0,0,0,0,0,1,0,0,0,0,0,0,0,0,0,0,0,0,1,0,1,0,0,0,,0,0,0,0,0,0,0,0,1,0,0,0,0,0,0,0,,,,,,41-45,36-45,County road,U,Sunday,Unknown,PV,Not Fatal,0,0,0,0,County Road,State Patrol,Washington State Patrol,0,0,1,0,0,,,,,,0.0,0.0,0.0,,,,,,,,,,,98.0,98.0,98.0,0.0,,,,,20.0,7.0,,,,,,,,,,,,,,,,98257
1709,2019,84,E905625,278.0,03/22/2019,16:58,22,3,,63,Spokane,2110,1,0.0,1,11,2,1,0,1,1,,,,33,0,0,0.0,1,0,1,7,2,4,6,0,0,0,0,E NORTH FOOTHILLS DR,,-117.3853528,47.686077778,0,1,2,6,1,30,80,0,0,1,7,1,3,1,4,1,1,1,1,53,0,72,706,2002,0,0.0,63,33.0,1.0,,,,1,1,30,1,7.0,,4,7,20,7,11,0,03/22/2019,17:05,211053013883.0,13883.0,0.0,0.0,0.0,3.0,1,0,0.0,0.0,0.0,96,,,,,,99,,,,,,99207.0,53,66.0,185.0,6.0,1.0,0.0,2.0,1.0,0.0,,0,,,,,,4,01/15/2016,02/15/2018,20,8,0,0,0.0,9,8,,,0,0.0,0.0,8,9,2.0,1.0,,,1.0,,,2,1,0.14,,,,,,,,,,,,,,,,,,,,,,,,,,,,,,0,0,0,0,1,1,0,1,0,0,0,0,1,0,0,0,0,0,0,0,0,0,0,0,0,0,0,0,1,0,0,0,0,0,1,0.0,0,0,0,0,0,1,0,1,0,1,0,0,0,1,0,1,,,,,,26-30,26-35,City street,U,Friday,,MC,White,0,1,0,0,City Street,Municipal/City Police,Spokane Police Department,1,0,0,1,0,,,,,,0.0,0.0,0.0,,,,,,,,,,,0.0,0.0,0.0,1.0,,,,,19.0,0.0,,,,,,,,,,,,,,,,99207
1710,2019,85,E885424,122.0,01/22/2019,17:45,22,1,,61,Snohomish,690,1,0.0,3,2,2,1,1,1,1,,,,8,0,0,0.0,3,0,2,3,2,4,6,0,0,2,3,PACIFIC AVE,COLBY AVE,-122.2085472,47.976530556,0,1,13,80,5,98,14,0,0,1,7,8,1,1,5,1,1,1,3,53,0,20,401,1994,0,0.0,8,,,,,,1,1,59,1,0.0,,0,0,3,0,11,0,,,,,0.0,0.0,0.0,3.0,1,0,0.0,0.0,0.0,96,,,,,,0,,,,,,98011.0,53,65.0,175.0,6.0,1.0,0.0,0.0,0.0,0.0,,0,,,,,,0,,,20,0,0,0,8.0,9,8,,,0,0.0,0.0,8,0,2.0,1.0,,,1.0,,,2,1,0.0,,,,,,,,,,,,,,,,,,,,,,,,,,,,,,0,0,0,1,0,0,0,0,0,0,0,0,0,0,0,0,0,1,0,0,0,0,0,0,0,0,0,0,0,1,0,1,0,0,0,,0,0,0,0,0,0,0,0,0,0,0,0,0,0,0,0,,,,,,56-60,56-65,City street,U,Tuesday,Belt Used,PV,Not Fatal,1,0,0,0,City Street,Municipal/City Police,Everett Police Department,0,0,0,1,0,,,,,,0.0,0.0,0.0,,,,,,,,,,,0.0,0.0,0.0,0.0,,,,,20.0,7.0,,,,,,,,,,,,,,,,98120
1711,2019,86,E906372,36.0,03/26/2019,5:18,26,3,,55,San Juan,0,2,0.0,2,2,2,1,0,1,1,,,,42,0,0,1.5,1,0,1,7,2,2,4,0,0,0,0,CR-EGG LAKE RD,,-123.08925,48.556313889,0,1,6,12,2,35,34,0,0,1,2,42,2,1,2,1,1,1,1,53,0,23,471,1997,0,0.0,68,64.0,42.0,,,,1,1,40,1,7.0,,4,7,20,7,11,0,03/26/2019,,53014351.0,14351.0,0.0,0.0,3.0,3.0,1,0,0.0,0.0,0.0,96,,,,,,99,,,,,,98250.0,53,69.0,150.0,6.0,1.0,0.0,1.0,0.0,1.0,,0,,,,,,4,03/15/2014,02/15/2015,1,0,0,1,0.0,9,8,,,0,0.0,0.0,8,9,2.0,605.0,695.0,,1.0,1.0,,2,1,0.27,,,,,,,,,,,,,,,,,,,,,,,,,,,,,,0,0,1,0,1,1,1,1,1,0,0,0,1,0,0,0,0,0,0,1,0,0,0,0,0,0,0,0,0,1,0,0,0,1,0,,1,0,0,0,0,1,1,1,0,1,0,0,0,0,0,1,,,,,,36-40,36-45,County road,U,Tuesday,Not Used,PV,White,0,1,0,0,County Road,County Sheriff,San Juan County Sheriff's Office,1,0,1,0,0,thc,22.0,carboxy-thc,11.0,,0.0,0.0,1.0,,,,,,,,,,,0.0,0.0,0.0,1.0,,,,,20.0,7.0,,,,,,,,,,,,,,,,
1712,2019,87,E906407,7.0,03/22/2019,5:42,22,3,,33,King,0,10,0.0,2,1,2,1,0,3,2,,,,12,0,1,24.2,1,0,1,1,1,1,1,0,0,0,0,I-90,,-121.8735889,47.510325,0,1,20,50,3,70,52,0,0,1,5,12,8,8,4,3,15,1,3,94,3,98,988,2019,0,0.0,12,,,,,,1,1,57,2,0.0,,0,0,3,0,11,0,,,,,6.0,3.0,0.0,3.0,1,0,0.0,0.0,0.0,96,,,,,,0,,,,,,55433.0,27,,999.0,6.0,1.0,0.0,0.0,0.0,0.0,,97,,,,,,0,,,20,0,0,0,8.0,9,8,,,0,0.0,0.0,8,0,8.0,95.0,,,96.0,,,8,95,995.0,,,,,,,,,,,,,,,,,,,,,,,,,,,,,,0,0,0,0,0,0,1,1,1,0,0,0,0,1,0,0,0,0,0,0,0,0,0,0,0,0,0,0,0,1,0,0,0,0,0,,0,0,0,0,0,0,0,0,0,0,0,0,0,0,0,0,,,,,,56-60,56-65,Interstate,R,Friday,,BUS,Not Fatal,0,0,0,0,State Route,State Patrol,Washington State Patrol,0,1,0,0,0,,,,,,0.0,0.0,0.0,,,,,,,,,,,98.0,98.0,98.0,0.0,,,,,20.0,7.0,,,,,,,,,,,,,,,,98065
1713,2019,87,E906407,7.0,03/22/2019,5:42,22,3,,33,King,0,10,0.0,2,1,2,1,0,3,2,,,,12,0,1,24.2,1,0,1,1,1,1,1,0,0,0,0,I-90,,-121.8735889,47.510325,0,2,21,53,3,70,4,0,0,1,2,12,8,8,4,3,5,2,2,53,0,48,34,1999,0,0.0,12,,,,,,1,1,56,1,7.0,,4,7,3,0,11,0,03/22/2019,5:42,53013894.0,13894.0,0.0,0.0,3.0,2.0,1,0,0.0,0.0,0.0,96,,,,,,99,,,,,,98801.0,53,71.0,198.0,1.0,1.0,0.0,4.0,0.0,0.0,,0,,,,,,0,11/15/2014,02/15/2019,20,0,0,0,0.0,9,8,,,0,0.0,0.0,8,9,2.0,996.0,401.0,417.0,1.0,1.0,1.0,2,1,0.0,,,,,,,,,,,,,,,,,,,,,,,,,,,,,,0,0,0,0,0,0,1,1,1,0,0,0,0,1,0,0,0,0,0,0,0,0,0,0,0,0,0,0,0,1,0,0,0,0,0,,1,0,0,0,0,0,1,1,0,0,0,1,0,0,1,0,,,,,,56-60,56-65,Interstate,R,Friday,Belt Used,PV,White,0,0,0,0,State Route,State Patrol,Washington State Patrol,0,1,0,0,0,thc,0.78,,,,0.0,0.0,6.0,1.0,1.0,,,,177.0,605.0,,,,0.0,0.0,0.0,1.0,,,,,20.0,7.0,,,,,,,nms,,,,,,,,,98065
1714,2019,88,E906643,26.0,03/28/2019,21:16,28,3,,35,Kitsap,0,1,0.0,2,1,2,1,0,1,1,,,,24,0,0,0.4,1,0,1,4,2,2,4,0,0,0,0,CR-SEABECK HWY NW,,-122.7214361,47.588630556,0,1,1,13,2,35,80,0,0,1,7,24,3,2,2,1,14,1,1,53,0,37,705,2018,0,0.0,63,24.0,,,,,1,1,21,1,7.0,,4,7,20,7,11,0,03/28/2019,21:16,53014691.0,14691.0,0.0,0.0,0.0,3.0,1,0,0.0,0.0,0.0,96,,,,,,9,,,,,,98312.0,53,70.0,160.0,6.0,1.0,0.0,1.0,0.0,1.0,,0,,,,,,4,06/15/2017,08/15/2017,20,8,0,0,0.0,9,8,,,0,0.0,0.0,8,1,2.0,1.0,,,1.0,,,2,1,0.33,,,,,,,,,,,,,,,,,,,,,,,,,,,,,,0,0,1,0,1,1,0,1,0,0,0,0,1,0,0,0,0,0,0,0,0,0,0,1,1,0,0,0,1,0,0,0,0,0,1,0.0,0,0,0,0,0,1,0,1,0,1,0,0,0,1,0,1,,,,,,21-25,16-25,County road,U,Thursday,,MC,White,0,1,0,0,County Road,County Sheriff,Kitsap County Sheriff's Office,1,0,1,0,0,,,,,,0.0,0.0,0.0,,,,,,,,,,,0.0,0.0,0.0,1.0,,,,,19.0,0.0,,,,,,,,,,,,,,,,98312
1715,2019,89,E907057,1.0,03/22/2019,13:00,22,3,,23,Garfield,0,1,0.0,1,1,2,1,0,1,1,,,,32,0,0,390.8,1,0,1,3,1,1,2,0,0,0,0,US-12,,-117.7733472,46.498305556,0,1,6,12,2,60,14,0,0,1,2,3,2,1,2,1,14,1,2,53,0,12,401,1998,0,0.0,68,64.0,32.0,1.0,42.0,3.0,1,1,24,1,7.0,,4,7,20,7,11,0,03/22/2019,13:00,53014134.0,14134.0,6.0,0.0,0.0,3.0,1,0,0.0,0.0,0.0,93,,,,,,99,,,,,,99403.0,53,73.0,215.0,6.0,1.0,0.0,0.0,0.0,0.0,,0,,,,,,0,,,8,0,0,0,0.0,1,8,,,0,0.0,0.0,1,1,2.0,695.0,605.0,,1.0,1.0,,2,1,0.22,,,,,,,,,,,,,,,,,,,,,,,,,,,,,,0,0,1,0,1,1,1,1,1,0,0,0,0,0,0,0,1,0,0,1,0,0,0,1,1,0,0,0,0,1,0,0,0,1,0,,1,0,0,0,0,1,1,1,1,0,0,0,0,0,0,1,,,,,,21-25,16-25,US highway,R,Friday,Not Used,PV,White,0,1,0,0,State Route,State Patrol,Washington State Patrol,1,1,0,0,0,thc,1.7,carboxy-thc,6.6,,0.0,0.0,0.0,,,,,,,,,,,0.0,0.0,0.0,1.0,,,,,20.0,7.0,,,,,,,,,,,,,,,,99347
1716,2019,90,E880511,290.0,01/07/2019,6:20,7,1,,53,Pierce,2230,1,0.0,3,2,2,1,0,3,1,,,,42,0,0,0.0,1,0,1,4,2,4,6,0,0,0,0,S TYLER ST,,-122.4937667,47.219438889,0,1,2,5,1,30,4,0,0,1,7,42,2,1,3,5,14,3,1,53,0,12,16,2004,0,0.0,63,42.0,,,,,1,1,26,1,0.0,,1,0,20,7,11,8,,,,,0.0,0.0,0.0,2.0,1,0,0.0,0.0,0.0,96,,,,,,99,,,,,,98409.0,53,67.0,130.0,1.0,1.0,0.0,3.0,1.0,2.0,,0,,,,,,0,09/15/2014,06/15/2018,1,0,0,0,8.0,9,8,,,0,0.0,0.0,8,9,8.0,95.0,,,96.0,,,8,95,995.0,,,,,,,,,,,,,,,,,,,,,,,,,,,,,,0,0,0,0,0,0,0,0,0,0,0,0,0,1,0,0,0,0,0,0,0,0,0,0,0,0,0,0,0,1,0,0,0,0,0,,0,0,0,0,0,0,0,0,0,0,0,1,0,0,0,0,,,,,,26-30,26-35,City street,U,Monday,Not Used,PV,Not Fatal,0,1,0,0,City Street,Municipal/City Police,Tacoma Police Department,1,0,0,1,0,,,,,,0.0,0.0,3.0,,,,,,,,,,,98.0,98.0,98.0,0.0,,,,,20.0,7.0,,,,,,,,,,,,,,,,98409
1717,2019,91,E907243,146.0,03/17/2019,14:15,17,3,,77,Yakima,0,1,0.0,1,1,2,1,0,2,2,,,,12,0,6,2.9,2,0,2,6,1,2,4,0,0,20,3,CR-WANETA RD,STOVER RD,-119.9785583,46.273022222,0,1,87,17,2,50,4,0,0,1,7,12,1,1,2,1,1,1,1,53,0,55,33,2000,0,0.0,12,,,,,,1,1,86,1,7.0,,4,0,3,0,11,4,03/17/2019,15:42,222053012470.0,12470.0,0.0,0.0,3.0,3.0,1,38,39.0,0.0,0.0,96,,,,,,99,,,,,,98944.0,53,68.0,193.0,6.0,1.0,0.0,0.0,0.0,0.0,,0,,,,,,0,,,1,0,0,0,0.0,9,8,,,0,0.0,0.0,8,9,8.0,95.0,,,96.0,,,8,95,995.0,,,,,,,,,,,,,,,,,,,,,,,,,,,,,,0,0,0,1,0,0,0,0,0,0,0,0,0,0,0,0,0,0,1,0,0,0,0,0,0,1,1,1,0,1,1,0,0,0,0,,1,0,0,0,0,0,0,0,0,0,1,0,0,0,0,0,,,,,,81+,76+,County road,R,Sunday,Belt Used,PV,White,1,0,0,0,County Road,County Sheriff,Yakima County Sheriff's Office,0,0,1,0,0,,,,,,0.0,0.0,0.0,,,,,,,,,,,98.0,98.0,98.0,1.0,,,,,20.0,7.0,,,,,,,,,,,,,,,,98930
1718,2019,91,E907243,146.0,03/17/2019,14:15,17,3,,77,Yakima,0,1,0.0,1,1,2,1,0,2,2,,,,12,0,6,2.9,2,0,2,6,1,2,4,0,0,0,0,CR-WANETA RD,STOVER RD,-119.9785583,46.273022222,0,2,86,66,4,55,67,0,0,1,7,1,1,1,2,1,1,1,1,53,0,12,880,2016,0,0.0,12,1.0,,,,,1,1,67,1,0.0,,3,0,3,0,11,8,,,,,6.0,0.0,3.0,3.0,1,0,0.0,0.0,0.0,96,,,,,,0,,,,,,98903.0,53,69.0,250.0,6.0,1.0,0.0,0.0,0.0,0.0,,0,,,,,,0,,,8,0,0,0,8.0,9,8,,,0,0.0,0.0,8,0,8.0,95.0,,,96.0,,,8,95,995.0,,,,,,,,,,,,,,,,,,,,,,,,,,,,,,0,0,0,1,0,0,0,0,0,0,0,0,0,0,0,0,0,0,1,0,0,0,0,0,0,1,1,1,0,1,1,0,0,0,0,,0,0,0,0,0,0,0,0,0,0,0,0,0,0,0,0,,,,,,66-70,66-75,County road,R,Sunday,,MHTRUCK,Not Fatal,1,0,0,0,County Road,County Sheriff,Yakima County Sheriff's Office,0,0,1,0,0,,,,,,0.0,0.0,0.0,,,,,,,,,,,98.0,98.0,98.0,0.0,,,,,20.0,7.0,,,,,,,,,,,,,,,,98930
1719,2019,92,E907254,6.0,03/17/2019,1:26,17,3,,25,Grant,0,1,0.0,2,1,2,1,0,1,1,,,,43,0,0,38.8,1,0,1,4,1,1,3,0,0,0,0,SR-28,,-119.7476972,47.234486111,0,1,6,12,2,60,4,0,0,1,2,1,3,1,2,1,14,1,2,53,0,9,20,1996,0,0.0,68,64.0,43.0,1.0,,,1,1,24,1,1.0,,4,7,20,7,11,0,03/17/2019,1:26,53012791.0,12791.0,0.0,0.0,0.0,0.0,1,0,0.0,0.0,0.0,96,,,,,,9,,,,,,99357.0,96,,999.0,0.0,0.0,99.0,99.0,99.0,99.0,,0,,,,,,4,,,8,1,9,0,0.0,1,1,,,0,0.0,0.0,1,1,2.0,401.0,303.0,304.0,1.0,1.0,1.0,2,1,0.21,,,,,,,,,,,,,,,,,,,,,,,,,,,,,,0,0,1,0,1,1,1,1,1,0,0,0,1,1,0,0,0,0,0,1,0,0,0,1,1,0,0,0,0,1,0,0,0,1,0,,1,0,0,0,0,1,1,1,0,1,0,1,0,0,0,1,,,,,,21-25,16-25,State route,R,Sunday,Not Used,PV,Hispanic,0,1,0,0,State Route,State Patrol,Washington State Patrol,1,1,0,0,0,,,,,,99.0,99.0,99.0,1.0,1.0,1.0,,,124.0,695.0,407.0,151.0,167.0,0.0,0.0,0.0,1.0,,,,,20.0,7.0,,,,,,,,,,,,,,,,98848
1720,2019,93,E907632,7.0,03/14/2019,5:25,14,3,,33,King,1960,1,0.0,3,1,1,1,0,1,1,,,,25,0,0,167.0,1,0,1,1,2,1,1,0,0,0,0,I-5,,-122.3276361,47.628288889,0,1,6,6,1,60,80,0,0,1,7,25,3,2,4,3,14,1,2,53,0,76,705,2001,0,0.0,64,25.0,,,,,1,1,52,1,7.0,,4,7,20,7,11,0,03/14/2019,5:25,196053016256.0,16256.0,0.0,0.0,3.0,3.0,1,0,0.0,0.0,0.0,96,,,,,,99,,,,,,98223.0,53,71.0,223.0,6.0,1.0,0.0,0.0,0.0,0.0,,0,,,,,,4,,,20,8,0,0,0.0,9,8,,,0,0.0,0.0,8,9,2.0,417.0,,,1.0,,,2,1,0.0,,,,,,,,,,,,,,,,,,,,,,,,,,,,,,0,0,1,0,0,0,1,1,0,0,0,0,1,0,0,0,0,0,0,0,0,0,0,0,0,0,0,0,1,0,0,0,0,0,1,0.0,0,0,0,0,0,0,1,1,0,1,0,0,0,0,1,0,,,,,,51-55,46-55,Interstate,U,Thursday,,MC,White,0,1,0,0,State Route,State Patrol,Washington State Patrol,1,1,0,0,0,,,,,,0.0,0.0,0.0,,,,,,,,,,,0.0,0.0,0.0,1.0,,,,,19.0,0.0,,,,,,,,,,,,,,,,98102
1721,2019,94,E907862,180.0,04/04/2019,9:03,4,4,,15,Cowlitz,1190,10,0.0,1,0,0,1,1,1,1,,,,8,0,0,0.0,4,0,1,7,2,4,6,0,0,0,0,DELAWARE ST,16TH AVE,-122.9407972,46.130916667,0,1,13,80,5,0,14,0,0,1,5,8,0,0,0,0,11,1,3,53,0,20,404,2017,0,0.0,8,,,,,,1,1,39,1,0.0,,0,0,3,0,11,0,,,,,0.0,0.0,0.0,3.0,1,0,0.0,0.0,0.0,96,,,,,,0,,,,,,98625.0,53,71.0,190.0,6.0,1.0,0.0,0.0,0.0,0.0,,0,,,,,,0,,,20,0,0,0,8.0,9,8,,,0,0.0,0.0,8,0,8.0,95.0,,,96.0,,,8,95,995.0,,,,,,,,,,,,,,,,,,,,,,,,,,,,,,0,0,0,0,0,0,0,0,0,0,0,0,0,0,0,0,0,0,0,0,0,0,0,0,0,0,0,0,0,1,0,1,0,0,0,,0,0,0,0,0,0,0,0,0,0,0,0,0,0,0,0,,,,,,36-40,36-45,City street,U,Thursday,Belt Used,PV,Not Fatal,0,0,0,0,City Street,Municipal/City Police,Longview Police Department,0,0,0,1,0,,,,,,0.0,0.0,0.0,,,,,,,,,,,98.0,98.0,98.0,0.0,,,,,20.0,7.0,,,,,,,,,,,,,,,,98632
1722,2019,95,E907896,146.0,04/02/2019,19:05,2,4,,77,Yakima,0,1,0.0,5,1,2,1,0,3,2,,,,12,0,6,3.8,2,0,3,4,2,2,4,0,0,20,3,CR-AHTANUM RD,S 34TH AVE,-120.5546194,46.557911111,0,1,82,15,2,50,14,0,0,1,7,12,1,1,2,1,11,2,1,53,0,20,404,2015,0,0.0,12,,,,,,1,1,31,1,0.0,,0,0,3,0,11,0,,,,,0.0,0.0,0.0,3.0,1,0,0.0,0.0,0.0,96,,,,,,0,,,,,,98908.0,53,71.0,250.0,6.0,1.0,0.0,0.0,0.0,2.0,,0,,,,,,0,02/15/2015,05/15/2017,8,0,0,0,8.0,9,8,,,0,0.0,0.0,8,0,8.0,95.0,,,96.0,,,8,95,995.0,,,,,,,,,,,,,,,,,,,,,,,,,,,,,,0,0,0,1,0,0,1,1,1,0,0,0,1,0,0,0,0,0,0,0,0,0,0,0,0,0,0,0,1,1,0,0,0,0,0,,0,0,0,0,0,0,0,0,0,0,0,0,0,0,0,0,,,,,,31-35,26-35,County road,U,Tuesday,Belt Used,PV,Not Fatal,1,0,0,0,County Road,County Sheriff,Yakima County Sheriff's Office,0,0,1,0,0,,,,,,0.0,0.0,0.0,,,,,,,,,,,98.0,98.0,98.0,0.0,,,,,20.0,7.0,,,,,,,,,,,,,,,,98903