,year,case,par,repjur,crash_dt,crash_tm,accday,accmon,holiday,county,co_char,city,weather,weather2,lightcond,surfcond,surftype,numfatal,nmforms,pforms,vforms,not_tm,arr_tm,hosp_tm,fhevent,hitrun,manncol,milepnt,reljunc,reljuncinter,intersectiontype,funcsystem,landuse,ownership,route,schlbus,spejur,contdev,devfunc,trafid1,trafid2,x,y,wk_zone,vnumber,crashtype,criticalevent,criticaleventcat,spdlim,body,trailer,emerg,hazcargo,leave,mhevent,roadalgn,roadprof,traflane,trafflow,vehmanvr,numoccs,regowner,regstate,spuse,make,model,modelyr,vrf1,vrf2,seqevent1,seqevent2,seqevent3,seqevent4,seqevent5,seqevent6,pnumber,ptype,age,sex,hispanic,race,injury,diedscene,restraint,restraintmisuse,seatpos,takehosp,death_dt,death_tm,cert,cernum_wa,commlic,licendor,licrestrict,liccomp,drivpres,drf1,drf2,drf3,drf4,distract1,distract2,distract3,distract4,distract5,distract6,dricond1,dricond2,dricond3,dricond4,dricond5,dricond6,dzip,licstate,drhgt_in,weight,noncdl,noncdltype,prevdwi,prevoth,prevacc,prevspd,prevsus,driviol1,driviol2,driviol3,driviol4,driviol5,driviol6,spdrel,first_dt,last_dt,airbag,ejection,ejectpath,extricat,injurwrk,methalc,methdrug,nmlocat,strikveh,prf1,prf2,prf3,druginv,alcinvol,drugsts,drugres1,drugres2,drugres3,drugtst1,drugtst2,drugtst3,alcsts,alctst,alcres,nmact1,nmact2,nmact3,nmact4,nmact5,nmact6,nmprior1,nmprior2,nmprior3,nmprior4,nmprior5,nmprior6,nmcond1,nmcond2,nmcond3,nmcond4,nmcond5,nmcond6,nmsafe_helmet,nmsafe_pads,nmsafe_oth,nmprev_ref,nmprev_lgt,nmprev_oth,crashlocation,nmcrashtype,crosswalk,schoolzone,sidewalk,train_inv,wildlife_inv,rotr_fars,intersect_fars,dd_inv,aid_inv,dpd_inv,id_inv,mj_inv,impnm_inv,ainm_inv,dpnm_inv,speed_inv,unlic_inv,unendmc_inv,drowsy_inv,drdist_inv,nmdist_inv,fty_inv,unrestfat_inv,dr1617_inv,dr1820_inv,dr1620_inv,dr2125_inv,dr1625_inv,dr65_inv,dr70_inv,dr75_inv,mc_inv,pv_inv,ht_inv,ped_inv,bike_inv,unrest_fat,mc_fat,unhelmet_mc,pv_fat,ht_fat,ped_fat,bike_fat,dr_alc7,dr_alc8,dr_drug,dr_imp,dr_dist,dr_spd,dr_fty,dr_unlic,dr_alc7only,dr_alc8only,dr_drugonly,dr_drink,nm_imp,nm_alc7,nm_alc8,nm_drug,nm_dist,agegrp1,agegrp2,roadclass,urbrur,dayweek,restuse,vehtype,race_me,intersect,lanedep,oppdir,wrongway,rep_typ,investag,repag_long,rotr,st_rd,cty_rd,city_rd,oth_rd,drug_thc,thc_res,drug_cthc,cthc_res,drug_cann,prevpersemin,prevperse,prevsusoth,drugtst4,drugtst5,drugtst6,drugtst7,drugtst8,drugres4,drugres5,drugres6,drugres7,drugres8,adspresent,adsengaged,adslevel,race1,race2,race3,race4,race5,helmet,helmetmisuse,nmdistract1,nmdistract2,nmdistract3,nmdistract4,nmdistract5,nmdistract6,lab,isedtcase,crf1,crf2,crf3,CoRoadName,CoMP,IntCoRoadName,IntCoMP,zipcode
1742,2019,106,3810331,263.0,02/22/2019,19:13,22,2,,33,King,1960,10,0.0,3,1,2,1,1,3,2,,,,8,0,0,1.1,1,0,1,3,2,1,3,0,0,0,0,SR-522,,-122.3076083,47.690708333,0,2,98,80,5,35,4,0,0,1,3,8,1,1,2,2,1,1,2,53,0,41,35,1998,0,0.0,8,,,,,,1,1,54,2,0.0,,1,0,99,7,11,8,,,,,0.0,0.0,0.0,3.0,1,0,0.0,0.0,0.0,96,,,,,,0,,,,,,98121.0,53,61.0,125.0,6.0,1.0,0.0,1.0,1.0,0.0,,0,,,,,,0,11/15/2017,11/15/2017,20,0,0,0,8.0,9,2,,,0,0.0,0.0,0,0,8.0,95.0,,,96.0,,,8,95,995.0,,,,,,,,,,,,,,,,,,,,,,,,,,,,,,0,0,0,0,0,0,0,0,0,1,1,0,0,0,0,0,0,1,0,0,0,0,0,0,0,1,1,1,0,1,0,1,0,0,0,,0,0,0,0,0,0,0,0,0,0,0,0,0,0,0,0,,,,,,51-55,46-55,State route,U,Friday,Unknown,PV,Not Fatal,0,0,0,0,State Route,Municipal/City Police,Seattle Police Department,0,1,0,0,0,,,,,,0.0,0.0,0.0,,,,,,,,,,,0.0,0.0,0.0,0.0,,,,,20.0,7.0,,,,,,,,,,,,,,,,98115
1743,2019,107,E911226,42.0,04/15/2019,14:02,15,4,,67,Thurston,0,1,0.0,1,1,7,2,0,3,2,,,,12,0,2,5.7,1,0,1,5,1,2,4,0,0,0,0,CR-RAINIER RD SE,,-122.7699444,46.945541667,0,1,50,10,2,50,4,0,0,1,5,12,2,1,2,1,6,1,2,53,0,12,37,2005,0,0.0,63,69.0,68.0,12.0,,,1,1,37,1,7.0,,4,7,3,0,11,0,04/15/2019,14:02,53017424.0,17424.0,0.0,0.0,0.0,3.0,1,33,28.0,0.0,0.0,96,,,,,,99,,,,,,98576.0,53,72.0,200.0,6.0,1.0,0.0,0.0,1.0,0.0,,0,,,,,,0,06/15/2018,06/15/2018,8,0,0,0,0.0,9,8,,,0,0.0,0.0,8,9,8.0,95.0,,,96.0,,,8,95,995.0,,,,,,,,,,,,,,,,,,,,,,,,,,,,,,0,0,0,0,0,0,0,0,0,0,0,0,0,0,0,0,0,0,0,0,0,0,0,0,0,0,0,0,0,1,0,0,0,0,0,,1,0,0,0,0,0,0,0,0,0,0,0,0,0,0,0,,,,,,36-40,36-45,County road,R,Monday,Belt Used,PV,White,0,1,1,0,County Road,County Sheriff,Thurston County Sheriff's Office,0,0,1,0,0,,,,,,0.0,0.0,0.0,,,,,,,,,,,98.0,98.0,98.0,1.0,,,,,20.0,7.0,,,,,,,,,,,,,,,,98576
1744,2019,107,E911226,42.0,04/15/2019,14:02,15,4,,67,Thurston,0,1,0.0,1,1,7,2,0,3,2,,,,12,0,2,5.7,1,0,1,5,1,2,4,0,0,0,0,CR-RAINIER RD SE,,-122.7699444,46.945541667,0,2,51,62,4,50,4,0,0,1,5,12,3,1,2,1,14,2,1,53,0,30,40,2003,0,0.0,12,,,,,,1,1,37,1,7.0,,4,7,3,0,11,0,04/15/2019,14:02,53017906.0,17906.0,0.0,0.0,0.0,3.0,1,0,0.0,0.0,0.0,96,,,,,,99,,,,,,98597.0,53,71.0,215.0,6.0,1.0,0.0,0.0,0.0,0.0,,0,,,,,,0,,,8,0,0,0,0.0,9,8,,,0,0.0,0.0,8,9,8.0,95.0,,,96.0,,,8,95,995.0,,,,,,,,,,,,,,,,,,,,,,,,,,,,,,0,0,0,0,0,0,0,0,0,0,0,0,0,0,0,0,0,0,0,0,0,0,0,0,0,0,0,0,0,1,0,0,0,0,0,,1,0,0,0,0,0,0,0,0,0,0,0,0,0,0,0,,,,,,36-40,36-45,County road,R,Monday,Belt Used,PV,White,0,1,1,0,County Road,County Sheriff,Thurston County Sheriff's Office,0,0,1,0,0,,,,,,0.0,0.0,0.0,,,,,,,,,,,98.0,98.0,98.0,1.0,,,,,20.0,7.0,,,,,,,,,,,,,,,,98576
1745,2019,108,E899539,290.0,03/05/2019,16:52,5,3,,53,Pierce,2230,1,0.0,1,1,1,1,0,2,2,,,,12,0,6,0.0,2,0,2,7,2,4,6,0,0,0,0,S ASOTIN ST,S 49TH ST,-122.4564056,47.212997222,0,1,87,17,2,25,2,0,0,1,5,12,1,1,2,1,1,1,2,53,0,12,3,2010,0,0.0,12,,,,,,1,1,32,1,0.0,,0,0,3,0,11,0,,,,,0.0,0.0,3.0,3.0,1,38,0.0,0.0,0.0,93,,,,,,0,,,,,,98408.0,53,65.0,145.0,6.0,1.0,0.0,0.0,0.0,0.0,,46,,,,,,0,,,20,0,0,0,8.0,9,8,,,0,0.0,0.0,8,0,8.0,95.0,,,96.0,,,8,95,995.0,,,,,,,,,,,,,,,,,,,,,,,,,,,,,,0,0,0,1,0,0,0,0,0,0,0,0,0,0,0,0,1,0,1,0,0,0,0,0,0,1,1,1,0,1,0,0,0,0,0,,0,0,0,0,0,0,0,0,1,0,1,0,0,0,0,0,,,,,,31-35,26-35,City street,U,Tuesday,Belt Used,PV,Not Fatal,1,0,0,0,City Street,Municipal/City Police,Tacoma Police Department,0,0,0,1,0,,,,,,0.0,0.0,0.0,,,,,,,,,,,98.0,98.0,98.0,0.0,,,,,20.0,7.0,,,,,,,,,,,,,,,,98408
1746,2019,108,E899539,290.0,03/05/2019,16:52,5,3,,53,Pierce,2230,1,0.0,1,1,1,1,0,2,2,,,,12,0,6,0.0,2,0,2,7,2,4,6,0,0,0,0,S ASOTIN ST,S 49TH ST,-122.4564056,47.212997222,0,2,86,66,4,25,6,0,0,1,5,12,1,1,2,1,1,1,2,53,0,6,52,2002,0,0.0,12,,,,,,1,1,76,2,7.0,,4,0,3,0,11,6,03/07/2019,14:06,223053011510.0,11510.0,0.0,0.0,3.0,3.0,1,0,0.0,0.0,0.0,96,,,,,,0,,,,,,98408.0,53,64.0,170.0,6.0,1.0,0.0,0.0,0.0,0.0,,0,,,,,,0,,,1,0,0,0,0.0,9,8,,,0,0.0,0.0,8,0,8.0,95.0,,,96.0,,,8,95,995.0,,,,,,,,,,,,,,,,,,,,,,,,,,,,,,0,0,0,1,0,0,0,0,0,0,0,0,0,0,0,0,1,0,1,0,0,0,0,0,0,1,1,1,0,1,0,0,0,0,0,,1,0,0,0,0,0,0,0,0,0,0,0,0,0,0,0,,,,,,76-80,76+,City street,U,Tuesday,Belt Used,PV,White,1,0,0,0,City Street,Municipal/City Police,Tacoma Police Department,0,0,0,1,0,,,,,,0.0,0.0,0.0,,,,,,,,,,,98.0,98.0,98.0,1.0,,,,,20.0,7.0,,,,,,,,,,,,,,,,98408
1747,2019,109,E912871,6.0,03/22/2019,15:54,22,3,,25,Grant,0,1,0.0,1,1,2,1,0,4,4,,,,12,0,2,53.0,1,0,1,3,1,1,3,0,0,0,0,SR-17,,-119.3635556,47.199263889,0,1,50,10,2,60,4,0,0,1,7,12,1,1,2,1,1,1,1,53,0,63,34,2013,0,0.0,68,12.0,12.0,12.0,,,1,1,50,1,7.0,,4,7,3,0,11,0,03/22/2019,15:54,53013972.0,13972.0,0.0,0.0,3.0,3.0,1,28,0.0,0.0,0.0,96,,,,,,99,,,,,,98823.0,53,71.0,250.0,6.0,1.0,0.0,0.0,0.0,0.0,,0,,,,,,0,,,8,0,0,0,0.0,9,8,,,0,0.0,0.0,8,9,8.0,95.0,,,96.0,,,8,95,995.0,,,,,,,,,,,,,,,,,,,,,,,,,,,,,,0,0,0,0,0,0,0,0,0,0,0,0,0,0,0,0,0,0,0,0,0,0,0,0,0,0,0,0,0,1,0,0,0,0,0,,1,0,0,0,0,0,0,0,0,0,0,0,0,0,0,0,,,,,,46-50,46-55,State route,R,Friday,Belt Used,PV,White,0,1,1,0,State Route,State Patrol,Washington State Patrol,0,1,0,0,0,,,,,,0.0,0.0,0.0,,,,,,,,,,,98.0,98.0,98.0,1.0,,,,,20.0,7.0,,,,,,,,,,,,,,,,
1748,2019,109,E912871,6.0,03/22/2019,15:54,22,3,,25,Grant,0,1,0.0,1,1,2,1,0,4,4,,,,12,0,2,53.0,1,0,1,3,1,1,3,0,0,0,0,SR-17,,-119.3635556,47.199263889,0,2,51,62,4,60,34,0,0,1,7,12,1,1,2,1,1,1,1,53,0,20,481,2013,0,0.0,12,,,,,,1,1,31,1,0.0,,0,0,3,0,11,0,,,,,0.0,0.0,0.0,3.0,1,0,0.0,0.0,0.0,96,,,,,,0,,,,,,98823.0,53,75.0,225.0,6.0,1.0,0.0,0.0,0.0,0.0,,0,,,,,,0,,,20,0,0,0,8.0,9,8,,,0,0.0,0.0,8,0,8.0,95.0,,,96.0,,,8,95,995.0,,,,,,,,,,,,,,,,,,,,,,,,,,,,,,0,0,0,0,0,0,0,0,0,0,0,0,0,0,0,0,0,0,0,0,0,0,0,0,0,0,0,0,0,1,0,0,0,0,0,,0,0,0,0,0,0,0,0,0,0,0,0,0,0,0,0,,,,,,31-35,26-35,State route,R,Friday,Belt Used,PV,Not Fatal,0,1,1,0,State Route,State Patrol,Washington State Patrol,0,1,0,0,0,,,,,,0.0,0.0,0.0,,,,,,,,,,,98.0,98.0,98.0,0.0,,,,,20.0,7.0,,,,,,,,,,,,,,,,
1749,2019,109,E912871,6.0,03/22/2019,15:54,22,3,,25,Grant,0,1,0.0,1,1,2,1,0,4,4,,,,12,0,2,53.0,1,0,1,3,1,1,3,0,0,0,0,SR-17,,-119.3635556,47.199263889,0,3,98,62,4,60,6,0,0,1,7,12,1,1,2,1,1,1,1,53,0,6,52,2004,0,0.0,12,1.0,,,,,1,1,38,1,0.0,,3,0,3,0,11,1,,,,,0.0,0.0,0.0,3.0,1,0,0.0,0.0,0.0,96,,,,,,0,,,,,,98823.0,53,68.0,170.0,6.0,1.0,0.0,0.0,0.0,0.0,,0,,,,,,0,,,8,0,0,0,8.0,9,8,,,0,0.0,0.0,8,0,8.0,95.0,,,96.0,,,8,95,995.0,,,,,,,,,,,,,,,,,,,,,,,,,,,,,,0,0,0,0,0,0,0,0,0,0,0,0,0,0,0,0,0,0,0,0,0,0,0,0,0,0,0,0,0,1,0,0,0,0,0,,0,0,0,0,0,0,0,0,0,0,0,0,0,0,0,0,,,,,,36-40,36-45,State route,R,Friday,Belt Used,PV,Not Fatal,0,1,1,0,State Route,State Patrol,Washington State Patrol,0,1,0,0,0,,,,,,0.0,0.0,0.0,,,,,,,,,,,98.0,98.0,98.0,0.0,,,,,20.0,7.0,,,,,,,,,,,,,,,,
1750,2019,109,E912871,6.0,03/22/2019,15:54,22,3,,25,Grant,0,1,0.0,1,1,2,1,0,4,4,,,,12,0,2,53.0,1,0,1,3,1,1,3,0,0,0,0,SR-17,,-119.3635556,47.199263889,0,4,98,62,4,60,4,0,0,1,7,12,1,1,2,1,1,1,1,53,0,9,20,2001,0,0.0,12,,,,,,1,1,29,1,0.0,,0,0,3,0,11,0,,,,,0.0,0.0,0.0,3.0,1,0,0.0,0.0,0.0,96,,,,,,0,,,,,,98837.0,53,70.0,260.0,6.0,1.0,0.0,1.0,1.0,0.0,,0,,,,,,0,09/15/2014,01/15/2017,20,0,0,0,8.0,9,8,,,0,0.0,0.0,8,0,8.0,95.0,,,96.0,,,8,95,995.0,,,,,,,,,,,,,,,,,,,,,,,,,,,,,,0,0,0,0,0,0,0,0,0,0,0,0,0,0,0,0,0,0,0,0,0,0,0,0,0,0,0,0,0,1,0,0,0,0,0,,0,0,0,0,0,0,0,0,0,0,0,0,0,0,0,0,,,,,,26-30,26-35,State route,R,Friday,Belt Used,PV,Not Fatal,0,1,1,0,State Route,State Patrol,Washington State Patrol,0,1,0,0,0,,,,,,0.0,0.0,0.0,,,,,,,,,,,98.0,98.0,98.0,0.0,,,,,20.0,7.0,,,,,,,,,,,,,,,,
1751,2019,110,E912921,6.0,04/15/2019,14:17,15,4,,17,Douglas,0,1,0.0,1,1,2,1,0,2,1,,,,1,0,0,1.5,1,0,1,4,1,1,3,0,0,0,0,SR-174,,-119.3601083,47.933769444,0,1,7,13,2,60,20,0,0,1,7,1,2,1,2,1,14,2,1,53,0,49,442,2012,0,0.0,63,69.0,68.0,64.0,1.0,,1,1,80,1,0.0,,3,0,99,7,11,8,,,,,0.0,0.0,3.0,3.0,1,58,0.0,0.0,0.0,93,,,,,,0,,,,,,98841.0,53,68.0,204.0,6.0,1.0,0.0,0.0,0.0,0.0,,0,,,,,,0,,,20,0,0,0,8.0,9,2,,,0,0.0,0.0,0,0,8.0,95.0,,,96.0,,,8,95,995.0,,,,,,,,,,,,,,,,,,,,,,,,,,,,,,0,0,0,0,0,0,0,0,0,0,0,0,0,0,0,0,1,0,0,0,0,0,0,0,0,1,1,1,0,1,0,0,0,0,0,,0,0,0,0,0,0,0,0,1,0,0,0,0,0,0,0,,,,,,76-80,76+,State route,R,Monday,Unknown,PV,Not Fatal,0,1,0,0,State Route,State Patrol,Washington State Patrol Headquarter,1,1,0,0,0,,,,,,0.0,0.0,0.0,,,,,,,,,,,98.0,98.0,98.0,0.0,,,,,20.0,7.0,,,,,,,,,,,,,,,,99133
1752,2019,111,E913433,39.0,04/20/2019,3:34,20,4,,61,Snohomish,0,10,0.0,2,0,0,1,0,1,1,,,,42,0,0,0.5,1,0,1,7,1,2,4,0,0,0,0,CR-200TH ST SE,,-122.1647056,47.816011111,0,1,6,12,2,0,4,0,0,1,7,2,0,0,0,0,1,1,3,53,0,35,47,2018,0,0.0,68,64.0,42.0,2.0,,,1,1,37,1,2.0,,4,7,20,7,11,0,04/20/2019,3:34,53018765.0,18765.0,0.0,0.0,0.0,3.0,1,0,0.0,0.0,0.0,92,,,,,,99,,,,,,32542.0,12,73.0,999.0,6.0,1.0,0.0,0.0,0.0,1.0,,0,,,,,,0,11/15/2015,02/15/2018,99,2,9,0,0.0,9,8,,,0,0.0,0.0,8,9,2.0,401.0,,,1.0,,,2,1,0.19,,,,,,,,,,,,,,,,,,,,,,,,,,,,,,0,0,1,0,1,1,1,1,0,0,0,0,0,0,0,0,1,0,0,1,0,0,0,0,0,0,0,0,0,1,0,0,0,1,0,,1,0,0,0,0,1,1,1,1,0,0,0,0,0,0,1,,,,,,36-40,36-45,County road,R,Saturday,Not Used,PV,Hispanic,0,1,0,0,County Road,County Sheriff,Snohomish County Sheriff's Office,1,0,1,0,0,,,,,,0.0,0.0,1.0,,,,,,,,,,,98.0,98.0,98.0,298.0,,,,,20.0,7.0,,,,,,,,,,,,,,,,98012
1753,2019,112,E910672,5.0,04/12/2019,15:25,12,4,,41,Lewis,0,2,0.0,1,2,2,1,0,6,4,,,,12,0,6,4.8,1,0,1,5,1,1,3,0,0,0,0,SR-508,,-122.7903667,46.576091667,0,1,98,50,3,55,61,0,0,1,2,12,1,1,2,1,2,1,3,53,0,23,881,2008,0,0.0,12,68.0,12.0,60.0,54.0,,1,1,21,1,0.0,,1,0,3,0,11,8,,,,,6.0,9.0,0.0,3.0,1,28,0.0,0.0,0.0,12,,,,,,0,,,,,,98532.0,53,71.0,180.0,6.0,1.0,0.0,0.0,0.0,0.0,,69,,,,,,0,,,1,0,0,0,8.0,9,2,,,0,0.0,0.0,0,0,8.0,95.0,,,96.0,,,8,95,995.0,,,,,,,,,,,,,,,,,,,,,,,,,,,,,,0,0,0,0,0,0,0,0,0,0,0,0,0,0,0,0,1,0,0,0,0,0,0,1,1,1,0,0,0,1,1,0,0,0,0,,0,0,0,0,0,0,0,0,1,0,0,0,0,0,0,0,,,,,,21-25,16-25,State route,R,Friday,,MHTRUCK,Not Fatal,0,0,0,0,State Route,State Patrol,Washington State Patrol,0,1,0,0,0,,,,,,0.0,0.0,0.0,,,,,,,,,,,98.0,98.0,98.0,0.0,,,,,20.0,7.0,,,,,,,,,,,,,,,,98532
1754,2019,112,E910672,5.0,04/12/2019,15:25,12,4,,41,Lewis,0,2,0.0,1,2,2,1,0,6,4,,,,12,0,6,4.8,1,0,1,5,1,1,3,0,0,0,0,SR-508,,-122.7903667,46.576091667,0,2,98,53,3,55,16,0,0,1,5,12,1,1,2,1,5,2,2,53,0,20,431,2003,0,0.0,12,,,,,,1,1,21,1,0.0,,0,0,3,0,11,0,,,,,0.0,0.0,0.0,3.0,1,0,0.0,0.0,0.0,0,,,,,,0,,,,,,98532.0,53,72.0,225.0,6.0,1.0,0.0,1.0,0.0,2.0,,0,,,,,,0,10/15/2015,01/15/2017,20,0,0,0,8.0,9,2,,,0,0.0,0.0,0,0,8.0,95.0,,,96.0,,,8,95,995.0,,,,,,,,,,,,,,,,,,,,,,,,,,,,,,0,0,0,0,0,0,0,0,0,0,0,0,0,0,0,0,1,0,0,0,0,0,0,1,1,1,0,0,0,1,1,0,0,0,0,,0,0,0,0,0,0,0,0,0,0,0,0,0,0,0,0,,,,,,21-25,16-25,State route,R,Friday,Belt Used,PV,Not Fatal,0,0,0,0,State Route,State Patrol,Washington State Patrol,0,1,0,0,0,,,,,,0.0,0.0,0.0,,,,,,,,,,,98.0,98.0,98.0,0.0,,,,,20.0,7.0,,,,,,,,,,,,,,,,98532
1755,2019,112,E910672,5.0,04/12/2019,15:25,12,4,,41,Lewis,0,2,0.0,1,2,2,1,0,6,4,,,,12,0,6,4.8,1,0,1,5,1,1,3,0,0,0,0,SR-508,,-122.7903667,46.576091667,0,3,98,62,4,55,14,0,0,1,2,12,1,1,2,1,1,1,1,53,0,55,404,2018,0,0.0,12,,,,,,1,1,62,2,7.0,,4,7,3,0,11,0,04/12/2019,15:25,53019224.0,19224.0,0.0,0.0,3.0,3.0,1,0,0.0,0.0,0.0,96,,,,,,0,,,,,,98570.0,53,63.0,126.0,6.0,1.0,0.0,0.0,0.0,0.0,,99,,,,,,0,,,8,0,0,0,0.0,9,8,,,0,0.0,0.0,8,9,2.0,1.0,,,1.0,,,2,1,0.0,,,,,,,,,,,,,,,,,,,,,,,,,,,,,,0,0,0,0,0,0,0,0,0,0,0,0,0,0,0,0,1,0,0,0,0,0,0,1,1,1,0,0,0,1,1,0,0,0,0,,1,0,0,0,0,0,0,0,0,0,0,0,0,0,0,0,,,,,,61-65,56-65,State route,R,Friday,Belt Used,PV,White,0,0,0,0,State Route,State Patrol,Washington State Patrol,0,1,0,0,0,,,,,,0.0,0.0,0.0,,,,,,,,,,,98.0,98.0,98.0,1.0,,,,,20.0,7.0,,,,,,,,,,,,,,,,98532
1756,2019,112,E910672,5.0,04/12/2019,15:25,12,4,,41,Lewis,0,2,0.0,1,2,2,1,0,6,4,,,,12,0,6,4.8,1,0,1,5,1,1,3,0,0,0,0,SR-508,,-122.7903667,46.576091667,0,4,98,98,7,55,14,0,0,1,5,54,1,1,2,1,5,2,1,53,0,12,402,2010,0,0.0,54,,,,,,1,1,65,1,0.0,,0,0,3,0,11,0,,,,,6.0,0.0,3.0,3.0,1,0,0.0,0.0,0.0,0,,,,,,0,,,,,,98532.0,53,72.0,210.0,6.0,1.0,0.0,0.0,0.0,0.0,,0,,,,,,0,,,20,0,0,0,8.0,9,2,,,0,0.0,0.0,0,0,8.0,95.0,,,96.0,,,8,95,995.0,,,,,,,,,,,,,,,,,,,,,,,,,,,,,,0,0,0,0,0,0,0,0,0,0,0,0,0,0,0,0,1,0,0,0,0,0,0,1,1,1,0,0,0,1,1,0,0,0,0,,0,0,0,0,0,0,0,0,0,0,0,0,0,0,0,0,,,,,,61-65,56-65,State route,R,Friday,Belt Used,PV,Not Fatal,0,0,0,0,State Route,State Patrol,Washington State Patrol,0,1,0,0,0,,,,,,0.0,0.0,0.0,,,,,,,,,,,98.0,98.0,98.0,0.0,,,,,20.0,7.0,,,,,,,,,,,,,,,,98532
1757,2019,113,E913639,47.0,04/15/2019,13:23,15,4,,27,Grays Harbor,10,10,0.0,1,1,2,1,0,3,3,,,,12,0,2,0.6,1,0,1,3,2,1,2,0,0,0,0,US-12,,-123.8026278,46.977347222,0,1,50,10,2,30,34,0,0,1,5,12,1,1,5,5,1,1,1,53,0,7,482,1997,0,0.0,68,12.0,12.0,,,,1,1,69,1,7.0,,4,7,3,0,11,0,04/15/2019,13:23,1053017787.0,17787.0,6.0,0.0,3.0,3.0,1,28,0.0,0.0,0.0,96,,,,,,99,,,,,,98520.0,53,70.0,185.0,6.0,1.0,0.0,0.0,0.0,0.0,,0,,,,,,0,,,1,0,0,0,0.0,9,8,,,0,0.0,0.0,8,9,2.0,1.0,,,1.0,,,2,1,0.0,,,,,,,,,,,,,,,,,,,,,,,,,,,,,,0,0,0,0,0,0,0,0,0,0,0,0,0,0,0,0,0,0,0,0,0,0,0,0,0,1,0,0,0,1,1,0,0,0,0,,1,0,0,0,0,0,0,0,0,0,0,0,0,0,0,0,,,,,,66-70,66-75,US highway,U,Monday,Belt Used,PV,White,0,1,1,0,State Route,Municipal/City Police,Aberdeen Police Department,0,1,0,0,0,,,,,,0.0,0.0,0.0,,,,,,,,,,,0.0,0.0,0.0,1.0,,,,,20.0,7.0,,,,,,,,,,,,,,,,98520
1758,2019,113,E913639,47.0,04/15/2019,13:23,15,4,,27,Grays Harbor,10,10,0.0,1,1,2,1,0,3,3,,,,12,0,2,0.6,1,0,1,3,2,1,2,0,0,0,0,US-12,,-123.8026278,46.977347222,0,2,98,62,4,30,66,1,0,1,5,12,1,1,5,5,1,1,3,53,0,87,884,2014,0,0.0,12,,,,,,1,1,61,1,0.0,,0,0,3,0,11,0,,,,,6.0,3.0,0.0,3.0,1,0,0.0,0.0,0.0,96,,,,,,0,,,,,,98520.0,53,72.0,225.0,6.0,1.0,0.0,1.0,2.0,1.0,,0,,,,,,0,01/15/2016,08/15/2017,20,0,0,0,8.0,9,8,,,0,0.0,0.0,8,0,8.0,95.0,,,96.0,,,8,95,995.0,,,,,,,,,,,,,,,,,,,,,,,,,,,,,,0,0,0,0,0,0,0,0,0,0,0,0,0,0,0,0,0,0,0,0,0,0,0,0,0,1,0,0,0,1,1,0,0,0,0,,0,0,0,0,0,0,0,0,0,0,0,0,0,0,0,0,,,,,,61-65,56-65,US highway,U,Monday,,MHTRUCK,Not Fatal,0,1,1,0,State Route,Municipal/City Police,Aberdeen Police Department,0,1,0,0,0,,,,,,0.0,0.0,0.0,,,,,,,,,,,98.0,98.0,98.0,0.0,,,,,20.0,7.0,,,,,,,,,,,,,,,,98520
1759,2019,113,E913639,47.0,04/15/2019,13:23,15,4,,27,Grays Harbor,10,10,0.0,1,1,2,1,0,3,3,,,,12,0,2,0.6,1,0,1,3,2,1,2,0,0,0,0,US-12,,-123.8026278,46.977347222,0,3,51,62,4,30,6,0,0,1,5,12,1,1,5,5,5,1,1,53,0,49,46,2017,0,0.0,12,,,,,,1,1,27,1,0.0,,0,0,3,0,11,0,,,,,0.0,0.0,0.0,3.0,1,0,0.0,0.0,0.0,0,,,,,,0,,,,,,98520.0,53,66.0,230.0,6.0,1.0,0.0,0.0,0.0,0.0,,0,,,,,,0,,,99,0,0,0,8.0,9,8,,,0,0.0,0.0,8,0,8.0,95.0,,,96.0,,,8,95,995.0,,,,,,,,,,,,,,,,,,,,,,,,,,,,,,0,0,0,0,0,0,0,0,0,0,0,0,0,0,0,0,0,0,0,0,0,0,0,0,0,1,0,0,0,1,1,0,0,0,0,,0,0,0,0,0,0,0,0,0,0,0,0,0,0,0,0,,,,,,26-30,26-35,US highway,U,Monday,Belt Used,PV,Not Fatal,0,1,1,0,State Route,Municipal/City Police,Aberdeen Police Department,0,1,0,0,0,,,,,,0.0,0.0,0.0,,,,,,,,,,,98.0,98.0,98.0,0.0,,,,,20.0,7.0,,,,,,,,,,,,,,,,98520
1760,2019,114,3753164,263.0,02/25/2019,16:26,25,2,,33,King,1960,1,0.0,1,1,1,1,1,1,1,,,,9,1,0,0.0,1,0,1,3,2,4,6,0,0,0,0,RAINER AVE S,,-122.2687556,47.519875,0,1,13,83,5,98,4,0,0,1,5,9,4,1,5,5,14,99,9,99,0,99,399,9999,0,0.0,9,,,,,,1,1,999,9,0.0,,9,0,98,7,11,8,,,,,99.0,9.0,9.0,9.0,1,0,0.0,0.0,0.0,96,,,,,,99,,,,,,99999.0,99,,999.0,9.0,9.0,99.0,99.0,99.0,99.0,,97,,,,,,0,,,98,0,0,0,8.0,9,8,,,0,0.0,0.0,8,9,0.0,0.0,,,0.0,,,0,0,996.0,,,,,,,,,,,,,,,,,,,,,,,,,,,,,,0,0,0,0,0,0,0,0,0,0,0,0,0,0,0,0,0,0,0,0,0,0,0,0,0,0,0,0,0,1,0,0,1,0,0,,0,0,0,0,0,0,0,0,0,0,0,0,0,0,0,0,,,,,,,,City street,U,Monday,Unknown,PV,Not Fatal,0,0,0,0,City Street,Municipal/City Police,Seattle Police Department,0,0,0,1,0,,,,,,99.0,99.0,99.0,,,,,,,,,,,98.0,98.0,98.0,0.0,,,,,20.0,7.0,,,,,,,,,,,,,,,,98118