,year,case,par,repjur,crash_dt,crash_tm,accday,accmon,holiday,county,co_char,city,weather,weather2,lightcond,surfcond,surftype,numfatal,nmforms,pforms,vforms,not_tm,arr_tm,hosp_tm,fhevent,hitrun,manncol,milepnt,reljunc,reljuncinter,intersectiontype,funcsystem,landuse,ownership,route,schlbus,spejur,contdev,devfunc,trafid1,trafid2,x,y,wk_zone,vnumber,crashtype,criticalevent,criticaleventcat,spdlim,body,trailer,emerg,hazcargo,leave,mhevent,roadalgn,roadprof,traflane,trafflow,vehmanvr,numoccs,regowner,regstate,spuse,make,model,modelyr,vrf1,vrf2,seqevent1,seqevent2,seqevent3,seqevent4,seqevent5,seqevent6,pnumber,ptype,age,sex,hispanic,race,injury,diedscene,restraint,restraintmisuse,seatpos,takehosp,death_dt,death_tm,cert,cernum_wa,commlic,licendor,licrestrict,liccomp,drivpres,drf1,drf2,drf3,drf4,distract1,distract2,distract3,distract4,distract5,distract6,dricond1,dricond2,dricond3,dricond4,dricond5,dricond6,dzip,licstate,drhgt_in,weight,noncdl,noncdltype,prevdwi,prevoth,prevacc,prevspd,prevsus,driviol1,driviol2,driviol3,driviol4,driviol5,driviol6,spdrel,first_dt,last_dt,airbag,ejection,ejectpath,extricat,injurwrk,methalc,methdrug,nmlocat,strikveh,prf1,prf2,prf3,druginv,alcinvol,drugsts,drugres1,drugres2,drugres3,drugtst1,drugtst2,drugtst3,alcsts,alctst,alcres,nmact1,nmact2,nmact3,nmact4,nmact5,nmact6,nmprior1,nmprior2,nmprior3,nmprior4,nmprior5,nmprior6,nmcond1,nmcond2,nmcond3,nmcond4,nmcond5,nmcond6,nmsafe_helmet,nmsafe_pads,nmsafe_oth,nmprev_ref,nmprev_lgt,nmprev_oth,crashlocation,nmcrashtype,crosswalk,schoolzone,sidewalk,train_inv,wildlife_inv,rotr_fars,intersect_fars,dd_inv,aid_inv,dpd_inv,id_inv,mj_inv,impnm_inv,ainm_inv,dpnm_inv,speed_inv,unlic_inv,unendmc_inv,drowsy_inv,drdist_inv,nmdist_inv,fty_inv,unrestfat_inv,dr1617_inv,dr1820_inv,dr1620_inv,dr2125_inv,dr1625_inv,dr65_inv,dr70_inv,dr75_inv,mc_inv,pv_inv,ht_inv,ped_inv,bike_inv,unrest_fat,mc_fat,unhelmet_mc,pv_fat,ht_fat,ped_fat,bike_fat,dr_alc7,dr_alc8,dr_drug,dr_imp,dr_dist,dr_spd,dr_fty,dr_unlic,dr_alc7only,dr_alc8only,dr_drugonly,dr_drink,nm_imp,nm_alc7,nm_alc8,nm_drug,nm_dist,agegrp1,agegrp2,roadclass,urbrur,dayweek,restuse,vehtype,race_me,intersect,lanedep,oppdir,wrongway,rep_typ,investag,repag_long,rotr,st_rd,cty_rd,city_rd,oth_rd,drug_thc,thc_res,drug_cthc,cthc_res,drug_cann,prevpersemin,prevperse,prevsusoth,drugtst4,drugtst5,drugtst6,drugtst7,drugtst8,drugres4,drugres5,drugres6,drugres7,drugres8,adspresent,adsengaged,adslevel,race1,race2,race3,race4,race5,helmet,helmetmisuse,nmdistract1,nmdistract2,nmdistract3,nmdistract4,nmdistract5,nmdistract6,lab,isedtcase,crf1,crf2,crf3,CoRoadName,CoMP,IntCoRoadName,IntCoMP,zipcode
1761,2019,115,E913863,339.0,04/23/2019,11:33,23,4,,63,Spokane,2113,1,0.0,1,1,2,1,0,2,2,,,,12,0,6,0.0,2,0,2,7,2,4,6,0,0,20,3,E BROADWAY AVE,N EASTERN RD,-117.3200833,47.663836111,0,1,82,15,2,98,67,1,0,1,5,12,1,1,2,1,11,1,1,53,0,7,880,2016,0,0.0,12,,,,,,1,1,64,1,0.0,,0,0,3,0,11,0,,,,,6.0,0.0,3.0,3.0,1,0,0.0,0.0,0.0,96,,,,,,0,,,,,,99402.0,53,73.0,270.0,6.0,1.0,0.0,0.0,0.0,0.0,,0,,,,,,0,,,20,0,0,0,8.0,9,8,,,0,0.0,0.0,8,0,8.0,95.0,,,96.0,,,8,95,995.0,,,,,,,,,,,,,,,,,,,,,,,,,,,,,,0,0,0,1,1,0,1,1,0,0,0,0,1,1,1,0,0,0,0,0,0,0,0,0,0,0,0,0,1,0,1,0,0,0,0,,0,0,0,0,0,0,0,0,0,0,0,0,0,0,0,0,,,,,,61-65,56-65,City street,U,Tuesday,,MHTRUCK,Not Fatal,1,0,0,0,City Street,Municipal/City Police,Spokane Valley Police Department,0,0,0,1,0,,,,,,0.0,0.0,0.0,,,,,,,,,,,98.0,98.0,98.0,0.0,,,,,20.0,7.0,,,,,,,,,,,,,,,,99212
1762,2019,115,E913863,339.0,04/23/2019,11:33,23,4,,63,Spokane,2113,1,0.0,1,1,2,1,0,2,2,,,,12,0,6,0.0,2,0,2,7,2,4,6,0,0,0,0,E BROADWAY AVE,N EASTERN RD,-117.3200833,47.663836111,0,2,83,6,1,35,80,0,0,1,5,12,1,1,4,1,1,1,2,53,0,53,705,2003,0,0.0,12,,,,,,1,1,44,1,7.0,,4,7,20,7,11,0,04/23/2019,11:33,211353018986.0,18986.0,0.0,0.0,0.0,2.0,1,0,0.0,0.0,0.0,96,,,,,,99,,,,,,99212.0,53,66.0,200.0,1.0,1.0,0.0,0.0,0.0,0.0,,0,,,,,,3,09/15/2014,09/15/2014,20,8,0,0,0.0,9,8,,,0,0.0,0.0,8,9,2.0,401.0,417.0,,1.0,1.0,,2,1,0.06,,,,,,,,,,,,,,,,,,,,,,,,,,,,,,0,0,0,1,1,0,1,1,0,0,0,0,1,1,1,0,0,0,0,0,0,0,0,0,0,0,0,0,1,0,1,0,0,0,1,0.0,0,0,0,0,1,0,1,1,0,1,0,1,0,0,0,1,,,,,,41-45,36-45,City street,U,Tuesday,,MC,White,1,0,0,0,City Street,Municipal/City Police,Spokane Valley Police Department,0,0,0,1,0,,,,,,0.0,0.0,1.0,,,,,,,,,,,0.0,0.0,0.0,1.0,,,,,19.0,0.0,,,,,,,,,,,,,,,,99212
1763,2019,116,E914827,8.0,04/21/2019,17:53,21,4,,27,Grays Harbor,0,1,0.0,1,1,2,1,0,1,1,,,,1,0,0,137.0,1,0,1,3,1,1,2,0,3,0,0,US-101,,-124.0936972,47.487677778,0,1,1,13,2,60,2,0,0,1,2,1,1,1,2,1,1,1,1,53,0,37,32,1997,0,0.0,63,1.0,42.0,,,,1,1,79,1,7.0,,4,7,2,0,11,0,04/21/2019,17:53,53018696.0,18696.0,0.0,0.0,0.0,3.0,1,0,0.0,0.0,0.0,92,,,,,,99,,,,,,98331.0,53,68.0,170.0,6.0,1.0,0.0,0.0,0.0,0.0,,0,,,,,,0,,,1,1,9,0,0.0,9,8,,,0,0.0,0.0,8,1,2.0,1.0,,,1.0,,,2,1,0.0,,,,,,,,,,,,,,,,,,,,,,,,,,,,,,0,0,1,0,1,0,0,0,0,0,0,0,0,0,0,0,1,0,0,0,0,0,0,0,0,1,1,1,0,1,0,0,0,0,0,,1,0,0,0,0,0,0,0,1,0,0,0,0,0,0,1,,,,,,76-80,76+,US highway,R,Sunday,Belt Used,PV,White,0,1,0,0,State Route,State Patrol,Washington State Patrol,1,1,0,0,0,,,,,,0.0,0.0,0.0,,,,,,,,,,,0.0,0.0,0.0,1.0,,,,,20.0,7.0,,,,,,,,,,,,,,,,
1764,2019,117,E914828,8.0,04/20/2019,23:20,20,4,,27,Grays Harbor,0,10,0.0,2,1,2,1,0,4,3,,,,12,0,7,37.9,1,0,1,3,1,1,2,0,0,0,0,US-12,,-123.1738194,46.827991667,0,1,46,51,3,55,4,0,0,1,2,1,1,1,2,1,6,2,2,53,0,37,32,2002,0,0.0,68,68.0,12.0,1.0,12.0,,1,1,38,1,7.0,,4,7,20,7,11,0,04/20/2019,23:20,53019608.0,19608.0,0.0,0.0,3.0,2.0,1,33,0.0,0.0,0.0,96,,,,,,9,,,,,,98502.0,53,72.0,297.0,1.0,1.0,0.0,1.0,1.0,0.0,,0,,,,,,3,09/15/2014,10/15/2016,8,2,9,0,0.0,1,8,,,0,0.0,0.0,8,1,2.0,1.0,,,1.0,,,2,1,0.14,,,,,,,,,,,,,,,,,,,,,,,,,,,,,,0,0,0,0,1,1,0,1,0,0,0,0,1,1,0,0,0,0,0,1,0,0,0,0,0,0,0,0,0,1,0,0,0,1,0,,1,0,0,0,0,1,0,1,0,1,0,1,0,1,0,1,,,,,,36-40,36-45,US highway,R,Saturday,Not Used,PV,White,0,0,0,0,State Route,State Patrol,Washington State Patrol,0,1,0,0,0,,,,,,0.0,0.0,6.0,,,,,,,,,,,98.0,98.0,98.0,1.0,,,,,20.0,7.0,,,,,,,,,,,,,,,,98568
1765,2019,117,E914828,8.0,04/20/2019,23:20,20,4,,27,Grays Harbor,0,10,0.0,2,1,2,1,0,4,3,,,,12,0,7,37.9,1,0,1,3,1,1,2,0,0,0,0,US-12,,-123.1738194,46.827991667,0,2,98,62,4,55,4,0,0,1,2,12,1,1,2,1,1,1,2,53,0,49,40,2012,0,0.0,12,,,,,,1,1,49,1,0.0,,0,0,3,0,11,0,,,,,0.0,0.0,0.0,0.0,1,0,0.0,0.0,0.0,96,,,,,,99,,,,,,98331.0,53,61.0,110.0,0.0,0.0,0.0,0.0,0.0,0.0,,0,,,,,,0,,,2,0,0,0,8.0,9,8,,,0,0.0,0.0,8,0,8.0,95.0,,,96.0,,,8,95,995.0,,,,,,,,,,,,,,,,,,,,,,,,,,,,,,0,0,0,0,1,1,0,1,0,0,0,0,1,1,0,0,0,0,0,1,0,0,0,0,0,0,0,0,0,1,0,0,0,0,0,,0,0,0,0,0,0,0,0,0,0,0,1,0,0,0,0,,,,,,46-50,46-55,US highway,R,Saturday,Belt Used,PV,Not Fatal,0,0,0,0,State Route,State Patrol,Washington State Patrol,0,1,0,0,0,,,,,,0.0,0.0,0.0,,,,,,,,,,,98.0,98.0,98.0,0.0,,,,,20.0,7.0,,,,,,,,,,,,,,,,98568
1766,2019,117,E914828,8.0,04/20/2019,23:20,20,4,,27,Grays Harbor,0,10,0.0,2,1,2,1,0,4,3,,,,12,0,7,37.9,1,0,1,3,1,1,2,0,0,0,0,US-12,,-123.1738194,46.827991667,0,3,45,60,4,55,4,0,0,1,7,12,1,1,2,1,1,1,1,53,0,37,31,2014,0,0.0,12,,,,,,1,1,26,2,0.0,,3,0,3,0,11,8,,,,,0.0,0.0,0.0,3.0,1,0,0.0,0.0,0.0,96,,,,,,0,,,,,,98503.0,53,67.0,155.0,6.0,1.0,0.0,1.0,0.0,1.0,,0,,,,,,0,01/15/2015,11/15/2017,8,0,0,0,8.0,9,8,,,0,0.0,0.0,8,9,8.0,95.0,,,96.0,,,8,95,995.0,,,,,,,,,,,,,,,,,,,,,,,,,,,,,,0,0,0,0,1,1,0,1,0,0,0,0,1,1,0,0,0,0,0,1,0,0,0,0,0,0,0,0,0,1,0,0,0,0,0,,0,0,0,0,0,0,0,0,0,0,0,0,0,0,0,0,,,,,,26-30,26-35,US highway,R,Saturday,Belt Used,PV,Not Fatal,0,0,0,0,State Route,State Patrol,Washington State Patrol,0,1,0,0,0,,,,,,0.0,0.0,2.0,,,,,,,,,,,98.0,98.0,98.0,0.0,,,,,20.0,7.0,,,,,,,,,,,,,,,,98568
1767,2019,118,E914919,1.0,04/22/2019,1:37,22,4,,77,Yakima,0,1,0.0,2,1,2,1,0,2,1,,,,1,0,0,60.3,1,0,1,3,1,1,2,0,3,0,0,US-97,,-120.3201917,46.359736111,0,1,1,13,2,55,4,0,0,1,2,1,1,1,2,1,1,2,3,53,0,35,47,2019,0,0.0,63,67.0,1.0,,,,1,1,25,1,0.0,,1,0,20,7,11,8,,,,,0.0,0.0,0.0,3.0,1,0,0.0,0.0,0.0,96,,,,,,9,,,,,,98665.0,53,67.0,155.0,6.0,1.0,0.0,0.0,1.0,0.0,,97,,,,,,3,07/15/2017,07/15/2017,2,0,0,0,8.0,1,8,,,0,0.0,0.0,1,1,2.0,695.0,605.0,337.0,1.0,1.0,1.0,2,1,0.097,,,,,,,,,,,,,,,,,,,,,,,,,,,,,,0,0,1,0,1,1,1,1,1,0,0,0,1,0,0,0,0,0,0,1,0,0,0,1,1,0,0,0,0,1,0,0,0,0,0,,0,0,0,0,0,1,1,1,0,1,0,0,0,0,0,1,,,,,,21-25,16-25,US highway,R,Monday,Not Used,PV,Not Fatal,0,1,0,0,State Route,State Patrol,Washington State Patrol,1,1,0,0,0,thc,3.5,carboxy-thc,25.0,,0.0,0.0,0.0,1.0,,,,,348.0,,,,,98.0,98.0,98.0,0.0,,,,,20.0,7.0,,,,,,,,,,,,,,,,98948
1768,2019,119,E915182,1.0,04/27/2019,18:09,27,4,,71,Walla Walla,0,1,0.0,5,1,2,1,0,1,1,,,,24,0,0,12.4,1,0,1,4,1,1,3,0,0,0,0,SR-124,,-118.7818528,46.265305556,0,1,7,6,1,98,80,0,0,1,7,24,1,2,2,1,6,1,1,53,0,72,706,2016,0,0.0,68,64.0,24.0,,,,1,1,33,1,7.0,,4,0,20,7,11,8,04/27/2019,19:30,185053021192.0,21192.0,0.0,0.0,3.0,3.0,1,0,0.0,0.0,0.0,96,,,,,,99,,,,,,99352.0,53,74.0,159.0,6.0,1.0,0.0,0.0,0.0,0.0,,0,,,,,,4,,,20,8,0,0,0.0,9,8,,,0,0.0,0.0,8,0,2.0,1.0,,,1.0,,,2,1,0.0,,,,,,,,,,,,,,,,,,,,,,,,,,,,,,0,0,0,0,0,0,0,0,0,0,0,0,1,0,0,0,0,0,0,0,0,0,0,0,0,0,0,0,1,0,0,0,0,0,1,0.0,0,0,0,0,0,0,0,0,0,1,0,0,0,0,0,0,,,,,,31-35,26-35,State route,R,Saturday,,MC,White,0,1,0,0,State Route,State Patrol,Washington State Patrol,1,1,0,0,0,,,,,,0.0,0.0,0.0,,,,,,,,,,,0.0,0.0,0.0,1.0,,,,,19.0,0.0,,,,,,,,,,,,,,,,
1769,2019,120,E915297,3.0,04/09/2019,20:22,9,4,,67,Thurston,0,1,0.0,3,1,2,1,0,5,2,,,,12,0,6,2.8,2,0,2,4,2,1,3,0,0,0,0,SR-510,ROCKCRESS DR,-122.7427583,47.035919444,0,1,68,15,2,50,4,0,0,1,2,12,1,1,3,1,11,4,1,53,0,41,51,2004,0,0.0,12,,,,,,1,1,36,1,0.0,,0,0,3,0,11,0,,,,,0.0,0.0,3.0,3.0,1,38,91.0,0.0,0.0,96,,,,,,9,,,,,,98503.0,53,71.0,165.0,6.0,1.0,0.0,0.0,0.0,0.0,,1,,,,,,0,,,20,0,0,0,8.0,1,8,,,0,0.0,0.0,8,1,2.0,1.0,,,1.0,,,2,1,0.044,,,,,,,,,,,,,,,,,,,,,,,,,,,,,,0,0,0,1,1,0,0,0,0,0,0,0,0,1,1,0,0,0,1,0,0,0,0,0,0,0,0,0,1,1,0,0,0,0,0,,0,0,0,0,1,0,0,0,0,0,1,0,1,0,0,1,,,,,,36-40,36-45,State route,U,Tuesday,Belt Used,PV,Not Fatal,1,0,0,0,State Route,State Patrol,Washington State Patrol,0,1,0,0,0,,,,,,0.0,0.0,0.0,,,,,,,,,,,98.0,98.0,98.0,0.0,,,,,20.0,7.0,,,,,,,,,,,,,,,,98513
1770,2019,120,E915297,3.0,04/09/2019,20:22,9,4,,67,Thurston,0,1,0.0,3,1,2,1,0,5,2,,,,12,0,6,2.8,2,0,2,4,2,1,3,0,0,0,0,SR-510,ROCKCRESS DR,-122.7427583,47.035919444,0,2,69,62,4,50,80,0,0,1,7,12,1,1,3,1,1,1,2,53,0,76,705,2004,0,0.0,12,,,,,,1,1,33,1,7.0,,4,7,20,7,11,0,04/09/2019,20:22,53016616.0,16616.0,0.0,0.0,0.0,2.0,1,0,0.0,0.0,0.0,96,,,,,,99,,,,,,98501.0,53,67.0,200.0,1.0,1.0,0.0,0.0,0.0,0.0,,0,,,,,,0,05/15/2014,03/15/2016,20,8,0,0,0.0,9,8,,,0,0.0,0.0,8,9,8.0,95.0,,,96.0,,,8,95,995.0,,,,,,,,,,,,,,,,,,,,,,,,,,,,,,0,0,0,1,1,0,0,0,0,0,0,0,0,1,1,0,0,0,1,0,0,0,0,0,0,0,0,0,1,1,0,0,0,0,1,0.0,0,0,0,0,0,0,0,0,0,0,0,1,0,0,0,0,,,,,,31-35,26-35,State route,U,Tuesday,,MC,API,1,0,0,0,State Route,State Patrol,Washington State Patrol,0,1,0,0,0,,,,,,0.0,0.0,3.0,,,,,,,,,,,0.0,0.0,0.0,68.0,,,,,5.0,0.0,,,,,,,,,,,,,,,,98513
1771,2019,121,E915428,2.0,04/25/2019,18:08,25,4,,57,Skagit,0,10,0.0,1,1,2,1,0,7,2,,,,12,0,6,1.4,2,0,2,5,1,1,3,0,0,20,3,SR- 11,PULVER RD,-122.3564444,48.500105556,0,1,88,17,2,50,14,0,0,1,2,12,1,1,2,1,1,3,2,53,0,12,402,2008,0,0.0,12,,,,,,1,1,17,2,0.0,,0,0,3,0,11,0,,,,,0.0,0.0,3.0,3.0,1,38,0.0,0.0,0.0,96,,,,,,0,,,,,,98233.0,53,64.0,140.0,6.0,2.0,0.0,0.0,0.0,0.0,,97,,,,,,0,,,20,0,0,0,8.0,9,8,,,0,0.0,0.0,8,0,2.0,695.0,605.0,,1.0,1.0,,2,1,0.0,,,,,,,,,,,,,,,,,,,,,,,,,,,,,,0,0,0,1,0,0,1,1,1,0,0,0,0,0,0,0,0,0,1,0,1,0,1,0,1,0,0,0,0,1,0,0,0,0,0,,0,0,0,0,0,0,1,1,0,0,1,0,0,0,1,0,,,,,,16-17,16-25,State route,R,Thursday,Belt Used,PV,Not Fatal,1,0,0,0,State Route,State Patrol,Washington State Patrol,0,1,0,0,0,thc,5.9,carboxy-thc,130.0,,0.0,0.0,0.0,,,,,,,,,,,98.0,98.0,98.0,0.0,,,,,20.0,7.0,,,,,,,,,,,,,,,,98233
1772,2019,121,E915428,2.0,04/25/2019,18:08,25,4,,57,Skagit,0,10,0.0,1,1,2,1,0,7,2,,,,12,0,6,1.4,2,0,2,5,1,1,3,0,0,0,0,SR- 11,PULVER RD,-122.3564444,48.500105556,0,2,89,66,4,50,34,0,0,1,2,1,1,1,2,1,1,4,1,53,0,12,481,2005,0,0.0,12,1.0,,,,,1,1,31,1,7.0,,4,7,3,0,11,0,04/25/2019,18:08,53019265.0,19265.0,0.0,0.0,0.0,3.0,1,0,0.0,0.0,0.0,96,,,,,,99,,,,,,98284.0,53,73.0,190.0,6.0,1.0,0.0,0.0,0.0,0.0,,0,,,,,,0,03/15/2017,03/15/2017,20,0,0,0,0.0,9,8,,,0,0.0,0.0,8,9,8.0,95.0,,,96.0,,,8,95,995.0,,,,,,,,,,,,,,,,,,,,,,,,,,,,,,0,0,0,1,0,0,1,1,1,0,0,0,0,0,0,0,0,0,1,0,1,0,1,0,1,0,0,0,0,1,0,0,0,0,0,,1,0,0,0,0,0,0,0,0,0,0,0,0,0,0,0,,,,,,31-35,26-35,State route,R,Thursday,Belt Used,PV,White,1,0,0,0,State Route,State Patrol,Washington State Patrol,0,1,0,0,0,,,,,,0.0,0.0,1.0,,,,,,,,,,,98.0,98.0,98.0,1.0,,,,,20.0,7.0,,,,,,,,,,,,,,,,98233
1773,2019,122,E915551,35.0,04/28/2019,15:42,28,4,,53,Pierce,0,1,0.0,1,1,2,1,0,3,2,,,,12,0,2,0.0,1,0,1,5,2,2,4,0,0,0,0,CR-218TH AVE E,,-122.140525,47.220486111,0,1,50,10,2,40,34,0,0,1,7,12,2,1,2,1,14,1,1,53,0,20,482,2005,0,0.0,68,12.0,,,,,1,1,33,1,0.0,,2,0,3,0,11,8,,,,,0.0,0.0,0.0,3.0,1,28,91.0,0.0,0.0,96,,,,,,9,,,,,,98391.0,53,66.0,185.0,6.0,1.0,0.0,0.0,0.0,0.0,,1,,,,,,0,,,1,0,0,0,8.0,9,8,,,0,0.0,0.0,8,1,2.0,1.0,,,1.0,,,2,1,0.044,,,,,,,,,,,,,,,,,,,,,,,,,,,,,,0,0,0,0,1,0,0,0,0,0,0,0,0,0,0,0,0,0,0,0,0,0,0,0,0,0,0,0,0,1,0,0,0,0,0,,0,0,0,0,1,0,0,0,0,0,0,0,1,0,0,1,,,,,,31-35,26-35,County road,U,Sunday,Belt Used,PV,Not Fatal,0,1,1,0,County Road,County Sheriff,Law Enforcement Support Agency,0,0,1,0,0,,,,,,0.0,0.0,0.0,,,,,,,,,,,98.0,98.0,98.0,0.0,,,,,20.0,7.0,,,,,,,,,,,,,,,,98391
1774,2019,122,E915551,35.0,04/28/2019,15:42,28,4,,53,Pierce,0,1,0.0,1,1,2,1,0,3,2,,,,12,0,2,0.0,1,0,1,5,2,2,4,0,0,0,0,CR-218TH AVE E,,-122.140525,47.220486111,0,2,51,62,4,40,34,0,0,1,7,12,3,1,2,1,14,2,1,53,0,20,481,2001,0,0.0,12,,,,,,1,1,33,1,1.0,,4,7,99,7,11,0,04/28/2019,15:42,53019460.0,19460.0,0.0,0.0,0.0,3.0,1,0,0.0,0.0,0.0,96,,,,,,99,,,,,,98092.0,53,68.0,200.0,6.0,1.0,0.0,1.0,0.0,1.0,,0,,,,,,0,02/15/2015,07/15/2018,20,0,0,0,0.0,9,8,,,0,0.0,0.0,8,9,2.0,1.0,,,1.0,,,2,1,0.0,,,,,,,,,,,,,,,,,,,,,,,,,,,,,,0,0,0,0,1,0,0,0,0,0,0,0,0,0,0,0,0,0,0,0,0,0,0,0,0,0,0,0,0,1,0,0,0,0,0,,1,0,0,0,0,0,0,0,0,0,0,0,0,0,0,0,,,,,,31-35,26-35,County road,U,Sunday,Unknown,PV,Hispanic,0,1,1,0,County Road,County Sheriff,Law Enforcement Support Agency,0,0,1,0,0,,,,,,0.0,0.0,0.0,,,,,,,,,,,98.0,98.0,98.0,298.0,,,,,20.0,7.0,,,,,,,,,,,,,,,,98391
1775,2019,123,E902346,1.0,03/10/2019,18:54,10,3,,21,Franklin,1660,1,0.0,1,1,2,1,0,2,1,,,,1,0,0,0.2,5,1,1,1,2,1,1,0,0,0,0,I-182 RAMP R100969,,-119.1794111,46.265605556,0,1,6,12,2,98,4,0,0,1,7,1,2,3,1,6,14,2,1,53,0,54,35,2003,0,0.0,64,1.0,,,,,1,1,35,1,0.0,,0,0,3,0,11,0,,,,,0.0,0.0,0.0,3.0,1,0,0.0,0.0,0.0,96,,,,,,9,,,,,,99301.0,53,67.0,170.0,6.0,1.0,0.0,0.0,0.0,0.0,,97,,,,,,4,,,2,0,0,0,8.0,1,8,,,0,0.0,0.0,8,1,2.0,1.0,,,1.0,,,2,1,0.1,,,,,,,,,,,,,,,,,,,,,,,,,,,,,,0,0,1,0,1,1,0,1,0,0,0,0,1,0,0,0,0,0,0,0,0,0,0,0,0,0,0,0,0,1,0,0,0,0,0,,0,0,0,0,0,1,0,1,0,1,0,0,0,1,0,1,,,,,,31-35,26-35,Interstate,U,Sunday,Belt Used,PV,Not Fatal,0,1,0,0,State Route,State Patrol,Washington State Patrol,1,1,0,0,0,,,,,,0.0,0.0,0.0,,,,,,,,,,,98.0,98.0,98.0,0.0,,,,,20.0,7.0,,,,,,,,,,,,,,,,99301
1776,2019,124,E915971,3.0,04/30/2019,12:00,30,4,,53,Pierce,0,1,0.0,1,1,2,1,0,2,2,,,,12,0,2,23.6,1,0,1,4,1,1,3,0,0,0,0,SR-7,,-122.2995083,46.813511111,0,1,50,9,1,98,80,0,0,1,5,12,2,4,2,1,14,1,1,53,0,76,706,2014,0,0.0,68,12.0,,,,,1,1,77,1,7.0,,4,7,20,7,11,0,04/30/2019,12:00,53019687.0,19687.0,0.0,0.0,3.0,3.0,1,28,0.0,0.0,0.0,96,,,,,,0,,,,,,98387.0,53,70.0,185.0,6.0,1.0,0.0,0.0,0.0,0.0,,69,,,,,,0,,,20,8,0,0,0.0,9,8,,,0,0.0,0.0,8,0,2.0,1.0,,,1.0,,,2,1,0.0,,,,,,,,,,,,,,,,,,,,,,,,,,,,,,0,0,0,0,0,0,0,0,0,0,0,0,0,0,0,0,0,0,0,0,0,0,0,0,0,1,1,1,1,0,1,0,0,0,1,0.0,0,0,0,0,0,0,0,0,0,0,0,0,0,0,0,0,,,,,,76-80,76+,State route,R,Tuesday,,MC,White,0,1,1,0,State Route,State Patrol,Washington State Patrol,0,1,0,0,0,,,,,,0.0,0.0,0.0,,,,,,,,,,,0.0,0.0,0.0,1.0,,,,,5.0,0.0,,,,,,,,,,,,,,,,98328
1777,2019,124,E915971,3.0,04/30/2019,12:00,30,4,,53,Pierce,0,1,0.0,1,1,2,1,0,2,2,,,,12,0,2,23.6,1,0,1,4,1,1,3,0,0,0,0,SR-7,,-122.2995083,46.813511111,0,2,51,62,4,50,63,0,0,1,5,12,3,4,2,1,14,1,1,53,0,85,881,2004,0,0.0,12,,,,,,1,1,58,1,0.0,,0,0,3,0,11,0,,,,,6.0,1.0,0.0,3.0,1,0,0.0,0.0,0.0,96,,,,,,0,,,,,,98355.0,53,72.0,160.0,6.0,1.0,0.0,0.0,0.0,1.0,,0,,,,,,0,05/15/2015,05/15/2015,20,0,0,0,8.0,9,8,,,0,0.0,0.0,8,0,8.0,95.0,,,96.0,,,8,95,995.0,,,,,,,,,,,,,,,,,,,,,,,,,,,,,,0,0,0,0,0,0,0,0,0,0,0,0,0,0,0,0,0,0,0,0,0,0,0,0,0,1,1,1,1,0,1,0,0,0,0,,0,0,0,0,0,0,0,0,0,0,0,0,0,0,0,0,,,,,,56-60,56-65,State route,R,Tuesday,,MHTRUCK,Not Fatal,0,1,1,0,State Route,State Patrol,Washington State Patrol,0,1,0,0,0,,,,,,0.0,0.0,0.0,,,,,,,,,,,98.0,98.0,98.0,0.0,,,,,20.0,7.0,,,,,,,,,,,,,,,,98328
1778,2019,125,E916263,39.0,05/02/2019,1:47,2,5,,61,Snohomish,0,10,0.0,2,1,2,1,0,1,1,,,,24,0,0,1.0,1,0,1,7,2,2,4,0,0,0,0,CR-ENGEBRETSEN RD,,-122.0032,48.100255556,0,1,7,6,1,35,80,0,0,1,7,24,2,1,2,1,14,1,5,53,0,37,705,2015,0,0.0,68,64.0,24.0,,,,1,1,54,1,7.0,,4,7,20,7,11,0,05/02/2019,1:47,53034312.0,34312.0,0.0,0.0,0.0,3.0,1,0,0.0,0.0,0.0,93,,,,,,99,,,,,,98104.0,53,72.0,190.0,6.0,1.0,0.0,1.0,1.0,1.0,,0,,,,,,4,10/15/2018,02/15/2019,20,8,0,0,0.0,9,8,,,0,0.0,0.0,8,9,2.0,996.0,401.0,417.0,1.0,1.0,1.0,2,1,0.0,,,,,,,,,,,,,,,,,,,,,,,,,,,,,,0,0,0,0,0,0,1,1,0,0,0,0,1,0,0,0,1,0,0,0,0,0,0,0,0,0,0,0,1,0,0,0,0,0,1,0.0,0,0,0,0,0,0,1,1,1,1,0,0,0,0,1,0,,,,,,51-55,46-55,County road,U,Thursday,,MC,White,0,1,0,0,County Road,County Sheriff,Snohomish County Sheriff's Office,1,0,1,0,0,,,,,,0.0,0.0,3.0,,,,,,,,,,,0.0,0.0,0.0,1.0,,,,,5.0,0.0,,,,,,,,,,,,,,,,98252