,year,case,par,repjur,crash_dt,crash_tm,accday,accmon,holiday,county,co_char,city,weather,weather2,lightcond,surfcond,surftype,numfatal,nmforms,pforms,vforms,not_tm,arr_tm,hosp_tm,fhevent,hitrun,manncol,milepnt,reljunc,reljuncinter,intersectiontype,funcsystem,landuse,ownership,route,schlbus,spejur,contdev,devfunc,trafid1,trafid2,x,y,wk_zone,vnumber,crashtype,criticalevent,criticaleventcat,spdlim,body,trailer,emerg,hazcargo,leave,mhevent,roadalgn,roadprof,traflane,trafflow,vehmanvr,numoccs,regowner,regstate,spuse,make,model,modelyr,vrf1,vrf2,seqevent1,seqevent2,seqevent3,seqevent4,seqevent5,seqevent6,pnumber,ptype,age,sex,hispanic,race,injury,diedscene,restraint,restraintmisuse,seatpos,takehosp,death_dt,death_tm,cert,cernum_wa,commlic,licendor,licrestrict,liccomp,drivpres,drf1,drf2,drf3,drf4,distract1,distract2,distract3,distract4,distract5,distract6,dricond1,dricond2,dricond3,dricond4,dricond5,dricond6,dzip,licstate,drhgt_in,weight,noncdl,noncdltype,prevdwi,prevoth,prevacc,prevspd,prevsus,driviol1,driviol2,driviol3,driviol4,driviol5,driviol6,spdrel,first_dt,last_dt,airbag,ejection,ejectpath,extricat,injurwrk,methalc,methdrug,nmlocat,strikveh,prf1,prf2,prf3,druginv,alcinvol,drugsts,drugres1,drugres2,drugres3,drugtst1,drugtst2,drugtst3,alcsts,alctst,alcres,nmact1,nmact2,nmact3,nmact4,nmact5,nmact6,nmprior1,nmprior2,nmprior3,nmprior4,nmprior5,nmprior6,nmcond1,nmcond2,nmcond3,nmcond4,nmcond5,nmcond6,nmsafe_helmet,nmsafe_pads,nmsafe_oth,nmprev_ref,nmprev_lgt,nmprev_oth,crashlocation,nmcrashtype,crosswalk,schoolzone,sidewalk,train_inv,wildlife_inv,rotr_fars,intersect_fars,dd_inv,aid_inv,dpd_inv,id_inv,mj_inv,impnm_inv,ainm_inv,dpnm_inv,speed_inv,unlic_inv,unendmc_inv,drowsy_inv,drdist_inv,nmdist_inv,fty_inv,unrestfat_inv,dr1617_inv,dr1820_inv,dr1620_inv,dr2125_inv,dr1625_inv,dr65_inv,dr70_inv,dr75_inv,mc_inv,pv_inv,ht_inv,ped_inv,bike_inv,unrest_fat,mc_fat,unhelmet_mc,pv_fat,ht_fat,ped_fat,bike_fat,dr_alc7,dr_alc8,dr_drug,dr_imp,dr_dist,dr_spd,dr_fty,dr_unlic,dr_alc7only,dr_alc8only,dr_drugonly,dr_drink,nm_imp,nm_alc7,nm_alc8,nm_drug,nm_dist,agegrp1,agegrp2,roadclass,urbrur,dayweek,restuse,vehtype,race_me,intersect,lanedep,oppdir,wrongway,rep_typ,investag,repag_long,rotr,st_rd,cty_rd,city_rd,oth_rd,drug_thc,thc_res,drug_cthc,cthc_res,drug_cann,prevpersemin,prevperse,prevsusoth,drugtst4,drugtst5,drugtst6,drugtst7,drugtst8,drugres4,drugres5,drugres6,drugres7,drugres8,adspresent,adsengaged,adslevel,race1,race2,race3,race4,race5,helmet,helmetmisuse,nmdistract1,nmdistract2,nmdistract3,nmdistract4,nmdistract5,nmdistract6,lab,isedtcase,crf1,crf2,crf3,CoRoadName,CoMP,IntCoRoadName,IntCoMP,zipcode
1817,2019,148,E922494,35.0,05/18/2019,0:55,18,5,,53,Pierce,0,1,0.0,2,1,2,1,0,1,1,,,,42,0,0,1.5,1,0,1,5,1,2,4,0,0,0,0,CR-118TH AVE NW,,-122.6948306,47.396702778,0,1,6,6,1,35,4,0,0,1,5,42,1,3,2,1,1,1,1,53,0,41,50,2018,0,0.0,68,64.0,67.0,42.0,18.0,18.0,1,1,26,1,7.0,,4,7,20,7,11,0,05/18/2019,0:55,53022660.0,22660.0,0.0,0.0,0.0,3.0,1,0,0.0,0.0,0.0,96,,,,,,9,,,,,,98329.0,53,71.0,200.0,6.0,1.0,1.0,4.0,1.0,2.0,,0,,,,,,3,12/15/2014,07/15/2018,2,1,9,0,0.0,1,1,,,0,0.0,0.0,1,1,2.0,605.0,695.0,,1.0,1.0,,2,1,0.025,,,,,,,,,,,,,,,,,,,,,,,,,,,,,,0,0,1,0,1,0,1,1,1,0,0,0,1,0,0,0,0,0,0,1,0,0,0,0,0,0,0,0,0,1,0,0,0,1,0,,1,0,0,0,1,0,1,1,0,1,0,0,0,0,0,1,,,,,,26-30,26-35,County road,R,Saturday,Not Used,PV,White,0,1,0,0,County Road,County Sheriff,Law Enforcement Support Agency,1,0,1,0,0,thc,53.0,carboxy-thc,89.0,,0.0,1.0,1.0,,,,,,,,,,,98.0,98.0,98.0,1.0,,,,,20.0,7.0,,,,,,,,,,,,,,,,98329
1818,2019,149,E922808,6.0,04/22/2019,14:45,22,4,,47,Okanogan,0,10,0.0,1,1,2,2,0,3,2,,,,12,0,2,279.2,2,0,2,3,1,1,2,0,0,0,0,US-97,ENGH RD,-119.4839306,48.438188889,0,1,68,15,2,60,4,0,0,1,7,12,1,1,2,1,11,1,1,53,0,18,22,2009,0,0.0,12,,,,,,1,1,87,1,7.0,,4,0,3,0,11,4,04/22/2019,15:33,160053019101.0,19101.0,0.0,0.0,0.0,3.0,1,48,0.0,0.0,0.0,96,,,,,,0,,,,,,98849.0,53,73.0,250.0,6.0,1.0,0.0,0.0,0.0,0.0,,0,,,,,,0,,,8,0,0,0,0.0,9,8,,,0,0.0,0.0,8,0,2.0,1.0,,,1.0,,,2,1,0.0,,,,,,,,,,,,,,,,,,,,,,,,,,,,,,0,0,0,1,0,0,1,1,0,0,0,0,0,0,0,0,0,0,0,0,0,0,0,0,0,1,1,1,0,1,0,0,0,0,0,,1,0,0,0,0,0,0,0,0,0,0,0,0,0,0,0,,,,,,81+,76+,US highway,R,Monday,Belt Used,PV,White,1,0,0,0,State Route,State Patrol,Washington State Patrol,0,1,0,0,0,,,,,,0.0,0.0,0.0,,,,,,,,,,,98.0,98.0,98.0,1.0,,,,,20.0,7.0,,,,,,,,,,,,,,,,98841
1819,2019,149,E922808,6.0,04/22/2019,14:45,22,4,,47,Okanogan,0,10,0.0,1,1,2,2,0,3,2,,,,12,0,2,279.2,2,0,2,3,1,1,2,0,0,0,0,US-97,ENGH RD,-119.4839306,48.438188889,0,2,69,62,4,60,15,0,0,1,7,12,1,1,3,1,1,2,1,53,0,20,421,2011,0,0.0,12,,,,,,1,1,71,1,7.0,,4,0,3,0,11,4,04/26/2019,14:07,211053019381.0,19381.0,0.0,0.0,3.0,3.0,1,0,0.0,0.0,0.0,96,,,,,,0,,,,,,98844.0,53,71.0,165.0,6.0,1.0,0.0,0.0,0.0,1.0,,0,,,,,,0,03/15/2017,03/15/2017,8,0,0,0,0.0,9,8,,,0,0.0,0.0,8,0,2.0,348.0,,,1.0,,,2,1,0.0,,,,,,,,,,,,,,,,,,,,,,,,,,,,,,0,0,0,1,0,0,1,1,0,0,0,0,0,0,0,0,0,0,0,0,0,0,0,0,0,1,1,1,0,1,0,0,0,0,0,,1,0,0,0,0,0,1,1,0,0,0,0,0,0,1,0,,,,,,71-75,66-75,US highway,R,Monday,Belt Used,PV,White,1,0,0,0,State Route,State Patrol,Washington State Patrol,0,1,0,0,0,,,,,,0.0,0.0,0.0,,,,,,,,,,,98.0,98.0,98.0,1.0,,,,,20.0,7.0,,,,,,,,,,,,,,,,98841
1820,2019,150,E922858,25.0,05/09/2019,11:04,9,5,,33,King,0,1,0.0,1,1,1,1,0,2,2,,,,12,0,2,1.5,1,0,1,7,2,2,4,0,0,0,0,CR-SE KENT KANGLEY RD,,-121.9904167,47.362708333,1,1,50,10,2,45,15,0,0,1,7,12,2,1,2,1,14,1,1,53,0,2,422,2015,0,0.0,68,12.0,,,,,1,1,57,2,0.0,,3,0,3,0,11,1,,,,,0.0,0.0,0.0,3.0,1,28,0.0,0.0,0.0,92,,,,,,0,,,,,,98022.0,53,70.0,205.0,6.0,1.0,0.0,0.0,0.0,0.0,,97,,,,,,0,,,1,0,0,0,8.0,9,8,,,0,0.0,0.0,8,0,8.0,95.0,,,96.0,,,8,95,995.0,,,,,,,,,,,,,,,,,,,,,,,,,,,,,,0,0,0,0,0,0,0,0,0,0,0,0,0,0,0,0,1,0,0,0,0,0,0,0,0,0,0,0,0,1,0,0,0,0,0,,0,0,0,0,0,0,0,0,1,0,0,0,0,0,0,0,,,,,,56-60,56-65,County road,U,Thursday,Belt Used,PV,Not Fatal,0,1,1,0,County Road,County Sheriff,King County Police,0,0,1,0,0,,,,,,0.0,0.0,0.0,,,,,,,,,,,98.0,98.0,98.0,0.0,,,,,20.0,7.0,,,,,,,,,,,,,,,,98051
1821,2019,150,E922858,25.0,05/09/2019,11:04,9,5,,33,King,0,1,0.0,1,1,1,1,0,2,2,,,,12,0,2,1.5,1,0,1,7,2,2,4,0,0,0,0,CR-SE KENT KANGLEY RD,,-121.9904167,47.362708333,1,2,51,62,4,45,15,0,0,1,7,12,3,1,2,1,14,1,2,53,0,23,421,2002,0,0.0,12,,,,,,1,1,63,2,1.0,,4,0,3,0,11,4,05/11/2019,10:49,196053022127.0,22127.0,0.0,0.0,0.0,3.0,1,0,0.0,0.0,0.0,96,,,,,,0,,,,,,98051.0,53,59.0,150.0,6.0,1.0,0.0,0.0,0.0,0.0,,0,,,,,,0,09/15/2018,09/15/2018,1,0,0,0,0.0,9,8,,,0,0.0,0.0,8,0,2.0,1.0,,,1.0,,,2,1,0.0,,,,,,,,,,,,,,,,,,,,,,,,,,,,,,0,0,0,0,0,0,0,0,0,0,0,0,0,0,0,0,1,0,0,0,0,0,0,0,0,0,0,0,0,1,0,0,0,0,0,,1,0,0,0,0,0,0,0,0,0,0,0,0,0,0,0,,,,,,61-65,56-65,County road,U,Thursday,Belt Used,PV,Hispanic,0,1,1,0,County Road,County Sheriff,King County Police,0,0,1,0,0,,,,,,0.0,0.0,1.0,,,,,,,,,,,98.0,98.0,98.0,298.0,,,,,20.0,7.0,,,,,,,,,,,,,,,,98051
1822,2019,151,E923527,35.0,05/18/2019,1:51,18,5,,53,Pierce,0,1,0.0,2,1,1,1,0,1,1,,,,41,0,0,2.1,1,0,1,4,1,2,4,0,0,0,0,CR-ALDER CUTOFF RD E,,-122.2605972,46.823016667,0,1,6,12,2,45,34,0,0,1,7,1,1,1,2,1,1,1,1,53,0,7,482,2010,0,0.0,68,64.0,41.0,1.0,,,1,1,28,1,7.0,,4,7,20,7,11,0,05/18/2019,1:51,53023347.0,23347.0,6.0,0.0,3.0,3.0,1,0,0.0,0.0,0.0,96,,,,,,99,,,,,,98328.0,53,69.0,200.0,6.0,1.0,0.0,0.0,1.0,0.0,,0,,,,,,3,05/15/2018,05/15/2018,8,0,0,0,0.0,9,8,,,0,0.0,0.0,8,9,2.0,1.0,,,1.0,,,2,1,0.18,,,,,,,,,,,,,,,,,,,,,,,,,,,,,,0,0,1,0,1,1,0,1,0,0,0,0,1,0,0,0,0,0,0,1,0,0,0,0,0,0,0,0,0,1,0,0,0,1,0,,1,0,0,0,0,1,0,1,0,1,0,0,0,1,0,1,,,,,,26-30,26-35,County road,R,Saturday,Not Used,PV,White,0,1,0,0,County Road,County Sheriff,Law Enforcement Support Agency,1,0,1,0,0,,,,,,0.0,0.0,0.0,,,,,,,,,,,98.0,98.0,98.0,1.0,,,,,20.0,7.0,,,,,,,,,,,,,,,,98328
1823,2019,152,E924152,122.0,05/25/2019,21:30,25,5,,61,Snohomish,690,10,0.0,5,2,2,1,1,1,1,,,,8,1,0,0.0,1,0,1,7,2,4,6,0,0,0,0,13TH ST,,-122.2111806,48.000391667,0,1,13,80,5,98,99,0,0,1,5,8,1,2,8,1,1,99,9,99,0,99,999,9999,0,0.0,8,,,,,,1,1,999,8,0.0,,9,0,99,7,11,8,,,,,99.0,9.0,9.0,9.0,1,0,0.0,0.0,0.0,96,,,,,,99,,,,,,99999.0,99,,999.0,9.0,9.0,99.0,99.0,99.0,99.0,,0,,,,,,0,,,99,9,0,0,8.0,9,8,,,0,0.0,0.0,8,9,0.0,0.0,,,0.0,,,0,0,996.0,,,,,,,,,,,,,,,,,,,,,,,,,,,,,,0,0,0,0,0,0,0,0,0,1,0,1,0,0,0,0,0,0,0,0,0,0,0,0,0,0,0,0,0,0,0,1,0,0,0,,0,0,0,0,0,0,0,0,0,0,0,0,0,0,0,0,,,,,,,,City street,U,Saturday,,NR-U,Not Fatal,0,0,0,0,City Street,Municipal/City Police,Everett Police Department,0,0,0,1,0,,,,,,99.0,99.0,99.0,,,,,,,,,,,98.0,98.0,98.0,0.0,,,,,20.0,7.0,,,,,,,,,,,,,,,,98201
1824,2019,153,E924278,2.0,05/25/2019,2:15,25,5,,73,Whatcom,0,10,0.0,2,1,2,1,0,1,5,,,,14,0,0,1.4,1,0,1,7,2,2,4,0,0,0,0,CR-YEW STREET RD,,-122.4437167,48.724961111,0,1,11,11,2,35,34,0,0,1,2,1,3,1,2,1,14,1,1,53,0,7,482,2011,0,0.0,63,14.0,1.0,14.0,42.0,14.0,1,1,25,1,7.0,,4,7,20,7,11,0,05/25/2019,2:15,53023997.0,23997.0,6.0,0.0,0.0,3.0,1,0,0.0,0.0,0.0,93,,,,,,99,,,,,,98284.0,53,69.0,180.0,6.0,1.0,0.0,0.0,0.0,3.0,,0,,,,,,3,06/15/2014,04/15/2017,8,0,0,0,0.0,1,8,,,0,0.0,0.0,8,1,2.0,1.0,,,1.0,,,2,1,0.25,,,,,,,,,,,,,,,,,,,,,,,,,,,,,,0,0,0,0,1,1,0,1,0,0,0,0,1,0,0,0,1,0,0,1,0,0,0,1,1,0,0,0,0,1,0,0,0,1,0,,1,0,0,0,0,1,0,1,1,1,0,0,0,1,0,1,,,,,,21-25,16-25,County road,U,Saturday,Not Used,PV,White,0,1,0,0,County Road,State Patrol,Washington State Patrol,1,0,1,0,0,,,,,,0.0,0.0,0.0,,,,,,,,,,,98.0,98.0,98.0,1.0,,,,,20.0,7.0,,,,,,,,,,,,,,,,98225
1825,2019,154,E924363,5.0,05/26/2019,15:53,26,5,,11,Clark,0,1,0.0,1,1,2,2,0,4,2,,,,12,0,6,10.4,2,0,2,4,1,1,3,0,0,0,0,SR-503,NE POTTER RD,-122.5469806,45.816805556,0,1,87,66,4,50,34,1,0,1,5,12,1,1,4,1,1,2,1,41,0,23,481,2001,0,0.0,12,,,,,,1,1,45,1,0.0,,0,0,3,0,11,0,,,,,0.0,0.0,3.0,3.0,1,0,0.0,0.0,0.0,96,,,,,,0,,,,,,97051.0,41,70.0,300.0,6.0,1.0,0.0,1.0,0.0,0.0,,0,,,,,,0,03/15/2016,06/15/2016,20,0,0,0,8.0,9,8,,,0,0.0,0.0,8,0,8.0,95.0,,,96.0,,,8,95,995.0,,,,,,,,,,,,,,,,,,,,,,,,,,,,,,0,0,0,1,0,0,0,0,0,0,0,0,0,0,0,0,1,0,1,0,0,0,0,0,0,1,1,0,1,1,0,0,0,0,0,,0,0,0,0,0,0,0,0,0,0,0,0,0,0,0,0,,,,,,41-45,36-45,State route,R,Sunday,Belt Used,PV,Not Fatal,1,0,0,0,State Route,State Patrol,Washington State Patrol,0,1,0,0,0,,,,,,0.0,0.0,1.0,,,,,,,,,,,98.0,98.0,98.0,0.0,,,,,20.0,7.0,,,,,,,,,,,,,,,,98604
1826,2019,154,E924363,5.0,05/26/2019,15:53,26,5,,11,Clark,0,1,0.0,1,1,2,2,0,4,2,,,,12,0,6,10.4,2,0,2,4,1,1,3,0,0,20,3,SR-503,NE POTTER RD,-122.5469806,45.816805556,0,2,86,17,2,50,80,0,0,1,7,12,1,1,2,1,4,2,1,53,0,72,706,2007,0,0.0,12,,,,,,1,1,71,1,7.0,,4,0,20,7,11,4,05/26/2019,17:12,237053028364.0,28364.0,0.0,0.0,0.0,3.0,1,38,0.0,0.0,0.0,93,,,,,,99,,,,,,98662.0,53,69.0,182.0,6.0,1.0,0.0,1.0,0.0,1.0,,0,,,,,,0,07/15/2015,01/15/2016,20,8,0,0,0.0,9,8,,,0,0.0,0.0,8,9,2.0,1.0,,,1.0,,,2,1,0.0,,,,,,,,,,,,,,,,,,,,,,,,,,,,,,0,0,0,1,0,0,0,0,0,0,0,0,0,0,0,0,1,0,1,0,0,0,0,0,0,1,1,0,1,1,0,0,0,0,1,0.0,0,0,0,0,0,0,0,0,1,0,1,0,0,0,0,0,,,,,,71-75,66-75,State route,R,Sunday,,MC,White,1,0,0,0,State Route,State Patrol,Washington State Patrol,0,1,0,0,0,,,,,,0.0,0.0,0.0,,,,,,,,,,,0.0,0.0,0.0,1.0,,,,,5.0,0.0,,,,,,,,,,,,,,,,98604
1827,2019,155,E922598,7.0,05/06/2019,18:35,6,5,,33,King,1960,1,0.0,1,1,1,1,0,2,2,,,,12,0,6,1.6,2,0,2,3,2,1,3,0,0,0,0,SR-523,17TH AVE NE,-122.3100583,47.733933333,0,1,69,62,4,35,80,0,0,1,2,12,1,1,4,1,1,1,1,53,0,37,705,2006,0,0.0,12,,,,,,1,1,23,1,7.0,,4,0,20,7,11,4,05/06/2019,20:37,196053020923.0,20923.0,0.0,0.0,0.0,3.0,1,0,0.0,0.0,0.0,96,,,,,,99,,,,,,98011.0,53,70.0,170.0,6.0,1.0,0.0,0.0,0.0,0.0,,0,,,,,,4,,,20,8,0,0,0.0,9,8,,,0,0.0,0.0,8,9,2.0,348.0,605.0,,1.0,1.0,,2,1,0.0,,,,,,,,,,,,,,,,,,,,,,,,,,,,,,0,0,0,1,0,0,1,1,1,0,0,0,1,0,0,0,0,0,0,0,0,0,0,1,1,0,0,0,1,1,0,0,0,0,1,0.0,0,0,0,0,0,0,1,1,0,1,0,0,0,0,1,0,,,,,,21-25,16-25,State route,U,Monday,,MC,API,1,0,0,0,State Route,State Patrol,Washington State Patrol,0,1,0,0,0,thc,0.71,,,,0.0,0.0,0.0,,,,,,,,,,,0.0,0.0,0.0,4.0,,,,,5.0,0.0,,,,,,,nms,,,,,,,,,98155
1828,2019,155,E922598,7.0,05/06/2019,18:35,6,5,,33,King,1960,1,0.0,1,1,1,1,0,2,2,,,,12,0,6,1.6,2,0,2,3,2,1,3,0,0,0,0,SR-523,17TH AVE NE,-122.3100583,47.733933333,0,2,68,54,3,35,5,0,0,1,2,12,1,1,4,1,11,1,1,53,0,37,39,2019,0,0.0,12,,,,,,1,1,51,2,0.0,,0,0,3,0,11,0,,,,,0.0,0.0,3.0,3.0,1,0,0.0,0.0,0.0,96,,,,,,0,,,,,,98125.0,53,69.0,210.0,6.0,1.0,0.0,1.0,0.0,1.0,,0,,,,,,0,08/15/2014,07/15/2015,8,0,0,0,8.0,9,8,,,0,0.0,0.0,8,0,8.0,95.0,,,96.0,,,8,95,995.0,,,,,,,,,,,,,,,,,,,,,,,,,,,,,,0,0,0,1,0,0,1,1,1,0,0,0,1,0,0,0,0,0,0,0,0,0,0,1,1,0,0,0,1,1,0,0,0,0,0,,0,0,0,0,0,0,0,0,0,0,0,0,0,0,0,0,,,,,,51-55,46-55,State route,U,Monday,Belt Used,PV,Not Fatal,1,0,0,0,State Route,State Patrol,Washington State Patrol,0,1,0,0,0,,,,,,0.0,0.0,0.0,,,,,,,,,,,98.0,98.0,98.0,0.0,,,,,20.0,7.0,,,,,,,,,,,,,,,,98155
1829,2019,156,E923395,2.0,05/19/2019,12:15,19,5,,73,Whatcom,0,1,0.0,1,1,1,1,0,1,1,,,,30,0,0,10.7,1,0,1,7,1,2,4,0,0,0,0,CR-MOSQUITO LAKE RD,,-122.1245583,48.804086111,0,1,6,12,2,15,80,0,0,1,2,30,2,1,2,1,14,1,1,53,0,73,705,2014,0,0.0,68,64.0,30.0,,,,1,1,20,2,7.0,,4,7,20,7,11,0,05/19/2019,12:15,53023088.0,23088.0,0.0,0.0,3.0,3.0,1,0,0.0,0.0,0.0,96,,,,,,99,,,,,,98226.0,53,67.0,206.0,6.0,1.0,0.0,0.0,0.0,1.0,,0,,,,,,4,12/15/2017,01/15/2018,20,8,0,0,0.0,9,8,,,0,0.0,0.0,8,9,2.0,1.0,,,1.0,,,2,1,0.0,,,,,,,,,,,,,,,,,,,,,,,,,,,,,,0,0,1,0,0,0,0,0,0,0,0,0,1,0,0,0,0,0,0,0,0,1,1,0,1,0,0,0,1,0,0,0,0,0,1,0.0,0,0,0,0,0,0,0,0,0,1,0,0,0,0,0,0,,,,,,18-20,16-25,County road,R,Sunday,,MC,AIAN,0,1,0,0,County Road,State Patrol,Washington State Patrol,1,0,1,0,0,,,,,,0.0,0.0,1.0,,,,,,,,,,,0.0,0.0,0.0,3.0,,,,,5.0,0.0,,,,,,,,,,,,,,,,98244
1830,2019,157,E925995,1.0,06/01/2019,4:43,1,6,,21,Franklin,0,1,0.0,4,1,1,1,0,2,1,,,,1,0,0,50.5,1,0,1,3,1,1,2,0,0,0,0,US-395,,-119.0122,46.538422222,0,1,7,12,2,70,4,0,0,1,7,1,1,1,2,2,1,2,2,53,0,6,51,2005,0,0.0,64,69.0,64.0,1.0,,,1,1,21,1,1.0,,4,7,3,0,11,0,06/01/2019,4:43,53025172.0,25172.0,0.0,0.0,0.0,3.0,1,58,0.0,0.0,0.0,96,,,,,,9,,,,,,99326.0,53,64.0,220.0,6.0,1.0,0.0,1.0,0.0,2.0,,0,,,,,,0,12/15/2015,04/15/2018,20,2,9,0,0.0,1,8,,,0,0.0,0.0,1,1,2.0,417.0,605.0,695.0,1.0,1.0,1.0,2,1,0.25,,,,,,,,,,,,,,,,,,,,,,,,,,,,,,0,0,0,0,1,1,1,1,1,0,0,0,0,0,0,0,0,0,0,0,0,0,0,1,1,0,0,0,0,1,0,0,0,0,0,,1,0,0,0,0,1,1,1,0,0,0,0,0,0,0,1,,,,,,21-25,16-25,US highway,R,Saturday,Belt Used,PV,Hispanic,0,1,0,0,State Route,State Patrol,Washington State Patrol,1,1,0,0,0,thc,12.0,carboxy-thc,100.0,,0.0,0.0,0.0,,,,,,,,,,,98.0,98.0,98.0,1.0,,,,,20.0,7.0,,,,,,,,,,,,,,,,
1831,2019,158,E926374,40.0,05/16/2019,21:07,16,5,,63,Spokane,0,2,0.0,2,2,2,1,1,2,2,,,,8,1,0,0.3,1,0,1,5,2,2,4,0,0,0,0,CR-S HAYFORD RD,,-117.5609139,47.657408333,0,1,13,80,5,45,34,0,0,1,5,8,4,1,2,1,14,99,1,53,0,7,482,2010,0,0.0,8,,,,,,1,1,24,1,0.0,,9,0,99,7,11,8,,,,,0.0,0.0,0.0,3.0,1,0,0.0,0.0,0.0,92,,,,,,99,,,,,,99218.0,53,70.0,170.0,6.0,1.0,0.0,0.0,0.0,0.0,,97,,,,,,0,,,99,0,0,0,8.0,9,8,,,0,0.0,0.0,8,9,8.0,95.0,,,96.0,,,8,95,995.0,,,,,,,,,,,,,,,,,,,,,,,,,,,,,,0,0,0,0,0,0,0,0,0,0,0,0,0,0,0,0,1,0,0,0,0,0,0,1,1,0,0,0,0,1,0,1,0,0,0,,0,0,0,0,0,0,0,0,1,0,0,0,0,0,0,0,,,,,,21-25,16-25,County road,U,Thursday,Unknown,PV,Not Fatal,0,0,0,0,County Road,County Sheriff,Spokane County Sheriff's Office,0,0,1,0,0,,,,,,0.0,0.0,0.0,,,,,,,,,,,98.0,98.0,98.0,0.0,,,,,20.0,7.0,,,,,,,,,,,,,,,,99224
1832,2019,158,E926374,40.0,05/16/2019,21:07,16,5,,63,Spokane,0,2,0.0,2,2,2,1,1,2,2,,,,8,0,0,0.3,1,0,1,5,2,2,4,0,0,0,0,CR-S HAYFORD RD,,-117.5609139,47.657408333,0,2,98,80,5,45,4,0,0,1,7,8,4,1,2,1,14,1,1,53,0,34,35,2008,0,0.0,8,,,,,,1,1,47,1,0.0,,0,0,3,0,11,0,,,,,0.0,0.0,0.0,3.0,1,0,0.0,0.0,0.0,12,,,,,,0,,,,,,99201.0,53,72.0,205.0,6.0,1.0,0.0,0.0,0.0,0.0,,0,,,,,,0,,,20,0,0,0,8.0,9,8,,,0,0.0,0.0,8,0,8.0,95.0,,,96.0,,,8,95,995.0,,,,,,,,,,,,,,,,,,,,,,,,,,,,,,0,0,0,0,0,0,0,0,0,0,0,0,0,0,0,0,1,0,0,0,0,0,0,1,1,0,0,0,0,1,0,1,0,0,0,,0,0,0,0,0,0,0,0,1,0,0,0,0,0,0,0,,,,,,46-50,46-55,County road,U,Thursday,Belt Used,PV,Not Fatal,0,0,0,0,County Road,County Sheriff,Spokane County Sheriff's Office,0,0,1,0,0,,,,,,0.0,0.0,0.0,,,,,,,,,,,98.0,98.0,98.0,0.0,,,,,20.0,7.0,,,,,,,,,,,,,,,,99224
1833,2019,159,E926447,157.0,05/24/2019,5:30,24,5,,15,Cowlitz,1000,10,0.0,2,1,2,1,0,1,2,,,,14,0,0,0.0,1,0,1,7,2,4,6,0,0,0,0,W FRONTAGE RD,,-122.8466028,46.008927778,0,1,1,13,2,50,4,0,0,1,7,2,8,8,2,1,1,1,1,53,0,30,40,1998,0,0.0,63,14.0,2.0,,,,1,1,49,1,7.0,,4,7,99,7,11,0,05/24/2019,5:30,100053025167.0,25167.0,0.0,0.0,3.0,3.0,1,0,0.0,0.0,0.0,92,,,,,,99,,,,,,98584.0,53,70.0,195.0,6.0,1.0,0.0,0.0,0.0,0.0,,0,,,,,,0,,,99,0,0,0,0.0,9,8,,,0,0.0,0.0,8,9,2.0,605.0,695.0,,1.0,1.0,,2,1,0.0,,,,,,,,,,,,,,,,,,,,,,,,,,,,,,0,0,1,0,0,0,1,1,1,0,0,0,0,0,0,0,1,0,0,0,0,0,0,0,0,0,0,0,0,1,1,0,0,0,0,,1,0,0,0,0,0,1,1,1,0,0,0,0,0,1,0,,,,,,46-50,46-55,City street,U,Friday,Unknown,PV,White,0,1,0,0,City Street,Municipal/City Police,Kalama Police Department,1,0,0,1,0,thc,35.0,carboxy-thc,45.0,,0.0,0.0,0.0,,,,,,,,,,,0.0,0.0,0.0,1.0,,,,,20.0,7.0,,,,,,,nms,,,,,,,,,98625
1834,2019,160,3690844,12.0,03/29/2019,10:58,29,3,,37,Kittitas,0,4,0.0,1,10,5,1,0,1,1,,,,42,0,0,9999.9,3,0,3,99,1,66,8,0,1,0,0,NFD 35,SPUR 176,-120.572688,47.3013505,0,1,6,12,2,25,91,0,0,1,7,42,2,1,8,8,14,1,1,53,0,98,998,1998,0,0.0,64,42.0,,,,,1,1,81,1,7.0,,4,7,20,7,11,0,03/29/2019,10:58,53014858.0,14858.0,0.0,0.0,0.0,1.0,1,0,0.0,0.0,0.0,92,,,,,,1,,,,,,99216.0,53,71.0,220.0,6.0,1.0,0.0,0.0,0.0,0.0,,0,,,,,,0,,,20,2,9,0,0.0,9,8,,,0,0.0,0.0,8,1,2.0,1.0,,,1.0,,,2,1,0.0,,,,,,,,,,,,,,,,,,,,,,,,,,,,,,0,0,1,1,1,0,0,0,0,0,0,0,0,0,0,0,1,0,0,0,0,0,0,0,0,1,1,1,0,0,0,0,0,0,0,,0,0,0,0,0,0,0,0,1,0,0,0,0,0,0,1,,,,,,81+,76+,Other,R,Friday,,OTHVT,White,0,1,0,0,Other,County Sheriff,Chelan County Sheriff's Office,1,0,0,0,1,,,,,,0.0,0.0,0.0,,,,,,,,,,,0.0,0.0,0.0,1.0,,,,,19.0,0.0,,,,,,,,,,,,,,,,