,year,case,par,repjur,crash_dt,crash_tm,accday,accmon,holiday,county,co_char,city,weather,weather2,lightcond,surfcond,surftype,numfatal,nmforms,pforms,vforms,not_tm,arr_tm,hosp_tm,fhevent,hitrun,manncol,milepnt,reljunc,reljuncinter,intersectiontype,funcsystem,landuse,ownership,route,schlbus,spejur,contdev,devfunc,trafid1,trafid2,x,y,wk_zone,vnumber,crashtype,criticalevent,criticaleventcat,spdlim,body,trailer,emerg,hazcargo,leave,mhevent,roadalgn,roadprof,traflane,trafflow,vehmanvr,numoccs,regowner,regstate,spuse,make,model,modelyr,vrf1,vrf2,seqevent1,seqevent2,seqevent3,seqevent4,seqevent5,seqevent6,pnumber,ptype,age,sex,hispanic,race,injury,diedscene,restraint,restraintmisuse,seatpos,takehosp,death_dt,death_tm,cert,cernum_wa,commlic,licendor,licrestrict,liccomp,drivpres,drf1,drf2,drf3,drf4,distract1,distract2,distract3,distract4,distract5,distract6,dricond1,dricond2,dricond3,dricond4,dricond5,dricond6,dzip,licstate,drhgt_in,weight,noncdl,noncdltype,prevdwi,prevoth,prevacc,prevspd,prevsus,driviol1,driviol2,driviol3,driviol4,driviol5,driviol6,spdrel,first_dt,last_dt,airbag,ejection,ejectpath,extricat,injurwrk,methalc,methdrug,nmlocat,strikveh,prf1,prf2,prf3,druginv,alcinvol,drugsts,drugres1,drugres2,drugres3,drugtst1,drugtst2,drugtst3,alcsts,alctst,alcres,nmact1,nmact2,nmact3,nmact4,nmact5,nmact6,nmprior1,nmprior2,nmprior3,nmprior4,nmprior5,nmprior6,nmcond1,nmcond2,nmcond3,nmcond4,nmcond5,nmcond6,nmsafe_helmet,nmsafe_pads,nmsafe_oth,nmprev_ref,nmprev_lgt,nmprev_oth,crashlocation,nmcrashtype,crosswalk,schoolzone,sidewalk,train_inv,wildlife_inv,rotr_fars,intersect_fars,dd_inv,aid_inv,dpd_inv,id_inv,mj_inv,impnm_inv,ainm_inv,dpnm_inv,speed_inv,unlic_inv,unendmc_inv,drowsy_inv,drdist_inv,nmdist_inv,fty_inv,unrestfat_inv,dr1617_inv,dr1820_inv,dr1620_inv,dr2125_inv,dr1625_inv,dr65_inv,dr70_inv,dr75_inv,mc_inv,pv_inv,ht_inv,ped_inv,bike_inv,unrest_fat,mc_fat,unhelmet_mc,pv_fat,ht_fat,ped_fat,bike_fat,dr_alc7,dr_alc8,dr_drug,dr_imp,dr_dist,dr_spd,dr_fty,dr_unlic,dr_alc7only,dr_alc8only,dr_drugonly,dr_drink,nm_imp,nm_alc7,nm_alc8,nm_drug,nm_dist,agegrp1,agegrp2,roadclass,urbrur,dayweek,restuse,vehtype,race_me,intersect,lanedep,oppdir,wrongway,rep_typ,investag,repag_long,rotr,st_rd,cty_rd,city_rd,oth_rd,drug_thc,thc_res,drug_cthc,cthc_res,drug_cann,prevpersemin,prevperse,prevsusoth,drugtst4,drugtst5,drugtst6,drugtst7,drugtst8,drugres4,drugres5,drugres6,drugres7,drugres8,adspresent,adsengaged,adslevel,race1,race2,race3,race4,race5,helmet,helmetmisuse,nmdistract1,nmdistract2,nmdistract3,nmdistract4,nmdistract5,nmdistract6,lab,isedtcase,crf1,crf2,crf3,CoRoadName,CoMP,IntCoRoadName,IntCoMP,zipcode
1873,2019,183,E930005,129.0,06/01/2019,13:28,1,6,,53,Pierce,747,1,0.0,1,1,2,1,0,2,2,,,,12,0,2,0.0,3,0,2,7,2,4,6,0,3,0,0,12TH ST E,54TH AVE E,-122.357675,47.246252778,0,1,50,6,1,98,4,0,0,1,7,12,1,1,3,1,1,1,2,16,0,18,2,2002,0,0.0,68,12.0,,,,,1,1,35,8,1.0,,4,7,3,0,11,0,06/01/2019,13:28,74753025114.0,25114.0,0.0,0.0,3.0,2.0,1,28,0.0,0.0,0.0,96,,,,,,9,,,,,,98198.0,53,,999.0,1.0,1.0,1.0,0.0,0.0,0.0,,0,,,,,,4,09/15/2018,09/15/2018,1,0,0,0,0.0,9,8,,,0,0.0,0.0,8,1,2.0,1.0,,,1.0,,,2,1,0.24,,,,,,,,,,,,,,,,,,,,,,,,,,,,,,0,0,0,1,1,1,0,1,0,0,0,0,1,1,0,0,0,0,0,0,0,0,0,0,0,0,0,0,0,1,0,0,0,0,0,,1,0,0,0,0,1,0,1,0,1,0,1,0,1,0,1,,,,,,31-35,26-35,City street,U,Saturday,Belt Used,PV,Hispanic,0,1,1,0,City Street,Municipal/City Police,Fife Police Department,0,0,0,1,0,,,,,,0.0,1.0,1.0,,,,,,,,,,,98.0,98.0,98.0,298.0,,,,,20.0,7.0,,,,,,,,,,,,,,,,98424
1874,2019,183,E930005,129.0,06/01/2019,13:28,1,6,,53,Pierce,747,1,0.0,1,1,2,1,0,2,2,,,,12,0,2,0.0,3,0,2,7,2,4,6,0,3,0,0,12TH ST E,54TH AVE E,-122.357675,47.246252778,0,2,51,62,4,25,15,0,0,1,7,12,1,1,3,1,1,1,1,53,0,54,421,2014,0,0.0,12,,,,,,1,1,49,2,0.0,,3,0,3,0,11,8,,,,,0.0,0.0,3.0,3.0,1,0,0.0,0.0,0.0,96,,,,,,0,,,,,,98424.0,53,60.0,160.0,6.0,1.0,0.0,0.0,0.0,0.0,,0,,,,,,0,,,8,0,0,0,8.0,9,8,,,0,0.0,0.0,8,0,8.0,95.0,,,96.0,,,8,95,995.0,,,,,,,,,,,,,,,,,,,,,,,,,,,,,,0,0,0,1,1,1,0,1,0,0,0,0,1,1,0,0,0,0,0,0,0,0,0,0,0,0,0,0,0,1,0,0,0,0,0,,0,0,0,0,0,0,0,0,0,0,0,0,0,0,0,0,,,,,,46-50,46-55,City street,U,Saturday,Belt Used,PV,Not Fatal,0,1,1,0,City Street,Municipal/City Police,Fife Police Department,0,0,0,1,0,,,,,,0.0,0.0,0.0,,,,,,,,,,,98.0,98.0,98.0,0.0,,,,,20.0,7.0,,,,,,,,,,,,,,,,98424
1875,2019,184,E930127,3.0,06/10/2019,11:40,10,6,,53,Pierce,0,1,0.0,1,1,2,1,0,2,2,,,,12,0,2,37.9,1,0,1,4,1,1,3,0,0,0,0,SR-507,,-122.5129,47.018058333,0,1,50,10,2,55,14,0,0,1,2,12,1,1,2,1,1,1,2,53,0,2,404,2007,0,0.0,68,12.0,,,,,1,1,58,2,7.0,,4,7,3,0,11,0,06/10/2019,11:40,193053026055.0,26055.0,0.0,0.0,3.0,3.0,1,28,0.0,0.0,0.0,92,,,,,,99,,,,,,98031.0,53,68.0,215.0,6.0,1.0,0.0,0.0,1.0,0.0,,0,,,,,,0,09/15/2014,09/15/2014,8,2,9,0,0.0,9,8,,,0,0.0,0.0,8,9,2.0,1.0,,,1.0,,,2,1,0.0,,,,,,,,,,,,,,,,,,,,,,,,,,,,,,0,0,0,0,0,0,0,0,0,0,0,0,0,0,0,0,1,0,0,0,0,0,0,0,0,1,1,0,0,1,1,0,0,0,0,,1,0,0,0,0,0,0,0,1,0,0,0,0,0,0,0,,,,,,56-60,56-65,State route,R,Monday,Belt Used,PV,White,0,1,1,0,State Route,State Patrol,Washington State Patrol,0,1,0,0,0,,,,,,0.0,0.0,0.0,,,,,,,,,,,98.0,98.0,98.0,1.0,,,,,20.0,7.0,,,,,,,,,,,,,,,,98580
1876,2019,184,E930127,3.0,06/10/2019,11:40,10,6,,53,Pierce,0,1,0.0,1,1,2,1,0,2,2,,,,12,0,2,37.9,1,0,1,4,1,1,3,0,0,0,0,SR-507,,-122.5129,47.018058333,0,2,51,62,4,55,63,1,0,1,7,12,1,1,2,1,1,1,3,53,0,86,881,2000,0,0.0,12,,,,,,1,1,73,1,0.0,,1,0,3,0,11,8,,,,,6.0,1.0,0.0,3.0,1,0,0.0,0.0,0.0,96,,,,,,0,,,,,,98371.0,53,69.0,178.0,6.0,1.0,0.0,1.0,3.0,0.0,,0,,,,,,0,09/15/2014,01/15/2017,20,0,0,0,8.0,9,8,,,0,0.0,0.0,8,0,8.0,95.0,,,96.0,,,8,95,995.0,,,,,,,,,,,,,,,,,,,,,,,,,,,,,,0,0,0,0,0,0,0,0,0,0,0,0,0,0,0,0,1,0,0,0,0,0,0,0,0,1,1,0,0,1,1,0,0,0,0,,0,0,0,0,0,0,0,0,0,0,0,0,0,0,0,0,,,,,,71-75,66-75,State route,R,Monday,,MHTRUCK,Not Fatal,0,1,1,0,State Route,State Patrol,Washington State Patrol,0,1,0,0,0,,,,,,0.0,0.0,0.0,,,,,,,,,,,98.0,98.0,98.0,0.0,,,,,20.0,7.0,,,,,,,,,,,,,,,,98580
1877,2019,185,E908378,159.0,04/03/2019,10:19,3,4,,5,Benton,1020,10,0.0,1,1,2,1,0,2,2,,,,12,0,2,0.0,1,0,1,7,2,4,6,0,0,0,0,W COLUMBIA DR,,-119.1209417,46.212986111,0,1,50,10,2,35,34,0,0,1,7,12,1,1,5,5,1,1,2,53,0,12,481,1993,0,0.0,68,12.0,,,,,1,1,45,2,0.0,,3,0,3,0,11,5,,,,,0.0,0.0,0.0,3.0,1,28,0.0,0.0,0.0,92,,,,,,99,,,,,,99337.0,53,66.0,148.0,6.0,1.0,2.0,6.0,2.0,2.0,,97,,,,,,0,06/15/2015,10/15/2018,20,0,0,0,8.0,9,8,,,0,0.0,0.0,8,9,2.0,401.0,417.0,,1.0,1.0,,2,1,0.0,,,,,,,,,,,,,,,,,,,,,,,,,,,,,,0,0,0,0,0,0,1,1,0,0,0,0,0,0,0,0,1,0,0,0,0,0,0,0,0,1,1,0,0,1,0,0,0,0,0,,0,0,0,0,0,0,1,1,1,0,0,0,0,0,1,0,,,,,,41-45,36-45,City street,U,Wednesday,Belt Used,PV,Not Fatal,0,1,1,0,City Street,Municipal/City Police,Kennewick Police Department,0,0,0,1,0,,,,,,0.0,0.0,0.0,,,,,,,,,,,0.0,0.0,0.0,0.0,,,,,20.0,7.0,,,,,,,,,,,,,,,,99336
1878,2019,185,E908378,159.0,04/03/2019,10:19,3,4,,5,Benton,1020,10,0.0,1,1,2,1,0,2,2,,,,12,0,2,0.0,1,0,1,7,2,4,6,0,0,0,0,W COLUMBIA DR,,-119.1209417,46.212986111,0,2,51,62,4,35,14,0,0,1,7,12,1,1,5,5,1,1,1,53,0,49,401,1999,0,0.0,12,,,,,,1,1,71,1,7.0,,4,0,3,0,11,4,04/14/2019,18:10,211053017304.0,17304.0,0.0,0.0,0.0,3.0,1,28,0.0,0.0,0.0,96,,,,,,0,,,,,,99301.0,53,74.0,198.0,6.0,1.0,0.0,0.0,0.0,0.0,,0,,,,,,0,,,8,0,0,0,0.0,9,8,,,0,0.0,0.0,8,0,8.0,95.0,,,96.0,,,8,95,995.0,,,,,,,,,,,,,,,,,,,,,,,,,,,,,,0,0,0,0,0,0,1,1,0,0,0,0,0,0,0,0,1,0,0,0,0,0,0,0,0,1,1,0,0,1,0,0,0,0,0,,1,0,0,0,0,0,0,0,0,0,0,0,0,0,0,0,,,,,,71-75,66-75,City street,U,Wednesday,Belt Used,PV,White,0,1,1,0,City Street,Municipal/City Police,Kennewick Police Department,0,0,0,1,0,,,,,,0.0,0.0,0.0,,,,,,,,,,,0.0,0.0,0.0,1.0,,,,,20.0,7.0,,,,,,,,,,,,,,,,99336
1879,2019,186,E918788,7.0,04/23/2019,8:41,23,4,,33,King,1960,1,0.0,1,1,2,1,1,1,1,,,,8,0,0,34.7,1,0,1,3,2,1,3,0,0,0,0,SR-509,,-122.3255389,47.527730556,0,1,13,80,5,60,52,0,0,1,5,8,1,2,4,3,1,1,3,53,3,98,988,2018,0,0.0,8,,,,,,1,1,49,1,0.0,,0,0,3,0,11,0,,,,,6.0,3.0,3.0,3.0,1,0,0.0,0.0,0.0,96,,,,,,0,,,,,,98199.0,53,72.0,200.0,6.0,1.0,0.0,0.0,0.0,0.0,,0,,,,,,0,,,20,0,0,0,8.0,9,8,,,0,0.0,0.0,8,0,8.0,95.0,,,96.0,,,8,95,995.0,,,,,,,,,,,,,,,,,,,,,,,,,,,,,,0,0,0,0,0,0,0,0,0,1,0,1,0,0,0,0,0,0,0,0,0,0,0,0,0,0,0,0,0,0,0,1,0,0,0,,0,0,0,0,0,0,0,0,0,0,0,0,0,0,0,0,,,,,,46-50,46-55,State route,U,Tuesday,,BUS,Not Fatal,0,0,0,0,State Route,State Patrol,Washington State Patrol,0,1,0,0,0,,,,,,0.0,0.0,0.0,,,,,,,,,,,98.0,98.0,98.0,0.0,,,,,20.0,7.0,,,,,,,,,,,,,,,,98108
1880,2019,187,E916731,26.0,04/30/2019,19:04,30,4,,35,Kitsap,0,1,0.0,1,1,2,1,0,1,1,,,,24,0,0,1.3,1,0,1,4,1,2,4,0,0,0,0,CR-SEABECK HWY NW,,-122.7148056,47.590205556,0,1,2,6,1,35,80,0,0,1,7,24,3,2,2,1,14,1,2,53,0,76,706,2006,0,0.0,63,24.0,,,,,1,1,21,1,7.0,,4,0,20,7,11,1,05/18/2019,12:47,196053023804.0,23804.0,0.0,0.0,0.0,3.0,1,0,0.0,0.0,0.0,96,,,,,,99,,,,,,32583.0,12,68.0,999.0,6.0,1.0,0.0,0.0,0.0,2.0,,0,,,,,,4,05/15/2017,06/15/2018,20,8,0,0,0.0,9,8,,,0,0.0,0.0,8,9,8.0,95.0,,,96.0,,,8,95,995.0,,,,,,,,,,,,,,,,,,,,,,,,,,,,,,0,0,0,0,0,0,0,0,0,0,0,0,1,0,0,0,0,0,0,0,0,0,0,1,1,0,0,0,1,0,0,0,0,0,1,0.0,0,0,0,0,0,0,0,0,0,1,0,0,0,0,0,0,,,,,,21-25,16-25,County road,R,Tuesday,,MC,White,0,1,0,0,County Road,County Sheriff,Kitsap County Sheriff's Office,1,0,1,0,0,,,,,,0.0,0.0,1.0,,,,,,,,,,,0.0,0.0,0.0,1.0,,,,,19.0,0.0,,,,,,,,,,,,,,,,98312
1881,2019,188,E930330,242.0,06/12/2019,20:06,12,6,,53,Pierce,1770,1,0.0,1,1,1,1,0,1,1,,,,30,0,0,0.0,3,0,3,7,2,4,6,0,0,0,0,5TH ST SE,7TH ST SE,-122.2865639,47.163786111,0,1,1,13,2,25,4,0,0,1,7,1,4,1,2,1,14,1,1,53,0,30,40,2002,0,0.0,63,30.0,1.0,,,,1,1,34,1,1.0,,4,0,99,7,11,5,06/12/2019,20:47,223053027016.0,27016.0,0.0,0.0,0.0,3.0,1,0,0.0,0.0,0.0,96,,,,,,99,,,,,,98387.0,53,67.0,150.0,6.0,1.0,0.0,0.0,0.0,0.0,,0,,,,,,3,,,8,0,0,1,0.0,9,8,,,0,0.0,0.0,8,9,2.0,1.0,,,1.0,,,2,1,0.17,,,,,,,,,,,,,,,,,,,,,,,,,,,,,,0,0,1,1,1,1,0,1,0,0,0,0,1,0,0,0,0,0,0,0,0,0,0,0,0,0,0,0,0,1,0,0,0,0,0,,1,0,0,0,0,1,0,1,0,1,0,0,0,1,0,1,,,,,,31-35,26-35,City street,U,Wednesday,Unknown,PV,Hispanic,0,1,0,0,City Street,Municipal/City Police,Puyallup Police Department,1,0,0,1,0,,,,,,0.0,0.0,0.0,,,,,,,,,,,98.0,98.0,98.0,1.0,,,,,20.0,7.0,,,,,,,,,,,,,,,,98374
1882,2019,189,E905934,278.0,03/21/2019,3:21,21,3,,63,Spokane,2110,1,0.0,3,1,2,1,0,1,1,,,,42,0,0,0.0,1,0,1,3,2,4,6,0,0,0,0,N FREYA ST,,-117.3580861,47.667847222,0,1,1,13,2,98,14,0,0,1,7,2,3,8,2,1,14,1,2,53,0,12,401,1993,0,0.0,63,42.0,2.0,,,,1,1,23,1,7.0,,4,0,99,7,11,5,03/23/2019,13:32,211053013995.0,13995.0,0.0,0.0,3.0,2.0,1,0,0.0,0.0,0.0,92,,,,,,99,,,,,,99204.0,53,71.0,150.0,1.0,1.0,1.0,0.0,0.0,0.0,,0,,,,,,0,11/15/2017,11/15/2017,99,0,0,0,0.0,9,8,,,0,0.0,0.0,8,9,2.0,417.0,,,1.0,,,2,1,0.0,,,,,,,,,,,,,,,,,,,,,,,,,,,,,,0,0,1,0,0,0,1,1,0,0,0,0,0,1,0,0,1,0,0,0,0,0,0,1,1,0,0,0,0,1,0,0,0,0,0,,1,0,0,0,0,0,1,1,1,0,0,1,0,0,1,0,,,,,,21-25,16-25,City street,U,Thursday,Unknown,PV,White,0,1,0,0,City Street,Municipal/City Police,Spokane Police Department,1,0,0,1,0,,,,,,0.0,1.0,0.0,,,,,,,,,,,0.0,0.0,0.0,1.0,,,,,20.0,7.0,,,,,,,,,,,,,,,,99211
1883,2019,190,E932603,6.0,05/26/2019,1:53,26,5,,7,Chelan,0,10,0.0,2,1,2,1,0,7,3,,,,12,0,6,4.5,1,0,1,4,1,1,2,0,0,0,0,US-97A,,-120.2990722,47.534144444,0,1,66,10,2,60,4,0,0,1,7,12,2,1,2,1,14,1,2,49,0,49,32,2006,0,0.0,68,12.0,12.0,,,,1,1,20,2,7.0,,4,0,3,0,11,4,05/26/2019,3:31,246053023627.0,23627.0,0.0,0.0,3.0,3.0,1,28,0.0,0.0,0.0,96,,,,,,99,,,,,,84015.0,49,73.0,165.0,6.0,1.0,0.0,1.0,98.0,0.0,,0,,,,,,0,10/15/2016,10/15/2016,8,0,0,0,0.0,1,8,,,0,0.0,0.0,8,1,2.0,1.0,,,1.0,,,2,1,0.063,,,,,,,,,,,,,,,,,,,,,,,,,,,,,,0,0,0,0,1,0,0,0,0,0,0,0,0,0,0,0,0,0,0,0,0,1,1,1,1,0,0,0,0,1,0,0,0,0,0,,1,0,0,0,1,0,0,0,0,0,0,0,1,0,0,1,,,,,,18-20,16-25,US highway,R,Sunday,Belt Used,PV,Black,0,1,1,0,State Route,State Patrol,Washington State Patrol,0,1,0,0,0,,,,,,0.0,0.0,0.0,,,,,,,,,,,98.0,98.0,98.0,2.0,,,,,20.0,7.0,,,,,,,,,,,,,,,,98801
1884,2019,190,E932603,6.0,05/26/2019,1:53,26,5,,7,Chelan,0,10,0.0,2,1,2,1,0,7,3,,,,12,0,6,4.5,1,0,1,4,1,1,2,0,0,0,0,US-97A,,-120.2990722,47.534144444,0,2,66,62,4,60,34,0,0,1,7,12,3,1,2,1,14,2,1,53,0,20,481,2000,0,0.0,12,,,,,,1,1,23,1,0.0,,0,0,3,0,11,0,,,,,0.0,0.0,0.0,3.0,1,0,0.0,0.0,0.0,96,,,,,,0,,,,,,98822.0,53,65.0,190.0,6.0,1.0,0.0,0.0,0.0,0.0,,0,,,,,,0,,,1,0,0,0,8.0,9,8,,,0,0.0,0.0,0,0,8.0,95.0,,,96.0,,,8,95,995.0,,,,,,,,,,,,,,,,,,,,,,,,,,,,,,0,0,0,0,1,0,0,0,0,0,0,0,0,0,0,0,0,0,0,0,0,1,1,1,1,0,0,0,0,1,0,0,0,0,0,,0,0,0,0,0,0,0,0,0,0,0,0,0,0,0,0,,,,,,21-25,16-25,US highway,R,Sunday,Belt Used,PV,Not Fatal,0,1,1,0,State Route,State Patrol,Washington State Patrol,0,1,0,0,0,,,,,,0.0,0.0,0.0,,,,,,,,,,,98.0,98.0,98.0,0.0,,,,,20.0,7.0,,,,,,,,,,,,,,,,98801
1885,2019,190,E932603,6.0,05/26/2019,1:53,26,5,,7,Chelan,0,10,0.0,2,1,2,1,0,7,3,,,,12,0,6,4.5,1,0,1,4,1,1,2,0,0,0,0,US-97A,,-120.2990722,47.534144444,0,3,98,62,4,60,14,0,0,1,7,12,3,1,2,1,14,4,1,53,0,49,401,2004,0,0.0,12,,,,,,1,1,26,1,0.0,,1,0,3,0,11,0,,,,,0.0,0.0,0.0,3.0,1,0,0.0,0.0,0.0,96,,,,,,0,,,,,,98822.0,53,73.0,205.0,6.0,1.0,0.0,2.0,0.0,1.0,,0,,,,,,0,03/15/2015,06/15/2018,8,0,0,0,8.0,9,8,,,0,0.0,0.0,8,0,8.0,95.0,,,96.0,,,8,95,995.0,,,,,,,,,,,,,,,,,,,,,,,,,,,,,,0,0,0,0,1,0,0,0,0,0,0,0,0,0,0,0,0,0,0,0,0,1,1,1,1,0,0,0,0,1,0,0,0,0,0,,0,0,0,0,0,0,0,0,0,0,0,0,0,0,0,0,,,,,,26-30,26-35,US highway,R,Sunday,Belt Used,PV,Not Fatal,0,1,1,0,State Route,State Patrol,Washington State Patrol,0,1,0,0,0,,,,,,0.0,0.0,0.0,,,,,,,,,,,98.0,98.0,98.0,0.0,,,,,20.0,7.0,,,,,,,,,,,,,,,,98801
1886,2019,191,E933262,307.0,06/23/2019,21:51,23,6,,71,Walla Walla,2390,1,0.0,2,1,2,1,0,1,1,,,,31,0,0,0.0,3,0,2,7,2,4,6,0,0,20,3,TAUMARSON RD,PLAZA WAY,-118.3447333,46.03605,0,1,1,13,2,98,80,0,0,1,7,31,3,1,2,1,14,1,1,53,0,37,706,2006,0,0.0,63,31.0,,,,,1,1,31,1,7.0,,4,0,20,7,11,8,06/23/2019,22:35,239053028399.0,28399.0,6.0,0.0,0.0,3.0,1,0,0.0,0.0,0.0,96,,,,,,99,,,,,,99362.0,53,75.0,170.0,6.0,1.0,1.0,1.0,0.0,1.0,,0,,,,,,3,01/15/2015,06/15/2017,20,8,0,0,0.0,9,8,,,0,0.0,0.0,8,9,8.0,95.0,,,96.0,,,8,95,995.0,,,,,,,,,,,,,,,,,,,,,,,,,,,,,,0,0,1,1,0,0,0,0,0,0,0,0,1,0,0,0,0,0,0,0,0,0,0,0,0,0,0,0,1,0,0,0,0,0,1,0.0,0,0,0,0,0,0,0,0,0,1,0,0,0,0,0,0,,,,,,31-35,26-35,City street,U,Sunday,,MC,White,0,1,0,0,City Street,Municipal/City Police,Walla Walla Police Department,1,0,0,1,0,,,,,,0.0,1.0,0.0,,,,,,,,,,,0.0,0.0,0.0,1.0,,,,,19.0,0.0,,,,,,,,,,,,,,,,99362
1887,2019,192,E919375,173.0,05/11/2019,20:40,11,5,,53,Pierce,1124,1,0.0,1,1,2,1,0,2,1,,,,1,0,0,0.0,1,0,1,5,2,4,6,0,0,0,0,DURANGO ST SW,,-122.4874861,47.183094444,0,1,6,12,2,35,2,0,0,1,7,1,1,1,2,1,1,2,1,53,0,35,48,2007,0,0.0,68,64.0,1.0,19.0,,,1,1,20,1,7.0,,4,0,99,7,11,5,05/17/2019,16:23,223053023274.0,23274.0,0.0,0.0,3.0,3.0,1,0,0.0,0.0,0.0,96,,,,,,99,,,,,,98498.0,53,67.0,140.0,6.0,1.0,0.0,0.0,1.0,0.0,,0,,,,,,4,03/15/2019,03/15/2019,8,0,0,0,0.0,9,8,,,0,0.0,0.0,8,9,8.0,95.0,,,96.0,,,8,95,995.0,,,,,,,,,,,,,,,,,,,,,,,,,,,,,,0,0,1,0,0,0,0,0,0,0,0,0,1,0,0,0,0,0,0,0,0,1,1,0,1,0,0,0,0,1,0,0,0,0,0,,1,0,0,0,0,0,0,0,0,1,0,0,0,0,0,0,,,,,,18-20,16-25,City street,U,Saturday,Unknown,PV,API,0,1,0,0,City Street,Municipal/City Police,Lakewood Police Department,1,0,0,1,0,,,,,,0.0,0.0,0.0,,,,,,,,,,,98.0,98.0,98.0,7.0,,,,,20.0,7.0,,,,,,,,,,,,,,,,98499
1888,2019,193,E934410,6.0,06/26/2019,9:35,26,6,,37,Kittitas,0,1,0.0,1,1,2,1,0,3,3,,,,12,0,2,147.1,1,0,1,3,1,1,2,0,0,28,3,US-97,,-120.6110389,47.331452778,1,1,50,10,2,60,1,0,0,1,7,12,2,2,3,1,14,1,1,53,0,30,47,2016,0,0.0,68,12.0,,,,,1,1,75,2,7.0,,4,7,3,0,11,0,06/26/2019,9:35,53029032.0,29032.0,0.0,0.0,0.0,3.0,1,28,0.0,0.0,0.0,96,,,,,,99,,,,,,98424.0,53,64.0,168.0,6.0,1.0,0.0,2.0,2.0,0.0,,0,,,,,,0,11/15/2015,12/15/2015,1,0,0,0,0.0,9,8,,,0,0.0,0.0,8,9,8.0,95.0,,,96.0,,,8,95,995.0,,,,,,,,,,,,,,,,,,,,,,,,,,,,,,0,0,0,0,0,0,0,0,0,0,0,0,0,0,0,0,0,0,0,0,0,0,0,0,0,1,1,1,0,1,1,0,0,0,0,,1,0,0,0,0,0,0,0,0,0,0,0,0,0,0,0,,,,,,71-75,66-75,US highway,R,Wednesday,Belt Used,PV,White,0,1,1,0,State Route,State Patrol,Washington State Patrol,0,1,0,0,0,,,,,,0.0,0.0,0.0,,,,,,,,,,,98.0,98.0,98.0,1.0,,,,,20.0,7.0,,,,,,,,,,,,,,,,
1889,2019,193,E934410,6.0,06/26/2019,9:35,26,6,,37,Kittitas,0,1,0.0,1,1,2,1,0,3,3,,,,12,0,2,147.1,1,0,1,3,1,1,2,0,0,28,3,US-97,,-120.6110389,47.331452778,1,2,51,62,4,60,6,0,0,1,7,12,2,2,3,1,14,1,4,13,0,35,49,2018,0,0.0,12,12.0,,,,,1,1,61,1,0.0,,3,0,3,0,11,8,,,,,0.0,0.0,0.0,3.0,1,0,0.0,0.0,0.0,96,,,,,,0,,,,,,48383.0,26,73.0,165.0,6.0,1.0,0.0,0.0,0.0,0.0,,0,,,,,,0,,,8,0,0,0,8.0,9,2,,,0,0.0,0.0,0,0,8.0,95.0,,,96.0,,,8,95,995.0,,,,,,,,,,,,,,,,,,,,,,,,,,,,,,0,0,0,0,0,0,0,0,0,0,0,0,0,0,0,0,0,0,0,0,0,0,0,0,0,1,1,1,0,1,1,0,0,0,0,,0,0,0,0,0,0,0,0,0,0,0,0,0,0,0,0,,,,,,61-65,56-65,US highway,R,Wednesday,Belt Used,PV,Not Fatal,0,1,1,0,State Route,State Patrol,Washington State Patrol,0,1,0,0,0,,,,,,0.0,0.0,0.0,,,,,,,,,,,98.0,98.0,98.0,0.0,,,,,20.0,7.0,,,,,,,,,,,,,,,,
1890,2019,193,E934410,6.0,06/26/2019,9:35,26,6,,37,Kittitas,0,1,0.0,1,1,2,1,0,3,3,,,,12,0,2,147.1,1,0,1,3,1,1,2,0,0,28,3,US-97,,-120.6110389,47.331452778,1,3,98,61,4,60,66,1,0,1,5,12,2,2,3,1,14,1,3,53,0,85,881,2013,0,0.0,12,,,,,,1,1,59,1,0.0,,0,0,3,0,11,0,,,,,6.0,1.0,0.0,3.0,1,0,0.0,0.0,0.0,96,,,,,,0,,,,,,98632.0,53,70.0,180.0,6.0,1.0,0.0,0.0,1.0,0.0,,0,,,,,,0,08/15/2017,08/15/2017,20,0,0,0,8.0,9,2,,,0,0.0,0.0,0,0,8.0,95.0,,,96.0,,,8,95,995.0,,,,,,,,,,,,,,,,,,,,,,,,,,,,,,0,0,0,0,0,0,0,0,0,0,0,0,0,0,0,0,0,0,0,0,0,0,0,0,0,1,1,1,0,1,1,0,0,0,0,,0,0,0,0,0,0,0,0,0,0,0,0,0,0,0,0,,,,,,56-60,56-65,US highway,R,Wednesday,,MHTRUCK,Not Fatal,0,1,1,0,State Route,State Patrol,Washington State Patrol,0,1,0,0,0,,,,,,0.0,0.0,0.0,,,,,,,,,,,98.0,98.0,98.0,0.0,,,,,20.0,7.0,,,,,,,,,,,,,,,,