,year,case,par,repjur,crash_dt,crash_tm,accday,accmon,holiday,county,co_char,city,weather,weather2,lightcond,surfcond,surftype,numfatal,nmforms,pforms,vforms,not_tm,arr_tm,hosp_tm,fhevent,hitrun,manncol,milepnt,reljunc,reljuncinter,intersectiontype,funcsystem,landuse,ownership,route,schlbus,spejur,contdev,devfunc,trafid1,trafid2,x,y,wk_zone,vnumber,crashtype,criticalevent,criticaleventcat,spdlim,body,trailer,emerg,hazcargo,leave,mhevent,roadalgn,roadprof,traflane,trafflow,vehmanvr,numoccs,regowner,regstate,spuse,make,model,modelyr,vrf1,vrf2,seqevent1,seqevent2,seqevent3,seqevent4,seqevent5,seqevent6,pnumber,ptype,age,sex,hispanic,race,injury,diedscene,restraint,restraintmisuse,seatpos,takehosp,death_dt,death_tm,cert,cernum_wa,commlic,licendor,licrestrict,liccomp,drivpres,drf1,drf2,drf3,drf4,distract1,distract2,distract3,distract4,distract5,distract6,dricond1,dricond2,dricond3,dricond4,dricond5,dricond6,dzip,licstate,drhgt_in,weight,noncdl,noncdltype,prevdwi,prevoth,prevacc,prevspd,prevsus,driviol1,driviol2,driviol3,driviol4,driviol5,driviol6,spdrel,first_dt,last_dt,airbag,ejection,ejectpath,extricat,injurwrk,methalc,methdrug,nmlocat,strikveh,prf1,prf2,prf3,druginv,alcinvol,drugsts,drugres1,drugres2,drugres3,drugtst1,drugtst2,drugtst3,alcsts,alctst,alcres,nmact1,nmact2,nmact3,nmact4,nmact5,nmact6,nmprior1,nmprior2,nmprior3,nmprior4,nmprior5,nmprior6,nmcond1,nmcond2,nmcond3,nmcond4,nmcond5,nmcond6,nmsafe_helmet,nmsafe_pads,nmsafe_oth,nmprev_ref,nmprev_lgt,nmprev_oth,crashlocation,nmcrashtype,crosswalk,schoolzone,sidewalk,train_inv,wildlife_inv,rotr_fars,intersect_fars,dd_inv,aid_inv,dpd_inv,id_inv,mj_inv,impnm_inv,ainm_inv,dpnm_inv,speed_inv,unlic_inv,unendmc_inv,drowsy_inv,drdist_inv,nmdist_inv,fty_inv,unrestfat_inv,dr1617_inv,dr1820_inv,dr1620_inv,dr2125_inv,dr1625_inv,dr65_inv,dr70_inv,dr75_inv,mc_inv,pv_inv,ht_inv,ped_inv,bike_inv,unrest_fat,mc_fat,unhelmet_mc,pv_fat,ht_fat,ped_fat,bike_fat,dr_alc7,dr_alc8,dr_drug,dr_imp,dr_dist,dr_spd,dr_fty,dr_unlic,dr_alc7only,dr_alc8only,dr_drugonly,dr_drink,nm_imp,nm_alc7,nm_alc8,nm_drug,nm_dist,agegrp1,agegrp2,roadclass,urbrur,dayweek,restuse,vehtype,race_me,intersect,lanedep,oppdir,wrongway,rep_typ,investag,repag_long,rotr,st_rd,cty_rd,city_rd,oth_rd,drug_thc,thc_res,drug_cthc,cthc_res,drug_cann,prevpersemin,prevperse,prevsusoth,drugtst4,drugtst5,drugtst6,drugtst7,drugtst8,drugres4,drugres5,drugres6,drugres7,drugres8,adspresent,adsengaged,adslevel,race1,race2,race3,race4,race5,helmet,helmetmisuse,nmdistract1,nmdistract2,nmdistract3,nmdistract4,nmdistract5,nmdistract6,lab,isedtcase,crf1,crf2,crf3,CoRoadName,CoMP,IntCoRoadName,IntCoMP,zipcode
1910,2019,206,E935287,3.0,06/08/2019,0:33,8,6,,53,Pierce,1124,1,0.0,3,1,1,1,1,5,3,,,,8,0,0,124.1,1,0,1,1,2,1,1,0,0,0,0,I-5,,-122.5344694,47.131863889,0,1,13,80,5,60,34,0,0,1,5,8,1,1,4,3,1,1,2,53,0,20,481,2001,0,0.0,8,,,,,,1,1,25,1,0.0,,0,0,3,0,11,0,,,,,0.0,0.0,0.0,3.0,1,0,0.0,0.0,0.0,96,,,,,,0,,,,,,98387.0,53,71.0,165.0,6.0,1.0,0.0,0.0,1.0,1.0,,0,,,,,,0,12/15/2017,05/15/2018,20,0,0,0,8.0,9,8,,,0,0.0,0.0,8,0,8.0,95.0,,,96.0,,,8,95,995.0,,,,,,,,,,,,,,,,,,,,,,,,,,,,,,0,0,0,0,0,0,0,0,0,1,1,0,0,0,0,0,0,0,0,0,0,0,0,1,1,0,0,0,0,1,1,1,0,0,0,,0,0,0,0,0,0,0,0,0,0,0,0,0,0,0,0,,,,,,21-25,16-25,Interstate,U,Saturday,Belt Used,PV,Not Fatal,0,0,0,0,State Route,State Patrol,Washington State Patrol,0,1,0,0,0,,,,,,0.0,0.0,0.0,,,,,,,,,,,98.0,98.0,98.0,0.0,,,,,20.0,7.0,,,,,,,,,,,,,,,,94899
1911,2019,206,E935287,3.0,06/08/2019,0:33,8,6,,53,Pierce,1124,1,0.0,3,1,1,1,1,5,3,,,,8,0,0,124.1,1,0,1,1,2,1,1,0,0,0,0,I-5,,-122.5344694,47.131863889,0,2,98,80,5,60,14,1,0,1,5,8,1,1,4,3,1,2,2,53,0,37,402,2004,0,0.0,8,,,,,,1,1,52,1,0.0,,0,0,3,0,11,0,,,,,0.0,0.0,0.0,3.0,1,0,0.0,0.0,0.0,96,,,,,,0,,,,,,98087.0,53,70.0,190.0,6.0,1.0,0.0,1.0,1.0,2.0,,0,,,,,,0,01/15/2015,09/15/2018,20,0,0,0,8.0,9,8,,,0,0.0,0.0,8,0,8.0,95.0,,,96.0,,,8,95,995.0,,,,,,,,,,,,,,,,,,,,,,,,,,,,,,0,0,0,0,0,0,0,0,0,1,1,0,0,0,0,0,0,0,0,0,0,0,0,1,1,0,0,0,0,1,1,1,0,0,0,,0,0,0,0,0,0,0,0,0,0,0,0,0,0,0,0,,,,,,51-55,46-55,Interstate,U,Saturday,Belt Used,PV,Not Fatal,0,0,0,0,State Route,State Patrol,Washington State Patrol,0,1,0,0,0,,,,,,0.0,0.0,0.0,,,,,,,,,,,98.0,98.0,98.0,0.0,,,,,20.0,7.0,,,,,,,,,,,,,,,,94899
1912,2019,206,E935287,3.0,06/08/2019,0:33,8,6,,53,Pierce,1124,1,0.0,3,1,1,1,1,5,3,,,,8,0,0,124.1,1,0,1,1,2,1,1,0,0,0,0,I-5,,-122.5344694,47.131863889,0,3,98,80,5,60,66,2,0,1,5,8,1,1,4,3,1,2,3,6,0,84,884,2019,0,0.0,8,,,,,,1,1,64,2,0.0,,0,0,3,0,11,0,,,,,6.0,1.0,0.0,3.0,1,0,0.0,0.0,0.0,96,,,,,,0,,,,,,98087.0,53,66.0,135.0,6.0,1.0,0.0,0.0,1.0,1.0,,0,,,,,,0,01/15/2015,04/15/2015,20,0,0,0,8.0,9,8,,,0,0.0,0.0,8,0,8.0,95.0,,,96.0,,,8,95,995.0,,,,,,,,,,,,,,,,,,,,,,,,,,,,,,0,0,0,0,0,0,0,0,0,1,1,0,0,0,0,0,0,0,0,0,0,0,0,1,1,0,0,0,0,1,1,1,0,0,0,,0,0,0,0,0,0,0,0,0,0,0,0,0,0,0,0,,,,,,61-65,56-65,Interstate,U,Saturday,,MHTRUCK,Not Fatal,0,0,0,0,State Route,State Patrol,Washington State Patrol,0,1,0,0,0,,,,,,0.0,0.0,0.0,,,,,,,,,,,98.0,98.0,98.0,0.0,,,,,20.0,7.0,,,,,,,,,,,,,,,,94899
1913,2019,207,E935340,2.0,06/22/2019,3:05,22,6,,61,Snohomish,1280,1,0.0,2,1,2,1,0,2,2,,,,12,0,1,198.1,1,0,1,1,2,1,1,0,0,0,0,I-5,,-122.1785361,48.037322222,0,1,32,59,3,60,67,0,0,1,2,1,4,2,3,3,14,1,1,53,0,12,880,2015,0,0.0,12,1.0,,,,,1,1,27,1,0.0,,3,0,20,7,11,4,,,,,0.0,0.0,0.0,3.0,1,0,0.0,0.0,0.0,92,,,,,,99,,,,,,98203.0,53,69.0,206.0,6.0,1.0,0.0,1.0,1.0,0.0,,0,,,,,,0,03/15/2015,03/15/2015,8,0,0,0,8.0,9,8,,,0,0.0,0.0,8,1,8.0,95.0,,,96.0,,,8,95,995.0,,,,,,,,,,,,,,,,,,,,,,,,,,,,,,0,0,0,0,1,0,1,1,0,0,0,0,0,1,0,0,1,0,0,0,0,0,0,1,1,0,0,0,0,1,1,0,0,0,0,,0,0,0,0,0,0,0,0,1,0,0,0,0,0,0,1,,,,,,26-30,26-35,Interstate,U,Saturday,,MHTRUCK,Not Fatal,0,0,0,0,State Route,State Patrol,Washington State Patrol,0,1,0,0,0,,,,,,0.0,0.0,0.0,,,,,,,,,,,98.0,98.0,98.0,0.0,,,,,20.0,7.0,,,,,,,,,,,,,,,,98270
1914,2019,207,E935340,2.0,06/22/2019,3:05,22,6,,61,Snohomish,1280,1,0.0,2,1,2,1,0,2,2,,,,12,0,1,198.1,1,0,1,1,2,1,1,0,0,0,0,I-5,,-122.1785361,48.037322222,0,2,32,53,3,60,4,0,0,1,2,12,4,2,3,3,14,1,2,53,0,37,32,1999,0,0.0,12,,,,,,1,1,22,1,1.0,,4,7,3,0,11,0,06/22/2019,3:05,128053027850.0,27850.0,0.0,0.0,0.0,2.0,1,0,0.0,0.0,0.0,92,,,,,,99,,,,,,98252.0,53,73.0,200.0,1.0,1.0,0.0,2.0,1.0,1.0,,0,,,,,,0,02/15/2015,08/15/2018,20,0,0,0,0.0,9,8,,,0,0.0,0.0,8,9,2.0,401.0,417.0,,1.0,1.0,,2,1,0.0,,,,,,,,,,,,,,,,,,,,,,,,,,,,,,0,0,0,0,1,0,1,1,0,0,0,0,0,1,0,0,1,0,0,0,0,0,0,1,1,0,0,0,0,1,1,0,0,0,0,,1,0,0,0,0,0,1,1,1,0,0,1,0,0,1,0,,,,,,21-25,16-25,Interstate,U,Saturday,Belt Used,PV,Hispanic,0,0,0,0,State Route,State Patrol,Washington State Patrol,0,1,0,0,0,,,,,,0.0,0.0,7.0,,,,,,,,,,,0.0,0.0,0.0,1.0,,,,,20.0,7.0,,,,,,,,,,,,,,,,98270
1915,2019,208,E935754,16.0,06/30/2019,4:30,30,6,,15,Cowlitz,0,1,0.0,9,1,2,1,0,1,1,,,,24,0,0,1.0,1,0,1,5,1,2,4,0,0,0,0,CR-HEADQUARTERS RD,,-122.8741083,46.237644444,0,1,1,13,2,35,34,0,0,1,7,1,3,2,2,1,14,1,1,53,0,7,482,2004,0,0.0,63,24.0,1.0,,,,1,1,50,8,7.0,,4,7,3,0,11,0,06/30/2019,4:30,53029689.0,29689.0,0.0,0.0,0.0,3.0,1,0,0.0,0.0,0.0,92,,,,,,99,,,,,,98626.0,53,70.0,185.0,6.0,1.0,0.0,0.0,0.0,0.0,,0,,,,,,0,,,20,2,9,0,0.0,9,8,,,0,0.0,0.0,8,1,2.0,1.0,,,1.0,,,2,1,0.1,,,,,,,,,,,,,,,,,,,,,,,,,,,,,,0,0,1,0,1,1,0,1,0,0,0,0,0,0,0,0,1,0,0,0,0,0,0,0,0,0,0,0,0,1,0,0,0,0,0,,1,0,0,0,0,1,0,1,1,0,0,0,0,1,0,1,,,,,,46-50,46-55,County road,R,Sunday,Belt Used,PV,White,0,1,0,0,County Road,County Sheriff,Cowlitz County Sheriff's Office,1,0,1,0,0,,,,,,0.0,0.0,0.0,,,,,,,,,,,98.0,98.0,98.0,1.0,,,,,20.0,7.0,,,,,,,,,,,,,,,,98611
1916,2019,209,E932092,22.0,04/29/2019,15:02,29,4,,27,Grays Harbor,0,1,0.0,1,1,2,1,0,2,1,,,,1,0,0,1.8,1,0,1,5,1,2,4,0,0,0,0,CR-GARRARD CREEK RD,,-123.2704194,46.811997222,0,1,98,13,2,35,14,0,0,1,7,1,3,3,2,1,14,2,1,53,0,55,401,2003,0,0.0,63,69.0,1.0,,,,1,1,65,2,7.0,,4,0,3,0,11,5,05/01/2019,14:20,196053020367.0,20367.0,0.0,0.0,0.0,3.0,1,58,0.0,0.0,0.0,93,,,,,,0,,,,,,98568.0,53,66.0,250.0,6.0,1.0,0.0,0.0,1.0,0.0,,0,,,,,,0,07/15/2017,07/15/2017,20,0,0,0,0.0,9,8,,,0,0.0,0.0,8,0,2.0,1.0,,,1.0,,,2,1,0.0,,,,,,,,,,,,,,,,,,,,,,,,,,,,,,0,0,0,0,0,0,0,0,0,0,0,0,0,0,0,0,1,0,0,0,0,0,0,0,0,1,0,0,0,1,0,0,0,0,0,,1,0,0,0,0,0,0,0,1,0,0,0,0,0,0,0,,,,,,61-65,56-65,County road,R,Monday,Belt Used,PV,White,0,1,0,0,County Road,County Sheriff,Grays Harbor County Sheriff's Offic,1,0,1,0,0,,,,,,0.0,0.0,0.0,,,,,,,,,,,98.0,98.0,98.0,1.0,,,,,20.0,7.0,,,,,,,,,,,,,,,,98568
1917,2019,210,E918172,4.0,05/05/2019,14:52,5,5,,1,Adams,0,1,0.0,1,1,2,1,0,1,1,,,,1,0,0,207.8,1,0,1,1,1,1,1,0,0,0,0,I-90,,-118.6122,47.099116667,1,1,98,5,1,60,80,0,0,1,7,1,1,2,2,3,15,1,1,48,0,72,706,2012,0,0.0,1,,,,,,1,1,65,1,1.0,,4,0,20,7,11,8,05/21/2019,20:22,211053023321.0,23321.0,0.0,0.0,0.0,3.0,1,0,0.0,0.0,0.0,96,,,,,,0,,,,,,76131.0,48,,999.0,6.0,1.0,0.0,0.0,0.0,0.0,,0,,,,,,0,,,20,8,0,0,0.0,9,8,,,0,0.0,0.0,8,0,8.0,95.0,,,96.0,,,8,95,995.0,,,,,,,,,,,,,,,,,,,,,,,,,,,,,,0,0,0,0,0,0,0,0,0,0,0,0,0,0,0,0,0,0,0,0,0,0,0,0,0,1,0,0,1,0,0,0,0,0,1,0.0,0,0,0,0,0,0,0,0,0,0,0,0,0,0,0,0,,,,,,61-65,56-65,Interstate,R,Sunday,,MC,Hispanic,0,0,0,0,State Route,State Patrol,Washington State Patrol,0,1,0,0,0,,,,,,0.0,0.0,0.0,,,,,,,,,,,0.0,0.0,0.0,1.0,,,,,19.0,0.0,,,,,,,,,,,,,,,,
1918,2019,211,E936436,25.0,06/28/2019,20:52,28,6,,33,King,1030,1,0.0,1,1,2,1,0,2,2,,,,1,0,0,0.0,3,0,3,7,2,4,6,0,0,0,0,SE 256TH ST,137TH AVE SE,-122.1583333,47.372427778,0,1,98,8,1,98,80,0,0,1,7,1,1,3,2,1,1,1,2,53,0,53,705,2006,0,0.0,68,1.0,12.0,,,,1,1,18,1,7.0,,4,7,20,7,11,0,06/28/2019,20:52,103053029507.0,29507.0,0.0,0.0,0.0,2.0,1,0,0.0,0.0,0.0,96,,,,,,99,,,,,,98092.0,53,71.0,155.0,1.0,1.0,0.0,3.0,1.0,1.0,,0,,,,,,3,05/15/2017,04/15/2019,20,8,0,0,0.0,9,8,,,0,0.0,0.0,8,9,2.0,402.0,605.0,695.0,1.0,1.0,1.0,2,1,0.087,,,,,,,,,,,,,,,,,,,,,,,,,,,,,,0,0,0,1,1,1,1,1,1,0,0,0,1,1,1,0,0,0,0,0,0,1,1,0,1,0,0,0,1,1,0,0,0,0,1,0.0,0,0,0,0,0,1,1,1,0,1,0,1,0,0,0,1,,,,,,18-20,16-25,City street,U,Friday,,MC,White,0,0,0,0,City Street,County Sheriff,King County Police,0,0,0,1,0,thc,9.7,carboxy-thc,30.0,,0.0,0.0,3.0,,,,,,,,,,,0.0,0.0,0.0,1.0,,,,,19.0,0.0,,,,,,,nms,,,,,,,,,98042
1919,2019,211,E936436,25.0,06/28/2019,20:52,28,6,,33,King,1030,1,0.0,1,1,2,1,0,2,2,,,,1,0,0,0.0,3,0,3,7,2,4,6,0,0,0,0,SE 256TH ST,137TH AVE SE,-122.1583333,47.372427778,0,2,98,62,4,35,15,0,0,1,7,12,1,3,2,1,12,1,3,53,5,20,421,2012,0,0.0,12,,,,,,1,1,31,1,0.0,,0,0,3,0,11,0,,,,,0.0,0.0,0.0,3.0,1,16,0.0,0.0,0.0,96,,,,,,0,,,,,,98030.0,53,67.0,190.0,6.0,1.0,0.0,0.0,1.0,0.0,,0,,,,,,0,05/15/2016,05/15/2016,20,0,0,0,8.0,9,8,,,0,0.0,0.0,8,0,8.0,95.0,,,96.0,,,8,95,995.0,,,,,,,,,,,,,,,,,,,,,,,,,,,,,,0,0,0,1,1,1,1,1,1,0,0,0,1,1,1,0,0,0,0,0,0,1,1,0,1,0,0,0,1,1,0,0,0,0,0,,0,0,0,0,0,0,0,0,0,0,0,0,0,0,0,0,,,,,,31-35,26-35,City street,U,Friday,Belt Used,PV,Not Fatal,0,0,0,0,City Street,County Sheriff,King County Police,0,0,0,1,0,,,,,,0.0,0.0,0.0,,,,,,,,,,,98.0,98.0,98.0,0.0,,,,,20.0,7.0,,,,,,,,,,,,,,,,98042
1920,2019,212,E936846,120.0,06/30/2019,1:10,30,6,,33,King,670,1,0.0,3,1,2,1,1,1,1,,,,8,0,0,16.3,1,0,1,4,2,1,3,0,0,0,0,SR-410,,-121.9749361,47.199325,0,1,13,11,2,40,4,0,0,1,5,8,1,1,3,5,1,1,1,53,0,49,32,2012,0,0.0,63,8.0,,,,,1,1,21,1,0.0,,0,0,3,0,11,0,,,,,0.0,0.0,0.0,3.0,1,0,0.0,0.0,0.0,93,,,,,,99,,,,,,98022.0,53,67.0,140.0,6.0,1.0,0.0,0.0,0.0,0.0,,97,,,,,,0,,,20,0,0,0,8.0,9,8,,,0,0.0,0.0,8,0,8.0,95.0,,,96.0,,,8,95,995.0,,,,,,,,,,,,,,,,,,,,,,,,,,,,,,0,0,0,0,0,0,0,0,0,0,0,0,0,0,0,0,1,0,0,0,0,0,0,1,1,0,0,0,0,1,0,1,0,0,0,,0,0,0,0,0,0,0,0,1,0,0,0,0,0,0,0,,,,,,21-25,16-25,State route,U,Sunday,Belt Used,PV,Not Fatal,0,0,0,0,State Route,Municipal/City Police,Enumclaw Police Department,0,1,0,0,0,,,,,,0.0,0.0,0.0,,,,,,,,,,,98.0,98.0,98.0,0.0,,,,,20.0,7.0,,,,,,,,,,,,,,,,98022
1921,2019,213,E937123,42.0,06/29/2019,2:43,29,6,,67,Thurston,0,1,0.0,2,1,1,1,0,2,2,,,,12,0,2,8.2,1,0,1,4,2,2,4,0,0,0,0,CR-YELM HWY SE,,-122.7474222,46.9855,0,1,50,10,2,50,6,0,0,1,7,12,4,2,2,1,14,1,1,53,0,63,37,2014,0,0.0,68,12.0,,,,,1,1,37,1,1.0,,4,7,20,7,11,0,06/29/2019,2:43,53030080.0,30080.0,0.0,0.0,0.0,3.0,1,28,0.0,0.0,0.0,92,,,,,,99,,,,,,98513.0,53,71.0,295.0,6.0,1.0,0.0,0.0,0.0,0.0,,0,,,,,,0,,,8,0,0,0,0.0,9,8,,,0,0.0,0.0,8,1,2.0,605.0,695.0,,1.0,1.0,,2,1,0.24,,,,,,,,,,,,,,,,,,,,,,,,,,,,,,0,0,0,0,1,1,1,1,1,0,0,0,1,0,0,0,1,0,0,1,0,0,0,0,0,0,0,0,0,1,0,0,0,1,0,,1,0,0,0,0,1,1,1,1,0,0,0,0,0,0,1,,,,,,36-40,36-45,County road,U,Saturday,Not Used,PV,Hispanic,0,1,1,0,County Road,County Sheriff,Thurston County Sheriff's Office,0,0,1,0,0,thc,13.0,carboxy-thc,57.0,,0.0,0.0,0.0,,,,,,,,,,,98.0,98.0,98.0,298.0,,,,,20.0,7.0,,,,,,,,,,,,,,,,98513
1922,2019,213,E937123,42.0,06/29/2019,2:43,29,6,,67,Thurston,0,1,0.0,2,1,1,1,0,2,2,,,,12,0,2,8.2,1,0,1,4,2,2,4,0,0,0,0,CR-YELM HWY SE,,-122.7474222,46.9855,0,2,51,62,4,50,34,0,0,1,5,12,4,2,2,1,14,1,1,53,0,7,482,2010,0,0.0,12,,,,,,1,1,47,2,0.0,,1,0,3,0,11,4,,,,,0.0,0.0,3.0,3.0,1,91,0.0,0.0,0.0,96,,,,,,9,,,,,,98501.0,53,68.0,135.0,6.0,1.0,1.0,1.0,0.0,0.0,,1,,,,,,4,03/15/2015,03/15/2015,8,0,0,0,8.0,9,8,,,0,0.0,0.0,8,1,8.0,95.0,,,96.0,,,8,95,995.0,,,,,,,,,,,,,,,,,,,,,,,,,,,,,,0,0,0,0,1,1,1,1,1,0,0,0,1,0,0,0,1,0,0,1,0,0,0,0,0,0,0,0,0,1,0,0,0,0,0,,0,0,0,0,0,0,0,0,0,1,0,0,0,0,0,1,,,,,,46-50,46-55,County road,U,Saturday,Belt Used,PV,Not Fatal,0,1,1,0,County Road,County Sheriff,Thurston County Sheriff's Office,0,0,1,0,0,,,,,,0.0,1.0,1.0,,,,,,,,,,,98.0,98.0,98.0,0.0,,,,,20.0,7.0,,,,,,,,,,,,,,,,98513
1923,2019,214,E937515,35.0,07/06/2019,15:27,6,7,,53,Pierce,0,1,0.0,1,1,2,1,0,2,1,,,,1,0,0,2.1,3,0,3,5,1,2,4,0,0,0,0,CR-WHITEMAN ROAD KP S,33RD ST SW,-122.7907861,47.227294444,0,1,7,9,1,40,20,0,0,1,7,1,3,2,2,1,14,2,1,53,0,12,443,2005,0,0.0,63,69.0,68.0,64.0,1.0,,1,1,62,2,0.0,,1,0,20,7,11,8,,,,,0.0,0.0,3.0,3.0,1,0,0.0,0.0,0.0,96,,,,,,0,,,,,,98349.0,53,63.0,136.0,6.0,1.0,0.0,0.0,0.0,0.0,,0,,,,,,0,,,20,0,0,0,8.0,9,8,,,0,0.0,0.0,8,0,8.0,95.0,,,96.0,,,8,95,995.0,,,,,,,,,,,,,,,,,,,,,,,,,,,,,,0,0,0,1,0,0,0,0,0,0,0,0,0,0,0,0,0,0,0,1,0,0,0,0,0,0,0,0,0,1,0,0,0,0,0,,0,0,0,0,0,0,0,0,0,0,0,0,0,0,0,0,,,,,,61-65,56-65,County road,R,Saturday,Not Used,PV,Not Fatal,0,1,0,0,County Road,County Sheriff,Law Enforcement Support Agency,1,0,1,0,0,,,,,,0.0,0.0,0.0,,,,,,,,,,,98.0,98.0,98.0,0.0,,,,,20.0,7.0,,,,,,,,,,,,,,,,98349
1924,2019,215,E937770,5.0,06/30/2019,12:36,30,6,,15,Cowlitz,0,1,0.0,1,1,2,1,0,1,1,,,,24,0,0,42.6,1,0,1,4,1,1,3,0,0,0,0,SR-503,,-122.553275,45.96415,0,1,6,6,1,50,80,0,0,1,7,24,3,2,2,1,14,1,1,53,0,72,706,2003,0,0.0,63,69.0,68.0,64.0,24.0,,1,1,84,1,7.0,,4,0,20,7,11,8,06/30/2019,14:25,237053029327.0,29327.0,0.0,0.0,3.0,3.0,1,0,0.0,0.0,0.0,96,,,,,,0,,,,,,98647.0,53,70.0,170.0,6.0,1.0,0.0,0.0,0.0,0.0,,0,,,,,,4,,,20,8,0,0,0.0,9,8,,,0,0.0,0.0,8,0,2.0,348.0,,,1.0,,,2,1,0.0,,,,,,,,,,,,,,,,,,,,,,,,,,,,,,0,0,1,0,0,0,1,1,0,0,0,0,1,0,0,0,0,0,0,0,0,0,0,0,0,1,1,1,1,0,0,0,0,0,1,0.0,0,0,0,0,0,0,1,1,0,1,0,0,0,0,1,0,,,,,,81+,76+,State route,R,Sunday,,MC,White,0,1,0,0,State Route,State Patrol,Washington State Patrol,1,1,0,0,0,,,,,,0.0,0.0,0.0,,,,,,,,,,,0.0,0.0,0.0,1.0,,,,,5.0,0.0,,,,,,,,,,,,,,,,
1925,2019,216,E937824,1.0,06/22/2019,23:31,22,6,,77,Yakima,0,1,0.0,2,1,2,1,0,2,2,,,,12,0,2,3.0,1,0,1,5,1,2,4,0,3,0,0,CR-LATERAL A RD,,-120.4804694,46.477283333,0,1,50,10,2,55,1,0,0,1,7,12,1,1,2,1,1,1,1,53,0,52,37,2001,0,0.0,68,12.0,,,,,1,1,25,2,1.0,,4,0,20,7,11,8,06/25/2019,11:23,196053029135.0,29135.0,0.0,0.0,0.0,3.0,1,0,0.0,0.0,0.0,96,,,,,,9,,,,,,98936.0,53,60.0,115.0,6.0,1.0,0.0,0.0,0.0,0.0,,11,,,,,,0,,,1,0,0,0,0.0,1,8,,,0,0.0,0.0,1,1,2.0,605.0,,,1.0,,,2,1,0.14,,,,,,,,,,,,,,,,,,,,,,,,,,,,,,0,0,0,0,1,1,1,1,1,0,0,0,0,0,0,0,0,0,0,1,0,1,1,1,1,0,0,0,0,1,0,0,0,1,0,,1,0,0,0,0,1,1,1,0,0,0,0,0,0,0,1,,,,,,21-25,16-25,County road,R,Saturday,Not Used,PV,Hispanic,0,1,1,0,County Road,State Patrol,Washington State Patrol,0,0,1,0,0,thc,1.3,,,,0.0,0.0,0.0,,,,,,,,,,,98.0,98.0,98.0,298.0,,,,,20.0,7.0,,,,,,,,,,,,,,,,98951
1926,2019,216,E937824,1.0,06/22/2019,23:31,22,6,,77,Yakima,0,1,0.0,2,1,2,1,0,2,2,,,,12,0,2,3.0,1,0,1,5,1,2,4,0,3,0,0,CR-LATERAL A RD,,-120.4804694,46.477283333,0,2,51,62,4,55,4,0,0,1,7,12,1,1,2,1,1,1,2,53,0,48,34,2000,0,0.0,12,,,,,,1,1,19,2,0.0,,2,0,3,0,11,4,,,,,0.0,0.0,0.0,3.0,1,0,0.0,0.0,0.0,96,,,,,,0,,,,,,98951.0,53,64.0,160.0,6.0,2.0,0.0,0.0,0.0,0.0,,0,,,,,,0,,,1,0,0,0,8.0,9,8,,,0,0.0,0.0,8,0,8.0,95.0,,,96.0,,,8,95,995.0,,,,,,,,,,,,,,,,,,,,,,,,,,,,,,0,0,0,0,1,1,1,1,1,0,0,0,0,0,0,0,0,0,0,1,0,1,1,1,1,0,0,0,0,1,0,0,0,0,0,,0,0,0,0,0,0,0,0,0,0,0,0,0,0,0,0,,,,,,18-20,16-25,County road,R,Saturday,Belt Used,PV,Not Fatal,0,1,1,0,County Road,State Patrol,Washington State Patrol,0,0,1,0,0,,,,,,0.0,0.0,0.0,,,,,,,,,,,98.0,98.0,98.0,0.0,,,,,20.0,7.0,,,,,,,,,,,,,,,,98951
1927,2019,217,E938426,160.0,06/30/2019,22:09,30,6,,33,King,1030,10,0.0,3,1,2,1,0,10,4,,,,12,1,7,6.6,1,0,1,3,2,1,3,0,0,0,0,SR-516,,-122.2188556,47.380761111,0,1,47,11,2,40,4,0,0,1,5,12,1,2,2,2,6,3,3,91,0,35,47,2018,0,0.0,12,63.0,69.0,65.0,12.0,,1,1,16,1,0.0,,9,0,99,7,11,8,,,,,0.0,0.0,0.0,0.0,1,28,0.0,0.0,0.0,96,,,,,,99,,,,,,93263.0,6,67.0,162.0,0.0,0.0,0.0,0.0,0.0,0.0,,97,,,,,,0,,,8,9,0,0,8.0,9,8,,,0,0.0,0.0,8,9,8.0,95.0,,,96.0,,,8,95,995.0,,,,,,,,,,,,,,,,,,,,,,,,,,,,,,0,0,0,0,0,0,0,0,0,0,0,0,0,1,0,0,0,0,0,0,1,0,1,1,1,0,0,0,0,1,0,0,0,0,0,,0,0,0,0,0,0,0,0,0,0,0,1,0,0,0,0,,,,,,16-17,16-25,State route,U,Sunday,Unknown,PV,Not Fatal,0,0,0,0,State Route,Municipal/City Police,Kent Police Department,0,1,0,0,0,,,,,,0.0,0.0,0.0,,,,,,,,,,,98.0,98.0,98.0,0.0,,,,,20.0,7.0,,,,,,,,,,,,,,,,98030