,year,case,par,repjur,crash_dt,crash_tm,accday,accmon,holiday,county,co_char,city,weather,weather2,lightcond,surfcond,surftype,numfatal,nmforms,pforms,vforms,not_tm,arr_tm,hosp_tm,fhevent,hitrun,manncol,milepnt,reljunc,reljuncinter,intersectiontype,funcsystem,landuse,ownership,route,schlbus,spejur,contdev,devfunc,trafid1,trafid2,x,y,wk_zone,vnumber,crashtype,criticalevent,criticaleventcat,spdlim,body,trailer,emerg,hazcargo,leave,mhevent,roadalgn,roadprof,traflane,trafflow,vehmanvr,numoccs,regowner,regstate,spuse,make,model,modelyr,vrf1,vrf2,seqevent1,seqevent2,seqevent3,seqevent4,seqevent5,seqevent6,pnumber,ptype,age,sex,hispanic,race,injury,diedscene,restraint,restraintmisuse,seatpos,takehosp,death_dt,death_tm,cert,cernum_wa,commlic,licendor,licrestrict,liccomp,drivpres,drf1,drf2,drf3,drf4,distract1,distract2,distract3,distract4,distract5,distract6,dricond1,dricond2,dricond3,dricond4,dricond5,dricond6,dzip,licstate,drhgt_in,weight,noncdl,noncdltype,prevdwi,prevoth,prevacc,prevspd,prevsus,driviol1,driviol2,driviol3,driviol4,driviol5,driviol6,spdrel,first_dt,last_dt,airbag,ejection,ejectpath,extricat,injurwrk,methalc,methdrug,nmlocat,strikveh,prf1,prf2,prf3,druginv,alcinvol,drugsts,drugres1,drugres2,drugres3,drugtst1,drugtst2,drugtst3,alcsts,alctst,alcres,nmact1,nmact2,nmact3,nmact4,nmact5,nmact6,nmprior1,nmprior2,nmprior3,nmprior4,nmprior5,nmprior6,nmcond1,nmcond2,nmcond3,nmcond4,nmcond5,nmcond6,nmsafe_helmet,nmsafe_pads,nmsafe_oth,nmprev_ref,nmprev_lgt,nmprev_oth,crashlocation,nmcrashtype,crosswalk,schoolzone,sidewalk,train_inv,wildlife_inv,rotr_fars,intersect_fars,dd_inv,aid_inv,dpd_inv,id_inv,mj_inv,impnm_inv,ainm_inv,dpnm_inv,speed_inv,unlic_inv,unendmc_inv,drowsy_inv,drdist_inv,nmdist_inv,fty_inv,unrestfat_inv,dr1617_inv,dr1820_inv,dr1620_inv,dr2125_inv,dr1625_inv,dr65_inv,dr70_inv,dr75_inv,mc_inv,pv_inv,ht_inv,ped_inv,bike_inv,unrest_fat,mc_fat,unhelmet_mc,pv_fat,ht_fat,ped_fat,bike_fat,dr_alc7,dr_alc8,dr_drug,dr_imp,dr_dist,dr_spd,dr_fty,dr_unlic,dr_alc7only,dr_alc8only,dr_drugonly,dr_drink,nm_imp,nm_alc7,nm_alc8,nm_drug,nm_dist,agegrp1,agegrp2,roadclass,urbrur,dayweek,restuse,vehtype,race_me,intersect,lanedep,oppdir,wrongway,rep_typ,investag,repag_long,rotr,st_rd,cty_rd,city_rd,oth_rd,drug_thc,thc_res,drug_cthc,cthc_res,drug_cann,prevpersemin,prevperse,prevsusoth,drugtst4,drugtst5,drugtst6,drugtst7,drugtst8,drugres4,drugres5,drugres6,drugres7,drugres8,adspresent,adsengaged,adslevel,race1,race2,race3,race4,race5,helmet,helmetmisuse,nmdistract1,nmdistract2,nmdistract3,nmdistract4,nmdistract5,nmdistract6,lab,isedtcase,crf1,crf2,crf3,CoRoadName,CoMP,IntCoRoadName,IntCoMP,zipcode
1947,2019,230,E940384,35.0,07/14/2019,23:26,14,7,,53,Pierce,0,1,0.0,3,1,2,1,0,2,2,,,,12,0,2,10.4,1,0,1,4,2,2,4,0,0,0,0,CR-CANYON RD E,,-122.3570861,47.100691667,0,1,50,54,3,40,80,0,0,1,7,12,1,1,5,5,1,1,1,53,0,37,705,2003,0,0.0,12,,,,,,1,1,27,1,7.0,,4,0,20,7,11,4,07/15/2019,1:27,223053031686.0,31686.0,0.0,0.0,0.0,3.0,1,51,0.0,0.0,0.0,96,,,,,,99,,,,,,98375.0,53,68.0,191.0,6.0,1.0,0.0,3.0,2.0,4.0,,0,,,,,,0,12/15/2014,01/15/2019,20,8,0,0,0.0,9,8,,,0,0.0,0.0,8,1,2.0,1.0,,,1.0,,,2,1,0.16,,,,,,,,,,,,,,,,,,,,,,,,,,,,,,0,0,0,0,1,1,0,1,0,0,0,0,0,0,0,0,0,0,0,0,0,0,0,1,1,0,0,0,1,1,0,0,0,0,1,1.0,0,0,0,0,0,1,0,1,0,0,0,0,0,1,0,1,,,,,,26-30,26-35,County road,U,Sunday,,MC,White,0,1,1,0,County Road,County Sheriff,Law Enforcement Support Agency,0,0,1,0,0,,,,,,0.0,0.0,4.0,,,,,,,,,,,0.0,0.0,0.0,1.0,,,,,17.0,7.0,,,,,,,,,,,,,,,,98375
1948,2019,230,E940384,35.0,07/14/2019,23:26,14,7,,53,Pierce,0,1,0.0,3,1,2,1,0,2,2,,,,12,0,2,10.4,1,0,1,4,2,2,4,0,0,0,0,CR-CANYON RD E,,-122.3570861,47.100691667,0,2,51,54,3,40,6,0,0,1,7,12,1,1,5,5,1,1,2,53,0,48,45,2006,0,0.0,12,,,,,,1,1,23,2,0.0,,0,0,3,0,11,0,,,,,0.0,0.0,0.0,3.0,1,10,0.0,0.0,0.0,96,,,,,,0,,,,,,98466.0,53,64.0,127.0,6.0,1.0,0.0,0.0,0.0,1.0,,0,,,,,,0,02/15/2015,02/15/2015,1,0,0,0,8.0,9,8,,,0,0.0,0.0,8,0,8.0,95.0,,,96.0,,,8,95,995.0,,,,,,,,,,,,,,,,,,,,,,,,,,,,,,0,0,0,0,1,1,0,1,0,0,0,0,0,0,0,0,0,0,0,0,0,0,0,1,1,0,0,0,1,1,0,0,0,0,0,,0,0,0,0,0,0,0,0,0,0,0,0,0,0,0,0,,,,,,21-25,16-25,County road,U,Sunday,Belt Used,PV,Not Fatal,0,1,1,0,County Road,County Sheriff,Law Enforcement Support Agency,0,0,1,0,0,,,,,,0.0,0.0,0.0,,,,,,,,,,,98.0,98.0,98.0,0.0,,,,,20.0,7.0,,,,,,,,,,,,,,,,98375
1949,2019,231,E930471,146.0,06/14/2019,12:04,14,6,,77,Yakima,0,1,0.0,1,1,2,1,0,3,3,,,,12,0,8,2.1,1,0,1,5,2,2,4,0,0,0,0,CR-N WENAS RD,,-120.5177361,46.681283333,0,1,64,10,2,40,34,0,0,1,7,12,1,1,2,1,1,1,1,53,0,20,481,2002,0,0.0,68,12.0,12.0,,,,1,1,56,1,0.0,,0,0,3,0,11,0,,,,,0.0,0.0,0.0,3.0,1,28,0.0,0.0,0.0,96,,,,,,9,,,,,,98942.0,53,67.0,165.0,6.0,1.0,0.0,0.0,1.0,0.0,,97,,,,,,0,04/15/2018,04/15/2018,20,0,0,0,8.0,9,2,,,0,0.0,0.0,1,1,8.0,95.0,,,96.0,,,8,95,995.0,,,,,,,,,,,,,,,,,,,,,,,,,,,,,,0,0,0,0,1,0,1,1,0,0,0,0,0,0,0,0,0,0,0,0,0,0,0,0,0,1,1,1,0,1,0,0,0,0,0,,0,0,0,0,0,0,0,0,0,0,0,0,0,0,0,1,,,,,,56-60,56-65,County road,U,Friday,Belt Used,PV,Not Fatal,0,1,1,0,County Road,County Sheriff,Yakima County Sheriff's Office,0,0,1,0,0,,,,,,0.0,0.0,0.0,,,,,,,,,,,98.0,98.0,98.0,0.0,,,,,20.0,7.0,,,,,,,,,,,,,,,,98942
1950,2019,231,E930471,146.0,06/14/2019,12:04,14,6,,77,Yakima,0,1,0.0,1,1,2,1,0,3,3,,,,12,0,8,2.1,1,0,1,5,2,2,4,0,0,0,0,CR-N WENAS RD,,-120.5177361,46.681283333,0,2,65,62,4,40,4,0,0,1,7,12,1,1,2,1,1,1,1,53,0,14,6,2005,0,0.0,12,,,,,,1,1,81,2,7.0,,4,0,3,0,11,1,06/19/2019,12:49,196053028111.0,28111.0,0.0,0.0,3.0,3.0,1,0,0.0,0.0,0.0,96,,,,,,0,,,,,,98942.0,53,64.0,222.0,6.0,1.0,0.0,1.0,2.0,0.0,,0,,,,,,0,05/15/2016,01/15/2019,20,0,0,0,0.0,9,8,,,0,0.0,0.0,8,0,2.0,996.0,996.0,,1.0,1.0,,2,1,0.0,,,,,,,,,,,,,,,,,,,,,,,,,,,,,,0,0,0,0,1,0,1,1,0,0,0,0,0,0,0,0,0,0,0,0,0,0,0,0,0,1,1,1,0,1,0,0,0,0,0,,1,0,0,0,0,0,1,1,0,0,0,0,0,0,1,0,,,,,,81+,76+,County road,U,Friday,Belt Used,PV,White,0,1,1,0,County Road,County Sheriff,Yakima County Sheriff's Office,0,0,1,0,0,,,,,,0.0,0.0,0.0,,,,,,,,,,,98.0,98.0,98.0,1.0,,,,,20.0,7.0,,,,,,,,,,,,,,,,98942
1951,2019,231,E930471,146.0,06/14/2019,12:04,14,6,,77,Yakima,0,1,0.0,1,1,2,1,0,3,3,,,,12,0,8,2.1,1,0,1,5,2,2,4,0,0,0,0,CR-N WENAS RD,,-120.5177361,46.681283333,0,3,98,62,4,40,14,0,0,1,5,12,1,1,2,1,1,1,1,53,0,20,402,2001,0,0.0,12,,,,,,1,1,55,2,0.0,,0,0,3,0,11,0,,,,,0.0,0.0,0.0,3.0,1,0,0.0,0.0,0.0,96,,,,,,0,,,,,,98936.0,53,62.0,138.0,6.0,1.0,0.0,0.0,0.0,0.0,,0,,,,,,0,,,20,0,0,0,8.0,9,8,,,0,0.0,0.0,8,0,8.0,95.0,,,96.0,,,8,95,995.0,,,,,,,,,,,,,,,,,,,,,,,,,,,,,,0,0,0,0,1,0,1,1,0,0,0,0,0,0,0,0,0,0,0,0,0,0,0,0,0,1,1,1,0,1,0,0,0,0,0,,0,0,0,0,0,0,0,0,0,0,0,0,0,0,0,0,,,,,,51-55,46-55,County road,U,Friday,Belt Used,PV,Not Fatal,0,1,1,0,County Road,County Sheriff,Yakima County Sheriff's Office,0,0,1,0,0,,,,,,0.0,0.0,0.0,,,,,,,,,,,98.0,98.0,98.0,0.0,,,,,20.0,7.0,,,,,,,,,,,,,,,,98942
1952,2019,234,E941099,3.0,06/25/2019,14:57,25,6,,53,Pierce,0,1,0.0,1,1,2,2,0,3,2,,,,12,0,6,16.9,2,0,3,3,2,1,3,0,0,0,0,SR-161,244TH CT W,-122.2958,47.034952778,0,1,68,15,2,55,3,0,0,1,7,12,1,3,3,1,11,2,2,53,0,30,47,2000,0,0.0,12,2.0,,,,,1,1,16,1,7.0,,4,7,99,7,11,0,06/25/2019,14:57,53028777.0,28777.0,0.0,0.0,3.0,3.0,1,38,0.0,0.0,0.0,17,,,,,,99,,,,,,98338.0,53,66.0,130.0,6.0,2.0,0.0,0.0,0.0,0.0,,0,,,,,,0,,,99,0,0,0,0.0,9,8,,,0,0.0,0.0,8,9,2.0,1.0,,,1.0,,,2,1,0.0,,,,,,,,,,,,,,,,,,,,,,,,,,,,,,0,0,0,1,0,0,0,0,0,0,0,0,0,0,0,0,1,0,1,0,1,0,1,0,1,0,0,0,0,1,1,0,0,0,0,,1,0,0,0,0,0,0,0,1,0,1,0,0,0,0,0,,,,,,16-17,16-25,State route,U,Tuesday,Unknown,PV,White,1,0,0,0,State Route,State Patrol,Washington State Patrol,0,1,0,0,0,,,,,,0.0,0.0,0.0,,,,,,,,,,,98.0,98.0,98.0,1.0,,,,,20.0,7.0,,,,,,,,,,,,,,,,98338
1953,2019,234,E941099,3.0,06/25/2019,14:57,25,6,,53,Pierce,0,1,0.0,1,1,2,2,0,3,2,,,,12,0,6,16.9,2,0,3,3,2,1,3,0,0,0,0,SR-161,244TH CT W,-122.2958,47.034952778,0,2,69,62,4,55,66,1,0,1,7,12,1,3,3,1,1,1,3,37,0,82,881,2009,0,0.0,12,2.0,,,,,1,1,40,1,0.0,,0,0,3,0,11,0,,,,,6.0,1.0,0.0,3.0,1,0,0.0,0.0,0.0,96,,,,,,0,,,,,,98597.0,53,71.0,200.0,6.0,1.0,0.0,0.0,0.0,2.0,,0,,,,,,0,03/15/2017,03/15/2018,99,0,0,0,8.0,9,2,,,0,0.0,0.0,0,0,8.0,95.0,,,96.0,,,8,95,995.0,,,,,,,,,,,,,,,,,,,,,,,,,,,,,,0,0,0,1,0,0,0,0,0,0,0,0,0,0,0,0,1,0,1,0,1,0,1,0,1,0,0,0,0,1,1,0,0,0,0,,0,0,0,0,0,0,0,0,0,0,0,0,0,0,0,0,,,,,,36-40,36-45,State route,U,Tuesday,,MHTRUCK,Not Fatal,1,0,0,0,State Route,State Patrol,Washington State Patrol,0,1,0,0,0,,,,,,0.0,0.0,0.0,,,,,,,,,,,98.0,98.0,98.0,0.0,,,,,20.0,7.0,,,,,,,,,,,,,,,,98338
1954,2019,235,E941412,4.0,07/17/2019,9:45,17,7,,75,Whitman,0,10,0.0,1,1,2,1,0,1,1,,,,42,0,0,48.2,1,0,1,5,1,1,3,0,0,0,0,SR-27,,-117.0988833,47.195758333,0,1,6,12,2,55,34,0,0,1,2,42,2,3,2,1,14,1,1,53,0,49,471,1992,0,0.0,68,64.0,42.0,,,,1,1,61,1,7.0,,4,7,3,0,11,0,07/17/2019,9:45,53032768.0,32768.0,0.0,0.0,3.0,3.0,1,0,0.0,0.0,0.0,93,,,,,,99,,,,,,99328.0,53,72.0,230.0,6.0,1.0,0.0,0.0,0.0,0.0,,0,,,,,,0,,,20,0,0,0,0.0,9,8,,,0,0.0,0.0,8,0,2.0,996.0,244.0,155.0,1.0,1.0,1.0,2,1,0.0,,,,,,,,,,,,,,,,,,,,,,,,,,,,,,0,0,1,0,0,0,1,1,0,0,0,0,0,0,0,0,1,0,0,0,0,0,0,0,0,0,0,0,0,1,0,0,0,0,0,,1,0,0,0,0,0,1,1,1,0,0,0,0,0,1,0,,,,,,61-65,56-65,State route,R,Wednesday,Belt Used,PV,White,0,1,0,0,State Route,State Patrol,Washington State Patrol,1,1,0,0,0,,,,,,0.0,0.0,0.0,1.0,1.0,1.0,,,157.0,996.0,386.0,996.0,996.0,0.0,0.0,0.0,1.0,,,,,20.0,7.0,,,,,,,,,,,,,,,,99033
1955,2019,236,E941427,4.0,07/06/2019,16:41,6,7,,65,Stevens,0,1,0.0,1,1,2,1,0,3,2,,,,12,0,2,201.3,1,0,1,3,1,1,2,0,0,0,0,US-395,,-117.6602083,48.141697222,0,1,50,10,2,60,4,0,0,1,7,12,3,2,2,1,14,1,2,53,0,49,40,2006,0,0.0,68,12.0,,,,,1,1,29,2,1.0,,4,0,20,7,11,8,07/06/2019,18:16,211053030632.0,30632.0,0.0,0.0,0.0,3.0,1,28,0.0,0.0,0.0,96,,,,,,99,,,,,,99006.0,53,62.0,150.0,6.0,1.0,0.0,3.0,2.0,3.0,,0,,,,,,0,07/15/2015,09/15/2018,8,0,0,0,0.0,1,1,,,0,0.0,0.0,1,0,2.0,401.0,417.0,128.0,1.0,1.0,1.0,2,1,0.0,,,,,,,,,,,,,,,,,,,,,,,,,,,,,,0,0,0,0,0,0,1,1,1,0,0,0,0,0,0,0,0,0,0,1,0,0,0,0,0,0,0,0,0,1,0,0,0,1,0,,1,0,0,0,0,0,1,1,0,0,0,0,0,0,1,0,,,,,,26-30,26-35,US highway,R,Saturday,Not Used,PV,Hispanic,0,1,1,0,State Route,State Patrol,Washington State Patrol,0,1,0,0,0,thc,1.8,,,,0.0,0.0,3.0,1.0,1.0,,,,177.0,605.0,,,,98.0,98.0,98.0,1.0,,,,,20.0,7.0,,,,,,,nms,,,,,,,,,99181
1956,2019,236,E941427,4.0,07/06/2019,16:41,6,7,,65,Stevens,0,1,0.0,1,1,2,1,0,3,2,,,,12,0,2,201.3,1,0,1,3,1,1,2,0,0,0,0,US-395,,-117.6602083,48.141697222,0,2,51,62,4,60,14,0,0,1,7,1,2,2,2,1,14,2,2,53,0,59,403,2011,0,0.0,12,1.0,,,,,1,1,40,2,0.0,,3,0,3,0,11,4,,,,,0.0,0.0,3.0,3.0,1,0,0.0,0.0,0.0,96,,,,,,0,,,,,,99029.0,53,66.0,150.0,6.0,1.0,0.0,0.0,0.0,0.0,,0,,,,,,0,,,1,0,0,0,8.0,9,8,,,0,0.0,0.0,8,0,8.0,95.0,,,96.0,,,8,95,995.0,,,,,,,,,,,,,,,,,,,,,,,,,,,,,,0,0,0,0,0,0,1,1,1,0,0,0,0,0,0,0,0,0,0,1,0,0,0,0,0,0,0,0,0,1,0,0,0,0,0,,0,0,0,0,0,0,0,0,0,0,0,0,0,0,0,0,,,,,,36-40,36-45,US highway,R,Saturday,Belt Used,PV,Not Fatal,0,1,1,0,State Route,State Patrol,Washington State Patrol,0,1,0,0,0,,,,,,0.0,0.0,0.0,,,,,,,,,,,98.0,98.0,98.0,0.0,,,,,20.0,7.0,,,,,,,,,,,,,,,,99181
1957,2019,237,E941558,172.0,07/17/2019,12:00,17,7,,61,Snohomish,1120,1,0.0,1,1,2,1,0,5,2,,,,12,0,2,1.6,1,0,1,3,2,1,3,0,0,0,0,SR-204,,-122.1199028,47.996125,0,1,50,10,2,98,5,0,0,1,7,12,1,3,3,1,1,1,2,53,0,12,32,2014,0,0.0,68,12.0,,,,,1,1,47,1,7.0,,4,0,3,0,11,5,07/17/2019,13:12,69053031876.0,31876.0,0.0,0.0,0.0,3.0,1,28,0.0,0.0,0.0,96,,,,,,99,,,,,,98290.0,53,74.0,235.0,6.0,1.0,0.0,0.0,0.0,0.0,,0,,,,,,0,,,8,0,0,1,0.0,9,8,,,0,0.0,0.0,8,9,2.0,401.0,417.0,695.0,1.0,1.0,1.0,2,1,0.0,,,,,,,,,,,,,,,,,,,,,,,,,,,,,,0,0,0,0,0,0,1,1,1,0,0,0,0,1,0,0,0,0,0,0,0,1,1,0,1,0,0,0,0,1,0,0,0,0,0,,1,0,0,0,0,0,1,1,0,0,0,0,0,0,1,0,,,,,,46-50,46-55,State route,U,Wednesday,Belt Used,PV,White,0,1,1,0,State Route,Municipal/City Police,Lake Stevens Police Department,0,1,0,0,0,,,carboxy-thc,13.0,,0.0,0.0,0.0,,,,,,,,,,,98.0,98.0,98.0,1.0,,,,,20.0,7.0,,,,,,,nms,,,,,,,,,98258
1958,2019,237,E941558,172.0,07/17/2019,12:00,17,7,,61,Snohomish,1120,1,0.0,1,1,2,1,0,5,2,,,,12,0,2,1.6,1,0,1,3,2,1,3,0,0,4,3,SR-204,,-122.1199028,47.996125,0,2,51,62,4,55,14,0,0,1,7,12,1,3,3,1,1,4,2,53,0,23,401,2002,0,0.0,12,,,,,,1,1,18,1,0.0,,1,0,3,0,11,5,,,,,0.0,0.0,0.0,0.0,1,0,0.0,0.0,0.0,96,,,,,,0,,,,,,98258.0,53,74.0,215.0,0.0,0.0,0.0,0.0,0.0,1.0,,0,,,,,,0,07/15/2018,07/15/2018,8,0,0,0,8.0,9,8,,,0,0.0,0.0,8,0,8.0,95.0,,,96.0,,,8,95,995.0,,,,,,,,,,,,,,,,,,,,,,,,,,,,,,0,0,0,0,0,0,1,1,1,0,0,0,0,1,0,0,0,0,0,0,0,1,1,0,1,0,0,0,0,1,0,0,0,0,0,,0,0,0,0,0,0,0,0,0,0,0,1,0,0,0,0,,,,,,18-20,16-25,State route,U,Wednesday,Belt Used,PV,Not Fatal,0,1,1,0,State Route,Municipal/City Police,Lake Stevens Police Department,0,1,0,0,0,,,,,,0.0,0.0,1.0,,,,,,,,,,,98.0,98.0,98.0,0.0,,,,,20.0,7.0,,,,,,,,,,,,,,,,98258
1959,2019,238,E941590,8.0,07/10/2019,6:59,10,7,,45,Mason,0,2,0.0,1,2,2,1,0,2,2,,,,12,0,6,346.1,1,0,1,3,1,1,2,0,0,0,0,US-101,,-123.127175,47.202847222,0,1,66,6,1,60,34,0,0,1,7,12,1,1,2,1,1,1,2,53,0,7,472,2007,0,0.0,68,12.0,,,,,1,1,47,2,0.0,,1,0,3,0,11,8,,,,,0.0,0.0,0.0,3.0,1,28,0.0,0.0,0.0,96,,,,,,0,,,,,,98584.0,53,58.0,140.0,6.0,1.0,0.0,0.0,0.0,0.0,,23,,,,,,4,,,20,0,0,0,8.0,9,8,,,0,0.0,0.0,8,0,8.0,95.0,,,96.0,,,8,95,995.0,,,,,,,,,,,,,,,,,,,,,,,,,,,,,,0,0,0,0,0,0,1,1,1,0,0,0,1,1,0,0,0,0,0,0,0,0,0,0,0,0,0,0,0,1,0,0,0,0,0,,0,0,0,0,0,0,0,0,0,1,0,0,0,0,0,0,,,,,,46-50,46-55,US highway,R,Wednesday,Belt Used,PV,Not Fatal,1,0,0,0,State Route,State Patrol,Washington State Patrol,0,1,0,0,0,,,,,,0.0,0.0,0.0,,,,,,,,,,,98.0,98.0,98.0,0.0,,,,,20.0,7.0,,,,,,,,,,,,,,,,98584
1960,2019,238,E941590,8.0,07/10/2019,6:59,10,7,,45,Mason,0,2,0.0,1,2,2,1,0,2,2,,,,12,0,6,346.1,1,0,1,3,1,1,2,0,0,0,0,US-101,,-123.127175,47.202847222,0,2,66,62,4,60,4,0,0,1,7,12,1,1,2,1,1,1,2,53,0,49,40,1989,0,0.0,12,,,,,,1,1,63,1,7.0,,4,7,3,0,11,0,07/10/2019,6:59,53031127.0,31127.0,0.0,0.0,0.0,2.0,1,0,0.0,0.0,0.0,96,,,,,,99,,,,,,98584.0,53,72.0,170.0,1.0,1.0,0.0,1.0,0.0,0.0,,0,,,,,,0,06/15/2017,01/15/2018,20,0,0,0,0.0,9,8,,,0,0.0,0.0,8,9,2.0,605.0,695.0,,1.0,1.0,,2,1,0.0,,,,,,,,,,,,,,,,,,,,,,,,,,,,,,0,0,0,0,0,0,1,1,1,0,0,0,1,1,0,0,0,0,0,0,0,0,0,0,0,0,0,0,0,1,0,0,0,0,0,,1,0,0,0,0,0,1,1,0,0,0,1,0,0,1,0,,,,,,61-65,56-65,US highway,R,Wednesday,Belt Used,PV,White,1,0,0,0,State Route,State Patrol,Washington State Patrol,0,1,0,0,0,thc,31.0,carboxy-thc,888.0,,0.0,0.0,2.0,,,,,,,,,,,0.0,0.0,0.0,1.0,,,,,20.0,7.0,,,,,,,,,,,,,,,,98584
1961,2019,239,E941869,290.0,07/18/2019,12:36,18,7,,53,Pierce,2230,1,0.0,1,1,2,1,1,1,1,,,,8,0,0,0.0,1,0,1,3,2,1,6,0,0,0,0,E 28TH ST,,-122.4073944,47.238963889,0,1,13,80,5,25,66,1,0,1,5,8,1,2,3,4,1,1,3,53,0,85,881,2014,0,0.0,8,,,,,,1,1,58,1,0.0,,0,0,3,0,11,0,,,,,0.0,0.0,0.0,2.0,1,0,0.0,0.0,0.0,96,,,,,,0,,,,,,98223.0,53,66.0,150.0,1.0,1.0,0.0,3.0,1.0,0.0,,97,,,,,,0,03/15/2017,07/15/2018,20,0,0,0,8.0,9,8,,,0,0.0,0.0,8,0,8.0,95.0,,,96.0,,,8,95,995.0,,,,,,,,,,,,,,,,,,,,,,,,,,,,,,0,0,0,0,0,0,0,0,0,1,0,1,0,1,0,0,0,0,0,0,0,0,0,0,0,0,0,0,0,0,1,1,0,0,0,,0,0,0,0,0,0,0,0,0,0,0,1,0,0,0,0,,,,,,56-60,56-65,City street,U,Thursday,,MHTRUCK,Not Fatal,0,0,0,0,State Route,Municipal/City Police,Tacoma Police Department,0,1,0,0,0,,,,,,0.0,0.0,2.0,,,,,,,,,,,98.0,98.0,98.0,0.0,,,,,20.0,7.0,,,,,,,,,,,,,,,,98421
1962,2019,240,E942131,12.0,07/20/2019,15:41,20,7,,7,Chelan,0,1,0.0,1,1,2,1,0,1,1,,,,32,0,0,3.3,1,0,1,5,1,2,4,0,0,0,0,CR-STINE HILL RD,,-120.53575,47.528483333,0,1,1,6,1,45,4,0,0,1,2,1,3,2,2,1,14,1,1,53,0,48,38,2008,0,0.0,63,32.0,35.0,1.0,,,1,1,29,1,1.0,,4,7,99,7,11,0,07/20/2019,15:41,53032507.0,32507.0,0.0,0.0,0.0,3.0,1,0,0.0,0.0,0.0,96,,,,,,99,,,,,,98815.0,53,67.0,210.0,6.0,1.0,0.0,0.0,1.0,1.0,,0,,,,,,3,11/15/2015,03/15/2019,1,9,0,0,0.0,9,8,,,0,0.0,0.0,8,9,8.0,95.0,,,96.0,,,8,95,995.0,,,,,,,,,,,,,,,,,,,,,,,,,,,,,,0,0,1,0,0,0,0,0,0,0,0,0,1,0,0,0,0,0,0,0,0,0,0,0,0,0,0,0,0,1,0,0,0,0,0,,1,0,0,0,0,0,0,0,0,1,0,0,0,0,0,0,,,,,,26-30,26-35,County road,R,Saturday,Unknown,PV,Hispanic,0,1,0,0,County Road,County Sheriff,Chelan County Sheriff's Office,1,0,1,0,0,,,,,,0.0,0.0,0.0,,,,,,,,,,,98.0,98.0,98.0,1.0,,,,,20.0,7.0,,,,,,,,,,,,,,,,98815
1963,2019,241,E942417,5.0,07/18/2019,14:41,18,7,,39,Klickitat,0,1,0.0,1,1,2,1,0,1,1,,,,39,0,0,71.9,1,0,1,3,1,1,3,0,0,0,0,SR-14,,-121.3627389,45.707591667,0,1,1,13,2,60,80,0,0,1,2,39,3,1,2,1,14,1,1,41,0,73,706,2013,0,0.0,63,39.0,,,,,1,1,71,1,7.0,,4,7,20,7,11,0,07/18/2019,14:41,53032270.0,32270.0,0.0,0.0,0.0,3.0,1,0,0.0,0.0,0.0,96,,,,,,99,,,,,,97124.0,41,71.0,220.0,6.0,1.0,0.0,0.0,0.0,1.0,,0,,,,,,0,02/15/2016,02/15/2016,20,8,0,0,0.0,9,8,,,0,0.0,0.0,8,9,8.0,95.0,,,96.0,,,8,95,995.0,,,,,,,,,,,,,,,,,,,,,,,,,,,,,,0,0,1,0,0,0,0,0,0,0,0,0,0,0,0,0,0,0,0,0,0,0,0,0,0,1,1,0,1,0,0,0,0,0,1,0.0,0,0,0,0,0,0,0,0,0,0,0,0,0,0,0,0,,,,,,71-75,66-75,State route,R,Thursday,,MC,White,0,1,0,0,State Route,State Patrol,Washington State Patrol,1,1,0,0,0,,,,,,0.0,0.0,0.0,,,,,,,,,,,0.0,0.0,0.0,1.0,,,,,19.0,0.0,,,,,,,,,,,,,,,,97040
1964,2019,242,E942516,6.0,07/02/2019,10:20,2,7,,7,Chelan,0,99,0.0,9,99,2,1,0,1,1,,,,1,0,0,159.0,1,0,1,4,1,1,3,0,0,0,0,SR-20,,-120.705575,48.501325,0,1,7,13,2,60,14,0,0,1,2,1,2,2,2,1,14,1,1,53,0,2,404,1999,0,0.0,63,69.0,68.0,64.0,1.0,42.0,1,1,24,1,7.0,,4,7,3,0,11,0,07/02/2019,10:20,53029679.0,29679.0,0.0,0.0,0.0,3.0,1,58,0.0,0.0,0.0,96,,,,,,9,,,,,,98266.0,53,74.0,185.0,6.0,1.0,0.0,0.0,0.0,0.0,,0,,,,,,0,,,20,0,0,0,0.0,1,8,,,0,0.0,0.0,1,1,2.0,605.0,695.0,,1.0,1.0,,2,1,0.098,,,,,,,,,,,,,,,,,,,,,,,,,,,,,,0,0,0,0,1,1,1,1,1,0,0,0,0,0,0,0,0,0,0,0,0,0,0,1,1,0,0,0,0,1,0,0,0,0,0,,1,0,0,0,0,1,1,1,0,0,0,0,0,0,0,1,,,,,,21-25,16-25,State route,R,Tuesday,Belt Used,PV,White,0,1,0,0,State Route,State Patrol,Washington State Patrol,1,1,0,0,0,thc,8.0,carboxy-thc,8.9,,0.0,0.0,0.0,,,,,,,,,,,0.0,0.0,0.0,1.0,,,,,20.0,7.0,,,,,,,,,,,,,,,,