,year,case,par,repjur,crash_dt,crash_tm,accday,accmon,holiday,county,co_char,city,weather,weather2,lightcond,surfcond,surftype,numfatal,nmforms,pforms,vforms,not_tm,arr_tm,hosp_tm,fhevent,hitrun,manncol,milepnt,reljunc,reljuncinter,intersectiontype,funcsystem,landuse,ownership,route,schlbus,spejur,contdev,devfunc,trafid1,trafid2,x,y,wk_zone,vnumber,crashtype,criticalevent,criticaleventcat,spdlim,body,trailer,emerg,hazcargo,leave,mhevent,roadalgn,roadprof,traflane,trafflow,vehmanvr,numoccs,regowner,regstate,spuse,make,model,modelyr,vrf1,vrf2,seqevent1,seqevent2,seqevent3,seqevent4,seqevent5,seqevent6,pnumber,ptype,age,sex,hispanic,race,injury,diedscene,restraint,restraintmisuse,seatpos,takehosp,death_dt,death_tm,cert,cernum_wa,commlic,licendor,licrestrict,liccomp,drivpres,drf1,drf2,drf3,drf4,distract1,distract2,distract3,distract4,distract5,distract6,dricond1,dricond2,dricond3,dricond4,dricond5,dricond6,dzip,licstate,drhgt_in,weight,noncdl,noncdltype,prevdwi,prevoth,prevacc,prevspd,prevsus,driviol1,driviol2,driviol3,driviol4,driviol5,driviol6,spdrel,first_dt,last_dt,airbag,ejection,ejectpath,extricat,injurwrk,methalc,methdrug,nmlocat,strikveh,prf1,prf2,prf3,druginv,alcinvol,drugsts,drugres1,drugres2,drugres3,drugtst1,drugtst2,drugtst3,alcsts,alctst,alcres,nmact1,nmact2,nmact3,nmact4,nmact5,nmact6,nmprior1,nmprior2,nmprior3,nmprior4,nmprior5,nmprior6,nmcond1,nmcond2,nmcond3,nmcond4,nmcond5,nmcond6,nmsafe_helmet,nmsafe_pads,nmsafe_oth,nmprev_ref,nmprev_lgt,nmprev_oth,crashlocation,nmcrashtype,crosswalk,schoolzone,sidewalk,train_inv,wildlife_inv,rotr_fars,intersect_fars,dd_inv,aid_inv,dpd_inv,id_inv,mj_inv,impnm_inv,ainm_inv,dpnm_inv,speed_inv,unlic_inv,unendmc_inv,drowsy_inv,drdist_inv,nmdist_inv,fty_inv,unrestfat_inv,dr1617_inv,dr1820_inv,dr1620_inv,dr2125_inv,dr1625_inv,dr65_inv,dr70_inv,dr75_inv,mc_inv,pv_inv,ht_inv,ped_inv,bike_inv,unrest_fat,mc_fat,unhelmet_mc,pv_fat,ht_fat,ped_fat,bike_fat,dr_alc7,dr_alc8,dr_drug,dr_imp,dr_dist,dr_spd,dr_fty,dr_unlic,dr_alc7only,dr_alc8only,dr_drugonly,dr_drink,nm_imp,nm_alc7,nm_alc8,nm_drug,nm_dist,agegrp1,agegrp2,roadclass,urbrur,dayweek,restuse,vehtype,race_me,intersect,lanedep,oppdir,wrongway,rep_typ,investag,repag_long,rotr,st_rd,cty_rd,city_rd,oth_rd,drug_thc,thc_res,drug_cthc,cthc_res,drug_cann,prevpersemin,prevperse,prevsusoth,drugtst4,drugtst5,drugtst6,drugtst7,drugtst8,drugres4,drugres5,drugres6,drugres7,drugres8,adspresent,adsengaged,adslevel,race1,race2,race3,race4,race5,helmet,helmetmisuse,nmdistract1,nmdistract2,nmdistract3,nmdistract4,nmdistract5,nmdistract6,lab,isedtcase,crf1,crf2,crf3,CoRoadName,CoMP,IntCoRoadName,IntCoMP,zipcode
1965,2019,243,E942668,7.0,07/16/2019,4:47,16,7,,33,King,0,2,0.0,2,2,2,1,0,2,2,,,,12,0,2,13.7,1,0,1,4,2,1,3,0,0,0,0,SR-202,,-121.9995194,47.632538889,0,1,50,54,3,98,4,0,0,1,2,12,3,2,2,1,14,1,2,53,0,42,43,2000,0,0.0,12,,,,,,1,1,72,1,7.0,,4,7,20,7,11,0,07/16/2019,4:47,53031767.0,31767.0,0.0,0.0,0.0,3.0,1,51,0.0,0.0,0.0,96,,,,,,0,,,,,,98058.0,53,72.0,200.0,6.0,1.0,0.0,0.0,0.0,0.0,,0,,,,,,0,,,1,0,0,0,0.0,9,8,,,0,0.0,0.0,8,0,2.0,1.0,,,1.0,,,2,1,0.0,,,,,,,,,,,,,,,,,,,,,,,,,,,,,,0,0,0,0,1,0,0,0,0,0,0,0,0,0,0,0,0,0,0,1,0,0,0,0,0,1,1,0,0,1,1,0,0,1,0,,1,0,0,0,0,0,0,0,0,0,0,0,0,0,0,0,,,,,,71-75,66-75,State route,U,Tuesday,Not Used,PV,API,0,0,0,1,State Route,State Patrol,Washington State Patrol,0,1,0,0,0,,,,,,0.0,0.0,0.0,,,,,,,,,,,98.0,98.0,98.0,18.0,,,,,20.0,7.0,,,,,,,,,,,,,,,,98053
1966,2019,243,E942668,7.0,07/16/2019,4:47,16,7,,33,King,0,2,0.0,2,2,2,1,0,2,2,,,,12,0,2,13.7,1,0,1,4,2,1,3,0,0,0,0,SR-202,,-121.9995194,47.632538889,0,2,51,54,3,45,66,1,0,1,5,12,2,2,2,1,14,1,3,18,0,51,881,2015,0,0.0,12,,,,,,1,1,53,1,0.0,,2,0,3,0,11,4,,,,,6.0,1.0,3.0,3.0,1,0,0.0,0.0,0.0,96,,,,,,0,,,,,,98933.0,53,72.0,160.0,6.0,1.0,0.0,1.0,0.0,0.0,,0,,,,,,0,09/15/2017,09/15/2017,20,0,0,0,8.0,9,8,,,0,0.0,0.0,8,1,0.0,0.0,,,0.0,,,0,0,996.0,,,,,,,,,,,,,,,,,,,,,,,,,,,,,,0,0,0,0,1,0,0,0,0,0,0,0,0,0,0,0,0,0,0,1,0,0,0,0,0,1,1,0,0,1,1,0,0,0,0,,0,0,0,0,0,0,0,0,0,0,0,0,0,0,0,1,,,,,,51-55,46-55,State route,U,Tuesday,,MHTRUCK,Not Fatal,0,0,0,1,State Route,State Patrol,Washington State Patrol,0,1,0,0,0,,,,,,0.0,0.0,0.0,,,,,,,,,,,98.0,98.0,98.0,0.0,,,,,20.0,7.0,,,,,,,,,,,,,,,,98053
1967,2019,244,E944270,146.0,06/20/2019,17:04,20,6,,77,Yakima,0,1,0.0,1,1,2,1,0,13,2,,,,12,0,6,0.5,2,0,2,7,1,2,4,0,0,20,3,CR-ROSENKRANZ RD,N TIETON RD,-120.7523917,46.709455556,0,1,88,17,2,50,61,0,0,1,7,12,1,1,2,1,1,1,3,56,0,7,881,2018,0,0.0,12,,,,,,1,1,27,1,0.0,,0,0,3,0,11,0,,,,,6.0,0.0,0.0,3.0,1,39,0.0,0.0,0.0,96,,,,,,0,,,,,,98908.0,53,68.0,205.0,6.0,1.0,0.0,0.0,0.0,1.0,,97,,,,,,0,07/15/2016,11/15/2016,1,0,0,0,8.0,9,8,,,0,0.0,0.0,8,0,8.0,95.0,,,96.0,,,8,95,995.0,,,,,,,,,,,,,,,,,,,,,,,,,,,,,,0,0,0,1,0,0,0,0,0,0,0,0,0,0,0,0,0,0,0,0,0,0,0,0,0,0,0,0,0,1,1,0,0,0,0,,0,0,0,0,0,0,0,0,0,0,0,0,0,0,0,0,,,,,,26-30,26-35,County road,R,Thursday,,MHTRUCK,Not Fatal,1,0,0,0,County Road,County Sheriff,Yakima County Sheriff's Office,0,0,1,0,0,,,,,,0.0,0.0,1.0,,,,,,,,,,,98.0,98.0,98.0,0.0,,,,,20.0,7.0,,,,,,,,,,,,,,,,98947
1968,2019,244,E944270,146.0,06/20/2019,17:04,20,6,,77,Yakima,0,1,0.0,1,1,2,1,0,13,2,,,,12,0,6,0.5,2,0,2,7,1,2,4,0,0,0,0,CR-ROSENKRANZ RD,N TIETON RD,-120.7523917,46.709455556,0,2,89,66,4,25,21,0,0,1,7,12,8,8,2,1,1,12,3,53,0,12,462,2016,0,0.0,12,63.0,1.0,,,,1,1,60,1,0.0,,1,0,99,7,11,4,,,,,0.0,0.0,0.0,3.0,1,0,0.0,0.0,0.0,96,,,,,,0,,,,,,98947.0,53,66.0,165.0,6.0,1.0,0.0,0.0,2.0,0.0,,0,,,,,,0,02/15/2017,04/15/2017,8,0,0,0,8.0,9,8,,,0,0.0,0.0,8,0,8.0,95.0,,,96.0,,,8,95,995.0,,,,,,,,,,,,,,,,,,,,,,,,,,,,,,0,0,0,1,0,0,0,0,0,0,0,0,0,0,0,0,0,0,0,0,0,0,0,0,0,0,0,0,0,1,1,0,0,0,0,,0,0,0,0,0,0,0,0,0,0,0,0,0,0,0,0,,,,,,56-60,56-65,County road,R,Thursday,Unknown,PV,Not Fatal,1,0,0,0,County Road,County Sheriff,Yakima County Sheriff's Office,0,0,1,0,0,,,,,,0.0,0.0,0.0,,,,,,,,,,,98.0,98.0,98.0,0.0,,,,,20.0,7.0,,,,,,,,,,,,,,,,98947
1969,2019,245,E943969,2.0,07/12/2019,23:03,12,7,,77,Yakima,0,1,0.0,3,1,2,1,2,2,1,,,,8,0,0,61.6,2,0,4,4,2,1,2,0,3,3,3,US-97,FORT RD,-120.3297056,46.375013889,0,1,13,80,5,55,34,0,0,1,5,8,2,1,1,4,10,2,1,53,0,49,472,2016,0,0.0,8,8.0,,,,,1,1,37,1,0.0,,0,0,3,0,11,0,,,,,0.0,0.0,0.0,3.0,1,0,0.0,0.0,0.0,0,,,,,,0,,,,,,98942.0,53,67.0,170.0,6.0,1.0,0.0,0.0,0.0,0.0,,97,,,,,,0,,,20,0,0,0,8.0,9,2,,,0,0.0,0.0,0,0,0.0,0.0,,,0.0,,,0,0,996.0,,,,,,,,,,,,,,,,,,,,,,,,,,,,,,0,0,0,1,0,0,0,0,0,1,0,1,0,0,0,0,0,0,0,0,0,0,0,0,0,0,0,0,0,1,0,1,0,0,0,,0,0,0,0,0,0,0,0,0,0,0,0,0,0,0,0,,,,,,36-40,36-45,US highway,U,Friday,Belt Used,PV,Not Fatal,1,0,0,0,State Route,State Patrol,Washington State Patrol,0,1,0,0,0,,,,,,0.0,0.0,0.0,,,,,,,,,,,98.0,98.0,98.0,0.0,,,,,20.0,7.0,,,,,,,,,,,,,,,,98951
1970,2019,246,E944110,288.0,07/25/2019,23:03,25,7,,53,Pierce,2210,1,0.0,3,1,2,1,1,1,1,,,,9,1,0,0.0,1,0,1,7,2,4,6,0,0,0,0,W VALLEY HWY E,,-122.2521667,47.211188889,0,1,13,83,5,98,34,0,0,1,5,9,8,8,2,1,1,99,9,99,0,12,471,9999,0,0.0,9,,,,,,1,1,999,8,0.0,,9,0,99,7,11,8,,,,,99.0,9.0,9.0,9.0,1,0,0.0,0.0,0.0,92,,,,,,99,,,,,,99999.0,98,,999.0,9.0,9.0,99.0,99.0,99.0,99.0,,97,,,,,,0,,,99,9,0,0,8.0,9,8,,,0,0.0,0.0,8,9,0.0,0.0,,,0.0,,,0,0,996.0,,,,,,,,,,,,,,,,,,,,,,,,,,,,,,0,0,0,0,0,0,0,0,0,1,1,1,0,0,0,0,1,1,0,0,0,0,0,0,0,0,0,0,0,1,0,0,1,0,0,,0,0,0,0,0,0,0,0,1,0,0,0,0,0,0,0,,,,,,,,City street,U,Thursday,Unknown,PV,Not Fatal,0,0,0,0,City Street,Municipal/City Police,Sumner Police Department,0,0,0,1,0,,,,,,99.0,99.0,99.0,,,,,,,,,,,98.0,98.0,98.0,0.0,,,,,20.0,7.0,,,,,,,,,,,,,,,,98390
1971,2019,247,E944151,2.0,07/24/2019,14:12,24,7,,73,Whatcom,0,1,0.0,1,1,7,1,0,1,1,,,,35,0,0,7.9,1,0,1,5,1,2,4,0,0,0,0,CR-S PASS RD,,-122.1765667,48.962772222,0,1,1,13,2,35,80,0,0,1,2,35,1,1,2,1,1,1,1,53,0,71,706,2018,0,0.0,63,35.0,,,,,1,1,32,1,7.0,,4,7,20,7,11,0,07/24/2019,14:12,53033572.0,33572.0,0.0,0.0,0.0,2.0,1,0,0.0,0.0,0.0,96,,,,,,99,,,,,,98225.0,53,69.0,130.0,6.0,1.0,0.0,1.0,1.0,1.0,,0,,,,,,0,12/15/2015,04/15/2017,20,8,0,0,0.0,9,8,,,0,0.0,0.0,8,0,2.0,1.0,,,1.0,,,2,1,0.0,,,,,,,,,,,,,,,,,,,,,,,,,,,,,,0,0,1,0,0,0,0,0,0,0,0,0,0,0,1,0,0,0,0,0,0,0,0,0,0,0,0,0,1,0,0,0,0,0,1,0.0,0,0,0,0,0,0,0,0,0,0,0,0,0,0,0,0,,,,,,31-35,26-35,County road,R,Wednesday,,MC,White,0,1,0,0,County Road,State Patrol,Washington State Patrol,1,0,1,0,0,,,,,,0.0,0.0,0.0,,,,,,,,,,,0.0,0.0,0.0,1.0,,,,,5.0,0.0,,,,,,,,,,,,,,,,98295
1972,2019,248,E944172,189.0,07/27/2019,1:52,27,7,,61,Snohomish,1280,1,0.0,2,1,2,1,1,2,1,,,,8,0,0,6.9,1,0,1,3,2,1,3,0,0,0,0,SR-529,,-122.1806194,48.038261111,0,1,13,80,5,55,61,0,2,1,5,8,1,1,2,2,1,2,3,53,6,12,870,2019,0,0.0,8,,,,,,1,1,32,1,0.0,,0,0,99,7,11,0,,,,,0.0,0.0,3.0,3.0,1,10,0.0,0.0,0.0,96,,,,,,0,,,,,,98208.0,53,74.0,200.0,6.0,1.0,0.0,0.0,0.0,0.0,,0,,,,,,0,,,20,0,0,0,8.0,9,8,,,0,0.0,0.0,8,0,8.0,95.0,,,96.0,,,8,95,995.0,,,,,,,,,,,,,,,,,,,,,,,,,,,,,,0,0,0,0,0,0,0,0,0,1,1,0,0,0,0,0,0,0,0,0,0,0,0,0,0,0,0,0,0,0,1,1,0,0,0,,0,0,0,0,0,0,0,0,0,0,0,0,0,0,0,0,,,,,,31-35,26-35,State route,U,Saturday,,MHTRUCK,Not Fatal,0,0,0,0,State Route,Municipal/City Police,Marysville Police Department,0,1,0,0,0,,,,,,0.0,0.0,0.0,,,,,,,,,,,98.0,98.0,98.0,0.0,,,,,20.0,7.0,,,,,,,,,,,,,,,,98270
1973,2019,249,E944303,1.0,07/23/2019,0:38,23,7,,77,Yakima,0,1,0.0,2,1,2,1,0,2,2,,,,12,0,6,0.3,1,0,1,5,1,2,4,0,0,0,0,CR-VAN BELLE RD,,-120.1692278,46.346527778,0,1,66,6,1,50,4,0,0,1,2,12,1,1,2,1,1,1,1,53,0,42,31,1992,0,0.0,68,68.0,68.0,64.0,69.0,12.0,1,1,21,1,1.0,,4,7,3,0,11,0,07/23/2019,0:38,53032958.0,32958.0,0.0,0.0,0.0,2.0,1,28,0.0,0.0,0.0,96,,,,,,9,,,,,,98944.0,53,66.0,155.0,1.0,1.0,0.0,1.0,0.0,1.0,,0,,,,,,4,07/15/2018,08/15/2018,1,0,0,0,0.0,1,8,,,0,0.0,0.0,8,1,2.0,1.0,,,1.0,,,2,1,0.21,,,,,,,,,,,,,,,,,,,,,,,,,,,,,,0,0,0,0,1,1,0,1,0,0,0,0,1,1,0,0,0,0,0,0,0,0,0,1,1,0,0,0,0,1,1,0,0,0,0,,1,0,0,0,0,1,0,1,0,1,0,1,0,1,0,1,,,,,,21-25,16-25,County road,R,Tuesday,Belt Used,PV,Hispanic,0,1,1,0,County Road,State Patrol,Washington State Patrol,0,0,1,0,0,,,,,,1.0,0.0,1.0,,,,,,,,,,,0.0,0.0,0.0,201.0,298.0,,,,20.0,7.0,,,,,,,,,,,,,,,,98932
1974,2019,249,E944303,1.0,07/23/2019,0:38,23,7,,77,Yakima,0,1,0.0,2,1,2,1,0,2,2,,,,12,0,6,0.3,1,0,1,5,1,2,4,0,0,0,0,CR-VAN BELLE RD,,-120.1692278,46.346527778,0,2,66,62,4,50,66,2,0,1,5,12,1,1,2,1,1,1,3,53,0,85,881,2018,0,0.0,12,,,,,,1,1,45,1,0.0,,0,0,3,0,11,0,,,,,6.0,1.0,0.0,3.0,1,0,0.0,0.0,0.0,96,,,,,,0,,,,,,98932.0,53,66.0,200.0,6.0,1.0,0.0,1.0,0.0,1.0,,0,,,,,,0,04/15/2016,07/15/2019,20,0,0,0,8.0,9,8,,,0,0.0,0.0,8,0,8.0,95.0,,,96.0,,,8,95,995.0,,,,,,,,,,,,,,,,,,,,,,,,,,,,,,0,0,0,0,1,1,0,1,0,0,0,0,1,1,0,0,0,0,0,0,0,0,0,1,1,0,0,0,0,1,1,0,0,0,0,,0,0,0,0,0,0,0,0,0,0,0,0,0,0,0,0,,,,,,41-45,36-45,County road,R,Tuesday,,MHTRUCK,Not Fatal,0,1,1,0,County Road,State Patrol,Washington State Patrol,0,0,1,0,0,,,,,,0.0,0.0,0.0,,,,,,,,,,,98.0,98.0,98.0,0.0,,,,,20.0,7.0,,,,,,,,,,,,,,,,98932
1975,2019,250,E944660,40.0,07/26/2019,12:43,26,7,,63,Spokane,0,1,0.0,1,1,2,1,0,1,1,,,,1,0,0,8.8,1,0,1,5,1,2,4,0,0,0,0,CR-N WOOD RD,,-117.733475,47.774075,0,1,6,13,2,98,14,0,0,1,5,1,1,1,2,1,1,1,2,53,0,63,401,2002,0,0.0,63,69.0,68.0,64.0,1.0,,1,1,62,1,7.0,,4,7,99,7,11,0,07/26/2019,12:43,53033583.0,33583.0,0.0,0.0,0.0,2.0,1,0,0.0,0.0,0.0,93,,,,,,99,,,,,,99224.0,53,70.0,175.0,1.0,1.0,1.0,0.0,1.0,0.0,,0,,,,,,0,06/15/2016,09/15/2018,20,0,0,0,0.0,9,8,,,0,0.0,0.0,8,9,2.0,605.0,695.0,,1.0,1.0,,2,1,0.3,,,,,,,,,,,,,,,,,,,,,,,,,,,,,,0,0,1,0,1,1,1,1,1,0,0,0,0,1,0,0,1,0,0,0,0,0,0,0,0,0,0,0,0,1,0,0,0,0,0,,1,0,0,0,0,1,1,1,1,0,0,1,0,0,0,1,,,,,,61-65,56-65,County road,R,Friday,Unknown,PV,White,0,1,0,0,County Road,County Sheriff,Spokane County Sheriff's Office,1,0,1,0,0,thc,31.0,carboxy-thc,15.0,,0.0,1.0,1.0,,,,,,,,,,,98.0,98.0,98.0,1.0,,,,,20.0,7.0,,,,,,,,,,,,,,,,99029
1976,2019,251,E944760,32.0,07/12/2019,14:30,12,7,,47,Okanogan,0,1,0.0,1,1,2,1,0,1,1,,,,19,0,0,7.3,3,0,4,5,1,2,4,0,0,0,0,CR-TORODA CREEK RD,COUGAR CREEK RD,-118.9129861,48.778908333,0,1,6,10,2,50,83,0,0,1,5,19,8,8,2,1,11,1,1,6,0,53,703,2004,0,0.0,68,64.0,19.0,,,,1,1,63,8,7.0,,4,7,20,7,11,0,07/12/2019,14:30,53031224.0,31224.0,0.0,0.0,0.0,1.0,1,0,0.0,0.0,0.0,92,,,,,,99,,,,,,92341.0,6,75.0,270.0,6.0,1.0,0.0,0.0,0.0,0.0,,0,,,,,,0,,,20,8,0,0,0.0,9,8,,,0,0.0,0.0,8,9,2.0,1.0,,,1.0,,,2,1,0.26,,,,,,,,,,,,,,,,,,,,,,,,,,,,,,0,0,1,1,1,1,0,1,0,0,0,0,0,0,0,0,1,0,0,0,0,0,0,0,0,0,0,0,1,0,0,0,0,0,1,0.0,0,0,0,0,0,1,0,1,1,0,0,0,0,1,0,1,,,,,,61-65,56-65,County road,R,Friday,,MC,White,0,1,0,0,County Road,County Sheriff,Okanogan County Sheriff's Office,1,0,1,0,0,,,,,,0.0,0.0,0.0,,,,,,,,,,,0.0,0.0,0.0,1.0,,,,,19.0,0.0,,,,,,,,,,,,,,,,98859
1977,2019,252,E945239,250.0,07/21/2019,19:55,21,7,,5,Benton,1850,1,0.0,1,1,2,1,0,1,1,,,,33,0,0,0.0,3,0,3,7,2,4,6,0,0,28,3,N STEPTOE ST,TAPTEAL DR,-119.2437028,46.236058333,0,1,1,13,2,35,80,0,0,1,7,1,3,2,2,2,14,1,1,53,0,72,706,2014,0,0.0,63,33.0,1.0,,,,1,1,24,1,7.0,,4,0,20,7,11,5,07/26/2019,17:57,196053033358.0,33358.0,0.0,0.0,0.0,3.0,1,0,0.0,0.0,0.0,96,,,,,,9,,,,,,99216.0,53,67.0,190.0,6.0,1.0,0.0,0.0,0.0,0.0,,0,,,,,,0,,,20,8,0,0,0.0,9,8,,,0,0.0,0.0,8,1,2.0,1.0,,,1.0,,,2,1,0.12,,,,,,,,,,,,,,,,,,,,,,,,,,,,,,0,0,1,1,1,1,0,1,0,0,0,0,0,0,0,0,0,0,0,0,0,0,0,1,1,0,0,0,1,0,0,0,0,0,1,0.0,0,0,0,0,0,1,0,1,0,0,0,0,0,1,0,1,,,,,,21-25,16-25,City street,U,Sunday,,MC,White,1,0,0,0,City Street,Municipal/City Police,Richland Police Department,0,0,0,1,0,,,,,,0.0,0.0,0.0,,,,,,,,,,,0.0,0.0,0.0,1.0,,,,,5.0,0.0,,,,,,,,,,,,,,,,99336
1978,2019,253,E945442,269.0,07/23/2019,5:47,23,7,,33,King,2005,1,0.0,9,1,1,1,0,1,1,,,,30,0,0,0.0,1,0,1,7,2,4,6,0,0,0,0,N RICHMOND BEACH RD,,-122.3518361,47.763316667,0,1,1,6,1,35,14,0,0,1,7,30,3,1,2,1,14,1,2,53,0,55,402,2005,0,0.0,63,30.0,38.0,42.0,,,1,1,18,2,7.0,,4,7,3,0,11,0,07/23/2019,5:47,200553033392.0,33392.0,0.0,0.0,3.0,3.0,1,0,0.0,0.0,0.0,96,,,,,,99,,,,,,98177.0,53,67.0,130.0,6.0,2.0,0.0,0.0,0.0,0.0,,0,,,,,,4,,,1,0,0,0,0.0,9,8,,,0,0.0,0.0,8,9,2.0,605.0,695.0,,1.0,1.0,,2,1,0.27,,,,,,,,,,,,,,,,,,,,,,,,,,,,,,0,0,1,0,1,1,1,1,1,0,0,0,1,0,0,0,0,0,0,0,0,1,1,0,1,0,0,0,0,1,0,0,0,0,0,,1,0,0,0,0,1,1,1,0,1,0,0,0,0,0,1,,,,,,18-20,16-25,City street,U,Tuesday,Belt Used,PV,White,0,1,0,0,City Street,Municipal/City Police,Shoreline Police Department,1,0,0,1,0,thc,8.6,carboxy-thc,31.0,,0.0,0.0,0.0,,,,,,,,,,,98.0,98.0,98.0,1.0,,,,,20.0,7.0,,,,,,,,,,,,,,,,98133
1979,2019,254,E945444,262.0,07/25/2019,13:01,25,7,,33,King,1958,1,0.0,1,1,2,1,0,10,2,,,,12,0,6,15.5,1,0,1,3,2,1,3,0,0,0,0,SR-99,,-122.2962722,47.446461111,0,1,98,10,2,40,4,0,0,1,7,12,1,1,2,1,1,1,2,53,0,34,34,2001,0,0.0,68,12.0,,,,,1,1,49,2,0.0,,3,0,3,0,11,4,,,,,0.0,0.0,0.0,3.0,1,28,0.0,0.0,0.0,6,,,,,,0,,,,,,98001.0,53,64.0,174.0,6.0,1.0,0.0,1.0,0.0,0.0,,97,,,,,,0,07/15/2015,07/15/2015,1,0,0,0,8.0,9,8,,,0,0.0,0.0,8,0,8.0,95.0,,,96.0,,,8,95,995.0,,,,,,,,,,,,,,,,,,,,,,,,,,,,,,0,0,0,0,0,0,0,0,0,0,0,0,0,0,0,0,1,0,0,0,0,0,0,0,0,0,0,0,0,1,0,0,0,0,0,,0,0,0,0,0,0,0,0,1,0,0,0,0,0,0,0,,,,,,46-50,46-55,State route,U,Thursday,Belt Used,PV,Not Fatal,0,1,1,0,State Route,Municipal/City Police,SeaTac Police Department,0,1,0,0,0,,,,,,0.0,0.0,0.0,,,,,,,,,,,98.0,98.0,98.0,0.0,,,,,20.0,7.0,,,,,,,,,,,,,,,,98188
1980,2019,254,E945444,262.0,07/25/2019,13:01,25,7,,33,King,1958,1,0.0,1,1,2,1,0,10,2,,,,12,0,6,15.5,1,0,1,3,2,1,3,0,0,0,0,SR-99,,-122.2962722,47.446461111,0,2,98,62,4,40,55,0,0,1,7,1,1,1,2,1,1,9,3,29,3,12,870,2019,0,0.0,12,1.0,,,,,1,1,39,1,0.0,,1,0,3,0,11,8,,,,,6.0,0.0,0.0,3.0,1,0,0.0,0.0,0.0,96,,,,,,0,,,,,,98188.0,53,75.0,214.0,6.0,1.0,0.0,0.0,0.0,0.0,,0,,,,,,0,,,20,0,0,0,8.0,9,8,,,0,0.0,0.0,8,0,8.0,95.0,,,96.0,,,8,95,995.0,,,,,,,,,,,,,,,,,,,,,,,,,,,,,,0,0,0,0,0,0,0,0,0,0,0,0,0,0,0,0,1,0,0,0,0,0,0,0,0,0,0,0,0,1,0,0,0,0,0,,0,0,0,0,0,0,0,0,0,0,0,0,0,0,0,0,,,,,,36-40,36-45,State route,U,Thursday,,BUS,Not Fatal,0,1,1,0,State Route,Municipal/City Police,SeaTac Police Department,0,1,0,0,0,,,,,,0.0,0.0,0.0,,,,,,,,,,,98.0,98.0,98.0,0.0,,,,,20.0,7.0,,,,,,,,,,,,,,,,98188
1981,2019,255,E945534,247.0,07/22/2019,21:05,22,7,,33,King,1820,1,0.0,3,1,2,1,0,1,1,,,,1,0,0,0.0,1,0,1,7,2,4,6,0,0,0,0,BEAR CREEK PKWY,,-122.1232444,47.668719444,0,1,6,6,1,30,80,0,0,1,7,1,2,1,2,1,6,1,1,32,0,53,705,2006,0,0.0,68,64.0,1.0,,,,1,1,22,1,7.0,,4,0,20,7,11,8,07/23/2019,14:00,196053034071.0,34071.0,0.0,0.0,0.0,3.0,1,0,0.0,0.0,0.0,96,,,,,,99,,,,,,98052.0,53,72.0,145.0,6.0,1.0,0.0,0.0,0.0,2.0,,0,,,,,,0,12/15/2014,03/15/2015,20,8,0,0,0.0,9,8,,,0,0.0,0.0,8,9,8.0,95.0,,,96.0,,,8,95,995.0,,,,,,,,,,,,,,,,,,,,,,,,,,,,,,0,0,1,0,0,0,0,0,0,0,0,0,0,0,0,0,0,0,0,0,0,0,0,1,1,0,0,0,1,0,0,0,0,0,1,0.0,0,0,0,0,0,0,0,0,0,0,0,0,0,0,0,0,,,,,,21-25,16-25,City street,U,Monday,,MC,White,0,1,0,0,City Street,Municipal/City Police,Redmond Police Department,1,0,0,1,0,,,,,,0.0,0.0,0.0,,,,,,,,,,,0.0,0.0,0.0,1.0,,,,,19.0,0.0,,,,,,,,,,,,,,,,98052
1982,2019,256,E945425,146.0,07/29/2019,20:50,29,7,,77,Yakima,0,1,0.0,2,1,2,1,0,1,1,,,,52,0,0,10.2,1,0,1,7,1,2,4,0,3,0,0,CR-W WAPATO RCR,,-120.642425,46.447875,0,1,1,13,2,50,4,0,0,1,7,3,1,1,2,1,1,1,1,53,0,22,18,1996,0,0.0,63,52.0,1.0,3.0,,,1,1,61,1,1.0,,4,0,20,7,11,5,07/31/2019,14:00,259053034021.0,34021.0,0.0,0.0,0.0,2.0,1,0,0.0,0.0,0.0,96,,,,,,9,,,,,,98952.0,53,63.0,188.0,1.0,1.0,0.0,0.0,0.0,0.0,,11,,,,,,0,,,8,0,0,0,0.0,5,8,,,0,0.0,0.0,8,1,2.0,1.0,,,1.0,,,2,1,0.17,,,,,,,,,,,,,,,,,,,,,,,,,,,,,,0,0,1,0,1,1,0,1,0,0,0,0,0,1,0,0,0,0,0,1,0,0,0,0,0,0,0,0,0,1,0,0,0,1,0,,1,0,0,0,0,1,0,1,0,0,0,1,0,1,0,1,,,,,,61-65,56-65,County road,R,Monday,Not Used,PV,Hispanic,0,1,0,0,County Road,County Sheriff,Yakima County Sheriff's Office,1,0,1,0,0,,,,,,0.0,0.0,0.0,,,,,,,,,,,0.0,0.0,0.0,298.0,,,,,20.0,7.0,,,,,,,,,,,,,,,,98951
1983,2019,257,E945674,42.0,07/28/2019,6:10,28,7,,67,Thurston,0,1,0.0,4,1,2,1,0,1,1,,,,1,0,0,0.2,1,0,1,7,2,2,4,0,0,0,0,CR-VANTINE RD SE,,-122.8201,46.865058333,0,1,1,6,1,25,90,0,0,1,7,1,3,1,2,1,14,1,2,53,0,53,734,2018,0,0.0,63,1.0,,,,,1,1,45,1,7.0,,4,7,20,7,11,0,07/28/2019,6:26,53034223.0,34223.0,0.0,0.0,0.0,1.0,1,0,0.0,0.0,0.0,96,,,,,,99,,,,,,98576.0,53,76.0,320.0,6.0,1.0,0.0,0.0,0.0,0.0,,0,,,,,,4,,,20,1,9,0,0.0,9,8,,,0,0.0,0.0,8,1,2.0,996.0,,,1.0,,,2,1,0.22,,,,,,,,,,,,,,,,,,,,,,,,,,,,,,0,0,1,0,1,1,1,1,0,0,0,0,1,0,0,0,0,0,0,0,0,0,0,0,0,0,0,0,0,0,0,0,0,0,0,,0,0,0,0,0,1,1,1,0,1,0,0,0,0,0,1,,,,,,41-45,36-45,County road,U,Sunday,,OTHVT,White,0,1,0,0,County Road,County Sheriff,Thurston County Sheriff's Office,1,0,1,0,0,,,,,,0.0,0.0,0.0,,,,,,,,,,,0.0,0.0,0.0,1.0,,,,,17.0,7.0,,,,,,,,,,,,,,,,98589