,year,case,par,repjur,crash_dt,crash_tm,accday,accmon,holiday,county,co_char,city,weather,weather2,lightcond,surfcond,surftype,numfatal,nmforms,pforms,vforms,not_tm,arr_tm,hosp_tm,fhevent,hitrun,manncol,milepnt,reljunc,reljuncinter,intersectiontype,funcsystem,landuse,ownership,route,schlbus,spejur,contdev,devfunc,trafid1,trafid2,x,y,wk_zone,vnumber,crashtype,criticalevent,criticaleventcat,spdlim,body,trailer,emerg,hazcargo,leave,mhevent,roadalgn,roadprof,traflane,trafflow,vehmanvr,numoccs,regowner,regstate,spuse,make,model,modelyr,vrf1,vrf2,seqevent1,seqevent2,seqevent3,seqevent4,seqevent5,seqevent6,pnumber,ptype,age,sex,hispanic,race,injury,diedscene,restraint,restraintmisuse,seatpos,takehosp,death_dt,death_tm,cert,cernum_wa,commlic,licendor,licrestrict,liccomp,drivpres,drf1,drf2,drf3,drf4,distract1,distract2,distract3,distract4,distract5,distract6,dricond1,dricond2,dricond3,dricond4,dricond5,dricond6,dzip,licstate,drhgt_in,weight,noncdl,noncdltype,prevdwi,prevoth,prevacc,prevspd,prevsus,driviol1,driviol2,driviol3,driviol4,driviol5,driviol6,spdrel,first_dt,last_dt,airbag,ejection,ejectpath,extricat,injurwrk,methalc,methdrug,nmlocat,strikveh,prf1,prf2,prf3,druginv,alcinvol,drugsts,drugres1,drugres2,drugres3,drugtst1,drugtst2,drugtst3,alcsts,alctst,alcres,nmact1,nmact2,nmact3,nmact4,nmact5,nmact6,nmprior1,nmprior2,nmprior3,nmprior4,nmprior5,nmprior6,nmcond1,nmcond2,nmcond3,nmcond4,nmcond5,nmcond6,nmsafe_helmet,nmsafe_pads,nmsafe_oth,nmprev_ref,nmprev_lgt,nmprev_oth,crashlocation,nmcrashtype,crosswalk,schoolzone,sidewalk,train_inv,wildlife_inv,rotr_fars,intersect_fars,dd_inv,aid_inv,dpd_inv,id_inv,mj_inv,impnm_inv,ainm_inv,dpnm_inv,speed_inv,unlic_inv,unendmc_inv,drowsy_inv,drdist_inv,nmdist_inv,fty_inv,unrestfat_inv,dr1617_inv,dr1820_inv,dr1620_inv,dr2125_inv,dr1625_inv,dr65_inv,dr70_inv,dr75_inv,mc_inv,pv_inv,ht_inv,ped_inv,bike_inv,unrest_fat,mc_fat,unhelmet_mc,pv_fat,ht_fat,ped_fat,bike_fat,dr_alc7,dr_alc8,dr_drug,dr_imp,dr_dist,dr_spd,dr_fty,dr_unlic,dr_alc7only,dr_alc8only,dr_drugonly,dr_drink,nm_imp,nm_alc7,nm_alc8,nm_drug,nm_dist,agegrp1,agegrp2,roadclass,urbrur,dayweek,restuse,vehtype,race_me,intersect,lanedep,oppdir,wrongway,rep_typ,investag,repag_long,rotr,st_rd,cty_rd,city_rd,oth_rd,drug_thc,thc_res,drug_cthc,cthc_res,drug_cann,prevpersemin,prevperse,prevsusoth,drugtst4,drugtst5,drugtst6,drugtst7,drugtst8,drugres4,drugres5,drugres6,drugres7,drugres8,adspresent,adsengaged,adslevel,race1,race2,race3,race4,race5,helmet,helmetmisuse,nmdistract1,nmdistract2,nmdistract3,nmdistract4,nmdistract5,nmdistract6,lab,isedtcase,crf1,crf2,crf3,CoRoadName,CoMP,IntCoRoadName,IntCoMP,zipcode
1984,2019,258,E945795,305.0,07/26/2019,23:44,26,7,,11,Clark,2370,1,0.0,2,1,2,2,0,4,3,,,,12,0,6,0.0,2,0,3,7,2,4,6,0,0,0,0,NE 18TH ST,NE 187TH AVE,-122.4810639,45.635833333,0,1,83,67,4,40,80,0,0,1,2,12,1,1,2,1,1,1,1,53,0,73,706,2017,0,0.0,12,,,,,,1,1,23,1,7.0,,4,7,20,7,11,0,07/26/2019,23:44,237053033560.0,33560.0,0.0,0.0,0.0,3.0,1,0,0.0,0.0,0.0,96,,,,,,99,,,,,,98682.0,53,73.0,135.0,6.0,1.0,0.0,2.0,2.0,1.0,,0,,,,,,3,02/15/2016,06/15/2019,20,8,0,0,0.0,9,8,,,0,0.0,0.0,8,1,2.0,1.0,,,1.0,,,2,1,0.026,,,,,,,,,,,,,,,,,,,,,,,,,,,,,,0,0,0,1,1,0,0,0,0,0,0,0,1,0,0,0,1,0,0,1,0,0,0,1,1,0,0,0,1,1,0,0,0,0,1,0.0,0,0,0,0,1,0,0,0,0,1,0,0,1,0,0,1,,,,,,21-25,16-25,City street,U,Friday,,MC,White,1,0,0,0,City Street,Municipal/City Police,Vancouver Police Department,0,0,0,1,0,,,,,,0.0,0.0,0.0,,,,,,,,,,,0.0,0.0,0.0,1.0,,,,,19.0,0.0,,,,,,,,,,,,,,,,98684
1985,2019,258,E945795,305.0,07/26/2019,23:44,26,7,,11,Clark,2370,1,0.0,2,1,2,2,0,4,3,,,,12,0,6,0.0,2,0,3,7,2,4,6,0,0,0,0,NE 18TH ST,NE 187TH AVE,-122.4810639,45.635833333,0,2,98,98,7,40,80,0,0,1,7,1,1,1,2,1,1,1,2,53,0,73,705,2008,0,0.0,1,,,,,,1,1,23,1,0.0,,3,0,20,7,11,4,,,,,6.0,0.0,3.0,3.0,1,0,0.0,0.0,0.0,92,,,,,,99,,,,,,98682.0,53,75.0,150.0,6.0,1.0,0.0,0.0,0.0,1.0,,0,,,,,,3,04/15/2016,04/15/2016,20,8,0,0,8.0,9,8,,,0,0.0,0.0,8,1,2.0,1.0,,,1.0,,,2,1,0.052,,,,,,,,,,,,,,,,,,,,,,,,,,,,,,0,0,0,1,1,0,0,0,0,0,0,0,1,0,0,0,1,0,0,1,0,0,0,1,1,0,0,0,1,1,0,0,0,0,0,0.0,0,0,0,0,1,0,0,0,1,1,0,0,1,0,0,1,,,,,,21-25,16-25,City street,U,Friday,,MC,Not Fatal,1,0,0,0,City Street,Municipal/City Police,Vancouver Police Department,0,0,0,1,0,,,,,,0.0,0.0,0.0,,,,,,,,,,,0.0,0.0,0.0,0.0,,,,,19.0,0.0,,,,,,,,,,,,,,,,98684
1986,2019,258,E945795,305.0,07/26/2019,23:44,26,7,,11,Clark,2370,1,0.0,2,1,2,2,0,4,3,,,,12,0,6,0.0,2,0,3,7,2,4,6,0,0,20,3,NE 18TH ST,NE 187TH AVE,-122.4810639,45.635833333,0,3,82,66,4,40,14,0,0,1,7,12,8,8,2,1,11,2,1,53,0,34,401,2005,0,0.0,12,,,,,,1,1,50,2,7.0,,4,7,20,7,11,0,07/26/2019,23:44,237053033582.0,33582.0,0.0,0.0,0.0,3.0,1,0,0.0,0.0,0.0,92,,,,,,99,,,,,,98607.0,53,67.0,100.0,6.0,1.0,0.0,0.0,0.0,0.0,,0,,,,,,0,,,2,0,0,0,0.0,9,8,,,0,0.0,0.0,8,9,2.0,1.0,,,1.0,,,2,1,0.0,,,,,,,,,,,,,,,,,,,,,,,,,,,,,,0,0,0,1,1,0,0,0,0,0,0,0,1,0,0,0,1,0,0,1,0,0,0,1,1,0,0,0,1,1,0,0,0,1,0,,1,0,0,0,0,0,0,0,1,0,0,0,0,0,0,0,,,,,,46-50,46-55,City street,U,Friday,Not Used,PV,White,1,0,0,0,City Street,Municipal/City Police,Vancouver Police Department,0,0,0,1,0,,,,,,0.0,0.0,0.0,,,,,,,,,,,98.0,98.0,98.0,1.0,,,,,20.0,7.0,,,,,,,,,,,,,,,,98684
1987,2019,259,E945822,242.0,07/30/2019,1:25,30,7,,53,Pierce,1770,1,0.0,3,1,2,1,0,4,1,,,,42,0,0,0.0,1,0,1,7,2,4,6,0,0,0,0,W STEWART,,-122.3209528,47.197361111,0,1,98,6,1,35,4,0,0,1,7,42,1,1,2,1,1,4,2,53,0,37,31,2011,0,0.0,79,42.0,,,,,1,1,16,1,1.0,,4,0,3,0,11,5,07/30/2019,4:50,223053033923.0,33923.0,0.0,0.0,2.0,3.0,1,73,0.0,0.0,0.0,96,,,,,,99,,,,,,98375.0,53,68.0,165.0,6.0,2.0,0.0,0.0,0.0,0.0,,0,,,,,,4,,,8,0,0,1,0.0,9,8,,,0,0.0,0.0,8,9,2.0,1.0,,,1.0,,,2,1,0.096,,,,,,,,,,,,,,,,,,,,,,,,,,,,,,0,0,0,0,1,1,0,1,0,0,0,0,1,0,0,0,0,0,0,0,1,0,1,0,1,0,0,0,0,1,0,0,0,0,0,,1,0,0,0,0,1,0,1,0,1,0,0,0,1,0,1,,,,,,16-17,16-25,City street,U,Tuesday,Belt Used,PV,Hispanic,0,1,0,0,City Street,Municipal/City Police,Puyallup Police Department,1,0,0,1,0,,,,,,0.0,0.0,0.0,,,,,,,,,,,98.0,98.0,98.0,1.0,,,,,20.0,7.0,,,,,,,,,,,,,,,,98371
1988,2019,260,E945943,5.0,07/23/2019,15:12,23,7,,15,Cowlitz,0,1,0.0,1,1,2,1,0,1,1,,,,24,0,0,54.6,1,0,1,3,1,1,3,0,0,0,0,SR-4,,-123.0389861,46.179447222,0,1,7,13,2,55,80,0,0,1,2,24,3,1,2,1,14,1,1,6,0,34,706,1996,0,0.0,63,69.0,68.0,64.0,24.0,,1,1,67,1,7.0,,4,7,20,7,11,0,07/23/2019,15:12,53033287.0,33287.0,0.0,0.0,3.0,3.0,1,0,0.0,0.0,0.0,96,,,,,,9,,,,,,98601.0,53,69.0,162.0,6.0,1.0,0.0,0.0,0.0,0.0,,0,,,,,,4,,,20,8,0,0,0.0,9,8,,,0,0.0,0.0,8,1,2.0,189.0,,,1.0,,,2,1,0.134,,,,,,,,,,,,,,,,,,,,,,,,,,,,,,0,0,0,0,1,1,1,1,0,0,0,0,1,0,0,0,0,0,0,0,0,0,0,0,0,1,0,0,1,0,0,0,0,0,1,0.0,0,0,0,0,0,1,1,1,0,1,0,0,0,0,0,1,,,,,,66-70,66-75,State route,R,Tuesday,,MC,White,0,1,0,0,State Route,State Patrol,Washington State Patrol,1,1,0,0,0,,,,,,0.0,0.0,0.0,,,,,,,,,,,0.0,0.0,0.0,1.0,,,,,5.0,0.0,,,,,,,,,,,,,,,,98632
1989,2019,261,E946041,8.0,07/24/2019,14:52,24,7,,49,Pacific,0,1,0.0,1,1,2,1,0,1,1,,,,24,0,0,45.4,1,0,1,3,1,1,2,0,0,0,0,US-101,,-123.9195111,46.652680556,0,1,1,6,1,55,80,0,0,1,2,24,3,2,2,1,14,1,1,53,0,76,705,1992,0,0.0,63,24.0,,,,,1,1,44,1,7.0,,4,7,20,7,11,0,07/24/2019,14:52,53033067.0,33067.0,0.0,0.0,0.0,3.0,1,0,0.0,0.0,0.0,96,,,,,,99,,,,,,98586.0,53,69.0,185.0,6.0,1.0,0.0,0.0,0.0,0.0,,0,,,,,,4,02/15/2016,02/15/2016,20,8,0,0,0.0,9,8,,,0,0.0,0.0,8,9,2.0,1.0,,,1.0,,,2,1,0.29,,,,,,,,,,,,,,,,,,,,,,,,,,,,,,0,0,1,0,1,1,0,1,0,0,0,0,1,0,0,0,0,0,0,0,0,0,0,0,0,0,0,0,1,0,0,0,0,0,1,0.0,0,0,0,0,0,1,0,1,0,1,0,0,0,1,0,1,,,,,,41-45,36-45,US highway,R,Wednesday,,MC,White,0,1,0,0,State Route,State Patrol,WASHINGTON STATE PATROL,1,1,0,0,0,,,,,,0.0,0.0,1.0,,,,,,,,,,,0.0,0.0,0.0,1.0,,,,,5.0,0.0,,,,,,,,,,,,,,,,98527
1990,2019,262,3692982,263.0,07/03/2019,9:22,3,7,,33,King,1960,10,0.0,1,1,1,1,1,1,1,,,,8,0,0,0.0,1,0,1,4,2,4,6,0,0,0,0,SW BARTON ST,,-122.3681556,47.521044444,0,1,13,80,5,25,34,0,0,1,7,8,1,1,2,2,1,1,1,53,0,49,471,1979,0,0.0,8,,,,,,1,1,78,1,0.0,,0,0,3,0,11,0,,,,,0.0,0.0,3.0,3.0,1,38,91.0,0.0,0.0,96,,,,,,9,,,,,,98166.0,53,72.0,130.0,6.0,1.0,0.0,0.0,0.0,0.0,,1,11.0,,,,,0,,,20,0,0,0,8.0,9,2,,,0,0.0,0.0,1,0,8.0,95.0,,,96.0,,,8,95,995.0,,,,,,,,,,,,,,,,,,,,,,,,,,,,,,0,0,0,0,0,0,0,0,0,0,0,0,0,0,0,0,0,0,1,0,0,0,0,0,0,1,1,1,0,1,0,1,0,0,0,,0,0,0,0,0,0,0,0,0,0,1,0,0,0,0,0,,,,,,76-80,76+,City street,U,Wednesday,Belt Used,PV,Not Fatal,0,0,0,0,City Street,Municipal/City Police,Seattle Police Department,0,0,0,1,0,,,,,,0.0,0.0,0.0,,,,,,,,,,,0.0,0.0,0.0,0.0,,,,,20.0,7.0,,,,,,,,,,,,,,,,98126
1991,2019,263,E933707,39.0,06/23/2019,0:14,23,6,,61,Snohomish,0,10,0.0,3,1,2,1,0,3,2,,,,12,0,2,1.3,2,0,3,5,1,2,4,0,0,0,0,CR-236TH ST NE,32ND AVE NE,-122.1871333,48.210022222,0,1,50,10,2,35,34,0,0,1,7,12,1,2,2,1,1,2,1,53,0,49,472,2015,0,0.0,68,12.0,,,,,1,1,42,1,0.0,,1,0,3,0,11,8,,,,,0.0,0.0,0.0,2.0,1,28,0.0,0.0,0.0,93,,,,,,0,,,,,,98233.0,53,74.0,215.0,1.0,1.0,0.0,1.0,1.0,0.0,,2,,,,,,0,09/15/2014,12/15/2018,1,0,0,0,8.0,9,8,,,0,0.0,0.0,8,0,8.0,95.0,,,96.0,,,8,95,995.0,,,,,,,,,,,,,,,,,,,,,,,,,,,,,,0,0,0,1,0,0,1,1,0,0,0,0,0,1,0,0,1,0,0,0,0,0,0,0,0,0,0,0,0,1,0,0,0,0,0,,0,0,0,0,0,0,0,0,1,0,0,1,0,0,0,0,,,,,,41-45,36-45,County road,R,Sunday,Belt Used,PV,Not Fatal,0,1,1,0,County Road,County Sheriff,Snohomish County Sheriff's Office,0,0,1,0,0,,,,,,0.0,0.0,3.0,,,,,,,,,,,98.0,98.0,98.0,0.0,,,,,20.0,7.0,,,,,,,,,,,,,,,,98223
1992,2019,263,E933707,39.0,06/23/2019,0:14,23,6,,61,Snohomish,0,10,0.0,3,1,2,1,0,3,2,,,,12,0,2,1.3,2,0,3,5,1,2,4,0,0,0,0,CR-236TH ST NE,32ND AVE NE,-122.1871333,48.210022222,0,2,51,62,4,35,4,0,0,1,7,12,1,2,2,1,1,1,1,53,0,12,37,2001,0,0.0,12,,,,,,1,1,61,2,7.0,,4,0,3,0,11,4,07/06/2019,8:53,69053030431.0,30431.0,0.0,0.0,0.0,3.0,1,0,0.0,0.0,0.0,96,,,,,,0,,,,,,98292.0,53,67.0,175.0,6.0,1.0,0.0,0.0,1.0,1.0,,0,,,,,,0,08/15/2016,05/15/2018,8,0,0,0,0.0,9,8,,,0,0.0,0.0,8,9,2.0,348.0,,,1.0,,,2,1,0.0,,,,,,,,,,,,,,,,,,,,,,,,,,,,,,0,0,0,1,0,0,1,1,0,0,0,0,0,1,0,0,1,0,0,0,0,0,0,0,0,0,0,0,0,1,0,0,0,0,0,,1,0,0,0,0,0,1,1,0,0,0,0,0,0,1,0,,,,,,61-65,56-65,County road,R,Sunday,Belt Used,PV,Multiracial,0,1,1,0,County Road,County Sheriff,Snohomish County Sheriff's Office,0,0,1,0,0,,,,,,0.0,0.0,0.0,,,,,,,,,,,98.0,98.0,98.0,201.0,298.0,,,,20.0,7.0,,,,,,,,,,,,,,,,98223
1993,2019,264,E945003,2.0,07/05/2019,0:02,5,7,,61,Snohomish,0,1,0.0,2,1,2,1,0,4,2,,,,12,0,2,2.4,1,0,1,7,1,2,4,0,0,0,0,CR-NEWBERG RD,,-122.0050972,48.023463889,0,1,50,10,2,35,34,0,0,1,7,12,1,2,2,1,6,3,1,53,0,20,471,1984,0,0.0,68,12.0,,,,,1,1,44,1,0.0,,0,0,99,7,11,0,,,,,0.0,0.0,0.0,3.0,1,33,0.0,0.0,0.0,96,,,,,,9,,,,,,98290.0,53,70.0,180.0,6.0,1.0,0.0,1.0,1.0,0.0,,97,,,,,,0,10/15/2015,10/15/2015,20,0,0,0,8.0,9,8,,,0,0.0,0.0,8,1,8.0,95.0,,,96.0,,,8,95,995.0,,,,,,,,,,,,,,,,,,,,,,,,,,,,,,0,0,0,0,1,1,1,1,0,0,0,0,0,0,1,0,0,0,0,0,0,0,0,0,0,0,0,0,1,1,0,0,0,0,0,,0,0,0,0,0,0,0,0,0,0,0,0,0,0,0,1,,,,,,41-45,36-45,County road,R,Friday,Unknown,PV,Not Fatal,0,1,1,0,County Road,County Sheriff,Snohomish County Sheriff's Office,0,0,1,0,0,,,,,,0.0,0.0,0.0,,,,,,,,,,,0.0,0.0,0.0,0.0,,,,,20.0,7.0,,,,,,,,,,,,,,,,98290
1994,2019,264,E945003,2.0,07/05/2019,0:02,5,7,,61,Snohomish,0,1,0.0,2,1,2,1,0,4,2,,,,12,0,2,2.4,1,0,1,7,1,2,4,0,0,0,0,CR-NEWBERG RD,,-122.0050972,48.023463889,0,2,51,62,4,35,83,0,0,1,7,12,1,2,2,1,1,1,2,53,0,98,703,2008,0,0.0,12,,,,,,1,1,31,1,7.0,,4,7,20,7,11,0,07/05/2019,0:02,53031510.0,31510.0,0.0,0.0,3.0,2.0,1,0,0.0,0.0,0.0,96,,,,,,0,,,,,,98271.0,53,74.0,185.0,6.0,1.0,0.0,2.0,1.0,1.0,,0,,,,,,0,12/15/2015,09/15/2018,20,8,0,0,0.0,9,8,,,0,0.0,0.0,8,9,2.0,401.0,417.0,,1.0,1.0,,2,1,0.095,,,,,,,,,,,,,,,,,,,,,,,,,,,,,,0,0,0,0,1,1,1,1,0,0,0,0,0,0,1,0,0,0,0,0,0,0,0,0,0,0,0,0,1,1,0,0,0,0,1,0.0,0,0,0,0,0,1,1,1,0,0,0,0,0,0,0,1,,,,,,31-35,26-35,County road,R,Friday,,MC,White,0,1,1,0,County Road,County Sheriff,Snohomish County Sheriff's Office,0,0,1,0,0,,,,,,0.0,0.0,1.0,,,,,,,,,,,0.0,0.0,0.0,1.0,,,,,19.0,0.0,,,,,,,,,,,,,,,,98290
1995,2019,265,E947668,4.0,07/10/2019,15:37,10,7,,65,Stevens,0,1,0.0,1,1,2,1,0,4,2,,,,12,0,2,228.3,1,0,1,3,1,1,2,0,0,0,0,US-395,,-117.8843583,48.463247222,0,1,50,10,2,60,14,0,0,1,7,12,1,1,2,1,1,3,1,53,0,18,401,2004,0,0.0,68,12.0,,,,,1,1,24,1,0.0,,2,0,3,0,11,4,,,,,0.0,0.0,0.0,3.0,1,28,0.0,0.0,0.0,0,,,,,,2,,,,,,99013.0,53,73.0,350.0,6.0,1.0,0.0,3.0,0.0,13.0,,2,,,,,,0,10/15/2015,05/15/2019,8,0,0,0,8.0,9,8,,,0,0.0,0.0,8,0,8.0,95.0,,,96.0,,,8,95,995.0,,,,,,,,,,,,,,,,,,,,,,,,,,,,,,0,0,0,0,0,0,0,0,0,0,0,0,0,0,0,1,0,0,0,0,0,0,0,1,1,1,1,1,0,1,0,0,0,0,0,,0,0,0,0,0,0,0,0,0,0,0,0,0,0,0,0,,,,,,21-25,16-25,US highway,R,Wednesday,Belt Used,PV,Not Fatal,0,1,1,0,State Route,State Patrol,Washington State Patrol,0,1,0,0,0,,,,,,0.0,0.0,0.0,,,,,,,,,,,98.0,98.0,98.0,0.0,,,,,20.0,7.0,,,,,,,,,,,,,,,,99114
1996,2019,265,E947668,4.0,07/10/2019,15:37,10,7,,65,Stevens,0,1,0.0,1,1,2,1,0,4,2,,,,12,0,2,228.3,1,0,1,3,1,1,2,0,0,0,0,US-395,,-117.8843583,48.463247222,0,2,51,62,4,60,5,0,0,1,7,12,1,1,2,1,1,1,1,53,0,41,51,2010,0,0.0,12,,,,,,1,1,81,2,7.0,,4,7,3,0,11,0,07/10/2019,15:37,53031401.0,31401.0,0.0,0.0,3.0,3.0,1,0,0.0,0.0,0.0,0,,,,,,99,,,,,,99114.0,53,66.0,150.0,6.0,1.0,0.0,1.0,0.0,1.0,,0,,,,,,0,03/15/2016,05/15/2019,1,0,0,0,0.0,9,8,,,0,0.0,0.0,8,0,2.0,1.0,,,1.0,,,2,1,0.0,,,,,,,,,,,,,,,,,,,,,,,,,,,,,,0,0,0,0,0,0,0,0,0,0,0,0,0,0,0,1,0,0,0,0,0,0,0,1,1,1,1,1,0,1,0,0,0,0,0,,1,0,0,0,0,0,0,0,0,0,0,0,0,0,0,0,,,,,,81+,76+,US highway,R,Wednesday,Belt Used,PV,White,0,1,1,0,State Route,State Patrol,Washington State Patrol,0,1,0,0,0,,,,,,0.0,0.0,0.0,,,,,,,,,,,98.0,98.0,98.0,1.0,,,,,20.0,7.0,,,,,,,,,,,,,,,,99114
1997,2019,266,E946448,248.0,08/03/2019,0:17,3,8,,33,King,1830,1,0.0,3,1,2,1,0,3,2,,,,12,0,1,24.6,8,0,1,3,2,1,3,0,0,0,0,SR-169,,-122.1867444,47.477663889,0,1,28,52,3,40,4,0,0,1,7,12,1,1,2,1,1,2,1,53,0,55,35,2013,0,0.0,12,,,,,,1,1,34,1,0.0,,0,0,3,0,11,0,,,,,0.0,0.0,0.0,3.0,1,0,0.0,0.0,0.0,96,,,,,,9,,,,,,98057.0,53,66.0,170.0,6.0,1.0,0.0,0.0,1.0,0.0,,97,,,,,,0,01/15/2018,01/15/2018,20,0,0,0,8.0,9,8,,,0,0.0,0.0,8,1,2.0,1.0,,,1.0,,,2,1,0.17,,,,,,,,,,,,,,,,,,,,,,,,,,,,,,0,0,0,0,1,1,1,1,0,0,0,0,0,0,0,0,0,0,0,0,0,0,0,0,0,0,0,0,1,1,0,0,0,0,0,,0,0,0,0,0,1,0,1,0,0,0,0,0,1,0,1,,,,,,31-35,26-35,State route,U,Saturday,Belt Used,PV,Not Fatal,0,0,0,0,State Route,Municipal/City Police,Renton Police Department,0,1,0,0,0,,,,,,0.0,0.0,0.0,,,,,,,,,,,98.0,98.0,98.0,0.0,,,,,20.0,7.0,,,,,,,,,,,,,,,,98057
1998,2019,266,E946448,248.0,08/03/2019,0:17,3,8,,33,King,1830,1,0.0,3,1,2,1,0,3,2,,,,12,0,1,24.6,8,0,1,3,2,1,3,0,0,0,0,SR-169,,-122.1867444,47.477663889,0,2,29,53,3,40,80,0,0,1,7,12,1,1,2,1,2,1,1,53,0,76,705,2007,0,0.0,12,,,,,,1,1,64,1,7.0,,4,7,20,7,11,0,08/03/2019,0:17,183053034978.0,34978.0,0.0,0.0,3.0,3.0,1,0,0.0,0.0,0.0,96,,,,,,0,,,,,,98042.0,53,69.0,170.0,6.0,1.0,0.0,1.0,1.0,0.0,,0,,,,,,0,04/15/2015,07/15/2018,20,8,0,0,0.0,9,8,,,0,0.0,0.0,8,0,2.0,401.0,417.0,,1.0,1.0,,2,1,0.0,,,,,,,,,,,,,,,,,,,,,,,,,,,,,,0,0,0,0,1,1,1,1,0,0,0,0,0,0,0,0,0,0,0,0,0,0,0,0,0,0,0,0,1,1,0,0,0,0,1,0.0,0,0,0,0,0,0,1,1,0,0,0,0,0,0,1,0,,,,,,61-65,56-65,State route,U,Saturday,,MC,White,0,0,0,0,State Route,Municipal/City Police,Renton Police Department,0,1,0,0,0,,,,,,0.0,0.0,0.0,,,,,,,,,,,0.0,0.0,0.0,1.0,,,,,19.0,0.0,,,,,,,,,,,,,,,,98057
1999,2019,267,E946872,3.0,08/03/2019,18:12,3,8,,53,Pierce,2230,1,0.0,1,1,2,1,0,4,3,,,,12,0,98,0.1,1,0,1,1,2,1,1,0,0,0,0,I-5,,-122.4269722,47.234947222,0,1,98,12,2,60,20,0,0,1,2,12,1,1,2,2,15,1,2,53,0,12,442,2002,0,0.0,64,12.0,69.0,12.0,64.0,24.0,1,1,62,2,0.0,,0,0,3,0,11,0,,,,,0.0,0.0,0.0,3.0,1,91,0.0,0.0,0.0,96,,,,,,9,,,,,,98406.0,53,66.0,150.0,6.0,1.0,0.0,0.0,0.0,0.0,,1,11.0,,,,,0,,,1,0,0,0,8.0,9,8,,,0,0.0,0.0,8,1,2.0,1.0,,,1.0,,,2,1,0.13,,,,,,,,,,,,,,,,,,,,,,,,,,,,,,0,0,0,0,1,1,0,1,0,0,0,0,0,0,0,0,0,0,0,0,0,0,0,1,1,0,0,0,1,1,0,0,0,0,0,,0,0,0,0,0,1,0,1,0,0,0,0,0,1,0,1,,,,,,61-65,56-65,Interstate,U,Saturday,Belt Used,PV,Not Fatal,0,0,0,0,State Route,State Patrol,Washington State Patrol,0,1,0,0,0,,,,,,0.0,0.0,0.0,,,,,,,,,,,98.0,98.0,98.0,0.0,,,,,20.0,7.0,,,,,,,,,,,,,,,,98418
2000,2019,267,E946872,3.0,08/03/2019,18:12,3,8,,53,Pierce,2230,1,0.0,1,1,2,1,0,4,3,,,,12,0,98,0.1,1,0,1,1,2,1,1,0,0,0,0,I-5,,-122.4269722,47.234947222,0,2,98,98,7,60,80,0,0,1,2,12,1,1,2,2,98,1,1,53,0,53,705,2005,0,0.0,12,,,,,,1,1,24,1,7.0,,4,7,20,7,11,0,08/03/2019,18:12,223053034731.0,34731.0,0.0,0.0,0.0,3.0,1,0,0.0,0.0,0.0,0,,,,,,99,,,,,,98409.0,53,70.0,190.0,6.0,1.0,0.0,0.0,0.0,2.0,,0,,,,,,0,08/15/2015,10/15/2015,20,8,0,0,0.0,9,8,,,0,0.0,0.0,8,9,2.0,1.0,,,1.0,,,2,1,0.0,,,,,,,,,,,,,,,,,,,,,,,,,,,,,,0,0,0,0,1,1,0,1,0,0,0,0,0,0,0,0,0,0,0,0,0,0,0,1,1,0,0,0,1,1,0,0,0,0,1,0.0,0,0,0,0,0,0,0,0,0,0,0,0,0,0,0,0,,,,,,21-25,16-25,Interstate,U,Saturday,,MC,Black,0,0,0,0,State Route,State Patrol,Washington State Patrol,0,1,0,0,0,,,,,,0.0,0.0,0.0,,,,,,,,,,,0.0,0.0,0.0,2.0,,,,,5.0,0.0,,,,,,,,,,,,,,,,98418
2001,2019,267,E946872,3.0,08/03/2019,18:12,3,8,,53,Pierce,2230,1,0.0,1,1,2,1,0,4,3,,,,12,0,98,0.1,1,0,1,1,2,1,1,0,0,0,0,I-5,,-122.4269722,47.234947222,0,3,98,62,4,60,4,0,0,1,2,12,1,1,4,3,1,2,1,53,0,12,37,2017,0,0.0,12,,,,,,1,1,64,1,0.0,,0,0,3,0,11,0,,,,,0.0,0.0,0.0,3.0,1,0,0.0,0.0,0.0,96,,,,,,0,,,,,,98001.0,53,71.0,246.0,6.0,1.0,0.0,0.0,1.0,0.0,,0,,,,,,0,10/15/2018,10/15/2018,1,0,0,0,8.0,9,8,,,0,0.0,0.0,8,0,8.0,95.0,,,96.0,,,8,95,995.0,,,,,,,,,,,,,,,,,,,,,,,,,,,,,,0,0,0,0,1,1,0,1,0,0,0,0,0,0,0,0,0,0,0,0,0,0,0,1,1,0,0,0,1,1,0,0,0,0,0,,0,0,0,0,0,0,0,0,0,0,0,0,0,0,0,0,,,,,,61-65,56-65,Interstate,U,Saturday,Belt Used,PV,Not Fatal,0,0,0,0,State Route,State Patrol,Washington State Patrol,0,1,0,0,0,,,,,,0.0,0.0,0.0,,,,,,,,,,,98.0,98.0,98.0,0.0,,,,,20.0,7.0,,,,,,,,,,,,,,,,98418