,year,case,par,repjur,crash_dt,crash_tm,accday,accmon,holiday,county,co_char,city,weather,weather2,lightcond,surfcond,surftype,numfatal,nmforms,pforms,vforms,not_tm,arr_tm,hosp_tm,fhevent,hitrun,manncol,milepnt,reljunc,reljuncinter,intersectiontype,funcsystem,landuse,ownership,route,schlbus,spejur,contdev,devfunc,trafid1,trafid2,x,y,wk_zone,vnumber,crashtype,criticalevent,criticaleventcat,spdlim,body,trailer,emerg,hazcargo,leave,mhevent,roadalgn,roadprof,traflane,trafflow,vehmanvr,numoccs,regowner,regstate,spuse,make,model,modelyr,vrf1,vrf2,seqevent1,seqevent2,seqevent3,seqevent4,seqevent5,seqevent6,pnumber,ptype,age,sex,hispanic,race,injury,diedscene,restraint,restraintmisuse,seatpos,takehosp,death_dt,death_tm,cert,cernum_wa,commlic,licendor,licrestrict,liccomp,drivpres,drf1,drf2,drf3,drf4,distract1,distract2,distract3,distract4,distract5,distract6,dricond1,dricond2,dricond3,dricond4,dricond5,dricond6,dzip,licstate,drhgt_in,weight,noncdl,noncdltype,prevdwi,prevoth,prevacc,prevspd,prevsus,driviol1,driviol2,driviol3,driviol4,driviol5,driviol6,spdrel,first_dt,last_dt,airbag,ejection,ejectpath,extricat,injurwrk,methalc,methdrug,nmlocat,strikveh,prf1,prf2,prf3,druginv,alcinvol,drugsts,drugres1,drugres2,drugres3,drugtst1,drugtst2,drugtst3,alcsts,alctst,alcres,nmact1,nmact2,nmact3,nmact4,nmact5,nmact6,nmprior1,nmprior2,nmprior3,nmprior4,nmprior5,nmprior6,nmcond1,nmcond2,nmcond3,nmcond4,nmcond5,nmcond6,nmsafe_helmet,nmsafe_pads,nmsafe_oth,nmprev_ref,nmprev_lgt,nmprev_oth,crashlocation,nmcrashtype,crosswalk,schoolzone,sidewalk,train_inv,wildlife_inv,rotr_fars,intersect_fars,dd_inv,aid_inv,dpd_inv,id_inv,mj_inv,impnm_inv,ainm_inv,dpnm_inv,speed_inv,unlic_inv,unendmc_inv,drowsy_inv,drdist_inv,nmdist_inv,fty_inv,unrestfat_inv,dr1617_inv,dr1820_inv,dr1620_inv,dr2125_inv,dr1625_inv,dr65_inv,dr70_inv,dr75_inv,mc_inv,pv_inv,ht_inv,ped_inv,bike_inv,unrest_fat,mc_fat,unhelmet_mc,pv_fat,ht_fat,ped_fat,bike_fat,dr_alc7,dr_alc8,dr_drug,dr_imp,dr_dist,dr_spd,dr_fty,dr_unlic,dr_alc7only,dr_alc8only,dr_drugonly,dr_drink,nm_imp,nm_alc7,nm_alc8,nm_drug,nm_dist,agegrp1,agegrp2,roadclass,urbrur,dayweek,restuse,vehtype,race_me,intersect,lanedep,oppdir,wrongway,rep_typ,investag,repag_long,rotr,st_rd,cty_rd,city_rd,oth_rd,drug_thc,thc_res,drug_cthc,cthc_res,drug_cann,prevpersemin,prevperse,prevsusoth,drugtst4,drugtst5,drugtst6,drugtst7,drugtst8,drugres4,drugres5,drugres6,drugres7,drugres8,adspresent,adsengaged,adslevel,race1,race2,race3,race4,race5,helmet,helmetmisuse,nmdistract1,nmdistract2,nmdistract3,nmdistract4,nmdistract5,nmdistract6,lab,isedtcase,crf1,crf2,crf3,CoRoadName,CoMP,IntCoRoadName,IntCoMP,zipcode
2021,2019,277,E944819,3.0,07/27/2019,19:58,27,7,,53,Pierce,0,1,0.0,1,1,2,1,0,1,1,,,,53,0,0,45.4,1,0,1,3,2,1,3,0,0,0,0,SR-7,,-122.40725,47.062091667,0,1,2,51,3,50,14,0,0,1,2,1,1,1,5,5,1,1,1,53,0,48,401,1998,0,0.0,63,53.0,31.0,35.0,67.0,1.0,1,1,36,1,7.0,,4,7,3,0,11,0,07/27/2019,19:58,53034878.0,34878.0,0.0,0.0,0.0,3.0,1,58,0.0,0.0,0.0,96,,,,,,99,,,,,,98360.0,53,69.0,170.0,6.0,1.0,0.0,1.0,0.0,1.0,,0,,,,,,4,08/15/2014,08/15/2017,20,0,0,0,0.0,9,8,,,0,0.0,0.0,8,9,2.0,321.0,351.0,605.0,1.0,1.0,1.0,2,1,0.105,,,,,,,,,,,,,,,,,,,,,,,,,,,,,,0,0,0,0,1,1,1,1,1,0,0,0,1,0,0,0,0,0,0,0,0,0,0,0,0,0,0,0,0,1,0,0,0,0,0,,1,0,0,0,0,1,1,1,0,1,0,0,0,0,0,1,,,,,,36-40,36-45,State route,U,Saturday,Belt Used,PV,White,0,1,0,0,State Route,State Patrol,Washington State Patrol,1,1,0,0,0,thc,50.0,carboxy-thc,190.0,,0.0,0.0,1.0,1.0,,,,,695.0,,,,,0.0,0.0,0.0,1.0,,,,,20.0,7.0,,,,,,,nms,,,,,,,,,98387
2022,2019,278,E948517,2.0,05/03/2019,8:08,3,5,,61,Snohomish,0,10,0.0,1,1,2,1,0,4,2,,,,12,0,1,43.4,3,0,3,3,2,1,3,0,0,3,3,SR-99,156TH ST SW,-122.2879028,47.857777778,0,1,20,9,1,98,5,0,0,1,7,1,1,1,4,2,1,1,1,53,0,49,46,2013,0,0.0,12,1.0,,,,,1,1,41,1,7.0,,4,7,3,0,11,0,05/03/2019,8:08,53021176.0,21176.0,0.0,0.0,0.0,2.0,1,0,0.0,0.0,0.0,92,,,,,,99,,,,,,98037.0,53,72.0,170.0,1.0,1.0,0.0,1.0,2.0,1.0,,0,,,,,,0,08/15/2017,07/15/2018,20,0,0,0,0.0,9,8,,,0,0.0,0.0,8,9,2.0,996.0,401.0,417.0,1.0,1.0,1.0,2,1,0.0,,,,,,,,,,,,,,,,,,,,,,,,,,,,,,0,0,0,1,0,0,1,1,0,0,0,0,0,1,0,0,1,0,0,0,0,0,0,0,0,0,0,0,0,1,1,0,0,0,0,,1,0,0,0,0,0,1,1,1,0,0,1,0,0,1,0,,,,,,41-45,36-45,State route,U,Friday,Belt Used,PV,White,0,0,0,0,State Route,State Patrol,Washington State Patrol,0,1,0,0,0,,,,,,0.0,0.0,3.0,,,,,,,,,,,98.0,98.0,98.0,1.0,,,,,20.0,7.0,,,,,,,,,,,,,,,,98087
2023,2019,278,E948517,2.0,05/03/2019,8:08,3,5,,61,Snohomish,0,10,0.0,1,1,2,1,0,4,2,,,,12,0,1,43.4,3,0,3,3,2,1,3,0,0,3,3,SR-99,156TH ST SW,-122.2879028,47.857777778,0,2,21,60,4,98,61,0,0,1,5,12,1,1,4,2,5,3,3,53,0,38,882,2005,0,0.0,12,,,,,,1,1,35,1,0.0,,1,0,3,0,11,8,,,,,0.0,0.0,0.0,3.0,1,0,0.0,0.0,0.0,0,,,,,,0,,,,,,98037.0,53,70.0,185.0,6.0,1.0,0.0,0.0,0.0,0.0,,0,,,,,,0,,,20,0,0,0,8.0,9,8,,,0,0.0,0.0,8,0,8.0,95.0,,,96.0,,,8,95,995.0,,,,,,,,,,,,,,,,,,,,,,,,,,,,,,0,0,0,1,0,0,1,1,0,0,0,0,0,1,0,0,1,0,0,0,0,0,0,0,0,0,0,0,0,1,1,0,0,0,0,,0,0,0,0,0,0,0,0,0,0,0,0,0,0,0,0,,,,,,31-35,26-35,State route,U,Friday,,MHTRUCK,Not Fatal,0,0,0,0,State Route,State Patrol,Washington State Patrol,0,1,0,0,0,,,,,,0.0,0.0,0.0,,,,,,,,,,,98.0,98.0,98.0,0.0,,,,,20.0,7.0,,,,,,,,,,,,,,,,98087
2024,2019,279,E926146,163.0,05/31/2019,16:20,31,5,,33,King,1050,1,0.0,1,1,2,1,1,1,1,,,,8,0,0,0.0,3,0,2,3,2,4,6,0,0,20,3,MARKET ST,CENTRAL WAY,-122.2095028,47.676391667,0,1,13,80,5,25,34,0,0,1,7,8,1,1,3,1,11,1,2,53,0,49,472,2016,0,0.0,8,,,,,,1,1,51,2,0.0,,0,0,99,7,11,0,,,,,0.0,0.0,3.0,3.0,1,38,0.0,0.0,0.0,96,,,,,,0,,,,,,98033.0,53,65.0,150.0,6.0,1.0,0.0,1.0,0.0,0.0,,46,,,,,,0,05/15/2019,05/15/2019,20,0,0,0,8.0,9,8,,,0,0.0,0.0,8,0,8.0,95.0,,,96.0,,,8,95,995.0,,,,,,,,,,,,,,,,,,,,,,,,,,,,,,0,0,0,1,0,0,0,0,0,0,0,0,0,0,0,0,0,0,1,0,0,0,0,0,0,0,0,0,0,1,0,1,0,0,0,,0,0,0,0,0,0,0,0,0,0,1,0,0,0,0,0,,,,,,51-55,46-55,City street,U,Friday,Unknown,PV,Not Fatal,1,0,0,0,City Street,Municipal/City Police,Kirkland Police Department,0,0,0,1,0,,,,,,0.0,0.0,0.0,,,,,,,,,,,98.0,98.0,98.0,0.0,,,,,20.0,7.0,,,,,,,,,,,,,,,,98033
2025,2019,280,E948778,349.0,07/31/2019,22:13,31,7,,53,Pierce,0,1,0.0,3,1,2,1,0,1,1,,,,33,0,0,0.0,1,0,1,96,6,96,8,0,2,0,0,41ST DIVISION DR,,-122.5901028,47.106258333,0,1,6,10,2,35,80,0,0,1,7,1,2,2,2,2,14,1,1,53,0,50,706,2017,0,0.0,64,33.0,1.0,30.0,,,1,1,41,1,7.0,,4,7,20,7,11,0,07/31/2019,22:45,53034341.0,34341.0,0.0,0.0,0.0,3.0,1,0,0.0,0.0,0.0,96,,,,,,0,,,,,,98433.0,53,72.0,205.0,6.0,1.0,0.0,0.0,0.0,0.0,,0,,,,,,4,,,20,8,0,0,0.0,9,8,,,0,0.0,0.0,8,0,8.0,95.0,,,96.0,,,8,95,995.0,,,,,,,,,,,,,,,,,,,,,,,,,,,,,,0,0,1,0,0,0,0,0,0,0,0,0,1,0,0,0,0,0,0,0,0,0,0,0,0,0,0,0,1,0,0,0,0,0,1,0.0,0,0,0,0,0,0,0,0,0,1,0,0,0,0,0,0,,,,,,41-45,36-45,Other,,Wednesday,,MC,White,0,1,0,0,Other,Municipal/City Police,"Hdqtrs, 1st Military Police Brigade",1,0,0,0,1,,,,,,0.0,0.0,0.0,,,,,,,,,,,0.0,0.0,0.0,1.0,,,,,19.0,0.0,,,,,,,,,,,,,,,,98433
2026,2019,281,E949359,8.0,08/02/2019,22:28,2,8,,45,Mason,2000,1,0.0,3,1,2,1,1,2,1,,,,8,0,0,1.6,1,0,1,3,2,1,3,0,0,0,0,SR-3,,-123.0916583,47.200783333,0,1,13,80,5,30,5,0,0,1,5,8,1,2,3,5,1,2,1,53,0,49,51,2012,0,0.0,8,,,,,,1,1,50,2,0.0,,0,0,3,0,11,0,,,,,0.0,0.0,3.0,3.0,1,0,0.0,0.0,0.0,96,,,,,,0,,,,,,98367.0,53,69.0,200.0,6.0,1.0,0.0,1.0,0.0,2.0,,0,,,,,,0,07/15/2017,08/15/2018,20,0,0,0,8.0,9,8,,,0,0.0,0.0,8,0,2.0,1.0,,,1.0,,,2,1,0.0,,,,,,,,,,,,,,,,,,,,,,,,,,,,,,0,0,0,0,0,0,0,0,0,0,0,0,0,0,0,0,0,1,0,0,0,0,0,0,0,0,0,0,0,1,0,1,0,0,0,,0,0,0,0,0,0,0,0,0,0,0,0,0,0,0,0,,,,,,46-50,46-55,State route,U,Friday,Belt Used,PV,Not Fatal,0,0,0,0,State Route,State Patrol,Washington State Patrol,0,1,0,0,0,,,,,,0.0,0.0,0.0,,,,,,,,,,,98.0,98.0,98.0,0.0,,,,,20.0,7.0,,,,,,,,,,,,,,,,
2027,2019,282,E949442,297.0,08/12/2019,19:08,12,8,,33,King,2310,1,0.0,1,1,1,1,0,4,2,,,,12,0,2,0.3,1,0,1,3,2,1,3,0,0,0,0,SR-99,,-122.2949361,47.496297222,0,1,50,10,2,98,15,0,0,1,5,1,1,2,4,1,1,2,2,53,0,20,422,2004,0,0.0,68,12.0,1.0,,,,1,1,16,1,0.0,,3,0,99,7,11,5,,,,,0.0,0.0,3.0,3.0,1,28,0.0,0.0,0.0,96,,,,,,99,,,,,,98168.0,53,68.0,140.0,6.0,2.0,0.0,0.0,0.0,0.0,,97,,,,,,0,,,8,9,0,0,8.0,9,8,,,0,0.0,0.0,8,9,8.0,95.0,,,96.0,,,8,95,995.0,,,,,,,,,,,,,,,,,,,,,,,,,,,,,,0,0,0,0,0,0,0,0,0,0,0,0,0,0,0,0,0,0,0,0,1,0,1,1,1,0,0,0,0,1,0,0,0,0,0,,0,0,0,0,0,0,0,0,0,0,0,0,0,0,0,0,,,,,,16-17,16-25,State route,U,Monday,Unknown,PV,Not Fatal,0,1,1,0,State Route,Municipal/City Police,Tukwila Police Department,0,1,0,0,0,,,,,,0.0,0.0,0.0,,,,,,,,,,,98.0,98.0,98.0,0.0,,,,,20.0,7.0,,,,,,,,,,,,,,,,98168
2028,2019,282,E949442,297.0,08/12/2019,19:08,12,8,,33,King,2310,1,0.0,1,1,1,1,0,4,2,,,,12,0,2,0.3,1,0,1,3,2,1,3,0,0,0,0,SR-99,,-122.2949361,47.496297222,0,2,51,62,4,98,6,0,0,1,5,12,1,2,4,1,1,2,2,53,0,35,51,2018,0,0.0,12,1.0,2.0,,,,1,1,23,2,1.0,,4,7,99,7,11,0,08/12/2019,19:08,231053037074.0,37074.0,0.0,0.0,3.0,3.0,1,0,0.0,0.0,0.0,96,,,,,,99,,,,,,98168.0,53,65.0,175.0,6.0,1.0,0.0,0.0,0.0,0.0,,0,,,,,,0,,,8,0,0,0,0.0,9,8,,,0,0.0,0.0,8,9,2.0,1.0,,,1.0,,,2,1,0.0,,,,,,,,,,,,,,,,,,,,,,,,,,,,,,0,0,0,0,0,0,0,0,0,0,0,0,0,0,0,0,0,0,0,0,1,0,1,1,1,0,0,0,0,1,0,0,0,0,0,,1,0,0,0,0,0,0,0,0,0,0,0,0,0,0,0,,,,,,21-25,16-25,State route,U,Monday,Unknown,PV,Hispanic,0,1,1,0,State Route,Municipal/City Police,Tukwila Police Department,0,1,0,0,0,,,,,,0.0,0.0,0.0,,,,,,,,,,,98.0,98.0,98.0,1.0,,,,,20.0,7.0,,,,,,,,,,,,,,,,98168
2029,2019,283,E949475,2.0,07/23/2019,22:42,23,7,,73,Whatcom,0,10,0.0,2,1,1,1,1,2,1,,,,8,0,0,3.3,1,0,1,3,2,1,3,0,0,0,0,SR-539,,-122.4859694,48.830452778,0,1,13,80,5,50,4,0,0,1,5,8,1,1,5,5,1,2,2,53,0,20,37,2002,0,0.0,8,,,,,,1,1,23,2,0.0,,0,0,3,0,11,0,,,,,0.0,0.0,0.0,2.0,1,0,0.0,0.0,0.0,96,,,,,,0,,,,,,98248.0,53,67.0,200.0,1.0,1.0,0.0,3.0,0.0,0.0,,97,,,,,,0,05/15/2016,04/15/2018,20,0,0,0,8.0,9,8,,,0,0.0,0.0,8,0,8.0,95.0,,,96.0,,,8,95,995.0,,,,,,,,,,,,,,,,,,,,,,,,,,,,,,0,0,0,0,0,0,0,0,0,1,0,1,0,1,0,0,0,1,0,0,0,0,0,1,1,0,0,0,0,1,0,1,0,0,0,,0,0,0,0,0,0,0,0,0,0,0,1,0,0,0,0,,,,,,21-25,16-25,State route,U,Tuesday,Belt Used,PV,Not Fatal,0,0,0,0,State Route,State Patrol,Washington State Patrol,0,1,0,0,0,,,,,,0.0,0.0,1.0,,,,,,,,,,,98.0,98.0,98.0,0.0,,,,,20.0,7.0,,,,,,,,,,,,,,,,98226
2030,2019,284,E949621,55.0,08/03/2019,1:00,3,8,,33,King,100,1,0.0,3,1,2,1,2,1,1,,,,8,0,0,1.8,3,0,2,3,2,1,3,0,3,3,3,SR-164,RIVERWALK DR SE,-122.1966778,47.289069444,0,1,13,80,5,35,34,0,0,1,7,8,1,1,5,1,1,1,1,53,0,12,481,2000,0,0.0,8,8.0,,,,,1,1,26,1,0.0,,0,0,3,0,11,0,,,,,0.0,0.0,0.0,3.0,1,0,0.0,0.0,0.0,96,,,,,,0,,,,,,98045.0,53,67.0,155.0,6.0,1.0,1.0,3.0,3.0,1.0,,0,,,,,,0,10/15/2014,08/15/2018,20,0,0,0,8.0,1,8,,,0,0.0,0.0,8,1,2.0,1.0,,,1.0,,,2,1,0.052,,,,,,,,,,,,,,,,,,,,,,,,,,,,,,0,0,0,1,1,0,0,0,0,1,0,1,0,0,0,0,0,0,0,0,0,0,0,0,0,0,0,0,0,1,0,1,0,0,0,,0,0,0,0,1,0,0,0,0,0,0,0,1,0,0,1,,,,,,26-30,26-35,State route,U,Saturday,Belt Used,PV,Not Fatal,1,0,0,0,State Route,Municipal/City Police,Auburn Police Department,0,1,0,0,0,,,,,,0.0,1.0,0.0,,,,,,,,,,,98.0,98.0,98.0,0.0,,,,,20.0,7.0,,,,,,,,,,,,,,,,98002
2031,2019,285,E943557,7.0,07/24/2019,9:33,24,7,,33,King,1830,1,0.0,1,1,2,1,0,3,3,,,,12,0,1,2.3,1,0,1,1,2,1,1,0,0,0,0,I-405,,-122.2184306,47.467752778,0,1,20,50,3,60,34,0,0,1,2,12,3,2,5,3,14,1,1,53,0,12,481,1998,0,0.0,12,,,,,,1,1,49,1,7.0,,4,0,3,0,11,4,07/29/2019,11:22,196053035057.0,35057.0,0.0,0.0,3.0,3.0,1,26,0.0,0.0,0.0,93,,,,,,0,,,,,,98531.0,53,71.0,250.0,6.0,1.0,0.0,2.0,1.0,1.0,,23,,,,,,4,07/15/2016,04/15/2019,1,0,0,0,0.0,9,8,,,0,0.0,0.0,8,0,2.0,996.0,,,1.0,,,2,1,0.0,,,,,,,,,,,,,,,,,,,,,,,,,,,,,,0,0,0,0,0,0,1,1,0,0,0,0,1,0,0,0,1,0,0,0,0,0,0,0,0,1,1,0,0,1,1,0,0,0,0,,1,0,0,0,0,0,1,1,1,1,0,0,0,0,1,0,,,,,,46-50,46-55,Interstate,U,Wednesday,Belt Used,PV,White,0,0,0,0,State Route,State Patrol,Washington State Patrol,0,1,0,0,0,,,,,,0.0,0.0,0.0,,,,,,,,,,,0.0,0.0,0.0,1.0,,,,,20.0,7.0,,,,,,,,,,,,,,,,98057
2032,2019,285,E943557,7.0,07/24/2019,9:33,24,7,,33,King,1830,1,0.0,1,1,2,1,0,3,3,,,,12,0,1,2.3,1,0,1,1,2,1,1,0,0,0,0,I-405,,-122.2184306,47.467752778,0,2,21,53,3,60,62,0,0,1,7,12,3,2,5,3,5,1,3,53,0,12,881,2000,0,0.0,12,12.0,,,,,1,1,34,1,0.0,,3,0,3,0,11,4,,,,,0.0,0.0,0.0,3.0,1,0,0.0,0.0,0.0,0,,,,,,0,,,,,,98292.0,53,71.0,233.0,6.0,1.0,0.0,0.0,0.0,0.0,,0,,,,,,0,,,20,0,0,0,8.0,9,8,,,0,0.0,0.0,8,0,8.0,95.0,,,96.0,,,8,95,995.0,,,,,,,,,,,,,,,,,,,,,,,,,,,,,,0,0,0,0,0,0,1,1,0,0,0,0,1,0,0,0,1,0,0,0,0,0,0,0,0,1,1,0,0,1,1,0,0,0,0,,0,0,0,0,0,0,0,0,0,0,0,0,0,0,0,0,,,,,,31-35,26-35,Interstate,U,Wednesday,,MHTRUCK,Not Fatal,0,0,0,0,State Route,State Patrol,Washington State Patrol,0,1,0,0,0,,,,,,0.0,0.0,0.0,,,,,,,,,,,98.0,98.0,98.0,0.0,,,,,20.0,7.0,,,,,,,,,,,,,,,,98057
2033,2019,285,E943557,7.0,07/24/2019,9:33,24,7,,33,King,1830,1,0.0,1,1,2,1,0,3,3,,,,12,0,1,2.3,1,0,1,1,2,1,1,0,0,0,0,I-405,,-122.2184306,47.467752778,0,3,98,98,7,60,14,0,0,1,5,12,3,2,5,3,5,1,3,53,0,49,402,2019,0,0.0,12,,,,,,1,1,72,1,0.0,,1,0,3,0,11,0,,,,,0.0,0.0,3.0,3.0,1,0,0.0,0.0,0.0,0,,,,,,0,,,,,,98053.0,53,72.0,201.0,6.0,1.0,0.0,0.0,0.0,0.0,,0,,,,,,0,,,20,0,0,0,8.0,9,8,,,0,0.0,0.0,8,0,8.0,95.0,,,96.0,,,8,95,995.0,,,,,,,,,,,,,,,,,,,,,,,,,,,,,,0,0,0,0,0,0,1,1,0,0,0,0,1,0,0,0,1,0,0,0,0,0,0,0,0,1,1,0,0,1,1,0,0,0,0,,0,0,0,0,0,0,0,0,0,0,0,0,0,0,0,0,,,,,,71-75,66-75,Interstate,U,Wednesday,Belt Used,PV,Not Fatal,0,0,0,0,State Route,State Patrol,Washington State Patrol,0,1,0,0,0,,,,,,0.0,0.0,0.0,,,,,,,,,,,98.0,98.0,98.0,0.0,,,,,20.0,7.0,,,,,,,,,,,,,,,,98057
2034,2019,286,E949994,14.0,07/31/2019,22:32,31,7,,11,Clark,0,1,0.0,2,1,2,1,0,1,1,,,,42,0,0,9999.9,3,0,3,7,2,2,4,0,0,0,0,CR-NE 14TH ST,NE 249TH AVE,-122.4175861,45.632538889,0,1,1,13,2,40,4,0,0,1,7,42,3,1,2,1,14,1,2,53,0,34,34,1991,0,0.0,63,42.0,,,,,1,1,22,2,7.0,,4,7,20,7,11,0,07/31/2019,22:32,53034591.0,34591.0,0.0,0.0,0.0,2.0,1,0,0.0,0.0,0.0,96,,,,,,99,,,,,,98671.0,53,68.0,129.0,1.0,1.0,0.0,2.0,1.0,0.0,,0,,,,,,4,11/15/2015,05/15/2017,1,0,0,0,0.0,9,8,,,0,0.0,0.0,8,1,2.0,1.0,,,1.0,,,2,1,0.34,,,,,,,,,,,,,,,,,,,,,,,,,,,,,,0,0,1,1,1,1,0,1,0,0,0,0,1,1,0,0,0,0,0,1,0,0,0,1,1,0,0,0,0,1,0,0,0,1,0,,1,0,0,0,0,1,0,1,0,1,0,1,0,1,0,1,,,,,,21-25,16-25,County road,U,Wednesday,Not Used,PV,White,0,1,0,0,County Road,County Sheriff,Clark County Sheriff's Office,1,0,1,0,0,,,,,,0.0,0.0,2.0,,,,,,,,,,,0.0,0.0,0.0,1.0,,,,,20.0,7.0,,,,,,,,,,,,,,,,98607
2035,2019,287,E951171,26.0,08/17/2019,16:43,17,8,,35,Kitsap,0,1,0.0,1,1,2,1,0,2,2,,,,12,0,2,1.4,2,0,3,5,1,2,4,0,0,0,0,CR-MILLER BAY RD NE,NE WOOD BAY LN,-122.5622028,47.758533333,0,1,50,10,2,45,15,0,0,1,7,12,1,2,2,1,1,1,1,53,0,49,422,2005,0,0.0,68,12.0,,,,,1,1,55,1,7.0,,4,7,20,7,11,0,08/17/2019,16:43,53037414.0,37414.0,0.0,0.0,0.0,3.0,1,28,0.0,0.0,0.0,96,,,,,,0,,,,,,98029.0,53,75.0,235.0,6.0,1.0,0.0,0.0,1.0,0.0,,0,,,,,,0,01/15/2018,01/15/2018,8,0,0,0,0.0,9,8,,,0,0.0,0.0,8,0,2.0,605.0,695.0,,1.0,1.0,,2,1,0.0,,,,,,,,,,,,,,,,,,,,,,,,,,,,,,0,0,0,1,0,0,1,1,1,0,0,0,0,0,0,0,0,0,0,1,0,0,0,0,0,0,0,0,0,1,1,0,0,1,0,,1,0,0,0,0,0,1,1,0,0,0,0,0,0,1,0,,,,,,51-55,46-55,County road,R,Saturday,Not Used,PV,White,0,1,1,0,County Road,County Sheriff,Kitsap County Sheriff's Office,0,0,1,0,0,thc,12.0,carboxy-thc,22.0,,0.0,0.0,0.0,,,,,,,,,,,98.0,98.0,98.0,1.0,,,,,20.0,7.0,,,,,,,,,,,,,,,,98370
2036,2019,287,E951171,26.0,08/17/2019,16:43,17,8,,35,Kitsap,0,1,0.0,1,1,2,1,0,2,2,,,,12,0,2,1.4,2,0,3,5,1,2,4,0,0,0,0,CR-MILLER BAY RD NE,NE WOOD BAY LN,-122.5622028,47.758533333,0,2,51,62,4,45,63,0,0,1,7,12,1,2,2,1,1,1,3,53,0,84,881,2009,0,0.0,12,,,,,,1,1,60,1,0.0,,1,0,3,0,11,5,,,,,6.0,9.0,0.0,3.0,1,0,0.0,0.0,0.0,0,,,,,,0,,,,,,98368.0,53,67.0,300.0,6.0,1.0,0.0,0.0,0.0,0.0,,0,,,,,,0,,,20,0,0,0,8.0,2,3,,,0,0.0,0.0,0,0,8.0,95.0,,,96.0,,,2,10,0.0,,,,,,,,,,,,,,,,,,,,,,,,,,,,,,0,0,0,1,0,0,1,1,1,0,0,0,0,0,0,0,0,0,0,1,0,0,0,0,0,0,0,0,0,1,1,0,0,0,0,,0,0,0,0,0,0,0,0,0,0,0,0,0,0,0,0,,,,,,56-60,56-65,County road,R,Saturday,,MHTRUCK,Not Fatal,0,1,1,0,County Road,County Sheriff,Kitsap County Sheriff's Office,0,0,1,0,0,,,,,,0.0,0.0,0.0,,,,,,,,,,,98.0,98.0,98.0,0.0,,,,,20.0,7.0,,,,,,,,,,,,,,,,98370
2037,2019,288,E951465,4.0,08/17/2019,8:30,17,8,,65,Stevens,0,1,0.0,1,1,2,1,0,1,1,,,,1,0,0,71.9,1,0,1,5,1,1,3,0,0,0,0,SR-231,,-117.7285611,48.178466667,0,1,1,13,2,55,14,0,0,1,2,1,1,1,2,1,1,1,1,53,0,34,402,2006,0,0.0,63,1.0,,,,,1,1,48,2,7.0,,4,7,20,7,11,0,08/17/2019,8:30,53036928.0,36928.0,6.0,0.0,3.0,3.0,1,0,0.0,0.0,0.0,0,,,,,,2,,,,,,99181.0,53,65.0,220.0,6.0,1.0,0.0,0.0,1.0,1.0,,0,,,,,,0,03/15/2017,06/15/2019,8,1,6,0,0.0,9,8,,,0,0.0,0.0,8,0,2.0,1.0,,,1.0,,,2,1,0.0,,,,,,,,,,,,,,,,,,,,,,,,,,,,,,0,0,1,0,0,0,0,0,0,0,0,0,0,0,0,1,0,0,0,1,0,0,0,0,0,0,0,0,0,1,0,0,0,1,0,,1,0,0,0,0,0,0,0,0,0,0,0,0,0,0,0,,,,,,46-50,46-55,State route,R,Saturday,Not Used,PV,White,0,1,0,0,State Route,State Patrol,Washington State Patrol,1,1,0,0,0,,,,,,0.0,0.0,0.0,,,,,,,,,,,98.0,98.0,98.0,1.0,,,,,20.0,7.0,,,,,,,,,,,,,,,,99181
2038,2019,289,E951750,39.0,08/14/2019,14:35,14,8,,61,Snohomish,0,1,0.0,1,1,2,1,0,2,2,,,,1,0,0,0.2,1,0,1,7,2,2,4,0,0,0,0,CR-4TH AVE W,,-122.2392417,47.878772222,0,1,98,8,1,98,80,0,0,1,7,12,2,2,5,5,14,1,1,53,0,72,706,2004,0,0.0,68,1.0,12.0,,,,1,1,63,1,7.0,,4,7,20,7,11,0,08/14/2019,14:35,53036748.0,36748.0,0.0,0.0,0.0,3.0,1,28,0.0,0.0,0.0,96,,,,,,99,,,,,,98204.0,53,70.0,210.0,6.0,1.0,0.0,0.0,1.0,1.0,,0,,,,,,4,02/15/2015,06/15/2018,20,8,0,0,0.0,9,8,,,0,0.0,0.0,8,9,2.0,1.0,,,1.0,,,2,1,0.037,,,,,,,,,,,,,,,,,,,,,,,,,,,,,,0,0,0,0,1,0,0,0,0,0,0,0,1,0,0,0,0,0,0,0,0,0,0,0,0,0,0,0,1,1,0,0,0,0,1,0.0,0,0,0,0,1,0,0,0,0,1,0,0,1,0,0,1,,,,,,61-65,56-65,County road,U,Wednesday,,MC,White,0,0,0,0,County Road,County Sheriff,Snohomish County Sheriff's Office,0,0,1,0,0,,,,,,0.0,0.0,0.0,,,,,,,,,,,0.0,0.0,0.0,1.0,,,,,5.0,0.0,,,,,,,,,,,,,,,,98204