,year,case,par,repjur,crash_dt,crash_tm,accday,accmon,holiday,county,co_char,city,weather,weather2,lightcond,surfcond,surftype,numfatal,nmforms,pforms,vforms,not_tm,arr_tm,hosp_tm,fhevent,hitrun,manncol,milepnt,reljunc,reljuncinter,intersectiontype,funcsystem,landuse,ownership,route,schlbus,spejur,contdev,devfunc,trafid1,trafid2,x,y,wk_zone,vnumber,crashtype,criticalevent,criticaleventcat,spdlim,body,trailer,emerg,hazcargo,leave,mhevent,roadalgn,roadprof,traflane,trafflow,vehmanvr,numoccs,regowner,regstate,spuse,make,model,modelyr,vrf1,vrf2,seqevent1,seqevent2,seqevent3,seqevent4,seqevent5,seqevent6,pnumber,ptype,age,sex,hispanic,race,injury,diedscene,restraint,restraintmisuse,seatpos,takehosp,death_dt,death_tm,cert,cernum_wa,commlic,licendor,licrestrict,liccomp,drivpres,drf1,drf2,drf3,drf4,distract1,distract2,distract3,distract4,distract5,distract6,dricond1,dricond2,dricond3,dricond4,dricond5,dricond6,dzip,licstate,drhgt_in,weight,noncdl,noncdltype,prevdwi,prevoth,prevacc,prevspd,prevsus,driviol1,driviol2,driviol3,driviol4,driviol5,driviol6,spdrel,first_dt,last_dt,airbag,ejection,ejectpath,extricat,injurwrk,methalc,methdrug,nmlocat,strikveh,prf1,prf2,prf3,druginv,alcinvol,drugsts,drugres1,drugres2,drugres3,drugtst1,drugtst2,drugtst3,alcsts,alctst,alcres,nmact1,nmact2,nmact3,nmact4,nmact5,nmact6,nmprior1,nmprior2,nmprior3,nmprior4,nmprior5,nmprior6,nmcond1,nmcond2,nmcond3,nmcond4,nmcond5,nmcond6,nmsafe_helmet,nmsafe_pads,nmsafe_oth,nmprev_ref,nmprev_lgt,nmprev_oth,crashlocation,nmcrashtype,crosswalk,schoolzone,sidewalk,train_inv,wildlife_inv,rotr_fars,intersect_fars,dd_inv,aid_inv,dpd_inv,id_inv,mj_inv,impnm_inv,ainm_inv,dpnm_inv,speed_inv,unlic_inv,unendmc_inv,drowsy_inv,drdist_inv,nmdist_inv,fty_inv,unrestfat_inv,dr1617_inv,dr1820_inv,dr1620_inv,dr2125_inv,dr1625_inv,dr65_inv,dr70_inv,dr75_inv,mc_inv,pv_inv,ht_inv,ped_inv,bike_inv,unrest_fat,mc_fat,unhelmet_mc,pv_fat,ht_fat,ped_fat,bike_fat,dr_alc7,dr_alc8,dr_drug,dr_imp,dr_dist,dr_spd,dr_fty,dr_unlic,dr_alc7only,dr_alc8only,dr_drugonly,dr_drink,nm_imp,nm_alc7,nm_alc8,nm_drug,nm_dist,agegrp1,agegrp2,roadclass,urbrur,dayweek,restuse,vehtype,race_me,intersect,lanedep,oppdir,wrongway,rep_typ,investag,repag_long,rotr,st_rd,cty_rd,city_rd,oth_rd,drug_thc,thc_res,drug_cthc,cthc_res,drug_cann,prevpersemin,prevperse,prevsusoth,drugtst4,drugtst5,drugtst6,drugtst7,drugtst8,drugres4,drugres5,drugres6,drugres7,drugres8,adspresent,adsengaged,adslevel,race1,race2,race3,race4,race5,helmet,helmetmisuse,nmdistract1,nmdistract2,nmdistract3,nmdistract4,nmdistract5,nmdistract6,lab,isedtcase,crf1,crf2,crf3,CoRoadName,CoMP,IntCoRoadName,IntCoMP,zipcode
2058,2019,302,E955423,35.0,08/30/2019,20:39,30,8,,53,Pierce,0,1,0.0,2,1,2,1,0,3,2,,,,12,0,6,4.7,2,0,2,5,2,2,4,0,0,0,0,CR-128TH ST E,78TH AVE E,-122.3254861,47.140297222,0,1,83,17,2,35,80,0,0,1,7,12,1,2,2,1,1,1,1,53,0,37,706,2004,0,0.0,12,,,,,,1,1,54,1,7.0,,4,7,20,7,11,0,08/30/2019,20:39,53038781.0,38781.0,0.0,0.0,0.0,3.0,1,0,0.0,0.0,0.0,96,,,,,,9,,,,,,98445.0,53,70.0,190.0,6.0,1.0,0.0,0.0,0.0,0.0,,0,,,,,,3,,,20,8,0,0,0.0,9,8,,,0,0.0,0.0,1,9,2.0,401.0,417.0,,1.0,1.0,,2,1,0.0,,,,,,,,,,,,,,,,,,,,,,,,,,,,,,0,0,0,1,0,0,1,1,0,0,0,0,1,0,0,0,0,0,0,0,0,0,0,0,0,0,0,0,1,1,0,0,0,0,1,0.0,0,0,0,0,0,0,1,1,0,1,0,0,0,0,1,0,,,,,,51-55,46-55,County road,U,Friday,,MC,White,1,0,0,0,County Road,County Sheriff,Law Enforcement Support Agency,0,0,1,0,0,,,,,,0.0,0.0,0.0,,,,,,,,,,,0.0,0.0,0.0,1.0,,,,,19.0,0.0,,,,,,,,,,,,,,,,98373
2059,2019,302,E955423,35.0,08/30/2019,20:39,30,8,,53,Pierce,0,1,0.0,2,1,2,1,0,3,2,,,,12,0,6,4.7,2,0,2,5,2,2,4,0,0,20,3,CR-128TH ST E,78TH AVE E,-122.3254861,47.140297222,0,2,82,66,4,35,34,0,0,1,5,12,1,2,2,1,11,2,2,53,0,12,481,2016,0,0.0,12,,,,,,1,1,27,1,0.0,,0,0,3,0,11,0,,,,,0.0,0.0,0.0,3.0,1,10,0.0,0.0,0.0,96,,,,,,0,,,,,,98373.0,53,75.0,300.0,6.0,1.0,0.0,0.0,0.0,2.0,,0,,,,,,0,01/15/2015,05/15/2015,20,0,0,0,8.0,9,8,,,0,0.0,0.0,8,0,8.0,95.0,,,96.0,,,8,95,995.0,,,,,,,,,,,,,,,,,,,,,,,,,,,,,,0,0,0,1,0,0,1,1,0,0,0,0,1,0,0,0,0,0,0,0,0,0,0,0,0,0,0,0,1,1,0,0,0,0,0,,0,0,0,0,0,0,0,0,0,0,0,0,0,0,0,0,,,,,,26-30,26-35,County road,U,Friday,Belt Used,PV,Not Fatal,1,0,0,0,County Road,County Sheriff,Law Enforcement Support Agency,0,0,1,0,0,,,,,,0.0,0.0,1.0,,,,,,,,,,,98.0,98.0,98.0,0.0,,,,,20.0,7.0,,,,,,,,,,,,,,,,98373
2060,2019,303,E955436,4.0,08/29/2019,19:50,29,8,,43,Lincoln,0,1,0.0,5,1,2,1,0,1,1,,,,1,0,0,225.3,1,0,1,3,1,1,2,0,0,0,0,US-2,,-118.473525,47.737358333,0,1,2,6,1,60,3,0,0,1,7,1,2,1,2,1,14,1,1,48,0,35,48,2006,0,0.0,63,1.0,,,,,1,1,27,1,7.0,,4,7,3,0,11,0,08/29/2019,19:50,53039044.0,39044.0,0.0,0.0,0.0,3.0,1,0,0.0,0.0,0.0,96,,,,,,9,,,,,,32084.0,12,75.0,999.0,6.0,1.0,0.0,0.0,0.0,0.0,,0,,,,,,3,,,20,2,9,0,0.0,1,8,,,0,0.0,0.0,8,1,2.0,1.0,,,1.0,,,2,1,0.21,,,,,,,,,,,,,,,,,,,,,,,,,,,,,,0,0,0,0,1,1,0,1,0,0,0,0,1,0,0,0,0,0,0,0,0,0,0,0,0,0,0,0,0,1,0,0,0,0,0,,1,0,0,0,0,1,0,1,0,1,0,0,0,1,0,1,,,,,,26-30,26-35,US highway,R,Thursday,Belt Used,PV,White,0,1,0,0,State Route,State Patrol,Washington State Patrol,1,1,0,0,0,,,,,,0.0,0.0,0.0,,,,,,,,,,,98.0,98.0,98.0,1.0,,,,,20.0,7.0,,,,,,,,,,,,,,,,99117
2061,2019,304,E955916,120.0,08/23/2019,10:40,23,8,,33,King,670,1,0.0,1,1,2,1,1,1,1,,,,8,0,0,15.7,3,0,2,3,2,1,3,0,0,3,3,SR-410,GARRETT ST,-121.98825,47.199413889,0,1,13,80,5,25,34,0,0,1,5,8,1,1,3,1,11,1,1,53,0,7,472,2008,0,0.0,8,,,,,,1,1,75,1,0.0,,0,0,3,0,11,0,,,,,0.0,0.0,3.0,3.0,1,0,0.0,0.0,0.0,93,,,,,,0,,,,,,98022.0,53,72.0,250.0,6.0,1.0,0.0,0.0,0.0,0.0,,97,,,,,,0,,,20,0,0,0,8.0,9,8,,,0,0.0,0.0,8,0,8.0,95.0,,,96.0,,,8,95,995.0,,,,,,,,,,,,,,,,,,,,,,,,,,,,,,0,0,0,1,0,0,0,0,0,0,0,0,0,0,0,0,1,0,0,0,0,0,0,0,0,1,1,1,0,1,0,1,0,0,0,,0,0,0,0,0,0,0,0,1,0,0,0,0,0,0,0,,,,,,71-75,66-75,State route,U,Friday,Belt Used,PV,Not Fatal,1,0,0,0,State Route,Municipal/City Police,Enumclaw Police Department,0,1,0,0,0,,,,,,0.0,0.0,0.0,,,,,,,,,,,98.0,98.0,98.0,0.0,,,,,20.0,7.0,,,,,,,,,,,,,,,,98022
2062,2019,305,E956253,39.0,08/23/2019,14:48,23,8,,61,Snohomish,0,1,0.0,1,1,2,1,0,1,1,,,,42,0,0,1.9,1,0,1,3,1,2,4,0,0,0,0,CR-RIVERSHORE RD,,-122.1693111,47.931061111,0,1,1,13,2,35,87,0,0,1,5,42,3,1,8,1,14,1,3,46,0,72,706,2015,0,0.0,63,42.0,,,,,1,1,60,1,7.0,,4,7,20,7,11,0,08/23/2019,14:48,53037809.0,37809.0,0.0,0.0,0.0,2.0,1,0,0.0,0.0,0.0,92,,,,,,0,,,,,,98022.0,53,68.0,180.0,6.0,1.0,0.0,0.0,0.0,1.0,,0,,,,,,0,10/15/2015,10/15/2015,20,8,0,0,0.0,9,8,,,0,0.0,0.0,8,0,2.0,1.0,,,1.0,,,2,1,0.0,,,,,,,,,,,,,,,,,,,,,,,,,,,,,,0,0,1,0,0,0,0,0,0,0,0,0,0,0,1,0,1,0,0,0,0,0,0,0,0,0,0,0,1,0,0,0,0,0,1,0.0,0,0,0,0,0,0,0,0,1,0,0,0,0,0,0,0,,,,,,56-60,56-65,County road,R,Friday,,MC,White,0,1,0,0,County Road,County Sheriff,Snohomish County Sheriff's Office,1,0,1,0,0,,,,,,0.0,0.0,0.0,,,,,,,,,,,0.0,0.0,0.0,1.0,,,,,19.0,0.0,,,,,,,,,,,,,,,,98290
2063,2019,306,E957141,305.0,09/01/2019,17:17,1,9,,11,Clark,2370,1,0.0,1,1,2,1,0,3,2,,,,12,0,6,0.0,2,0,2,7,2,4,6,0,0,3,3,SE 164TH AVE,SE 12TH ST,-122.5041861,45.612122222,0,1,68,15,2,40,4,0,0,1,5,12,1,1,5,1,11,1,1,53,0,19,3,1995,0,0.0,12,,,,,,1,1,81,1,7.0,,4,7,3,0,11,0,09/01/2019,17:17,237053039981.0,39981.0,0.0,0.0,3.0,3.0,1,39,0.0,0.0,0.0,96,,,,,,99,,,,,,98671.0,53,68.0,238.0,6.0,1.0,0.0,1.0,1.0,0.0,,0,,,,,,0,12/15/2017,12/15/2017,2,0,0,0,0.0,9,8,,,0,0.0,0.0,8,9,2.0,1.0,,,1.0,,,2,1,0.0,,,,,,,,,,,,,,,,,,,,,,,,,,,,,,0,0,0,1,0,0,0,0,0,0,0,0,1,0,0,0,0,0,0,0,0,0,0,1,1,1,1,1,0,1,0,0,0,0,0,,1,0,0,0,0,0,0,0,0,0,0,0,0,0,0,0,,,,,,81+,76+,City street,U,Sunday,Belt Used,PV,White,1,0,0,0,City Street,Municipal/City Police,Vancouver Police Department,0,0,0,1,0,,,,,,0.0,0.0,0.0,,,,,,,,,,,0.0,0.0,0.0,1.0,,,,,20.0,7.0,,,,,,,,,,,,,,,,98683
2064,2019,306,E957141,305.0,09/01/2019,17:17,1,9,,11,Clark,2370,1,0.0,1,1,2,1,0,3,2,,,,12,0,6,0.0,2,0,2,7,2,4,6,0,0,3,3,SE 164TH AVE,SE 12TH ST,-122.5041861,45.612122222,0,2,69,62,4,40,2,0,0,1,5,12,1,1,5,1,1,2,1,41,0,34,47,2015,0,0.0,12,64.0,30.0,,,,1,1,25,2,0.0,,1,0,3,0,11,5,,,,,0.0,0.0,0.0,3.0,1,0,0.0,0.0,0.0,96,,,,,,0,,,,,,98683.0,53,67.0,185.0,6.0,1.0,0.0,0.0,0.0,1.0,,0,,,,,,3,02/15/2019,02/15/2019,8,0,0,0,8.0,9,8,,,0,0.0,0.0,8,0,2.0,1.0,,,1.0,,,2,1,0.0,,,,,,,,,,,,,,,,,,,,,,,,,,,,,,0,0,0,1,0,0,0,0,0,0,0,0,1,0,0,0,0,0,0,0,0,0,0,1,1,1,1,1,0,1,0,0,0,0,0,,0,0,0,0,0,0,0,0,0,1,0,0,0,0,0,0,,,,,,21-25,16-25,City street,U,Sunday,Belt Used,PV,Not Fatal,1,0,0,0,City Street,Municipal/City Police,Vancouver Police Department,0,0,0,1,0,,,,,,0.0,0.0,0.0,,,,,,,,,,,98.0,98.0,98.0,0.0,,,,,20.0,7.0,,,,,,,,,,,,,,,,98683
2065,2019,307,E957223,2.0,08/31/2019,21:00,31,8,,29,Island,1550,1,0.0,3,1,2,1,0,2,2,,,,12,0,6,33.0,2,0,2,3,2,1,3,0,0,3,3,SR-20,NE 16TH AVE,-122.638,48.311222222,0,1,68,15,2,35,34,0,0,1,7,12,1,2,3,1,11,1,3,53,0,20,481,2017,0,0.0,12,,,,,,1,1,51,1,0.0,,0,0,3,0,11,0,,,,,0.0,0.0,3.0,3.0,1,38,0.0,0.0,0.0,96,,,,,,0,,,,,,98277.0,53,75.0,220.0,6.0,1.0,0.0,0.0,1.0,0.0,,97,,,,,,0,05/15/2015,05/15/2015,20,0,0,0,8.0,9,8,,,0,0.0,0.0,8,0,0.0,0.0,,,0.0,,,0,0,996.0,,,,,,,,,,,,,,,,,,,,,,,,,,,,,,0,0,0,1,1,0,0,0,0,0,0,0,0,1,1,0,0,0,1,0,0,0,0,0,0,0,0,0,1,1,0,0,0,0,0,,0,0,0,0,0,0,0,0,0,0,1,0,0,0,0,0,,,,,,51-55,46-55,State route,U,Saturday,Belt Used,PV,Not Fatal,1,0,0,0,State Route,State Patrol,Washington State Patrol,0,1,0,0,0,,,,,,0.0,0.0,0.0,,,,,,,,,,,98.0,98.0,98.0,0.0,,,,,20.0,7.0,,,,,,,,,,,,,,,,98277
2066,2019,307,E957223,2.0,08/31/2019,21:00,31,8,,29,Island,1550,1,0.0,3,1,2,1,0,2,2,,,,12,0,6,33.0,2,0,2,3,2,1,3,0,0,3,3,SR-20,NE 16TH AVE,-122.638,48.311222222,0,2,69,62,4,35,80,0,0,1,2,12,1,2,3,1,1,1,2,53,0,73,705,2008,0,0.0,12,,,,,,1,1,27,1,7.0,,4,0,20,7,11,4,08/31/2019,22:20,155053039683.0,39683.0,0.0,0.0,0.0,2.0,1,0,0.0,0.0,0.0,96,,,,,,9,,,,,,98277.0,53,73.0,160.0,1.0,1.0,1.0,1.0,1.0,5.0,,0,,,,,,0,03/15/2016,04/15/2019,20,8,0,0,0.0,1,8,,,0,0.0,0.0,8,1,0.0,0.0,,,0.0,,,2,1,0.05,,,,,,,,,,,,,,,,,,,,,,,,,,,,,,0,0,0,1,1,0,0,0,0,0,0,0,0,1,1,0,0,0,1,0,0,0,0,0,0,0,0,0,1,1,0,0,0,0,1,0.0,0,0,0,0,1,0,0,0,0,0,0,1,1,0,0,1,,,,,,26-30,26-35,State route,U,Saturday,,MC,Black,1,0,0,0,State Route,State Patrol,Washington State Patrol,0,1,0,0,0,,,,,,0.0,1.0,1.0,,,,,,,,,,,0.0,0.0,0.0,2.0,,,,,5.0,0.0,,,,,,,,,,,,,,,,98277
2067,2019,308,E957257,300.0,09/04/2019,18:12,4,9,,77,Yakima,2340,1,0.0,1,1,2,1,0,4,4,,,,12,0,1,0.0,1,0,1,7,2,4,6,0,0,0,0,W VALLEY MALL BLVD,,-120.5035083,46.563336111,0,1,20,50,3,40,80,0,0,1,5,12,1,1,2,2,3,1,1,53,0,73,703,2014,0,0.0,12,12.0,,,,,1,1,44,2,1.0,,4,0,20,7,11,4,09/04/2019,18:44,259053040096.0,40096.0,0.0,0.0,0.0,2.0,1,0,0.0,0.0,0.0,96,,,,,,99,,,,,,98908.0,53,65.0,120.0,1.0,1.0,0.0,3.0,0.0,0.0,,0,,,,,,4,02/15/2015,06/15/2017,20,8,0,0,0.0,9,8,,,0,0.0,0.0,8,9,2.0,401.0,417.0,,1.0,1.0,,2,1,0.0,,,,,,,,,,,,,,,,,,,,,,,,,,,,,,0,0,0,0,0,0,1,1,0,0,0,0,1,1,1,0,0,0,0,0,0,0,0,0,0,1,1,1,1,1,0,0,0,0,1,0.0,0,0,0,0,0,0,1,1,0,1,0,1,0,0,1,0,,,,,,41-45,36-45,City street,U,Wednesday,,MC,Hispanic,0,0,0,0,City Street,Municipal/City Police,Union Gap Police Department,0,0,0,1,0,,,,,,0.0,0.0,4.0,,,,,,,,,,,0.0,0.0,0.0,298.0,,,,,19.0,0.0,,,,,,,,,,,,,,,,98903
2068,2019,308,E957257,300.0,09/04/2019,18:12,4,9,,77,Yakima,2340,1,0.0,1,1,2,1,0,4,4,,,,12,0,1,0.0,1,0,1,7,2,4,6,0,0,0,0,W VALLEY MALL BLVD,,-120.5035083,46.563336111,0,2,21,53,3,40,34,0,0,1,5,12,1,1,2,2,5,1,1,53,0,20,471,2003,0,0.0,12,12.0,,,,,1,1,76,1,0.0,,0,0,3,0,11,0,,,,,0.0,0.0,0.0,3.0,1,0,0.0,0.0,0.0,0,,,,,,0,,,,,,98908.0,53,72.0,240.0,6.0,1.0,0.0,0.0,0.0,0.0,,0,,,,,,0,,,20,0,0,0,8.0,9,8,,,0,0.0,0.0,8,0,8.0,95.0,,,96.0,,,8,95,995.0,,,,,,,,,,,,,,,,,,,,,,,,,,,,,,0,0,0,0,0,0,1,1,0,0,0,0,1,1,1,0,0,0,0,0,0,0,0,0,0,1,1,1,1,1,0,0,0,0,0,,0,0,0,0,0,0,0,0,0,0,0,0,0,0,0,0,,,,,,76-80,76+,City street,U,Wednesday,Belt Used,PV,Not Fatal,0,0,0,0,City Street,Municipal/City Police,Union Gap Police Department,0,0,0,1,0,,,,,,0.0,0.0,0.0,,,,,,,,,,,98.0,98.0,98.0,0.0,,,,,20.0,7.0,,,,,,,,,,,,,,,,98903
2069,2019,308,E957257,300.0,09/04/2019,18:12,4,9,,77,Yakima,2340,1,0.0,1,1,2,1,0,4,4,,,,12,0,1,0.0,1,0,1,7,2,4,6,0,0,0,0,W VALLEY MALL BLVD,,-120.5035083,46.563336111,0,3,98,98,7,40,4,0,0,1,5,12,1,1,2,2,5,1,1,53,0,35,43,2004,0,0.0,12,,,,,,1,1,36,2,0.0,,0,0,3,0,11,0,,,,,0.0,0.0,0.0,3.0,1,0,0.0,0.0,0.0,0,,,,,,0,,,,,,98903.0,53,61.0,140.0,6.0,1.0,0.0,0.0,1.0,0.0,,0,,,,,,0,08/15/2018,08/15/2018,20,0,0,0,8.0,9,8,,,0,0.0,0.0,8,0,8.0,95.0,,,96.0,,,8,95,995.0,,,,,,,,,,,,,,,,,,,,,,,,,,,,,,0,0,0,0,0,0,1,1,0,0,0,0,1,1,1,0,0,0,0,0,0,0,0,0,0,1,1,1,1,1,0,0,0,0,0,,0,0,0,0,0,0,0,0,0,0,0,0,0,0,0,0,,,,,,36-40,36-45,City street,U,Wednesday,Belt Used,PV,Not Fatal,0,0,0,0,City Street,Municipal/City Police,Union Gap Police Department,0,0,0,1,0,,,,,,0.0,0.0,0.0,,,,,,,,,,,98.0,98.0,98.0,0.0,,,,,20.0,7.0,,,,,,,,,,,,,,,,98903
2070,2019,308,E957257,300.0,09/04/2019,18:12,4,9,,77,Yakima,2340,1,0.0,1,1,2,1,0,4,4,,,,12,0,1,0.0,1,0,1,7,2,4,6,0,0,0,0,W VALLEY MALL BLVD,,-120.5035083,46.563336111,0,4,98,98,7,40,34,0,0,1,5,12,1,1,2,1,5,1,1,53,0,7,482,2002,0,0.0,12,,,,,,1,1,39,1,0.0,,0,0,3,0,11,0,,,,,0.0,0.0,3.0,3.0,1,0,0.0,0.0,0.0,0,,,,,,0,,,,,,98908.0,53,74.0,285.0,6.0,1.0,0.0,1.0,0.0,0.0,,0,,,,,,0,09/15/2016,09/15/2016,20,0,0,0,8.0,9,8,,,0,0.0,0.0,8,0,8.0,95.0,,,96.0,,,8,95,995.0,,,,,,,,,,,,,,,,,,,,,,,,,,,,,,0,0,0,0,0,0,1,1,0,0,0,0,1,1,1,0,0,0,0,0,0,0,0,0,0,1,1,1,1,1,0,0,0,0,0,,0,0,0,0,0,0,0,0,0,0,0,0,0,0,0,0,,,,,,36-40,36-45,City street,U,Wednesday,Belt Used,PV,Not Fatal,0,0,0,0,City Street,Municipal/City Police,Union Gap Police Department,0,0,0,1,0,,,,,,0.0,0.0,0.0,,,,,,,,,,,98.0,98.0,98.0,0.0,,,,,20.0,7.0,,,,,,,,,,,,,,,,98903
2071,2019,309,E953543,7.0,08/15/2019,21:26,15,8,,33,King,170,1,0.0,3,1,2,1,0,2,2,,,,12,0,6,24.4,1,0,1,1,2,1,1,0,0,0,0,I-405,,-122.1886444,47.767258333,0,1,98,21,2,98,4,0,0,1,7,12,1,1,3,3,12,1,1,53,0,24,7,2007,0,0.0,12,64.0,25.0,,,,1,1,67,2,7.0,,4,0,99,7,11,4,08/15/2019,22:37,196053040740.0,40740.0,0.0,0.0,3.0,2.0,1,51,0.0,0.0,0.0,96,,,,,,99,,,,,,98012.0,53,63.0,145.0,1.0,1.0,1.0,0.0,0.0,1.0,,0,,,,,,0,10/15/2014,12/15/2017,1,0,0,0,0.0,9,8,,,0,0.0,0.0,8,9,2.0,155.0,157.0,,1.0,1.0,,2,1,0.2,,,,,,,,,,,,,,,,,,,,,,,,,,,,,,0,0,0,0,1,1,1,1,0,0,0,0,0,1,0,0,0,0,0,0,0,0,0,0,0,1,0,0,0,1,0,0,0,0,0,,1,0,0,0,0,1,1,1,0,0,0,1,0,0,0,1,,,,,,66-70,66-75,Interstate,U,Thursday,Unknown,PV,White,0,1,1,0,State Route,State Patrol,Washington State Patrol,0,1,0,0,0,,,,,,0.0,1.0,1.0,,,,,,,,,,,98.0,98.0,98.0,1.0,,,,,20.0,7.0,,,,,,,,,,,,,,,,19811
2072,2019,309,E953543,7.0,08/15/2019,21:26,15,8,,33,King,170,1,0.0,3,1,2,1,0,2,2,,,,12,0,6,24.4,1,0,1,1,2,1,1,0,0,0,0,I-405,,-122.1886444,47.767258333,0,2,98,98,7,60,5,0,0,1,7,12,1,1,3,3,1,1,1,53,0,12,27,2013,0,0.0,12,,,,,,1,1,26,1,0.0,,1,0,3,0,11,8,,,,,0.0,0.0,3.0,3.0,1,0,0.0,0.0,0.0,96,,,,,,0,,,,,,98445.0,53,69.0,200.0,6.0,1.0,0.0,0.0,0.0,0.0,,0,,,,,,0,,,8,0,0,0,8.0,9,8,,,0,0.0,0.0,8,0,8.0,95.0,,,96.0,,,8,95,995.0,,,,,,,,,,,,,,,,,,,,,,,,,,,,,,0,0,0,0,1,1,1,1,0,0,0,0,0,1,0,0,0,0,0,0,0,0,0,0,0,1,0,0,0,1,0,0,0,0,0,,0,0,0,0,0,0,0,0,0,0,0,0,0,0,0,0,,,,,,26-30,26-35,Interstate,U,Thursday,Belt Used,PV,Not Fatal,0,1,1,0,State Route,State Patrol,Washington State Patrol,0,1,0,0,0,,,,,,0.0,0.0,0.0,,,,,,,,,,,98.0,98.0,98.0,0.0,,,,,20.0,7.0,,,,,,,,,,,,,,,,19811
2073,2019,310,E957982,6.0,08/01/2019,5:07,1,8,,25,Grant,0,1,0.0,4,1,2,2,0,4,2,,,,12,0,2,46.6,1,0,1,5,1,1,3,0,0,0,0,SR-24,,-119.6859806,46.668736111,0,1,50,10,2,60,5,0,0,1,2,12,1,2,2,1,6,2,2,53,0,37,39,2007,0,0.0,68,12.0,2.0,,,,1,1,18,1,0.0,,3,0,20,7,11,1,,,,,0.0,0.0,0.0,3.0,1,28,33.0,0.0,0.0,96,,,,,,0,,,,,,99349.0,53,64.0,135.0,6.0,1.0,0.0,1.0,0.0,1.0,,97,,,,,,0,03/15/2019,05/15/2019,1,0,0,0,8.0,1,1,,,0,0.0,0.0,0,0,2.0,1.0,,,1.0,,,2,1,0.0,,,,,,,,,,,,,,,,,,,,,,,,,,,,,,0,0,0,0,0,0,0,0,0,0,0,0,0,0,0,0,0,0,0,0,0,1,1,0,1,1,0,0,0,1,0,0,0,0,0,,0,0,0,0,0,0,0,0,0,0,0,0,0,0,0,0,,,,,,18-20,16-25,State route,R,Thursday,Not Used,PV,Not Fatal,0,1,1,0,State Route,State Patrol,Washington State Patrol,0,1,0,0,0,,,,,,0.0,0.0,0.0,,,,,,,,,,,98.0,98.0,98.0,0.0,,,,,20.0,7.0,,,,,,,,,,,,,,,,
2074,2019,310,E957982,6.0,08/01/2019,5:07,1,8,,25,Grant,0,1,0.0,4,1,2,2,0,4,2,,,,12,0,2,46.6,1,0,1,5,1,1,3,0,0,0,0,SR-24,,-119.6859806,46.668736111,0,2,51,62,4,60,6,0,0,1,2,12,2,2,2,1,14,2,1,53,0,6,52,2007,0,0.0,12,2.0,,,,,1,1,65,1,7.0,,4,0,3,0,11,1,08/12/2019,12:30,196053036466.0,36466.0,0.0,0.0,3.0,3.0,1,0,0.0,0.0,0.0,96,,,,,,0,,,,,,99343.0,53,70.0,190.0,6.0,1.0,0.0,0.0,0.0,2.0,,0,,,,,,0,02/15/2015,05/15/2017,1,0,0,0,0.0,9,8,,,0,0.0,0.0,8,0,2.0,1.0,,,1.0,,,2,1,0.0,,,,,,,,,,,,,,,,,,,,,,,,,,,,,,0,0,0,0,0,0,0,0,0,0,0,0,0,0,0,0,0,0,0,0,0,1,1,0,1,1,0,0,0,1,0,0,0,0,0,,1,0,0,0,0,0,0,0,0,0,0,0,0,0,0,0,,,,,,61-65,56-65,State route,R,Thursday,Belt Used,PV,White,0,1,1,0,State Route,State Patrol,Washington State Patrol,0,1,0,0,0,,,,,,0.0,0.0,0.0,,,,,,,,,,,98.0,98.0,98.0,1.0,,,,,20.0,7.0,,,,,,,,,,,,,,,,
2075,2019,311,E957923,5.0,08/20/2019,15:32,20,8,,15,Cowlitz,0,10,0.0,1,1,2,1,0,1,2,,,,14,0,0,7.3,1,0,1,4,1,1,3,0,0,0,0,SR-504,,-122.79515,46.310744444,0,1,11,13,2,55,34,0,0,1,2,14,2,3,2,1,14,1,1,53,0,12,473,2001,0,0.0,63,14.0,,,,,1,1,66,2,7.0,,4,7,2,0,11,0,08/20/2019,15:32,53037789.0,37789.0,0.0,0.0,3.0,3.0,1,0,0.0,0.0,0.0,96,,,,,,99,,,,,,98649.0,53,66.0,127.0,6.0,1.0,0.0,0.0,0.0,0.0,,0,,,,,,0,,,1,0,0,0,0.0,9,8,,,0,0.0,0.0,8,1,2.0,1.0,,,1.0,,,2,1,0.0,,,,,,,,,,,,,,,,,,,,,,,,,,,,,,0,0,0,0,1,0,0,0,0,0,0,0,0,0,0,0,0,0,0,0,0,0,0,0,0,1,0,0,0,1,1,0,0,0,0,,1,0,0,0,0,0,0,0,0,0,0,0,0,0,0,1,,,,,,66-70,66-75,State route,R,Tuesday,Belt Used,PV,White,0,1,0,0,State Route,State Patrol,Washington State Patrol,1,1,0,0,0,,,,,,0.0,0.0,0.0,,,,,,,,,,,98.0,98.0,98.0,1.0,,,,,20.0,7.0,,,,,,,,,,,,,,,,98645