,year,case,par,repjur,crash_dt,crash_tm,accday,accmon,holiday,county,co_char,city,weather,weather2,lightcond,surfcond,surftype,numfatal,nmforms,pforms,vforms,not_tm,arr_tm,hosp_tm,fhevent,hitrun,manncol,milepnt,reljunc,reljuncinter,intersectiontype,funcsystem,landuse,ownership,route,schlbus,spejur,contdev,devfunc,trafid1,trafid2,x,y,wk_zone,vnumber,crashtype,criticalevent,criticaleventcat,spdlim,body,trailer,emerg,hazcargo,leave,mhevent,roadalgn,roadprof,traflane,trafflow,vehmanvr,numoccs,regowner,regstate,spuse,make,model,modelyr,vrf1,vrf2,seqevent1,seqevent2,seqevent3,seqevent4,seqevent5,seqevent6,pnumber,ptype,age,sex,hispanic,race,injury,diedscene,restraint,restraintmisuse,seatpos,takehosp,death_dt,death_tm,cert,cernum_wa,commlic,licendor,licrestrict,liccomp,drivpres,drf1,drf2,drf3,drf4,distract1,distract2,distract3,distract4,distract5,distract6,dricond1,dricond2,dricond3,dricond4,dricond5,dricond6,dzip,licstate,drhgt_in,weight,noncdl,noncdltype,prevdwi,prevoth,prevacc,prevspd,prevsus,driviol1,driviol2,driviol3,driviol4,driviol5,driviol6,spdrel,first_dt,last_dt,airbag,ejection,ejectpath,extricat,injurwrk,methalc,methdrug,nmlocat,strikveh,prf1,prf2,prf3,druginv,alcinvol,drugsts,drugres1,drugres2,drugres3,drugtst1,drugtst2,drugtst3,alcsts,alctst,alcres,nmact1,nmact2,nmact3,nmact4,nmact5,nmact6,nmprior1,nmprior2,nmprior3,nmprior4,nmprior5,nmprior6,nmcond1,nmcond2,nmcond3,nmcond4,nmcond5,nmcond6,nmsafe_helmet,nmsafe_pads,nmsafe_oth,nmprev_ref,nmprev_lgt,nmprev_oth,crashlocation,nmcrashtype,crosswalk,schoolzone,sidewalk,train_inv,wildlife_inv,rotr_fars,intersect_fars,dd_inv,aid_inv,dpd_inv,id_inv,mj_inv,impnm_inv,ainm_inv,dpnm_inv,speed_inv,unlic_inv,unendmc_inv,drowsy_inv,drdist_inv,nmdist_inv,fty_inv,unrestfat_inv,dr1617_inv,dr1820_inv,dr1620_inv,dr2125_inv,dr1625_inv,dr65_inv,dr70_inv,dr75_inv,mc_inv,pv_inv,ht_inv,ped_inv,bike_inv,unrest_fat,mc_fat,unhelmet_mc,pv_fat,ht_fat,ped_fat,bike_fat,dr_alc7,dr_alc8,dr_drug,dr_imp,dr_dist,dr_spd,dr_fty,dr_unlic,dr_alc7only,dr_alc8only,dr_drugonly,dr_drink,nm_imp,nm_alc7,nm_alc8,nm_drug,nm_dist,agegrp1,agegrp2,roadclass,urbrur,dayweek,restuse,vehtype,race_me,intersect,lanedep,oppdir,wrongway,rep_typ,investag,repag_long,rotr,st_rd,cty_rd,city_rd,oth_rd,drug_thc,thc_res,drug_cthc,cthc_res,drug_cann,prevpersemin,prevperse,prevsusoth,drugtst4,drugtst5,drugtst6,drugtst7,drugtst8,drugres4,drugres5,drugres6,drugres7,drugres8,adspresent,adsengaged,adslevel,race1,race2,race3,race4,race5,helmet,helmetmisuse,nmdistract1,nmdistract2,nmdistract3,nmdistract4,nmdistract5,nmdistract6,lab,isedtcase,crf1,crf2,crf3,CoRoadName,CoMP,IntCoRoadName,IntCoMP,zipcode
2076,2019,312,E958461,2.0,09/02/2019,17:46,2,9,,73,Whatcom,0,1,0.0,1,1,2,1,0,4,2,,,,12,0,2,14.1,2,0,7,4,1,1,3,0,0,0,0,SR-542,DEMING RD,-122.2096028,48.821075,0,1,68,10,2,55,34,0,0,1,5,12,1,1,2,1,11,1,2,53,0,20,481,1987,0,0.0,12,,,,,,1,1,47,1,7.0,,4,7,99,7,11,0,09/02/2019,17:46,53039270.0,39270.0,0.0,0.0,3.0,2.0,1,38,0.0,0.0,0.0,96,,,,,,9,,,,,,98249.0,53,65.0,175.0,1.0,1.0,1.0,1.0,1.0,0.0,,0,,,,,,0,01/15/2017,08/15/2017,20,0,0,0,0.0,1,8,,,0,0.0,0.0,8,1,2.0,1.0,,,1.0,,,2,1,0.27,,,,,,,,,,,,,,,,,,,,,,,,,,,,,,0,0,0,1,1,1,0,1,0,0,0,0,0,1,0,0,0,0,1,0,0,0,0,0,0,0,0,0,0,1,1,0,0,0,0,,1,0,0,0,0,1,0,1,0,0,1,1,0,1,0,1,,,,,,46-50,46-55,State route,R,Monday,Unknown,PV,Multiracial,1,0,0,0,State Route,State Patrol,Washington State Patrol,0,1,0,0,0,,,,,,0.0,1.0,3.0,,,,,,,,,,,0.0,0.0,0.0,203.0,298.0,,,,20.0,7.0,,,,,,,,,,,,,,,,98247
2077,2019,312,E958461,2.0,09/02/2019,17:46,2,9,,73,Whatcom,0,1,0.0,1,1,2,1,0,4,2,,,,12,0,2,14.1,2,0,7,4,1,1,3,0,0,0,0,SR-542,DEMING RD,-122.2096028,48.821075,0,2,69,62,4,55,67,1,0,1,2,12,1,1,2,1,1,3,9,95,0,7,880,2017,0,0.0,12,,,,,,1,1,37,1,0.0,,0,0,3,0,11,0,,,,,0.0,0.0,0.0,3.0,1,0,0.0,0.0,0.0,96,,,,,,0,,,,,,98273.0,53,64.0,161.0,6.0,1.0,0.0,0.0,0.0,0.0,,0,,,,,,0,,,8,0,0,0,8.0,9,8,,,0,0.0,0.0,8,0,8.0,95.0,,,96.0,,,8,95,995.0,,,,,,,,,,,,,,,,,,,,,,,,,,,,,,0,0,0,1,1,1,0,1,0,0,0,0,0,1,0,0,0,0,1,0,0,0,0,0,0,0,0,0,0,1,1,0,0,0,0,,0,0,0,0,0,0,0,0,0,0,0,0,0,0,0,0,,,,,,36-40,36-45,State route,R,Monday,,MHTRUCK,Not Fatal,1,0,0,0,State Route,State Patrol,Washington State Patrol,0,1,0,0,0,,,,,,0.0,0.0,0.0,,,,,,,,,,,98.0,98.0,98.0,0.0,,,,,20.0,7.0,,,,,,,,,,,,,,,,98247
2078,2019,313,E959103,2.0,08/18/2019,11:33,18,8,,61,Snohomish,0,1,0.0,1,1,2,1,0,3,2,,,,12,0,2,12.2,1,0,1,3,1,1,2,0,0,0,0,US-2,,-122.0200417,47.880866667,0,1,50,10,2,98,80,0,0,1,7,12,1,1,2,1,1,1,1,53,0,98,709,2012,0,0.0,68,12.0,,,,,1,1,62,1,7.0,,4,7,20,7,11,0,08/18/2019,11:33,53037163.0,37163.0,0.0,0.0,0.0,2.0,1,28,0.0,0.0,0.0,96,,,,,,9,,,,,,98272.0,53,72.0,180.0,6.0,1.0,0.0,0.0,0.0,0.0,,0,,,,,,0,,,20,8,0,0,0.0,1,8,,,0,0.0,0.0,8,1,2.0,605.0,695.0,,1.0,1.0,,2,1,0.14,,,,,,,,,,,,,,,,,,,,,,,,,,,,,,0,0,0,0,1,1,1,1,1,0,0,0,0,0,1,0,0,0,0,0,0,0,0,0,0,1,0,0,1,1,0,0,0,0,1,0.0,0,0,0,0,0,1,1,1,0,0,0,0,0,0,0,1,,,,,,61-65,56-65,US highway,R,Sunday,,MC,White,0,1,1,0,State Route,State Patrol,Washington State Patrol,0,1,0,0,0,thc,6.2,carboxy-thc,5.2,,0.0,0.0,0.0,,,,,,,,,,,0.0,0.0,0.0,1.0,,,,,5.0,0.0,,,,,,,,,,,,,,,,98290
2079,2019,313,E959103,2.0,08/18/2019,11:33,18,8,,61,Snohomish,0,1,0.0,1,1,2,1,0,3,2,,,,12,0,2,12.2,1,0,1,3,1,1,2,0,0,0,0,US-2,,-122.0200417,47.880866667,0,2,51,62,4,60,6,0,0,1,7,12,1,1,2,1,1,2,2,53,0,63,37,2015,0,0.0,12,,,,,,1,1,68,1,0.0,,1,0,3,0,11,4,,,,,0.0,0.0,0.0,3.0,1,0,0.0,0.0,0.0,96,,,,,,0,,,,,,98208.0,53,70.0,250.0,6.0,1.0,0.0,0.0,0.0,1.0,,0,,,,,,0,06/15/2017,06/15/2017,1,0,0,0,8.0,9,8,,,0,0.0,0.0,8,0,8.0,95.0,,,96.0,,,8,95,995.0,,,,,,,,,,,,,,,,,,,,,,,,,,,,,,0,0,0,0,1,1,1,1,1,0,0,0,0,0,1,0,0,0,0,0,0,0,0,0,0,1,0,0,1,1,0,0,0,0,0,,0,0,0,0,0,0,0,0,0,0,0,0,0,0,0,0,,,,,,66-70,66-75,US highway,R,Sunday,Belt Used,PV,Not Fatal,0,1,1,0,State Route,State Patrol,Washington State Patrol,0,1,0,0,0,,,,,,0.0,0.0,0.0,,,,,,,,,,,98.0,98.0,98.0,0.0,,,,,20.0,7.0,,,,,,,,,,,,,,,,98290
2080,2019,314,3795706,263.0,08/13/2019,21:20,13,8,,33,King,1960,1,0.0,3,1,2,1,1,1,1,,,,8,0,0,31.0,1,0,1,3,2,1,3,0,0,0,0,SR-99,,-122.34455,47.690483333,0,1,13,80,5,30,20,0,0,1,7,8,1,1,2,2,1,1,2,53,0,20,441,1996,0,0.0,8,,,,,,1,1,41,1,0.0,,0,0,99,7,11,0,,,,,0.0,0.0,0.0,3.0,1,0,0.0,0.0,0.0,96,,,,,,0,,,,,,98146.0,53,62.0,148.0,6.0,1.0,0.0,0.0,0.0,0.0,,0,,,,,,0,,,20,0,0,0,8.0,9,8,,,0,0.0,0.0,8,0,8.0,95.0,,,96.0,,,8,95,995.0,,,,,,,,,,,,,,,,,,,,,,,,,,,,,,0,0,0,0,0,0,0,0,0,1,1,1,0,0,0,0,0,0,0,0,0,0,0,0,0,0,0,0,0,1,0,1,0,0,0,,0,0,0,0,0,0,0,0,0,0,0,0,0,0,0,0,,,,,,41-45,36-45,State route,U,Tuesday,Unknown,PV,Not Fatal,0,0,0,0,State Route,Municipal/City Police,Seattle Police Department,0,1,0,0,0,,,,,,0.0,0.0,0.0,,,,,,,,,,,0.0,0.0,0.0,0.0,,,,,20.0,7.0,,,,,,,,,,,,,,,,98103
2081,2019,315,E922378,1.0,05/16/2019,14:47,16,5,,5,Benton,0,2,0.0,7,6,2,1,0,3,1,,,,35,0,0,86.5,1,0,1,1,1,1,1,0,0,0,0,I-82,,-119.6683333,46.228602778,0,1,6,6,1,70,14,0,0,1,7,1,4,2,2,3,14,3,1,53,0,12,402,2013,0,0.0,64,35.0,1.0,,,,1,1,74,2,0.0,,3,0,3,0,11,4,,,,,0.0,0.0,3.0,3.0,1,0,0.0,0.0,0.0,96,,,,,,0,,,,,,98029.0,53,63.0,180.0,6.0,1.0,0.0,0.0,0.0,0.0,,0,,,,,,4,,,8,0,0,0,8.0,9,8,,,0,0.0,0.0,8,0,8.0,95.0,,,96.0,,,8,95,995.0,,,,,,,,,,,,,,,,,,,,,,,,,,,,,,0,0,1,0,0,0,0,0,0,0,0,0,1,0,0,0,0,0,0,0,0,0,0,0,0,1,1,0,0,1,0,0,0,0,0,,0,0,0,0,0,0,0,0,0,1,0,0,0,0,0,0,,,,,,71-75,66-75,Interstate,R,Thursday,Belt Used,PV,Not Fatal,0,1,0,0,State Route,State Patrol,Washington State Patrol,1,1,0,0,0,,,,,,0.0,0.0,0.0,,,,,,,,,,,98.0,98.0,98.0,0.0,,,,,20.0,7.0,,,,,,,,,,,,,,,,99350
2082,2019,316,E944034,75.0,07/15/2019,6:18,15,7,,11,Clark,2420,1,0.0,1,1,2,1,0,1,1,,,,10,0,0,0.0,6,0,1,7,2,4,6,0,0,65,3,SE WHITNEY ST,,-122.3751361,45.582280556,0,1,15,90,6,25,34,0,0,1,7,10,1,1,2,1,1,1,1,53,0,7,472,2003,0,0.0,10,,,,,,1,1,55,1,7.0,,4,0,99,7,11,5,07/26/2019,23:54,24053033900.0,33900.0,0.0,0.0,3.0,3.0,1,39,0.0,0.0,0.0,96,,,,,,99,,,,,,98607.0,53,73.0,200.0,6.0,1.0,0.0,0.0,0.0,0.0,,0,,,,,,0,,,8,1,9,0,0.0,9,8,,,0,0.0,0.0,8,0,8.0,95.0,,,96.0,,,0,0,996.0,,,,,,,,,,,,,,,,,,,,,,,,,,,,,,1,0,0,0,0,0,0,0,0,0,0,0,0,0,0,0,0,0,0,0,0,0,0,0,0,0,0,0,0,1,0,0,0,0,0,,1,0,0,0,0,0,0,0,0,0,0,0,0,0,0,0,,,,,,51-55,46-55,City street,U,Monday,Unknown,PV,White,1,0,0,0,City Street,Municipal/City Police,Camas Police Department,0,0,0,1,0,,,,,,0.0,0.0,0.0,,,,,,,,,,,98.0,98.0,98.0,1.0,,,,,20.0,7.0,,,,,,,,,,,,,,,,98671
2083,2019,317,E951909,2.0,08/17/2019,18:40,17,8,,29,Island,0,1,0.0,1,1,2,1,0,3,2,,,,12,0,2,26.0,2,0,3,3,1,1,3,0,0,20,3,SR-525,SMUGGLERS COVE RD,-122.5802611,48.107955556,0,1,82,15,2,55,14,0,0,1,2,12,1,1,2,1,11,2,1,53,0,55,401,2019,0,0.0,12,,,,,,1,1,65,2,0.0,,3,0,3,0,11,4,,,,,0.0,0.0,0.0,3.0,1,10,38.0,0.0,0.0,96,,,,,,0,,,,,,98026.0,53,68.0,190.0,6.0,1.0,0.0,0.0,0.0,0.0,,46,,,,,,0,,,8,0,0,0,8.0,9,8,,,0,0.0,0.0,8,0,8.0,95.0,,,96.0,,,8,95,995.0,,,,,,,,,,,,,,,,,,,,,,,,,,,,,,0,0,0,1,0,0,0,0,0,0,0,0,0,0,0,0,0,0,1,0,0,0,0,0,0,1,0,0,0,1,0,0,0,0,0,,0,0,0,0,0,0,0,0,0,0,1,0,0,0,0,0,,,,,,61-65,56-65,State route,R,Saturday,Belt Used,PV,Not Fatal,1,0,0,0,State Route,State Patrol,Washington State Patrol,0,1,0,0,0,,,,,,0.0,0.0,0.0,,,,,,,,,,,98.0,98.0,98.0,0.0,,,,,20.0,7.0,,,,,,,,,,,,,,,,98239
2084,2019,317,E951909,2.0,08/17/2019,18:40,17,8,,29,Island,0,1,0.0,1,1,2,1,0,3,2,,,,12,0,2,26.0,2,0,3,3,1,1,3,0,0,0,0,SR-525,SMUGGLERS COVE RD,-122.5802611,48.107955556,0,2,83,67,4,55,14,0,0,1,2,12,1,1,2,1,1,1,2,53,0,2,403,2017,0,0.0,12,,,,,,1,1,44,2,0.0,,3,0,3,0,11,4,,,,,0.0,0.0,0.0,3.0,1,0,0.0,0.0,0.0,96,,,,,,0,,,,,,98249.0,53,62.0,140.0,6.0,1.0,0.0,0.0,0.0,0.0,,0,,,,,,0,,,1,0,0,0,8.0,9,8,,,0,0.0,0.0,8,0,8.0,95.0,,,96.0,,,8,95,995.0,,,,,,,,,,,,,,,,,,,,,,,,,,,,,,0,0,0,1,0,0,0,0,0,0,0,0,0,0,0,0,0,0,1,0,0,0,0,0,0,1,0,0,0,1,0,0,0,0,0,,0,0,0,0,0,0,0,0,0,0,0,0,0,0,0,0,,,,,,41-45,36-45,State route,R,Saturday,Belt Used,PV,Not Fatal,1,0,0,0,State Route,State Patrol,Washington State Patrol,0,1,0,0,0,,,,,,0.0,0.0,0.0,,,,,,,,,,,98.0,98.0,98.0,0.0,,,,,20.0,7.0,,,,,,,,,,,,,,,,98239
2085,2019,318,E953447,112.0,08/25/2019,1:34,25,8,,53,Pierce,586,1,0.0,2,1,2,1,0,1,1,,,,1,0,0,0.0,3,0,3,7,2,4,6,0,0,0,0,48TH ST E,EDGEWOOD DR E,-122.2607417,47.213847222,0,1,1,13,2,25,20,0,0,1,7,1,3,2,2,1,14,1,1,53,0,9,442,1999,0,0.0,63,1.0,,,,,1,1,22,1,7.0,,4,0,20,7,11,5,08/27/2019,11:45,223053039484.0,39484.0,0.0,0.0,0.0,3.0,1,0,0.0,0.0,0.0,96,,,,,,99,,,,,,98391.0,53,69.0,185.0,6.0,1.0,0.0,0.0,1.0,0.0,,0,,,,,,0,09/15/2017,09/15/2017,1,1,9,0,0.0,9,8,,,0,0.0,0.0,8,9,2.0,605.0,,,1.0,,,2,1,0.14,,,,,,,,,,,,,,,,,,,,,,,,,,,,,,0,0,1,1,1,1,1,1,1,0,0,0,0,0,0,0,0,0,0,1,0,0,0,1,1,0,0,0,0,1,0,0,0,1,0,,1,0,0,0,0,1,1,1,0,0,0,0,0,0,0,1,,,,,,21-25,16-25,City street,U,Sunday,Not Used,PV,White,0,1,0,0,City Street,Municipal/City Police,Edgewood Police Department,1,0,0,1,0,,,carboxy-thc,10.0,,0.0,0.0,0.0,,,,,,,,,,,0.0,0.0,0.0,1.0,,,,,20.0,7.0,,,,,,,,,,,,,,,,98372
2086,2019,319,E957569,3.0,08/20/2019,18:24,20,8,,67,Thurston,0,1,0.0,1,1,2,1,0,2,2,,,,12,0,1,16.6,8,0,1,4,1,1,3,0,0,0,0,SR-507,,-122.8149722,46.858127778,0,1,24,52,3,50,4,0,0,1,2,12,1,1,2,1,1,1,1,41,0,12,23,2013,0,0.0,12,,,,,,1,1,21,1,7.0,,4,0,3,0,11,4,08/21/2019,2:25,196053037270.0,37270.0,0.0,0.0,0.0,0.0,1,0,0.0,0.0,0.0,93,,,,,,9,,,,,,59901.0,30,,999.0,3.0,1.0,0.0,0.0,98.0,0.0,,0,,,,,,4,,,1,0,0,0,0.0,9,8,,,0,0.0,0.0,8,1,2.0,605.0,695.0,,1.0,1.0,,2,1,0.11,,,,,,,,,,,,,,,,,,,,,,,,,,,,,,0,0,0,0,1,1,1,1,1,0,0,0,1,1,0,0,1,0,0,0,0,0,0,1,1,1,1,0,0,1,1,0,0,0,0,,1,0,0,0,0,1,1,1,1,1,0,1,0,0,0,1,,,,,,21-25,16-25,State route,R,Tuesday,Belt Used,PV,White,0,0,0,0,State Route,State Patrol,Washington State Patrol,0,1,0,0,0,thc,6.7,carboxy-thc,32.0,,0.0,0.0,0.0,,,,,,,,,,,98.0,98.0,98.0,1.0,,,,,20.0,7.0,,,,,,,,,,,,,,,,98589
2087,2019,319,E957569,3.0,08/20/2019,18:24,20,8,,67,Thurston,0,1,0.0,1,1,2,1,0,2,2,,,,12,0,1,16.6,8,0,1,4,1,1,3,0,0,0,0,SR-507,,-122.8149722,46.858127778,0,2,25,53,3,50,61,0,0,1,5,12,1,1,2,1,11,1,3,53,0,23,898,1980,0,0.0,12,,,,,,1,1,71,1,0.0,,0,0,2,0,11,0,,,,,0.0,0.0,0.0,9.0,1,0,0.0,0.0,0.0,0,,,,,,0,,,,,,98589.0,53,72.0,230.0,6.0,1.0,0.0,0.0,0.0,0.0,,0,,,,,,0,,,20,0,0,0,8.0,9,8,,,0,0.0,0.0,8,0,8.0,95.0,,,96.0,,,8,95,995.0,,,,,,,,,,,,,,,,,,,,,,,,,,,,,,0,0,0,0,1,1,1,1,1,0,0,0,1,1,0,0,1,0,0,0,0,0,0,1,1,1,1,0,0,1,1,0,0,0,0,,0,0,0,0,0,0,0,0,0,0,0,0,0,0,0,0,,,,,,71-75,66-75,State route,R,Tuesday,,MHTRUCK,Not Fatal,0,0,0,0,State Route,State Patrol,Washington State Patrol,0,1,0,0,0,,,,,,0.0,0.0,0.0,,,,,,,,,,,0.0,0.0,0.0,0.0,,,,,20.0,7.0,,,,,,,,,,,,,,,,98589
2088,2019,320,E957866,2.0,09/07/2019,15:10,7,9,,29,Island,0,10,0.0,1,1,2,1,0,4,2,,,,1,0,0,9.8,8,0,1,5,2,2,4,0,0,0,0,CR-AULT FIELD RD,,-122.6671361,48.325869444,0,1,98,98,7,35,80,0,0,1,7,12,1,1,3,5,6,1,1,53,0,98,709,2019,0,0.0,1,12.0,,,,,1,1,24,1,7.0,,4,7,20,7,11,0,09/07/2019,15:10,53041032.0,41032.0,0.0,0.0,3.0,3.0,1,33,38.0,0.0,0.0,93,,,,,,99,,,,,,11575.0,36,71.0,999.0,6.0,1.0,0.0,0.0,1.0,0.0,,46,,,,,,0,06/15/2016,06/15/2016,20,8,0,0,0.0,9,8,,,0,0.0,0.0,8,9,2.0,1.0,,,1.0,,,2,1,0.0,,,,,,,,,,,,,,,,,,,,,,,,,,,,,,0,0,0,0,0,0,0,0,0,0,0,0,0,0,0,0,1,0,1,0,0,0,0,1,1,0,0,0,1,0,0,0,0,0,1,0.0,0,0,0,0,0,0,0,0,1,0,1,0,0,0,0,0,,,,,,21-25,16-25,County road,U,Saturday,,MC,Black,0,0,0,0,County Road,State Patrol,Washington State Patrol,0,0,1,0,0,,,,,,0.0,0.0,0.0,,,,,,,,,,,0.0,0.0,0.0,2.0,,,,,5.0,0.0,,,,,,,,,,,,,,,,98277
2089,2019,320,E957866,2.0,09/07/2019,15:10,7,9,,29,Island,0,10,0.0,1,1,2,1,0,4,2,,,,1,0,0,9.8,8,0,1,5,2,2,4,0,0,0,0,CR-AULT FIELD RD,,-122.6671361,48.325869444,0,2,98,98,7,35,73,0,0,1,5,12,1,1,3,5,10,3,2,53,0,98,850,1987,0,0.0,12,,,,,,1,1,48,1,0.0,,0,0,3,0,11,0,,,,,0.0,0.0,0.0,3.0,1,48,0.0,0.0,0.0,96,,,,,,0,,,,,,98277.0,53,67.0,180.0,6.0,1.0,0.0,0.0,0.0,0.0,,0,,,,,,0,,,20,0,0,0,8.0,9,8,,,0,0.0,0.0,8,0,8.0,95.0,,,96.0,,,8,95,995.0,,,,,,,,,,,,,,,,,,,,,,,,,,,,,,0,0,0,0,0,0,0,0,0,0,0,0,0,0,0,0,1,0,1,0,0,0,0,1,1,0,0,0,1,0,0,0,0,0,0,,0,0,0,0,0,0,0,0,0,0,0,0,0,0,0,0,,,,,,46-50,46-55,County road,U,Saturday,,MHOME,Not Fatal,0,0,0,0,County Road,State Patrol,Washington State Patrol,0,0,1,0,0,,,,,,0.0,0.0,0.0,,,,,,,,,,,0.0,0.0,0.0,0.0,,,,,20.0,7.0,,,,,,,,,,,,,,,,98277
2090,2019,321,E957985,4.0,09/06/2019,2:59,6,9,,63,Spokane,0,1,0.0,2,1,2,1,0,3,2,,,,12,0,2,5.0,1,0,1,3,2,1,3,0,0,0,0,SR-291,,-117.5068972,47.734436111,0,1,50,10,2,98,80,0,0,1,2,12,2,1,2,1,14,1,2,53,0,53,706,2004,0,0.0,68,12.0,,,,,1,1,25,1,7.0,,4,7,20,7,11,0,09/06/2019,2:59,53039967.0,39967.0,0.0,0.0,0.0,2.0,1,28,0.0,0.0,0.0,96,,,,,,9,,,,,,99205.0,53,72.0,180.0,1.0,1.0,1.0,1.0,0.0,2.0,,0,,,,,,3,05/15/2017,02/15/2019,20,8,0,0,0.0,9,8,,,0,0.0,0.0,8,1,2.0,1.0,,,1.0,,,2,1,0.16,,,,,,,,,,,,,,,,,,,,,,,,,,,,,,0,0,0,0,1,1,0,1,0,0,0,0,1,1,1,0,0,0,0,0,0,0,0,1,1,0,0,0,1,1,0,0,0,0,1,0.0,0,0,0,0,0,1,0,1,0,1,0,1,0,1,0,1,,,,,,21-25,16-25,State route,U,Friday,,MC,White,0,0,0,1,State Route,State Patrol,Washington State Patrol,0,1,0,0,0,,,,,,0.0,1.0,2.0,,,,,,,,,,,0.0,0.0,0.0,1.0,,,,,5.0,0.0,,,,,,,,,,,,,,,,99026
2091,2019,321,E957985,4.0,09/06/2019,2:59,6,9,,63,Spokane,0,1,0.0,2,1,2,1,0,3,2,,,,12,0,2,5.0,1,0,1,3,2,1,3,0,0,0,0,SR-291,,-117.5068972,47.734436111,0,2,51,62,4,55,2,0,0,1,2,12,3,1,2,1,14,2,2,53,0,20,16,2002,0,0.0,12,,,,,,1,1,23,1,0.0,,1,0,3,0,11,4,,,,,0.0,0.0,0.0,3.0,1,0,0.0,0.0,0.0,96,,,,,,0,,,,,,99206.0,53,72.0,150.0,6.0,1.0,0.0,1.0,1.0,1.0,,0,,,,,,0,11/15/2015,01/15/2016,8,0,0,0,8.0,9,8,,,0,0.0,0.0,8,0,8.0,95.0,,,96.0,,,8,95,995.0,,,,,,,,,,,,,,,,,,,,,,,,,,,,,,0,0,0,0,1,1,0,1,0,0,0,0,1,1,1,0,0,0,0,0,0,0,0,1,1,0,0,0,1,1,0,0,0,0,0,,0,0,0,0,0,0,0,0,0,0,0,0,0,0,0,0,,,,,,21-25,16-25,State route,U,Friday,Belt Used,PV,Not Fatal,0,0,0,1,State Route,State Patrol,Washington State Patrol,0,1,0,0,0,,,,,,0.0,0.0,0.0,,,,,,,,,,,98.0,98.0,98.0,0.0,,,,,20.0,7.0,,,,,,,,,,,,,,,,99026
2092,2019,322,E957138,146.0,09/02/2019,21:15,2,9,,77,Yakima,0,1,0.0,2,1,2,1,0,3,2,,,,12,0,6,1.8,2,0,2,5,1,2,4,0,3,20,3,CR-KAYS RD,LATERAL RD A,-120.4803083,46.491969444,0,1,89,17,2,50,20,0,0,1,7,12,1,1,2,1,1,1,2,53,0,7,442,2000,0,0.0,12,63.0,1.0,3.0,,,1,1,18,1,1.0,,4,0,20,7,11,4,09/06/2019,13:14,259053039876.0,39876.0,0.0,0.0,0.0,0.0,1,39,0.0,0.0,0.0,96,,,,,,0,,,,,,98539.0,53,61.0,126.0,0.0,0.0,0.0,0.0,0.0,0.0,,0,,,,,,0,,,1,0,0,1,0.0,9,8,,,0,0.0,0.0,8,0,2.0,1.0,,,1.0,,,2,1,0.0,,,,,,,,,,,,,,,,,,,,,,,,,,,,,,0,0,0,1,0,0,0,0,0,0,0,0,0,1,0,0,0,0,0,1,0,1,1,0,1,0,0,0,0,1,0,0,0,1,0,,1,0,0,0,0,0,0,0,0,0,0,1,0,0,0,0,,,,,,18-20,16-25,County road,R,Monday,Not Used,PV,Hispanic,1,0,0,0,County Road,County Sheriff,Yakima County Sheriff's Office,0,0,1,0,0,,,,,,0.0,0.0,0.0,,,,,,,,,,,98.0,98.0,98.0,298.0,,,,,20.0,7.0,,,,,,,,,,,,,,,,98951
2093,2019,322,E957138,146.0,09/02/2019,21:15,2,9,,77,Yakima,0,1,0.0,2,1,2,1,0,3,2,,,,12,0,6,1.8,2,0,2,5,1,2,4,0,3,0,0,CR-KAYS RD,LATERAL RD A,-120.4803083,46.491969444,0,2,88,66,4,55,14,0,0,1,7,12,1,1,2,1,1,2,1,53,0,49,404,2007,0,0.0,12,,,,,,1,1,50,2,0.0,,2,0,3,0,11,8,,,,,0.0,0.0,0.0,3.0,1,0,0.0,0.0,0.0,96,,,,,,0,,,,,,98933.0,53,61.0,200.0,6.0,1.0,0.0,0.0,0.0,0.0,,0,,,,,,0,,,1,0,0,0,8.0,9,8,,,0,0.0,0.0,8,0,8.0,95.0,,,96.0,,,8,95,995.0,,,,,,,,,,,,,,,,,,,,,,,,,,,,,,0,0,0,1,0,0,0,0,0,0,0,0,0,1,0,0,0,0,0,1,0,1,1,0,1,0,0,0,0,1,0,0,0,0,0,,0,0,0,0,0,0,0,0,0,0,0,0,0,0,0,0,,,,,,46-50,46-55,County road,R,Monday,Belt Used,PV,Not Fatal,1,0,0,0,County Road,County Sheriff,Yakima County Sheriff's Office,0,0,1,0,0,,,,,,0.0,0.0,0.0,,,,,,,,,,,98.0,98.0,98.0,0.0,,,,,20.0,7.0,,,,,,,,,,,,,,,,98951
2094,2019,323,E958440,42.0,09/09/2019,17:50,9,9,,67,Thurston,0,10,0.0,5,2,2,1,0,2,1,,,,42,0,0,0.2,1,0,1,7,1,2,4,0,0,0,0,CR-SUMMIT LAKE RD NW,,-123.1054778,47.035872222,0,1,1,13,2,35,4,0,0,1,7,42,1,2,2,1,1,2,2,53,0,19,23,2017,0,0.0,63,42.0,,,,,1,1,27,2,7.0,,4,0,3,0,11,4,09/09/2019,20:40,196053041110.0,41110.0,0.0,0.0,0.0,3.0,1,0,0.0,0.0,0.0,96,,,,,,9,,,,,,98502.0,53,64.0,130.0,6.0,1.0,0.0,0.0,0.0,0.0,,0,,,,,,3,,,8,0,0,0,0.0,9,8,,,0,0.0,0.0,8,1,2.0,348.0,,,1.0,,,2,1,0.16,,,,,,,,,,,,,,,,,,,,,,,,,,,,,,0,0,1,0,1,1,1,1,0,0,0,0,1,0,0,0,0,0,0,0,0,0,0,0,0,0,0,0,0,1,0,0,0,0,0,,1,0,0,0,0,1,1,1,0,1,0,0,0,0,0,1,,,,,,26-30,26-35,County road,R,Monday,Belt Used,PV,Multiracial,0,1,0,0,County Road,County Sheriff,Thurston County Sheriff's Office,1,0,1,0,0,,,,,,0.0,0.0,0.0,,,,,,,,,,,98.0,98.0,98.0,201.0,268.0,,,,20.0,7.0,,,,,,,,,,,,,,,,98502