,year,case,par,repjur,crash_dt,crash_tm,accday,accmon,holiday,county,co_char,city,weather,weather2,lightcond,surfcond,surftype,numfatal,nmforms,pforms,vforms,not_tm,arr_tm,hosp_tm,fhevent,hitrun,manncol,milepnt,reljunc,reljuncinter,intersectiontype,funcsystem,landuse,ownership,route,schlbus,spejur,contdev,devfunc,trafid1,trafid2,x,y,wk_zone,vnumber,crashtype,criticalevent,criticaleventcat,spdlim,body,trailer,emerg,hazcargo,leave,mhevent,roadalgn,roadprof,traflane,trafflow,vehmanvr,numoccs,regowner,regstate,spuse,make,model,modelyr,vrf1,vrf2,seqevent1,seqevent2,seqevent3,seqevent4,seqevent5,seqevent6,pnumber,ptype,age,sex,hispanic,race,injury,diedscene,restraint,restraintmisuse,seatpos,takehosp,death_dt,death_tm,cert,cernum_wa,commlic,licendor,licrestrict,liccomp,drivpres,drf1,drf2,drf3,drf4,distract1,distract2,distract3,distract4,distract5,distract6,dricond1,dricond2,dricond3,dricond4,dricond5,dricond6,dzip,licstate,drhgt_in,weight,noncdl,noncdltype,prevdwi,prevoth,prevacc,prevspd,prevsus,driviol1,driviol2,driviol3,driviol4,driviol5,driviol6,spdrel,first_dt,last_dt,airbag,ejection,ejectpath,extricat,injurwrk,methalc,methdrug,nmlocat,strikveh,prf1,prf2,prf3,druginv,alcinvol,drugsts,drugres1,drugres2,drugres3,drugtst1,drugtst2,drugtst3,alcsts,alctst,alcres,nmact1,nmact2,nmact3,nmact4,nmact5,nmact6,nmprior1,nmprior2,nmprior3,nmprior4,nmprior5,nmprior6,nmcond1,nmcond2,nmcond3,nmcond4,nmcond5,nmcond6,nmsafe_helmet,nmsafe_pads,nmsafe_oth,nmprev_ref,nmprev_lgt,nmprev_oth,crashlocation,nmcrashtype,crosswalk,schoolzone,sidewalk,train_inv,wildlife_inv,rotr_fars,intersect_fars,dd_inv,aid_inv,dpd_inv,id_inv,mj_inv,impnm_inv,ainm_inv,dpnm_inv,speed_inv,unlic_inv,unendmc_inv,drowsy_inv,drdist_inv,nmdist_inv,fty_inv,unrestfat_inv,dr1617_inv,dr1820_inv,dr1620_inv,dr2125_inv,dr1625_inv,dr65_inv,dr70_inv,dr75_inv,mc_inv,pv_inv,ht_inv,ped_inv,bike_inv,unrest_fat,mc_fat,unhelmet_mc,pv_fat,ht_fat,ped_fat,bike_fat,dr_alc7,dr_alc8,dr_drug,dr_imp,dr_dist,dr_spd,dr_fty,dr_unlic,dr_alc7only,dr_alc8only,dr_drugonly,dr_drink,nm_imp,nm_alc7,nm_alc8,nm_drug,nm_dist,agegrp1,agegrp2,roadclass,urbrur,dayweek,restuse,vehtype,race_me,intersect,lanedep,oppdir,wrongway,rep_typ,investag,repag_long,rotr,st_rd,cty_rd,city_rd,oth_rd,drug_thc,thc_res,drug_cthc,cthc_res,drug_cann,prevpersemin,prevperse,prevsusoth,drugtst4,drugtst5,drugtst6,drugtst7,drugtst8,drugres4,drugres5,drugres6,drugres7,drugres8,adspresent,adsengaged,adslevel,race1,race2,race3,race4,race5,helmet,helmetmisuse,nmdistract1,nmdistract2,nmdistract3,nmdistract4,nmdistract5,nmdistract6,lab,isedtcase,crf1,crf2,crf3,CoRoadName,CoMP,IntCoRoadName,IntCoMP,zipcode
2151,2019,362,E970943,33.0,04/10/2019,13:46,10,4,,49,Pacific,0,10,0.0,1,2,2,1,0,1,2,,,,14,0,0,0.7,1,0,1,7,1,2,4,0,0,0,0,CR-U ST,,-124.0446694,46.4761,0,1,11,6,1,35,2,0,0,1,7,14,1,1,2,1,1,1,1,53,0,13,2,1994,0,0.0,68,68.0,63.0,14.0,,,1,1,55,1,7.0,,4,0,1,0,11,8,04/20/2019,15:57,165041011806.0,,0.0,0.0,3.0,2.0,1,0,0.0,0.0,0.0,96,,,,,,99,,,,,,98631.0,53,68.0,205.0,1.0,1.0,1.0,2.0,1.0,0.0,,0,,,,,,3,03/15/2016,06/15/2017,20,0,0,0,0.0,9,8,,,0,0.0,0.0,8,9,8.0,95.0,,,96.0,,,8,95,995.0,,,,,,,,,,,,,,,,,,,,,,,,,,,,,,0,0,0,0,0,0,0,0,0,0,0,0,1,1,0,0,0,0,0,0,0,0,0,0,0,0,0,0,0,1,1,0,0,0,0,,1,0,0,0,0,0,0,0,0,1,0,1,0,0,0,0,,,,,,51-55,46-55,County road,R,Wednesday,Belt Used,PV,White,0,1,0,0,County Road,County Sheriff,Pacific County Sheriff's Office,1,0,1,0,0,,,,,,0.0,1.0,2.0,,,,,,,,,,,0.0,0.0,0.0,1.0,,,,,20.0,7.0,,,,,,,,,,,,,,,,98640
2152,2019,363,E970986,278.0,10/15/2019,18:53,15,10,,63,Spokane,2110,1,0.0,3,1,2,1,0,5,2,,,,12,0,6,0.0,2,0,2,7,2,4,6,0,0,0,0,N INDIAN TRAIL RD,W LOWELL AVE,-117.4833139,47.737175,0,1,83,67,4,35,80,0,0,1,5,12,1,1,4,1,1,1,1,53,0,73,706,2009,0,0.0,12,,,,,,1,1,36,1,7.0,,4,7,20,7,11,0,10/15/2019,18:53,211053045995.0,45995.0,0.0,0.0,0.0,2.0,1,0,0.0,0.0,0.0,96,,,,,,99,,,,,,99205.0,53,74.0,195.0,1.0,1.0,0.0,1.0,0.0,3.0,,0,,,,,,3,08/15/2015,02/15/2019,20,8,0,0,0.0,9,8,,,0,0.0,0.0,8,9,2.0,128.0,177.0,401.0,1.0,1.0,1.0,2,1,0.0,,,,,,,,,,,,,,,,,,,,,,,,,,,,,,0,0,0,1,0,0,1,1,0,0,0,0,1,1,1,0,0,0,0,0,0,0,0,0,0,0,0,0,1,1,0,0,0,0,1,0.0,0,0,0,0,0,0,1,1,0,1,0,1,0,0,1,0,,,,,,36-40,36-45,City street,U,Tuesday,,MC,White,1,0,0,0,City Street,Municipal/City Police,Spokane Police Department,0,0,0,1,0,,,,,,0.0,0.0,0.0,1.0,,,,,417.0,,,,,0.0,0.0,0.0,1.0,,,,,19.0,0.0,,,,,,,,,,,,,,,,99208
2153,2019,363,E970986,278.0,10/15/2019,18:53,15,10,,63,Spokane,2110,1,0.0,3,1,2,1,0,5,2,,,,12,0,6,0.0,2,0,2,7,2,4,6,0,0,20,3,N INDIAN TRAIL RD,W LOWELL AVE,-117.4833139,47.737175,0,2,82,15,2,98,14,0,0,1,5,12,1,1,4,1,11,4,1,53,0,41,402,2005,0,0.0,12,,,,,,1,1,44,1,0.0,,0,0,3,0,11,0,,,,,0.0,0.0,0.0,3.0,1,0,0.0,0.0,0.0,96,,,,,,0,,,,,,99205.0,53,70.0,180.0,6.0,1.0,0.0,0.0,0.0,0.0,,0,,,,,,0,,,20,0,0,0,8.0,9,8,,,0,0.0,0.0,8,0,8.0,95.0,,,96.0,,,8,95,995.0,,,,,,,,,,,,,,,,,,,,,,,,,,,,,,0,0,0,1,0,0,1,1,0,0,0,0,1,1,1,0,0,0,0,0,0,0,0,0,0,0,0,0,1,1,0,0,0,0,0,,0,0,0,0,0,0,0,0,0,0,0,0,0,0,0,0,,,,,,41-45,36-45,City street,U,Tuesday,Belt Used,PV,Not Fatal,1,0,0,0,City Street,Municipal/City Police,Spokane Police Department,0,0,0,1,0,,,,,,0.0,0.0,0.0,,,,,,,,,,,98.0,98.0,98.0,0.0,,,,,20.0,7.0,,,,,,,,,,,,,,,,99208
2154,2019,364,E971402,305.0,10/15/2019,20:21,15,10,,11,Clark,2370,1,0.0,3,1,2,1,1,2,1,,,,15,0,0,0.0,3,0,2,3,2,4,6,0,0,3,3,SE MILL PLAIN BLVD,SE CHKALOV DR,-122.5547722,45.620944444,0,1,13,83,5,40,4,0,0,1,7,15,1,1,5,3,1,2,1,53,0,59,35,2002,0,0.0,15,,,,,,1,1,55,1,0.0,,0,0,3,0,11,0,,,,,0.0,0.0,0.0,3.0,1,0,0.0,0.0,0.0,96,,,,,,0,,,,,,98683.0,53,73.0,190.0,6.0,1.0,0.0,0.0,0.0,1.0,,0,,,,,,0,08/15/2017,08/15/2017,20,0,0,0,8.0,9,8,,,0,0.0,0.0,8,0,2.0,1.0,,,1.0,,,2,1,0.0,,,,,,,,,,,,,,,,,,,,,,,,,,,,,,0,0,0,1,0,0,0,0,0,0,0,0,0,0,0,0,0,0,0,0,0,0,0,0,0,0,0,0,0,1,0,1,0,0,0,,0,0,0,0,0,0,0,0,0,0,0,0,0,0,0,0,,,,,,51-55,46-55,City street,U,Tuesday,Belt Used,PV,Not Fatal,1,0,0,0,City Street,Municipal/City Police,Vancouver Police Department,0,0,0,1,0,,,,,,0.0,0.0,0.0,,,,,,,,,,,98.0,98.0,98.0,0.0,,,,,20.0,7.0,,,,,,,,,,,,,,,,98664
2155,2019,365,E971389,122.0,10/12/2019,17:10,12,10,,61,Snohomish,690,10,0.0,1,1,2,1,0,1,1,,,,52,0,0,4.0,1,0,1,3,2,1,3,0,0,0,0,SR-526,,-122.2171861,47.922311111,0,1,1,13,2,55,4,0,0,1,7,52,1,1,3,3,1,1,2,53,0,37,31,1992,0,0.0,63,52.0,,,,,1,1,30,1,7.0,,4,0,3,0,11,8,10/15/2019,18:20,69053046437.0,46437.0,0.0,0.0,3.0,2.0,1,0,0.0,0.0,0.0,96,,,,,,99,,,,,,98258.0,53,75.0,215.0,1.0,1.0,1.0,0.0,0.0,1.0,,0,,,,,,0,04/15/2018,04/15/2018,1,0,0,0,0.0,9,8,,,0,0.0,0.0,8,9,2.0,417.0,351.0,313.0,1.0,1.0,1.0,2,1,0.0,,,,,,,,,,,,,,,,,,,,,,,,,,,,,,0,0,1,0,0,0,1,1,0,0,0,0,0,1,0,0,0,0,0,0,0,0,0,0,0,0,0,0,0,1,0,0,0,0,0,,1,0,0,0,0,0,1,1,0,0,0,1,0,0,1,0,,,,,,26-30,26-35,State route,U,Saturday,Belt Used,PV,White,0,1,0,0,State Route,Municipal/City Police,Everett Police Department,1,1,0,0,0,,,,,,0.0,0.0,1.0,1.0,1.0,1.0,,,300.0,348.0,151.0,996.0,996.0,0.0,0.0,0.0,1.0,,,,,20.0,7.0,,,,,,,,,,,,,,,,98202
2156,2019,366,E971669,25.0,10/16/2019,10:40,16,10,,33,King,0,2,0.0,1,2,2,1,0,2,2,,,,12,0,2,2.3,1,0,1,4,1,2,4,0,0,0,0,CR-PRESTON FALL CITY RD,,-121.906625,47.541480556,0,1,50,10,2,98,34,0,0,1,7,12,1,1,2,1,1,1,1,53,0,49,471,1993,0,0.0,68,12.0,,,,,1,1,32,1,0.0,,3,0,3,0,11,5,,,,,0.0,0.0,3.0,2.0,1,28,0.0,0.0,0.0,96,,,,,,99,,,,,,98024.0,53,73.0,220.0,1.0,1.0,0.0,3.0,2.0,1.0,,97,,,,,,0,10/15/2014,05/15/2019,20,0,0,0,8.0,9,8,,,0,0.0,0.0,8,9,8.0,95.0,,,96.0,,,8,95,995.0,,,,,,,,,,,,,,,,,,,,,,,,,,,,,,0,0,0,0,0,0,0,0,0,0,0,0,0,1,0,0,0,0,0,0,0,0,0,0,0,1,0,0,0,1,0,0,0,0,0,,0,0,0,0,0,0,0,0,0,0,0,1,0,0,0,0,,,,,,31-35,26-35,County road,R,Wednesday,Belt Used,PV,Not Fatal,0,1,1,0,County Road,County Sheriff,King County Police,0,0,1,0,0,,,,,,0.0,0.0,9.0,,,,,,,,,,,0.0,0.0,0.0,0.0,,,,,20.0,7.0,,,,,,,,,,,,,,,,98024
2157,2019,366,E971669,25.0,10/16/2019,10:40,16,10,,33,King,0,2,0.0,1,2,2,1,0,2,2,,,,12,0,2,2.3,1,0,1,4,1,2,4,0,0,0,0,CR-PRESTON FALL CITY RD,,-121.906625,47.541480556,0,2,51,62,4,40,4,0,0,1,7,12,1,1,2,1,1,1,2,53,0,59,32,2006,0,0.0,12,,,,,,1,1,68,1,7.0,,4,7,3,0,11,0,10/16/2019,10:40,53045925.0,45925.0,0.0,0.0,0.0,3.0,1,0,0.0,0.0,0.0,96,,,,,,99,,,,,,85123.0,4,67.0,170.0,6.0,1.0,0.0,0.0,0.0,0.0,,0,,,,,,0,,,8,0,0,0,0.0,9,8,,,0,0.0,0.0,8,9,2.0,1.0,,,1.0,,,2,1,0.0,,,,,,,,,,,,,,,,,,,,,,,,,,,,,,0,0,0,0,0,0,0,0,0,0,0,0,0,1,0,0,0,0,0,0,0,0,0,0,0,1,0,0,0,1,0,0,0,0,0,,1,0,0,0,0,0,0,0,0,0,0,0,0,0,0,0,,,,,,66-70,66-75,County road,R,Wednesday,Belt Used,PV,White,0,1,1,0,County Road,County Sheriff,King County Police,0,0,1,0,0,,,,,,0.0,0.0,0.0,,,,,,,,,,,98.0,98.0,98.0,1.0,,,,,20.0,7.0,,,,,,,,,,,,,,,,98024
2158,2019,367,E959018,330.0,09/09/2019,8:32,9,9,,77,Yakima,2590,10,0.0,1,1,2,1,0,3,2,,,,12,0,6,0.0,2,0,3,7,2,4,6,0,0,20,3,S 16TH AVE,GRANT ST,-120.5303333,46.582472222,0,1,82,15,2,25,4,0,0,1,7,12,1,1,8,1,11,2,1,53,0,49,43,2004,0,0.0,12,,,,,,1,1,36,1,0.0,,1,0,3,0,11,8,,,,,0.0,0.0,3.0,3.0,1,38,0.0,0.0,0.0,96,,,,,,0,,,,,,98902.0,53,71.0,150.0,6.0,1.0,0.0,0.0,0.0,0.0,,46,,,,,,0,01/15/2018,01/15/2018,20,0,0,0,8.0,9,8,,,0,0.0,0.0,8,0,8.0,95.0,,,96.0,,,8,95,995.0,,,,,,,,,,,,,,,,,,,,,,,,,,,,,,0,0,0,1,0,0,0,0,0,0,0,0,0,0,0,0,0,0,1,0,0,0,0,0,0,1,1,1,0,1,0,0,0,0,0,,0,0,0,0,0,0,0,0,0,0,1,0,0,0,0,0,,,,,,36-40,36-45,City street,U,Monday,Belt Used,PV,Not Fatal,1,0,0,0,City Street,Municipal/City Police,Yakima Police Department,0,0,0,1,0,,,,,,0.0,0.0,1.0,,,,,,,,,,,98.0,98.0,98.0,0.0,,,,,20.0,7.0,,,,,,,,,,,,,,,,98902
2159,2019,367,E959018,330.0,09/09/2019,8:32,9,9,,77,Yakima,2590,10,0.0,1,1,2,1,0,3,2,,,,12,0,6,0.0,2,0,3,7,2,4,6,0,0,0,0,S 16TH AVE,GRANT ST,-120.5303333,46.582472222,0,2,83,67,4,35,4,0,0,1,7,12,1,1,5,5,1,1,1,53,0,6,16,1992,0,0.0,12,,,,,,1,1,84,1,7.0,,4,0,3,0,11,4,09/20/2019,9:16,259053042068.0,42068.0,0.0,0.0,3.0,3.0,1,0,0.0,0.0,0.0,96,,,,,,0,,,,,,98903.0,53,71.0,250.0,6.0,1.0,0.0,0.0,0.0,0.0,,0,,,,,,0,03/15/2017,03/15/2017,20,0,0,0,0.0,9,8,,,0,0.0,0.0,8,0,8.0,95.0,,,96.0,,,8,95,995.0,,,,,,,,,,,,,,,,,,,,,,,,,,,,,,0,0,0,1,0,0,0,0,0,0,0,0,0,0,0,0,0,0,1,0,0,0,0,0,0,1,1,1,0,1,0,0,0,0,0,,1,0,0,0,0,0,0,0,0,0,0,0,0,0,0,0,,,,,,81+,76+,City street,U,Monday,Belt Used,PV,White,1,0,0,0,City Street,Municipal/City Police,Yakima Police Department,0,0,0,1,0,,,,,,0.0,0.0,1.0,,,,,,,,,,,0.0,0.0,0.0,1.0,,,,,20.0,7.0,,,,,,,,,,,,,,,,98902
2160,2019,368,3709713,339.0,09/25/2019,20:55,25,9,,63,Spokane,2113,1,0.0,3,1,2,1,0,1,1,,,,1,0,0,0.0,1,0,1,7,2,4,6,0,0,0,0,APPLEWAY BLVD,,-117.2690361,47.654841667,0,1,6,12,2,35,80,0,0,1,7,1,2,1,4,1,14,1,2,53,0,53,706,2004,0,0.0,68,64.0,1.0,,,,1,1,24,1,7.0,,4,0,20,7,11,8,09/25/2019,22:00,211053042364.0,42364.0,0.0,0.0,0.0,3.0,1,0,0.0,0.0,0.0,96,,,,,,9,,,,,,99201.0,53,75.0,250.0,6.0,1.0,0.0,0.0,0.0,0.0,,0,,,,,,4,,,20,8,0,0,0.0,9,8,,,0,0.0,0.0,8,1,2.0,1.0,,,1.0,,,2,1,0.0,,,,,,,,,,,,,,,,,,,,,,,,,,,,,,0,0,1,0,1,0,0,0,0,0,0,0,1,0,0,0,0,0,0,0,0,0,0,1,1,0,0,0,1,0,0,0,0,0,1,0.0,0,0,0,0,0,0,0,0,0,1,0,0,0,0,0,1,,,,,,21-25,16-25,City street,U,Wednesday,,MC,White,0,1,0,0,City Street,Municipal/City Police,Spokane Valley Police Department,1,0,0,1,0,,,,,,0.0,0.0,0.0,,,,,,,,,,,0.0,0.0,0.0,1.0,,,,,19.0,0.0,,,,,,,,,,,,,,,,99206
2161,2019,369,E972093,7.0,10/11/2019,13:59,11,10,,33,King,1030,1,0.0,1,1,2,1,0,4,3,,,,25,0,0,25.6,1,0,1,3,2,1,3,0,0,0,0,SR-167,,-122.2183389,47.439041667,0,1,98,10,2,60,80,0,0,1,5,12,1,1,4,3,15,1,1,53,0,72,706,2003,0,0.0,12,1.0,12.0,,,,1,1,59,1,7.0,,4,7,20,7,11,0,10/11/2019,13:59,103053045339.0,45339.0,0.0,0.0,0.0,3.0,1,38,0.0,0.0,0.0,96,,,,,,99,,,,,,98547.0,53,71.0,217.0,6.0,1.0,0.0,0.0,0.0,0.0,,0,,,,,,0,,,20,8,0,0,0.0,9,8,,,0,0.0,0.0,8,0,2.0,177.0,189.0,605.0,1.0,1.0,1.0,2,1,0.0,,,,,,,,,,,,,,,,,,,,,,,,,,,,,,0,0,1,0,0,0,1,1,1,0,0,0,0,0,0,0,0,0,1,0,0,0,0,0,0,0,0,0,1,1,0,0,0,0,1,0.0,0,0,0,0,0,0,1,1,0,0,1,0,0,0,1,0,,,,,,56-60,56-65,State route,U,Friday,,MC,White,0,1,0,0,State Route,State Patrol,Washington State Patrol,1,1,0,0,0,thc,7.4,,,,0.0,0.0,0.0,,,,,,,,,,,0.0,0.0,0.0,1.0,,,,,5.0,0.0,,,,,,,nms,,,,,,,,,98055
2162,2019,369,E972093,7.0,10/11/2019,13:59,11,10,,33,King,1030,1,0.0,1,1,2,1,0,4,3,,,,25,0,0,25.6,1,0,1,3,2,1,3,0,0,0,0,SR-167,,-122.2183389,47.439041667,0,2,6,60,4,60,34,0,0,1,5,12,1,1,4,3,1,2,3,53,0,12,481,2016,0,0.0,64,25.0,69.0,12.0,,,1,1,35,1,0.0,,0,0,3,0,11,0,,,,,0.0,0.0,0.0,3.0,1,0,0.0,0.0,0.0,96,,,,,,0,,,,,,98002.0,53,66.0,180.0,6.0,1.0,0.0,1.0,0.0,2.0,,0,,,,,,0,01/15/2016,02/15/2019,20,0,0,0,8.0,9,8,,,0,0.0,0.0,8,0,8.0,95.0,,,96.0,,,8,95,995.0,,,,,,,,,,,,,,,,,,,,,,,,,,,,,,0,0,1,0,0,0,1,1,1,0,0,0,0,0,0,0,0,0,1,0,0,0,0,0,0,0,0,0,1,1,0,0,0,0,0,,0,0,0,0,0,0,0,0,0,0,0,0,0,0,0,0,,,,,,31-35,26-35,State route,U,Friday,Belt Used,PV,Not Fatal,0,1,0,0,State Route,State Patrol,Washington State Patrol,1,1,0,0,0,,,,,,0.0,0.0,0.0,,,,,,,,,,,98.0,98.0,98.0,0.0,,,,,20.0,7.0,,,,,,,,,,,,,,,,98055
2163,2019,369,E972093,7.0,10/11/2019,13:59,11,10,,33,King,1030,1,0.0,1,1,2,1,0,4,3,,,,25,0,0,25.6,1,0,1,3,2,1,3,0,0,0,0,SR-167,,-122.2183389,47.439041667,0,3,98,60,4,60,14,0,0,1,5,12,1,1,4,3,1,1,1,53,0,55,404,2018,0,0.0,12,,,,,,1,1,64,2,0.0,,0,0,3,0,11,0,,,,,0.0,0.0,3.0,3.0,1,0,0.0,0.0,0.0,96,,,,,,0,,,,,,98031.0,53,68.0,175.0,6.0,1.0,0.0,0.0,0.0,0.0,,0,,,,,,0,,,20,0,0,0,8.0,9,8,,,0,0.0,0.0,8,0,8.0,95.0,,,96.0,,,8,95,995.0,,,,,,,,,,,,,,,,,,,,,,,,,,,,,,0,0,1,0,0,0,1,1,1,0,0,0,0,0,0,0,0,0,1,0,0,0,0,0,0,0,0,0,1,1,0,0,0,0,0,,0,0,0,0,0,0,0,0,0,0,0,0,0,0,0,0,,,,,,61-65,56-65,State route,U,Friday,Belt Used,PV,Not Fatal,0,1,0,0,State Route,State Patrol,Washington State Patrol,1,1,0,0,0,,,,,,0.0,0.0,0.0,,,,,,,,,,,98.0,98.0,98.0,0.0,,,,,20.0,7.0,,,,,,,,,,,,,,,,98055
2164,2019,370,E972260,1.0,09/19/2019,22:21,19,9,,77,Yakima,840,1,0.0,2,1,2,1,0,2,2,,,,12,0,2,71.9,1,0,1,1,1,1,1,0,0,0,0,I-82,,-119.9345778,46.277897222,0,1,50,54,3,98,4,0,0,1,2,12,1,1,2,2,1,1,2,6,0,49,40,2014,0,0.0,12,,,,,,1,1,43,1,1.0,,4,7,3,0,11,0,09/19/2019,22:21,84053041498.0,41498.0,0.0,0.0,0.0,3.0,1,51,0.0,0.0,0.0,96,,,,,,9,,,,,,98944.0,53,,999.0,6.0,1.0,1.0,1.0,0.0,0.0,,0,,,,,,0,01/15/2018,01/15/2018,8,0,0,0,0.0,9,8,,,0,0.0,0.0,1,1,2.0,401.0,417.0,,1.0,1.0,,2,1,0.322,,,,,,,,,,,,,,,,,,,,,,,,,,,,,,0,0,0,0,1,1,1,1,0,0,0,0,0,0,0,0,0,0,0,0,0,0,0,1,1,0,0,0,0,1,0,0,0,0,0,,1,0,0,0,0,1,1,1,0,0,0,0,0,0,0,1,,,,,,41-45,36-45,Interstate,R,Thursday,Belt Used,PV,Hispanic,0,0,0,1,State Route,State Patrol,Washington State Patrol,0,1,0,0,0,,,,,,0.0,0.0,1.0,,,,,,,,,,,98.0,98.0,98.0,298.0,,,,,20.0,7.0,,,,,,,,,,,,,,,,
2165,2019,370,E972260,1.0,09/19/2019,22:21,19,9,,77,Yakima,840,1,0.0,2,1,2,1,0,2,2,,,,12,0,2,71.9,1,0,1,1,1,1,1,0,0,0,0,I-82,,-119.9345778,46.277897222,0,2,51,54,3,70,4,0,0,1,2,12,1,1,2,2,1,1,1,53,0,18,25,2013,0,0.0,12,,,,,,1,1,21,2,0.0,,3,0,3,0,11,4,,,,,0.0,0.0,3.0,3.0,1,0,0.0,0.0,0.0,96,,,,,,0,,,,,,99327.0,53,64.0,140.0,6.0,1.0,0.0,0.0,2.0,2.0,,0,,,,,,0,06/15/2015,03/15/2017,8,0,0,0,8.0,9,8,,,0,0.0,0.0,8,0,8.0,95.0,,,96.0,,,8,95,995.0,,,,,,,,,,,,,,,,,,,,,,,,,,,,,,0,0,0,0,1,1,1,1,0,0,0,0,0,0,0,0,0,0,0,0,0,0,0,1,1,0,0,0,0,1,0,0,0,0,0,,0,0,0,0,0,0,0,0,0,0,0,0,0,0,0,0,,,,,,21-25,16-25,Interstate,R,Thursday,Belt Used,PV,Not Fatal,0,0,0,1,State Route,State Patrol,Washington State Patrol,0,1,0,0,0,,,,,,0.0,0.0,0.0,,,,,,,,,,,98.0,98.0,98.0,0.0,,,,,20.0,7.0,,,,,,,,,,,,,,,,
2166,2019,371,E972516,122.0,10/18/2019,16:40,18,10,,61,Snohomish,690,10,0.0,1,0,0,1,1,1,1,,,,8,0,0,0.0,8,0,1,96,6,96,8,0,0,0,0,PRIVATE DRIVEWAY THRUWAY,108TH PL SE,-122.2225028,47.90035,0,1,13,80,5,0,15,0,0,1,5,8,0,0,0,0,11,1,1,53,0,49,422,2008,0,0.0,8,,,,,,1,1,36,1,0.0,,0,0,3,0,11,0,,,,,0.0,0.0,0.0,3.0,1,10,0.0,0.0,0.0,93,,,,,,0,,,,,,98208.0,53,71.0,190.0,6.0,1.0,0.0,0.0,0.0,0.0,,0,,,,,,0,,,20,0,0,0,8.0,9,8,,,0,0.0,0.0,8,0,8.0,95.0,,,96.0,,,8,95,995.0,,,,,,,,,,,,,,,,,,,,,,,,,,,,,,0,0,0,0,0,0,0,0,0,0,0,0,0,0,0,0,1,0,0,0,0,0,0,0,0,0,0,0,0,1,0,1,0,0,0,,0,0,0,0,0,0,0,0,1,0,0,0,0,0,0,0,,,,,,36-40,36-45,Other,,Friday,Belt Used,PV,Not Fatal,0,0,0,0,City Street,Municipal/City Police,Everett Police Department,0,0,0,1,0,,,,,,0.0,0.0,0.0,,,,,,,,,,,98.0,98.0,98.0,0.0,,,,,20.0,7.0,,,,,,,,,,,,,,,,98204
2167,2019,372,E972885,278.0,10/09/2019,23:50,9,10,,63,Spokane,2110,1,0.0,3,1,1,1,1,1,1,,,,15,1,0,0.0,3,0,2,7,2,4,6,0,0,3,3,E WELLESLEY AVE,N CRESTLINE ST,-117.378875,47.700561111,0,1,13,83,5,98,14,0,0,1,5,15,8,8,4,1,1,1,5,53,0,37,402,2007,0,0.0,15,,,,,,1,1,21,1,0.0,,9,0,99,7,11,8,,,,,0.0,0.0,3.0,2.0,1,38,0.0,0.0,0.0,96,,,,,,99,,,,,,99217.0,53,64.0,160.0,1.0,1.0,1.0,2.0,0.0,1.0,,97,,,,,,0,09/15/2016,02/15/2018,99,9,0,0,8.0,9,8,,,0,0.0,0.0,8,9,2.0,695.0,605.0,,1.0,1.0,,2,1,0.0,,,,,,,,,,,,,,,,,,,,,,,,,,,,,,0,0,0,1,0,0,1,1,1,1,1,1,0,1,0,0,0,0,1,0,0,0,0,1,1,0,0,0,0,1,0,1,0,0,0,,0,0,0,0,0,0,1,1,0,0,1,1,0,0,1,0,,,,,,21-25,16-25,City street,U,Wednesday,Unknown,PV,Not Fatal,1,0,0,0,City Street,Municipal/City Police,Spokane Police Department,0,0,0,1,0,thc,2.7,carboxy-thc,26.0,,0.0,0.0,3.0,,,,,,,,,,,98.0,98.0,98.0,0.0,,,,,20.0,7.0,,,,,,,,,,,,,,,,99217
2168,2019,373,E973005,26.0,10/18/2019,21:30,18,10,,35,Kitsap,0,2,0.0,2,2,2,1,1,3,3,,,,12,0,6,0.3,4,0,1,5,2,2,4,0,0,0,0,CR-PIONEER WAY NW,,-122.6815028,47.788502778,0,1,98,98,7,50,4,0,0,1,7,8,1,2,2,1,1,1,2,53,0,20,16,1998,0,0.0,12,12.0,8.0,,,,1,1,55,1,0.0,,9,0,99,7,11,8,,,,,0.0,0.0,3.0,3.0,1,91,0.0,0.0,0.0,96,,,,,,9,,,,,,98370.0,53,69.0,160.0,6.0,1.0,0.0,1.0,0.0,0.0,,1,12.0,,,,,0,08/15/2018,08/15/2018,1,0,0,0,8.0,9,8,,,0,0.0,0.0,8,1,2.0,695.0,605.0,,1.0,1.0,,2,1,0.23,,,,,,,,,,,,,,,,,,,,,,,,,,,,,,0,0,0,0,1,1,1,1,1,1,0,1,0,1,0,0,0,0,0,0,0,0,0,0,0,0,0,0,0,1,0,1,0,0,0,,0,0,0,0,0,1,1,1,0,0,0,0,0,0,0,1,,,,,,51-55,46-55,County road,U,Friday,Unknown,PV,Not Fatal,0,0,0,0,County Road,County Sheriff,Kitsap County Sheriff's Office,0,0,1,0,0,thc,11.0,carboxy-thc,71.0,,0.0,0.0,0.0,,,,,,,,,,,0.0,0.0,0.0,0.0,,,,,20.0,7.0,,,,,,,,,,,,,,,,98370