,year,case,par,repjur,crash_dt,crash_tm,accday,accmon,holiday,county,co_char,city,weather,weather2,lightcond,surfcond,surftype,numfatal,nmforms,pforms,vforms,not_tm,arr_tm,hosp_tm,fhevent,hitrun,manncol,milepnt,reljunc,reljuncinter,intersectiontype,funcsystem,landuse,ownership,route,schlbus,spejur,contdev,devfunc,trafid1,trafid2,x,y,wk_zone,vnumber,crashtype,criticalevent,criticaleventcat,spdlim,body,trailer,emerg,hazcargo,leave,mhevent,roadalgn,roadprof,traflane,trafflow,vehmanvr,numoccs,regowner,regstate,spuse,make,model,modelyr,vrf1,vrf2,seqevent1,seqevent2,seqevent3,seqevent4,seqevent5,seqevent6,pnumber,ptype,age,sex,hispanic,race,injury,diedscene,restraint,restraintmisuse,seatpos,takehosp,death_dt,death_tm,cert,cernum_wa,commlic,licendor,licrestrict,liccomp,drivpres,drf1,drf2,drf3,drf4,distract1,distract2,distract3,distract4,distract5,distract6,dricond1,dricond2,dricond3,dricond4,dricond5,dricond6,dzip,licstate,drhgt_in,weight,noncdl,noncdltype,prevdwi,prevoth,prevacc,prevspd,prevsus,driviol1,driviol2,driviol3,driviol4,driviol5,driviol6,spdrel,first_dt,last_dt,airbag,ejection,ejectpath,extricat,injurwrk,methalc,methdrug,nmlocat,strikveh,prf1,prf2,prf3,druginv,alcinvol,drugsts,drugres1,drugres2,drugres3,drugtst1,drugtst2,drugtst3,alcsts,alctst,alcres,nmact1,nmact2,nmact3,nmact4,nmact5,nmact6,nmprior1,nmprior2,nmprior3,nmprior4,nmprior5,nmprior6,nmcond1,nmcond2,nmcond3,nmcond4,nmcond5,nmcond6,nmsafe_helmet,nmsafe_pads,nmsafe_oth,nmprev_ref,nmprev_lgt,nmprev_oth,crashlocation,nmcrashtype,crosswalk,schoolzone,sidewalk,train_inv,wildlife_inv,rotr_fars,intersect_fars,dd_inv,aid_inv,dpd_inv,id_inv,mj_inv,impnm_inv,ainm_inv,dpnm_inv,speed_inv,unlic_inv,unendmc_inv,drowsy_inv,drdist_inv,nmdist_inv,fty_inv,unrestfat_inv,dr1617_inv,dr1820_inv,dr1620_inv,dr2125_inv,dr1625_inv,dr65_inv,dr70_inv,dr75_inv,mc_inv,pv_inv,ht_inv,ped_inv,bike_inv,unrest_fat,mc_fat,unhelmet_mc,pv_fat,ht_fat,ped_fat,bike_fat,dr_alc7,dr_alc8,dr_drug,dr_imp,dr_dist,dr_spd,dr_fty,dr_unlic,dr_alc7only,dr_alc8only,dr_drugonly,dr_drink,nm_imp,nm_alc7,nm_alc8,nm_drug,nm_dist,agegrp1,agegrp2,roadclass,urbrur,dayweek,restuse,vehtype,race_me,intersect,lanedep,oppdir,wrongway,rep_typ,investag,repag_long,rotr,st_rd,cty_rd,city_rd,oth_rd,drug_thc,thc_res,drug_cthc,cthc_res,drug_cann,prevpersemin,prevperse,prevsusoth,drugtst4,drugtst5,drugtst6,drugtst7,drugtst8,drugres4,drugres5,drugres6,drugres7,drugres8,adspresent,adsengaged,adslevel,race1,race2,race3,race4,race5,helmet,helmetmisuse,nmdistract1,nmdistract2,nmdistract3,nmdistract4,nmdistract5,nmdistract6,lab,isedtcase,crf1,crf2,crf3,CoRoadName,CoMP,IntCoRoadName,IntCoMP,zipcode
2188,2019,384,E976496,25.0,10/22/2019,22:44,22,10,,33,King,0,1,0.0,2,1,1,1,0,3,2,,,,12,0,6,1.8,2,0,2,5,2,2,4,0,0,20,3,CR-MILITARY RD S,S 360TH ST,-122.2753306,47.278919444,0,1,89,17,2,35,3,0,0,1,7,12,3,2,2,1,14,2,2,53,0,52,37,2003,0,0.0,12,,,,,,1,1,63,1,7.0,,4,7,20,7,11,0,10/22/2019,22:44,53046545.0,46545.0,0.0,0.0,0.0,2.0,1,39,0.0,0.0,0.0,96,,,,,,99,,,,,,98002.0,53,72.0,180.0,1.0,1.0,0.0,2.0,1.0,1.0,,0,,,,,,0,03/15/2016,06/15/2019,1,0,0,0,0.0,9,8,,,0,0.0,0.0,8,9,2.0,401.0,417.0,177.0,98.0,98.0,98.0,2,98,0.0,,,,,,,,,,,,,,,,,,,,,,,,,,,,,,0,0,0,1,0,0,1,1,1,0,0,0,0,1,0,0,0,0,0,1,0,0,0,0,0,0,0,0,0,1,0,0,0,1,0,,1,0,0,0,0,0,1,1,0,0,0,1,0,0,1,0,,,,,,61-65,56-65,County road,U,Tuesday,Not Used,PV,White,1,0,0,0,County Road,County Sheriff,King County Police,0,0,1,0,0,thc,1.0,carboxy-thc,8.7,,0.0,0.0,15.0,98.0,98.0,,,,695.0,605.0,,,,98.0,98.0,98.0,1.0,,,,,20.0,7.0,,,,,,,nms,,,,,,,,,98001
2189,2019,384,E976496,25.0,10/22/2019,22:44,22,10,,33,King,0,1,0.0,2,1,1,1,0,3,2,,,,12,0,6,1.8,2,0,2,5,2,2,4,0,0,0,0,CR-MILITARY RD S,S 360TH ST,-122.2753306,47.278919444,0,2,88,66,4,45,14,0,0,1,7,12,8,2,2,1,1,1,1,53,0,37,402,2002,0,0.0,12,,,,,,1,1,54,2,0.0,,2,0,3,0,11,4,,,,,0.0,0.0,0.0,3.0,1,0,0.0,0.0,0.0,96,,,,,,0,,,,,,98001.0,53,67.0,160.0,6.0,1.0,0.0,0.0,2.0,2.0,,0,,,,,,0,11/15/2014,08/15/2018,1,0,0,0,8.0,9,8,,,0,0.0,0.0,8,0,8.0,95.0,,,96.0,,,8,95,995.0,,,,,,,,,,,,,,,,,,,,,,,,,,,,,,0,0,0,1,0,0,1,1,1,0,0,0,0,1,0,0,0,0,0,1,0,0,0,0,0,0,0,0,0,1,0,0,0,0,0,,0,0,0,0,0,0,0,0,0,0,0,0,0,0,0,0,,,,,,51-55,46-55,County road,U,Tuesday,Belt Used,PV,Not Fatal,1,0,0,0,County Road,County Sheriff,King County Police,0,0,1,0,0,,,,,,0.0,0.0,0.0,,,,,,,,,,,98.0,98.0,98.0,0.0,,,,,20.0,7.0,,,,,,,,,,,,,,,,98001
2190,2019,385,E976629,7.0,10/29/2019,10:26,29,10,,33,King,1050,1,0.0,1,1,1,1,0,2,2,,,,25,0,0,0.1,3,1,2,1,2,1,1,0,0,3,3,I-405 RAMP LX02065,NE 128TH ST,-122.1852806,47.714838889,0,1,1,6,1,98,21,0,0,1,7,2,1,3,2,3,1,1,1,53,0,12,461,2004,0,0.0,63,25.0,30.0,2.0,60.0,54.0,1,1,49,1,1.0,,4,7,3,0,11,0,10/29/2019,10:26,105053048414.0,48414.0,0.0,0.0,0.0,3.0,1,0,0.0,0.0,0.0,96,,,,,,99,,,,,,98034.0,53,71.0,200.0,6.0,1.0,0.0,1.0,1.0,3.0,,0,,,,,,4,10/15/2016,04/15/2018,99,0,0,0,0.0,9,8,,,0,0.0,0.0,8,9,2.0,695.0,605.0,,1.0,1.0,,2,1,0.0,,,,,,,,,,,,,,,,,,,,,,,,,,,,,,0,0,1,1,0,0,1,1,1,0,0,0,1,0,0,0,0,0,0,0,0,0,0,0,0,1,1,1,0,1,0,0,0,0,0,,1,0,0,0,0,0,1,1,0,1,0,0,0,0,1,0,,,,,,46-50,46-55,Interstate,U,Tuesday,Belt Used,PV,Hispanic,0,1,0,0,State Route,State Patrol,Washington State Patrol,1,1,0,0,0,thc,888.0,carboxy-thc,888.0,,0.0,0.0,0.0,,,,,,,,,,,98.0,98.0,98.0,1.0,,,,,20.0,7.0,,,,,,,,,,,,,,,,98034
2191,2019,385,E976629,7.0,10/29/2019,10:26,29,10,,33,King,1050,1,0.0,1,1,1,1,0,2,2,,,,25,0,0,0.1,3,1,2,1,2,1,1,0,0,0,0,I-405 RAMP LX02065,NE 128TH ST,-122.1852806,47.714838889,0,2,98,98,7,60,1,0,0,1,5,54,1,3,2,3,1,1,1,53,0,42,44,2005,0,0.0,54,,,,,,1,1,77,1,0.0,,0,0,3,0,11,0,,,,,0.0,0.0,3.0,3.0,1,0,0.0,0.0,0.0,96,,,,,,0,,,,,,98075.0,53,73.0,220.0,6.0,1.0,0.0,0.0,0.0,0.0,,0,,,,,,0,,,20,0,0,0,8.0,9,8,,,0,0.0,0.0,8,0,8.0,95.0,,,96.0,,,8,95,995.0,,,,,,,,,,,,,,,,,,,,,,,,,,,,,,0,0,1,1,0,0,1,1,1,0,0,0,1,0,0,0,0,0,0,0,0,0,0,0,0,1,1,1,0,1,0,0,0,0,0,,0,0,0,0,0,0,0,0,0,0,0,0,0,0,0,0,,,,,,76-80,76+,Interstate,U,Tuesday,Belt Used,PV,Not Fatal,0,1,0,0,State Route,State Patrol,Washington State Patrol,1,1,0,0,0,,,,,,0.0,0.0,0.0,,,,,,,,,,,98.0,98.0,98.0,0.0,,,,,20.0,7.0,,,,,,,,,,,,,,,,98034
2192,2019,386,E976671,188.0,10/22/2019,13:01,22,10,,33,King,1264,2,0.0,1,2,1,1,0,2,2,,,,12,0,6,11.7,2,0,2,3,2,1,3,0,0,3,3,SR-169,SE 264TH ST,-122.0217917,47.365208333,0,1,68,15,2,35,4,0,0,1,7,12,1,1,5,1,11,1,1,53,0,37,32,2006,0,0.0,12,,,,,,1,1,82,2,7.0,,4,0,3,0,11,4,10/23/2019,11:50,196053046954.0,46954.0,0.0,0.0,0.0,3.0,1,38,0.0,0.0,0.0,96,,,,,,0,,,,,,98038.0,53,64.0,160.0,6.0,1.0,0.0,0.0,0.0,0.0,,0,,,,,,0,,,8,0,0,0,0.0,9,8,,,0,0.0,0.0,8,0,2.0,1.0,,,1.0,,,2,1,0.0,,,,,,,,,,,,,,,,,,,,,,,,,,,,,,0,0,0,1,0,0,0,0,0,0,0,0,0,0,0,0,0,0,1,0,0,0,0,0,0,1,1,1,0,1,1,0,0,0,0,,1,0,0,0,0,0,0,0,0,0,1,0,0,0,0,0,,,,,,81+,76+,State route,U,Tuesday,Belt Used,PV,White,1,0,0,0,State Route,Municipal/City Police,Maple Valley Police Dept,0,1,0,0,0,,,,,,0.0,0.0,0.0,,,,,,,,,,,98.0,98.0,98.0,1.0,,,,,20.0,7.0,,,,,,,,,,,,,,,,98038
2193,2019,386,E976671,188.0,10/22/2019,13:01,22,10,,33,King,1264,2,0.0,1,2,1,1,0,2,2,,,,12,0,6,11.7,2,0,2,3,2,1,3,0,0,3,3,SR-169,SE 264TH ST,-122.0217917,47.365208333,0,2,69,62,4,35,63,0,0,1,7,12,1,1,5,1,1,1,3,53,0,87,881,2006,0,0.0,12,,,,,,1,1,31,1,0.0,,0,0,20,7,11,0,,,,,6.0,1.0,0.0,3.0,1,0,0.0,0.0,0.0,96,,,,,,0,,,,,,98321.0,53,70.0,165.0,6.0,1.0,0.0,1.0,2.0,0.0,,0,,,,,,0,09/15/2016,06/15/2017,20,0,0,0,8.0,9,8,,,0,0.0,0.0,8,0,8.0,95.0,,,96.0,,,8,95,995.0,,,,,,,,,,,,,,,,,,,,,,,,,,,,,,0,0,0,1,0,0,0,0,0,0,0,0,0,0,0,0,0,0,1,0,0,0,0,0,0,1,1,1,0,1,1,0,0,0,0,,0,0,0,0,0,0,0,0,0,0,0,0,0,0,0,0,,,,,,31-35,26-35,State route,U,Tuesday,,MHTRUCK,Not Fatal,1,0,0,0,State Route,Municipal/City Police,Maple Valley Police Dept,0,1,0,0,0,,,,,,0.0,0.0,0.0,,,,,,,,,,,98.0,98.0,98.0,0.0,,,,,20.0,7.0,,,,,,,,,,,,,,,,98038
2194,2019,387,3705992,263.0,10/21/2019,19:24,21,10,,33,King,1960,2,0.0,3,2,2,1,1,1,1,,,,8,0,0,31.7,3,0,3,3,2,1,3,0,0,0,0,SR-99,N 98TH ST,-122.3447278,47.700522222,0,1,13,80,5,35,61,0,0,1,5,8,1,1,2,3,1,1,3,53,0,12,881,2008,0,0.0,8,,,,,,1,1,28,1,0.0,,0,0,99,7,11,0,,,,,0.0,0.0,0.0,3.0,1,0,0.0,0.0,0.0,0,,,,,,0,,,,,,98032.0,53,71.0,165.0,6.0,1.0,0.0,0.0,0.0,0.0,,0,,,,,,0,,,20,0,0,0,8.0,9,2,,,0,0.0,0.0,0,0,8.0,95.0,,,96.0,,,8,95,995.0,,,,,,,,,,,,,,,,,,,,,,,,,,,,,,0,0,0,1,0,0,0,0,0,0,0,0,0,0,0,0,0,0,0,0,0,0,0,0,0,0,0,0,0,0,1,1,0,0,0,,0,0,0,0,0,0,0,0,0,0,0,0,0,0,0,0,,,,,,26-30,26-35,State route,U,Monday,,MHTRUCK,Not Fatal,1,0,0,0,State Route,Municipal/City Police,Seattle Police Department,0,1,0,0,0,,,,,,0.0,0.0,0.0,,,,,,,,,,,98.0,98.0,98.0,0.0,,,,,20.0,7.0,,,,,,,,,,,,,,,,98103
2195,2019,388,E977568,42.0,10/31/2019,21:11,31,10,,67,Thurston,0,1,0.0,2,1,2,1,0,1,1,,,,42,0,0,11.3,1,0,1,5,1,2,4,0,0,0,0,CR-BALD HILL RD SE,,-122.4755556,46.817013889,0,1,6,13,2,50,4,0,0,1,7,42,3,1,2,1,14,1,1,53,0,49,40,2018,0,0.0,63,69.0,68.0,64.0,42.0,,1,1,34,1,7.0,,4,7,20,7,11,0,10/31/2019,21:11,53048824.0,48824.0,0.0,0.0,0.0,3.0,1,58,0.0,0.0,0.0,96,,,,,,99,,,,,,98597.0,53,70.0,190.0,6.0,1.0,0.0,0.0,0.0,0.0,,0,,,,,,4,,,8,0,0,0,0.0,9,8,,,0,0.0,0.0,8,9,2.0,695.0,605.0,,1.0,1.0,,2,1,0.19,,,,,,,,,,,,,,,,,,,,,,,,,,,,,,0,0,1,0,1,1,1,1,1,0,0,0,1,0,0,0,0,0,0,1,0,0,0,0,0,0,0,0,0,1,0,0,0,1,0,,1,0,0,0,0,1,1,1,0,1,0,0,0,0,0,1,,,,,,31-35,26-35,County road,R,Thursday,Not Used,PV,White,0,1,0,0,County Road,County Sheriff,Thurston County Sheriff's Office,1,0,1,0,0,thc,7.3,carboxy-thc,17.0,,0.0,0.0,0.0,,,,,,,,,,,98.0,98.0,98.0,1.0,,,,,20.0,7.0,,,,,,,,,,,,,,,,98597
2196,2019,389,E977758,1.0,10/26/2019,23:33,26,10,,77,Yakima,0,1,0.0,2,1,2,1,0,1,1,,,,24,0,0,198.5,1,0,1,3,2,1,2,0,0,0,0,US-12,,-120.58535,46.631183333,0,1,6,12,2,60,14,0,0,1,2,1,2,2,2,3,14,1,1,53,0,2,404,1996,0,0.0,64,24.0,21.0,67.0,1.0,,1,1,61,1,7.0,,4,7,3,0,11,0,10/26/2019,23:33,53048599.0,48599.0,0.0,0.0,0.0,3.0,1,0,0.0,0.0,0.0,96,,,,,,9,,,,,,98908.0,53,70.0,200.0,6.0,1.0,0.0,0.0,0.0,0.0,,0,,,,,,4,,,1,2,9,0,0.0,1,8,,,0,0.0,0.0,1,1,2.0,996.0,996.0,417.0,1.0,1.0,1.0,2,1,0.21,,,,,,,,,,,,,,,,,,,,,,,,,,,,,,0,0,1,0,1,1,1,1,0,0,0,0,1,0,0,0,0,0,0,0,0,0,0,0,0,0,0,0,0,1,0,0,0,0,0,,1,0,0,0,0,1,1,1,0,1,0,0,0,0,0,1,,,,,,61-65,56-65,US highway,U,Saturday,Belt Used,PV,White,0,1,0,0,State Route,State Patrol,Washington State Patrol,1,1,0,0,0,,,,,,0.0,0.0,0.0,1.0,1.0,,,,996.0,996.0,,,,0.0,0.0,0.0,1.0,,,,,20.0,7.0,,,,,,,,,,,,,,,,98902
2197,2019,390,E978024,11.0,10/10/2019,6:16,10,10,,5,Benton,0,1,0.0,2,1,2,1,0,2,2,,,,12,0,2,9999.9,1,0,1,7,1,2,4,0,5,0,0,CR-ROUTE 4 S,,-119.4555056,46.519238889,0,1,50,10,2,60,4,0,0,1,7,12,1,2,2,1,6,1,1,53,0,59,35,2006,0,0.0,68,12.0,,,,,1,1,56,1,7.0,,4,7,3,0,11,0,10/10/2019,6:16,53044611.0,44611.0,0.0,0.0,0.0,3.0,1,33,0.0,0.0,0.0,96,,,,,,0,,,,,,99354.0,53,68.0,200.0,6.0,1.0,0.0,0.0,0.0,2.0,,0,,,,,,0,12/15/2016,12/15/2017,8,0,0,0,0.0,9,8,,,0,0.0,0.0,8,0,2.0,1.0,,,1.0,,,2,1,0.0,,,,,,,,,,,,,,,,,,,,,,,,,,,,,,0,0,0,0,0,0,0,0,0,0,0,0,0,0,0,0,0,0,0,0,0,0,0,0,0,0,0,0,0,1,0,0,0,0,0,,1,0,0,0,0,0,0,0,0,0,0,0,0,0,0,0,,,,,,56-60,56-65,County road,R,Thursday,Belt Used,PV,API,0,1,1,0,Other,County Sheriff,Benton County Sheriff's Office,0,0,0,0,1,,,,,,0.0,0.0,0.0,,,,,,,,,,,98.0,98.0,98.0,18.0,,,,,20.0,7.0,,,,,,,,,,,,,,,,
2198,2019,390,E978024,11.0,10/10/2019,6:16,10,10,,5,Benton,0,1,0.0,2,1,2,1,0,2,2,,,,12,0,2,9999.9,1,0,1,7,1,2,4,0,5,0,0,CR-ROUTE 4 S,,-119.4555056,46.519238889,0,2,51,62,4,60,34,0,0,1,7,12,1,2,2,1,1,1,2,53,0,49,472,2014,0,0.0,12,,,,,,1,1,45,1,0.0,,2,0,3,0,11,4,,,,,0.0,0.0,0.0,3.0,1,0,0.0,0.0,0.0,96,,,,,,0,,,,,,99353.0,53,68.0,165.0,6.0,1.0,0.0,0.0,0.0,0.0,,0,,,,,,0,,,8,0,0,0,8.0,9,8,,,0,0.0,0.0,8,0,8.0,95.0,,,96.0,,,8,95,995.0,,,,,,,,,,,,,,,,,,,,,,,,,,,,,,0,0,0,0,0,0,0,0,0,0,0,0,0,0,0,0,0,0,0,0,0,0,0,0,0,0,0,0,0,1,0,0,0,0,0,,0,0,0,0,0,0,0,0,0,0,0,0,0,0,0,0,,,,,,41-45,36-45,County road,R,Thursday,Belt Used,PV,Not Fatal,0,1,1,0,Other,County Sheriff,Benton County Sheriff's Office,0,0,0,0,1,,,,,,0.0,0.0,0.0,,,,,,,,,,,98.0,98.0,98.0,0.0,,,,,20.0,7.0,,,,,,,,,,,,,,,,
2199,2019,391,E978427,5.0,11/03/2019,20:03,3,11,,11,Clark,2370,1,0.0,3,1,2,1,1,1,1,,,,8,0,0,2.4,1,0,1,1,2,1,1,0,0,0,0,I-5,,-122.6617056,45.650097222,0,1,13,80,5,60,66,1,0,1,5,8,1,2,3,3,1,1,3,18,0,51,881,2016,0,0.0,8,,,,,,1,1,59,1,0.0,,0,0,3,0,11,0,,,,,6.0,1.0,3.0,3.0,1,0,0.0,0.0,0.0,96,,,,,,0,,,,,,97203.0,41,68.0,170.0,6.0,1.0,0.0,1.0,2.0,0.0,,0,,,,,,0,10/15/2015,11/15/2017,20,0,0,0,8.0,9,8,,,0,0.0,0.0,8,0,8.0,95.0,,,96.0,,,8,95,995.0,,,,,,,,,,,,,,,,,,,,,,,,,,,,,,0,0,0,0,0,0,0,0,0,0,0,0,0,0,0,0,0,0,0,0,0,0,0,0,0,0,0,0,0,0,1,1,0,0,0,,0,0,0,0,0,0,0,0,0,0,0,0,0,0,0,0,,,,,,56-60,56-65,Interstate,U,Sunday,,MHTRUCK,Not Fatal,0,0,0,0,State Route,State Patrol,Washington State Patrol,0,1,0,0,0,,,,,,0.0,0.0,0.0,,,,,,,,,,,98.0,98.0,98.0,0.0,,,,,20.0,7.0,,,,,,,,,,,,,,,,98663
2200,2019,392,EA21730,5.0,10/26/2019,2:30,26,10,,39,Klickitat,0,1,0.0,2,1,2,1,0,3,1,,,,24,0,0,21.9,1,0,1,5,1,2,4,0,0,0,0,CR-GLENWOOD HWY,,-121.014275,45.881558333,0,1,2,13,2,50,3,0,0,1,2,42,3,2,2,1,14,3,1,53,0,54,38,2002,0,0.0,63,69.0,63.0,24.0,42.0,,1,1,25,1,0.0,,2,0,3,0,11,0,,,,,0.0,0.0,0.0,3.0,1,58,91.0,0.0,0.0,96,,,,,,9,,,,,,98620.0,53,73.0,155.0,6.0,1.0,1.0,0.0,1.0,0.0,,1,,,,,,0,03/15/2015,03/15/2015,8,0,0,0,8.0,9,8,,,0,0.0,0.0,8,1,2.0,695.0,605.0,,1.0,1.0,,2,1,0.15,,,,,,,,,,,,,,,,,,,,,,,,,,,,,,0,0,0,0,1,1,1,1,1,0,0,0,0,0,0,0,0,0,0,1,0,0,0,1,1,0,0,0,0,1,0,0,0,0,0,,0,0,0,0,0,1,1,1,0,0,0,0,0,0,0,1,,,,,,21-25,16-25,County road,R,Saturday,Belt Used,PV,Not Fatal,0,1,0,0,County Road,County Sheriff,Klickitat County Sheriff's Office,1,0,1,0,0,thc,2.3,carboxy-thc,7.8,,0.0,1.0,0.0,,,,,,,,,,,98.0,98.0,98.0,0.0,,,,,20.0,7.0,,,,,,,,,,,,,,,,98620
2201,2019,393,E978797,82.0,11/02/2019,11:03,2,11,,41,Lewis,300,1,0.0,1,1,2,1,0,1,2,,,,14,0,0,0.0,1,0,1,7,2,4,6,0,0,0,0,YEW ST,,-122.9685056,46.714505556,0,1,11,11,2,25,4,0,0,1,7,14,1,1,2,2,1,1,1,53,0,51,42,1994,0,0.0,63,14.0,,,,,1,1,54,2,7.0,,4,0,99,7,11,8,11/04/2019,10:23,223053048840.0,48840.0,0.0,0.0,0.0,2.0,1,0,0.0,0.0,0.0,92,,,,,,99,,,,,,98531.0,53,63.0,171.0,1.0,1.0,0.0,1.0,0.0,0.0,,97,,,,,,0,11/15/2015,10/15/2018,20,0,0,0,0.0,9,8,,,0,0.0,0.0,8,9,2.0,401.0,417.0,,1.0,1.0,,2,1,0.2,,,,,,,,,,,,,,,,,,,,,,,,,,,,,,0,0,0,0,1,1,1,1,0,0,0,0,0,1,0,0,1,0,0,0,0,0,0,0,0,0,0,0,0,1,0,0,0,0,0,,1,0,0,0,0,1,1,1,1,0,0,1,0,0,0,1,,,,,,51-55,46-55,City street,U,Saturday,Unknown,PV,White,0,1,0,0,City Street,Municipal/City Police,Centralia Police Department,1,0,0,1,0,,,,,,0.0,0.0,9.0,,,,,,,,,,,0.0,0.0,0.0,1.0,,,,,20.0,7.0,,,,,,,,,,,,,,,,98531
2202,2019,394,E978866,8.0,10/20/2019,20:50,20,10,,27,Grays Harbor,0,10,0.0,2,2,2,1,0,2,1,,,,42,0,0,0.6,1,0,1,96,6,96,8,0,0,0,0,CAPITOL FOREST D INE,,-123.2571639,46.874619444,0,1,1,13,2,25,34,0,0,1,5,42,3,2,2,1,14,2,2,53,0,12,481,2013,0,0.0,63,42.0,,,,,1,1,25,1,0.0,,2,0,99,7,11,8,,,,,0.0,0.0,0.0,3.0,1,0,0.0,0.0,0.0,96,,,,,,9,,,,,,98541.0,53,70.0,200.0,6.0,1.0,0.0,0.0,0.0,3.0,,97,,,,,,4,01/15/2018,12/15/2018,8,0,0,0,8.0,9,8,,,0,0.0,0.0,8,1,2.0,695.0,605.0,,1.0,1.0,,2,1,0.057,,,,,,,,,,,,,,,,,,,,,,,,,,,,,,0,0,1,0,1,0,1,1,1,0,0,0,1,0,0,0,0,0,0,0,0,0,0,1,1,0,0,0,0,1,0,0,0,0,0,,0,0,0,0,1,0,1,1,0,1,0,0,0,0,0,1,,,,,,21-25,16-25,Other,,Sunday,Unknown,PV,Not Fatal,0,1,0,0,Other,State Patrol,Washington State Patrol,1,0,0,0,1,thc,4.7,carboxy-thc,37.0,,0.0,0.0,0.0,,,,,,,,,,,98.0,98.0,98.0,0.0,,,,,20.0,7.0,,,,,,,,,,,,,,,,
2203,2019,395,E979909,8.0,10/11/2019,23:22,11,10,,27,Grays Harbor,0,1,0.0,2,1,2,1,0,1,1,,,,1,0,0,1.1,1,0,1,3,2,1,3,0,0,0,0,SR-8,,-123.367225,47.0121,0,1,6,6,1,60,5,0,0,1,7,1,1,1,2,3,15,1,5,53,0,48,38,2008,0,0.0,64,1.0,57.0,,,,1,1,19,2,6.0,,4,7,20,7,11,0,10/11/2019,23:22,53045820.0,45820.0,0.0,0.0,0.0,0.0,1,37,0.0,0.0,0.0,96,,,,,,99,,,,,,98520.0,53,64.0,112.0,0.0,0.0,0.0,0.0,0.0,0.0,,0,,,,,,4,,,8,1,9,0,0.0,9,8,,,0,0.0,0.0,8,9,2.0,996.0,996.0,401.0,1.0,1.0,1.0,2,1,0.0,,,,,,,,,,,,,,,,,,,,,,,,,,,,,,0,0,1,0,0,0,1,1,0,0,0,0,1,1,0,0,0,0,0,1,0,1,1,0,1,0,0,0,0,1,0,0,0,1,0,,1,0,0,0,0,0,1,1,0,1,0,1,0,0,1,0,,,,,,18-20,16-25,State route,U,Friday,Not Used,PV,Hispanic,0,1,0,0,State Route,State Patrol,Washington State Patrol,1,1,0,0,0,,,,,,0.0,0.0,0.0,1.0,1.0,1.0,,,417.0,128.0,177.0,157.0,,98.0,98.0,98.0,1.0,,,,,20.0,7.0,,,,,,,,,,,,,,,,98541
2204,2019,396,E963305,8.0,09/18/2019,23:12,18,9,,35,Kitsap,180,1,0.0,2,1,2,1,0,2,2,,,,12,0,2,33.7,1,0,1,3,2,1,3,0,0,0,0,SR-3,,-122.7156,47.523905556,0,1,98,10,2,55,34,0,0,1,7,1,1,2,3,2,1,1,2,53,0,12,471,1988,0,0.0,12,1.0,,,,,1,1,22,2,0.0,,2,0,3,0,11,8,,,,,0.0,0.0,0.0,2.0,1,51,91.0,0.0,0.0,96,,,,,,9,,,,,,98312.0,53,63.0,130.0,1.0,1.0,0.0,0.0,0.0,1.0,,9,11.0,71.0,,,,0,05/15/2019,05/15/2019,20,0,0,0,8.0,9,8,,,0,0.0,0.0,8,1,2.0,1.0,,,1.0,,,2,1,0.21,,,,,,,,,,,,,,,,,,,,,,,,,,,,,,0,0,0,0,1,1,0,1,0,0,0,0,0,1,0,0,1,0,0,0,0,0,0,1,1,0,0,0,0,1,0,0,0,0,0,,0,0,0,0,0,1,0,1,0,0,0,1,0,1,0,1,,,,,,21-25,16-25,State route,U,Wednesday,Belt Used,PV,Not Fatal,0,0,0,1,State Route,State Patrol,Washington State Patrol,0,1,0,0,0,,,,,,0.0,0.0,1.0,,,,,,,,,,,0.0,0.0,0.0,0.0,,,,,20.0,7.0,,,,,,,,,,,,,,,,98312
2205,2019,396,E963305,8.0,09/18/2019,23:12,18,9,,35,Kitsap,180,1,0.0,2,1,2,1,0,2,2,,,,12,0,2,33.7,1,0,1,3,2,1,3,0,0,0,0,SR-3,,-122.7156,47.523905556,0,2,98,54,3,55,34,0,0,1,7,12,1,2,3,2,1,1,2,53,0,20,471,1991,0,0.0,12,,,,,,1,1,32,1,7.0,,4,0,99,7,11,4,09/20/2019,14:26,196053042033.0,42033.0,0.0,0.0,3.0,3.0,1,0,0.0,0.0,0.0,92,,,,,,99,,,,,,98351.0,53,73.0,145.0,6.0,1.0,0.0,1.0,1.0,0.0,,0,,,,,,0,03/15/2016,03/15/2016,20,0,0,0,0.0,9,8,,,0,0.0,0.0,8,9,2.0,1.0,,,1.0,,,2,1,0.0,,,,,,,,,,,,,,,,,,,,,,,,,,,,,,0,0,0,0,1,1,0,1,0,0,0,0,0,1,0,0,1,0,0,0,0,0,0,1,1,0,0,0,0,1,0,0,0,0,0,,1,0,0,0,0,0,0,0,1,0,0,0,0,0,0,0,,,,,,31-35,26-35,State route,U,Wednesday,Unknown,PV,White,0,0,0,1,State Route,State Patrol,Washington State Patrol,0,1,0,0,0,,,,,,0.0,0.0,0.0,,,,,,,,,,,0.0,0.0,0.0,1.0,,,,,20.0,7.0,,,,,,,,,,,,,,,,98312