,year,case,par,repjur,crash_dt,crash_tm,accday,accmon,holiday,county,co_char,city,weather,weather2,lightcond,surfcond,surftype,numfatal,nmforms,pforms,vforms,not_tm,arr_tm,hosp_tm,fhevent,hitrun,manncol,milepnt,reljunc,reljuncinter,intersectiontype,funcsystem,landuse,ownership,route,schlbus,spejur,contdev,devfunc,trafid1,trafid2,x,y,wk_zone,vnumber,crashtype,criticalevent,criticaleventcat,spdlim,body,trailer,emerg,hazcargo,leave,mhevent,roadalgn,roadprof,traflane,trafflow,vehmanvr,numoccs,regowner,regstate,spuse,make,model,modelyr,vrf1,vrf2,seqevent1,seqevent2,seqevent3,seqevent4,seqevent5,seqevent6,pnumber,ptype,age,sex,hispanic,race,injury,diedscene,restraint,restraintmisuse,seatpos,takehosp,death_dt,death_tm,cert,cernum_wa,commlic,licendor,licrestrict,liccomp,drivpres,drf1,drf2,drf3,drf4,distract1,distract2,distract3,distract4,distract5,distract6,dricond1,dricond2,dricond3,dricond4,dricond5,dricond6,dzip,licstate,drhgt_in,weight,noncdl,noncdltype,prevdwi,prevoth,prevacc,prevspd,prevsus,driviol1,driviol2,driviol3,driviol4,driviol5,driviol6,spdrel,first_dt,last_dt,airbag,ejection,ejectpath,extricat,injurwrk,methalc,methdrug,nmlocat,strikveh,prf1,prf2,prf3,druginv,alcinvol,drugsts,drugres1,drugres2,drugres3,drugtst1,drugtst2,drugtst3,alcsts,alctst,alcres,nmact1,nmact2,nmact3,nmact4,nmact5,nmact6,nmprior1,nmprior2,nmprior3,nmprior4,nmprior5,nmprior6,nmcond1,nmcond2,nmcond3,nmcond4,nmcond5,nmcond6,nmsafe_helmet,nmsafe_pads,nmsafe_oth,nmprev_ref,nmprev_lgt,nmprev_oth,crashlocation,nmcrashtype,crosswalk,schoolzone,sidewalk,train_inv,wildlife_inv,rotr_fars,intersect_fars,dd_inv,aid_inv,dpd_inv,id_inv,mj_inv,impnm_inv,ainm_inv,dpnm_inv,speed_inv,unlic_inv,unendmc_inv,drowsy_inv,drdist_inv,nmdist_inv,fty_inv,unrestfat_inv,dr1617_inv,dr1820_inv,dr1620_inv,dr2125_inv,dr1625_inv,dr65_inv,dr70_inv,dr75_inv,mc_inv,pv_inv,ht_inv,ped_inv,bike_inv,unrest_fat,mc_fat,unhelmet_mc,pv_fat,ht_fat,ped_fat,bike_fat,dr_alc7,dr_alc8,dr_drug,dr_imp,dr_dist,dr_spd,dr_fty,dr_unlic,dr_alc7only,dr_alc8only,dr_drugonly,dr_drink,nm_imp,nm_alc7,nm_alc8,nm_drug,nm_dist,agegrp1,agegrp2,roadclass,urbrur,dayweek,restuse,vehtype,race_me,intersect,lanedep,oppdir,wrongway,rep_typ,investag,repag_long,rotr,st_rd,cty_rd,city_rd,oth_rd,drug_thc,thc_res,drug_cthc,cthc_res,drug_cann,prevpersemin,prevperse,prevsusoth,drugtst4,drugtst5,drugtst6,drugtst7,drugtst8,drugres4,drugres5,drugres6,drugres7,drugres8,adspresent,adsengaged,adslevel,race1,race2,race3,race4,race5,helmet,helmetmisuse,nmdistract1,nmdistract2,nmdistract3,nmdistract4,nmdistract5,nmdistract6,lab,isedtcase,crf1,crf2,crf3,CoRoadName,CoMP,IntCoRoadName,IntCoMP,zipcode
2206,2019,397,E968496,5.0,10/02/2019,1:19,2,10,,15,Cowlitz,0,1,0.0,2,1,2,1,1,1,1,,,,8,0,0,0.2,20,1,1,1,1,1,1,0,0,0,0,I-5 RAMP,,-122.8579639,46.039622222,0,1,13,80,5,98,34,0,0,1,5,8,1,1,1,6,1,1,1,53,0,12,471,2000,0,0.0,8,,,,,,1,1,55,1,0.0,,0,0,3,0,11,0,,,,,0.0,0.0,0.0,3.0,1,0,0.0,0.0,0.0,96,,,,,,0,,,,,,98325.0,53,72.0,220.0,6.0,1.0,0.0,0.0,0.0,0.0,,0,,,,,,0,,,20,0,0,0,8.0,9,2,,,0,0.0,0.0,0,0,2.0,1.0,,,1.0,,,2,1,0.0,,,,,,,,,,,,,,,,,,,,,,,,,,,,,,0,0,0,0,0,0,0,0,0,0,0,0,0,0,0,0,0,0,0,0,0,0,0,0,0,0,0,0,0,1,0,1,0,0,0,,0,0,0,0,0,0,0,0,0,0,0,0,0,0,0,0,,,,,,51-55,46-55,Interstate,R,Wednesday,Belt Used,PV,Not Fatal,0,0,0,0,State Route,State Patrol,Washington State Patrol,0,1,0,0,0,,,,,,0.0,0.0,0.0,,,,,,,,,,,98.0,98.0,98.0,0.0,,,,,20.0,7.0,,,,,,,,,,,,,,,,98625
2207,2019,398,E979944,4.0,11/06/2019,15:10,6,11,,65,Stevens,0,1,0.0,1,1,2,1,0,2,2,,,,12,0,2,219.1,1,0,1,3,1,1,2,0,0,0,0,US-395,,-117.8287417,48.335258333,0,1,50,10,2,60,14,0,0,1,2,12,3,2,2,1,6,1,9,95,0,63,402,2015,0,0.0,68,12.0,,,,,1,1,76,2,0.0,,1,0,3,0,11,8,,,,,99.0,9.0,9.0,9.0,1,28,33.0,0.0,0.0,96,,,,,,1,,,,,,0.0,95,,999.0,9.0,9.0,99.0,99.0,99.0,99.0,,97,,,,,,0,,,1,0,0,0,8.0,9,8,,,0,0.0,0.0,8,0,8.0,95.0,,,96.0,,,8,95,995.0,,,,,,,,,,,,,,,,,,,,,,,,,,,,,,0,0,0,0,0,0,0,0,0,0,0,0,0,0,0,0,0,0,0,0,0,0,0,0,0,1,1,1,1,1,0,0,0,0,0,,0,0,0,0,0,0,0,0,0,0,0,0,0,0,0,0,,,,,,76-80,76+,US highway,R,Wednesday,Belt Used,PV,Not Fatal,0,1,1,0,State Route,State Patrol,Washington State Patrol,0,1,0,0,0,,,,,,99.0,99.0,99.0,,,,,,,,,,,98.0,98.0,98.0,0.0,,,,,20.0,7.0,,,,,,,,,,,,,,,,99109
2208,2019,398,E979944,4.0,11/06/2019,15:10,6,11,,65,Stevens,0,1,0.0,1,1,2,1,0,2,2,,,,12,0,2,219.1,1,0,1,3,1,1,2,0,0,0,0,US-395,,-117.8287417,48.335258333,0,2,51,62,4,60,80,0,0,1,2,12,8,8,2,1,1,1,2,53,0,72,706,2018,0,0.0,12,,,,,,1,1,57,1,7.0,,4,0,20,7,11,4,11/06/2019,16:03,41053049913.0,49913.0,0.0,0.0,3.0,3.0,1,0,0.0,0.0,0.0,96,,,,,,99,,,,,,99141.0,53,71.0,230.0,6.0,1.0,0.0,0.0,0.0,0.0,,0,,,,,,0,,,20,8,0,0,0.0,9,8,,,0,0.0,0.0,8,9,2.0,1.0,,,1.0,,,2,1,0.0,,,,,,,,,,,,,,,,,,,,,,,,,,,,,,0,0,0,0,0,0,0,0,0,0,0,0,0,0,0,0,0,0,0,0,0,0,0,0,0,1,1,1,1,1,0,0,0,0,1,0.0,0,0,0,0,0,0,0,0,0,0,0,0,0,0,0,0,,,,,,56-60,56-65,US highway,R,Wednesday,,MC,White,0,1,1,0,State Route,State Patrol,Washington State Patrol,0,1,0,0,0,,,,,,0.0,0.0,0.0,,,,,,,,,,,0.0,0.0,0.0,1.0,,,,,5.0,0.0,,,,,,,,,,,,,,,,99109
2209,2019,399,E980328,16.0,11/08/2019,8:50,8,11,,15,Cowlitz,0,1,0.0,1,1,5,1,0,1,1,,,,42,0,0,9999.9,1,0,1,6,1,2,4,0,0,0,0,CR-KALAMA RIVER RD,,-122.6388333,46.044811111,0,1,1,13,2,35,66,1,0,1,7,42,3,2,2,1,14,1,3,53,0,85,881,2017,0,0.0,63,42.0,,,,,1,1,58,1,7.0,,4,7,20,7,11,0,11/08/2019,8:50,53050261.0,50261.0,6.0,1.0,0.0,3.0,1,0,0.0,0.0,0.0,92,,,,,,99,,,,,,98632.0,53,73.0,208.0,6.0,1.0,0.0,0.0,0.0,0.0,,0,,,,,,0,,,20,0,0,0,1.0,9,8,,,0,0.0,0.0,8,9,2.0,1.0,,,1.0,,,2,1,0.0,,,,,,,,,,,,,,,,,,,,,,,,,,,,,,0,0,1,0,0,0,0,0,0,0,0,0,0,0,0,0,1,0,0,0,0,0,0,0,0,0,0,0,0,0,1,0,0,0,0,,0,1,0,0,0,0,0,0,1,0,0,0,0,0,0,0,,,,,,56-60,56-65,County road,R,Friday,,MHTRUCK,White,0,1,0,0,County Road,County Sheriff,Cowlitz County Sheriff's Office,1,0,1,0,0,,,,,,0.0,0.0,0.0,,,,,,,,,,,98.0,98.0,98.0,1.0,,,,,20.0,7.0,,,,,,,,,,,,,,,,98625
2210,2019,400,E980645,278.0,11/09/2019,17:39,9,11,,63,Spokane,2110,2,0.0,3,2,2,1,1,3,1,,,,8,0,0,0.0,1,0,1,7,2,4,6,0,0,98,8,S PALOUSE HWY,,-117.3592083,47.607036111,0,1,13,80,5,98,6,0,0,1,5,8,1,1,2,1,1,3,1,53,0,12,24,2007,0,0.0,8,,,,,,1,1,21,2,0.0,,0,0,3,0,11,0,,,,,0.0,0.0,3.0,3.0,1,10,38.0,0.0,0.0,96,,,,,,0,,,,,,99223.0,53,67.0,140.0,6.0,2.0,0.0,0.0,2.0,0.0,,46,,,,,,0,10/15/2015,02/15/2016,20,0,0,0,8.0,9,8,,,0,0.0,0.0,8,0,8.0,95.0,,,96.0,,,8,95,995.0,,,,,,,,,,,,,,,,,,,,,,,,,,,,,,0,0,0,0,0,0,0,0,0,0,0,0,0,0,0,0,0,0,1,0,0,0,0,1,1,0,0,0,0,1,0,1,0,0,0,,0,0,0,0,0,0,0,0,0,0,1,0,0,0,0,0,,,,,,21-25,16-25,City street,U,Saturday,Belt Used,PV,Not Fatal,0,0,0,0,City Street,Municipal/City Police,Spokane Police Department,0,0,0,1,0,,,,,,0.0,0.0,0.0,,,,,,,,,,,98.0,98.0,98.0,0.0,,,,,20.0,7.0,,,,,,,,,,,,,,,,99223
2211,2019,401,E980699,26.0,11/08/2019,11:39,8,11,,35,Kitsap,0,1,0.0,1,1,2,1,0,3,2,,,,12,0,6,3.1,2,0,3,5,2,2,4,0,0,0,0,CR-CLEAR CREEK RD NW,NW CLOSSER DR,-122.691975,47.708330556,0,1,83,67,4,50,34,0,0,1,7,12,1,1,2,1,1,1,1,53,0,49,472,2015,0,0.0,12,,,,,,1,1,51,1,0.0,,0,0,20,7,11,0,,,,,0.0,0.0,0.0,3.0,1,0,0.0,0.0,0.0,96,,,,,,0,,,,,,98383.0,53,67.0,235.0,6.0,1.0,0.0,1.0,2.0,1.0,,0,,,,,,0,04/15/2016,01/15/2019,8,0,0,0,8.0,9,8,,,0,0.0,0.0,8,0,8.0,95.0,,,96.0,,,8,95,995.0,,,,,,,,,,,,,,,,,,,,,,,,,,,,,,0,0,0,1,0,0,0,0,0,0,0,0,0,0,0,0,0,0,1,0,0,1,1,0,1,0,0,0,0,1,0,0,0,0,0,,0,0,0,0,0,0,0,0,0,0,0,0,0,0,0,0,,,,,,51-55,46-55,County road,U,Friday,Not Used,PV,Not Fatal,1,0,0,0,County Road,County Sheriff,Kitsap County Sheriff's Office,0,0,1,0,0,,,,,,0.0,0.0,0.0,,,,,,,,,,,98.0,98.0,98.0,0.0,,,,,20.0,7.0,,,,,,,,,,,,,,,,98370
2212,2019,401,E980699,26.0,11/08/2019,11:39,8,11,,35,Kitsap,0,1,0.0,1,1,2,1,0,3,2,,,,12,0,6,3.1,2,0,3,5,2,2,4,0,0,20,3,CR-CLEAR CREEK RD NW,NW CLOSSER DR,-122.691975,47.708330556,0,2,82,15,2,50,4,0,0,1,7,12,1,1,8,1,11,2,2,53,0,20,37,2003,0,0.0,12,,,,,,1,1,18,2,7.0,,4,0,3,0,11,1,11/09/2019,3:06,196053050847.0,50847.0,0.0,0.0,0.0,3.0,1,38,0.0,0.0,0.0,96,,,,,,0,,,,,,98311.0,53,62.0,115.0,6.0,1.0,0.0,1.0,0.0,0.0,,0,,,,,,0,12/15/2018,12/15/2018,1,0,0,0,0.0,9,8,,,0,0.0,0.0,8,0,2.0,1.0,,,1.0,,,2,1,0.0,,,,,,,,,,,,,,,,,,,,,,,,,,,,,,0,0,0,1,0,0,0,0,0,0,0,0,0,0,0,0,0,0,1,0,0,1,1,0,1,0,0,0,0,1,0,0,0,0,0,,1,0,0,0,0,0,0,0,0,0,1,0,0,0,0,0,,,,,,18-20,16-25,County road,U,Friday,Belt Used,PV,White,1,0,0,0,County Road,County Sheriff,Kitsap County Sheriff's Office,0,0,1,0,0,,,,,,0.0,0.0,0.0,,,,,,,,,,,98.0,98.0,98.0,1.0,,,,,20.0,7.0,,,,,,,,,,,,,,,,98370
2213,2019,402,E981386,6.0,11/06/2019,5:44,6,11,,17,Douglas,0,1,0.0,2,1,2,1,0,5,3,,,,12,0,7,7.6,1,0,1,3,2,1,3,0,0,0,0,SR-28,,-120.2365028,47.382994444,0,1,46,11,2,60,21,0,0,1,7,12,1,2,2,1,6,1,1,53,0,20,461,2004,0,0.0,68,68.0,12.0,68.0,12.0,64.0,1,1,55,1,7.0,,4,7,20,7,11,0,11/06/2019,5:44,57053049409.0,49409.0,0.0,0.0,3.0,2.0,1,33,0.0,0.0,0.0,96,,,,,,99,,,,,,98802.0,53,70.0,190.0,1.0,1.0,1.0,1.0,1.0,0.0,,0,,,,,,0,09/15/2016,06/15/2019,1,0,0,0,0.0,9,8,,,0,0.0,0.0,8,9,2.0,1.0,,,1.0,,,2,1,0.44,,,,,,,,,,,,,,,,,,,,,,,,,,,,,,0,0,0,0,1,1,0,1,0,0,0,0,0,1,0,0,0,0,0,1,0,0,0,1,1,0,0,0,0,1,0,0,0,1,0,,1,0,0,0,0,1,0,1,0,0,0,1,0,1,0,1,,,,,,51-55,46-55,State route,U,Wednesday,Not Used,PV,White,0,0,0,0,State Route,State Patrol,Washington State Patrol,0,1,0,0,0,,,,,,0.0,1.0,2.0,,,,,,,,,,,98.0,98.0,98.0,1.0,,,,,20.0,7.0,,,,,,,,,,,,,,,,98802
2214,2019,402,E981386,6.0,11/06/2019,5:44,6,11,,17,Douglas,0,1,0.0,2,1,2,1,0,5,3,,,,12,0,7,7.6,1,0,1,3,2,1,3,0,0,0,0,SR-28,,-120.2365028,47.382994444,0,2,98,62,4,60,14,0,0,1,7,12,1,2,2,1,1,1,2,53,0,20,404,2018,0,0.0,12,,,,,,1,1,44,1,0.0,,1,0,3,0,11,5,,,,,0.0,0.0,0.0,3.0,1,0,0.0,0.0,0.0,96,,,,,,0,,,,,,98801.0,53,72.0,170.0,6.0,1.0,2.0,0.0,0.0,0.0,,0,,,,,,0,11/15/2016,02/15/2017,8,0,0,0,8.0,9,8,,,0,0.0,0.0,8,0,8.0,95.0,,,96.0,,,8,95,995.0,,,,,,,,,,,,,,,,,,,,,,,,,,,,,,0,0,0,0,1,1,0,1,0,0,0,0,0,1,0,0,0,0,0,1,0,0,0,1,1,0,0,0,0,1,0,0,0,0,0,,0,0,0,0,0,0,0,0,0,0,0,0,0,0,0,0,,,,,,41-45,36-45,State route,U,Wednesday,Belt Used,PV,Not Fatal,0,0,0,0,State Route,State Patrol,Washington State Patrol,0,1,0,0,0,,,,,,0.0,2.0,3.0,,,,,,,,,,,98.0,98.0,98.0,0.0,,,,,20.0,7.0,,,,,,,,,,,,,,,,98802
2215,2019,402,E981386,6.0,11/06/2019,5:44,6,11,,17,Douglas,0,1,0.0,2,1,2,1,0,5,3,,,,12,0,7,7.6,1,0,1,3,2,1,3,0,0,0,0,SR-28,,-120.2365028,47.382994444,0,3,45,60,4,60,15,0,0,1,5,12,1,2,2,1,1,3,1,53,0,23,421,1995,0,0.0,12,,,,,,1,1,24,1,0.0,,0,0,3,0,11,0,,,,,0.0,0.0,0.0,3.0,1,0,0.0,0.0,0.0,96,,,,,,0,,,,,,98848.0,53,67.0,125.0,6.0,1.0,0.0,0.0,0.0,0.0,,0,,,,,,0,,,20,0,0,0,8.0,9,8,,,0,0.0,0.0,8,0,8.0,95.0,,,96.0,,,8,95,995.0,,,,,,,,,,,,,,,,,,,,,,,,,,,,,,0,0,0,0,1,1,0,1,0,0,0,0,0,1,0,0,0,0,0,1,0,0,0,1,1,0,0,0,0,1,0,0,0,0,0,,0,0,0,0,0,0,0,0,0,0,0,0,0,0,0,0,,,,,,21-25,16-25,State route,U,Wednesday,Belt Used,PV,Not Fatal,0,0,0,0,State Route,State Patrol,Washington State Patrol,0,1,0,0,0,,,,,,0.0,0.0,0.0,,,,,,,,,,,0.0,0.0,0.0,0.0,,,,,20.0,7.0,,,,,,,,,,,,,,,,98802
2216,2019,403,E981543,35.0,11/12/2019,20:27,12,11,,53,Pierce,0,2,0.0,2,2,2,1,0,2,1,,,,40,0,0,0.8,1,0,1,5,2,2,4,0,3,0,0,CR-PIONEER WAY E,,-122.3384389,47.193172222,0,1,2,6,1,35,4,0,0,1,7,40,2,1,2,1,14,2,2,53,0,63,33,2007,0,0.0,63,40.0,41.0,,,,1,1,62,2,1.0,,4,7,3,0,11,0,11/12/2019,20:27,53050520.0,50520.0,0.0,0.0,0.0,2.0,1,0,0.0,0.0,0.0,96,,,,,,0,,,,,,98466.0,53,62.0,150.0,1.0,1.0,0.0,0.0,0.0,0.0,,0,,,,,,4,,,20,0,0,0,0.0,9,8,,,0,0.0,0.0,8,0,2.0,996.0,996.0,401.0,1.0,1.0,1.0,2,1,0.0,,,,,,,,,,,,,,,,,,,,,,,,,,,,,,0,0,0,0,0,0,1,1,0,0,0,0,1,1,0,0,0,0,0,0,0,0,0,0,0,0,0,0,0,1,0,0,0,0,0,,1,0,0,0,0,0,1,1,0,1,0,1,0,0,1,0,,,,,,61-65,56-65,County road,U,Tuesday,Belt Used,PV,Hispanic,0,1,0,0,County Road,County Sheriff,Law Enforcement Support Agency,1,0,1,0,0,,,,,,0.0,0.0,0.0,1.0,,,,,417.0,,,,,98.0,98.0,98.0,1.0,,,,,20.0,7.0,,,,,,,,,,,,,,,,98371
2217,2019,404,E981624,6.0,10/22/2019,18:20,22,10,,1,Adams,0,1,0.0,3,1,2,1,0,1,1,,,,1,0,0,18.8,1,0,1,3,1,1,3,0,0,0,0,SR-17,,-119.1342694,46.782094444,0,1,6,13,2,98,34,0,0,1,7,1,1,1,2,1,6,1,1,53,0,49,471,1991,0,0.0,63,69.0,68.0,64.0,1.0,,1,1,21,1,1.0,,4,0,3,0,11,8,10/22/2019,19:26,163053046942.0,46942.0,0.0,0.0,0.0,3.0,1,34,58.0,0.0,0.0,96,,,,,,9,,,,,,99344.0,53,66.0,140.0,6.0,1.0,1.0,2.0,2.0,0.0,,0,,,,,,4,09/15/2015,11/15/2018,20,0,0,0,9.0,9,1,,,0,0.0,0.0,1,1,2.0,402.0,695.0,605.0,1.0,1.0,1.0,2,1,0.02,,,,,,,,,,,,,,,,,,,,,,,,,,,,,,0,0,1,0,1,0,1,1,1,0,0,0,1,0,0,0,0,0,0,0,0,0,0,1,1,0,0,0,0,1,0,0,0,0,0,,1,0,0,0,1,0,1,1,0,1,0,0,0,0,0,1,,,,,,21-25,16-25,State route,R,Tuesday,Belt Used,PV,Hispanic,0,1,0,0,State Route,State Patrol,Washington State Patrol,1,1,0,0,0,thc,3.5,carboxy-thc,10.0,,0.0,1.0,1.0,1.0,1.0,,,,151.0,996.0,,,,0.0,0.0,0.0,1.0,,,,,20.0,7.0,,,,,,,nms,,,,,,,,,99344
2218,2019,405,E982012,25.0,11/06/2019,17:39,6,11,,33,King,475,1,0.0,2,1,2,1,1,1,1,,,,9,1,0,0.0,1,0,1,7,1,4,6,0,0,0,0,SE WAX RD,,-122.0985194,47.376777778,0,1,13,11,2,35,4,0,0,1,5,9,1,3,2,1,1,1,1,91,0,20,16,2001,0,0.0,63,9.0,,,,,1,1,31,1,0.0,,9,0,99,7,11,8,,,,,0.0,0.0,0.0,3.0,1,91,0.0,0.0,0.0,7,,,,,,99,,,,,,98042.0,53,71.0,165.0,6.0,1.0,0.0,1.0,1.0,1.0,,1,7.0,,,,,3,12/15/2017,09/15/2018,99,9,0,0,8.0,9,8,,,0,0.0,0.0,8,9,8.0,95.0,,,96.0,,,8,95,995.0,,,,,,,,,,,,,,,,,,,,,,,,,,,,,,0,0,0,0,0,0,0,0,0,0,0,0,1,0,0,0,1,0,0,0,0,0,0,0,0,0,0,0,0,1,0,0,1,0,0,,0,0,0,0,0,0,0,0,1,1,0,0,0,0,0,0,,,,,,31-35,26-35,City street,R,Wednesday,Unknown,PV,Not Fatal,0,0,0,0,City Street,County Sheriff,King County Police,0,0,0,1,0,,,,,,0.0,0.0,0.0,,,,,,,,,,,98.0,98.0,98.0,0.0,,,,,20.0,7.0,,,,,,,,,,,,,,,,98042
2219,2019,406,E979357,286.0,10/27/2019,1:02,27,10,,61,Snohomish,2180,1,0.0,3,1,2,1,1,1,1,,,,8,0,0,23.2,1,0,1,3,2,1,2,0,0,0,0,US-2,,-121.8002083,47.864169444,0,1,13,80,5,35,15,0,0,1,7,8,1,2,2,1,1,1,2,53,0,37,421,2004,0,0.0,8,,,,,,1,1,49,2,0.0,,0,0,3,0,11,0,,,,,0.0,0.0,0.0,3.0,1,10,0.0,0.0,0.0,96,,,,,,0,,,,,,98251.0,53,66.0,200.0,6.0,1.0,0.0,0.0,0.0,0.0,,0,,,,,,0,,,20,0,0,0,8.0,9,8,,,0,0.0,0.0,8,0,8.0,95.0,,,96.0,,,8,95,995.0,,,,,,,,,,,,,,,,,,,,,,,,,,,,,,0,0,0,0,0,0,0,0,0,1,0,1,0,0,0,0,0,0,0,0,0,0,0,0,0,0,0,0,0,1,0,1,0,0,0,,0,0,0,0,0,0,0,0,0,0,0,0,0,0,0,0,,,,,,46-50,46-55,US highway,U,Sunday,Belt Used,PV,Not Fatal,0,0,0,0,State Route,Municipal/City Police,Sultan Police Department,0,1,0,0,0,,,,,,0.0,0.0,0.0,,,,,,,,,,,98.0,98.0,98.0,0.0,,,,,20.0,7.0,,,,,,,,,,,,,,,,98294
2220,2019,407,E982343,3.0,11/11/2019,21:30,11,11,,53,Pierce,0,8,0.0,3,1,2,1,1,1,1,,,,8,0,0,12.6,1,0,1,4,1,1,3,0,0,0,0,SR-161,,-122.2977833,46.971744444,0,1,13,80,5,50,61,0,0,1,5,8,1,1,3,1,1,1,3,53,0,12,881,1999,0,0.0,63,8.0,,,,,1,1,49,1,0.0,,0,0,3,0,11,0,,,,,0.0,0.0,0.0,3.0,1,0,0.0,0.0,0.0,96,,,,,,0,,,,,,98328.0,53,71.0,220.0,6.0,1.0,0.0,0.0,0.0,0.0,,0,,,,,,0,,,20,0,0,0,8.0,9,8,,,0,0.0,0.0,8,0,8.0,95.0,,,96.0,,,8,95,995.0,,,,,,,,,,,,,,,,,,,,,,,,,,,,,,0,0,0,0,0,0,0,0,0,0,0,0,0,0,0,0,0,0,0,0,0,0,0,0,0,0,0,0,0,0,1,1,0,0,0,,0,0,0,0,0,0,0,0,0,0,0,0,0,0,0,0,,,,,,46-50,46-55,State route,R,Monday,,MHTRUCK,Not Fatal,0,0,0,0,State Route,State Patrol,Washington State Patrol,0,1,0,0,0,,,,,,0.0,0.0,0.0,,,,,,,,,,,0.0,0.0,0.0,0.0,,,,,20.0,7.0,,,,,,,,,,,,,,,,98338
2221,2019,408,E982413,106.0,11/14/2019,0:40,14,11,,33,King,532,5,0.0,3,1,2,1,1,1,1,,,,8,0,0,11.9,1,0,1,3,2,1,3,0,0,0,0,SR-99,,-122.2949306,47.394561111,0,1,13,80,5,98,14,0,0,1,7,8,1,1,5,2,1,1,2,53,0,49,402,1997,0,0.0,8,,,,,,1,1,26,8,0.0,,0,0,2,0,11,0,,,,,0.0,0.0,0.0,0.0,1,10,0.0,0.0,0.0,96,,,,,,0,,,,,,98003.0,53,69.0,160.0,0.0,0.0,0.0,0.0,0.0,0.0,,0,,,,,,0,,,20,0,0,0,8.0,9,2,,,0,0.0,0.0,0,0,8.0,95.0,,,96.0,,,8,95,995.0,,,,,,,,,,,,,,,,,,,,,,,,,,,,,,0,0,0,0,0,0,0,0,0,1,1,0,0,1,0,0,0,0,0,0,0,0,0,0,0,0,0,0,0,1,0,1,0,0,0,,0,0,0,0,0,0,0,0,0,0,0,1,0,0,0,0,,,,,,26-30,26-35,State route,U,Thursday,Belt Used,PV,Not Fatal,0,0,0,0,State Route,Municipal/City Police,Des Moines Police Department,0,1,0,0,0,,,,,,0.0,0.0,0.0,,,,,,,,,,,0.0,0.0,0.0,0.0,,,,,20.0,7.0,,,,,,,,,,,,,,,,98198
2222,2019,409,E982840,1.0,11/01/2019,19:36,1,11,,77,Yakima,0,1,0.0,3,1,2,1,1,2,1,,,,8,0,0,30.9,1,0,1,1,2,1,1,0,0,0,0,I-82,,-120.5155861,46.630352778,0,1,13,80,5,60,34,1,0,1,5,8,1,1,3,3,1,2,3,4,0,12,481,2019,0,0.0,8,,,,,,1,1,54,1,0.0,,0,0,3,0,11,0,,,,,6.0,0.0,0.0,3.0,1,0,0.0,0.0,0.0,96,,,,,,0,,,,,,98942.0,53,73.0,200.0,6.0,1.0,0.0,1.0,0.0,0.0,,0,,,,,,0,09/15/2015,09/15/2015,20,0,0,0,8.0,9,2,,,0,0.0,0.0,0,0,8.0,95.0,,,96.0,,,8,95,995.0,,,,,,,,,,,,,,,,,,,,,,,,,,,,,,0,0,0,0,0,0,0,0,0,1,0,1,0,0,0,0,0,0,0,0,0,0,0,0,0,0,0,0,0,1,0,1,0,0,0,,0,0,0,0,0,0,0,0,0,0,0,0,0,0,0,0,,,,,,51-55,46-55,Interstate,U,Friday,Belt Used,PV,Not Fatal,0,0,0,0,State Route,State Patrol,Washington State Patrol,0,1,0,0,0,,,,,,0.0,0.0,0.0,,,,,,,,,,,98.0,98.0,98.0,0.0,,,,,20.0,7.0,,,,,,,,,,,,,,,,98942
2223,2019,410,E983590,189.0,11/17/2019,1:04,17,11,,61,Snohomish,1280,2,0.0,2,2,2,1,1,1,1,,,,8,0,0,0.0,1,0,1,7,2,4,6,0,0,0,0,61ST ST NE,,-122.1651528,48.050941667,0,1,13,80,5,25,6,0,0,1,5,8,1,2,2,1,1,1,2,53,0,6,52,2005,0,0.0,8,,,,,,1,1,18,1,0.0,,0,0,3,0,11,0,,,,,0.0,0.0,0.0,3.0,1,0,0.0,0.0,0.0,96,,,,,,0,,,,,,98270.0,53,69.0,140.0,6.0,1.0,0.0,0.0,0.0,0.0,,0,,,,,,0,,,20,0,0,0,8.0,9,8,,,0,0.0,0.0,8,0,8.0,95.0,,,96.0,,,8,95,995.0,,,,,,,,,,,,,,,,,,,,,,,,,,,,,,0,0,0,0,0,0,0,0,0,1,1,0,0,0,0,0,0,0,0,0,0,1,1,0,1,0,0,0,0,1,0,1,0,0,0,,0,0,0,0,0,0,0,0,0,0,0,0,0,0,0,0,,,,,,18-20,16-25,City street,U,Sunday,Belt Used,PV,Not Fatal,0,0,0,0,City Street,Municipal/City Police,Marysville Police Department,0,0,0,1,0,,,,,,0.0,0.0,0.0,,,,,,,,,,,98.0,98.0,98.0,0.0,,,,,20.0,7.0,,,,,,,,,,,,,,,,98270
2224,2019,411,E983667,2.0,11/05/2019,17:15,5,11,,73,Whatcom,1210,10,0.0,3,1,2,1,1,1,1,,,,8,0,0,0.0,1,0,1,7,2,4,6,0,0,0,0,4TH ST,,-122.4526056,48.944211111,0,1,13,80,5,25,34,0,0,1,7,8,1,1,2,1,1,1,1,53,0,20,481,1988,0,0.0,8,,,,,,1,1,19,1,0.0,,0,0,3,0,11,0,,,,,0.0,0.0,2.0,3.0,1,10,0.0,0.0,0.0,96,,,,,,0,,,,,,98264.0,53,72.0,130.0,6.0,2.0,0.0,0.0,2.0,0.0,,97,,,,,,0,08/15/2015,10/15/2018,20,0,0,0,8.0,9,8,,,0,0.0,0.0,8,0,2.0,1.0,,,1.0,,,2,1,0.0,,,,,,,,,,,,,,,,,,,,,,,,,,,,,,0,0,0,0,0,0,0,0,0,0,0,0,0,0,0,0,0,0,0,0,0,1,1,0,1,0,0,0,0,1,0,1,0,0,0,,0,0,0,0,0,0,0,0,0,0,0,0,0,0,0,0,,,,,,18-20,16-25,City street,U,Tuesday,Belt Used,PV,Not Fatal,0,0,0,0,City Street,State Patrol,Washington State Patrol,0,0,0,1,0,,,,,,0.0,0.0,0.0,,,,,,,,,,,0.0,0.0,0.0,0.0,,,,,20.0,7.0,,,,,,,,,,,,,,,,98264