,year,case,par,repjur,crash_dt,crash_tm,accday,accmon,holiday,county,co_char,city,weather,weather2,lightcond,surfcond,surftype,numfatal,nmforms,pforms,vforms,not_tm,arr_tm,hosp_tm,fhevent,hitrun,manncol,milepnt,reljunc,reljuncinter,intersectiontype,funcsystem,landuse,ownership,route,schlbus,spejur,contdev,devfunc,trafid1,trafid2,x,y,wk_zone,vnumber,crashtype,criticalevent,criticaleventcat,spdlim,body,trailer,emerg,hazcargo,leave,mhevent,roadalgn,roadprof,traflane,trafflow,vehmanvr,numoccs,regowner,regstate,spuse,make,model,modelyr,vrf1,vrf2,seqevent1,seqevent2,seqevent3,seqevent4,seqevent5,seqevent6,pnumber,ptype,age,sex,hispanic,race,injury,diedscene,restraint,restraintmisuse,seatpos,takehosp,death_dt,death_tm,cert,cernum_wa,commlic,licendor,licrestrict,liccomp,drivpres,drf1,drf2,drf3,drf4,distract1,distract2,distract3,distract4,distract5,distract6,dricond1,dricond2,dricond3,dricond4,dricond5,dricond6,dzip,licstate,drhgt_in,weight,noncdl,noncdltype,prevdwi,prevoth,prevacc,prevspd,prevsus,driviol1,driviol2,driviol3,driviol4,driviol5,driviol6,spdrel,first_dt,last_dt,airbag,ejection,ejectpath,extricat,injurwrk,methalc,methdrug,nmlocat,strikveh,prf1,prf2,prf3,druginv,alcinvol,drugsts,drugres1,drugres2,drugres3,drugtst1,drugtst2,drugtst3,alcsts,alctst,alcres,nmact1,nmact2,nmact3,nmact4,nmact5,nmact6,nmprior1,nmprior2,nmprior3,nmprior4,nmprior5,nmprior6,nmcond1,nmcond2,nmcond3,nmcond4,nmcond5,nmcond6,nmsafe_helmet,nmsafe_pads,nmsafe_oth,nmprev_ref,nmprev_lgt,nmprev_oth,crashlocation,nmcrashtype,crosswalk,schoolzone,sidewalk,train_inv,wildlife_inv,rotr_fars,intersect_fars,dd_inv,aid_inv,dpd_inv,id_inv,mj_inv,impnm_inv,ainm_inv,dpnm_inv,speed_inv,unlic_inv,unendmc_inv,drowsy_inv,drdist_inv,nmdist_inv,fty_inv,unrestfat_inv,dr1617_inv,dr1820_inv,dr1620_inv,dr2125_inv,dr1625_inv,dr65_inv,dr70_inv,dr75_inv,mc_inv,pv_inv,ht_inv,ped_inv,bike_inv,unrest_fat,mc_fat,unhelmet_mc,pv_fat,ht_fat,ped_fat,bike_fat,dr_alc7,dr_alc8,dr_drug,dr_imp,dr_dist,dr_spd,dr_fty,dr_unlic,dr_alc7only,dr_alc8only,dr_drugonly,dr_drink,nm_imp,nm_alc7,nm_alc8,nm_drug,nm_dist,agegrp1,agegrp2,roadclass,urbrur,dayweek,restuse,vehtype,race_me,intersect,lanedep,oppdir,wrongway,rep_typ,investag,repag_long,rotr,st_rd,cty_rd,city_rd,oth_rd,drug_thc,thc_res,drug_cthc,cthc_res,drug_cann,prevpersemin,prevperse,prevsusoth,drugtst4,drugtst5,drugtst6,drugtst7,drugtst8,drugres4,drugres5,drugres6,drugres7,drugres8,adspresent,adsengaged,adslevel,race1,race2,race3,race4,race5,helmet,helmetmisuse,nmdistract1,nmdistract2,nmdistract3,nmdistract4,nmdistract5,nmdistract6,lab,isedtcase,crf1,crf2,crf3,CoRoadName,CoMP,IntCoRoadName,IntCoMP,zipcode
2225,2019,412,E983677,2.0,11/14/2019,6:50,14,11,,73,Whatcom,150,1,0.0,3,1,2,1,0,1,1,,,,59,0,0,276.4,1,0,1,1,2,1,1,0,0,0,0,I-5,,-122.75365,48.999380556,0,1,2,6,1,98,4,0,0,1,7,25,2,1,3,3,14,1,2,8,0,37,32,2003,0,0.0,63,59.0,25.0,,,,1,1,38,2,7.0,,4,7,20,7,11,0,11/14/2019,6:50,15053054063.0,54063.0,0.0,0.0,3.0,3.0,1,0,0.0,0.0,0.0,96,,,,,,9,,,,,,81416.0,8,69.0,190.0,6.0,1.0,0.0,0.0,0.0,0.0,,0,,,,,,4,,,8,0,0,0,0.0,9,8,,,0,0.0,0.0,1,9,2.0,996.0,996.0,996.0,1.0,1.0,1.0,2,1,0.0,,,,,,,,,,,,,,,,,,,,,,,,,,,,,,0,0,0,0,0,0,1,1,0,0,0,0,1,0,0,0,0,0,0,1,0,0,0,0,0,0,0,0,0,1,0,0,0,1,0,,1,0,0,0,0,0,1,1,0,1,0,0,0,0,1,0,,,,,,36-40,36-45,Interstate,U,Thursday,Not Used,PV,White,0,1,0,0,State Route,State Patrol,Washington State Patrol,1,1,0,0,0,,,,,,0.0,0.0,0.0,1.0,1.0,1.0,,,334.0,401.0,417.0,,,98.0,98.0,98.0,1.0,,,,,20.0,7.0,,,,,,,,,,,,,,,,98230
2226,2019,413,E981655,222.0,11/04/2019,10:30,4,11,,67,Thurston,1590,1,0.0,1,1,2,2,0,2,1,,,,38,0,0,0.0,8,0,1,7,2,4,6,0,0,0,0,W BAY DR NW,HARBOR VIEW DR NW,-122.9148333,47.058127778,0,1,98,17,2,30,14,0,0,1,7,1,1,4,2,1,1,2,1,53,0,2,405,2005,0,0.0,71,38.0,41.0,1.0,,,1,1,77,8,7.0,,4,7,20,7,11,0,11/04/2019,10:30,159053049105.0,49105.0,0.0,0.0,3.0,3.0,1,0,0.0,0.0,0.0,96,,,,,,0,,,,,,98502.0,53,66.0,320.0,6.0,1.0,0.0,0.0,0.0,0.0,,0,,,,,,0,,,1,0,0,0,0.0,9,8,,,0,0.0,0.0,8,0,2.0,996.0,996.0,996.0,1.0,1.0,1.0,2,1,0.0,,,,,,,,,,,,,,,,,,,,,,,,,,,,,,0,0,0,0,0,0,1,1,0,0,0,0,0,0,0,0,0,0,0,1,0,0,0,0,0,1,1,1,0,1,0,0,0,1,0,,1,0,0,0,0,0,1,1,0,0,0,0,0,0,1,0,,,,,,76-80,76+,City street,U,Monday,Not Used,PV,White,0,0,0,0,City Street,Municipal/City Police,Olympia Police Department,0,0,0,1,0,,,,,,0.0,0.0,0.0,1.0,1.0,1.0,,,996.0,996.0,996.0,996.0,996.0,98.0,98.0,98.0,1.0,,,,,20.0,7.0,,,,,,,,,,,,,,,,98502
2227,2019,414,E984511,2.0,11/20/2019,1:15,20,11,,57,Skagit,0,1,0.0,2,1,1,1,1,2,2,,,,8,1,0,238.2,1,0,1,1,1,1,1,0,0,0,0,I-5,,-122.3459861,48.583,0,1,13,80,5,70,99,0,0,1,5,8,1,1,2,3,1,99,9,99,0,99,999,9999,0,0.0,8,,,,,,1,1,999,8,0.0,,0,0,99,7,11,0,,,,,99.0,9.0,9.0,9.0,1,0,0.0,0.0,0.0,96,,,,,,99,,,,,,99999.0,99,,999.0,9.0,9.0,99.0,99.0,99.0,99.0,,0,,,,,,0,,,99,0,0,0,8.0,9,8,,,0,0.0,0.0,8,9,8.0,95.0,,,96.0,,,8,95,995.0,,,,,,,,,,,,,,,,,,,,,,,,,,,,,,0,0,0,0,0,0,0,0,0,1,1,1,0,0,0,0,0,0,0,0,0,0,0,0,0,0,0,0,0,0,1,1,0,0,0,,0,0,0,0,0,0,0,0,0,0,0,0,0,0,0,0,,,,,,,,Interstate,R,Wednesday,,NR-U,Not Fatal,0,0,0,0,State Route,State Patrol,Washington State Patrol,0,1,0,0,0,,,,,,99.0,99.0,99.0,,,,,,,,,,,98.0,98.0,98.0,0.0,,,,,20.0,7.0,,,,,,,,,,,,,,,,98232
2228,2019,414,E984511,2.0,11/20/2019,1:15,20,11,,57,Skagit,0,1,0.0,2,1,1,1,1,2,2,,,,8,0,0,238.2,1,0,1,1,1,1,1,0,0,0,0,I-5,,-122.3459861,48.583,0,2,98,80,5,60,66,1,0,1,5,8,1,1,2,3,1,1,3,40,0,82,881,2017,0,0.0,8,,,,,,1,1,46,1,0.0,,0,0,3,0,11,0,,,,,6.0,1.0,0.0,3.0,1,0,0.0,0.0,0.0,96,,,,,,0,,,,,,95338.0,6,71.0,190.0,6.0,1.0,0.0,0.0,0.0,0.0,,0,,,,,,0,,,20,0,0,0,8.0,9,8,,,0,0.0,0.0,8,0,8.0,95.0,,,96.0,,,8,95,995.0,,,,,,,,,,,,,,,,,,,,,,,,,,,,,,0,0,0,0,0,0,0,0,0,1,1,1,0,0,0,0,0,0,0,0,0,0,0,0,0,0,0,0,0,0,1,1,0,0,0,,0,0,0,0,0,0,0,0,0,0,0,0,0,0,0,0,,,,,,46-50,46-55,Interstate,R,Wednesday,,MHTRUCK,Not Fatal,0,0,0,0,State Route,State Patrol,Washington State Patrol,0,1,0,0,0,,,,,,0.0,0.0,0.0,,,,,,,,,,,98.0,98.0,98.0,0.0,,,,,20.0,7.0,,,,,,,,,,,,,,,,98232
2229,2019,415,E985772,8.0,11/11/2019,3:40,11,11,,31,Jefferson,0,10,0.0,2,1,2,3,0,3,1,,,,1,0,0,12.3,1,0,1,4,1,1,3,0,0,0,0,SR-19,,-122.7977444,48.048377778,0,1,2,6,1,40,3,0,0,1,7,1,1,1,2,1,1,3,1,53,0,55,36,2002,0,0.0,68,68.0,63.0,1.0,42.0,,1,1,20,1,7.0,,4,7,3,0,11,0,11/11/2019,3:40,53049821.0,49821.0,0.0,0.0,0.0,3.0,1,0,0.0,0.0,0.0,96,,,,,,9,,,,,,98368.0,53,72.0,180.0,6.0,1.0,0.0,0.0,0.0,0.0,,0,,,,,,4,,,1,0,0,0,0.0,9,8,,,0,0.0,0.0,1,1,8.0,95.0,,,96.0,,,8,95,995.0,,,,,,,,,,,,,,,,,,,,,,,,,,,,,,0,0,0,0,1,0,0,0,0,0,0,0,1,0,0,0,0,0,0,1,0,1,1,0,1,0,0,0,0,1,0,0,0,0,0,,1,0,0,0,0,0,0,0,0,1,0,0,0,0,0,1,,,,,,18-20,16-25,State route,R,Monday,Belt Used,PV,White,0,1,0,0,State Route,State Patrol,Washington State Patrol,1,1,0,0,0,,,,,,0.0,0.0,0.0,,,,,,,,,,,98.0,98.0,98.0,1.0,,,,,20.0,7.0,,,,,,,,,,,,,,,,98368
2230,2019,416,E985936,44.0,11/21/2019,1:27,21,11,,71,Walla Walla,0,1,0.0,2,1,2,1,0,1,1,,,,1,0,0,13.2,1,0,1,5,1,2,4,0,0,0,0,CR-HARVEY SHAW RD,,-118.4714444,46.264422222,0,1,1,13,2,50,34,0,0,1,5,1,3,1,2,1,14,1,3,53,0,23,481,1997,0,0.0,63,1.0,,,,,1,1,23,1,7.0,,4,7,99,7,11,0,11/21/2019,1:27,53052777.0,52777.0,0.0,0.0,0.0,3.0,1,0,0.0,0.0,0.0,93,,,,,,99,,,,,,99348.0,53,71.0,250.0,6.0,1.0,0.0,0.0,0.0,0.0,,0,,,,,,0,,,20,1,9,0,0.0,9,8,,,0,0.0,0.0,8,1,8.0,95.0,,,96.0,,,8,95,995.0,,,,,,,,,,,,,,,,,,,,,,,,,,,,,,0,0,1,0,1,0,0,0,0,0,0,0,0,0,0,0,1,0,0,0,0,0,0,1,1,0,0,0,0,1,0,0,0,0,0,,1,0,0,0,0,0,0,0,1,0,0,0,0,0,0,1,,,,,,21-25,16-25,County road,R,Thursday,Unknown,PV,White,0,1,0,0,County Road,County Sheriff,Walla Walla County Sheriff's Office,1,0,1,0,0,,,,,,0.0,0.0,0.0,,,,,,,,,,,0.0,0.0,0.0,1.0,,,,,20.0,7.0,,,,,,,,,,,,,,,,99348
2231,2019,417,E985970,35.0,11/22/2019,5:54,22,11,,53,Pierce,0,1,0.0,2,1,2,1,0,2,2,,,,12,0,2,12.2,1,0,1,4,1,2,4,0,0,0,0,CR-ORTING KAPOWSIN HWY,,-122.2519528,47.028613889,0,1,50,10,2,45,4,0,0,1,5,12,1,1,2,1,1,1,1,53,0,30,40,2015,0,0.0,68,68.0,68.0,12.0,,,1,1,42,1,7.0,,4,7,3,0,11,0,11/22/2019,5:54,53051608.0,51608.0,0.0,0.0,3.0,3.0,1,28,58.0,0.0,0.0,96,,,,,,99,,,,,,98360.0,53,70.0,190.0,6.0,1.0,0.0,0.0,0.0,0.0,,0,,,,,,0,,,2,0,0,0,0.0,9,8,,,0,0.0,0.0,8,9,2.0,1.0,,,1.0,,,2,1,0.0,,,,,,,,,,,,,,,,,,,,,,,,,,,,,,0,0,0,0,0,0,0,0,0,0,0,0,0,0,0,0,0,0,0,0,0,0,0,0,0,0,0,0,0,1,1,0,0,0,0,,1,0,0,0,0,0,0,0,0,0,0,0,0,0,0,0,,,,,,41-45,36-45,County road,R,Friday,Belt Used,PV,White,0,1,1,0,County Road,County Sheriff,Law Enforcement Support Agency,0,0,1,0,0,,,,,,0.0,0.0,0.0,,,,,,,,,,,98.0,98.0,98.0,1.0,,,,,20.0,7.0,,,,,,,,,,,,,,,,98338
2232,2019,417,E985970,35.0,11/22/2019,5:54,22,11,,53,Pierce,0,1,0.0,2,1,2,1,0,2,2,,,,12,0,2,12.2,1,0,1,4,1,2,4,0,0,0,0,CR-ORTING KAPOWSIN HWY,,-122.2519528,47.028613889,0,2,51,62,4,45,62,0,0,1,5,12,1,1,2,1,1,1,3,53,0,84,881,1993,0,0.0,12,,,,,,1,1,27,1,0.0,,0,0,3,0,11,0,,,,,0.0,0.0,0.0,3.0,1,0,0.0,0.0,0.0,96,,,,,,0,,,,,,98366.0,53,67.0,140.0,6.0,1.0,0.0,0.0,0.0,0.0,,0,,,,,,0,,,20,0,0,0,8.0,9,8,,,0,0.0,0.0,8,0,8.0,95.0,,,96.0,,,8,95,995.0,,,,,,,,,,,,,,,,,,,,,,,,,,,,,,0,0,0,0,0,0,0,0,0,0,0,0,0,0,0,0,0,0,0,0,0,0,0,0,0,0,0,0,0,1,1,0,0,0,0,,0,0,0,0,0,0,0,0,0,0,0,0,0,0,0,0,,,,,,26-30,26-35,County road,R,Friday,,MHTRUCK,Not Fatal,0,1,1,0,County Road,County Sheriff,Law Enforcement Support Agency,0,0,1,0,0,,,,,,0.0,0.0,0.0,,,,,,,,,,,0.0,0.0,0.0,0.0,,,,,20.0,7.0,,,,,,,,,,,,,,,,98338
2233,2019,419,E987024,59.0,11/20/2019,6:33,20,11,,33,King,109,1,0.0,3,1,2,1,1,1,1,,,,8,0,0,0.0,3,0,2,7,2,4,6,0,0,3,3,NE 24TH ST,BELLEVUE WAY NE,-122.2016361,47.631958333,0,1,13,80,5,25,14,0,0,1,7,8,1,1,3,1,11,1,2,53,0,59,403,2013,0,0.0,8,,,,,,1,1,76,1,0.0,,0,0,3,0,11,0,,,,,0.0,0.0,0.0,3.0,1,0,0.0,0.0,0.0,96,,,,,,0,,,,,,98053.0,53,72.0,230.0,6.0,1.0,0.0,0.0,0.0,0.0,,97,,,,,,0,,,20,0,0,0,8.0,9,8,,,0,0.0,0.0,8,0,8.0,95.0,,,96.0,,,8,95,995.0,,,,,,,,,,,,,,,,,,,,,,,,,,,,,,0,0,0,1,0,0,0,0,0,0,0,0,0,0,0,0,0,0,0,0,0,0,0,0,0,1,1,1,0,1,0,1,0,0,0,,0,0,0,0,0,0,0,0,0,0,0,0,0,0,0,0,,,,,,76-80,76+,City street,U,Wednesday,Belt Used,PV,Not Fatal,1,0,0,0,City Street,Municipal/City Police,Bellevue Police Department,0,0,0,1,0,,,,,,0.0,0.0,0.0,,,,,,,,,,,98.0,98.0,98.0,0.0,,,,,20.0,7.0,,,,,,,,,,,,,,,,98004
2234,2019,420,E987256,2.0,11/16/2019,0:01,16,11,,61,Snohomish,0,1,0.0,2,2,2,1,0,1,2,,,,31,0,0,2.5,1,0,1,5,2,1,3,0,0,0,0,SR-531,,-122.2668222,48.155697222,0,1,1,13,2,35,14,0,0,1,7,14,3,4,2,1,14,1,1,53,0,49,402,2009,0,0.0,63,31.0,38.0,19.0,14.0,,1,1,33,2,7.0,,4,7,20,7,11,0,11/16/2019,0:01,53051215.0,51215.0,0.0,0.0,0.0,3.0,1,0,0.0,0.0,0.0,96,,,,,,99,,,,,,98292.0,53,71.0,168.0,6.0,1.0,1.0,1.0,1.0,0.0,,0,,,,,,3,01/15/2017,01/15/2018,8,0,0,0,0.0,1,8,,,0,0.0,0.0,8,1,2.0,996.0,996.0,,1.0,1.0,,2,1,0.2,,,,,,,,,,,,,,,,,,,,,,,,,,,,,,0,0,1,0,1,1,1,1,0,0,0,0,1,0,0,0,0,0,0,1,0,0,0,0,0,0,0,0,0,1,0,0,0,1,0,,1,0,0,0,0,1,1,1,0,1,0,0,0,0,0,1,,,,,,31-35,26-35,State route,U,Saturday,Not Used,PV,White,0,1,0,0,State Route,State Patrol,Washington State Patrol,1,1,0,0,0,,,,,,0.0,1.0,1.0,,,,,,,,,,,98.0,98.0,98.0,1.0,,,,,20.0,7.0,,,,,,,,,,,,,,,,98223
2235,2019,421,E987417,106.0,11/27/2019,16:32,27,11,,33,King,532,1,0.0,1,1,2,1,0,3,3,,,,12,0,6,0.0,2,0,3,7,2,4,6,0,0,20,3,8TH AVE S,S 196TH ST,-122.324875,47.426911111,0,1,82,15,2,30,34,0,0,1,5,12,1,1,2,1,11,2,1,53,0,20,473,2016,0,0.0,12,,,,,,1,1,73,1,0.0,,0,0,3,0,11,0,,,,,0.0,0.0,0.0,3.0,1,38,0.0,0.0,0.0,96,,,,,,99,,,,,,98148.0,53,69.0,220.0,6.0,1.0,0.0,0.0,0.0,0.0,,97,,,,,,0,,,99,0,0,0,8.0,9,8,,,0,0.0,0.0,8,9,8.0,95.0,,,96.0,,,8,95,995.0,,,,,,,,,,,,,,,,,,,,,,,,,,,,,,0,0,0,1,1,1,1,1,1,0,0,0,0,1,1,0,1,0,1,0,0,0,0,1,1,1,1,0,1,1,0,0,0,0,0,,0,0,0,0,0,0,0,0,0,0,1,0,0,0,0,0,,,,,,71-75,66-75,City street,U,Wednesday,Belt Used,PV,Not Fatal,1,0,0,0,City Street,Municipal/City Police,Des Moines Police Department,0,0,0,1,0,,,,,,0.0,0.0,0.0,,,,,,,,,,,98.0,98.0,98.0,0.0,,,,,20.0,7.0,,,,,,,,,,,,,,,,98148
2236,2019,421,E987417,106.0,11/27/2019,16:32,27,11,,33,King,532,1,0.0,1,1,2,1,0,3,3,,,,12,0,6,0.0,2,0,3,7,2,4,6,0,0,0,0,8TH AVE S,S 196TH ST,-122.324875,47.426911111,0,2,83,67,4,30,80,0,0,1,7,12,1,1,2,1,1,1,1,53,0,53,705,2003,0,0.0,12,68.0,64.0,14.0,,,1,1,25,1,7.0,,4,7,20,7,11,0,11/27/2019,16:32,53253053266.0,53266.0,0.0,0.0,3.0,2.0,1,0,0.0,0.0,0.0,92,,,,,,99,,,,,,98198.0,53,75.0,200.0,1.0,1.0,0.0,1.0,0.0,4.0,,0,,,,,,0,05/15/2016,07/15/2019,20,8,0,0,0.0,9,8,,,0,0.0,0.0,8,9,2.0,996.0,401.0,417.0,1.0,1.0,1.0,2,1,0.1,,,,,,,,,,,,,,,,,,,,,,,,,,,,,,0,0,0,1,1,1,1,1,1,0,0,0,0,1,1,0,1,0,1,0,0,0,0,1,1,1,1,0,1,1,0,0,0,0,1,0.0,0,0,0,0,0,1,1,1,1,0,0,1,0,0,0,1,,,,,,21-25,16-25,City street,U,Wednesday,,MC,White,1,0,0,0,City Street,Municipal/City Police,Des Moines Police Department,0,0,0,1,0,thc,4.1,carboxy-thc,6.7,,0.0,0.0,5.0,1.0,1.0,,,,695.0,605.0,,,,0.0,0.0,0.0,1.0,,,,,19.0,0.0,,,,,,,nms,,,,,,,,,98148
2237,2019,422,E987639,8.0,11/21/2019,4:40,21,11,,31,Jefferson,0,1,0.0,3,1,2,1,0,1,1,,,,24,0,0,4.1,1,0,1,3,1,1,3,0,0,0,0,SR-104,,-122.8137139,47.922947222,0,1,6,12,2,60,20,0,0,1,7,1,1,2,2,1,1,1,5,53,0,7,442,1994,0,0.0,68,64.0,24.0,1.0,,,1,1,32,1,7.0,,4,0,99,7,11,8,11/21/2019,6:17,69053052352.0,52352.0,0.0,0.0,0.0,0.0,1,0,0.0,0.0,0.0,96,,,,,,99,,,,,,98370.0,53,66.0,175.0,0.0,0.0,0.0,1.0,1.0,0.0,,0,,,,,,4,04/15/2019,04/15/2019,1,1,9,0,0.0,9,8,,,0,0.0,0.0,8,9,2.0,401.0,417.0,695.0,1.0,1.0,1.0,2,1,0.0,,,,,,,,,,,,,,,,,,,,,,,,,,,,,,0,0,1,0,0,0,1,1,1,0,0,0,1,1,0,0,0,0,0,0,0,0,0,0,0,0,0,0,0,1,0,0,0,0,0,,1,0,0,0,0,0,1,1,0,1,0,1,0,0,1,0,,,,,,31-35,26-35,State route,R,Thursday,Unknown,PV,White,0,1,0,0,State Route,State Patrol,Washington State Patrol,1,1,0,0,0,thc,2.2,carboxy-thc,11.0,,0.0,0.0,0.0,1.0,,,,,605.0,,,,,0.0,0.0,0.0,1.0,,,,,20.0,7.0,,,,,,,nms,,,,,,,,,
2238,2019,423,E987726,55.0,11/15/2019,11:41,15,11,,33,King,100,10,0.0,1,2,2,1,0,3,2,,,,12,0,6,2.0,2,0,2,3,2,1,3,0,3,3,3,SR-164,DOGWOOD ST SE,-122.1925194,47.288394444,0,1,68,15,2,35,4,0,0,1,2,12,1,1,5,1,11,2,1,53,0,63,34,2009,0,0.0,12,,,,,,1,1,86,2,0.0,,2,0,3,0,11,5,,,,,0.0,0.0,3.0,3.0,1,38,0.0,0.0,0.0,96,,,,,,99,,,,,,98022.0,53,62.0,160.0,6.0,1.0,0.0,0.0,0.0,0.0,,97,,,,,,0,,,20,0,0,0,8.0,9,8,,,0,0.0,0.0,8,9,8.0,95.0,,,96.0,,,8,95,995.0,,,,,,,,,,,,,,,,,,,,,,,,,,,,,,0,0,0,1,0,0,0,0,0,0,0,0,0,0,0,0,0,0,1,0,0,0,0,0,0,1,1,1,0,1,0,0,0,0,0,,0,0,0,0,0,0,0,0,0,0,1,0,0,0,0,0,,,,,,81+,76+,State route,U,Friday,Belt Used,PV,Not Fatal,1,0,0,0,State Route,Municipal/City Police,Auburn Police Department,0,1,0,0,0,,,,,,0.0,0.0,0.0,,,,,,,,,,,98.0,98.0,98.0,0.0,,,,,20.0,7.0,,,,,,,,,,,,,,,,98092
2239,2019,423,E987726,55.0,11/15/2019,11:41,15,11,,33,King,100,10,0.0,1,2,2,1,0,3,2,,,,12,0,6,2.0,2,0,2,3,2,1,3,0,3,3,3,SR-164,DOGWOOD ST SE,-122.1925194,47.288394444,0,2,69,62,4,35,34,0,0,1,7,12,1,1,5,1,1,1,1,53,0,20,481,2008,0,0.0,12,,,,,,1,1,52,1,0.0,,2,0,3,0,11,5,,,,,0.0,0.0,0.0,3.0,1,0,0.0,0.0,0.0,96,,,,,,0,,,,,,98022.0,53,67.0,150.0,6.0,1.0,0.0,0.0,0.0,0.0,,0,,,,,,0,,,20,0,0,0,8.0,9,8,,,0,0.0,0.0,8,0,8.0,95.0,,,96.0,,,8,95,995.0,,,,,,,,,,,,,,,,,,,,,,,,,,,,,,0,0,0,1,0,0,0,0,0,0,0,0,0,0,0,0,0,0,1,0,0,0,0,0,0,1,1,1,0,1,0,0,0,0,0,,0,0,0,0,0,0,0,0,0,0,0,0,0,0,0,0,,,,,,51-55,46-55,State route,U,Friday,Belt Used,PV,Not Fatal,1,0,0,0,State Route,Municipal/City Police,Auburn Police Department,0,1,0,0,0,,,,,,0.0,0.0,0.0,,,,,,,,,,,98.0,98.0,98.0,0.0,,,,,20.0,7.0,,,,,,,,,,,,,,,,98092
2240,2019,424,E987951,2.0,11/19/2019,15:43,19,11,,57,Skagit,0,1,0.0,1,1,2,1,0,3,2,,,,12,0,6,0.5,2,0,2,5,2,2,4,0,0,0,0,CR-HIGGINS AIRPORT WAY,OVENELL RD,-122.4135444,48.457602778,0,1,69,62,4,50,2,0,0,1,7,12,1,1,2,1,1,2,1,53,0,20,16,2001,0,0.0,12,,,,,,1,1,43,1,7.0,,4,7,3,0,11,0,11/19/2019,15:43,53051473.0,51473.0,0.0,0.0,0.0,3.0,1,0,0.0,0.0,0.0,96,,,,,,99,,,,,,98277.0,53,71.0,200.0,6.0,1.0,0.0,1.0,1.0,0.0,,0,,,,,,4,10/15/2015,06/15/2017,8,0,0,0,0.0,9,8,,,0,0.0,0.0,8,9,2.0,996.0,996.0,,1.0,1.0,,2,1,0.0,,,,,,,,,,,,,,,,,,,,,,,,,,,,,,0,0,0,1,0,0,1,1,0,0,0,0,1,0,0,0,0,0,1,0,0,0,0,0,0,0,0,0,0,1,1,0,0,0,0,,1,0,0,0,0,0,1,1,0,1,0,0,0,0,1,0,,,,,,41-45,36-45,County road,U,Tuesday,Belt Used,PV,White,1,0,0,0,County Road,State Patrol,Washington State Patrol,0,0,1,0,0,,,,,,0.0,0.0,1.0,,,,,,,,,,,98.0,98.0,98.0,1.0,,,,,20.0,7.0,,,,,,,,,,,,,,,,98233
2241,2019,424,E987951,2.0,11/19/2019,15:43,19,11,,57,Skagit,0,1,0.0,1,1,2,1,0,3,2,,,,12,0,6,0.5,2,0,2,5,2,2,4,0,0,0,0,CR-HIGGINS AIRPORT WAY,OVENELL RD,-122.4135444,48.457602778,0,2,68,15,2,50,63,1,0,1,7,12,1,1,2,1,11,1,3,53,0,85,881,2015,0,0.0,12,,,,,,1,1,63,1,0.0,,0,0,3,0,11,0,,,,,6.0,1.0,0.0,3.0,1,38,0.0,0.0,0.0,96,,,,,,0,,,,,,98223.0,53,69.0,190.0,6.0,1.0,0.0,0.0,0.0,0.0,,97,,,,,,0,,,20,0,0,0,8.0,9,8,,,0,0.0,0.0,8,0,8.0,95.0,,,96.0,,,8,95,995.0,,,,,,,,,,,,,,,,,,,,,,,,,,,,,,0,0,0,1,0,0,1,1,0,0,0,0,1,0,0,0,0,0,1,0,0,0,0,0,0,0,0,0,0,1,1,0,0,0,0,,0,0,0,0,0,0,0,0,0,0,1,0,0,0,0,0,,,,,,61-65,56-65,County road,U,Tuesday,,MHTRUCK,Not Fatal,1,0,0,0,County Road,State Patrol,Washington State Patrol,0,0,1,0,0,,,,,,0.0,0.0,0.0,,,,,,,,,,,98.0,98.0,98.0,0.0,,,,,20.0,7.0,,,,,,,,,,,,,,,,98233
2242,2019,426,E988647,7.0,11/24/2019,9:55,24,11,,33,King,735,10,0.0,1,1,1,1,0,2,1,,,,42,0,0,0.0,1,0,1,7,2,4,6,0,0,0,0,1ST AVE S,,-122.3341306,47.294063889,0,1,98,9,1,98,5,0,0,1,7,42,3,1,2,2,14,2,1,53,0,37,39,2013,0,0.0,64,42.0,,,,,1,1,41,2,7.0,,4,7,20,7,11,0,11/24/2019,9:55,73553053127.0,53127.0,0.0,0.0,0.0,2.0,1,37,50.0,0.0,0.0,96,,,,,,99,,,,,,98422.0,53,67.0,190.0,1.0,1.0,0.0,0.0,0.0,1.0,,0,,,,,,4,11/15/2015,11/15/2015,8,0,0,0,0.0,9,8,,,0,0.0,0.0,8,9,2.0,1.0,,,1.0,,,2,1,0.0,,,,,,,,,,,,,,,,,,,,,,,,,,,,,,0,0,0,0,0,0,0,0,0,0,0,0,1,1,0,0,0,0,0,1,0,0,0,0,0,0,0,0,0,1,0,0,0,1,0,,1,0,0,0,0,0,0,0,0,1,0,1,0,0,0,0,,,,,,41-45,36-45,City street,U,Sunday,Not Used,PV,White,0,0,0,1,City Street,State Patrol,Washington State Patrol,0,0,0,1,0,,,,,,0.0,0.0,1.0,,,,,,,,,,,98.0,98.0,98.0,1.0,,,,,20.0,7.0,,,,,,,,,,,,,,,,98063