,year,case,par,repjur,crash_dt,crash_tm,accday,accmon,holiday,county,co_char,city,weather,weather2,lightcond,surfcond,surftype,numfatal,nmforms,pforms,vforms,not_tm,arr_tm,hosp_tm,fhevent,hitrun,manncol,milepnt,reljunc,reljuncinter,intersectiontype,funcsystem,landuse,ownership,route,schlbus,spejur,contdev,devfunc,trafid1,trafid2,x,y,wk_zone,vnumber,crashtype,criticalevent,criticaleventcat,spdlim,body,trailer,emerg,hazcargo,leave,mhevent,roadalgn,roadprof,traflane,trafflow,vehmanvr,numoccs,regowner,regstate,spuse,make,model,modelyr,vrf1,vrf2,seqevent1,seqevent2,seqevent3,seqevent4,seqevent5,seqevent6,pnumber,ptype,age,sex,hispanic,race,injury,diedscene,restraint,restraintmisuse,seatpos,takehosp,death_dt,death_tm,cert,cernum_wa,commlic,licendor,licrestrict,liccomp,drivpres,drf1,drf2,drf3,drf4,distract1,distract2,distract3,distract4,distract5,distract6,dricond1,dricond2,dricond3,dricond4,dricond5,dricond6,dzip,licstate,drhgt_in,weight,noncdl,noncdltype,prevdwi,prevoth,prevacc,prevspd,prevsus,driviol1,driviol2,driviol3,driviol4,driviol5,driviol6,spdrel,first_dt,last_dt,airbag,ejection,ejectpath,extricat,injurwrk,methalc,methdrug,nmlocat,strikveh,prf1,prf2,prf3,druginv,alcinvol,drugsts,drugres1,drugres2,drugres3,drugtst1,drugtst2,drugtst3,alcsts,alctst,alcres,nmact1,nmact2,nmact3,nmact4,nmact5,nmact6,nmprior1,nmprior2,nmprior3,nmprior4,nmprior5,nmprior6,nmcond1,nmcond2,nmcond3,nmcond4,nmcond5,nmcond6,nmsafe_helmet,nmsafe_pads,nmsafe_oth,nmprev_ref,nmprev_lgt,nmprev_oth,crashlocation,nmcrashtype,crosswalk,schoolzone,sidewalk,train_inv,wildlife_inv,rotr_fars,intersect_fars,dd_inv,aid_inv,dpd_inv,id_inv,mj_inv,impnm_inv,ainm_inv,dpnm_inv,speed_inv,unlic_inv,unendmc_inv,drowsy_inv,drdist_inv,nmdist_inv,fty_inv,unrestfat_inv,dr1617_inv,dr1820_inv,dr1620_inv,dr2125_inv,dr1625_inv,dr65_inv,dr70_inv,dr75_inv,mc_inv,pv_inv,ht_inv,ped_inv,bike_inv,unrest_fat,mc_fat,unhelmet_mc,pv_fat,ht_fat,ped_fat,bike_fat,dr_alc7,dr_alc8,dr_drug,dr_imp,dr_dist,dr_spd,dr_fty,dr_unlic,dr_alc7only,dr_alc8only,dr_drugonly,dr_drink,nm_imp,nm_alc7,nm_alc8,nm_drug,nm_dist,agegrp1,agegrp2,roadclass,urbrur,dayweek,restuse,vehtype,race_me,intersect,lanedep,oppdir,wrongway,rep_typ,investag,repag_long,rotr,st_rd,cty_rd,city_rd,oth_rd,drug_thc,thc_res,drug_cthc,cthc_res,drug_cann,prevpersemin,prevperse,prevsusoth,drugtst4,drugtst5,drugtst6,drugtst7,drugtst8,drugres4,drugres5,drugres6,drugres7,drugres8,adspresent,adsengaged,adslevel,race1,race2,race3,race4,race5,helmet,helmetmisuse,nmdistract1,nmdistract2,nmdistract3,nmdistract4,nmdistract5,nmdistract6,lab,isedtcase,crf1,crf2,crf3,CoRoadName,CoMP,IntCoRoadName,IntCoMP,zipcode
2261,2019,439,E993268,1.0,12/13/2019,6:28,13,12,,5,Benton,0,1,0.0,2,4,2,1,0,1,1,,,,1,0,0,119.0,1,0,1,1,1,1,1,0,0,0,0,I-82,,-119.2231611,46.084663889,0,1,2,6,1,70,34,0,0,1,7,1,1,2,2,3,1,1,1,53,0,12,481,2001,0,0.0,63,1.0,38.0,,,,1,1,43,1,1.0,,4,7,20,7,11,0,12/13/2019,6:28,53054803.0,54803.0,0.0,0.0,0.0,3.0,1,0,0.0,0.0,0.0,96,,,,,,0,,,,,,99336.0,53,71.0,300.0,6.0,1.0,0.0,1.0,1.0,0.0,,0,,,,,,4,05/15/2015,01/15/2017,20,1,9,0,0.0,1,8,,,0,0.0,0.0,8,0,2.0,1.0,,,1.0,,,2,1,0.0,,,,,,,,,,,,,,,,,,,,,,,,,,,,,,0,0,0,0,0,0,0,0,0,0,0,0,1,0,0,0,0,0,0,1,0,0,0,0,0,0,0,0,0,1,0,0,0,1,0,,1,0,0,0,0,0,0,0,0,1,0,0,0,0,0,0,,,,,,41-45,36-45,Interstate,R,Friday,Not Used,PV,Hispanic,0,1,0,0,State Route,State Patrol,Washington State Patrol,1,1,0,0,0,,,,,,0.0,0.0,0.0,,,,,,,,,,,98.0,98.0,98.0,298.0,,,,,20.0,7.0,,,,,,,,,,,,,,,,
2262,2019,440,E993770,2.0,12/13/2019,22:09,13,12,,73,Whatcom,110,2,0.0,2,2,2,2,0,5,2,,,,12,0,1,255.0,1,0,1,1,2,1,1,0,0,0,0,I-5,,-122.4653333,48.773511111,0,1,24,51,3,60,4,0,0,1,7,2,1,2,2,3,1,2,2,53,0,32,43,2015,0,0.0,12,63.0,42.0,1.0,2.0,,1,1,19,1,7.0,,4,7,99,7,11,0,12/13/2019,22:09,11053055244.0,55244.0,0.0,0.0,3.0,3.0,1,0,0.0,0.0,0.0,96,,,,,,99,,,,,,98226.0,53,70.0,186.0,6.0,1.0,0.0,2.0,1.0,4.0,,0,,,,,,4,10/15/2017,07/15/2019,99,0,0,0,0.0,9,8,,,0,0.0,0.0,8,8,2.0,402.0,605.0,,1.0,1.0,,2,1,0.128,,,,,,,,,,,,,,,,,,,,,,,,,,,,,,0,0,0,0,1,1,1,1,1,0,0,0,1,0,0,0,0,0,0,0,0,1,1,0,1,0,0,0,0,1,0,0,0,0,0,,1,0,0,0,0,1,1,1,0,1,0,0,0,0,0,1,,,,,,18-20,16-25,Interstate,U,Friday,Unknown,PV,API,0,0,0,0,State Route,State Patrol,Washington State Patrol,0,1,0,0,0,thc,1.4,,,,0.0,0.0,0.0,,,,,,,,,,,98.0,98.0,98.0,18.0,,,,,20.0,7.0,,,,,,,nms,,,,,,,,,98226
2263,2019,440,E993770,2.0,12/13/2019,22:09,13,12,,73,Whatcom,110,2,0.0,2,2,2,2,0,5,2,,,,12,0,1,255.0,1,0,1,1,2,1,1,0,0,0,0,I-5,,-122.4653333,48.773511111,0,2,25,53,3,60,5,0,0,1,7,12,1,2,2,3,1,3,1,95,0,34,44,2009,0,0.0,12,,,,,,1,1,41,2,0.0,,0,0,3,0,11,0,,,,,99.0,9.0,9.0,9.0,1,0,0.0,0.0,0.0,96,,,,,,0,,,,,,0.0,95,,999.0,9.0,9.0,99.0,99.0,99.0,99.0,,0,,,,,,0,,,20,0,0,0,8.0,9,8,,,0,0.0,0.0,8,8,8.0,95.0,,,96.0,,,8,95,995.0,,,,,,,,,,,,,,,,,,,,,,,,,,,,,,0,0,0,0,1,1,1,1,1,0,0,0,1,0,0,0,0,0,0,0,0,1,1,0,1,0,0,0,0,1,0,0,0,0,0,,0,0,0,0,0,0,0,0,0,0,0,0,0,0,0,0,,,,,,41-45,36-45,Interstate,U,Friday,Belt Used,PV,Not Fatal,0,0,0,0,State Route,State Patrol,Washington State Patrol,0,1,0,0,0,,,,,,99.0,99.0,99.0,,,,,,,,,,,98.0,98.0,98.0,0.0,,,,,20.0,7.0,,,,,,,,,,,,,,,,98226
2264,2019,441,E994060,47.0,12/12/2019,20:45,12,12,,27,Grays Harbor,10,2,0.0,3,2,2,1,0,1,1,,,,39,0,0,0.0,3,0,3,7,2,4,6,0,0,0,0,N B ST   ROBERT GRAY ELEMENTAR,3RD AVE,-123.8142444,46.986069444,0,1,14,14,2,25,4,0,0,1,7,39,1,2,2,1,1,1,1,53,0,12,17,1993,0,0.0,71,39.0,,,,,1,1,37,1,7.0,,4,7,20,7,11,0,12/12/2019,20:45,1053055372.0,55372.0,6.0,0.0,0.0,3.0,1,0,0.0,0.0,0.0,92,,,,,,99,,,,,,98513.0,53,69.0,160.0,6.0,1.0,0.0,2.0,1.0,1.0,,0,,,,,,0,01/15/2018,08/15/2019,1,1,9,0,0.0,9,8,,,0,0.0,0.0,8,9,2.0,401.0,417.0,,1.0,1.0,,2,1,0.0,,,,,,,,,,,,,,,,,,,,,,,,,,,,,,0,0,0,1,0,0,1,1,0,0,0,0,0,0,0,0,1,0,0,1,0,0,0,0,0,0,0,0,0,1,0,0,0,1,0,,1,0,0,0,0,0,1,1,1,0,0,0,0,0,1,0,,,,,,36-40,36-45,City street,U,Thursday,Not Used,PV,White,1,0,0,0,City Street,Municipal/City Police,Aberdeen Police Department,0,0,0,1,0,,,,,,0.0,0.0,1.0,,,,,,,,,,,0.0,0.0,0.0,1.0,,,,,20.0,7.0,,,,,,,,,,,,,,,,98520
2265,2019,442,E994233,6.0,12/06/2019,9:40,6,12,,47,Okanogan,0,10,0.0,1,2,2,1,0,1,1,,,,1,0,0,50.9,1,0,1,4,1,1,3,0,3,0,0,SR-155,,-119.0965056,48.237013889,0,1,1,13,2,60,14,0,0,1,2,1,3,2,2,1,14,1,1,53,0,62,401,2001,0,0.0,63,1.0,,,,,1,1,43,1,1.0,,4,7,3,0,11,0,12/06/2019,9:40,53054332.0,54332.0,0.0,0.0,3.0,2.0,1,0,0.0,0.0,0.0,92,,,,,,9,,,,,,99203.0,53,69.0,140.0,1.0,1.0,2.0,2.0,1.0,3.0,,0,,,,,,0,07/15/2016,08/15/2019,1,2,9,0,0.0,1,8,,,0,0.0,0.0,8,1,2.0,1.0,,,1.0,,,2,1,0.318,,,,,,,,,,,,,,,,,,,,,,,,,,,,,,0,0,1,0,1,1,0,1,0,0,0,0,0,1,0,0,1,0,0,0,0,0,0,0,0,0,0,0,0,1,0,0,0,0,0,,1,0,0,0,0,1,0,1,1,0,0,1,0,1,0,1,,,,,,41-45,36-45,State route,R,Friday,Belt Used,PV,Hispanic,0,1,0,0,State Route,State Patrol,Washington State Patrol,1,1,0,0,0,,,,,,0.0,2.0,6.0,,,,,,,,,,,98.0,98.0,98.0,298.0,,,,,20.0,7.0,,,,,,,,,,,,,,,,99124
2266,2019,443,E994471,2.0,12/04/2019,21:57,4,12,,29,Island,0,1,0.0,3,1,2,1,0,1,1,,,,30,0,0,9999.9,1,0,1,5,1,2,4,0,0,0,0,CR-SE CAMANO DR,,-122.4603667,48.146838889,0,1,1,13,2,40,6,0,0,1,2,1,3,1,2,1,14,1,1,53,0,48,34,2002,0,0.0,63,30.0,1.0,,,,1,1,40,2,7.0,,4,7,20,7,11,0,12/04/2019,21:57,53053606.0,53606.0,0.0,0.0,3.0,3.0,1,0,0.0,0.0,0.0,96,,,,,,9,,,,,,98282.0,53,58.0,111.0,6.0,1.0,0.0,1.0,0.0,0.0,,0,,,,,,4,01/15/2018,01/15/2018,8,2,9,0,0.0,1,8,,,0,0.0,0.0,8,1,2.0,695.0,605.0,,1.0,1.0,,2,1,0.299,,,,,,,,,,,,,,,,,,,,,,,,,,,,,,0,0,1,0,1,1,1,1,1,0,0,0,1,0,0,0,0,0,0,1,0,0,0,0,0,0,0,0,0,1,0,0,0,1,0,,1,0,0,0,0,1,1,1,0,1,0,0,0,0,0,1,,,,,,36-40,36-45,County road,R,Wednesday,Not Used,PV,Oth/Unk,0,1,0,0,County Road,State Patrol,Washington State Patrol,1,0,1,0,0,thc,0.78,carboxy-thc,14.0,,0.0,0.0,0.0,,,,,,,,,,,98.0,98.0,98.0,99.0,,,,,20.0,7.0,,,,,,,nms,,,,,,,,,98282
2267,2019,444,E997028,173.0,12/09/2019,2:15,9,12,,53,Pierce,1124,2,0.0,2,0,0,1,1,1,1,,,,8,0,0,0.0,8,0,1,7,2,4,6,0,0,0,0,EDGEWATER DR SW,,-122.5327389,47.180908333,0,1,92,80,5,0,4,0,0,1,7,8,0,0,0,0,13,1,1,53,0,63,38,2019,0,0.0,8,,,,,,1,1,29,2,0.0,,0,0,99,7,11,0,,,,,0.0,0.0,0.0,3.0,1,91,0.0,0.0,0.0,96,,,,,,9,,,,,,98499.0,53,62.0,115.0,6.0,1.0,0.0,0.0,0.0,0.0,,1,,,,,,0,,,20,0,0,0,8.0,9,8,,,0,0.0,0.0,8,1,8.0,95.0,,,96.0,,,2,1,0.28,,,,,,,,,,,,,,,,,,,,,,,,,,,,,,0,0,0,0,1,1,0,1,0,0,0,0,0,0,0,0,0,0,0,0,0,0,0,0,0,0,0,0,0,1,0,1,0,0,0,,0,0,0,0,0,1,0,1,0,0,0,0,0,1,0,1,,,,,,26-30,26-35,City street,U,Monday,Unknown,PV,Not Fatal,0,0,0,0,City Street,Municipal/City Police,Lakewood Police Department,0,0,0,1,0,,,,,,0.0,0.0,0.0,,,,,,,,,,,98.0,98.0,98.0,0.0,,,,,20.0,7.0,,,,,,,,,,,,,,,,
2268,2019,445,E994918,160.0,12/17/2019,18:19,17,12,,33,King,1030,1,0.0,3,1,2,1,1,1,1,,,,8,0,0,1.3,3,0,3,4,2,1,3,0,0,0,0,SR-515,SE 235TH ST,-122.2021722,47.390941667,0,1,13,80,5,40,14,0,0,1,7,8,1,1,5,5,1,1,1,53,0,49,401,2000,0,0.0,8,,,,,,1,1,25,1,0.0,,0,0,99,7,11,0,,,,,0.0,0.0,0.0,3.0,1,0,0.0,0.0,0.0,96,,,,,,0,,,,,,98031.0,53,76.0,190.0,6.0,1.0,0.0,0.0,2.0,0.0,,0,,,,,,0,05/15/2017,11/15/2018,20,0,0,0,8.0,9,2,,,0,0.0,0.0,0,0,8.0,95.0,,,96.0,,,8,95,995.0,,,,,,,,,,,,,,,,,,,,,,,,,,,,,,0,0,0,1,0,0,0,0,0,1,0,1,0,0,0,0,0,0,0,0,0,0,0,1,1,0,0,0,0,1,0,1,0,0,0,,0,0,0,0,0,0,0,0,0,0,0,0,0,0,0,0,,,,,,21-25,16-25,State route,U,Tuesday,Unknown,PV,Not Fatal,1,0,0,0,State Route,Municipal/City Police,Kent Police Department,0,1,0,0,0,,,,,,0.0,0.0,0.0,,,,,,,,,,,98.0,98.0,98.0,0.0,,,,,20.0,7.0,,,,,,,,,,,,,,,,98031
2269,2019,446,E994935,269.0,12/15/2019,17:10,15,12,,33,King,2005,10,0.0,3,2,2,1,0,4,3,,,,12,0,6,0.0,1,0,1,3,2,4,6,0,0,0,0,NE 175TH ST,,-122.3293917,47.75595,0,1,66,6,1,35,2,0,0,1,7,12,1,1,6,1,1,2,1,53,0,12,3,1994,0,0.0,68,12.0,,,,,1,1,44,1,7.0,,4,7,3,0,11,0,12/15/2019,17:10,200553055156.0,55156.0,0.0,0.0,3.0,3.0,1,0,0.0,0.0,0.0,96,,,,,,99,,,,,,98155.0,53,72.0,195.0,6.0,1.0,0.0,0.0,0.0,1.0,,0,,,,,,0,07/15/2019,07/15/2019,20,0,0,0,0.0,9,8,,,0,0.0,0.0,8,9,2.0,1.0,,,1.0,,,2,1,0.13,,,,,,,,,,,,,,,,,,,,,,,,,,,,,,0,0,0,0,1,1,0,1,0,0,0,0,0,0,0,0,0,0,0,0,0,0,0,0,0,0,0,0,0,1,0,0,0,0,0,,1,0,0,0,0,1,0,1,0,0,0,0,0,1,0,1,,,,,,41-45,36-45,City street,U,Sunday,Belt Used,PV,White,0,1,1,0,State Route,Municipal/City Police,Shoreline Police Department,0,1,0,0,0,,,,,,0.0,0.0,0.0,,,,,,,,,,,0.0,0.0,0.0,1.0,,,,,20.0,7.0,,,,,,,,,,,,,,,,98155
2270,2019,446,E994935,269.0,12/15/2019,17:10,15,12,,33,King,2005,10,0.0,3,2,2,1,0,4,3,,,,12,0,6,0.0,1,0,1,3,2,4,6,0,0,0,0,NE 175TH ST,,-122.3293917,47.75595,0,2,66,62,4,35,21,0,0,1,7,12,1,1,6,1,1,1,1,6,0,7,461,1991,0,0.0,12,12.0,,,,,1,1,49,1,0.0,,3,0,3,0,11,8,,,,,0.0,0.0,0.0,3.0,1,0,0.0,0.0,0.0,96,,,,,,0,,,,,,74601.0,40,72.0,250.0,6.0,1.0,0.0,0.0,0.0,0.0,,0,,,,,,0,,,20,0,0,0,8.0,9,8,,,0,0.0,0.0,8,0,8.0,95.0,,,96.0,,,8,95,995.0,,,,,,,,,,,,,,,,,,,,,,,,,,,,,,0,0,0,0,1,1,0,1,0,0,0,0,0,0,0,0,0,0,0,0,0,0,0,0,0,0,0,0,0,1,0,0,0,0,0,,0,0,0,0,0,0,0,0,0,0,0,0,0,0,0,0,,,,,,46-50,46-55,City street,U,Sunday,Belt Used,PV,Not Fatal,0,1,1,0,State Route,Municipal/City Police,Shoreline Police Department,0,1,0,0,0,,,,,,0.0,0.0,0.0,,,,,,,,,,,0.0,0.0,0.0,0.0,,,,,20.0,7.0,,,,,,,,,,,,,,,,98155
2271,2019,446,E994935,269.0,12/15/2019,17:10,15,12,,33,King,2005,10,0.0,3,2,2,1,0,4,3,,,,12,0,6,0.0,1,0,1,3,2,4,6,0,0,0,0,NE 175TH ST,,-122.3293917,47.75595,0,3,98,98,7,35,14,0,0,1,7,12,1,1,6,1,1,1,1,41,0,49,402,2015,0,0.0,12,,,,,,1,1,26,2,0.0,,0,0,3,0,11,0,,,,,0.0,0.0,0.0,3.0,1,0,0.0,0.0,0.0,96,,,,,,0,,,,,,94015.0,6,67.0,125.0,6.0,1.0,0.0,0.0,0.0,0.0,,0,,,,,,0,,,20,0,0,0,8.0,9,8,,,0,0.0,0.0,8,0,8.0,95.0,,,96.0,,,8,95,995.0,,,,,,,,,,,,,,,,,,,,,,,,,,,,,,0,0,0,0,1,1,0,1,0,0,0,0,0,0,0,0,0,0,0,0,0,0,0,0,0,0,0,0,0,1,0,0,0,0,0,,0,0,0,0,0,0,0,0,0,0,0,0,0,0,0,0,,,,,,26-30,26-35,City street,U,Sunday,Belt Used,PV,Not Fatal,0,1,1,0,State Route,Municipal/City Police,Shoreline Police Department,0,1,0,0,0,,,,,,0.0,0.0,0.0,,,,,,,,,,,98.0,98.0,98.0,0.0,,,,,20.0,7.0,,,,,,,,,,,,,,,,98155
2272,2019,447,E995304,7.0,12/19/2019,3:42,19,12,,33,King,0,5,0.0,2,2,2,1,1,1,1,,,,8,0,0,2.4,1,0,1,2,2,1,3,0,0,0,0,SR-516,,-122.2823722,47.391147222,0,1,13,80,5,55,34,0,0,1,5,8,2,2,2,3,14,1,1,53,0,12,471,2008,0,0.0,8,,,,,,1,1,60,1,0.0,,0,0,3,0,11,0,,,,,0.0,0.0,0.0,0.0,1,0,0.0,0.0,0.0,96,,,,,,0,,,,,,98188.0,53,69.0,185.0,3.0,1.0,0.0,0.0,1.0,0.0,,0,,,,,,0,11/15/2016,11/15/2016,20,0,0,0,8.0,9,8,,,0,0.0,0.0,8,0,8.0,95.0,,,96.0,,,8,95,995.0,,,,,,,,,,,,,,,,,,,,,,,,,,,,,,0,0,0,0,0,0,0,0,0,1,0,1,0,1,0,0,0,0,0,0,0,0,0,0,0,0,0,0,0,1,0,1,0,0,0,,0,0,0,0,0,0,0,0,0,0,0,1,0,0,0,0,,,,,,56-60,56-65,State route,U,Thursday,Belt Used,PV,Not Fatal,0,0,0,0,State Route,State Patrol,Washington State Patrol,0,1,0,0,0,,,,,,0.0,0.0,0.0,,,,,,,,,,,98.0,98.0,98.0,0.0,,,,,20.0,7.0,,,,,,,,,,,,,,,,98032
2273,2019,449,E996124,8.0,12/17/2019,19:06,17,12,,27,Grays Harbor,0,10,0.0,2,2,2,1,0,1,1,,,,35,0,0,110.4,1,0,1,3,1,1,2,0,0,0,0,US-101,,-123.9313722,47.243527778,0,1,1,13,2,60,4,0,0,1,7,35,1,1,2,1,1,1,1,53,0,30,40,2012,0,0.0,63,67.0,35.0,,,,1,1,29,2,7.0,,4,7,3,0,11,0,12/17/2019,19:06,53055727.0,55727.0,0.0,0.0,0.0,2.0,1,0,0.0,0.0,0.0,92,,,,,,9,,,,,,98552.0,53,61.0,125.0,1.0,1.0,0.0,1.0,1.0,0.0,,0,,,,,,0,10/15/2018,10/15/2019,1,0,0,0,0.0,1,8,,,0,0.0,0.0,8,1,2.0,996.0,996.0,996.0,1.0,1.0,1.0,2,1,0.388,,,,,,,,,,,,,,,,,,,,,,,,,,,,,,0,0,1,0,1,1,1,1,0,0,0,0,0,1,0,0,1,0,0,0,0,0,0,0,0,0,0,0,0,1,0,0,0,0,0,,1,0,0,0,0,1,1,1,1,0,0,1,0,0,0,1,,,,,,26-30,26-35,US highway,R,Tuesday,Belt Used,PV,White,0,1,0,0,State Route,State Patrol,Washington State Patrol,1,1,0,0,0,,,,,,0.0,0.0,1.0,1.0,1.0,,,,124.0,996.0,,,,98.0,98.0,98.0,1.0,,,,,20.0,7.0,,,,,,,,,,,,,,,,98552
2274,2019,450,E996708,1.0,12/20/2019,11:34,20,12,,5,Benton,0,1,0.0,1,1,1,1,0,2,1,,,,1,0,0,97.3,1,0,1,1,1,1,1,0,0,0,0,I-82,,-119.4615861,46.254472222,0,1,7,6,1,70,2,0,0,1,7,1,1,2,2,2,1,2,1,53,0,12,3,2013,0,0.0,64,1.0,,,,,1,1,58,1,0.0,,3,0,3,0,11,4,,,,,6.0,0.0,0.0,3.0,1,91,0.0,0.0,0.0,96,,,,,,0,,,,,,99320.0,53,71.0,190.0,6.0,1.0,0.0,0.0,0.0,0.0,,1,,,,,,4,,,8,0,0,0,8.0,9,2,,,0,0.0,0.0,0,0,8.0,95.0,,,96.0,,,8,95,995.0,,,,,,,,,,,,,,,,,,,,,,,,,,,,,,0,0,0,0,0,0,0,0,0,0,0,0,1,0,0,0,0,0,0,0,0,0,0,0,0,0,0,0,0,1,0,0,0,0,0,,0,0,0,0,0,0,0,0,0,1,0,0,0,0,0,0,,,,,,56-60,56-65,Interstate,R,Friday,Belt Used,PV,Not Fatal,0,1,0,0,State Route,State Patrol,Washington State Patrol,1,1,0,0,0,,,,,,0.0,0.0,0.0,,,,,,,,,,,98.0,98.0,98.0,0.0,,,,,20.0,7.0,,,,,,,,,,,,,,,,99320
2275,2019,451,E996994,6.0,12/23/2019,13:30,23,12,,47,Okanogan,0,1,0.0,1,1,2,1,0,2,1,,,,34,0,0,315.4,1,0,1,3,1,1,2,0,0,98,3,US-97,,-119.4205778,48.918555556,0,1,1,13,2,60,6,0,0,1,7,1,3,2,2,1,14,2,1,53,0,48,34,2004,0,0.0,63,67.0,34.0,1.0,,,1,1,19,2,0.0,,2,0,3,0,11,8,,,,,0.0,0.0,0.0,3.0,1,0,0.0,0.0,0.0,93,,,,,,0,,,,,,98844.0,53,68.0,192.0,6.0,1.0,0.0,0.0,0.0,0.0,,0,,,,,,0,,,1,0,0,0,8.0,9,8,,,0,0.0,0.0,8,0,8.0,95.0,,,96.0,,,8,95,995.0,,,,,,,,,,,,,,,,,,,,,,,,,,,,,,0,0,1,0,0,0,0,0,0,0,0,0,0,0,0,0,1,0,0,0,0,1,1,0,1,0,0,0,0,1,0,0,0,0,0,,0,0,0,0,0,0,0,0,1,0,0,0,0,0,0,0,,,,,,18-20,16-25,US highway,R,Monday,Belt Used,PV,Not Fatal,0,1,0,0,State Route,State Patrol,Washington State Patrol,1,1,0,0,0,,,,,,0.0,0.0,0.0,,,,,,,,,,,98.0,98.0,98.0,0.0,,,,,20.0,7.0,,,,,,,,,,,,,,,,98844
2276,2019,452,E997096,29.0,12/13/2019,6:00,13,12,,41,Lewis,0,5,0.0,2,11,7,1,0,1,1,,,,58,0,0,9999.9,1,0,1,98,1,64,8,0,0,0,0,WEYEHAUSER 4000 LINE,,-123.2066555,46.518635,0,1,6,12,2,98,34,0,0,1,7,1,1,2,8,1,1,1,1,53,0,20,481,2019,0,0.0,64,67.0,58.0,1.0,,,1,1,57,1,7.0,,4,7,20,7,11,0,12/13/2019,6:00,53055393.0,55393.0,0.0,0.0,0.0,3.0,1,0,0.0,0.0,0.0,92,,,,,,99,,,,,,98626.0,53,69.0,175.0,6.0,1.0,0.0,0.0,0.0,0.0,,0,,,,,,0,,,8,2,3,0,0.0,9,8,,,0,0.0,0.0,8,9,2.0,1.0,,,1.0,,,2,1,0.0,,,,,,,,,,,,,,,,,,,,,,,,,,,,,,0,0,1,0,0,0,0,0,0,0,0,0,0,0,0,0,1,0,0,1,0,0,0,0,0,0,0,0,0,1,0,0,0,1,0,,1,0,0,0,0,0,0,0,1,0,0,0,0,0,0,0,,,,,,56-60,56-65,Other,R,Friday,Not Used,PV,White,0,1,0,0,Other,County Sheriff,Lewis County Sheriff's Office,1,0,0,0,1,,,,,,0.0,0.0,0.0,,,,,,,,,,,98.0,98.0,98.0,1.0,,,,,20.0,7.0,,,,,,,,,,,,,,,,
2277,2019,453,E997746,39.0,12/14/2019,18:23,14,12,,61,Snohomish,0,10,0.0,2,2,2,1,1,1,1,,,,8,0,0,7.2,1,0,1,5,2,2,4,0,3,0,0,CR-140TH ST NE,,-122.2229528,48.122958333,0,1,13,80,5,35,34,0,0,1,5,8,1,2,2,1,1,1,1,53,0,12,471,1996,0,0.0,8,,,,,,1,1,85,1,0.0,,0,0,3,0,11,0,,,,,0.0,0.0,3.0,3.0,1,0,0.0,0.0,0.0,96,,,,,,0,,,,,,98292.0,53,66.0,210.0,6.0,1.0,0.0,0.0,1.0,0.0,,0,,,,,,0,06/15/2016,06/15/2016,20,0,0,0,8.0,9,8,,,0,0.0,0.0,8,0,8.0,95.0,,,96.0,,,8,95,995.0,,,,,,,,,,,,,,,,,,,,,,,,,,,,,,0,0,0,0,0,0,0,0,0,1,1,1,0,0,0,0,0,0,0,0,0,0,0,0,0,1,1,1,0,1,0,1,0,0,0,,0,0,0,0,0,0,0,0,0,0,0,0,0,0,0,0,,,,,,81+,76+,County road,U,Saturday,Belt Used,PV,Not Fatal,0,0,0,0,County Road,County Sheriff,Snohomish County Sheriff's Office,0,0,1,0,0,,,,,,0.0,0.0,0.0,,,,,,,,,,,0.0,0.0,0.0,0.0,,,,,20.0,7.0,,,,,,,,,,,,,,,,98207
2278,2019,454,E997561,28.0,12/13/2019,8:45,13,12,,39,Klickitat,0,1,0.0,1,4,2,1,0,3,2,,,,12,0,6,5.8,1,0,1,5,1,2,4,0,0,0,0,CR-BICKLETON HWY,,-120.6948556,45.838416667,0,1,66,62,4,50,34,0,0,1,7,12,2,2,2,1,14,2,1,53,0,7,482,2016,0,0.0,12,,,,,,1,1,84,1,0.0,,1,0,3,0,11,8,,,,,6.0,0.0,0.0,3.0,1,0,0.0,0.0,0.0,96,,,,,,0,,,,,,98620.0,53,73.0,222.0,6.0,1.0,0.0,0.0,0.0,0.0,,0,,,,,,0,,,20,0,0,0,8.0,9,8,,,0,0.0,0.0,8,0,8.0,95.0,,,96.0,,,8,95,995.0,,,,,,,,,,,,,,,,,,,,,,,,,,,,,,0,0,0,0,0,0,0,0,0,0,0,0,0,0,0,0,0,0,0,0,0,0,0,0,0,1,1,1,0,1,0,0,0,0,0,,0,0,0,0,0,0,0,0,0,0,0,0,0,0,0,0,,,,,,81+,76+,County road,R,Friday,Belt Used,PV,Not Fatal,0,1,1,0,County Road,County Sheriff,Klickitat County Sheriff's Office,0,0,1,0,0,,,,,,0.0,0.0,0.0,,,,,,,,,,,98.0,98.0,98.0,0.0,,,,,20.0,7.0,,,,,,,,,,,,,,,,98620
2279,2019,454,E997561,28.0,12/13/2019,8:45,13,12,,39,Klickitat,0,1,0.0,1,4,2,1,0,3,2,,,,12,0,6,5.8,1,0,1,5,1,2,4,0,0,0,0,CR-BICKLETON HWY,,-120.6948556,45.838416667,0,2,66,8,1,50,6,0,0,1,7,12,3,2,2,1,14,1,2,53,0,48,34,1998,0,0.0,68,64.0,69.0,12.0,,,1,1,62,2,7.0,,4,7,3,0,11,0,12/13/2019,8:45,53055759.0,55759.0,0.0,0.0,0.0,3.0,1,28,58.0,87.0,0.0,96,,,,,,99,,,,,,98620.0,53,70.0,150.0,6.0,1.0,0.0,0.0,0.0,0.0,,0,,,,,,0,,,20,0,0,0,0.0,9,8,,,0,0.0,0.0,8,0,8.0,95.0,,,96.0,,,8,95,995.0,,,,,,,,,,,,,,,,,,,,,,,,,,,,,,0,0,0,0,0,0,0,0,0,0,0,0,0,0,0,0,0,0,0,0,0,0,0,0,0,1,1,1,0,1,0,0,0,0,0,,1,0,0,0,0,0,0,0,0,0,0,0,0,0,0,0,,,,,,61-65,56-65,County road,R,Friday,Belt Used,PV,White,0,1,1,0,County Road,County Sheriff,Klickitat County Sheriff's Office,0,0,1,0,0,,,,,,0.0,0.0,0.0,,,,,,,,,,,0.0,0.0,0.0,1.0,,,,,20.0,7.0,,,,,,,,,,,,,,,,98620