,year,case,par,repjur,crash_dt,crash_tm,accday,accmon,holiday,county,co_char,city,weather,weather2,lightcond,surfcond,surftype,numfatal,nmforms,pforms,vforms,not_tm,arr_tm,hosp_tm,fhevent,hitrun,manncol,milepnt,reljunc,reljuncinter,intersectiontype,funcsystem,landuse,ownership,route,schlbus,spejur,contdev,devfunc,trafid1,trafid2,x,y,wk_zone,vnumber,crashtype,criticalevent,criticaleventcat,spdlim,body,trailer,emerg,hazcargo,leave,mhevent,roadalgn,roadprof,traflane,trafflow,vehmanvr,numoccs,regowner,regstate,spuse,make,model,modelyr,vrf1,vrf2,seqevent1,seqevent2,seqevent3,seqevent4,seqevent5,seqevent6,pnumber,ptype,age,sex,hispanic,race,injury,diedscene,restraint,restraintmisuse,seatpos,takehosp,death_dt,death_tm,cert,cernum_wa,commlic,licendor,licrestrict,liccomp,drivpres,drf1,drf2,drf3,drf4,distract1,distract2,distract3,distract4,distract5,distract6,dricond1,dricond2,dricond3,dricond4,dricond5,dricond6,dzip,licstate,drhgt_in,weight,noncdl,noncdltype,prevdwi,prevoth,prevacc,prevspd,prevsus,driviol1,driviol2,driviol3,driviol4,driviol5,driviol6,spdrel,first_dt,last_dt,airbag,ejection,ejectpath,extricat,injurwrk,methalc,methdrug,nmlocat,strikveh,prf1,prf2,prf3,druginv,alcinvol,drugsts,drugres1,drugres2,drugres3,drugtst1,drugtst2,drugtst3,alcsts,alctst,alcres,nmact1,nmact2,nmact3,nmact4,nmact5,nmact6,nmprior1,nmprior2,nmprior3,nmprior4,nmprior5,nmprior6,nmcond1,nmcond2,nmcond3,nmcond4,nmcond5,nmcond6,nmsafe_helmet,nmsafe_pads,nmsafe_oth,nmprev_ref,nmprev_lgt,nmprev_oth,crashlocation,nmcrashtype,crosswalk,schoolzone,sidewalk,train_inv,wildlife_inv,rotr_fars,intersect_fars,dd_inv,aid_inv,dpd_inv,id_inv,mj_inv,impnm_inv,ainm_inv,dpnm_inv,speed_inv,unlic_inv,unendmc_inv,drowsy_inv,drdist_inv,nmdist_inv,fty_inv,unrestfat_inv,dr1617_inv,dr1820_inv,dr1620_inv,dr2125_inv,dr1625_inv,dr65_inv,dr70_inv,dr75_inv,mc_inv,pv_inv,ht_inv,ped_inv,bike_inv,unrest_fat,mc_fat,unhelmet_mc,pv_fat,ht_fat,ped_fat,bike_fat,dr_alc7,dr_alc8,dr_drug,dr_imp,dr_dist,dr_spd,dr_fty,dr_unlic,dr_alc7only,dr_alc8only,dr_drugonly,dr_drink,nm_imp,nm_alc7,nm_alc8,nm_drug,nm_dist,agegrp1,agegrp2,roadclass,urbrur,dayweek,restuse,vehtype,race_me,intersect,lanedep,oppdir,wrongway,rep_typ,investag,repag_long,rotr,st_rd,cty_rd,city_rd,oth_rd,drug_thc,thc_res,drug_cthc,cthc_res,drug_cann,prevpersemin,prevperse,prevsusoth,drugtst4,drugtst5,drugtst6,drugtst7,drugtst8,drugres4,drugres5,drugres6,drugres7,drugres8,adspresent,adsengaged,adslevel,race1,race2,race3,race4,race5,helmet,helmetmisuse,nmdistract1,nmdistract2,nmdistract3,nmdistract4,nmdistract5,nmdistract6,lab,isedtcase,crf1,crf2,crf3,CoRoadName,CoMP,IntCoRoadName,IntCoMP,zipcode
2280,2019,455,E997925,7.0,12/14/2019,18:40,14,12,,33,King,0,8,0.0,2,10,2,1,0,5,2,,,,12,0,6,59.2,1,0,1,3,1,1,2,0,0,0,0,US-2,,-121.1462167,47.713166667,0,1,66,6,1,50,5,0,0,1,2,12,1,2,3,1,1,2,1,53,0,29,5,2014,0,0.0,68,12.0,,,,,1,1,21,1,6.0,,4,0,99,7,11,8,12/17/2019,13:19,196053056914.0,56914.0,0.0,0.0,0.0,3.0,1,28,87.0,0.0,0.0,96,,,,,,0,,,,,,98105.0,53,74.0,190.0,6.0,1.0,0.0,1.0,1.0,3.0,,0,,,,,,4,05/15/2015,09/15/2019,8,0,0,0,0.0,9,8,,,0,0.0,0.0,8,0,2.0,348.0,,,1.0,,,2,1,0.0,,,,,,,,,,,,,,,,,,,,,,,,,,,,,,0,0,0,0,0,0,1,1,0,0,0,0,1,0,0,0,0,0,0,0,0,0,0,1,1,0,0,0,0,1,0,0,0,0,0,,1,0,0,0,0,0,1,1,0,1,0,0,0,0,1,0,,,,,,21-25,16-25,US highway,R,Saturday,Unknown,PV,Hispanic,0,1,1,0,State Route,State Patrol,Washington State Patrol,0,1,0,0,0,,,,,,0.0,0.0,0.0,,,,,,,,,,,98.0,98.0,98.0,1.0,,,,,20.0,7.0,,,,,,,,,,,,,,,,
2281,2019,455,E997925,7.0,12/14/2019,18:40,14,12,,33,King,0,8,0.0,2,10,2,1,0,5,2,,,,12,0,6,59.2,1,0,1,3,1,1,2,0,0,0,0,US-2,,-121.1462167,47.713166667,0,2,66,62,4,50,14,0,0,1,2,12,1,2,3,1,1,3,2,53,0,49,401,2001,0,0.0,12,,,,,,1,1,51,1,0.0,,1,0,3,0,11,4,,,,,0.0,0.0,0.0,3.0,1,0,0.0,0.0,0.0,96,,,,,,0,,,,,,98059.0,53,63.0,130.0,6.0,1.0,0.0,0.0,0.0,0.0,,0,,,,,,0,,,20,0,0,0,8.0,9,8,,,0,0.0,0.0,8,0,8.0,95.0,,,96.0,,,8,95,995.0,,,,,,,,,,,,,,,,,,,,,,,,,,,,,,0,0,0,0,0,0,1,1,0,0,0,0,1,0,0,0,0,0,0,0,0,0,0,1,1,0,0,0,0,1,0,0,0,0,0,,0,0,0,0,0,0,0,0,0,0,0,0,0,0,0,0,,,,,,51-55,46-55,US highway,R,Saturday,Belt Used,PV,Not Fatal,0,1,1,0,State Route,State Patrol,Washington State Patrol,0,1,0,0,0,,,,,,0.0,0.0,0.0,,,,,,,,,,,98.0,98.0,98.0,0.0,,,,,20.0,7.0,,,,,,,,,,,,,,,,
2282,2019,456,E998093,2.0,12/21/2019,0:36,21,12,,61,Snohomish,690,2,0.0,2,2,2,1,2,2,3,,,,14,0,0,190.1,1,0,1,1,2,1,1,0,0,0,0,I-5,,-122.1995083,47.928913889,0,1,11,11,2,60,34,0,0,1,2,14,1,1,5,3,1,1,1,53,0,20,481,2006,0,0.0,63,14.0,14.0,8.0,8.0,,1,1,25,1,0.0,,2,0,3,0,11,0,,,,,0.0,0.0,0.0,2.0,1,91,0.0,0.0,0.0,93,,,,,,9,,,,,,98271.0,53,67.0,135.0,1.0,1.0,0.0,1.0,1.0,1.0,,1,12.0,,,,,0,06/15/2015,10/15/2019,1,0,0,0,8.0,9,2,,,0,0.0,0.0,1,0,2.0,151.0,996.0,605.0,1.0,1.0,1.0,2,1,0.0,,,,,,,,,,,,,,,,,,,,,,,,,,,,,,0,0,0,0,0,0,1,1,1,1,0,1,0,1,0,0,1,0,0,0,0,0,0,1,1,0,0,0,0,1,0,1,0,0,0,,0,0,0,0,0,0,1,1,1,0,0,1,0,0,1,0,,,,,,21-25,16-25,Interstate,U,Saturday,Belt Used,PV,Not Fatal,0,1,0,0,State Route,State Patrol,Washington State Patrol,1,1,0,0,0,thc,1.0,,,,0.0,0.0,4.0,,,,,,,,,,,98.0,98.0,98.0,0.0,,,,,20.0,7.0,,,,,,,,,,,,,,,,98202
2283,2019,457,E998114,2.0,12/04/2019,1:40,4,12,,61,Snohomish,0,1,0.0,2,2,2,1,1,2,1,,,,8,0,0,27.4,1,0,1,3,2,1,2,0,0,0,0,US-2,,-121.7124417,47.862141667,0,1,13,80,5,50,4,0,0,1,7,8,1,1,2,1,1,2,2,53,0,41,49,2004,0,0.0,8,,,,,,1,1,32,2,0.0,,0,0,20,7,11,0,,,,,0.0,0.0,0.0,3.0,1,91,0.0,0.0,0.0,96,,,,,,9,,,,,,98394.0,53,59.0,105.0,6.0,1.0,0.0,0.0,1.0,3.0,,1,,,,,,0,02/15/2016,12/15/2016,20,0,0,0,8.0,9,8,,,0,0.0,0.0,8,1,8.0,95.0,,,96.0,,,8,95,995.0,,,,,,,,,,,,,,,,,,,,,,,,,,,,,,0,0,0,0,1,0,0,0,0,1,1,0,0,0,0,0,0,0,0,0,0,0,0,0,0,0,0,0,0,1,0,1,0,0,0,,0,0,0,0,0,0,0,0,0,0,0,0,0,0,0,1,,,,,,31-35,26-35,US highway,U,Wednesday,Not Used,PV,Not Fatal,0,0,0,0,State Route,State Patrol,Washington State Patrol,0,1,0,0,0,,,,,,0.0,0.0,0.0,,,,,,,,,,,98.0,98.0,98.0,0.0,,,,,20.0,7.0,,,,,,,,,,,,,,,,98251
2284,2019,458,E998216,4.0,12/27/2019,5:40,27,12,,63,Spokane,0,4,0.0,2,10,2,1,0,1,1,,,,24,0,0,266.2,1,0,1,1,1,1,1,0,0,0,0,I-90,,-117.6277167,47.547005556,0,1,7,6,1,70,34,1,0,1,2,1,1,2,2,3,1,1,2,53,0,12,481,1999,0,0.0,70,64.0,24.0,24.0,1.0,,1,1,57,1,7.0,,4,7,20,7,11,0,12/27/2019,5:40,53057094.0,57094.0,3.0,0.0,0.0,3.0,1,0,0.0,0.0,0.0,96,,,,,,0,,,,,,97321.0,41,69.0,180.0,6.0,1.0,0.0,1.0,0.0,0.0,,0,,,,,,4,07/15/2017,07/15/2017,20,1,9,0,0.0,1,8,,,0,0.0,0.0,8,0,2.0,1.0,,,1.0,,,2,1,0.0,,,,,,,,,,,,,,,,,,,,,,,,,,,,,,0,0,0,0,0,0,0,0,0,0,0,0,1,0,0,0,0,0,0,1,0,0,0,0,0,0,0,0,0,1,0,0,0,1,0,,1,0,0,0,0,0,0,0,0,1,0,0,0,0,0,0,,,,,,56-60,56-65,Interstate,R,Friday,Not Used,PV,White,0,1,0,0,State Route,State Patrol,Washington State Patrol,1,1,0,0,0,,,,,,0.0,0.0,0.0,,,,,,,,,,,0.0,0.0,0.0,1.0,,,,,20.0,7.0,,,,,,,,,,,,,,,,99014
2285,2019,459,E998475,35.0,12/27/2019,1:10,27,12,,53,Pierce,0,2,0.0,2,2,2,1,0,3,2,,,,12,0,6,2.1,1,0,1,5,2,2,4,0,0,0,0,CR-214TH AVE E,,-122.1440722,47.190388889,0,1,98,98,7,40,7,0,0,1,7,12,1,1,2,1,12,1,2,53,0,30,42,1994,0,0.0,12,,,,,,1,1,29,1,7.0,,4,7,3,0,11,0,12/27/2019,1:11,53057739.0,57739.0,0.0,0.0,3.0,3.0,1,0,0.0,0.0,0.0,96,,,,,,99,,,,,,98391.0,53,72.0,160.0,6.0,1.0,0.0,1.0,1.0,0.0,,0,,,,,,0,10/15/2017,10/15/2017,20,0,0,0,0.0,1,1,,,0,0.0,0.0,1,1,2.0,695.0,,,1.0,,,2,1,0.195,,,,,,,,,,,,,,,,,,,,,,,,,,,,,,0,0,0,0,1,1,1,1,1,0,0,0,0,0,0,0,0,0,0,0,0,0,0,1,1,0,0,0,0,1,0,0,0,0,0,,1,0,0,0,0,1,1,1,0,0,0,0,0,0,0,1,,,,,,26-30,26-35,County road,U,Friday,Belt Used,PV,White,0,1,1,0,County Road,County Sheriff,Law Enforcement Support Agency,0,0,1,0,0,,,carboxy-thc,20.0,,0.0,0.0,1.0,,,,,,,,,,,0.0,0.0,0.0,1.0,,,,,20.0,7.0,,,,,,,nms,,,,,,,,,98391
2286,2019,459,E998475,35.0,12/27/2019,1:10,27,12,,53,Pierce,0,2,0.0,2,2,2,1,0,3,2,,,,12,0,6,2.1,1,0,1,5,2,2,4,0,0,0,0,CR-214TH AVE E,,-122.1440722,47.190388889,0,2,98,98,7,40,4,0,0,1,7,12,1,1,2,1,1,2,2,53,0,49,40,2009,0,0.0,12,,,,,,1,1,21,2,0.0,,0,0,3,0,11,0,,,,,0.0,0.0,3.0,3.0,1,0,0.0,0.0,0.0,96,,,,,,0,,,,,,98047.0,53,62.0,125.0,6.0,2.0,0.0,0.0,0.0,1.0,,0,,,,,,0,11/15/2017,11/15/2017,1,0,0,0,8.0,9,8,,,0,0.0,0.0,8,0,8.0,95.0,,,96.0,,,8,95,995.0,,,,,,,,,,,,,,,,,,,,,,,,,,,,,,0,0,0,0,1,1,1,1,1,0,0,0,0,0,0,0,0,0,0,0,0,0,0,1,1,0,0,0,0,1,0,0,0,0,0,,0,0,0,0,0,0,0,0,0,0,0,0,0,0,0,0,,,,,,21-25,16-25,County road,U,Friday,Belt Used,PV,Not Fatal,0,1,1,0,County Road,County Sheriff,Law Enforcement Support Agency,0,0,1,0,0,,,,,,0.0,0.0,0.0,,,,,,,,,,,98.0,98.0,98.0,0.0,,,,,20.0,7.0,,,,,,,,,,,,,,,,98391
2287,2019,460,E998531,1.0,12/26/2019,19:24,26,12,,77,Yakima,0,1,0.0,2,1,2,1,1,3,3,,,,8,0,0,0.7,1,0,1,3,2,1,3,0,3,0,0,SR-22,,-120.3145056,46.406738889,0,1,13,80,5,50,34,0,0,1,5,8,1,1,2,1,1,1,1,53,0,7,482,2012,0,0.0,8,,,,,,1,1,26,1,0.0,,0,0,3,0,11,0,,,,,0.0,0.0,0.0,3.0,1,0,0.0,0.0,0.0,96,,,,,,0,,,,,,98921.0,53,68.0,190.0,6.0,1.0,0.0,1.0,0.0,5.0,,0,,,,,,0,08/15/2015,05/15/2019,20,0,0,0,8.0,9,8,,,0,0.0,0.0,8,0,8.0,95.0,,,96.0,,,8,95,995.0,,,,,,,,,,,,,,,,,,,,,,,,,,,,,,0,0,0,0,0,0,0,0,0,1,1,0,0,0,0,0,0,1,0,0,0,1,1,0,1,0,0,0,0,1,0,1,0,0,0,,0,0,0,0,0,0,0,0,0,0,0,0,0,0,0,0,,,,,,26-30,26-35,State route,U,Thursday,Belt Used,PV,Not Fatal,0,0,0,0,State Route,State Patrol,Washington State Patrol,0,1,0,0,0,,,,,,0.0,0.0,2.0,,,,,,,,,,,98.0,98.0,98.0,0.0,,,,,20.0,7.0,,,,,,,,,,,,,,,,98921
2288,2019,460,E998531,1.0,12/26/2019,19:24,26,12,,77,Yakima,0,1,0.0,2,1,2,1,1,3,3,,,,8,0,0,0.7,1,0,1,3,2,1,3,0,3,0,0,SR-22,,-120.3145056,46.406738889,0,2,98,80,5,50,4,0,0,1,5,8,1,1,2,1,1,1,2,53,0,52,46,2003,0,0.0,8,,,,,,1,1,20,2,0.0,,0,0,3,0,11,0,,,,,0.0,0.0,0.0,3.0,1,0,0.0,0.0,0.0,96,,,,,,0,,,,,,98948.0,53,58.0,92.0,6.0,1.0,0.0,0.0,0.0,0.0,,0,,,,,,0,,,20,0,0,0,8.0,9,8,,,0,0.0,0.0,8,0,8.0,95.0,,,96.0,,,8,95,995.0,,,,,,,,,,,,,,,,,,,,,,,,,,,,,,0,0,0,0,0,0,0,0,0,1,1,0,0,0,0,0,0,1,0,0,0,1,1,0,1,0,0,0,0,1,0,1,0,0,0,,0,0,0,0,0,0,0,0,0,0,0,0,0,0,0,0,,,,,,18-20,16-25,State route,U,Thursday,Belt Used,PV,Not Fatal,0,0,0,0,State Route,State Patrol,Washington State Patrol,0,1,0,0,0,,,,,,0.0,0.0,0.0,,,,,,,,,,,98.0,98.0,98.0,0.0,,,,,20.0,7.0,,,,,,,,,,,,,,,,98921
2289,2019,460,E998531,1.0,12/26/2019,19:24,26,12,,77,Yakima,0,1,0.0,2,1,2,1,1,3,3,,,,8,0,0,0.7,1,0,1,3,2,1,3,0,3,0,0,SR-22,,-120.3145056,46.406738889,0,3,98,80,5,50,6,0,0,1,5,8,1,1,2,1,1,1,2,53,0,30,40,2004,0,0.0,8,,,,,,1,1,20,8,0.0,,0,0,3,0,11,0,,,,,0.0,0.0,0.0,3.0,1,0,0.0,0.0,0.0,96,,,,,,0,,,,,,98936.0,53,70.0,160.0,6.0,1.0,0.0,0.0,0.0,2.0,,0,,,,,,0,01/15/2018,05/15/2018,20,0,0,0,8.0,9,8,,,0,0.0,0.0,8,0,8.0,95.0,,,96.0,,,8,95,995.0,,,,,,,,,,,,,,,,,,,,,,,,,,,,,,0,0,0,0,0,0,0,0,0,1,1,0,0,0,0,0,0,1,0,0,0,1,1,0,1,0,0,0,0,1,0,1,0,0,0,,0,0,0,0,0,0,0,0,0,0,0,0,0,0,0,0,,,,,,18-20,16-25,State route,U,Thursday,Belt Used,PV,Not Fatal,0,0,0,0,State Route,State Patrol,Washington State Patrol,0,1,0,0,0,,,,,,0.0,0.0,0.0,,,,,,,,,,,98.0,98.0,98.0,0.0,,,,,20.0,7.0,,,,,,,,,,,,,,,,98921
2290,2019,461,E998611,74.0,12/18/2019,16:56,18,12,,57,Skagit,230,2,0.0,3,2,2,1,1,1,1,,,,8,0,0,0.0,1,0,1,7,2,4,6,0,0,0,0,S BURLINGTON BLVD,,-122.3357917,48.466777778,0,1,13,80,5,35,34,0,0,1,7,8,1,1,5,5,1,1,2,53,0,12,481,2011,0,0.0,8,,,,,,1,1,54,1,0.0,,0,0,3,0,11,0,,,,,6.0,0.0,0.0,3.0,1,0,0.0,0.0,0.0,96,,,,,,0,,,,,,98233.0,53,67.0,197.0,6.0,1.0,0.0,0.0,0.0,0.0,,0,,,,,,0,,,20,0,0,0,8.0,9,8,,,0,0.0,0.0,8,0,8.0,95.0,,,96.0,,,8,95,995.0,,,,,,,,,,,,,,,,,,,,,,,,,,,,,,0,0,0,0,0,0,0,0,0,0,0,0,0,0,0,0,0,0,0,0,0,0,0,0,0,0,0,0,0,1,0,1,0,0,0,,0,0,0,0,0,0,0,0,0,0,0,0,0,0,0,0,,,,,,51-55,46-55,City street,U,Wednesday,Belt Used,PV,Not Fatal,0,0,0,0,City Street,Municipal/City Police,Burlington Police Department,0,0,0,1,0,,,,,,0.0,0.0,0.0,,,,,,,,,,,98.0,98.0,98.0,0.0,,,,,20.0,7.0,,,,,,,,,,,,,,,,98233
2291,2019,462,E998686,6.0,12/16/2019,17:45,16,12,,25,Grant,0,1,0.0,2,4,2,1,0,8,2,,,,14,0,0,29.5,1,0,1,3,1,1,3,0,0,0,0,SR-28,,-119.9463111,47.2329,0,1,2,6,1,60,66,1,0,1,7,14,3,2,2,1,14,1,3,53,0,85,881,1999,0,0.0,63,14.0,,,,,1,1,57,1,0.0,,1,0,3,0,11,5,,,,,6.0,1.0,3.0,3.0,1,87,0.0,0.0,0.0,96,,,,,,0,,,,,,99301.0,53,68.0,185.0,6.0,1.0,0.0,1.0,1.0,1.0,,23,,,,,,4,12/15/2015,09/15/2018,1,0,0,0,8.0,9,8,,,0,0.0,0.0,8,0,8.0,95.0,,,96.0,,,8,95,995.0,,,,,,,,,,,,,,,,,,,,,,,,,,,,,,0,0,0,0,0,0,0,0,0,0,0,0,1,0,0,0,0,0,0,0,0,0,0,0,0,0,0,0,0,1,1,0,0,0,0,,0,0,0,0,0,0,0,0,0,1,0,0,0,0,0,0,,,,,,56-60,56-65,State route,R,Monday,,MHTRUCK,Not Fatal,0,0,0,0,State Route,State Patrol,Washington State Patrol,0,1,0,0,0,,,,,,0.0,0.0,0.0,,,,,,,,,,,0.0,0.0,0.0,0.0,,,,,20.0,7.0,,,,,,,,,,,,,,,,98848
2292,2019,463,E999084,4.0,12/28/2019,23:30,28,12,,63,Spokane,0,8,0.0,2,2,2,1,0,1,1,,,,42,0,0,10.8,1,0,1,5,1,1,3,0,0,0,0,SR-206,,-117.1748278,47.835033333,0,1,6,6,1,45,14,0,0,1,2,1,2,2,2,1,14,1,2,53,0,59,401,1999,0,0.0,68,68.0,68.0,64.0,42.0,1.0,1,1,31,1,7.0,,4,0,3,0,11,5,12/29/2019,2:35,53057129.0,57129.0,0.0,0.0,0.0,3.0,1,58,0.0,0.0,0.0,96,,,,,,9,,,,,,99223.0,53,69.0,145.0,6.0,1.0,0.0,0.0,0.0,0.0,,0,,,,,,4,,,2,0,0,0,0.0,1,8,,,0,0.0,0.0,8,1,2.0,1.0,,,1.0,,,2,1,0.217,,,,,,,,,,,,,,,,,,,,,,,,,,,,,,0,0,1,0,1,1,0,1,0,0,0,0,1,0,0,0,0,0,0,0,0,0,0,0,0,0,0,0,0,1,0,0,0,0,0,,1,0,0,0,0,1,0,1,0,1,0,0,0,1,0,1,,,,,,31-35,26-35,State route,R,Saturday,Belt Used,PV,White,0,1,0,0,State Route,State Patrol,Washington State Patrol,1,1,0,0,0,,,,,,0.0,0.0,0.0,,,,,,,,,,,0.0,0.0,0.0,1.0,,,,,20.0,7.0,,,,,,,,,,,,,,,,99021
2293,2019,464,E998894,2.0,12/27/2019,17:00,27,12,,57,Skagit,230,10,0.0,3,2,2,1,0,1,1,,,,18,0,0,9999.9,1,0,1,4,2,2,4,0,0,65,3,CR-GARRETT RD,,-122.3472722,48.469225,0,1,12,98,7,35,4,0,0,1,7,10,1,1,3,1,6,1,1,53,0,55,35,2019,0,0.0,18,10.0,,,,,1,1,36,1,7.0,,4,7,20,7,11,0,12/27/2019,17:00,23053057112.0,57112.0,0.0,0.0,3.0,3.0,1,37,39.0,0.0,0.0,96,,,,,,9,,,,,,98233.0,53,73.0,212.0,6.0,1.0,1.0,2.0,1.0,2.0,,0,,,,,,0,07/15/2016,11/15/2018,99,9,0,0,0.0,1,8,,,0,0.0,0.0,8,1,2.0,1.0,,,1.0,,,2,1,0.173,,,,,,,,,,,,,,,,,,,,,,,,,,,,,,1,0,0,0,1,1,0,1,0,0,0,0,0,0,0,0,0,0,0,1,0,0,0,0,0,0,0,0,0,1,0,0,0,1,0,,1,0,0,0,0,1,0,1,0,0,0,0,0,1,0,1,,,,,,36-40,36-45,County road,U,Friday,Not Used,PV,White,1,0,0,0,State Route,State Patrol,Washington State Patrol,0,1,0,0,0,,,,,,0.0,1.0,1.0,,,,,,,,,,,98.0,98.0,98.0,1.0,,,,,20.0,7.0,,,,,,,,,,,,,,,,98233
2294,2019,465,E995586,262.0,12/19/2019,17:16,19,12,,33,King,1958,2,0.0,3,2,2,1,1,1,1,,,,8,0,0,0.0,3,0,3,7,2,4,6,0,0,0,0,MILITARY RD S,S 179TH ST,-122.2739806,47.442847222,0,1,13,80,5,35,4,0,0,1,5,8,4,2,3,1,14,1,1,53,0,37,37,2019,0,0.0,8,,,,,,1,1,30,1,0.0,,0,0,3,0,11,0,,,,,0.0,0.0,0.0,2.0,1,10,38.0,0.0,0.0,96,,,,,,98,,,,,,98022.0,53,71.0,210.0,1.0,1.0,0.0,0.0,1.0,1.0,,97,,,,,,0,10/15/2018,11/15/2018,20,0,0,0,8.0,9,2,,,0,0.0,0.0,0,0,8.0,95.0,,,96.0,,,8,95,995.0,,,,,,,,,,,,,,,,,,,,,,,,,,,,,,0,0,0,1,0,0,0,0,0,0,0,0,0,1,0,0,0,0,1,0,0,0,0,0,0,0,0,0,0,1,0,1,0,0,0,,0,0,0,0,0,0,0,0,0,0,1,1,0,0,0,0,,,,,,26-30,26-35,City street,U,Thursday,Belt Used,PV,Not Fatal,1,0,0,0,City Street,Municipal/City Police,SeaTac Police Department,0,0,0,1,0,,,,,,0.0,0.0,1.0,,,,,,,,,,,98.0,98.0,98.0,0.0,,,,,20.0,7.0,,,,,,,,,,,,,,,,98188
2295,2019,466,E999528,297.0,12/31/2019,20:45,31,12,,33,King,2310,10,0.0,3,2,2,1,0,1,1,,,,42,0,0,0.0,1,0,1,7,2,4,6,0,0,0,0,S RYAN WAY,,-122.2742472,47.507019444,0,1,6,12,2,25,4,0,0,1,7,42,2,2,2,1,14,1,2,53,0,7,24,2019,0,0.0,68,64.0,42.0,,,,1,1,37,1,7.0,,4,7,20,7,11,0,12/31/2019,20:45,231053056922.0,56922.0,0.0,0.0,0.0,3.0,1,0,0.0,0.0,0.0,96,,,,,,98,,,,,,98373.0,53,73.0,220.0,6.0,1.0,0.0,0.0,1.0,0.0,,0,,,,,,0,04/15/2019,04/15/2019,8,0,0,0,9.0,9,8,,,0,0.0,0.0,8,8,2.0,401.0,417.0,,1.0,1.0,,2,1,0.105,,,,,,,,,,,,,,,,,,,,,,,,,,,,,,0,0,1,0,1,1,1,1,0,0,0,0,0,0,0,0,0,0,0,1,0,0,0,0,0,0,0,0,0,1,0,0,0,1,0,,1,0,0,0,0,1,1,1,0,0,0,0,0,0,0,1,,,,,,36-40,36-45,City street,U,Tuesday,Not Used,PV,White,0,1,0,0,City Street,Municipal/City Police,Tukwila Police Department,1,0,0,1,0,,,,,,0.0,0.0,0.0,,,,,,,,,,,98.0,98.0,98.0,1.0,,,,,20.0,7.0,,,,,,,,,,,,,,,,98178
2296,2019,467,E999626,33.0,12/20/2019,16:28,20,12,,49,Pacific,0,2,0.0,5,2,2,1,0,5,2,,,,12,0,2,7.3,1,0,1,5,1,2,4,0,0,0,0,CR-SANDRIDGE RD,,-124.021775,46.417461111,0,1,50,10,2,45,34,0,0,1,7,12,1,1,2,1,1,1,1,41,0,7,482,2006,0,0.0,68,12.0,,,,,1,1,65,1,0.0,,1,0,99,7,11,0,,,,,0.0,0.0,0.0,3.0,1,28,0.0,0.0,0.0,92,,,,,,99,,,,,,97103.0,41,66.0,175.0,6.0,1.0,0.0,0.0,0.0,0.0,,97,,,,,,0,,,8,0,0,0,8.0,9,8,,,0,0.0,0.0,8,8,8.0,95.0,,,96.0,,,8,95,995.0,,,,,,,,,,,,,,,,,,,,,,,,,,,,,,0,0,0,0,0,0,0,0,0,0,0,0,0,0,0,0,1,0,0,0,0,0,0,0,0,1,0,0,0,1,0,0,0,0,0,,0,0,0,0,0,0,0,0,1,0,0,0,0,0,0,0,,,,,,61-65,56-65,County road,R,Friday,Unknown,PV,Not Fatal,0,1,1,0,County Road,County Sheriff,Pacific County Sheriff's Office,0,0,1,0,0,,,,,,0.0,0.0,0.0,,,,,,,,,,,98.0,98.0,98.0,0.0,,,,,20.0,7.0,,,,,,,,,,,,,,,,98631
2297,2019,467,E999626,33.0,12/20/2019,16:28,20,12,,49,Pacific,0,2,0.0,5,2,2,1,0,5,2,,,,12,0,2,7.3,1,0,1,5,1,2,4,0,0,0,0,CR-SANDRIDGE RD,,-124.021775,46.417461111,0,2,51,62,4,45,14,0,0,1,7,12,1,1,2,1,1,4,1,53,0,2,404,2014,0,0.0,12,1.0,,,,,1,1,39,1,0.0,,3,0,2,0,11,8,,,,,6.0,0.0,0.0,3.0,1,0,0.0,0.0,0.0,0,,,,,,99,,,,,,98640.0,53,67.0,250.0,6.0,1.0,0.0,1.0,0.0,0.0,,0,,,,,,0,05/15/2015,09/15/2015,8,0,0,0,8.0,9,8,,,0,0.0,0.0,8,8,8.0,95.0,,,96.0,,,8,95,995.0,,,,,,,,,,,,,,,,,,,,,,,,,,,,,,0,0,0,0,0,0,0,0,0,0,0,0,0,0,0,0,1,0,0,0,0,0,0,0,0,1,0,0,0,1,0,0,0,0,0,,0,0,0,0,0,0,0,0,0,0,0,0,0,0,0,0,,,,,,36-40,36-45,County road,R,Friday,Belt Used,PV,Not Fatal,0,1,1,0,County Road,County Sheriff,Pacific County Sheriff's Office,0,0,1,0,0,,,,,,0.0,0.0,1.0,,,,,,,,,,,98.0,98.0,98.0,0.0,,,,,20.0,7.0,,,,,,,,,,,,,,,,98631
2298,2019,468,E999821,4.0,12/29/2019,18:29,29,12,,1,Adams,0,10,0.0,2,1,2,2,0,7,2,,,,12,0,2,77.6,1,0,1,2,1,1,2,0,0,0,0,US-395,,-118.6674333,46.826338889,0,1,50,54,3,98,5,0,0,1,2,12,1,1,2,3,1,1,1,53,0,49,46,2015,0,0.0,12,,,,,,1,1,57,2,7.0,,4,7,3,0,11,0,12/29/2019,18:29,53057770.0,57770.0,0.0,0.0,3.0,3.0,1,51,0.0,0.0,0.0,96,,,,,,9,,,,,,99204.0,53,58.0,107.0,6.0,1.0,0.0,0.0,0.0,1.0,,0,,,,,,0,07/15/2015,09/15/2015,1,0,0,0,0.0,1,8,,,0,0.0,0.0,8,1,2.0,1.0,,,1.0,,,2,1,0.22,,,,,,,,,,,,,,,,,,,,,,,,,,,,,,0,0,0,0,1,1,0,1,0,0,0,0,0,0,0,0,0,0,0,0,0,0,0,0,0,0,0,0,0,1,0,0,0,0,0,,1,0,0,0,0,1,0,1,0,0,0,0,0,1,0,1,,,,,,56-60,56-65,US highway,R,Sunday,Belt Used,PV,White,0,0,0,1,State Route,State Patrol,Washington State Patrol,0,1,0,0,0,,,,,,0.0,0.0,3.0,,,,,,,,,,,98.0,98.0,98.0,1.0,,,,,20.0,7.0,,,,,,,,,,,,,,,,99341