,year,case,par,repjur,crash_dt,crash_tm,accday,accmon,holiday,county,co_char,city,weather,weather2,lightcond,surfcond,surftype,numfatal,nmforms,pforms,vforms,not_tm,arr_tm,hosp_tm,fhevent,hitrun,manncol,milepnt,reljunc,reljuncinter,intersectiontype,funcsystem,landuse,ownership,route,schlbus,spejur,contdev,devfunc,trafid1,trafid2,x,y,wk_zone,vnumber,crashtype,criticalevent,criticaleventcat,spdlim,body,trailer,emerg,hazcargo,leave,mhevent,roadalgn,roadprof,traflane,trafflow,vehmanvr,numoccs,regowner,regstate,spuse,make,model,modelyr,vrf1,vrf2,seqevent1,seqevent2,seqevent3,seqevent4,seqevent5,seqevent6,pnumber,ptype,age,sex,hispanic,race,injury,diedscene,restraint,restraintmisuse,seatpos,takehosp,death_dt,death_tm,cert,cernum_wa,commlic,licendor,licrestrict,liccomp,drivpres,drf1,drf2,drf3,drf4,distract1,distract2,distract3,distract4,distract5,distract6,dricond1,dricond2,dricond3,dricond4,dricond5,dricond6,dzip,licstate,drhgt_in,weight,noncdl,noncdltype,prevdwi,prevoth,prevacc,prevspd,prevsus,driviol1,driviol2,driviol3,driviol4,driviol5,driviol6,spdrel,first_dt,last_dt,airbag,ejection,ejectpath,extricat,injurwrk,methalc,methdrug,nmlocat,strikveh,prf1,prf2,prf3,druginv,alcinvol,drugsts,drugres1,drugres2,drugres3,drugtst1,drugtst2,drugtst3,alcsts,alctst,alcres,nmact1,nmact2,nmact3,nmact4,nmact5,nmact6,nmprior1,nmprior2,nmprior3,nmprior4,nmprior5,nmprior6,nmcond1,nmcond2,nmcond3,nmcond4,nmcond5,nmcond6,nmsafe_helmet,nmsafe_pads,nmsafe_oth,nmprev_ref,nmprev_lgt,nmprev_oth,crashlocation,nmcrashtype,crosswalk,schoolzone,sidewalk,train_inv,wildlife_inv,rotr_fars,intersect_fars,dd_inv,aid_inv,dpd_inv,id_inv,mj_inv,impnm_inv,ainm_inv,dpnm_inv,speed_inv,unlic_inv,unendmc_inv,drowsy_inv,drdist_inv,nmdist_inv,fty_inv,unrestfat_inv,dr1617_inv,dr1820_inv,dr1620_inv,dr2125_inv,dr1625_inv,dr65_inv,dr70_inv,dr75_inv,mc_inv,pv_inv,ht_inv,ped_inv,bike_inv,unrest_fat,mc_fat,unhelmet_mc,pv_fat,ht_fat,ped_fat,bike_fat,dr_alc7,dr_alc8,dr_drug,dr_imp,dr_dist,dr_spd,dr_fty,dr_unlic,dr_alc7only,dr_alc8only,dr_drugonly,dr_drink,nm_imp,nm_alc7,nm_alc8,nm_drug,nm_dist,agegrp1,agegrp2,roadclass,urbrur,dayweek,restuse,vehtype,race_me,intersect,lanedep,oppdir,wrongway,rep_typ,investag,repag_long,rotr,st_rd,cty_rd,city_rd,oth_rd,drug_thc,thc_res,drug_cthc,cthc_res,drug_cann,prevpersemin,prevperse,prevsusoth,drugtst4,drugtst5,drugtst6,drugtst7,drugtst8,drugres4,drugres5,drugres6,drugres7,drugres8,adspresent,adsengaged,adslevel,race1,race2,race3,race4,race5,helmet,helmetmisuse,nmdistract1,nmdistract2,nmdistract3,nmdistract4,nmdistract5,nmdistract6,lab,isedtcase,crf1,crf2,crf3,CoRoadName,CoMP,IntCoRoadName,IntCoMP,zipcode
2299,2019,468,E999821,4.0,12/29/2019,18:29,29,12,,1,Adams,0,10,0.0,2,1,2,2,0,7,2,,,,12,0,2,77.6,1,0,1,2,1,1,2,0,0,0,0,US-395,,-118.6674333,46.826338889,0,2,51,54,3,70,20,0,0,1,2,12,1,1,2,3,1,6,2,53,0,7,442,2007,0,0.0,12,,,,,,1,1,34,1,0.0,,3,0,3,0,11,4,,,,,0.0,0.0,0.0,3.0,1,0,0.0,0.0,0.0,96,,,,,,0,,,,,,99169.0,53,68.0,190.0,6.0,1.0,0.0,0.0,1.0,1.0,,0,,,,,,0,01/15/2017,05/15/2017,1,0,0,0,8.0,9,8,,,0,0.0,0.0,8,8,8.0,95.0,,,96.0,,,8,95,995.0,,,,,,,,,,,,,,,,,,,,,,,,,,,,,,0,0,0,0,1,1,0,1,0,0,0,0,0,0,0,0,0,0,0,0,0,0,0,0,0,0,0,0,0,1,0,0,0,0,0,,0,0,0,0,0,0,0,0,0,0,0,0,0,0,0,0,,,,,,31-35,26-35,US highway,R,Sunday,Belt Used,PV,Not Fatal,0,0,0,1,State Route,State Patrol,Washington State Patrol,0,1,0,0,0,,,,,,0.0,0.0,0.0,,,,,,,,,,,98.0,98.0,98.0,0.0,,,,,20.0,7.0,,,,,,,,,,,,,,,,99341
2300,2019,469,E999878,1.0,12/29/2019,20:28,29,12,,5,Benton,0,1,0.0,2,1,2,1,0,1,1,,,,35,0,0,29.7,1,0,1,5,1,1,3,0,0,0,0,SR-22,,-119.8538278,46.185875,0,1,7,13,2,60,34,0,0,1,2,1,1,1,2,1,1,1,1,53,0,20,481,2012,0,0.0,63,69.0,68.0,64.0,35.0,1.0,1,1,26,1,6.0,,4,7,20,7,11,0,12/29/2019,20:28,53057418.0,57418.0,0.0,0.0,0.0,3.0,1,0,0.0,0.0,0.0,96,,,,,,9,,,,,,98935.0,53,67.0,170.0,6.0,1.0,1.0,1.0,0.0,0.0,,0,,,,,,0,03/15/2018,03/15/2018,8,1,9,0,0.0,1,8,,,0,0.0,0.0,8,1,2.0,1.0,,,1.0,,,2,1,0.238,,,,,,,,,,,,,,,,,,,,,,,,,,,,,,0,0,0,0,1,1,0,1,0,0,0,0,0,0,0,0,0,0,0,1,0,0,0,0,0,0,0,0,0,1,0,0,0,1,0,,1,0,0,0,0,1,0,1,0,0,0,0,0,1,0,1,,,,,,26-30,26-35,State route,R,Sunday,Not Used,PV,Hispanic,0,1,0,0,State Route,State Patrol,Washington State Patrol,1,1,0,0,0,,,,,,0.0,1.0,1.0,,,,,,,,,,,98.0,98.0,98.0,298.0,,,,,20.0,7.0,,,,,,,,,,,,,,,,
2301,2019,470,EA00402,55.0,12/31/2019,18:42,31,12,,33,King,100,2,0.0,3,2,2,1,0,1,1,,,,33,0,0,0.0,3,0,2,7,2,4,6,0,0,0,0,AUBURN WAY N,D ST NE,-122.2253639,47.349669444,0,1,2,8,1,35,4,0,0,1,7,33,1,1,5,1,1,1,1,53,0,9,20,2000,0,0.0,63,33.0,1.0,,,,1,1,72,1,7.0,,4,7,20,7,11,0,12/31/2019,18:42,10053058252.0,58252.0,0.0,0.0,0.0,3.0,1,58,0.0,0.0,0.0,92,,,,,,1,,,,,,98030.0,53,69.0,260.0,6.0,1.0,0.0,0.0,1.0,0.0,,0,,,,,,0,02/15/2017,02/15/2017,20,0,0,0,0.0,9,8,,,0,0.0,0.0,8,8,2.0,1.0,,,1.0,,,2,1,0.0,,,,,,,,,,,,,,,,,,,,,,,,,,,,,,0,0,0,1,0,0,0,0,0,0,0,0,0,0,0,0,1,0,0,1,0,0,0,0,0,1,1,0,0,1,0,0,0,1,0,,1,0,0,0,0,0,0,0,1,0,0,0,0,0,0,0,,,,,,71-75,66-75,City street,U,Tuesday,Not Used,PV,Black,0,1,0,0,City Street,Municipal/City Police,Auburn Police Department,1,0,0,1,0,,,,,,0.0,0.0,0.0,,,,,,,,,,,98.0,98.0,98.0,2.0,,,,,20.0,7.0,,,,,,,,,,,,,,,,98071
2302,2019,471,EA00816,32.0,12/31/2019,21:15,31,12,,47,Okanogan,0,4,0.0,2,10,4,1,0,2,1,,,,1,0,0,0.8,1,0,1,7,2,2,4,0,0,0,0,CR-MINERAL HILL RD,,-119.7609778,48.552855556,0,1,1,13,2,35,34,0,0,1,7,1,3,2,2,1,14,2,1,53,0,12,481,2018,0,0.0,63,1.0,,,,,1,1,45,1,6.0,,4,7,20,7,11,0,12/31/2019,21:15,53058430.0,58430.0,0.0,0.0,0.0,3.0,1,87,0.0,0.0,0.0,96,,,,,,98,,,,,,98841.0,53,72.0,272.0,6.0,1.0,0.0,0.0,0.0,1.0,,0,,,,,,0,03/15/2019,03/15/2019,8,1,9,0,0.0,9,8,,,0,0.0,0.0,8,8,2.0,695.0,605.0,,1.0,1.0,,2,1,0.149,,,,,,,,,,,,,,,,,,,,,,,,,,,,,,0,0,1,0,1,1,1,1,1,0,0,0,0,0,0,0,0,0,0,1,0,0,0,0,0,0,0,0,0,1,0,0,0,1,0,,1,0,0,0,0,1,1,1,0,0,0,0,0,0,0,1,,,,,,41-45,36-45,County road,U,Tuesday,Not Used,PV,Hispanic,0,1,0,0,County Road,County Sheriff,Okanogan County Sheriff's Office,1,0,1,0,0,thc,5.0,carboxy-thc,14.0,,0.0,0.0,0.0,,,,,,,,,,,98.0,98.0,98.0,201.0,203.0,,,,20.0,7.0,,,,,,,nms,,,,,,,,,98819
2303,2019,472,E992886,297.0,12/11/2019,18:35,11,12,,33,King,2310,2,0.0,3,6,2,1,1,3,2,,,,8,0,0,0.0,3,0,2,7,2,4,6,0,0,0,0,S 124TH ST,46TH AVE S,-122.276,47.492316667,0,1,13,80,5,25,4,0,0,1,5,8,1,1,2,1,1,2,1,53,0,54,44,2016,0,0.0,8,,,,,,1,1,73,2,0.0,,0,0,3,0,11,0,,,,,0.0,0.0,3.0,3.0,1,38,0.0,0.0,0.0,96,,,,,,98,,,,,,98125.0,53,63.0,127.0,6.0,1.0,0.0,0.0,0.0,0.0,,46,,,,,,0,,,20,0,0,0,8.0,9,8,,,0,0.0,0.0,8,8,8.0,95.0,,,96.0,,,8,95,995.0,,,,,,,,,,,,,,,,,,,,,,,,,,,,,,0,0,0,1,0,0,0,0,0,1,1,0,0,0,0,0,0,0,1,0,0,0,0,1,1,1,1,0,0,1,0,1,0,0,0,,0,0,0,0,0,0,0,0,0,0,1,0,0,0,0,0,,,,,,71-75,66-75,City street,U,Wednesday,Belt Used,PV,Not Fatal,1,0,0,0,City Street,Municipal/City Police,Tukwila Police Department,0,0,0,1,0,,,,,,0.0,0.0,0.0,,,,,,,,,,,98.0,98.0,98.0,0.0,,,,,20.0,7.0,,,,,,,,,,,,,,,,98178
2304,2019,472,E992886,297.0,12/11/2019,18:35,11,12,,33,King,2310,2,0.0,3,6,2,1,1,3,2,,,,8,0,0,0.0,3,0,2,7,2,4,6,0,0,0,0,S 124TH ST,46TH AVE S,-122.276,47.492316667,0,2,98,98,7,25,34,0,0,1,5,8,1,1,2,1,1,1,1,53,0,12,481,2016,0,0.0,8,,,,,,1,1,24,1,0.0,,0,0,3,0,11,0,,,,,0.0,0.0,0.0,3.0,1,0,0.0,0.0,0.0,96,,,,,,98,,,,,,98405.0,53,68.0,195.0,6.0,1.0,0.0,0.0,2.0,0.0,,0,,,,,,0,11/15/2016,08/15/2018,20,0,0,0,8.0,9,8,,,0,0.0,0.0,8,8,8.0,95.0,,,96.0,,,8,95,995.0,,,,,,,,,,,,,,,,,,,,,,,,,,,,,,0,0,0,1,0,0,0,0,0,1,1,0,0,0,0,0,0,0,1,0,0,0,0,1,1,1,1,0,0,1,0,1,0,0,0,,0,0,0,0,0,0,0,0,0,0,0,0,0,0,0,0,,,,,,21-25,16-25,City street,U,Wednesday,Belt Used,PV,Not Fatal,1,0,0,0,City Street,Municipal/City Police,Tukwila Police Department,0,0,0,1,0,,,,,,0.0,0.0,0.0,,,,,,,,,,,98.0,98.0,98.0,0.0,,,,,20.0,7.0,,,,,,,,,,,,,,,,98178
2305,2019,473,EA01593,2.0,12/22/2019,2:31,22,12,,61,Snohomish,1407,1,0.0,3,1,2,1,0,5,2,,,,25,0,0,178.7,1,0,1,1,2,1,1,0,0,0,0,I-5,,-122.3160861,47.791636111,0,1,6,6,1,60,3,0,0,1,2,21,2,1,4,3,14,2,1,53,0,35,48,2009,0,0.0,64,25.0,21.0,12.0,2.0,,1,1,28,1,7.0,,4,7,99,7,11,0,12/22/2019,2:37,140753058063.0,58063.0,0.0,0.0,0.0,3.0,1,0,0.0,0.0,0.0,96,,,,,,99,,,,,,98012.0,53,66.0,120.0,6.0,1.0,0.0,3.0,3.0,4.0,,0,,,,,,3,10/15/2015,12/15/2019,99,0,0,0,0.0,9,8,,,0,0.0,0.0,8,8,2.0,695.0,605.0,,1.0,1.0,,2,1,0.091,,,,,,,,,,,,,,,,,,,,,,,,,,,,,,0,0,1,0,1,1,1,1,1,0,0,0,1,0,0,0,0,0,0,0,0,0,0,0,0,0,0,0,0,1,0,0,0,0,0,,1,0,0,0,0,1,1,1,0,1,0,0,0,0,0,1,,,,,,26-30,26-35,Interstate,U,Sunday,Unknown,PV,White,0,1,0,0,State Route,State Patrol,Washington State Patrol,1,1,0,0,0,thc,50.0,carboxy-thc,210.0,,0.0,0.0,0.0,,,,,,,,,,,98.0,98.0,98.0,1.0,,,,,20.0,7.0,,,,,,,nms,,,,,,,,,98043
2306,2019,473,EA01593,2.0,12/22/2019,2:31,22,12,,61,Snohomish,1407,1,0.0,3,1,2,1,0,5,2,,,,25,0,0,178.7,1,0,1,1,2,1,1,0,0,0,0,I-5,,-122.3160861,47.791636111,0,2,98,60,4,60,4,0,0,1,5,12,2,1,4,3,14,3,1,53,0,37,32,2008,0,0.0,12,,,,,,1,1,35,1,0.0,,0,0,3,0,11,0,,,,,0.0,0.0,0.0,3.0,1,0,0.0,0.0,0.0,0,,,,,,99,,,,,,99163.0,53,70.0,168.0,6.0,1.0,0.0,3.0,0.0,1.0,,0,,,,,,0,12/15/2015,09/15/2019,20,0,0,0,8.0,9,8,,,0,0.0,0.0,8,8,8.0,95.0,,,96.0,,,8,95,995.0,,,,,,,,,,,,,,,,,,,,,,,,,,,,,,0,0,1,0,1,1,1,1,1,0,0,0,1,0,0,0,0,0,0,0,0,0,0,0,0,0,0,0,0,1,0,0,0,0,0,,0,0,0,0,0,0,0,0,0,0,0,0,0,0,0,0,,,,,,31-35,26-35,Interstate,U,Sunday,Belt Used,PV,Not Fatal,0,1,0,0,State Route,State Patrol,Washington State Patrol,1,1,0,0,0,,,,,,0.0,0.0,2.0,,,,,,,,,,,98.0,98.0,98.0,0.0,,,,,20.0,7.0,,,,,,,,,,,,,,,,98043
2307,2019,474,EA01917,339.0,12/19/2019,16:44,19,12,,63,Spokane,2113,2,0.0,3,2,2,1,1,1,1,,,,8,0,0,0.0,1,0,1,7,2,4,6,0,0,0,0,E SPRAGUE AVE,,-117.2442778,47.657119444,0,1,13,80,5,35,15,0,0,1,7,8,1,1,7,5,1,1,1,53,0,41,421,2013,0,0.0,8,,,,,,1,1,21,8,0.0,,0,0,3,0,11,0,,,,,0.0,0.0,0.0,3.0,1,0,0.0,0.0,0.0,96,,,,,,0,,,,,,99037.0,53,70.0,165.0,6.0,1.0,0.0,0.0,1.0,0.0,,0,,,,,,0,04/15/2015,04/15/2015,20,0,0,0,8.0,9,8,,,0,0.0,0.0,8,8,8.0,95.0,,,96.0,,,8,95,995.0,,,,,,,,,,,,,,,,,,,,,,,,,,,,,,0,0,0,0,0,0,0,0,0,0,0,0,0,0,0,0,0,0,0,0,0,0,0,1,1,0,0,0,0,1,0,1,0,0,0,,0,0,0,0,0,0,0,0,0,0,0,0,0,0,0,0,,,,,,21-25,16-25,City street,U,Thursday,Belt Used,PV,Not Fatal,0,0,0,0,City Street,Municipal/City Police,Spokane Valley Police Department,0,0,0,1,0,,,,,,0.0,0.0,0.0,,,,,,,,,,,98.0,98.0,98.0,0.0,,,,,20.0,7.0,,,,,,,,,,,,,,,,99016
2308,2019,475,E982845,1.0,11/11/2019,18:04,11,11,,77,Yakima,0,1,0.0,2,1,2,1,0,1,1,,,,1,0,0,39.8,1,0,1,1,2,1,1,0,0,0,0,I-82,,-120.4574806,46.518344444,0,1,6,12,2,70,80,0,0,1,7,1,2,1,2,2,14,1,9,91,0,98,706,2001,0,0.0,64,1.0,,,,,1,1,53,1,7.0,,4,0,20,7,11,8,11/19/2019,6:57,259053051693.0,51693.0,5.0,0.0,0.0,2.0,1,0,0.0,0.0,0.0,96,,,,,,99,,,,,,98421.0,53,70.0,238.0,1.0,1.0,0.0,0.0,0.0,0.0,,71,,,,,,0,,,20,8,0,0,0.0,9,8,,,0,0.0,0.0,8,9,8.0,95.0,,,96.0,,,8,95,995.0,,,,,,,,,,,,,,,,,,,,,,,,,,,,,,0,0,1,0,0,0,0,0,0,0,0,0,0,1,1,0,0,0,0,0,0,0,0,0,0,0,0,0,1,0,0,0,0,0,1,0.0,0,0,0,0,0,0,0,0,0,0,0,1,0,0,0,0,,,,,,51-55,46-55,Interstate,U,Monday,,MC,White,0,1,0,0,State Route,State Patrol,Washington State Patrol,1,1,0,0,0,,,,,,0.0,0.0,0.0,,,,,,,,,,,0.0,0.0,0.0,1.0,,,,,5.0,0.0,,,,,,,,,,,,,,,,98939
2309,2019,476,E985989,25.0,11/22/2019,23:16,22,11,,33,King,0,5,0.0,2,2,2,1,0,2,1,,,,34,0,0,8.0,1,0,1,5,2,2,4,0,0,0,0,CR-KENT BLACK DIAMOND R,,-122.1376028,47.345908333,0,1,6,12,2,40,15,0,0,1,5,34,3,1,2,1,14,2,1,53,0,23,421,2000,0,0.0,68,64.0,34.0,,,,1,1,16,1,0.0,,0,0,3,0,11,0,,,,,0.0,0.0,0.0,3.0,1,0,0.0,0.0,0.0,0,,,,,,2,,,,,,98042.0,53,75.0,175.0,6.0,2.0,0.0,0.0,0.0,0.0,,0,,,,,,0,,,20,0,0,0,8.0,9,8,,,0,0.0,0.0,8,0,8.0,95.0,,,96.0,,,8,95,995.0,,,,,,,,,,,,,,,,,,,,,,,,,,,,,,0,0,1,0,0,0,0,0,0,0,0,0,0,0,0,1,0,0,0,0,1,0,1,0,1,0,0,0,0,1,0,0,0,0,0,,0,0,0,0,0,0,0,0,0,0,0,0,0,0,0,0,,,,,,16-17,16-25,County road,U,Friday,Belt Used,PV,Not Fatal,0,1,0,0,County Road,County Sheriff,King County Police,1,0,1,0,0,,,,,,0.0,0.0,0.0,,,,,,,,,,,98.0,98.0,98.0,0.0,,,,,20.0,7.0,,,,,,,,,,,,,,,,98042
2310,2019,477,E986976,339.0,11/24/2019,1:50,24,11,,63,Spokane,2113,1,0.0,3,1,2,1,0,3,2,,,,14,0,0,0.0,3,0,4,7,2,4,6,0,0,0,0,S BALFOUR BLVD,CHINOOK RD,-117.265525,47.641513889,0,1,11,5,1,98,4,0,0,1,5,14,8,8,2,1,10,3,2,53,0,41,49,2005,0,0.0,68,64.0,14.0,,,,1,1,41,1,0.0,,9,0,99,7,11,0,,,,,0.0,0.0,0.0,0.0,1,0,0.0,0.0,0.0,93,,,,,,99,,,,,,99206.0,53,72.0,200.0,0.0,0.0,0.0,0.0,0.0,1.0,,97,,,,,,0,07/15/2016,07/15/2016,99,0,0,0,8.0,9,8,,,0,0.0,0.0,8,9,8.0,95.0,,,96.0,,,8,95,995.0,,,,,,,,,,,,,,,,,,,,,,,,,,,,,,0,0,0,1,0,0,0,0,0,0,0,0,0,1,0,0,1,0,0,0,0,0,0,0,0,0,0,0,0,1,1,0,0,0,0,,0,0,0,0,0,0,0,0,1,0,0,1,0,0,0,0,,,,,,41-45,36-45,City street,U,Sunday,Unknown,PV,Not Fatal,0,1,0,0,City Street,Municipal/City Police,Spokane Valley Police Department,1,0,0,1,0,,,,,,0.0,0.0,0.0,,,,,,,,,,,98.0,98.0,98.0,0.0,,,,,20.0,7.0,,,,,,,,,,,,,,,,99206
2311,2019,478,3754063,263.0,11/29/2019,13:04,29,11,,33,King,1960,1,0.0,1,1,2,2,4,1,1,,,,31,1,0,28.5,1,0,1,2,2,1,3,0,0,0,0,SR-99,,-122.3472361,47.654155556,0,1,1,13,2,30,4,0,0,1,7,8,1,1,3,3,6,1,3,53,0,35,43,2019,0,0.0,63,31.0,30.0,1.0,8.0,8.0,1,1,23,2,0.0,,0,0,99,7,11,0,,,,,0.0,0.0,3.0,3.0,1,33,0.0,0.0,0.0,96,,,,,,99,,,,,,98036.0,53,64.0,130.0,6.0,1.0,0.0,0.0,0.0,0.0,,97,,,,,,3,,,8,0,0,0,8.0,9,8,,,0,0.0,0.0,8,9,2.0,695.0,605.0,,1.0,1.0,,2,1,0.0,,,,,,,,,,,,,,,,,,,,,,,,,,,,,,0,0,1,0,0,0,1,1,1,0,0,0,1,0,0,0,0,0,0,0,0,0,0,1,1,0,0,0,0,1,0,1,0,0,0,,0,0,0,0,0,0,1,1,0,1,0,0,0,0,1,0,,,,,,21-25,16-25,State route,U,Friday,Unknown,PV,Not Fatal,0,1,0,0,State Route,Municipal/City Police,Seattle Police Department,1,1,0,0,0,thc,1.9,carboxy-thc,13.0,,0.0,0.0,0.0,,,,,,,,,,,98.0,98.0,98.0,0.0,,,,,20.0,7.0,,,,,,,,,,,,,,,,98103
2312,2019,479,3824332,263.0,11/27/2019,18:59,27,11,,33,King,1960,1,0.0,3,1,1,1,1,2,1,,,,8,0,0,0.0,1,0,1,7,2,4,6,0,0,0,0,42ND AVE SW,,-122.3854917,47.559988889,0,1,13,80,5,30,34,0,0,1,5,8,1,1,2,1,1,2,2,53,0,49,472,2003,0,0.0,8,,,,,,1,1,77,2,0.0,,0,0,1,0,11,0,,,,,0.0,0.0,3.0,3.0,1,0,0.0,0.0,0.0,0,,,,,,0,,,,,,98116.0,53,65.0,160.0,6.0,1.0,0.0,0.0,0.0,0.0,,0,,,,,,0,,,20,0,0,0,8.0,9,8,,,0,0.0,0.0,8,0,8.0,95.0,,,96.0,,,8,95,995.0,,,,,,,,,,,,,,,,,,,,,,,,,,,,,,0,0,0,0,0,0,0,0,0,1,0,1,0,0,0,0,0,0,0,0,0,0,0,0,0,1,1,1,0,1,0,1,0,0,0,,0,0,0,0,0,0,0,0,0,0,0,0,0,0,0,0,,,,,,76-80,76+,City street,U,Wednesday,Belt Used,PV,Not Fatal,0,0,0,0,City Street,Municipal/City Police,Seattle Police Department,0,0,0,1,0,,,,,,0.0,0.0,0.0,,,,,,,,,,,98.0,98.0,98.0,0.0,,,,,20.0,7.0,,,,,,,,,,,,,,,,98116
2313,2019,480,3736820,263.0,12/06/2019,14:22,6,12,,33,King,1960,10,0.0,1,1,1,1,0,1,1,,,,33,0,0,0.0,1,0,1,7,2,4,6,0,0,0,0,SEAVIEW AVE NW,,-122.4063111,47.672638889,0,1,1,13,2,30,80,0,0,1,2,30,3,1,2,1,14,1,2,53,0,72,706,2014,0,0.0,63,33.0,30.0,31.0,,,1,1,29,1,7.0,,4,7,20,7,11,0,12/06/2019,14:22,196053054014.0,54014.0,0.0,0.0,0.0,2.0,1,0,0.0,0.0,0.0,96,,,,,,99,,,,,,3869.0,33,67.0,210.0,6.0,1.0,0.0,0.0,0.0,0.0,,0,,,,,,3,,,20,8,0,0,0.0,9,8,,,0,0.0,0.0,8,9,2.0,1.0,,,1.0,,,2,1,0.24,,,,,,,,,,,,,,,,,,,,,,,,,,,,,,0,0,1,0,1,1,0,1,0,0,0,0,1,0,1,0,0,0,0,0,0,0,0,0,0,0,0,0,1,0,0,0,0,0,1,1.0,0,0,0,0,0,1,0,1,0,1,0,0,0,1,0,1,,,,,,26-30,26-35,City street,U,Friday,,MC,White,0,1,0,0,City Street,Municipal/City Police,Seattle Police Department,1,0,0,1,0,,,,,,0.0,0.0,0.0,,,,,,,,,,,0.0,0.0,0.0,1.0,,,,,17.0,7.0,,,,,,,,,,,,,,,,98107
2314,2019,482,E994300,21.0,12/06/2019,16:03,6,12,,25,Grant,0,1,0.0,5,1,2,1,0,4,2,,,,12,0,2,0.7,1,0,1,5,1,2,4,0,0,0,0,CR-ROAD 7 NE,,-119.262925,47.189647222,0,1,50,10,2,55,4,0,0,1,7,12,1,1,2,1,1,1,1,53,0,7,26,2013,0,0.0,68,12.0,,,,,1,1,75,1,7.0,,4,0,3,0,11,8,12/06/2019,17:38,139053054021.0,54021.0,0.0,0.0,0.0,3.0,1,28,0.0,0.0,0.0,0,,,,,,1,,,,,,98837.0,53,66.0,280.0,6.0,1.0,0.0,0.0,0.0,0.0,,0,,,,,,0,,,8,0,0,0,0.0,9,8,,,0,0.0,0.0,8,0,8.0,95.0,,,96.0,,,8,95,995.0,,,,,,,,,,,,,,,,,,,,,,,,,,,,,,0,0,0,0,0,0,0,0,0,0,0,0,0,0,0,0,1,0,0,0,1,0,1,0,1,1,1,1,0,1,0,0,0,0,0,,1,0,0,0,0,0,0,0,0,0,0,0,0,0,0,0,,,,,,71-75,66-75,County road,R,Friday,Belt Used,PV,White,0,1,1,0,County Road,County Sheriff,Grant County Sheriff's Office,0,0,1,0,0,,,,,,0.0,0.0,0.0,,,,,,,,,,,98.0,98.0,98.0,1.0,,,,,20.0,7.0,,,,,,,,,,,,,,,,98837
2315,2019,482,E994300,21.0,12/06/2019,16:03,6,12,,25,Grant,0,1,0.0,5,1,2,1,0,4,2,,,,12,0,2,0.7,1,0,1,5,1,2,4,0,0,0,0,CR-ROAD 7 NE,,-119.262925,47.189647222,0,2,51,62,4,55,34,0,0,1,7,12,1,1,2,1,1,3,2,53,0,12,481,2008,0,0.0,12,,,,,,1,1,16,2,0.0,,2,0,3,0,11,4,,,,,0.0,0.0,1.0,3.0,1,0,0.0,0.0,0.0,3,6.0,,,,,0,,,,,,98837.0,53,64.0,175.0,6.0,2.0,0.0,0.0,0.0,0.0,,0,,,,,,0,,,1,0,0,0,8.0,9,8,,,0,0.0,0.0,8,0,8.0,95.0,,,96.0,,,8,95,995.0,,,,,,,,,,,,,,,,,,,,,,,,,,,,,,0,0,0,0,0,0,0,0,0,0,0,0,0,0,0,0,1,0,0,0,1,0,1,0,1,1,1,1,0,1,0,0,0,0,0,,0,0,0,0,0,0,0,0,1,0,0,0,0,0,0,0,,,,,,16-17,16-25,County road,R,Friday,Belt Used,PV,Not Fatal,0,1,1,0,County Road,County Sheriff,Grant County Sheriff's Office,0,0,1,0,0,,,,,,0.0,0.0,0.0,,,,,,,,,,,98.0,98.0,98.0,0.0,,,,,20.0,7.0,,,,,,,,,,,,,,,,98837
2316,2019,483,E994426,1.0,12/15/2019,16:46,15,12,,77,Yakima,0,10,0.0,2,2,1,1,1,1,1,,,,8,1,0,47.9,1,0,1,1,1,1,1,0,0,0,0,I-82,,-120.3451694,46.436363889,0,1,13,11,2,70,14,0,0,1,5,8,1,1,2,3,1,99,2,53,0,49,402,2008,0,0.0,63,8.0,,,,,1,1,35,1,0.0,,0,0,3,0,11,0,,,,,0.0,0.0,3.0,2.0,1,0,0.0,0.0,0.0,92,,,,,,99,,,,,,98948.0,53,72.0,180.0,1.0,1.0,0.0,0.0,0.0,0.0,,7,,,,,,0,09/15/2015,09/15/2015,20,0,0,0,8.0,9,8,,,0,0.0,0.0,8,9,0.0,0.0,,,0.0,,,0,0,996.0,,,,,,,,,,,,,,,,,,,,,,,,,,,,,,0,0,0,0,0,0,0,0,0,0,0,0,0,1,0,0,1,0,0,0,0,0,0,0,0,0,0,0,0,1,0,1,0,0,0,,0,0,0,0,0,0,0,0,1,0,0,1,0,0,0,0,,,,,,31-35,26-35,Interstate,R,Sunday,Belt Used,PV,Not Fatal,0,0,0,0,State Route,State Patrol,Washington State Patrol,0,1,0,0,0,,,,,,0.0,0.0,1.0,,,,,,,,,,,98.0,98.0,98.0,0.0,,,,,20.0,7.0,,,,,,,,,,,,,,,,98953