,year,case,par,repjur,crash_dt,crash_tm,accday,accmon,holiday,county,co_char,city,weather,weather2,lightcond,surfcond,surftype,numfatal,nmforms,pforms,vforms,not_tm,arr_tm,hosp_tm,fhevent,hitrun,manncol,milepnt,reljunc,reljuncinter,intersectiontype,funcsystem,landuse,ownership,route,schlbus,spejur,contdev,devfunc,trafid1,trafid2,x,y,wk_zone,vnumber,crashtype,criticalevent,criticaleventcat,spdlim,body,trailer,emerg,hazcargo,leave,mhevent,roadalgn,roadprof,traflane,trafflow,vehmanvr,numoccs,regowner,regstate,spuse,make,model,modelyr,vrf1,vrf2,seqevent1,seqevent2,seqevent3,seqevent4,seqevent5,seqevent6,pnumber,ptype,age,sex,hispanic,race,injury,diedscene,restraint,restraintmisuse,seatpos,takehosp,death_dt,death_tm,cert,cernum_wa,commlic,licendor,licrestrict,liccomp,drivpres,drf1,drf2,drf3,drf4,distract1,distract2,distract3,distract4,distract5,distract6,dricond1,dricond2,dricond3,dricond4,dricond5,dricond6,dzip,licstate,drhgt_in,weight,noncdl,noncdltype,prevdwi,prevoth,prevacc,prevspd,prevsus,driviol1,driviol2,driviol3,driviol4,driviol5,driviol6,spdrel,first_dt,last_dt,airbag,ejection,ejectpath,extricat,injurwrk,methalc,methdrug,nmlocat,strikveh,prf1,prf2,prf3,druginv,alcinvol,drugsts,drugres1,drugres2,drugres3,drugtst1,drugtst2,drugtst3,alcsts,alctst,alcres,nmact1,nmact2,nmact3,nmact4,nmact5,nmact6,nmprior1,nmprior2,nmprior3,nmprior4,nmprior5,nmprior6,nmcond1,nmcond2,nmcond3,nmcond4,nmcond5,nmcond6,nmsafe_helmet,nmsafe_pads,nmsafe_oth,nmprev_ref,nmprev_lgt,nmprev_oth,crashlocation,nmcrashtype,crosswalk,schoolzone,sidewalk,train_inv,wildlife_inv,rotr_fars,intersect_fars,dd_inv,aid_inv,dpd_inv,id_inv,mj_inv,impnm_inv,ainm_inv,dpnm_inv,speed_inv,unlic_inv,unendmc_inv,drowsy_inv,drdist_inv,nmdist_inv,fty_inv,unrestfat_inv,dr1617_inv,dr1820_inv,dr1620_inv,dr2125_inv,dr1625_inv,dr65_inv,dr70_inv,dr75_inv,mc_inv,pv_inv,ht_inv,ped_inv,bike_inv,unrest_fat,mc_fat,unhelmet_mc,pv_fat,ht_fat,ped_fat,bike_fat,dr_alc7,dr_alc8,dr_drug,dr_imp,dr_dist,dr_spd,dr_fty,dr_unlic,dr_alc7only,dr_alc8only,dr_drugonly,dr_drink,nm_imp,nm_alc7,nm_alc8,nm_drug,nm_dist,agegrp1,agegrp2,roadclass,urbrur,dayweek,restuse,vehtype,race_me,intersect,lanedep,oppdir,wrongway,rep_typ,investag,repag_long,rotr,st_rd,cty_rd,city_rd,oth_rd,drug_thc,thc_res,drug_cthc,cthc_res,drug_cann,prevpersemin,prevperse,prevsusoth,drugtst4,drugtst5,drugtst6,drugtst7,drugtst8,drugres4,drugres5,drugres6,drugres7,drugres8,adspresent,adsengaged,adslevel,race1,race2,race3,race4,race5,helmet,helmetmisuse,nmdistract1,nmdistract2,nmdistract3,nmdistract4,nmdistract5,nmdistract6,lab,isedtcase,crf1,crf2,crf3,CoRoadName,CoMP,IntCoRoadName,IntCoMP,zipcode
2317,2019,484,E995595,7.0,12/18/2019,12:03,18,12,,33,King,980,10,0.0,1,1,2,1,0,4,3,,,,12,0,1,12.1,1,0,1,1,2,1,1,0,0,0,0,I-90,,-122.0940472,47.562133333,0,1,24,51,3,60,20,0,0,1,7,12,1,1,4,3,1,1,1,53,0,37,441,2008,0,0.0,12,12.0,,,,,1,1,62,1,7.0,,4,7,20,7,11,0,12/18/2019,12:03,98053056898.0,56898.0,0.0,0.0,3.0,3.0,1,0,0.0,0.0,0.0,96,,,,,,99,,,,,,98118.0,53,73.0,215.0,6.0,1.0,0.0,0.0,0.0,0.0,,0,,,,,,3,,,1,0,0,0,0.0,9,8,,,0,0.0,0.0,1,9,2.0,1.0,,,1.0,,,2,1,0.0,,,,,,,,,,,,,,,,,,,,,,,,,,,,,,0,0,0,0,0,0,0,0,0,0,0,0,1,0,0,0,0,0,0,1,0,0,0,0,0,0,0,0,0,1,1,0,0,1,0,,1,0,0,0,0,0,0,0,0,1,0,0,0,0,0,0,,,,,,61-65,56-65,Interstate,U,Wednesday,Not Used,PV,White,0,0,0,0,State Route,State Patrol,Washington State Patrol,0,1,0,0,0,,,,,,0.0,0.0,0.0,,,,,,,,,,,98.0,98.0,98.0,1.0,,,,,20.0,7.0,,,,,,,,,,,,,,,,99007
2318,2019,484,E995595,7.0,12/18/2019,12:03,18,12,,33,King,980,10,0.0,1,1,2,1,0,4,3,,,,12,0,1,12.1,1,0,1,1,2,1,1,0,0,0,0,I-90,,-122.0940472,47.562133333,0,2,25,53,3,60,63,0,0,1,7,12,1,1,4,3,1,2,3,53,0,85,881,2012,0,0.0,12,,,,,,1,1,29,1,0.0,,0,0,3,0,11,0,,,,,6.0,1.0,3.0,3.0,1,0,0.0,0.0,0.0,96,,,,,,0,,,,,,98040.0,53,69.0,180.0,6.0,1.0,0.0,0.0,0.0,0.0,,0,,,,,,0,,,20,0,0,0,8.0,9,8,,,0,0.0,0.0,8,0,8.0,95.0,,,96.0,,,8,95,995.0,,,,,,,,,,,,,,,,,,,,,,,,,,,,,,0,0,0,0,0,0,0,0,0,0,0,0,1,0,0,0,0,0,0,1,0,0,0,0,0,0,0,0,0,1,1,0,0,0,0,,0,0,0,0,0,0,0,0,0,0,0,0,0,0,0,0,,,,,,26-30,26-35,Interstate,U,Wednesday,,MHTRUCK,Not Fatal,0,0,0,0,State Route,State Patrol,Washington State Patrol,0,1,0,0,0,,,,,,0.0,0.0,0.0,,,,,,,,,,,98.0,98.0,98.0,0.0,,,,,20.0,7.0,,,,,,,,,,,,,,,,99007
2319,2019,484,E995595,7.0,12/18/2019,12:03,18,12,,33,King,980,10,0.0,1,1,2,1,0,4,3,,,,12,0,1,12.1,1,0,1,1,2,1,1,0,0,0,0,I-90,,-122.0940472,47.562133333,0,3,98,98,7,60,66,1,0,1,5,12,1,1,4,3,1,1,3,53,0,85,881,2020,0,0.0,12,,,,,,1,1,48,1,0.0,,0,0,3,0,11,0,,,,,6.0,1.0,3.0,3.0,1,0,0.0,0.0,0.0,96,,,,,,0,,,,,,98580.0,53,73.0,175.0,6.0,1.0,0.0,1.0,2.0,0.0,,0,,,,,,0,05/15/2018,06/15/2018,20,0,0,0,8.0,9,8,,,0,0.0,0.0,8,0,8.0,95.0,,,96.0,,,8,95,995.0,,,,,,,,,,,,,,,,,,,,,,,,,,,,,,0,0,0,0,0,0,0,0,0,0,0,0,1,0,0,0,0,0,0,1,0,0,0,0,0,0,0,0,0,1,1,0,0,0,0,,0,0,0,0,0,0,0,0,0,0,0,0,0,0,0,0,,,,,,46-50,46-55,Interstate,U,Wednesday,,MHTRUCK,Not Fatal,0,0,0,0,State Route,State Patrol,Washington State Patrol,0,1,0,0,0,,,,,,0.0,0.0,0.0,,,,,,,,,,,98.0,98.0,98.0,0.0,,,,,20.0,7.0,,,,,,,,,,,,,,,,99007
2320,2019,485,E995911,248.0,12/12/2019,20:09,12,12,,33,King,1960,10,0.0,3,2,2,1,1,1,1,,,,8,0,0,0.0,2,0,3,7,2,4,6,0,0,0,0,7TH AVE,SENECA ST,-122.2260722,47.473733333,0,1,13,80,5,30,6,0,0,1,7,8,1,1,4,1,1,1,1,53,0,49,47,2007,0,0.0,8,18.0,,,,,1,1,45,2,0.0,,0,0,3,0,11,0,,,,,0.0,0.0,3.0,3.0,1,10,0.0,0.0,0.0,93,,,,,,0,,,,,,98055.0,53,62.0,120.0,6.0,1.0,0.0,0.0,0.0,0.0,,0,,,,,,0,,,20,0,0,0,8.0,9,8,,,0,0.0,0.0,8,0,8.0,95.0,,,96.0,,,8,95,995.0,,,,,,,,,,,,,,,,,,,,,,,,,,,,,,0,0,0,1,0,0,0,0,0,1,0,1,0,0,0,0,1,0,0,0,0,0,0,0,0,0,0,0,0,1,0,1,0,0,0,,0,0,0,0,0,0,0,0,1,0,0,0,0,0,0,0,,,,,,41-45,36-45,City street,U,Thursday,Belt Used,PV,Not Fatal,1,0,0,0,City Street,Municipal/City Police,Renton Police Department,0,0,0,1,0,,,,,,0.0,0.0,0.0,,,,,,,,,,,98.0,98.0,98.0,0.0,,,,,20.0,7.0,,,,,,,,,,,,,,,,98057
2321,2019,486,E996301,3.0,12/21/2019,3:16,21,12,,53,Pierce,0,2,0.0,3,2,2,1,0,1,1,,,,38,0,0,5.5,1,0,1,4,2,2,4,0,0,0,0,CR-112TH ST E,,-122.4115139,47.155113889,0,1,1,13,2,35,15,0,0,1,7,2,1,2,5,5,1,1,3,53,5,20,421,2012,0,0.0,63,38.0,18.0,19.0,2.0,,1,1,25,1,7.0,,4,7,3,0,11,0,12/21/2019,3:16,53056336.0,56336.0,0.0,0.0,0.0,3.0,1,16,0.0,0.0,0.0,96,,,,,,0,,,,,,98409.0,53,73.0,185.0,6.0,1.0,0.0,0.0,0.0,0.0,,0,,,,,,4,,,8,0,0,0,1.0,9,8,,,0,0.0,0.0,8,0,2.0,1.0,,,1.0,,,2,1,0.0,,,,,,,,,,,,,,,,,,,,,,,,,,,,,,0,0,1,0,0,0,0,0,0,0,0,0,1,0,0,0,0,0,0,0,0,0,0,1,1,0,0,0,0,1,0,0,0,0,0,,1,0,0,0,0,0,0,0,0,1,0,0,0,0,0,0,,,,,,21-25,16-25,County road,U,Saturday,Belt Used,PV,White,0,1,0,0,County Road,State Patrol,Washington State Patrol,1,0,1,0,0,,,,,,0.0,0.0,0.0,,,,,,,,,,,98.0,98.0,98.0,1.0,,,,,20.0,7.0,,,,,,,,,,,,,,,,98445
2322,2019,487,3658285,344.0,12/26/2019,1:39,26,12,,77,Yakima,0,1,0.0,2,1,2,1,1,1,1,,,,8,1,0,11.5,1,0,1,5,1,2,4,0,3,0,0,CR-BRANCH RD,,-120.6176694,46.404561111,0,1,13,80,5,50,49,0,0,1,5,8,1,1,2,1,1,99,9,99,0,99,999,9999,0,0.0,8,,,,,,1,1,999,9,0.0,,9,0,99,7,11,0,,,,,99.0,9.0,9.0,9.0,1,0,0.0,0.0,0.0,92,,,,,,99,,,,,,99999.0,99,,999.0,9.0,9.0,99.0,99.0,99.0,99.0,,97,,,,,,0,,,20,0,0,0,8.0,9,8,,,0,0.0,0.0,8,9,8.0,95.0,,,96.0,,,8,95,995.0,,,,,,,,,,,,,,,,,,,,,,,,,,,,,,0,0,0,0,0,0,0,0,0,1,1,1,0,0,0,0,1,0,0,0,0,0,0,0,0,0,0,0,0,1,0,1,0,0,0,,0,0,0,0,0,0,0,0,1,0,0,0,0,0,0,0,,,,,,,,County road,R,Thursday,Unknown,PV,Not Fatal,0,0,0,0,County Road,Other Law Enforcement,Yakama Tribal Police Department,0,0,1,0,0,,,,,,99.0,99.0,99.0,,,,,,,,,,,98.0,98.0,98.0,0.0,,,,,20.0,7.0,,,,,,,,,,,,,,,,98933
2323,2019,488,E927755,39.0,06/03/2019,10:00,3,6,,61,Snohomish,0,1,0.0,1,1,2,1,0,2,2,,,,12,0,7,0.0,2,1,2,1,2,1,1,0,0,3,3,I-5 RAMP LX19911,MARINE DR,-122.1855278,48.051855556,0,1,98,11,2,98,20,0,0,1,7,12,3,1,2,6,11,1,3,53,0,20,445,2015,0,0.0,12,63.0,24.0,,,,1,1,57,1,7.0,,4,0,3,0,11,4,06/03/2019,11:09,69053025274.0,25274.0,0.0,0.0,0.0,3.0,1,0,0.0,0.0,0.0,0,,,,,,1,,,,,,98087.0,53,72.0,220.0,6.0,1.0,0.0,0.0,1.0,0.0,,0,,,,,,0,04/15/2016,04/15/2016,20,0,0,0,0.0,9,8,,,0,0.0,0.0,8,0,2.0,695.0,605.0,,1.0,1.0,,2,1,0.0,,,,,,,,,,,,,,,,,,,,,,,,,,,,,,0,0,0,1,0,0,1,1,1,0,0,0,0,0,0,0,0,0,0,0,0,0,0,0,0,0,0,0,0,1,0,0,0,0,0,,1,0,0,0,0,0,1,1,0,0,0,0,0,0,1,0,,,,,,56-60,56-65,Interstate,U,Monday,Belt Used,PV,White,1,0,0,0,State Route,County Sheriff,Snohomish County Sheriff's Office,0,1,0,0,0,thc,24.0,carboxy-thc,23.0,,0.0,0.0,0.0,,,,,,,,,,,98.0,98.0,98.0,1.0,,,,,20.0,7.0,,,,,,,,,,,,,,,,98270
2324,2019,488,E927755,39.0,06/03/2019,10:00,3,6,,61,Snohomish,0,1,0.0,1,1,2,1,0,2,2,,,,12,0,7,0.0,2,1,2,1,2,1,1,0,0,3,3,I-5 RAMP LX19911,MARINE DR,-122.1855278,48.051855556,0,2,98,60,4,98,4,0,0,1,5,12,3,1,2,6,11,1,1,53,0,49,32,2009,0,0.0,12,,,,,,1,1,31,2,0.0,,0,0,3,0,11,0,,,,,0.0,0.0,0.0,3.0,1,0,0.0,0.0,0.0,96,,,,,,0,,,,,,98270.0,53,65.0,180.0,6.0,1.0,0.0,0.0,0.0,0.0,,0,,,,,,0,,,20,0,0,0,8.0,9,8,,,0,0.0,0.0,8,0,8.0,95.0,,,96.0,,,8,95,995.0,,,,,,,,,,,,,,,,,,,,,,,,,,,,,,0,0,0,1,0,0,1,1,1,0,0,0,0,0,0,0,0,0,0,0,0,0,0,0,0,0,0,0,0,1,0,0,0,0,0,,0,0,0,0,0,0,0,0,0,0,0,0,0,0,0,0,,,,,,31-35,26-35,Interstate,U,Monday,Belt Used,PV,Not Fatal,1,0,0,0,State Route,County Sheriff,Snohomish County Sheriff's Office,0,1,0,0,0,,,,,,0.0,0.0,0.0,,,,,,,,,,,98.0,98.0,98.0,0.0,,,,,20.0,7.0,,,,,,,,,,,,,,,,98270
2325,2019,489,3806728,263.0,09/03/2019,17:43,3,9,,33,King,1960,1,0.0,1,1,1,1,1,1,1,,,,9,0,0,0.0,2,0,2,7,2,4,6,0,0,20,3,ALASKAN WAY VIA,S SPOKANE ST,-122.3393333,47.571413889,0,1,13,83,5,20,34,0,0,1,5,9,1,1,1,4,4,1,2,53,0,20,481,2009,0,0.0,9,,,,,,1,1,62,1,0.0,,0,0,3,0,11,0,,,,,0.0,0.0,0.0,3.0,1,10,0.0,0.0,0.0,96,,,,,,98,,,,,,98109.0,53,70.0,180.0,6.0,1.0,0.0,0.0,1.0,2.0,,0,,,,,,0,12/15/2014,08/15/2015,20,0,0,0,8.0,9,8,,,0,0.0,0.0,8,8,8.0,95.0,,,96.0,,,8,95,995.0,,,,,,,,,,,,,,,,,,,,,,,,,,,,,,0,0,0,1,0,0,0,0,0,0,0,0,0,0,0,0,0,0,0,0,0,0,0,0,0,0,0,0,0,1,0,0,1,0,0,,0,0,0,0,0,0,0,0,0,0,0,0,0,0,0,0,,,,,,61-65,56-65,City street,U,Tuesday,Belt Used,PV,Not Fatal,1,0,0,0,City Street,Municipal/City Police,Seattle Police Department,0,0,0,1,0,,,,,,0.0,0.0,1.0,,,,,,,,,,,98.0,98.0,98.0,0.0,,,,,20.0,7.0,,,,,,,,,,,,,,,,98134
2326,2019,490,E997525,242.0,12/25/2019,15:46,25,12,,53,Pierce,1770,1,0.0,1,1,2,1,0,3,2,,,,12,0,6,6.1,2,0,2,3,2,1,3,0,0,3,3,SR-167,2ND ST NE,-122.2937917,47.198741667,0,1,83,17,2,35,67,0,0,1,5,12,1,1,4,1,1,2,2,53,0,23,880,2017,0,0.0,12,,,,,,1,1,24,1,0.0,,0,0,3,0,11,0,,,,,0.0,0.0,0.0,3.0,1,38,0.0,0.0,0.0,96,,,,,,0,,,,,,98391.0,53,70.0,150.0,6.0,1.0,0.0,0.0,0.0,2.0,,39,,,,,,0,03/15/2015,11/15/2015,20,0,0,1,8.0,9,8,,,0,0.0,0.0,8,0,8.0,95.0,,,96.0,,,8,95,995.0,,,,,,,,,,,,,,,,,,,,,,,,,,,,,,0,0,0,1,0,0,1,1,0,0,0,0,0,0,0,0,0,0,1,0,0,0,0,1,1,1,1,1,0,1,1,0,0,0,0,,0,0,0,0,0,0,0,0,0,0,1,0,0,0,0,0,,,,,,21-25,16-25,State route,U,Wednesday,,MHTRUCK,Not Fatal,1,0,0,0,State Route,Municipal/City Police,Puyallup Police Department,0,1,0,0,0,,,,,,0.0,0.0,0.0,,,,,,,,,,,98.0,98.0,98.0,0.0,,,,,20.0,7.0,,,,,,,,,,,,,,,,98372
2327,2019,490,E997525,242.0,12/25/2019,15:46,25,12,,53,Pierce,1770,1,0.0,1,1,2,1,0,3,2,,,,12,0,6,6.1,2,0,2,3,2,1,3,0,0,3,3,SR-167,2ND ST NE,-122.2937917,47.198741667,0,2,82,66,4,35,4,0,0,1,7,12,1,1,4,1,11,1,1,53,0,55,33,2006,0,0.0,12,,,,,,1,1,90,2,7.0,,4,0,3,0,11,5,12/28/2019,20:41,223053057490.0,57490.0,0.0,0.0,3.0,3.0,1,0,0.0,0.0,0.0,96,,,,,,0,,,,,,98372.0,53,66.0,130.0,6.0,1.0,0.0,1.0,2.0,0.0,,0,,,,,,0,07/15/2015,06/15/2016,8,0,0,0,0.0,9,8,,,0,0.0,0.0,8,0,2.0,151.0,,,1.0,,,2,1,0.0,,,,,,,,,,,,,,,,,,,,,,,,,,,,,,0,0,0,1,0,0,1,1,0,0,0,0,0,0,0,0,0,0,1,0,0,0,0,1,1,1,1,1,0,1,1,0,0,0,0,,1,0,0,0,0,0,1,1,0,0,0,0,0,0,1,0,,,,,,81+,76+,State route,U,Wednesday,Belt Used,PV,White,1,0,0,0,State Route,Municipal/City Police,Puyallup Police Department,0,1,0,0,0,,,,,,0.0,0.0,0.0,,,,,,,,,,,98.0,98.0,98.0,1.0,,,,,20.0,7.0,,,,,,,,,,,,,,,,98372
2328,2019,491,E984535,39.0,11/10/2019,13:00,10,11,,61,Snohomish,0,1,0.0,1,1,2,1,0,1,1,,,,42,0,0,1.2,1,0,1,7,1,2,4,0,0,0,0,CR-ARLINGTON HEIGHTS RD,,-122.0951222,48.209894444,0,1,6,13,2,40,4,0,0,1,7,1,3,2,2,1,14,1,1,53,0,49,32,1988,0,0.0,63,69.0,68.0,64.0,42.0,1.0,1,1,50,1,7.0,,4,7,20,7,11,0,11/10/2019,13:00,53051294.0,51294.0,0.0,0.0,0.0,3.0,1,58,0.0,0.0,0.0,96,,,,,,99,,,,,,98223.0,53,64.0,155.0,6.0,1.0,0.0,0.0,1.0,1.0,,0,,,,,,0,04/15/2015,08/15/2015,20,0,0,0,0.0,9,8,,,0,0.0,0.0,8,9,2.0,1.0,,,1.0,,,2,1,0.23,,,,,,,,,,,,,,,,,,,,,,,,,,,,,,0,0,1,0,1,1,0,1,0,0,0,0,0,0,0,0,0,0,0,1,0,0,0,0,0,0,0,0,0,1,0,0,0,1,0,,1,0,0,0,0,1,0,1,0,0,0,0,0,1,0,1,,,,,,46-50,46-55,County road,R,Sunday,Not Used,PV,White,0,1,0,0,County Road,County Sheriff,Snohomish County Sheriff's Office,1,0,1,0,0,,,,,,0.0,0.0,0.0,,,,,,,,,,,0.0,0.0,0.0,1.0,,,,,20.0,7.0,,,,,,,,,,,,,,,,98223
2329,2019,492,EA06086,21.0,12/13/2019,9:03,13,12,,25,Grant,0,5,0.0,1,4,2,1,0,8,2,,,,12,0,1,16.7,1,0,1,5,1,2,4,1,0,0,0,CR-ROAD 5 NW,,-119.9115306,47.160166667,0,1,20,6,1,60,51,0,0,1,2,12,1,1,2,1,1,41,3,53,3,98,983,2005,0,0.0,12,,,,,,1,1,71,1,7.0,,4,7,3,0,11,0,12/13/2019,9:03,53055018.0,55018.0,6.0,1.0,3.0,3.0,1,0,0.0,0.0,0.0,96,,,,,,98,,,,,,99208.0,53,70.0,165.0,6.0,1.0,0.0,0.0,1.0,0.0,,0,,,,,,4,04/15/2015,04/15/2015,20,0,0,0,1.0,9,8,,,0,0.0,0.0,8,8,8.0,95.0,,,96.0,,,8,95,995.0,,,,,,,,,,,,,,,,,,,,,,,,,,,,,,0,0,0,0,0,0,0,0,0,0,0,0,1,0,0,0,0,0,0,0,0,0,0,0,0,1,1,0,0,0,0,0,0,0,0,,0,0,0,0,0,0,0,0,0,1,0,0,0,0,0,0,,,,,,71-75,66-75,County road,R,Friday,,BUS,White,0,0,0,0,County Road,County Sheriff,Grant County Sheriff's Office,0,0,1,0,0,,,,,,0.0,0.0,0.0,,,,,,,,,,,98.0,98.0,98.0,1.0,,,,,20.0,7.0,,,,,,,,,,,,,,,,98848
2330,2019,492,EA06086,21.0,12/13/2019,9:03,13,12,,25,Grant,0,5,0.0,1,4,2,1,0,8,2,,,,12,0,1,16.7,1,0,1,5,1,2,4,1,0,0,0,CR-ROAD 5 NW,,-119.9115306,47.160166667,0,2,21,53,3,60,50,0,0,1,2,12,1,1,2,1,5,27,3,53,2,84,981,2008,0,0.0,12,,,,,,1,1,56,2,0.0,,2,0,3,0,11,6,,,,,6.0,1.0,0.0,3.0,1,0,0.0,0.0,0.0,0,,,,,,0,,,,,,98823.0,53,61.0,165.0,6.0,1.0,0.0,0.0,0.0,0.0,,0,,,,,,0,,,20,0,0,0,8.0,9,8,,,0,0.0,0.0,8,8,8.0,95.0,,,96.0,,,8,95,995.0,,,,,,,,,,,,,,,,,,,,,,,,,,,,,,0,0,0,0,0,0,0,0,0,0,0,0,1,0,0,0,0,0,0,0,0,0,0,0,0,1,1,0,0,0,0,0,0,0,0,,0,0,0,0,0,0,0,0,0,0,0,0,0,0,0,0,,,,,,56-60,56-65,County road,R,Friday,,BUS,Not Fatal,0,0,0,0,County Road,County Sheriff,Grant County Sheriff's Office,0,0,1,0,0,,,,,,0.0,0.0,0.0,,,,,,,,,,,98.0,98.0,98.0,0.0,,,,,20.0,7.0,,,,,,,,,,,,,,,,98848
2331,2019,493,E993811,27.0,12/14/2019,22:26,14,12,,37,Kittitas,0,5,0.0,2,4,2,1,0,1,1,,,,38,0,0,7.3,8,0,1,5,1,2,4,0,0,0,0,CR-N THORP HWY,,-120.6853167,47.075163889,0,1,6,6,1,35,96,0,0,1,5,1,3,1,2,1,11,1,0,92,0,98,734,2015,0,0.0,63,69.0,68.0,64.0,38.0,1.0,1,1,38,1,7.0,,4,0,20,7,11,8,12/17/2019,17:00,196053055929.0,55929.0,0.0,0.0,0.0,1.0,1,87,0.0,0.0,0.0,96,,,,,,9,,,,,,98068.0,53,71.0,160.0,6.0,1.0,0.0,1.0,0.0,1.0,,0,,,,,,0,10/15/2019,12/15/2019,20,1,9,0,0.0,9,8,,,0,0.0,0.0,8,1,2.0,695.0,605.0,,1.0,1.0,,2,1,0.182,,,,,,,,,,,,,,,,,,,,,,,,,,,,,,0,0,1,0,1,1,1,1,1,0,0,0,0,0,0,0,0,0,0,0,0,0,0,0,0,0,0,0,0,0,0,0,0,0,0,,0,0,0,0,0,1,1,1,0,0,0,0,0,0,0,1,,,,,,36-40,36-45,County road,R,Saturday,,OTHVT,White,0,0,0,0,County Road,County Sheriff,Kittitas County Sheriff's Office,0,0,1,0,0,thc,2.6,carboxy-thc,22.0,,0.0,0.0,0.0,,,,,,,,,,,98.0,98.0,98.0,1.0,,,,,17.0,7.0,,,,,,,nms,,,,,,,,,98946
2332,2019,494,EA00856,73.0,12/27/2019,21:04,27,12,,33,King,229,10,0.0,3,2,1,1,0,2,2,,,,12,0,6,0.0,2,0,3,7,2,4,6,0,0,20,3,AMBAUM BLVD SW,SW 120TH ST,-122.3503944,47.49545,0,1,82,15,2,25,4,0,0,1,7,12,3,4,2,1,11,1,1,53,0,49,32,2006,0,0.0,12,,,,,,1,1,51,1,7.0,,4,0,20,7,11,4,01/24/2020,9:46,196053005806.0,5806.0,6.0,0.0,0.0,3.0,1,0,0.0,0.0,0.0,92,,,,,,0,,,,,,98166.0,53,64.0,156.0,6.0,1.0,0.0,1.0,2.0,0.0,,0,,,,,,0,05/15/2018,03/15/2019,1,0,0,0,0.0,9,8,,,0,0.0,0.0,0,0,8.0,95.0,,,96.0,,,8,95,995.0,,,,,,,,,,,,,,,,,,,,,,,,,,,,,,0,0,0,1,0,0,0,0,0,0,0,0,0,0,0,0,1,0,0,1,0,1,1,0,1,0,0,0,0,1,0,0,0,1,0,,1,0,0,0,0,0,0,0,1,0,0,0,0,0,0,0,,,,,,51-55,46-55,City street,U,Friday,Not Used,PV,Black,1,0,0,0,City Street,Municipal/City Police,Burien Police Department,0,0,0,1,0,,,,,,0.0,0.0,0.0,,,,,,,,,,,98.0,98.0,98.0,2.0,,,,,20.0,7.0,,,,,,,,,,,,,,,,98146
2333,2019,494,EA00856,73.0,12/27/2019,21:04,27,12,,33,King,229,10,0.0,3,2,1,1,0,2,2,,,,12,0,6,0.0,2,0,3,7,2,4,6,0,0,0,0,AMBAUM BLVD SW,SW 120TH ST,-122.3503944,47.49545,0,2,83,67,4,35,4,0,0,1,7,12,3,4,5,5,14,1,2,41,0,12,23,2013,0,0.0,12,,,,,,1,1,19,1,0.0,,2,0,99,7,11,8,,,,,0.0,0.0,0.0,3.0,1,0,0.0,0.0,0.0,92,,,,,,0,,,,,,98003.0,53,65.0,120.0,6.0,1.0,0.0,0.0,1.0,3.0,,0,,,,,,0,01/15/2018,07/15/2018,8,0,0,0,8.0,9,8,,,0,0.0,0.0,8,8,8.0,95.0,,,96.0,,,8,95,995.0,,,,,,,,,,,,,,,,,,,,,,,,,,,,,,0,0,0,1,0,0,0,0,0,0,0,0,0,0,0,0,1,0,0,1,0,1,1,0,1,0,0,0,0,1,0,0,0,0,0,,0,0,0,0,0,0,0,0,1,0,0,0,0,0,0,0,,,,,,18-20,16-25,City street,U,Friday,Unknown,PV,Not Fatal,1,0,0,0,City Street,Municipal/City Police,Burien Police Department,0,0,0,1,0,,,,,,0.0,0.0,0.0,,,,,,,,,,,98.0,98.0,98.0,0.0,,,,,20.0,7.0,,,,,,,,,,,,,,,,98146
2334,2019,495,E995033,160.0,12/16/2019,13:04,16,12,,33,King,1030,10,0.0,1,1,2,1,0,2,2,,,,12,0,6,0.7,2,0,2,3,2,1,3,0,0,20,3,SR-181,OBERTO DR,-122.2482528,47.388508333,0,1,89,17,2,98,15,0,0,1,5,12,1,3,2,1,1,1,2,53,0,54,421,2016,0,0.0,12,,,,,,1,1,52,1,0.0,,0,0,99,7,11,0,,,,,0.0,0.0,0.0,3.0,1,38,91.0,0.0,0.0,96,,,,,,0,,,,,,98444.0,53,67.0,122.0,6.0,1.0,0.0,0.0,0.0,0.0,,2,,,,,,0,,,20,0,0,0,8.0,9,8,,,0,0.0,0.0,8,0,8.0,95.0,,,96.0,,,8,95,995.0,,,,,,,,,,,,,,,,,,,,,,,,,,,,,,0,0,0,1,0,0,0,0,0,0,0,0,0,0,0,0,0,0,1,0,0,0,0,0,0,0,0,0,1,1,0,0,0,0,0,,0,0,0,0,0,0,0,0,0,0,1,0,0,0,0,0,,,,,,51-55,46-55,State route,U,Monday,Unknown,PV,Not Fatal,1,0,0,0,State Route,Municipal/City Police,Kent Police Department,0,1,0,0,0,,,,,,0.0,0.0,0.0,,,,,,,,,,,98.0,98.0,98.0,0.0,,,,,20.0,7.0,,,,,,,,,,,,,,,,98032