,year,case,par,repjur,crash_dt,crash_tm,accday,accmon,holiday,county,co_char,city,weather,weather2,lightcond,surfcond,surftype,numfatal,nmforms,pforms,vforms,not_tm,arr_tm,hosp_tm,fhevent,hitrun,manncol,milepnt,reljunc,reljuncinter,intersectiontype,funcsystem,landuse,ownership,route,schlbus,spejur,contdev,devfunc,trafid1,trafid2,x,y,wk_zone,vnumber,crashtype,criticalevent,criticaleventcat,spdlim,body,trailer,emerg,hazcargo,leave,mhevent,roadalgn,roadprof,traflane,trafflow,vehmanvr,numoccs,regowner,regstate,spuse,make,model,modelyr,vrf1,vrf2,seqevent1,seqevent2,seqevent3,seqevent4,seqevent5,seqevent6,pnumber,ptype,age,sex,hispanic,race,injury,diedscene,restraint,restraintmisuse,seatpos,takehosp,death_dt,death_tm,cert,cernum_wa,commlic,licendor,licrestrict,liccomp,drivpres,drf1,drf2,drf3,drf4,distract1,distract2,distract3,distract4,distract5,distract6,dricond1,dricond2,dricond3,dricond4,dricond5,dricond6,dzip,licstate,drhgt_in,weight,noncdl,noncdltype,prevdwi,prevoth,prevacc,prevspd,prevsus,driviol1,driviol2,driviol3,driviol4,driviol5,driviol6,spdrel,first_dt,last_dt,airbag,ejection,ejectpath,extricat,injurwrk,methalc,methdrug,nmlocat,strikveh,prf1,prf2,prf3,druginv,alcinvol,drugsts,drugres1,drugres2,drugres3,drugtst1,drugtst2,drugtst3,alcsts,alctst,alcres,nmact1,nmact2,nmact3,nmact4,nmact5,nmact6,nmprior1,nmprior2,nmprior3,nmprior4,nmprior5,nmprior6,nmcond1,nmcond2,nmcond3,nmcond4,nmcond5,nmcond6,nmsafe_helmet,nmsafe_pads,nmsafe_oth,nmprev_ref,nmprev_lgt,nmprev_oth,crashlocation,nmcrashtype,crosswalk,schoolzone,sidewalk,train_inv,wildlife_inv,rotr_fars,intersect_fars,dd_inv,aid_inv,dpd_inv,id_inv,mj_inv,impnm_inv,ainm_inv,dpnm_inv,speed_inv,unlic_inv,unendmc_inv,drowsy_inv,drdist_inv,nmdist_inv,fty_inv,unrestfat_inv,dr1617_inv,dr1820_inv,dr1620_inv,dr2125_inv,dr1625_inv,dr65_inv,dr70_inv,dr75_inv,mc_inv,pv_inv,ht_inv,ped_inv,bike_inv,unrest_fat,mc_fat,unhelmet_mc,pv_fat,ht_fat,ped_fat,bike_fat,dr_alc7,dr_alc8,dr_drug,dr_imp,dr_dist,dr_spd,dr_fty,dr_unlic,dr_alc7only,dr_alc8only,dr_drugonly,dr_drink,nm_imp,nm_alc7,nm_alc8,nm_drug,nm_dist,agegrp1,agegrp2,roadclass,urbrur,dayweek,restuse,vehtype,race_me,intersect,lanedep,oppdir,wrongway,rep_typ,investag,repag_long,rotr,st_rd,cty_rd,city_rd,oth_rd,drug_thc,thc_res,drug_cthc,cthc_res,drug_cann,prevpersemin,prevperse,prevsusoth,drugtst4,drugtst5,drugtst6,drugtst7,drugtst8,drugres4,drugres5,drugres6,drugres7,drugres8,adspresent,adsengaged,adslevel,race1,race2,race3,race4,race5,helmet,helmetmisuse,nmdistract1,nmdistract2,nmdistract3,nmdistract4,nmdistract5,nmdistract6,lab,isedtcase,crf1,crf2,crf3,CoRoadName,CoMP,IntCoRoadName,IntCoMP,zipcode
2335,2019,495,E995033,160.0,12/16/2019,13:04,16,12,,33,King,1030,10,0.0,1,1,2,1,0,2,2,,,,12,0,6,0.7,2,0,2,3,2,1,3,0,0,0,0,SR-181,OBERTO DR,-122.2482528,47.388508333,0,2,88,66,4,35,80,0,0,1,7,12,1,3,5,1,1,1,1,53,0,72,706,2017,0,0.0,12,,,,,,1,1,49,1,7.0,,4,0,20,7,11,4,12/22/2019,17:27,196053056617.0,56617.0,0.0,0.0,3.0,3.0,1,0,0.0,0.0,0.0,96,,,,,,0,,,,,,98445.0,53,70.0,270.0,6.0,1.0,0.0,0.0,0.0,0.0,,0,,,,,,0,,,20,8,0,0,0.0,9,8,,,0,0.0,0.0,8,0,8.0,95.0,,,96.0,,,8,95,995.0,,,,,,,,,,,,,,,,,,,,,,,,,,,,,,0,0,0,1,0,0,0,0,0,0,0,0,0,0,0,0,0,0,1,0,0,0,0,0,0,0,0,0,1,1,0,0,0,0,1,0.0,0,0,0,0,0,0,0,0,0,0,0,0,0,0,0,0,,,,,,46-50,46-55,State route,U,Monday,,MC,White,1,0,0,0,State Route,Municipal/City Police,Kent Police Department,0,1,0,0,0,,,,,,0.0,0.0,0.0,,,,,,,,,,,0.0,0.0,0.0,1.0,,,,,19.0,0.0,,,,,,,,,,,,,,,,98032
2336,2019,496,EA14388,5.0,12/19/2019,10:01,19,12,,15,Cowlitz,0,2,0.0,1,2,2,1,0,3,1,,,,5,0,0,23.1,1,0,1,1,1,1,1,0,0,0,0,I-5,,-122.7593778,45.932286111,0,1,0,98,7,70,67,0,0,1,5,5,3,1,3,3,15,3,1,53,0,12,880,2017,0,0.0,5,,,,,,1,1,76,1,0.0,,0,0,3,0,11,0,,,,,6.0,0.0,0.0,3.0,1,0,0.0,0.0,0.0,0,,,,,,0,,,,,,98022.0,53,71.0,200.0,6.0,1.0,0.0,0.0,0.0,0.0,,0,,,,,,0,,,20,0,0,0,8.0,9,8,,,0,0.0,0.0,8,8,8.0,95.0,,,96.0,,,8,95,995.0,,,,,,,,,,,,,,,,,,,,,,,,,,,,,,0,0,0,0,0,0,0,0,0,0,0,0,0,0,0,0,0,0,0,0,0,0,0,0,0,1,1,1,0,0,1,0,0,0,0,,0,0,0,0,0,0,0,0,0,0,0,0,0,0,0,0,,,,,,76-80,76+,Interstate,R,Thursday,,MHTRUCK,Not Fatal,0,0,0,0,State Route,State Patrol,Washington State Patrol,0,1,0,0,0,,,,,,0.0,0.0,0.0,,,,,,,,,,,98.0,98.0,98.0,0.0,,,,,20.0,7.0,,,,,,,,,,,,,,,,98674
2337,2019,497,E959529,1.0,08/27/2019,7:15,27,8,,39,Klickitat,0,1,0.0,1,1,2,1,0,1,1,,,,35,0,0,100.9,3,0,3,3,1,1,3,0,0,20,3,SR-97,SR-14,-120.8241222,45.696138889,0,1,14,14,2,55,6,0,0,1,7,1,1,2,2,1,6,1,1,41,0,48,45,2008,0,0.0,64,71.0,35.0,1.0,,,1,1,76,1,7.0,,4,0,3,0,11,8,09/02/2019,9:27,165041026320.0,,0.0,0.0,0.0,3.0,1,33,39.0,0.0,0.0,96,,,,,,0,,,,,,97058.0,41,71.0,230.0,6.0,1.0,0.0,0.0,0.0,0.0,,0,,,,,,0,04/15/2018,04/15/2018,1,0,0,0,0.0,9,8,,,0,0.0,0.0,8,0,8.0,95.0,,,96.0,,,8,95,995.0,,,,,,,,,,,,,,,,,,,,,,,,,,,,,,0,0,0,1,0,0,0,0,0,0,0,0,0,0,0,0,0,0,0,0,0,0,0,0,0,1,1,1,0,1,0,0,0,0,0,,1,0,0,0,0,0,0,0,0,0,0,0,0,0,0,0,,,,,,76-80,76+,State route,R,Tuesday,Belt Used,PV,White,1,0,0,0,State Route,State Patrol,Washington State Patrol,0,1,0,0,0,,,,,,0.0,0.0,1.0,,,,,,,,,,,98.0,98.0,98.0,1.0,,,,,20.0,7.0,,,,,,,,,,,,,,,,98620
2338,2019,498,3762692,263.0,12/16/2019,14:19,16,12,,33,King,1960,10,0.0,1,1,2,1,0,2,2,,,,14,1,0,0.0,3,0,2,7,2,4,6,0,0,3,3,NE 125TH ST,35TH AVE NE,-122.2905889,47.719247222,0,1,11,6,1,98,4,0,0,1,7,14,1,2,2,1,1,2,5,53,0,48,34,1995,0,0.0,14,,,,,,1,1,28,2,0.0,,0,0,99,7,11,0,,,,,0.0,0.0,0.0,2.0,1,39,0.0,0.0,0.0,96,,,,,,99,,,,,,98338.0,53,66.0,185.0,1.0,1.0,0.0,0.0,2.0,1.0,,1,,,,,,4,09/15/2015,08/15/2016,8,0,0,0,8.0,9,8,,,0,0.0,0.0,8,9,8.0,95.0,,,96.0,,,8,95,995.0,,,,,,,,,,,,,,,,,,,,,,,,,,,,,,0,0,0,1,0,0,0,0,0,0,0,0,1,1,0,0,0,0,0,0,0,0,0,0,0,0,0,0,0,1,1,0,0,0,0,,0,0,0,0,0,0,0,0,0,1,0,1,0,0,0,0,,,,,,26-30,26-35,City street,U,Monday,Unknown,PV,Not Fatal,1,0,0,0,City Street,Municipal/City Police,Seattle Police Department,0,0,0,1,0,,,,,,0.0,0.0,2.0,,,,,,,,,,,0.0,0.0,0.0,0.0,,,,,20.0,7.0,,,,,,,,,,,,,,,,98165
2339,2019,499,E902536,2.0,03/08/2019,13:27,8,3,,61,Snohomish,1215,1,0.0,1,1,2,1,0,4,3,,,,12,0,1,0.4,3,1,2,1,2,1,1,0,0,3,3,I-5 RAMP LX19911,44TH AVE W,-122.2922889,47.812413889,0,1,20,50,3,98,2,0,0,1,7,12,1,2,3,6,1,1,1,53,0,20,9,1987,0,0.0,12,,,,,,1,1,66,1,7.0,,4,0,20,7,11,8,03/08/2019,18:47,121553011574.0,11574.0,0.0,0.0,3.0,3.0,1,0,0.0,0.0,0.0,96,,,,,,1,,,,,,98036.0,53,76.0,200.0,6.0,1.0,0.0,0.0,2.0,0.0,,97,,,,,,3,07/15/2016,02/15/2018,20,0,0,0,0.0,9,8,,,0,0.0,0.0,8,0,2.0,605.0,,,1.0,,,2,1,0.0,,,,,,,,,,,,,,,,,,,,,,,,,,,,,,0,0,0,1,0,0,1,1,1,0,0,0,1,0,0,0,0,0,0,1,0,0,0,1,1,1,0,0,0,1,0,0,0,1,0,,1,0,0,0,0,0,1,1,0,1,0,0,0,0,1,0,,,,,,66-70,66-75,Interstate,U,Friday,Not Used,PV,White,1,0,0,0,State Route,State Patrol,Washington State Patrol,0,1,0,0,0,thc,2.0,,,,0.0,0.0,0.0,,,,,,,,,,,0.0,0.0,0.0,1.0,,,,,20.0,7.0,,,,,,,,,,,,,,,,98036
2340,2019,499,E902536,2.0,03/08/2019,13:27,8,3,,61,Snohomish,1215,1,0.0,1,1,2,1,0,4,3,,,,12,0,1,0.4,3,1,2,1,2,1,1,0,0,3,3,I-5 RAMP LX19911,44TH AVE W,-122.2922889,47.812413889,0,2,21,53,3,98,4,0,0,1,7,12,1,2,3,6,5,2,1,53,0,20,2,2008,0,0.0,12,12.0,,,,,1,1,25,1,0.0,,2,0,3,0,11,8,,,,,0.0,0.0,0.0,3.0,1,0,0.0,0.0,0.0,0,,,,,,0,,,,,,98043.0,53,71.0,185.0,6.0,1.0,0.0,0.0,0.0,0.0,,0,,,,,,0,,,20,0,0,0,8.0,9,8,,,0,0.0,0.0,8,0,8.0,95.0,,,96.0,,,8,95,995.0,,,,,,,,,,,,,,,,,,,,,,,,,,,,,,0,0,0,1,0,0,1,1,1,0,0,0,1,0,0,0,0,0,0,1,0,0,0,1,1,1,0,0,0,1,0,0,0,0,0,,0,0,0,0,0,0,0,0,0,0,0,0,0,0,0,0,,,,,,21-25,16-25,Interstate,U,Friday,Belt Used,PV,Not Fatal,1,0,0,0,State Route,State Patrol,Washington State Patrol,0,1,0,0,0,,,,,,0.0,0.0,0.0,,,,,,,,,,,98.0,98.0,98.0,0.0,,,,,20.0,7.0,,,,,,,,,,,,,,,,98036
2341,2019,499,E902536,2.0,03/08/2019,13:27,8,3,,61,Snohomish,1215,1,0.0,1,1,2,1,0,4,3,,,,12,0,1,0.4,3,1,2,1,2,1,1,0,0,3,3,I-5 RAMP LX19911,44TH AVE W,-122.2922889,47.812413889,0,3,98,98,7,35,4,0,0,1,7,12,1,2,5,1,1,1,1,53,0,63,32,2009,0,0.0,12,,,,,,1,1,66,2,0.0,,0,0,3,0,11,0,,,,,0.0,0.0,3.0,3.0,1,0,0.0,0.0,0.0,96,,,,,,0,,,,,,98043.0,53,62.0,142.0,6.0,1.0,0.0,0.0,0.0,0.0,,0,,,,,,0,,,20,0,0,0,8.0,9,8,,,0,0.0,0.0,8,8,8.0,95.0,,,96.0,,,8,95,995.0,,,,,,,,,,,,,,,,,,,,,,,,,,,,,,0,0,0,1,0,0,1,1,1,0,0,0,1,0,0,0,0,0,0,1,0,0,0,1,1,1,0,0,0,1,0,0,0,0,0,,0,0,0,0,0,0,0,0,0,0,0,0,0,0,0,0,,,,,,66-70,66-75,Interstate,U,Friday,Belt Used,PV,Not Fatal,1,0,0,0,State Route,State Patrol,Washington State Patrol,0,1,0,0,0,,,,,,0.0,0.0,0.0,,,,,,,,,,,98.0,98.0,98.0,0.0,,,,,20.0,7.0,,,,,,,,,,,,,,,,98036
2342,2019,500,E941519,7.0,07/16/2019,6:07,16,7,,33,King,1030,1,0.0,4,1,2,1,0,1,1,,,,24,0,0,21.3,1,0,1,2,2,1,3,0,0,0,0,SR-167,,-122.244675,47.384936111,0,1,1,13,2,60,5,0,0,1,7,24,3,1,3,3,14,1,2,53,0,47,31,1995,0,0.0,63,24.0,69.0,64.0,24.0,,1,1,37,2,7.0,,4,0,20,7,11,8,07/17/2019,17:00,196053033543.0,33543.0,0.0,0.0,3.0,2.0,1,0,0.0,0.0,0.0,96,,,,,,9,,,,,,98023.0,53,67.0,120.0,1.0,1.0,0.0,0.0,0.0,0.0,,0,,,,,,0,,,20,0,0,0,0.0,9,2,,,0,0.0,0.0,1,1,2.0,996.0,996.0,167.0,1.0,1.0,1.0,2,1,0.0,,,,,,,,,,,,,,,,,,,,,,,,,,,,,,0,0,1,0,1,0,1,1,0,0,0,0,0,1,0,0,0,0,0,1,0,0,0,0,0,0,0,0,0,1,0,0,0,1,0,,1,0,0,0,0,0,1,1,0,0,0,1,0,0,1,1,,,,,,36-40,36-45,State route,U,Tuesday,Not Used,PV,White,0,1,0,0,State Route,State Patrol,Washington State Patrol,1,1,0,0,0,,,,,,0.0,0.0,0.0,1.0,1.0,1.0,,,996.0,401.0,417.0,,,0.0,0.0,0.0,1.0,,,,,20.0,7.0,,,,,,,,,,,,,,,,98390
2343,2019,502,E983710,2.0,11/18/2019,21:36,18,11,,73,Whatcom,0,2,0.0,2,2,2,1,0,1,1,,,,34,0,0,4.8,1,0,1,5,1,2,4,0,3,0,0,CR-HAXTON WAY,,-122.6326833,48.795527778,0,1,6,12,2,45,5,0,0,1,7,34,1,1,2,1,1,1,1,95,0,52,398,2017,0,0.0,68,64.0,34.0,,,,1,1,87,2,7.0,,4,0,3,0,11,5,11/19/2019,12:04,11053051259.0,51259.0,99.0,9.0,9.0,9.0,1,0,0.0,0.0,0.0,96,,,,,,98,,,,,,0.0,95,,999.0,9.0,9.0,99.0,99.0,99.0,99.0,,0,,,,,,0,,,20,0,0,0,0.0,9,8,,,0,0.0,0.0,8,0,8.0,95.0,,,96.0,,,8,95,995.0,,,,,,,,,,,,,,,,,,,,,,,,,,,,,,0,0,1,0,0,0,0,0,0,0,0,0,0,0,0,0,0,0,0,0,0,0,0,0,0,1,1,1,0,1,0,0,0,0,0,,1,0,0,0,0,0,0,0,0,0,0,0,0,0,0,0,,,,,,81+,76+,County road,R,Monday,Belt Used,PV,Multiracial,0,1,0,0,County Road,State Patrol,Washington State Patrol,1,0,1,0,0,,,,,,99.0,99.0,99.0,,,,,,,,,,,98.0,98.0,98.0,203.0,298.0,,,,20.0,7.0,,,,,,,,,,,,,,,,98248
2344,2019,505,3751331,263.0,08/14/2019,22:06,14,8,,33,King,1960,1,0.0,3,1,2,1,1,1,1,,,,8,1,0,31.1,1,0,1,3,2,1,3,0,0,0,0,SR-99,,-122.3446278,47.691116667,0,1,13,80,5,35,14,0,0,1,3,8,1,1,2,2,1,1,1,53,0,41,403,2014,0,0.0,8,,,,,,1,1,41,1,0.0,,0,0,99,7,11,0,,,,,0.0,0.0,3.0,3.0,1,0,0.0,0.0,0.0,96,,,,,,99,,,,,,98028.0,53,71.0,300.0,6.0,1.0,0.0,0.0,0.0,0.0,,97,,,,,,0,,,20,0,0,0,8.0,9,2,,,0,0.0,0.0,1,9,8.0,95.0,,,96.0,,,8,95,995.0,,,,,,,,,,,,,,,,,,,,,,,,,,,,,,0,0,0,0,0,0,0,0,0,1,0,1,0,0,0,0,0,0,0,0,0,0,0,0,0,0,0,0,0,1,0,1,0,0,0,,0,0,0,0,0,0,0,0,0,0,0,0,0,0,0,0,,,,,,41-45,36-45,State route,U,Wednesday,Unknown,PV,Not Fatal,0,0,0,0,State Route,Municipal/City Police,Seattle Police Department,0,1,0,0,0,,,,,,0.0,0.0,0.0,,,,,,,,,,,98.0,98.0,98.0,0.0,,,,,20.0,7.0,,,,,,,,,,,,,,,,98103
2345,2019,506,E942491,3.0,07/13/2019,12:43,13,7,,53,Pierce,2230,1,0.0,1,1,2,1,0,2,2,,,,38,0,0,0.0,8,0,1,7,2,4,6,0,0,0,0,N 9TH ST,N MILDRED ST,-122.5225528,47.257861111,0,1,14,8,1,98,14,0,0,1,2,12,1,1,2,1,98,1,1,53,0,12,401,1999,0,0.0,71,38.0,41.0,12.0,25.0,,1,1,66,1,7.0,,4,0,99,7,11,4,07/13/2019,14:25,223053031618.0,31618.0,0.0,0.0,3.0,3.0,1,0,0.0,0.0,0.0,0,,,,,,1,,,,,,98405.0,53,75.0,210.0,6.0,1.0,0.0,0.0,0.0,0.0,,0,,,,,,0,,,1,0,0,0,0.0,9,8,,,0,0.0,0.0,8,9,8.0,95.0,,,96.0,,,8,95,995.0,,,,,,,,,,,,,,,,,,,,,,,,,,,,,,0,0,0,0,0,0,0,0,0,0,0,0,0,0,0,0,0,0,0,0,0,0,0,0,0,1,0,0,0,1,0,0,0,0,0,,1,0,0,0,0,0,0,0,0,0,0,0,0,0,0,0,,,,,,66-70,66-75,City street,U,Saturday,Unknown,PV,White,0,0,0,0,City Street,State Patrol,Washington State Patrol,0,0,0,1,0,,,,,,0.0,0.0,0.0,,,,,,,,,,,0.0,0.0,0.0,1.0,,,,,20.0,7.0,,,,,,,,,,,,,,,,98406
2346,2019,506,E942491,3.0,07/13/2019,12:43,13,7,,53,Pierce,2230,1,0.0,1,1,2,1,0,2,2,,,,38,0,0,0.0,8,0,1,7,2,4,6,0,0,0,0,N 9TH ST,N MILDRED ST,-122.5225528,47.257861111,0,2,98,71,4,60,5,0,0,1,5,12,1,1,3,3,1,1,1,53,0,63,38,2017,0,0.0,12,,,,,,1,1,38,1,0.0,,0,0,3,0,11,0,,,,,0.0,0.0,3.0,3.0,1,0,0.0,0.0,0.0,0,,,,,,0,,,,,,98349.0,53,74.0,260.0,6.0,1.0,0.0,0.0,0.0,0.0,,0,,,,,,0,,,20,0,0,0,8.0,9,8,,,0,0.0,0.0,8,0,8.0,95.0,,,96.0,,,8,95,995.0,,,,,,,,,,,,,,,,,,,,,,,,,,,,,,0,0,0,0,0,0,0,0,0,0,0,0,0,0,0,0,0,0,0,0,0,0,0,0,0,1,0,0,0,1,0,0,0,0,0,,0,0,0,0,0,0,0,0,0,0,0,0,0,0,0,0,,,,,,36-40,36-45,City street,U,Saturday,Belt Used,PV,Not Fatal,0,0,0,0,City Street,State Patrol,Washington State Patrol,0,0,0,1,0,,,,,,0.0,0.0,0.0,,,,,,,,,,,98.0,98.0,98.0,0.0,,,,,20.0,7.0,,,,,,,,,,,,,,,,98406
2347,2019,507,E960349,35.0,09/14/2019,19:30,14,9,,53,Pierce,0,2,0.0,2,2,2,1,0,1,1,,,,1,0,0,0.3,1,0,1,7,2,2,4,0,0,0,0,CR-HOUSTON RD E,,-122.2546989,47.2008695,0,1,1,13,2,35,80,0,0,1,2,1,3,1,2,1,14,1,1,53,0,72,706,2014,0,0.0,63,1.0,,,,,1,1,63,1,7.0,,4,0,20,7,11,8,10/01/2019,4:50,223053044535.0,44535.0,0.0,0.0,0.0,0.0,1,0,0.0,0.0,0.0,96,,,,,,9,,,,,,98390.0,53,70.0,160.0,0.0,0.0,0.0,0.0,0.0,0.0,,0,,,,,,0,,,20,8,0,0,0.0,1,8,,,0,0.0,0.0,8,1,8.0,95.0,,,96.0,,,2,1,0.1,,,,,,,,,,,,,,,,,,,,,,,,,,,,,,0,0,1,0,1,1,0,1,0,0,0,0,0,1,1,0,0,0,0,0,0,0,0,0,0,0,0,0,1,0,0,0,0,0,1,0.0,0,0,0,0,0,1,0,1,0,0,0,1,0,1,0,1,,,,,,61-65,56-65,County road,U,Saturday,,MC,White,0,1,0,0,County Road,County Sheriff,Law Enforcement Support Agency,1,0,1,0,0,,,,,,0.0,0.0,0.0,,,,,,,,,,,0.0,0.0,0.0,1.0,,,,,19.0,0.0,,,,,,,,,,,,,,,,98390
2348,2019,508,EA85528,13.0,06/20/2019,17:00,20,6,,9,Clallam,0,1,0.0,1,1,4,1,0,1,1,,,,24,0,0,7.0,1,0,1,98,1,98,8,0,0,0,0,SEIKU MAINLINE,,-124.4812003,48.2779143,0,1,1,13,2,98,34,0,0,1,5,1,3,1,8,8,14,1,3,53,0,12,481,1999,0,0.0,63,24.0,1.0,3.0,,,1,1,33,1,7.0,,4,7,20,7,11,0,06/20/2019,17:00,53028175.0,28175.0,0.0,0.0,0.0,3.0,1,0,0.0,0.0,0.0,96,,,,,,9,,,,,,98381.0,53,70.0,150.0,6.0,1.0,0.0,1.0,0.0,0.0,,0,,,,,,0,05/15/2018,05/15/2018,20,1,9,0,0.0,1,1,,,0,0.0,0.0,1,0,2.0,605.0,695.0,,1.0,1.0,,2,1,0.0,,,,,,,,,,,,,,,,,,,,,,,,,,,,,,0,0,1,0,0,0,1,1,1,0,0,0,0,0,0,0,0,0,0,1,0,0,0,0,0,0,0,0,0,1,0,0,0,1,0,,1,0,0,0,0,0,1,1,0,0,0,0,0,0,1,0,,,,,,31-35,26-35,Other,R,Thursday,Not Used,PV,White,0,0,0,0,Other,,,0,0,0,0,1,thc,7.0,carboxy-thc,6.3,,0.0,0.0,0.0,,,,,,,,,,,0.0,0.0,0.0,1.0,,,,,20.0,7.0,,,,,,,,,,,,,,,,
2349,2019,509,E944659,31.0,07/28/2019,22:17,28,7,,45,Mason,0,1,0.0,2,1,7,1,0,1,1,,,,1,0,0,9999.9,1,0,1,5,1,2,4,0,0,0,0,CR-BEAR CREEK DEWATTO,,-122.8377278,47.507936111,0,1,1,13,2,45,80,0,0,1,5,1,3,2,2,1,14,1,1,53,0,72,706,1997,0,0.0,63,1.0,,,,,1,1,58,1,7.0,,4,0,20,7,11,1,08/01/2019,14:04,196053034853.0,34853.0,0.0,0.0,0.0,3.0,1,0,0.0,0.0,0.0,92,,,,,,99,,,,,,98528.0,53,67.0,180.0,6.0,1.0,0.0,0.0,0.0,0.0,,0,,,,,,0,,,20,8,0,0,0.0,9,8,,,0,0.0,0.0,8,9,2.0,321.0,,,1.0,,,2,1,0.14,,,,,,,,,,,,,,,,,,,,,,,,,,,,,,0,0,1,0,1,1,1,1,0,0,0,0,0,0,0,0,1,0,0,0,0,0,0,0,0,0,0,0,1,0,0,0,0,0,1,0.0,0,0,0,0,0,1,1,1,1,0,0,0,0,0,0,1,,,,,,56-60,56-65,County road,R,Sunday,,MC,White,0,1,0,0,County Road,County Sheriff,Mason County Sheriff's Office,1,0,1,0,0,,,,,,0.0,0.0,0.0,,,,,,,,,,,0.0,0.0,0.0,1.0,,,,,19.0,0.0,,,,,,,,,,,,,,,,
2350,2019,510,E937972,278.0,07/08/2019,19:23,8,7,,63,Spokane,2110,1,0.0,1,1,2,1,0,2,2,,,,12,0,1,0.0,2,0,3,3,2,4,6,0,0,0,0,MARKET,BISMARK,-117.3648417,47.712136111,0,1,24,51,3,30,80,0,0,1,5,12,1,1,4,1,1,1,1,53,0,37,705,2005,0,0.0,12,,,,,,1,1,21,1,7.0,,4,0,20,7,11,8,07/09/2019,2:58,211053030703.0,30703.0,0.0,0.0,3.0,3.0,1,0,0.0,0.0,0.0,96,,,,,,99,,,,,,98207.0,53,68.0,170.0,6.0,1.0,0.0,1.0,3.0,0.0,,0,,,,,,3,04/15/2016,07/15/2019,20,8,0,0,0.0,9,8,,,0,0.0,0.0,8,9,2.0,695.0,605.0,,1.0,1.0,,2,1,0.0,,,,,,,,,,,,,,,,,,,,,,,,,,,,,,0,0,0,1,1,0,1,1,1,0,0,0,1,0,0,0,0,0,0,0,0,0,0,1,1,0,0,0,1,1,0,0,0,0,1,0.0,0,0,0,0,0,0,1,1,0,1,0,0,0,0,1,0,,,,,,21-25,16-25,City street,U,Monday,,MC,White,0,0,0,0,City Street,Municipal/City Police,Spokane Police Department,0,0,0,1,0,thc,2.0,carboxy-thc,34.0,,0.0,0.0,0.0,,,,,,,,,,,0.0,0.0,0.0,1.0,,,,,19.0,0.0,,,,,,,,,,,,,,,,99217
2351,2019,510,E937972,278.0,07/08/2019,19:23,8,7,,63,Spokane,2110,1,0.0,1,1,2,1,0,2,2,,,,12,0,1,0.0,2,0,3,3,2,4,6,0,0,0,0,MARKET,BISMARK,-117.3648417,47.712136111,0,2,25,53,3,30,34,0,0,1,5,12,1,1,4,1,1,1,9,16,0,19,480,2004,0,0.0,12,,,,,,1,1,47,1,0.0,,0,0,3,0,11,0,,,,,99.0,9.0,9.0,9.0,1,0,0.0,0.0,0.0,96,,,,,,0,,,,,,83858.0,16,,999.0,9.0,9.0,99.0,99.0,99.0,99.0,,0,,,,,,0,,,20,0,0,0,8.0,9,8,,,0,0.0,0.0,8,1,8.0,95.0,,,96.0,,,8,95,995.0,,,,,,,,,,,,,,,,,,,,,,,,,,,,,,0,0,0,1,1,0,1,1,1,0,0,0,1,0,0,0,0,0,0,0,0,0,0,1,1,0,0,0,1,1,0,0,0,0,0,,0,0,0,0,0,0,0,0,0,0,0,0,0,0,0,1,,,,,,46-50,46-55,City street,U,Monday,Belt Used,PV,Not Fatal,0,0,0,0,City Street,Municipal/City Police,Spokane Police Department,0,0,0,1,0,,,,,,99.0,99.0,99.0,,,,,,,,,,,98.0,98.0,98.0,0.0,,,,,20.0,7.0,,,,,,,,,,,,,,,,99217
2352,2019,511,E879054,266.0,01/02/2019,5:48,2,1,,77,Yakima,1980,1,0.0,3,1,2,1,1,1,1,,,,8,0,0,0.9,1,0,1,3,2,1,3,0,0,0,0,SR-823,,-120.530425,46.645502778,0,1,13,80,5,35,20,0,0,1,5,8,1,1,2,1,1,1,3,53,0,49,442,2017,0,0.0,8,,,,,,1,1,65,2,0.0,,0,0,3,0,11,0,,,,,0.0,0.0,3.0,3.0,1,0,0.0,0.0,0.0,96,,,,,,0,,,,,,98942.0,53,65.0,140.0,6.0,1.0,0.0,0.0,0.0,0.0,,0,,,,,,0,,,20,0,0,0,8.0,9,8,,,0,0.0,0.0,8,0,8.0,95.0,,,96.0,,,8,95,995.0,,,,,,,,,,,,,,,,,,,,,,,,,,,,,,0,0,0,0,0,0,0,0,0,0,0,0,0,0,0,0,0,0,0,0,0,0,0,0,0,1,0,0,0,1,0,1,0,0,0,,0,0,0,0,0,0,0,0,0,0,0,0,0,0,0,0,,,,,,61-65,56-65,State route,U,Wednesday,Belt Used,PV,Not Fatal,0,0,0,0,City Street,Municipal/City Police,Selah Police Department,0,0,0,1,0,,,,,,0.0,0.0,0.0,,,,,,,,,,,98.0,98.0,98.0,0.0,,,,,20.0,7.0,,,,,,,,,,,,,,,,98942
2353,2019,512,E889208,160.0,02/02/2019,8:34,2,2,,33,King,1030,10,0.0,1,2,2,1,0,2,2,,,,12,0,2,0.0,2,0,3,3,2,4,6,0,0,0,0,S 212TH ST,FRAGER RD S,-122.2660333,47.412375,0,1,50,10,2,98,2,0,0,1,7,12,1,3,4,1,1,1,2,53,0,7,43,2003,0,0.0,68,12.0,,,,,1,1,32,2,7.0,,4,0,20,7,11,8,02/19/2019,15:37,196053009461.0,9461.0,0.0,0.0,3.0,2.0,1,28,37.0,0.0,0.0,96,,,,,,99,,,,,,98042.0,53,61.0,140.0,1.0,1.0,1.0,2.0,1.0,0.0,,0,,,,,,0,12/15/2016,02/15/2019,8,0,0,0,0.0,9,8,,,0,0.0,0.0,8,9,8.0,95.0,,,96.0,,,8,95,995.0,,,,,,,,,,,,,,,,,,,,,,,,,,,,,,0,0,0,1,0,0,0,0,0,0,0,0,0,1,0,0,0,0,0,1,0,0,0,0,0,0,0,0,0,1,0,0,0,1,0,,1,0,0,0,0,0,0,0,0,0,0,1,0,0,0,0,,,,,,31-35,26-35,City street,U,Saturday,Not Used,PV,White,0,1,1,0,City Street,Municipal/City Police,Kent Police Department,0,0,0,1,0,,,,,,0.0,0.0,5.0,,,,,,,,,,,98.0,98.0,98.0,1.0,,,,,20.0,7.0,,,,,,,,,,,,,,,,98032