,year,case,par,repjur,crash_dt,crash_tm,accday,accmon,holiday,county,co_char,city,weather,weather2,lightcond,surfcond,surftype,numfatal,nmforms,pforms,vforms,not_tm,arr_tm,hosp_tm,fhevent,hitrun,manncol,milepnt,reljunc,reljuncinter,intersectiontype,funcsystem,landuse,ownership,route,schlbus,spejur,contdev,devfunc,trafid1,trafid2,x,y,wk_zone,vnumber,crashtype,criticalevent,criticaleventcat,spdlim,body,trailer,emerg,hazcargo,leave,mhevent,roadalgn,roadprof,traflane,trafflow,vehmanvr,numoccs,regowner,regstate,spuse,make,model,modelyr,vrf1,vrf2,seqevent1,seqevent2,seqevent3,seqevent4,seqevent5,seqevent6,pnumber,ptype,age,sex,hispanic,race,injury,diedscene,restraint,restraintmisuse,seatpos,takehosp,death_dt,death_tm,cert,cernum_wa,commlic,licendor,licrestrict,liccomp,drivpres,drf1,drf2,drf3,drf4,distract1,distract2,distract3,distract4,distract5,distract6,dricond1,dricond2,dricond3,dricond4,dricond5,dricond6,dzip,licstate,drhgt_in,weight,noncdl,noncdltype,prevdwi,prevoth,prevacc,prevspd,prevsus,driviol1,driviol2,driviol3,driviol4,driviol5,driviol6,spdrel,first_dt,last_dt,airbag,ejection,ejectpath,extricat,injurwrk,methalc,methdrug,nmlocat,strikveh,prf1,prf2,prf3,druginv,alcinvol,drugsts,drugres1,drugres2,drugres3,drugtst1,drugtst2,drugtst3,alcsts,alctst,alcres,nmact1,nmact2,nmact3,nmact4,nmact5,nmact6,nmprior1,nmprior2,nmprior3,nmprior4,nmprior5,nmprior6,nmcond1,nmcond2,nmcond3,nmcond4,nmcond5,nmcond6,nmsafe_helmet,nmsafe_pads,nmsafe_oth,nmprev_ref,nmprev_lgt,nmprev_oth,crashlocation,nmcrashtype,crosswalk,schoolzone,sidewalk,train_inv,wildlife_inv,rotr_fars,intersect_fars,dd_inv,aid_inv,dpd_inv,id_inv,mj_inv,impnm_inv,ainm_inv,dpnm_inv,speed_inv,unlic_inv,unendmc_inv,drowsy_inv,drdist_inv,nmdist_inv,fty_inv,unrestfat_inv,dr1617_inv,dr1820_inv,dr1620_inv,dr2125_inv,dr1625_inv,dr65_inv,dr70_inv,dr75_inv,mc_inv,pv_inv,ht_inv,ped_inv,bike_inv,unrest_fat,mc_fat,unhelmet_mc,pv_fat,ht_fat,ped_fat,bike_fat,dr_alc7,dr_alc8,dr_drug,dr_imp,dr_dist,dr_spd,dr_fty,dr_unlic,dr_alc7only,dr_alc8only,dr_drugonly,dr_drink,nm_imp,nm_alc7,nm_alc8,nm_drug,nm_dist,agegrp1,agegrp2,roadclass,urbrur,dayweek,restuse,vehtype,race_me,intersect,lanedep,oppdir,wrongway,rep_typ,investag,repag_long,rotr,st_rd,cty_rd,city_rd,oth_rd,drug_thc,thc_res,drug_cthc,cthc_res,drug_cann,prevpersemin,prevperse,prevsusoth,drugtst4,drugtst5,drugtst6,drugtst7,drugtst8,drugres4,drugres5,drugres6,drugres7,drugres8,adspresent,adsengaged,adslevel,race1,race2,race3,race4,race5,helmet,helmetmisuse,nmdistract1,nmdistract2,nmdistract3,nmdistract4,nmdistract5,nmdistract6,lab,isedtcase,crf1,crf2,crf3,CoRoadName,CoMP,IntCoRoadName,IntCoMP,zipcode
2354,2019,512,E889208,160.0,02/02/2019,8:34,2,2,,33,King,1030,10,0.0,1,2,2,1,0,2,2,,,,12,0,2,0.0,2,0,3,3,2,4,6,0,0,0,0,S 212TH ST,FRAGER RD S,-122.2660333,47.412375,0,2,51,62,4,40,4,0,0,1,7,12,1,3,4,1,1,1,2,53,0,35,47,2013,0,0.0,12,,,,,,1,1,38,1,0.0,,2,0,3,0,11,8,,,,,0.0,0.0,0.0,3.0,1,0,0.0,0.0,0.0,96,,,,,,0,,,,,,98031.0,53,69.0,200.0,6.0,1.0,0.0,0.0,0.0,0.0,,0,,,,,,0,,,1,0,0,0,8.0,9,8,,,0,0.0,0.0,8,0,8.0,95.0,,,96.0,,,8,95,995.0,,,,,,,,,,,,,,,,,,,,,,,,,,,,,,0,0,0,1,0,0,0,0,0,0,0,0,0,1,0,0,0,0,0,1,0,0,0,0,0,0,0,0,0,1,0,0,0,0,0,,0,0,0,0,0,0,0,0,0,0,0,0,0,0,0,0,,,,,,36-40,36-45,City street,U,Saturday,Belt Used,PV,Not Fatal,0,1,1,0,City Street,Municipal/City Police,Kent Police Department,0,0,0,1,0,,,,,,0.0,0.0,0.0,,,,,,,,,,,98.0,98.0,98.0,0.0,,,,,20.0,7.0,,,,,,,,,,,,,,,,98032
2355,2019,513,E889136,290.0,02/03/2019,18:30,3,2,,53,Pierce,2230,10,0.0,3,2,2,1,0,1,1,,,,43,0,0,0.0,3,0,6,7,2,4,6,0,0,98,3,S PARK AVE,S 59TH ST,-122.4418778,47.203672222,0,1,6,12,2,25,5,0,0,1,7,43,1,1,2,1,1,1,1,53,0,63,33,2008,0,0.0,64,43.0,,,,,1,1,85,2,7.0,,4,0,99,7,11,8,02/04/2019,13:50,223053005107.0,5107.0,0.0,0.0,0.0,3.0,1,0,0.0,0.0,0.0,92,,,,,,99,,,,,,98444.0,53,62.0,160.0,6.0,1.0,0.0,0.0,0.0,0.0,,0,,,,,,0,,,1,0,0,0,0.0,9,8,,,0,0.0,0.0,8,9,2.0,1.0,,,1.0,,,2,1,0.0,,,,,,,,,,,,,,,,,,,,,,,,,,,,,,0,0,1,1,0,0,0,0,0,0,0,0,0,0,0,0,1,0,0,0,0,0,0,0,0,1,1,1,0,1,0,0,0,0,0,,1,0,0,0,0,0,0,0,1,0,0,0,0,0,0,0,,,,,,81+,76+,City street,U,Sunday,Unknown,PV,White,1,0,0,0,City Street,Municipal/City Police,Tacoma Police Department,0,0,0,1,0,,,,,,0.0,0.0,0.0,,,,,,,,,,,98.0,98.0,98.0,1.0,,,,,20.0,7.0,,,,,,,,,,,,,,,,98408
2356,2019,514,E900630,189.0,02/16/2019,19:41,16,2,,61,Snohomish,1280,2,0.0,3,2,2,1,1,1,1,,,,8,1,0,0.0,3,0,3,7,2,4,6,0,0,0,0,64TH ST NE,58TH DR NE,-122.1518194,48.053813889,0,1,13,80,5,35,49,0,0,1,5,8,1,1,5,5,1,99,9,99,0,99,999,9999,0,0.0,8,,,,,,1,1,999,9,0.0,,0,0,99,7,11,0,,,,,99.0,9.0,9.0,9.0,1,0,0.0,0.0,0.0,92,,,,,,99,,,,,,99999.0,99,,999.0,9.0,9.0,99.0,99.0,99.0,99.0,,97,,,,,,0,,,99,0,0,0,8.0,9,8,,,0,0.0,0.0,8,9,0.0,0.0,,,0.0,,,0,0,996.0,,,,,,,,,,,,,,,,,,,,,,,,,,,,,,0,0,0,1,0,0,0,0,0,1,0,1,0,0,0,0,1,0,0,0,0,0,0,0,0,0,0,0,0,1,0,1,0,0,0,,0,0,0,0,0,0,0,0,1,0,0,0,0,0,0,0,,,,,,,,City street,U,Saturday,Unknown,PV,Not Fatal,0,0,0,0,State Route,Municipal/City Police,Marysville Police Department,0,1,0,0,0,,,,,,99.0,99.0,99.0,,,,,,,,,,,98.0,98.0,98.0,0.0,,,,,20.0,7.0,,,,,,,,,,,,,,,,98270
2357,2019,515,E902970,290.0,03/17/2019,8:24,17,3,,53,Pierce,2230,1,0.0,1,1,2,1,0,3,3,,,,12,0,6,0.0,2,0,2,4,2,4,6,0,0,20,3,TACOMA AVE,S 36TH ST,-122.4391194,47.226327778,0,1,88,17,2,35,2,0,0,1,7,12,1,2,2,1,1,2,2,53,0,37,32,1990,0,0.0,12,14.0,,,,,1,1,36,2,7.0,,4,0,99,7,11,5,03/22/2019,6:07,223053015907.0,15907.0,0.0,0.0,0.0,2.0,1,39,0.0,0.0,0.0,96,,,,,,99,,,,,,98444.0,53,63.0,170.0,1.0,1.0,0.0,2.0,1.0,0.0,,37,75.0,,,,,0,09/15/2016,03/15/2019,20,0,0,0,0.0,9,8,,,0,0.0,0.0,8,9,2.0,401.0,417.0,,1.0,1.0,,2,1,0.0,,,,,,,,,,,,,,,,,,,,,,,,,,,,,,0,0,0,1,0,0,1,1,0,0,0,0,0,1,0,0,0,0,0,0,0,0,0,0,0,0,0,0,0,1,0,0,0,0,0,,1,0,0,0,0,0,1,1,0,0,0,1,0,0,1,0,,,,,,36-40,36-45,City street,U,Sunday,Unknown,PV,Multiracial,1,0,0,0,City Street,Municipal/City Police,Tacoma Police Department,0,0,0,1,0,,,,,,0.0,0.0,3.0,,,,,,,,,,,0.0,0.0,0.0,207.0,206.0,,,,20.0,7.0,,,,,,,,,,,,,,,,98408
2358,2019,515,E902970,290.0,03/17/2019,8:24,17,3,,53,Pierce,2230,1,0.0,1,1,2,1,0,3,3,,,,12,0,6,0.0,2,0,2,4,2,4,6,0,0,0,0,TACOMA AVE,S 36TH ST,-122.4391194,47.226327778,0,2,89,66,4,35,34,0,0,1,7,12,1,1,2,1,1,1,1,53,0,12,481,2006,0,0.0,12,63.0,38.0,,,,1,1,60,1,0.0,,1,0,3,0,11,5,,,,,0.0,0.0,0.0,3.0,1,0,0.0,0.0,0.0,96,,,,,,0,,,,,,98404.0,53,65.0,190.0,6.0,1.0,0.0,0.0,1.0,0.0,,0,,,,,,0,03/15/2019,03/15/2019,20,0,0,0,8.0,9,8,,,0,0.0,0.0,8,0,8.0,95.0,,,96.0,,,8,95,995.0,,,,,,,,,,,,,,,,,,,,,,,,,,,,,,0,0,0,1,0,0,1,1,0,0,0,0,0,1,0,0,0,0,0,0,0,0,0,0,0,0,0,0,0,1,0,0,0,0,0,,0,0,0,0,0,0,0,0,0,0,0,0,0,0,0,0,,,,,,56-60,56-65,City street,U,Sunday,Belt Used,PV,Not Fatal,1,0,0,0,City Street,Municipal/City Police,Tacoma Police Department,0,0,0,1,0,,,,,,0.0,0.0,0.0,,,,,,,,,,,98.0,98.0,98.0,0.0,,,,,20.0,7.0,,,,,,,,,,,,,,,,98408
2359,2019,516,3752636,263.0,04/20/2019,19:06,20,4,,33,King,1960,1,0.0,1,1,2,1,0,2,2,,,,12,0,6,0.0,2,0,3,3,2,4,6,0,0,20,3,35TH AVE,SW HUDSON ST,-122.3762806,47.557402778,0,1,82,15,2,30,14,0,0,1,7,12,1,1,2,1,11,1,1,53,0,48,401,2009,0,0.0,12,,,,,,1,1,98,1,7.0,,4,0,99,7,11,5,04/25/2019,21:35,196053019088.0,19088.0,0.0,0.0,3.0,3.0,1,38,0.0,0.0,0.0,96,,,,,,99,,,,,,98136.0,53,68.0,140.0,6.0,1.0,0.0,1.0,1.0,0.0,,0,,,,,,0,07/15/2018,07/15/2018,1,0,0,1,0.0,9,8,,,0,0.0,0.0,8,9,2.0,1.0,,,1.0,,,2,1,0.0,,,,,,,,,,,,,,,,,,,,,,,,,,,,,,0,0,0,1,0,0,0,0,0,0,0,0,0,0,0,0,0,0,1,0,0,0,0,0,0,1,1,1,0,1,0,0,0,0,0,,1,0,0,0,0,0,0,0,0,0,1,0,0,0,0,0,,,,,,81+,76+,City street,U,Saturday,Unknown,PV,White,1,0,0,0,City Street,Municipal/City Police,Seattle Police Department,0,0,0,1,0,,,,,,0.0,0.0,0.0,,,,,,,,,,,98.0,98.0,98.0,1.0,,,,,20.0,7.0,,,,,,,,,,,,,,,,98126
2360,2019,516,3752636,263.0,04/20/2019,19:06,20,4,,33,King,1960,1,0.0,1,1,2,1,0,2,2,,,,12,0,6,0.0,2,0,3,3,2,4,6,0,0,0,0,35TH AVE,SW HUDSON ST,-122.3762806,47.557402778,0,2,83,67,4,30,15,0,0,1,7,12,1,1,4,1,1,1,1,53,0,2,422,2018,0,0.0,12,,,,,,1,1,45,1,0.0,,2,0,99,7,11,0,,,,,0.0,0.0,0.0,3.0,1,0,0.0,0.0,0.0,96,,,,,,0,,,,,,98136.0,53,69.0,165.0,6.0,1.0,0.0,0.0,1.0,0.0,,0,,,,,,0,04/15/2018,04/15/2018,1,0,0,0,8.0,9,2,,,0,0.0,0.0,0,0,8.0,95.0,,,96.0,,,8,95,995.0,,,,,,,,,,,,,,,,,,,,,,,,,,,,,,0,0,0,1,0,0,0,0,0,0,0,0,0,0,0,0,0,0,1,0,0,0,0,0,0,1,1,1,0,1,0,0,0,0,0,,0,0,0,0,0,0,0,0,0,0,0,0,0,0,0,0,,,,,,41-45,36-45,City street,U,Saturday,Unknown,PV,Not Fatal,1,0,0,0,City Street,Municipal/City Police,Seattle Police Department,0,0,0,1,0,,,,,,0.0,0.0,0.0,,,,,,,,,,,98.0,98.0,98.0,0.0,,,,,20.0,7.0,,,,,,,,,,,,,,,,98126
2361,2019,517,E927292,278.0,06/05/2019,18:15,5,6,,63,Spokane,2110,1,0.0,1,1,2,1,1,1,1,,,,33,0,0,0.0,1,0,1,3,2,4,6,0,0,0,0,E SPRAGUE AVE,,-117.3580056,47.657247222,0,1,6,8,1,35,4,0,0,1,7,30,1,1,2,2,1,1,1,53,0,22,2,1992,0,0.0,64,33.0,69.0,63.0,9.0,59.0,1,1,76,1,7.0,,4,0,20,7,11,8,06/11/2019,14:44,211053027754.0,27754.0,0.0,0.0,0.0,3.0,1,0,0.0,0.0,0.0,0,,,,,,1,,,,,,99223.0,53,70.0,160.0,6.0,1.0,0.0,0.0,1.0,0.0,,0,,,,,,0,06/15/2019,06/15/2019,20,2,9,0,0.0,9,8,,,0,0.0,0.0,8,0,2.0,1.0,,,1.0,,,2,1,0.0,,,,,,,,,,,,,,,,,,,,,,,,,,,,,,0,0,1,0,0,0,0,0,0,0,0,0,0,0,0,0,0,0,0,1,0,0,0,0,0,1,1,1,0,1,0,0,1,1,0,,1,0,0,0,0,0,0,0,0,0,0,0,0,0,0,0,,,,,,76-80,76+,City street,U,Wednesday,Not Used,PV,White,0,0,0,0,City Street,Municipal/City Police,Spokane Police Department,0,0,0,1,0,,,,,,0.0,0.0,0.0,,,,,,,,,,,0.0,0.0,0.0,1.0,,,,,20.0,7.0,,,,,,,,,,,,,,,,99202
2362,2019,518,E920826,25.0,05/09/2019,14:44,9,5,,33,King,0,1,0.0,1,1,2,1,0,1,1,,,,34,0,0,9999.9,1,0,1,5,1,2,4,0,0,0,0,CR-CUMBERLAND KANASKET,,-121.8919694,47.315272222,0,1,1,13,2,98,14,0,0,1,7,34,3,1,2,1,14,1,1,53,0,37,402,2013,0,0.0,63,34.0,1.0,42.0,,,1,1,91,1,7.0,,4,0,3,0,11,8,05/20/2019,22:49,196053023266.0,23266.0,0.0,0.0,3.0,2.0,1,0,0.0,0.0,0.0,96,,,,,,0,,,,,,98051.0,53,70.0,167.0,4.0,1.0,0.0,0.0,3.0,0.0,,0,,,,,,0,11/15/2016,05/15/2019,8,0,0,0,0.0,9,8,,,0,0.0,0.0,8,0,8.0,95.0,,,96.0,,,8,95,995.0,,,,,,,,,,,,,,,,,,,,,,,,,,,,,,0,0,1,0,0,0,0,0,0,0,0,0,0,1,0,0,0,0,0,0,0,0,0,0,0,1,1,1,0,1,0,0,0,0,0,,1,0,0,0,0,0,0,0,0,0,0,1,0,0,0,0,,,,,,81+,76+,County road,R,Thursday,Belt Used,PV,White,0,1,0,0,County Road,County Sheriff,King County Police,1,0,1,0,0,,,,,,0.0,0.0,1.0,,,,,,,,,,,98.0,98.0,98.0,1.0,,,,,20.0,7.0,,,,,,,,,,,,,,,,98051
2363,2019,519,E935293,171.0,06/21/2019,22:23,21,6,,33,King,1107,1,0.0,2,1,2,1,1,1,1,,,,8,0,0,4.9,1,0,1,3,2,1,3,0,0,0,0,SR-522,,-122.2872611,47.742433333,0,1,13,80,5,40,5,0,0,1,7,8,1,2,6,5,1,1,1,53,0,37,37,2010,0,0.0,8,,,,,,1,1,45,2,0.0,,0,0,3,0,11,0,,,,,0.0,0.0,0.0,3.0,1,10,0.0,0.0,0.0,96,,,,,,0,,,,,,98103.0,53,61.0,120.0,6.0,1.0,0.0,0.0,1.0,0.0,,0,,,,,,0,06/15/2019,06/15/2019,20,0,0,0,8.0,9,8,,,0,0.0,0.0,8,0,8.0,95.0,,,96.0,,,8,95,995.0,,,,,,,,,,,,,,,,,,,,,,,,,,,,,,0,0,0,0,0,0,0,0,0,1,0,1,0,0,0,0,0,0,0,0,0,0,0,0,0,0,0,0,0,1,0,1,0,0,0,,0,0,0,0,0,0,0,0,0,0,0,0,0,0,0,0,,,,,,41-45,36-45,State route,U,Friday,Belt Used,PV,Not Fatal,0,0,0,0,State Route,Municipal/City Police,Lake Forest Park Police Department,0,1,0,0,0,,,,,,0.0,0.0,0.0,,,,,,,,,,,98.0,98.0,98.0,0.0,,,,,20.0,7.0,,,,,,,,,,,,,,,,98155
2364,2019,520,3805935,263.0,06/25/2019,20:26,25,6,,33,King,1960,1,0.0,1,1,2,1,0,2,2,,,,12,0,6,0.0,2,0,2,4,2,4,6,0,0,3,3,M L KING JR WAY S,S MCCLELLAN ST,-122.2962139,47.578336111,0,1,68,15,2,98,14,0,0,1,7,12,1,1,2,1,11,1,2,53,0,41,403,2013,0,0.0,12,,,,,,1,1,47,2,0.0,,0,0,98,7,11,0,,,,,0.0,0.0,0.0,3.0,1,0,0.0,0.0,0.0,96,,,,,,0,,,,,,98118.0,53,67.0,165.0,6.0,1.0,0.0,0.0,2.0,0.0,,97,,,,,,0,04/15/2016,06/15/2019,98,7,0,0,8.0,9,8,,,0,0.0,0.0,8,1,8.0,95.0,,,96.0,,,8,95,995.0,,,,,,,,,,,,,,,,,,,,,,,,,,,,,,0,0,0,1,1,0,0,0,0,0,0,0,0,0,0,0,0,0,0,0,0,0,0,0,0,0,0,0,1,1,0,0,0,0,0,,0,0,0,0,0,0,0,0,0,0,0,0,0,0,0,1,,,,,,46-50,46-55,City street,U,Tuesday,Unknown,PV,Not Fatal,1,0,0,0,City Street,Municipal/City Police,Seattle Police Department,0,0,0,1,0,,,,,,0.0,0.0,0.0,,,,,,,,,,,98.0,98.0,98.0,0.0,,,,,20.0,7.0,,,,,,,,,,,,,,,,98144
2365,2019,520,3805935,263.0,06/25/2019,20:26,25,6,,33,King,1960,1,0.0,1,1,2,1,0,2,2,,,,12,0,6,0.0,2,0,2,4,2,4,6,0,0,3,3,M L KING JR WAY S,S MCCLELLAN ST,-122.2962139,47.578336111,0,2,69,62,4,98,84,0,0,1,7,12,1,1,2,1,1,1,1,53,0,37,702,1981,0,0.0,12,,,,,,1,1,36,1,7.0,,4,0,20,7,11,8,06/27/2019,21:17,196053029232.0,29232.0,0.0,0.0,3.0,3.0,1,0,0.0,0.0,0.0,0,,,,,,99,,,,,,98105.0,53,70.0,170.0,6.0,1.0,0.0,0.0,0.0,0.0,,0,,,,,,0,,,20,8,0,0,0.0,9,8,,,0,0.0,0.0,8,9,2.0,1.0,,,1.0,,,2,1,0.0,,,,,,,,,,,,,,,,,,,,,,,,,,,,,,0,0,0,1,1,0,0,0,0,0,0,0,0,0,0,0,0,0,0,0,0,0,0,0,0,0,0,0,1,1,0,0,0,0,1,0.0,0,0,0,0,0,0,0,0,0,0,0,0,0,0,0,0,,,,,,36-40,36-45,City street,U,Tuesday,,OTHMC,White,1,0,0,0,City Street,Municipal/City Police,Seattle Police Department,0,0,0,1,0,,,,,,0.0,0.0,0.0,,,,,,,,,,,0.0,0.0,0.0,1.0,,,,,19.0,0.0,,,,,,,,,,,,,,,,98144
2366,2019,521,E964563,22.0,09/21/2019,18:14,21,9,,27,Grays Harbor,0,1,0.0,1,1,7,1,0,1,1,,,,30,0,0,9999.9,1,0,1,5,1,2,4,0,0,0,0,CR-MIDDLE SATSOP RD,,-123.5170417,47.049852778,0,1,1,13,2,40,34,0,0,1,5,30,1,1,2,1,1,1,1,53,0,20,481,1997,0,0.0,63,30.0,42.0,,,,1,1,74,1,7.0,,4,0,20,7,11,8,10/06/2019,4:27,196053044551.0,44551.0,0.0,0.0,3.0,3.0,1,0,0.0,0.0,0.0,96,,,,,,0,,,,,,98563.0,53,65.0,180.0,6.0,1.0,0.0,0.0,1.0,0.0,,0,,,,,,0,06/15/2019,06/15/2019,8,0,0,0,0.0,9,8,,,0,0.0,0.0,8,0,2.0,996.0,,,1.0,,,2,1,0.19,,,,,,,,,,,,,,,,,,,,,,,,,,,,,,0,0,1,0,1,1,1,1,0,0,0,0,0,0,0,0,0,0,0,1,0,0,0,0,0,1,1,0,0,1,0,0,0,1,0,,1,0,0,0,0,1,1,1,0,0,0,0,0,0,0,1,,,,,,71-75,66-75,County road,R,Saturday,Not Used,PV,Multiracial,0,1,0,0,County Road,County Sheriff,Grays Harbor County Sheriff's Offic,1,0,1,0,0,,,,,,0.0,0.0,0.0,,,,,,,,,,,0.0,0.0,0.0,201.0,203.0,,,,20.0,7.0,,,,,,,,,,,,,,,,98563
2367,2019,523,E986677,180.0,11/22/2019,20:32,22,11,,15,Cowlitz,1190,1,0.0,3,1,2,1,1,1,1,,,,8,0,0,0.0,1,0,1,3,2,4,6,0,0,0,0,OCEAN BEACH HIGHWAY,,-122.9583556,46.147280556,0,1,13,80,5,35,2,0,0,1,5,8,1,1,5,5,1,1,1,53,0,20,36,2002,0,0.0,8,,,,,,1,1,69,2,0.0,,0,0,3,0,11,0,,,,,0.0,0.0,3.0,3.0,1,0,0.0,0.0,0.0,96,,,,,,0,,,,,,98632.0,53,69.0,180.0,6.0,1.0,0.0,0.0,0.0,0.0,,0,,,,,,0,,,20,0,0,0,8.0,9,8,,,0,0.0,0.0,0,0,8.0,95.0,,,96.0,,,8,95,995.0,,,,,,,,,,,,,,,,,,,,,,,,,,,,,,0,0,0,0,0,0,0,0,0,1,1,0,0,0,0,0,0,1,0,0,0,0,0,0,0,1,0,0,0,1,0,1,0,0,0,,0,0,0,0,0,0,0,0,0,0,0,0,0,0,0,0,,,,,,66-70,66-75,City street,U,Friday,Belt Used,PV,Not Fatal,0,0,0,0,State Route,Municipal/City Police,Longview Police Department,0,1,0,0,0,,,,,,0.0,0.0,0.0,,,,,,,,,,,98.0,98.0,98.0,0.0,,,,,20.0,7.0,,,,,,,,,,,,,,,,98632
2368,2019,524,3810169,7.0,12/25/2019,11:52,25,12,,33,King,1960,1,0.0,1,1,2,1,0,3,1,,,,42,0,0,0.0,1,0,1,3,2,4,6,0,0,0,0,15 AVE NW,,-122.3767694,47.676305556,0,1,6,12,2,35,6,0,0,1,7,42,1,1,5,5,1,3,1,16,0,48,34,2000,0,0.0,68,64.0,42.0,,,,1,1,71,1,0.0,,0,0,99,7,11,0,,,,,0.0,0.0,0.0,3.0,1,0,0.0,0.0,0.0,0,,,,,,2,,,,,,98271.0,53,68.0,185.0,6.0,1.0,0.0,0.0,0.0,1.0,,0,,,,,,0,10/15/2019,10/15/2019,99,0,0,0,8.0,9,8,,,0,0.0,0.0,8,0,8.0,95.0,,,96.0,,,8,95,995.0,,,,,,,,,,,,,,,,,,,,,,,,,,,,,,0,0,1,0,0,0,0,0,0,0,0,0,0,0,0,1,0,0,0,0,0,0,0,0,0,1,1,0,0,1,0,0,0,0,0,,0,0,0,0,0,0,0,0,0,0,0,0,0,0,0,0,,,,,,71-75,66-75,City street,U,Wednesday,Unknown,PV,Not Fatal,0,1,0,0,City Street,Municipal/City Police,Seattle Police Department,1,0,0,1,0,,,,,,0.0,0.0,0.0,,,,,,,,,,,98.0,98.0,98.0,0.0,,,,,20.0,7.0,,,,,,,,,,,,,,,,98117
2369,2019,525,E947747,339.0,08/06/2019,11:45,6,8,,63,Spokane,2113,1,0.0,1,1,2,1,0,1,1,,,,1,0,0,0.0,1,0,1,4,2,4,6,0,0,0,0,N BOWDISH RD,,-117.2505806,47.660497222,0,1,98,8,1,35,80,0,0,1,5,1,1,1,2,1,1,1,1,53,0,72,706,2008,0,0.0,1,,,,,,1,1,48,1,1.0,,4,0,20,7,11,8,08/11/2019,16:45,211353035722.0,35722.0,0.0,0.0,0.0,3.0,1,26,0.0,0.0,0.0,93,,,,,,0,,,,,,99206.0,53,70.0,160.0,6.0,1.0,0.0,0.0,0.0,1.0,,58,,,,,,0,06/15/2016,06/15/2016,20,8,0,0,0.0,9,8,,,0,0.0,0.0,8,0,8.0,95.0,,,96.0,,,8,95,995.0,,,,,,,,,,,,,,,,,,,,,,,,,,,,,,0,0,0,0,0,0,0,0,0,0,0,0,0,0,0,0,1,0,0,0,0,0,0,0,0,0,0,0,1,0,0,0,0,0,1,0.0,0,0,0,0,0,0,0,0,1,0,0,0,0,0,0,0,,,,,,46-50,46-55,City street,U,Tuesday,,MC,Hispanic,1,0,0,0,City Street,Municipal/City Police,Spokane Valley Police Department,0,0,0,1,0,,,,,,0.0,0.0,0.0,,,,,,,,,,,0.0,0.0,0.0,1.0,,,,,19.0,0.0,,,,,,,,,,,,,,,,99206
2370,2019,526,E965708,263.0,09/30/2019,8:57,30,9,,33,King,1960,1,0.0,1,1,1,1,2,1,1,,,,8,1,0,0.0,3,0,3,3,2,4,6,0,0,20,3,NE 125TH ST,28TH AVE NE,-122.2976889,47.719294444,0,1,13,80,5,98,8,0,0,1,5,8,8,8,5,5,11,99,9,99,0,99,399,9999,0,0.0,8,8.0,,,,,1,1,999,9,0.0,,0,0,99,7,11,0,,,,,99.0,9.0,9.0,9.0,1,0,0.0,0.0,0.0,92,,,,,,99,,,,,,99999.0,99,,999.0,9.0,9.0,99.0,99.0,99.0,99.0,,97,,,,,,0,,,99,0,0,0,8.0,9,8,,,0,0.0,0.0,8,9,8.0,95.0,,,96.0,,,8,95,995.0,,,,,,,,,,,,,,,,,,,,,,,,,,,,,,0,0,0,1,0,0,0,0,0,0,0,0,0,0,0,0,1,0,0,0,0,0,0,0,0,0,0,0,0,1,0,1,0,0,0,,0,0,0,0,0,0,0,0,1,0,0,0,0,0,0,0,,,,,,,,City street,U,Monday,Unknown,PV,Not Fatal,1,0,0,0,City Street,Municipal/City Police,Seattle Police Department,0,0,0,1,0,,,,,,99.0,99.0,99.0,,,,,,,,,,,98.0,98.0,98.0,0.0,,,,,20.0,7.0,,,,,,,,,,,,,,,,98165
2371,2019,527,E977114,42.0,10/30/2019,6:28,30,10,,67,Thurston,0,1,0.0,3,1,2,1,0,3,2,,,,12,0,6,9999.9,2,0,3,5,1,2,4,1,0,20,3,CR-LITTLEROCK RD SW,110TH AVE SW,-122.9922444,46.927336111,0,1,82,15,2,50,14,0,0,1,2,12,1,1,2,1,11,2,2,53,0,37,403,2003,0,0.0,12,,,,,,1,1,59,2,0.0,,3,0,3,0,11,8,,,,,0.0,0.0,0.0,3.0,1,38,0.0,0.0,0.0,96,,,,,,0,,,,,,98512.0,53,61.0,180.0,6.0,1.0,0.0,0.0,0.0,0.0,,46,,,,,,0,,,20,0,0,0,8.0,9,8,,,0,0.0,0.0,8,0,8.0,95.0,,,96.0,,,8,95,995.0,,,,,,,,,,,,,,,,,,,,,,,,,,,,,,0,0,0,1,0,0,0,0,0,0,0,0,0,0,0,0,0,0,1,0,0,0,0,0,0,0,0,0,0,1,0,0,0,0,0,,0,0,0,0,0,0,0,0,0,0,1,0,0,0,0,0,,,,,,56-60,56-65,County road,R,Wednesday,Belt Used,PV,Not Fatal,1,0,0,0,County Road,County Sheriff,Thurston County Sheriff's Office,0,0,1,0,0,,,,,,0.0,0.0,0.0,,,,,,,,,,,98.0,98.0,98.0,0.0,,,,,20.0,7.0,,,,,,,,,,,,,,,,98512