,year,case,par,repjur,crash_dt,crash_tm,accday,accmon,holiday,county,co_char,city,weather,weather2,lightcond,surfcond,surftype,numfatal,nmforms,pforms,vforms,not_tm,arr_tm,hosp_tm,fhevent,hitrun,manncol,milepnt,reljunc,reljuncinter,intersectiontype,funcsystem,landuse,ownership,route,schlbus,spejur,contdev,devfunc,trafid1,trafid2,x,y,wk_zone,vnumber,crashtype,criticalevent,criticaleventcat,spdlim,body,trailer,emerg,hazcargo,leave,mhevent,roadalgn,roadprof,traflane,trafflow,vehmanvr,numoccs,regowner,regstate,spuse,make,model,modelyr,vrf1,vrf2,seqevent1,seqevent2,seqevent3,seqevent4,seqevent5,seqevent6,pnumber,ptype,age,sex,hispanic,race,injury,diedscene,restraint,restraintmisuse,seatpos,takehosp,death_dt,death_tm,cert,cernum_wa,commlic,licendor,licrestrict,liccomp,drivpres,drf1,drf2,drf3,drf4,distract1,distract2,distract3,distract4,distract5,distract6,dricond1,dricond2,dricond3,dricond4,dricond5,dricond6,dzip,licstate,drhgt_in,weight,noncdl,noncdltype,prevdwi,prevoth,prevacc,prevspd,prevsus,driviol1,driviol2,driviol3,driviol4,driviol5,driviol6,spdrel,first_dt,last_dt,airbag,ejection,ejectpath,extricat,injurwrk,methalc,methdrug,nmlocat,strikveh,prf1,prf2,prf3,druginv,alcinvol,drugsts,drugres1,drugres2,drugres3,drugtst1,drugtst2,drugtst3,alcsts,alctst,alcres,nmact1,nmact2,nmact3,nmact4,nmact5,nmact6,nmprior1,nmprior2,nmprior3,nmprior4,nmprior5,nmprior6,nmcond1,nmcond2,nmcond3,nmcond4,nmcond5,nmcond6,nmsafe_helmet,nmsafe_pads,nmsafe_oth,nmprev_ref,nmprev_lgt,nmprev_oth,crashlocation,nmcrashtype,crosswalk,schoolzone,sidewalk,train_inv,wildlife_inv,rotr_fars,intersect_fars,dd_inv,aid_inv,dpd_inv,id_inv,mj_inv,impnm_inv,ainm_inv,dpnm_inv,speed_inv,unlic_inv,unendmc_inv,drowsy_inv,drdist_inv,nmdist_inv,fty_inv,unrestfat_inv,dr1617_inv,dr1820_inv,dr1620_inv,dr2125_inv,dr1625_inv,dr65_inv,dr70_inv,dr75_inv,mc_inv,pv_inv,ht_inv,ped_inv,bike_inv,unrest_fat,mc_fat,unhelmet_mc,pv_fat,ht_fat,ped_fat,bike_fat,dr_alc7,dr_alc8,dr_drug,dr_imp,dr_dist,dr_spd,dr_fty,dr_unlic,dr_alc7only,dr_alc8only,dr_drugonly,dr_drink,nm_imp,nm_alc7,nm_alc8,nm_drug,nm_dist,agegrp1,agegrp2,roadclass,urbrur,dayweek,restuse,vehtype,race_me,intersect,lanedep,oppdir,wrongway,rep_typ,investag,repag_long,rotr,st_rd,cty_rd,city_rd,oth_rd,drug_thc,thc_res,drug_cthc,cthc_res,drug_cann,prevpersemin,prevperse,prevsusoth,drugtst4,drugtst5,drugtst6,drugtst7,drugtst8,drugres4,drugres5,drugres6,drugres7,drugres8,adspresent,adsengaged,adslevel,race1,race2,race3,race4,race5,helmet,helmetmisuse,nmdistract1,nmdistract2,nmdistract3,nmdistract4,nmdistract5,nmdistract6,lab,isedtcase,crf1,crf2,crf3,CoRoadName,CoMP,IntCoRoadName,IntCoMP,zipcode
2391,2020,13,EA04977,205.0,01/16/2020,11:39,16,1,,57,Skagit,1410,10,,1,2,2,1,0,4,2,11:39,11:46,11:50,12,0,6,0.0,2,0,2,5,2,4,6,0,0,3,3,N 18TH ST,E Fir St,-122.318925,48.428391667,0,2,69,62,4,25,67,0,0,1,5,12,1,2,3,1,1,1,1,53,0,7,880,2015,0,,12,63.0,30.0,,,,1,1,26,1,0.0,,0,0,3,0,11,0,,,,,0.0,0.0,0.0,3.0,1,0,,,,96,,,,,,98,,,,,,98233.0,53,71.0,175.0,6.0,1.0,0.0,3.0,0.0,0.0,,0,,,,,,0,09/15/2017,08/15/2018,20,0,0,0,8.0,9,8,,,0,,,8,8,8.0,95.0,,,96.0,,,8,95,995.0,,,,,,,,,,,,,,,,,,,,,,,,,,,,,,0,0,0,1,0,0,0,0,0,0,0,0,0,0,0,0,0,0,1,1,0,0,0,0,0,0,0,0,0,1,1,0,0,0,0,,0,0,0,0,0,0,0,0,0,0,0,0,0,0,0,0,,,,,,26-30,26-35,City street,U,Thursday,,MHTRUCK,Not Fatal,1,0,0,0,City Street,Municipal/City Police,Mount Vernon Police Department,0,0,0,1,0,,,,,,0.0,0.0,0.0,,,,,,,,,,,98.0,98.0,98.0,0.0,,,,,20.0,7.0,,,,,,,,1.0,0.0,,,,,,,98273
2392,2020,14,EA05178,2.0,01/09/2020,1:35,9,1,,57,Skagit,0,10,,2,4,2,1,0,1,1,1:33,1:46,,53,0,0,8.0,1,0,1,5,1,1,3,0,0,0,0,SR-011,,-122.4220361,48.580894444,0,1,7,11,2,50,2,0,0,1,2,1,1,1,2,1,1,1,1,53,0,20,22,2007,0,,63,69.0,68.0,64.0,53.0,1.0,1,1,25,2,1.0,,4,7,20,7,11,0,01/09/2020,1:35,53001176.0,1176.0,0.0,0.0,3.0,3.0,1,58,,,,96,,,,,,9,,,,,,98292.0,53,64.0,125.0,6.0,1.0,0.0,1.0,0.0,3.0,,0,,,,,,4,06/15/2016,11/15/2018,1,1,9,0,0.0,9,8,,,0,,,8,1,2.0,695.0,605.0,,1.0,1.0,,2,1,0.145,,,,,,,,,,,,,,,,,,,,,,,,,,,,,,0,0,0,0,1,1,1,1,1,0,0,0,1,0,0,0,0,0,0,1,0,0,0,1,1,0,0,0,0,1,0,0,0,1,0,,1,0,0,0,0,1,1,1,0,1,0,0,0,0,0,1,,,,,,21-25,16-25,State route,R,Thursday,Not Used,PV,Hispanic,0,1,0,0,State Route,State Patrol,Washington State Patrol,1,1,0,0,0,thc,23.0,carboxy-thc,97.0,,0.0,0.0,1.0,,,,,,,,,,,98.0,98.0,98.0,201.0,298.0,,,,20.0,7.0,,,,,,,nms,1.0,0.0,,,,,,,98232
2393,2020,15,EA05796,222.0,01/09/2020,7:24,9,1,,67,Thurston,1590,4,,3,2,2,1,1,1,1,,,,8,0,0,0.0,3,0,3,4,2,4,6,0,0,3,3,LILLY RD NE,Woodard Green Dr NE,-122.8443972,47.057888889,0,1,13,80,5,35,15,0,0,1,2,8,1,1,3,1,1,1,1,53,0,20,423,2018,0,,8,,,,,,1,1,54,1,0.0,,0,0,3,0,11,0,,,,,0.0,0.0,0.0,3.0,1,10,,,,0,,,,,,0,,,,,,98532.0,53,71.0,260.0,6.0,1.0,0.0,0.0,0.0,1.0,,0,,,,,,0,05/15/2019,05/15/2019,20,0,0,0,8.0,2,2,,,0,,,8,0,0.0,0.0,,,0.0,,,2,10,0.0,,,,,,,,,,,,,,,,,,,,,,,,,,,,,,0,0,0,1,0,0,0,0,0,0,0,0,0,0,0,0,0,1,0,0,0,0,0,0,0,0,0,0,0,1,0,1,0,0,0,,0,0,0,0,0,0,0,0,0,0,0,0,0,0,0,0,,,,,,51-55,46-55,City street,U,Thursday,Belt Used,PV,Not Fatal,1,0,0,0,City Street,Municipal/City Police,Olympia Police Department,0,0,0,1,0,,,,,,0.0,0.0,0.0,,,,,,,,,,,98.0,98.0,98.0,0.0,,,,,20.0,7.0,,,,,,,,1.0,0.0,,,,,,,98506
2394,2020,16,EA06709,3.0,01/20/2020,19:05,20,1,,53,Pierce,0,1,,2,1,2,1,0,4,2,19:15,19:39,20:20,12,0,2,29.3,1,0,1,4,1,1,3,0,0,0,0,SR-7,,-122.3259667,46.864936111,0,1,50,10,2,50,4,0,0,1,2,12,2,1,2,1,14,1,1,53,0,30,40,2016,0,,68,12.0,,,,,1,1,21,1,0.0,,3,0,3,0,11,5,,,,,0.0,0.0,0.0,3.0,1,91,,,,9,,,,,,0,,,,,,98407.0,53,74.0,190.0,6.0,1.0,0.0,2.0,1.0,0.0,,2,,,,,,0,12/15/2017,08/15/2018,8,0,0,0,8.0,9,8,,,0,,,8,8,0.0,0.0,,,0.0,,,0,0,996.0,,,,,,,,,,,,,,,,,,,,,,,,,,,,,,0,0,0,0,0,0,0,0,0,0,0,0,0,0,0,0,1,0,0,0,0,0,0,1,1,1,0,0,0,1,0,0,0,0,0,,0,0,0,0,0,0,0,0,1,0,0,0,0,0,0,0,,,,,,21-25,16-25,State route,R,Monday,Belt Used,PV,Not Fatal,0,1,1,0,State Route,State Patrol,Washington State Patrol,0,1,0,0,0,,,,,,0.0,0.0,0.0,,,,,,,,,,,98.0,98.0,98.0,0.0,,,,,20.0,7.0,,,,,,,,1.0,0.0,,,,,,,98328
2395,2020,16,EA06709,3.0,01/20/2020,19:05,20,1,,53,Pierce,0,1,,2,1,2,1,0,4,2,19:15,19:39,20:20,12,0,2,29.3,1,0,1,4,1,1,3,0,0,0,0,SR-7,,-122.3259667,46.864936111,0,2,51,62,4,50,34,0,0,1,2,12,3,1,2,1,14,3,1,53,0,37,471,2006,0,,12,,,,,,1,1,67,1,0.0,,3,0,3,0,11,5,,,,,0.0,0.0,0.0,3.0,1,0,,,,96,,,,,,0,,,,,,98328.0,53,73.0,210.0,6.0,1.0,0.0,0.0,2.0,1.0,,0,,,,,,0,12/15/2017,01/15/2019,8,0,0,0,8.0,9,8,,,0,,,8,8,0.0,0.0,,,0.0,,,0,0,996.0,,,,,,,,,,,,,,,,,,,,,,,,,,,,,,0,0,0,0,0,0,0,0,0,0,0,0,0,0,0,0,1,0,0,0,0,0,0,1,1,1,0,0,0,1,0,0,0,0,0,,0,0,0,0,0,0,0,0,0,0,0,0,0,0,0,0,,,,,,66-70,66-75,State route,R,Monday,Belt Used,PV,Not Fatal,0,1,1,0,State Route,State Patrol,Washington State Patrol,0,1,0,0,0,,,,,,0.0,0.0,0.0,,,,,,,,,,,98.0,98.0,98.0,0.0,,,,,20.0,7.0,,,,,,,,1.0,0.0,,,,,,,98328
2396,2020,17,EA06826,8.0,01/04/2020,16:28,4,1,,45,Mason,0,2,,2,2,2,2,0,5,2,16:32,16:39,,12,0,2,0.4,1,0,1,5,1,2,4,0,0,0,0,CR-NE BELFAIR TAHUYA RD,,-122.896775,47.43155,0,1,50,10,2,35,67,0,0,1,2,12,2,2,2,1,14,1,1,53,0,12,880,2013,0,,68,12.0,,,,,1,1,51,1,0.0,,0,0,3,0,11,0,,,,,0.0,0.0,0.0,3.0,1,28,,,,96,,,,,,9,,,,,,98528.0,53,75.0,200.0,6.0,1.0,0.0,0.0,0.0,0.0,,97,,,,,,0,,,1,0,0,0,8.0,9,8,,,0,,,8,1,2.0,1.0,,,1.0,,,2,1,0.23,,,,,,,,,,,,,,,,,,,,,,,,,,,,,,0,0,0,0,1,1,0,1,0,0,0,0,0,0,0,0,0,0,0,1,1,0,1,0,1,0,0,0,0,1,1,0,0,0,0,,0,0,0,0,0,1,0,1,0,0,0,0,0,1,0,1,,,,,,51-55,46-55,County road,R,Saturday,,MHTRUCK,Not Fatal,0,1,1,0,County Road,State Patrol,Washington State Patrol,0,0,1,0,0,,,,,,0.0,0.0,0.0,,,,,,,,,,,98.0,98.0,98.0,0.0,,,,,20.0,7.0,,,,,,,,1.0,0.0,,,BELFAIR TAHUYA RD,0.383,,,98528
2397,2020,17,EA06826,8.0,01/04/2020,16:28,4,1,,45,Mason,0,2,,2,2,2,2,0,5,2,16:32,16:39,,12,0,2,0.4,1,0,1,5,1,2,4,0,0,0,0,CR-NE BELFAIR TAHUYA RD,,-122.896775,47.43155,0,2,51,62,4,35,34,0,0,1,2,12,3,2,2,1,14,4,2,53,0,12,471,1998,0,,12,,,,,,1,1,17,1,0.0,,3,0,3,0,11,4,,,,,99.0,9.0,9.0,9.0,1,0,,,,96,,,,,,0,,,,,,98524.0,99,,999.0,9.0,9.0,99.0,99.0,99.0,99.0,,0,,,,,,0,,,1,0,0,0,8.0,9,8,,,0,,,8,8,0.0,0.0,,,0.0,,,0,0,996.0,,,,,,,,,,,,,,,,,,,,,,,,,,,,,,0,0,0,0,1,1,0,1,0,0,0,0,0,0,0,0,0,0,0,1,1,0,1,0,1,0,0,0,0,1,1,0,0,0,0,,0,0,0,0,0,0,0,0,0,0,0,0,0,0,0,0,,,,,,16-17,16-25,County road,R,Saturday,Belt Used,PV,Not Fatal,0,1,1,0,County Road,State Patrol,Washington State Patrol,0,0,1,0,0,,,,,,99.0,99.0,99.0,,,,,,,,,,,0.0,0.0,0.0,0.0,,,,,20.0,7.0,,,,,,,,1.0,0.0,,,BELFAIR TAHUYA RD,0.383,,,98528
2398,2020,18,EA07317,7.0,01/25/2020,11:21,25,1,,33,King,0,2,,1,2,2,1,0,2,2,11:24,11:35,12:30,12,0,2,27.5,1,0,1,3,1,1,3,0,0,0,0,SR-18,,-121.8864278,47.495594444,0,1,50,10,2,55,14,0,0,1,2,12,1,1,3,1,1,1,2,53,0,12,402,2013,0,,68,12.0,,,,,1,1,47,2,7.0,,4,7,99,7,11,0,01/25/2020,11:21,53004641.0,4641.0,0.0,0.0,0.0,3.0,1,28,38.0,,,96,,,,,,8,,,,,,98045.0,53,65.0,220.0,6.0,1.0,0.0,0.0,0.0,1.0,,0,,,,,,0,04/15/2015,03/15/2015,8,0,0,0,0.0,9,8,,,0,,,8,8,2.0,1.0,,,1.0,,,2,1,997.0,,,,,,,,,,,,,,,,,,,,,,,,,,,,,,0,0,0,0,0,0,0,0,0,0,0,0,0,0,0,0,0,0,1,0,0,0,0,0,0,0,0,0,0,1,1,0,0,0,0,,1,0,0,0,0,0,0,0,0,0,1,0,0,0,0,0,,,,,,46-50,46-55,State route,R,Saturday,Unknown,PV,White,0,1,1,0,State Route,State Patrol,Washington State Patrol,0,1,0,0,0,,,,,,0.0,0.0,1.0,,,,,,,,,,,98.0,98.0,98.0,1.0,,,,,20.0,7.0,,,,,,,,1.0,0.0,,,,,,,98065
2399,2020,18,EA07317,7.0,01/25/2020,11:21,25,1,,33,King,0,2,,1,2,2,1,0,2,2,11:24,11:35,12:30,12,0,2,27.5,1,0,1,3,1,1,3,0,0,0,0,SR-18,,-121.8864278,47.495594444,0,2,51,62,4,55,66,1,0,1,2,12,1,1,3,1,1,1,2,2,0,87,884,2018,0,,12,,,,,,1,1,46,1,0.0,,1,0,20,7,11,5,,,,,6.0,1.0,0.0,3.0,1,0,,,,96,,,,,,0,,,,,,98372.0,53,73.0,220.0,6.0,1.0,0.0,1.0,0.0,3.0,,0,,,,,,0,05/15/2016,05/15/2019,20,0,0,0,8.0,9,8,,,0,,,8,8,0.0,0.0,,,0.0,,,0,0,996.0,,,,,,,,,,,,,,,,,,,,,,,,,,,,,,0,0,0,0,0,0,0,0,0,0,0,0,0,0,0,0,0,0,1,0,0,0,0,0,0,0,0,0,0,1,1,0,0,0,0,,0,0,0,0,0,0,0,0,0,0,0,0,0,0,0,0,,,,,,46-50,46-55,State route,R,Saturday,,MHTRUCK,Not Fatal,0,1,1,0,State Route,State Patrol,Washington State Patrol,0,1,0,0,0,,,,,,0.0,0.0,0.0,,,,,,,,,,,98.0,98.0,98.0,0.0,,,,,20.0,7.0,,,,,,,,1.0,0.0,,,,,,,98065
2400,2020,19,EA08187,184.0,01/26/2020,22:58,26,1,,61,Snohomish,1215,10,,3,2,2,1,2,1,1,22:59,23:07,23:31,8,0,0,4.4,1,0,1,3,2,1,3,0,0,0,0,SR-524,,-122.3001639,47.821091667,0,1,13,80,5,35,4,0,0,1,2,8,1,1,5,5,1,1,2,53,0,49,40,1997,0,,8,8.0,,,,,1,1,19,2,0.0,,0,0,3,0,11,0,,,,,0.0,0.0,0.0,3.0,1,0,,,,96,,,,,,0,,,,,,98012.0,53,64.0,140.0,6.0,1.0,0.0,0.0,0.0,0.0,,0,,,,,,0,,,20,0,0,0,8.0,9,8,,,0,,,8,8,8.0,95.0,,,96.0,,,8,95,995.0,,,,,,,,,,,,,,,,,,,,,,,,,,,,,,0,0,0,0,0,0,0,0,0,0,0,0,0,0,0,0,0,0,0,0,0,1,1,0,1,0,0,0,0,1,0,1,0,0,0,,0,0,0,0,0,0,0,0,0,0,0,0,0,0,0,0,,,,,,18-20,16-25,State route,U,Sunday,Belt Used,PV,Not Fatal,0,0,0,0,State Route,Municipal/City Police,Lynnwood Police Department,0,1,0,0,0,,,,,,0.0,0.0,0.0,,,,,,,,,,,0.0,0.0,0.0,0.0,,,,,20.0,7.0,,,,,,,,1.0,0.0,,,,,,,98036
2401,2020,20,EA08254,305.0,01/21/2020,6:29,21,1,,11,Clark,2370,10,,3,2,2,2,2,1,1,,,,8,0,0,0.0,1,0,1,3,2,4,6,0,0,0,0,NE 112TH AVE,,-122.5579389,45.638675,0,1,13,80,5,35,34,0,0,1,5,8,1,2,5,5,1,1,1,53,0,20,481,1995,0,,8,8.0,,,,,1,1,19,1,0.0,,0,0,3,0,11,0,,,,,0.0,0.0,3.0,3.0,1,10,,,,0,,,,,,0,,,,,,98607.0,53,71.0,150.0,6.0,1.0,0.0,0.0,0.0,0.0,,0,,,,,,0,,,20,0,0,0,8.0,9,8,,,0,,,8,8,2.0,1.0,,,1.0,,,2,1,0.0,,,,,,,,,,,,,,,,,,,,,,,,,,,,,,0,0,0,0,0,0,0,0,0,1,0,1,0,0,0,0,0,0,0,0,0,1,1,0,1,0,0,0,0,1,0,1,0,0,0,,0,0,0,0,0,0,0,0,0,0,0,0,0,0,0,0,,,,,,18-20,16-25,City street,U,Tuesday,Belt Used,PV,Not Fatal,0,0,0,0,City Street,Municipal/City Police,Vancouver Police Department,0,0,0,1,0,,,,,,0.0,0.0,0.0,,,,,,,,,,,0.0,0.0,0.0,0.0,,,,,20.0,7.0,,,,,,,,1.0,0.0,,,,,,,98664
2402,2020,21,EA08257,47.0,01/14/2020,7:33,14,1,,27,Grays Harbor,10,1,,3,1,2,1,1,1,1,7:35,7:39,7:56,8,1,0,0.0,3,0,2,5,2,4,6,0,0,20,3,E 1ST ST,N G St,-123.8161556,46.977694444,0,1,13,80,5,35,34,0,0,1,5,8,1,1,2,1,10,1,2,53,0,12,481,1993,0,,8,,,,,,1,1,22,1,0.0,,0,0,99,7,11,0,,,,,0.0,0.0,0.0,2.0,1,0,,,,92,,,,,,98,,,,,,98550.0,53,69.0,140.0,1.0,1.0,0.0,1.0,0.0,3.0,,97,,,,,,0,02/15/2015,03/15/2019,20,0,0,0,8.0,9,8,,,0,,,8,8,8.0,95.0,,,96.0,,,8,95,995.0,,,,,,,,,,,,,,,,,,,,,,,,,,,,,,0,0,0,1,0,0,0,0,0,1,0,1,0,1,0,0,1,0,0,0,0,0,0,1,1,0,0,0,0,1,0,1,0,0,0,,0,0,0,0,0,0,0,0,1,0,0,1,0,0,0,0,,,,,,21-25,16-25,City street,U,Tuesday,Unknown,PV,Not Fatal,1,0,0,0,City Street,Municipal/City Police,Aberdeen Police Department,0,0,0,1,0,,,,,,0.0,0.0,7.0,,,,,,,,,,,0.0,0.0,0.0,0.0,,,,,20.0,7.0,,,,,,,,1.0,0.0,,,,,,,98520
2403,2020,22,EA08634,7.0,01/13/2020,22:15,13,1,,33,King,1030,4,,3,4,1,1,0,1,1,,,,42,0,0,146.8,1,0,1,1,2,1,1,0,0,0,0,I-5,,-122.2961583,47.358263889,0,1,2,6,1,60,14,0,0,1,2,42,2,1,5,3,14,1,2,53,0,12,401,2003,0,,63,42.0,1.0,,,,1,1,24,2,7.0,,4,7,3,0,11,0,01/13/2020,22:15,103053002190.0,2190.0,0.0,0.0,0.0,3.0,1,0,,,,5,,,,,,98,,,,,,98391.0,53,63.0,140.0,6.0,1.0,0.0,0.0,0.0,0.0,,0,,,,,,4,,,20,0,0,0,0.0,9,8,,,0,,,8,8,2.0,605.0,,,1.0,,,2,1,0.0,,,,,,,,,,,,,,,,,,,,,,,,,,,,,,0,0,0,0,0,0,1,1,1,0,0,0,1,0,0,0,1,0,0,0,0,0,0,1,1,0,0,0,0,1,0,0,0,0,0,,1,0,0,0,0,0,1,1,1,1,0,0,0,0,1,0,,,,,,21-25,16-25,Interstate,U,Monday,Belt Used,PV,White,0,1,0,0,State Route,State Patrol,Washington State Patrol,1,1,0,0,0,thc,2.4,,,,0.0,0.0,0.0,,,,,,,,,,,98.0,98.0,98.0,1.0,,,,,20.0,7.0,,,,,,,nms,1.0,0.0,,,,,,,98089
2404,2020,24,EA09361,1.0,01/23/2020,12:22,23,1,,39,Klickitat,0,2,,1,2,2,1,0,1,1,12:26,12:45,,42,0,0,2.7,1,0,1,7,1,2,4,0,0,0,0,CR-GARRISON RD,,-120.9751083,45.894680556,0,1,6,12,2,98,14,0,0,1,2,42,2,2,2,1,14,1,1,53,0,37,402,2018,0,,68,64.0,42.0,,,,1,1,73,2,7.0,,4,7,1,0,11,0,01/23/2020,12:46,53004295.0,4295.0,0.0,0.0,0.0,3.0,1,0,,,,96,,,,,,0,,,,,,98620.0,53,58.0,130.0,6.0,1.0,0.0,0.0,0.0,0.0,,0,,,,,,0,,,8,0,0,0,1.0,9,8,,,0,,,8,8,2.0,1.0,,,1.0,,,2,1,0.0,,,,,,,,,,,,,,,,,,,,,,,,,,,,,,0,0,1,0,0,0,0,0,0,0,0,0,0,0,0,0,0,0,0,0,0,0,0,0,0,1,1,0,0,1,0,0,0,0,0,,1,0,0,0,0,0,0,0,0,0,0,0,0,0,0,0,,,,,,71-75,66-75,County road,R,Thursday,Belt Used,PV,White,0,1,0,0,County Road,County Sheriff,Klickitat County Sheriff's Office,1,0,1,0,0,,,,,,0.0,0.0,0.0,,,,,,,,,,,98.0,98.0,98.0,1.0,,,,,20.0,7.0,,,,,,,,1.0,0.0,,,GARRISON RD,2.685,,,98620
2405,2020,25,EA10311,184.0,01/31/2020,18:58,31,1,,61,Snohomish,1215,2,,3,2,2,1,1,3,1,,,,8,0,0,40.1,3,0,2,3,2,1,3,0,0,3,3,SR-99,200TH ST SW,-122.3181833,47.817586111,0,1,13,80,5,45,34,0,0,1,5,8,1,1,7,1,1,3,1,53,0,12,481,2013,0,,8,,,,,,1,1,33,1,0.0,,0,0,3,0,11,0,,,,,0.0,0.0,3.0,3.0,1,0,,,,96,,,,,,0,,,,,,98133.0,53,68.0,205.0,6.0,1.0,0.0,0.0,0.0,2.0,,0,,,,,,0,05/15/2017,02/15/2018,20,0,0,0,8.0,9,8,,,0,,,8,8,0.0,0.0,,,0.0,,,0,0,996.0,,,,,,,,,,,,,,,,,,,,,,,,,,,,,,0,0,0,1,0,0,0,0,0,0,0,0,0,0,0,0,0,0,0,0,0,0,0,0,0,0,0,0,0,1,0,1,0,0,0,,0,0,0,0,0,0,0,0,0,0,0,0,0,0,0,0,,,,,,31-35,26-35,State route,U,Friday,Belt Used,PV,Not Fatal,1,0,0,0,State Route,Municipal/City Police,Lynnwood Police Department,0,1,0,0,0,,,,,,0.0,0.0,0.0,,,,,,,,,,,98.0,98.0,98.0,0.0,,,,,20.0,7.0,,,,,,,,1.0,0.0,,,,,,,98026
2406,2020,26,EA11449,3.0,01/30/2020,21:21,30,1,,53,Pierce,0,2,,2,2,2,1,0,2,2,21:25,21:34,22:06,12,0,6,4.6,4,0,1,3,2,1,3,0,3,0,0,SR-167,,-122.3237,47.207294444,0,1,82,15,2,45,4,0,0,1,2,12,1,1,5,5,11,1,2,53,0,55,36,2008,0,,12,,,,,,1,1,58,1,7.0,,4,7,3,0,11,0,01/30/2020,21:21,177053005198.0,5198.0,0.0,0.0,3.0,3.0,1,38,,,,96,,,,,,9,,,,,,98371.0,53,70.0,230.0,6.0,1.0,0.0,2.0,0.0,1.0,,0,,,,,,0,07/15/2016,07/15/2018,8,0,0,0,0.0,1,8,,,0,,,8,1,2.0,1.0,,,1.0,,,2,1,0.235,,,,,,,,,,,,,,,,,,,,,,,,,,,,,,0,0,0,0,1,1,0,1,0,0,0,0,0,0,0,0,0,0,1,0,0,0,0,1,1,0,0,0,0,1,0,0,0,0,0,,1,0,0,0,0,1,0,1,0,0,1,0,0,1,0,1,,,,,,56-60,56-65,State route,U,Thursday,Belt Used,PV,White,0,0,0,0,State Route,State Patrol,Washington State Patrol,0,1,0,0,0,,,,,,0.0,0.0,0.0,,,,,,,,,,,98.0,98.0,98.0,1.0,,,,,20.0,7.0,,,,,,,,1.0,0.0,,,,,,,98371
2407,2020,26,EA11449,3.0,01/30/2020,21:21,30,1,,53,Pierce,0,2,,2,2,2,1,0,2,2,21:25,21:34,22:06,12,0,6,4.6,4,0,1,3,2,1,3,0,3,0,0,SR-167,,-122.3237,47.207294444,0,2,83,67,4,45,34,0,0,1,2,12,1,1,5,5,1,1,1,41,0,7,482,2017,0,,12,,,,,,1,1,25,1,0.0,,1,0,3,0,11,5,,,,,0.0,0.0,0.0,3.0,1,0,,,,96,,,,,,0,,,,,,97058.0,41,71.0,195.0,6.0,1.0,0.0,2.0,0.0,1.0,,0,,,,,,0,08/15/2018,10/15/2019,8,0,0,0,8.0,9,8,,,0,,,8,8,0.0,0.0,,,0.0,,,0,0,996.0,,,,,,,,,,,,,,,,,,,,,,,,,,,,,,0,0,0,0,1,1,0,1,0,0,0,0,0,0,0,0,0,0,1,0,0,0,0,1,1,0,0,0,0,1,0,0,0,0,0,,0,0,0,0,0,0,0,0,0,0,0,0,0,0,0,0,,,,,,21-25,16-25,State route,U,Thursday,Belt Used,PV,Not Fatal,0,0,0,0,State Route,State Patrol,Washington State Patrol,0,1,0,0,0,,,,,,0.0,0.0,0.0,,,,,,,,,,,98.0,98.0,98.0,0.0,,,,,20.0,7.0,,,,,,,,1.0,0.0,,,,,,,98371
2408,2020,27,EA12581,6.0,01/27/2020,6:18,27,1,,37,Kittitas,0,1,,2,4,2,1,0,4,1,,,,1,0,0,103.3,1,0,1,1,1,1,1,0,0,0,0,I-90,,-120.6064444,47.017161111,0,1,7,6,1,70,34,0,0,1,2,1,1,1,2,2,1,4,1,53,0,20,482,2005,0,,64,1.0,,,,,1,1,48,1,0.0,,2,0,3,0,11,5,,,,,0.0,0.0,0.0,3.0,1,58,87.0,,,96,,,,,,0,,,,,,98023.0,53,68.0,200.0,6.0,1.0,0.0,0.0,1.0,0.0,,97,,,,,,4,02/15/2018,02/15/2018,8,0,0,0,8.0,9,8,,,0,,,8,8,0.0,0.0,,,0.0,,,0,0,996.0,,,,,,,,,,,,,,,,,,,,,,,,,,,,,,0,0,0,0,0,0,0,0,0,0,0,0,1,0,0,0,0,0,0,1,0,0,0,0,0,0,0,0,0,1,0,0,0,0,0,,0,0,0,0,0,0,0,0,0,1,0,0,0,0,0,0,,,,,,46-50,46-55,Interstate,R,Monday,Belt Used,PV,Not Fatal,0,1,0,0,State Route,State Patrol,Washington State Patrol,1,1,0,0,0,,,,,,0.0,0.0,0.0,,,,,,,,,,,98.0,98.0,98.0,0.0,,,,,20.0,7.0,,,,,,,,1.0,0.0,,,,,,,
2409,2020,28,EA13867,14.0,01/21/2020,13:48,21,1,,11,Clark,0,2,,1,2,2,1,0,3,2,13:49,13:52,14:27,12,0,2,5.4,1,0,1,3,2,2,4,0,0,0,0,CR-NE 78TH ST,,-122.6373361,45.678744444,0,1,50,10,2,45,4,0,0,1,2,12,1,1,5,5,15,1,1,53,0,24,7,2007,0,,68,12.0,,,,,1,1,41,1,7.0,,4,0,3,0,11,4,01/21/2020,14:32,237053003719.0,3719.0,0.0,0.0,3.0,3.0,1,8,28.0,58.0,,96,,,,,,98,,,,,,98682.0,53,71.0,200.0,6.0,1.0,2.0,8.0,1.0,1.0,,0,,,,,,4,05/15/2015,05/15/2019,8,0,0,0,0.0,9,8,,,0,,,8,8,2.0,401.0,417.0,695.0,98.0,98.0,98.0,2,8,0.0,,,,,,,,,,,,,,,,,,,,,,,,,,,,,,0,0,0,0,0,0,1,1,1,0,0,0,1,0,0,0,0,0,0,0,0,0,0,1,1,0,0,0,0,1,1,0,0,0,0,,1,0,0,0,0,0,1,1,0,1,0,0,0,0,1,0,,,,,,41-45,36-45,County road,U,Tuesday,Belt Used,PV,White,0,1,1,0,County Road,County Sheriff,Clark County Sheriff's Office,0,0,1,0,0,thc,6.5,carboxy-thc,29.0,,0.0,0.0,4.0,98.0,,,,,605.0,,,,,98.0,98.0,98.0,1.0,,,,,20.0,7.0,,,,,,,nms,1.0,0.0,,,NE 78TH ST,5.36,,,98665