,year,case,par,repjur,crash_dt,crash_tm,accday,accmon,holiday,county,co_char,city,weather,weather2,lightcond,surfcond,surftype,numfatal,nmforms,pforms,vforms,not_tm,arr_tm,hosp_tm,fhevent,hitrun,manncol,milepnt,reljunc,reljuncinter,intersectiontype,funcsystem,landuse,ownership,route,schlbus,spejur,contdev,devfunc,trafid1,trafid2,x,y,wk_zone,vnumber,crashtype,criticalevent,criticaleventcat,spdlim,body,trailer,emerg,hazcargo,leave,mhevent,roadalgn,roadprof,traflane,trafflow,vehmanvr,numoccs,regowner,regstate,spuse,make,model,modelyr,vrf1,vrf2,seqevent1,seqevent2,seqevent3,seqevent4,seqevent5,seqevent6,pnumber,ptype,age,sex,hispanic,race,injury,diedscene,restraint,restraintmisuse,seatpos,takehosp,death_dt,death_tm,cert,cernum_wa,commlic,licendor,licrestrict,liccomp,drivpres,drf1,drf2,drf3,drf4,distract1,distract2,distract3,distract4,distract5,distract6,dricond1,dricond2,dricond3,dricond4,dricond5,dricond6,dzip,licstate,drhgt_in,weight,noncdl,noncdltype,prevdwi,prevoth,prevacc,prevspd,prevsus,driviol1,driviol2,driviol3,driviol4,driviol5,driviol6,spdrel,first_dt,last_dt,airbag,ejection,ejectpath,extricat,injurwrk,methalc,methdrug,nmlocat,strikveh,prf1,prf2,prf3,druginv,alcinvol,drugsts,drugres1,drugres2,drugres3,drugtst1,drugtst2,drugtst3,alcsts,alctst,alcres,nmact1,nmact2,nmact3,nmact4,nmact5,nmact6,nmprior1,nmprior2,nmprior3,nmprior4,nmprior5,nmprior6,nmcond1,nmcond2,nmcond3,nmcond4,nmcond5,nmcond6,nmsafe_helmet,nmsafe_pads,nmsafe_oth,nmprev_ref,nmprev_lgt,nmprev_oth,crashlocation,nmcrashtype,crosswalk,schoolzone,sidewalk,train_inv,wildlife_inv,rotr_fars,intersect_fars,dd_inv,aid_inv,dpd_inv,id_inv,mj_inv,impnm_inv,ainm_inv,dpnm_inv,speed_inv,unlic_inv,unendmc_inv,drowsy_inv,drdist_inv,nmdist_inv,fty_inv,unrestfat_inv,dr1617_inv,dr1820_inv,dr1620_inv,dr2125_inv,dr1625_inv,dr65_inv,dr70_inv,dr75_inv,mc_inv,pv_inv,ht_inv,ped_inv,bike_inv,unrest_fat,mc_fat,unhelmet_mc,pv_fat,ht_fat,ped_fat,bike_fat,dr_alc7,dr_alc8,dr_drug,dr_imp,dr_dist,dr_spd,dr_fty,dr_unlic,dr_alc7only,dr_alc8only,dr_drugonly,dr_drink,nm_imp,nm_alc7,nm_alc8,nm_drug,nm_dist,agegrp1,agegrp2,roadclass,urbrur,dayweek,restuse,vehtype,race_me,intersect,lanedep,oppdir,wrongway,rep_typ,investag,repag_long,rotr,st_rd,cty_rd,city_rd,oth_rd,drug_thc,thc_res,drug_cthc,cthc_res,drug_cann,prevpersemin,prevperse,prevsusoth,drugtst4,drugtst5,drugtst6,drugtst7,drugtst8,drugres4,drugres5,drugres6,drugres7,drugres8,adspresent,adsengaged,adslevel,race1,race2,race3,race4,race5,helmet,helmetmisuse,nmdistract1,nmdistract2,nmdistract3,nmdistract4,nmdistract5,nmdistract6,lab,isedtcase,crf1,crf2,crf3,CoRoadName,CoMP,IntCoRoadName,IntCoMP,zipcode
2410,2020,28,EA13867,14.0,01/21/2020,13:48,21,1,,11,Clark,0,2,,1,2,2,1,0,3,2,13:49,13:52,14:27,12,0,2,5.4,1,0,1,3,2,2,4,0,0,0,0,CR-NE 78TH ST,,-122.6373361,45.678744444,0,2,51,62,4,45,61,0,8,1,2,12,1,1,5,5,1,2,3,53,6,12,870,2019,0,,12,,,,,,1,1,25,1,0.0,,1,0,3,0,11,5,,,,,0.0,0.0,3.0,3.0,1,94,,,,96,,,,,,0,,,,,,98662.0,53,73.0,260.0,6.0,1.0,0.0,0.0,0.0,0.0,,0,,,,,,0,,,1,0,0,0,8.0,9,8,,,0,,,8,8,0.0,0.0,,,0.0,,,0,0,996.0,,,,,,,,,,,,,,,,,,,,,,,,,,,,,,0,0,0,0,0,0,1,1,1,0,0,0,1,0,0,0,0,0,0,0,0,0,0,1,1,0,0,0,0,1,1,0,0,0,0,,0,0,0,0,0,0,0,0,0,0,0,0,0,0,0,0,,,,,,21-25,16-25,County road,U,Tuesday,,MHTRUCK,Not Fatal,0,1,1,0,County Road,County Sheriff,Clark County Sheriff's Office,0,0,1,0,0,,,,,,0.0,0.0,0.0,,,,,,,,,,,98.0,98.0,98.0,0.0,,,,,20.0,7.0,,,,,,,,1.0,0.0,,,NE 78TH ST,5.36,,,98665
2411,2020,29,EA13868,14.0,01/31/2020,16:57,31,1,,11,Clark,0,10,,1,1,2,1,0,2,2,16:58,17:05,17:40,12,0,2,4.8,1,0,1,4,1,2,4,0,0,0,0,CR-NE 72ND AVE,,-122.599425,45.729861111,0,1,50,10,2,50,4,0,0,1,2,12,1,2,2,1,1,1,2,53,0,42,48,2002,0,,68,12.0,,,,,1,1,17,1,7.0,,4,7,3,0,11,0,01/31/2020,17:25,53005030.0,5030.0,0.0,0.0,3.0,3.0,1,28,38.0,,,96,,,,,,98,,,,,,98662.0,53,74.0,240.0,6.0,2.0,0.0,0.0,0.0,0.0,,0,,,,,,0,,,8,0,0,1,0.0,9,8,,,0,,,8,8,2.0,1.0,,,1.0,,,2,1,0.0,,,,,,,,,,,,,,,,,,,,,,,,,,,,,,0,0,0,0,0,0,0,0,0,0,0,0,0,0,0,0,0,0,1,0,1,0,1,0,1,0,0,0,0,1,0,0,0,0,0,,1,0,0,0,0,0,0,0,0,0,1,0,0,0,0,0,,,,,,16-17,16-25,County road,R,Friday,Belt Used,PV,White,0,1,1,0,County Road,County Sheriff,Clark County Sheriff's Office,0,0,1,0,0,,,,,,0.0,0.0,0.0,,,,,,,,,,,98.0,98.0,98.0,1.0,,,,,20.0,7.0,,,,,,,,1.0,0.0,,,NE 72ND AVE,4.84,,,98686
2412,2020,29,EA13868,14.0,01/31/2020,16:57,31,1,,11,Clark,0,10,,1,1,2,1,0,2,2,16:58,17:05,17:40,12,0,2,4.8,1,0,1,4,1,2,4,0,0,0,0,CR-NE 72ND AVE,,-122.599425,45.729861111,0,2,51,62,4,50,21,0,0,1,2,12,1,2,2,1,1,1,1,53,0,12,461,2006,0,,12,,,,,,1,1,26,1,0.0,,3,0,3,0,11,5,,,,,0.0,0.0,0.0,3.0,1,0,,,,96,,,,,,0,,,,,,98604.0,53,77.0,205.0,6.0,1.0,0.0,0.0,1.0,0.0,,0,,,,,,0,06/15/2016,06/15/2016,8,0,0,0,8.0,9,8,,,0,,,8,8,0.0,0.0,,,0.0,,,0,0,996.0,,,,,,,,,,,,,,,,,,,,,,,,,,,,,,0,0,0,0,0,0,0,0,0,0,0,0,0,0,0,0,0,0,1,0,1,0,1,0,1,0,0,0,0,1,0,0,0,0,0,,0,0,0,0,0,0,0,0,0,0,0,0,0,0,0,0,,,,,,26-30,26-35,County road,R,Friday,Belt Used,PV,Not Fatal,0,1,1,0,County Road,County Sheriff,Clark County Sheriff's Office,0,0,1,0,0,,,,,,0.0,0.0,0.0,,,,,,,,,,,98.0,98.0,98.0,0.0,,,,,20.0,7.0,,,,,,,,1.0,0.0,,,NE 72ND AVE,4.84,,,98686
2413,2020,30,EA16128,330.0,01/31/2020,10:48,31,1,,77,Yakima,2590,1,,1,1,2,1,0,1,1,10:51,10:55,,59,0,0,0.0,1,0,1,5,2,4,6,0,0,0,0,S 18TH ST,,-120.4793333,46.592238889,0,1,1,13,2,30,4,0,0,1,2,1,3,1,3,5,14,1,1,53,0,39,37,2009,0,,63,59.0,26.0,1.0,,,1,1,38,1,1.0,,4,7,3,0,11,0,01/31/2020,10:48,259053005389.0,5389.0,0.0,0.0,3.0,3.0,1,0,,,,96,,,,,,98,,,,,,98901.0,53,69.0,175.0,6.0,1.0,0.0,0.0,0.0,0.0,,0,,,,,,3,,,8,2,9,0,0.0,9,8,,,0,,,8,8,2.0,695.0,,,1.0,,,2,1,0.226,,,,,,,,,,,,,,,,,,,,,,,,,,,,,,0,0,1,0,1,1,1,1,1,0,0,0,1,0,0,0,0,0,0,0,0,0,0,0,0,0,0,0,0,1,0,0,0,0,0,,1,0,0,0,0,1,1,1,0,1,0,0,0,0,0,1,,,,,,36-40,36-45,City street,U,Friday,Belt Used,PV,Hispanic,0,1,0,0,City Street,Municipal/City Police,Yakima Police Department,1,0,0,1,0,,,carboxy-thc,6.4,,0.0,0.0,0.0,,,,,,,,,,,98.0,98.0,98.0,98.0,,,,,20.0,7.0,,,,,,,nms,1.0,0.0,,,,,,,98901
2414,2020,31,EA17742,35.0,02/17/2020,15:00,17,2,,53,Pierce,0,1,,1,1,2,1,0,3,2,16:01,16:15,16:53,12,0,1,2.5,2,0,2,4,2,2,4,0,0,0,0,CR-Key Peninsula Hwy N,134TH AVE NW,-122.7162778,47.370594444,0,1,20,50,3,45,5,0,0,1,5,12,1,1,2,1,1,1,1,53,0,63,32,2018,0,,12,,,,,,1,1,93,2,7.0,,4,7,3,0,11,0,02/17/2020,15:00,53009184.0,9184.0,0.0,0.0,3.0,3.0,1,0,,,,96,,,,,,98,,,,,,98367.0,53,62.0,139.0,6.0,1.0,0.0,0.0,0.0,0.0,,0,,,,,,0,,,1,0,0,0,0.0,9,8,,,0,,,8,8,2.0,1.0,,,1.0,,,2,1,0.0,,,,,,,,,,,,,,,,,,,,,,,,,,,,,,0,0,0,1,0,0,0,0,0,0,0,0,0,0,0,0,0,0,0,0,0,0,0,0,0,1,1,1,0,1,0,0,0,0,0,,1,0,0,0,0,0,0,0,0,0,0,0,0,0,0,0,,,,,,81+,76+,County road,U,Monday,Belt Used,PV,White,1,0,0,0,County Road,County Sheriff,Law Enforcement Support Agency,0,0,1,0,0,,,,,,0.0,0.0,0.0,,,,,,,,,,,98.0,98.0,98.0,1.0,,,,,20.0,7.0,,,,,,,,1.0,0.0,,,KEY PENINSULA HWY NW,2.51,134 AVE NW,0.17,98329
2415,2020,31,EA17742,35.0,02/17/2020,15:00,17,2,,53,Pierce,0,1,,1,1,2,1,0,3,2,16:01,16:15,16:53,12,0,1,2.5,2,0,2,4,2,2,4,0,0,0,0,CR-Key Peninsula Hwy N,134TH AVE NW,-122.7162778,47.370594444,0,2,21,53,3,45,14,0,0,1,5,12,1,1,2,1,5,2,1,53,0,49,401,2010,0,,12,,,,,,1,1,37,2,0.0,,1,0,3,0,11,5,,,,,0.0,0.0,0.0,3.0,1,0,,,,96,,,,,,0,,,,,,98329.0,53,67.0,160.0,6.0,1.0,0.0,0.0,0.0,0.0,,0,,,,,,0,,,20,0,0,0,8.0,9,8,,,0,,,8,8,8.0,95.0,,,96.0,,,8,95,995.0,,,,,,,,,,,,,,,,,,,,,,,,,,,,,,0,0,0,1,0,0,0,0,0,0,0,0,0,0,0,0,0,0,0,0,0,0,0,0,0,1,1,1,0,1,0,0,0,0,0,,0,0,0,0,0,0,0,0,0,0,0,0,0,0,0,0,,,,,,36-40,36-45,County road,U,Monday,Belt Used,PV,Not Fatal,1,0,0,0,County Road,County Sheriff,Law Enforcement Support Agency,0,0,1,0,0,,,,,,0.0,0.0,0.0,,,,,,,,,,,98.0,98.0,98.0,0.0,,,,,20.0,7.0,,,,,,,,1.0,0.0,,,KEY PENINSULA HWY NW,2.51,134 AVE NW,0.17,98329
2416,2020,33,EA19534,159.0,01/30/2020,2:42,30,1,,5,Benton,1020,1,,3,1,2,1,0,1,1,,,,33,0,0,0.0,3,0,5,4,2,4,6,0,0,0,0,W 10TH AVE,S STEPTOE ST,-119.2440806,46.200958333,0,1,14,14,2,35,14,0,0,1,2,1,1,1,2,1,1,1,1,53,0,2,405,2005,0,,68,64.0,69.0,71.0,33.0,67.0,1,1,29,2,1.0,,4,7,3,0,11,0,01/30/2020,2:42,102053004620.0,4620.0,0.0,0.0,3.0,3.0,1,0,,,,96,,,,,,8,,,,,,99301.0,53,66.0,134.0,6.0,1.0,0.0,0.0,0.0,2.0,,0,,,,,,5,04/15/2015,10/15/2019,8,2,1,0,0.0,9,8,,,0,,,8,8,2.0,1.0,,,1.0,,,2,1,0.0,,,,,,,,,,,,,,,,,,,,,,,,,,,,,,0,0,0,1,0,0,0,0,0,0,0,0,1,0,0,0,0,0,0,0,0,0,0,0,0,0,0,0,0,1,0,0,0,0,0,,1,0,0,0,0,0,0,0,0,1,0,0,0,0,0,0,,,,,,26-30,26-35,City street,U,Thursday,Belt Used,PV,Hispanic,1,0,0,0,City Street,Municipal/City Police,Kennewick Police Department,0,0,0,1,0,,,,,,0.0,0.0,0.0,,,,,,,,,,,98.0,98.0,98.0,98.0,,,,,20.0,7.0,,,,,,,,1.0,0.0,,,,,,,
2417,2020,34,EA10140,42.0,02/01/2020,13:46,1,2,,67,Thurston,0,1,,1,1,2,1,0,1,1,,,,42,0,0,4.5,1,0,1,5,1,2,4,0,0,0,0,CR-RAINIER RD SE,,-122.755,46.93015,0,1,1,13,2,50,4,0,0,1,5,42,1,1,2,1,1,1,1,53,0,37,31,2003,0,,63,42.0,,,,,1,1,39,1,7.0,,4,7,20,7,11,0,02/01/2020,13:46,53005380.0,5380.0,0.0,0.0,0.0,3.0,1,0,,,,96,,,,,,0,,,,,,98516.0,53,70.0,165.0,6.0,1.0,0.0,0.0,0.0,0.0,,0,,,,,,0,,,8,2,9,0,0.0,9,8,,,0,,,8,8,2.0,695.0,,,1.0,,,2,1,0.141,,,,,,,,,,,,,,,,,,,,,,,,,,,,,,0,0,1,0,1,1,1,1,1,0,0,0,0,0,0,0,0,0,0,1,0,0,0,0,0,0,0,0,0,1,0,0,0,1,0,,1,0,0,0,0,1,1,1,0,0,0,0,0,0,0,1,,,,,,36-40,36-45,County road,R,Saturday,Not Used,PV,White,0,1,0,0,County Road,County Sheriff,Thurston County Sheriff's Office,1,0,1,0,0,thc,8.9,,,,0.0,0.0,0.0,,,,,,,,,,,98.0,98.0,98.0,1.0,,,,,20.0,7.0,,,,,,,nms,1.0,0.0,,,RAINIER RD SE,4.515,,,98576
2418,2020,35,EA10855,14.0,02/02/2020,16:28,2,2,,11,Clark,0,1,,1,1,2,1,0,1,1,,,,42,0,0,0.7,1,0,1,7,1,2,4,0,0,0,0,CR-SE 20TH ST,,-122.3247528,45.607188889,0,1,6,12,2,50,14,0,0,1,2,42,1,1,2,1,1,1,2,53,0,59,403,2004,0,,68,64.0,42.0,1.0,,,1,1,72,2,7.0,,4,7,3,0,11,0,02/02/2020,16:28,53005105.0,5105.0,0.0,0.0,3.0,3.0,1,0,,,,96,,,,,,98,,,,,,98671.0,53,61.0,117.0,6.0,1.0,0.0,0.0,0.0,0.0,,0,,,,,,0,,,8,0,0,0,0.0,9,8,,,0,,,8,8,2.0,1.0,,,1.0,,,2,1,0.0,,,,,,,,,,,,,,,,,,,,,,,,,,,,,,0,0,1,0,0,0,0,0,0,0,0,0,0,0,0,0,0,0,0,0,0,0,0,0,0,1,1,0,0,1,0,0,0,0,0,,1,0,0,0,0,0,0,0,0,0,0,0,0,0,0,0,,,,,,71-75,66-75,County road,R,Sunday,Belt Used,PV,White,0,1,0,0,County Road,County Sheriff,Clark County Sheriff's Office,1,0,1,0,0,,,,,,0.0,0.0,0.0,,,,,,,,,,,98.0,98.0,98.0,1.0,,,,,20.0,7.0,,,,,,,,1.0,0.0,,,SE 20TH ST,0.73,,,98671
2419,2020,37,EA11625,48.0,02/01/2020,0:54,1,2,,63,Spokane,22,6,,3,1,2,1,1,1,1,,,,8,0,0,270.6,1,0,1,3,2,1,2,0,0,0,0,US-2,,-117.5720222,47.642936111,0,1,13,80,5,45,34,0,0,1,5,8,1,1,5,5,1,1,1,53,0,12,471,1999,0,,8,,,,,,1,1,61,1,0.0,,0,0,3,0,11,0,,,,,0.0,0.0,0.0,3.0,1,0,,,,96,,,,,,0,,,,,,99029.0,53,70.0,200.0,6.0,1.0,0.0,0.0,0.0,1.0,,0,,,,,,0,08/15/2017,08/15/2017,20,0,0,0,8.0,3,8,,,0,,,8,8,0.0,0.0,,,0.0,,,0,0,996.0,,,,,,,,,,,,,,,,,,,,,,,,,,,,,,0,0,0,0,0,0,0,0,0,1,1,1,0,0,0,0,0,1,0,0,0,0,0,0,0,0,0,0,0,1,0,1,0,0,0,,0,0,0,0,0,0,0,0,0,0,0,0,0,0,0,0,,,,,,61-65,56-65,US highway,U,Saturday,Belt Used,PV,Not Fatal,0,0,0,0,State Route,Municipal/City Police,Airway Heights Police Department,0,1,0,0,0,,,,,,0.0,0.0,0.0,,,,,,,,,,,0.0,0.0,0.0,0.0,,,,,20.0,7.0,,,,,,,,1.0,0.0,,,,,,,99001
2420,2020,38,EA12058,4.0,02/04/2020,15:02,4,2,,1,Adams,0,1,,1,10,2,1,0,2,2,15:02,15:20,,12,0,6,57.2,1,0,1,5,1,1,3,0,0,0,0,SR-261,,-118.347825,47.040619444,0,1,66,10,2,55,6,0,0,1,2,12,3,2,2,1,14,1,1,53,0,52,47,2003,0,,68,12.0,,,,,1,1,76,2,7.0,,4,7,20,7,11,0,02/04/2020,15:02,53005528.0,5528.0,0.0,0.0,0.0,3.0,1,58,,,,96,,,,,,0,,,,,,99371.0,53,65.0,150.0,6.0,1.0,0.0,0.0,0.0,0.0,,0,,,,,,4,,,1,0,0,0,9.0,1,8,,,0,,,8,0,0.0,0.0,,,0.0,,,2,4,0.0,,,,,,,,,,,,,,,,,,,,,,,,,,,,,,0,0,0,0,0,0,0,0,0,0,0,0,1,0,0,0,0,0,0,1,0,0,0,0,0,1,1,1,0,1,1,0,0,1,0,,1,0,0,0,0,0,0,0,0,1,0,0,0,0,0,0,,,,,,76-80,76+,State route,R,Tuesday,Not Used,PV,White,0,1,1,0,State Route,State Patrol,Washington State Patrol,0,1,0,0,0,,,,,,0.0,0.0,0.0,,,,,,,,,,,98.0,98.0,98.0,1.0,,,,,20.0,7.0,,,,,,,,1.0,0.0,,,,,,,99169
2421,2020,38,EA12058,4.0,02/04/2020,15:02,4,2,,1,Adams,0,1,,1,10,2,1,0,2,2,15:02,15:20,,12,0,6,57.2,1,0,1,5,1,1,3,0,0,0,0,SR-261,,-118.347825,47.040619444,0,2,66,62,4,55,66,1,0,1,2,12,2,2,2,1,14,1,3,53,0,87,881,2010,0,,12,,,,,,1,1,57,1,0.0,,1,0,3,0,11,0,,,,,6.0,1.0,3.0,3.0,1,0,,,,96,,,,,,0,,,,,,99371.0,53,72.0,245.0,6.0,1.0,0.0,0.0,1.0,0.0,,0,,,,,,0,09/15/2015,09/15/2015,20,0,0,0,8.0,1,8,,,0,,,8,0,0.0,0.0,,,0.0,,,2,95,0.0,,,,,,,,,,,,,,,,,,,,,,,,,,,,,,0,0,0,0,0,0,0,0,0,0,0,0,1,0,0,0,0,0,0,1,0,0,0,0,0,1,1,1,0,1,1,0,0,0,0,,0,0,0,0,0,0,0,0,0,0,0,0,0,0,0,0,,,,,,56-60,56-65,State route,R,Tuesday,,MHTRUCK,Not Fatal,0,1,1,0,State Route,State Patrol,Washington State Patrol,0,1,0,0,0,,,,,,0.0,0.0,0.0,,,,,,,,,,,98.0,98.0,98.0,0.0,,,,,20.0,7.0,,,,,,,,1.0,0.0,,,,,,,99169
2422,2020,39,EA12519,5.0,02/02/2020,2:21,2,2,,11,Clark,1860,1,,3,1,1,2,0,4,1,2:21,2:28,18:47,38,1,0,0.0,3,0,3,7,2,4,6,0,0,20,3,S TIMM RD,S 11th St,-122.6828389,45.807541667,0,1,14,14,2,25,4,0,0,1,2,1,1,1,3,1,1,4,2,41,0,12,23,2011,0,,71,38.0,58.0,1.0,2.0,,1,1,25,1,0.0,,2,0,20,7,11,5,,,,,0.0,0.0,0.0,0.0,1,39,91.0,,,96,,,,,,9,,,,,,98682.0,53,65.0,145.0,0.0,0.0,0.0,0.0,0.0,0.0,,1,7.0,,,,,0,,,1,0,0,0,8.0,1,8,,,0,,,8,1,2.0,1.0,,,1.0,,,2,1,0.16,,,,,,,,,,,,,,,,,,,,,,,,,,,,,,0,0,0,1,1,1,0,1,0,0,0,0,0,1,0,0,0,0,0,0,0,0,0,1,1,0,0,0,0,1,0,0,0,0,0,,0,0,0,0,0,1,0,1,0,0,0,1,0,1,0,1,,,,,,21-25,16-25,City street,U,Sunday,Not Used,PV,Not Fatal,1,0,0,0,City Street,State Patrol,Washington State Patrol,0,0,0,1,0,,,,,,0.0,0.0,0.0,,,,,,,,,,,98.0,98.0,98.0,0.0,,,,,20.0,7.0,,,,,,,,1.0,0.0,,,,,,,98642
2423,2020,40,EA13297,127.0,02/11/2020,1:41,11,2,,33,King,735,1,,2,1,2,1,1,1,1,,,,8,1,0,15.3,1,0,1,4,2,1,3,0,0,0,0,SR-509,,-122.3483056,47.329863889,0,1,13,80,5,98,99,0,0,1,5,8,1,2,2,1,1,99,9,99,0,99,999,9999,0,,8,,,,,,1,1,999,8,0.0,,0,0,99,7,11,0,,,,,99.0,9.0,9.0,9.0,1,0,,,,92,,,,,,98,,,,,,99999.0,99,,999.0,9.0,9.0,99.0,99.0,99.0,99.0,,0,,,,,,0,,,99,9,0,0,8.0,9,8,,,0,,,8,8,0.0,0.0,,,0.0,,,0,0,996.0,,,,,,,,,,,,,,,,,,,,,,,,,,,,,,0,0,0,0,0,0,0,0,0,1,0,1,0,0,0,0,1,1,0,0,0,0,0,0,0,0,0,0,0,0,0,1,0,0,0,,0,0,0,0,0,0,0,0,1,0,0,0,0,0,0,0,,,,,,,,State route,U,Tuesday,,NR-U,Not Fatal,0,0,0,0,State Route,Municipal/City Police,Federal Way Dept of Public Safety,0,1,0,0,0,,,,,,99.0,99.0,99.0,,,,,,,,,,,98.0,98.0,98.0,0.0,,,,,20.0,7.0,,,,,,,,1.0,0.0,,,,,,,98023
2424,2020,41,EA13834,7.0,02/01/2020,4:30,1,2,,33,King,0,2,,3,2,1,1,1,1,1,4:35,4:47,5:54,8,0,0,7.8,1,0,1,3,1,1,3,0,3,0,0,SR-164,,-122.1068639,47.235327778,0,1,13,80,5,50,4,0,0,1,2,8,1,2,3,1,1,1,1,53,0,55,33,2011,0,,8,,,,,,1,1,30,1,0.0,,0,0,3,0,11,0,,,,,0.0,0.0,0.0,3.0,1,0,,,,96,,,,,,0,,,,,,98022.0,53,66.0,115.0,6.0,1.0,0.0,1.0,0.0,0.0,,0,,,,,,0,06/15/2016,06/15/2016,20,0,0,0,8.0,9,8,,,0,,,8,8,0.0,0.0,,,0.0,,,0,0,996.0,,,,,,,,,,,,,,,,,,,,,,,,,,,,,,0,0,0,0,0,0,0,0,0,1,1,1,0,0,0,0,0,0,0,0,0,0,0,0,0,0,0,0,0,1,0,1,0,0,0,,0,0,0,0,0,0,0,0,0,0,0,0,0,0,0,0,,,,,,26-30,26-35,State route,R,Saturday,Belt Used,PV,Not Fatal,0,0,0,0,State Route,State Patrol,Washington State Patrol,0,1,0,0,0,,,,,,0.0,0.0,0.0,,,,,,,,,,,98.0,98.0,98.0,0.0,,,,,20.0,7.0,,,,,,,,1.0,0.0,,,,,,,98092
2425,2020,42,EA13869,14.0,02/02/2020,19:35,2,2,,15,Cowlitz,0,1,,2,1,2,1,1,2,1,,,,8,0,0,0.8,1,0,1,3,1,2,4,0,0,0,0,CR-LAKESHORE DR,,-122.7361611,45.894086111,0,1,13,80,5,35,4,0,0,1,2,8,1,1,2,1,1,2,1,53,0,30,40,2014,0,,8,,,,,,1,1,19,1,0.0,,0,0,3,0,11,0,,,,,0.0,0.0,0.0,3.0,1,0,,,,96,,,,,,0,,,,,,98632.0,53,74.0,150.0,6.0,1.0,0.0,0.0,0.0,0.0,,0,,,,,,0,,,20,0,0,0,8.0,9,8,,,0,,,8,8,0.0,0.0,,,0.0,,,0,0,996.0,,,,,,,,,,,,,,,,,,,,,,,,,,,,,,0,0,0,0,0,0,0,0,0,1,0,1,0,0,0,0,0,0,0,0,0,1,1,0,1,0,0,0,0,1,0,1,0,0,0,,0,0,0,0,0,0,0,0,0,0,0,0,0,0,0,0,,,,,,18-20,16-25,County road,R,Sunday,Belt Used,PV,Not Fatal,0,0,0,0,County Road,County Sheriff,Clark County Sheriff's Office,0,0,1,0,0,,,,,,0.0,0.0,0.0,,,,,,,,,,,98.0,98.0,98.0,0.0,,,,,20.0,7.0,,,,,,,,1.0,0.0,,,NW LAKESHORE DR,0.76,,,98674
2426,2020,43,EA13932,122.0,02/09/2020,6:13,9,2,,61,Snohomish,690,5,,1,2,2,1,0,2,2,,,,12,1,6,0.0,2,0,2,3,2,4,6,0,0,3,3,EVERGREEN WAY,Madison St,-122.2190167,47.936202778,0,1,88,17,2,35,15,0,0,1,2,12,1,1,7,5,1,1,2,53,0,20,421,2004,0,,12,,,,,,1,1,29,1,0.0,,1,0,99,7,11,0,,,,,0.0,0.0,0.0,2.0,1,91,,,,96,,,,,,9,,,,,,98204.0,53,69.0,160.0,3.0,1.0,0.0,0.0,0.0,0.0,,1,7.0,,,,,0,,,1,9,0,0,8.0,9,8,,,0,,,8,1,2.0,1.0,,,1.0,,,2,1,0.099,,,,,,,,,,,,,,,,,,,,,,,,,,,,,,0,0,0,1,1,1,0,1,0,0,0,0,0,1,0,0,0,0,0,0,0,0,0,0,0,0,0,0,0,1,0,0,0,0,0,,0,0,0,0,0,1,0,1,0,0,0,1,0,1,0,1,,,,,,26-30,26-35,City street,U,Sunday,Unknown,PV,Not Fatal,1,0,0,0,City Street,Municipal/City Police,Everett Police Department,0,0,0,1,0,,,,,,0.0,0.0,0.0,,,,,,,,,,,98.0,98.0,98.0,0.0,,,,,20.0,7.0,,,,,,,,1.0,0.0,,,,,,,98203
2427,2020,43,EA13932,122.0,02/09/2020,6:13,9,2,,61,Snohomish,690,5,,1,2,2,1,0,2,2,,,,12,0,6,0.0,2,0,2,3,2,4,6,0,0,3,3,EVERGREEN WAY,Madison St,-122.2190167,47.936202778,0,2,89,66,4,30,34,0,0,1,2,12,1,1,6,5,1,1,1,53,0,20,471,1989,0,,12,,,,,,1,1,56,1,1.0,,4,7,3,0,11,0,02/09/2020,6:13,69053006417.0,6417.0,0.0,0.0,3.0,3.0,1,0,,,,96,,,,,,0,,,,,,98204.0,53,68.0,207.0,6.0,1.0,0.0,0.0,0.0,0.0,,0,,,,,,0,,,20,0,0,0,0.0,9,8,,,0,,,8,8,2.0,1.0,,,1.0,,,2,1,0.0,,,,,,,,,,,,,,,,,,,,,,,,,,,,,,0,0,0,1,1,1,0,1,0,0,0,0,0,1,0,0,0,0,0,0,0,0,0,0,0,0,0,0,0,1,0,0,0,0,0,,1,0,0,0,0,0,0,0,0,0,0,0,0,0,0,0,,,,,,56-60,56-65,City street,U,Sunday,Belt Used,PV,Hispanic,1,0,0,0,City Street,Municipal/City Police,Everett Police Department,0,0,0,1,0,,,,,,0.0,0.0,0.0,,,,,,,,,,,0.0,0.0,0.0,98.0,,,,,20.0,7.0,,,,,,,,1.0,0.0,,,,,,,98203