,year,case,par,repjur,crash_dt,crash_tm,accday,accmon,holiday,county,co_char,city,weather,weather2,lightcond,surfcond,surftype,numfatal,nmforms,pforms,vforms,not_tm,arr_tm,hosp_tm,fhevent,hitrun,manncol,milepnt,reljunc,reljuncinter,intersectiontype,funcsystem,landuse,ownership,route,schlbus,spejur,contdev,devfunc,trafid1,trafid2,x,y,wk_zone,vnumber,crashtype,criticalevent,criticaleventcat,spdlim,body,trailer,emerg,hazcargo,leave,mhevent,roadalgn,roadprof,traflane,trafflow,vehmanvr,numoccs,regowner,regstate,spuse,make,model,modelyr,vrf1,vrf2,seqevent1,seqevent2,seqevent3,seqevent4,seqevent5,seqevent6,pnumber,ptype,age,sex,hispanic,race,injury,diedscene,restraint,restraintmisuse,seatpos,takehosp,death_dt,death_tm,cert,cernum_wa,commlic,licendor,licrestrict,liccomp,drivpres,drf1,drf2,drf3,drf4,distract1,distract2,distract3,distract4,distract5,distract6,dricond1,dricond2,dricond3,dricond4,dricond5,dricond6,dzip,licstate,drhgt_in,weight,noncdl,noncdltype,prevdwi,prevoth,prevacc,prevspd,prevsus,driviol1,driviol2,driviol3,driviol4,driviol5,driviol6,spdrel,first_dt,last_dt,airbag,ejection,ejectpath,extricat,injurwrk,methalc,methdrug,nmlocat,strikveh,prf1,prf2,prf3,druginv,alcinvol,drugsts,drugres1,drugres2,drugres3,drugtst1,drugtst2,drugtst3,alcsts,alctst,alcres,nmact1,nmact2,nmact3,nmact4,nmact5,nmact6,nmprior1,nmprior2,nmprior3,nmprior4,nmprior5,nmprior6,nmcond1,nmcond2,nmcond3,nmcond4,nmcond5,nmcond6,nmsafe_helmet,nmsafe_pads,nmsafe_oth,nmprev_ref,nmprev_lgt,nmprev_oth,crashlocation,nmcrashtype,crosswalk,schoolzone,sidewalk,train_inv,wildlife_inv,rotr_fars,intersect_fars,dd_inv,aid_inv,dpd_inv,id_inv,mj_inv,impnm_inv,ainm_inv,dpnm_inv,speed_inv,unlic_inv,unendmc_inv,drowsy_inv,drdist_inv,nmdist_inv,fty_inv,unrestfat_inv,dr1617_inv,dr1820_inv,dr1620_inv,dr2125_inv,dr1625_inv,dr65_inv,dr70_inv,dr75_inv,mc_inv,pv_inv,ht_inv,ped_inv,bike_inv,unrest_fat,mc_fat,unhelmet_mc,pv_fat,ht_fat,ped_fat,bike_fat,dr_alc7,dr_alc8,dr_drug,dr_imp,dr_dist,dr_spd,dr_fty,dr_unlic,dr_alc7only,dr_alc8only,dr_drugonly,dr_drink,nm_imp,nm_alc7,nm_alc8,nm_drug,nm_dist,agegrp1,agegrp2,roadclass,urbrur,dayweek,restuse,vehtype,race_me,intersect,lanedep,oppdir,wrongway,rep_typ,investag,repag_long,rotr,st_rd,cty_rd,city_rd,oth_rd,drug_thc,thc_res,drug_cthc,cthc_res,drug_cann,prevpersemin,prevperse,prevsusoth,drugtst4,drugtst5,drugtst6,drugtst7,drugtst8,drugres4,drugres5,drugres6,drugres7,drugres8,adspresent,adsengaged,adslevel,race1,race2,race3,race4,race5,helmet,helmetmisuse,nmdistract1,nmdistract2,nmdistract3,nmdistract4,nmdistract5,nmdistract6,lab,isedtcase,crf1,crf2,crf3,CoRoadName,CoMP,IntCoRoadName,IntCoMP,zipcode
2428,2020,44,EA14683,55.0,02/10/2020,19:20,10,2,,33,King,100,10,,3,1,2,1,0,4,3,19:28,19:35,20:18,12,0,1,0.0,3,0,4,3,2,4,6,0,0,3,3,15TH ST NW,WA-167,-122.2436222,47.322380556,0,1,20,50,3,35,6,0,0,1,2,12,1,1,2,2,1,1,1,53,0,35,51,2017,0,,12,,,,,,1,1,39,1,7.0,,4,0,20,7,11,5,02/10/2020,21:55,196053007066.0,7066.0,0.0,0.0,0.0,3.0,1,39,,,,96,,,,,,98,,,,,,98001.0,53,71.0,175.0,6.0,1.0,0.0,0.0,0.0,0.0,,0,,,,,,0,,,1,0,0,0,0.0,9,8,,,0,,,8,8,2.0,1.0,,,1.0,,,2,1,0.22,,,,,,,,,,,,,,,,,,,,,,,,,,,,,,0,0,0,1,1,1,0,1,0,0,0,0,0,0,0,0,0,0,0,1,0,1,1,0,1,0,0,0,0,1,0,0,0,1,0,,1,0,0,0,0,1,0,1,0,0,0,0,0,1,0,1,,,,,,36-40,36-45,City street,U,Monday,Not Used,PV,Multiracial,1,0,0,0,City Street,Municipal/City Police,Auburn Police Department,0,0,0,1,0,,,,,,0.0,0.0,0.0,,,,,,,,,,,98.0,98.0,98.0,201.0,203.0,,,,20.0,7.0,,,,,,,,1.0,0.0,,,,,,,98071
2429,2020,44,EA14683,55.0,02/10/2020,19:20,10,2,,33,King,100,10,,3,1,2,1,0,4,3,19:28,19:35,20:18,12,0,1,0.0,3,0,4,3,2,4,6,0,0,3,3,15TH ST NW,WA-167,-122.2436222,47.322380556,0,2,21,53,3,35,14,0,0,1,2,12,1,1,2,2,5,1,1,53,0,2,403,2012,0,,12,12.0,,,,,1,1,62,1,0.0,,1,0,3,0,11,5,,,,,0.0,0.0,3.0,3.0,1,0,,,,96,,,,,,0,,,,,,98503.0,53,70.0,165.0,6.0,1.0,0.0,0.0,0.0,0.0,,0,,,,,,0,,,20,0,0,0,8.0,9,8,,,0,,,8,8,0.0,0.0,,,0.0,,,0,0,996.0,,,,,,,,,,,,,,,,,,,,,,,,,,,,,,0,0,0,1,1,1,0,1,0,0,0,0,0,0,0,0,0,0,0,1,0,1,1,0,1,0,0,0,0,1,0,0,0,0,0,,0,0,0,0,0,0,0,0,0,0,0,0,0,0,0,0,,,,,,61-65,56-65,City street,U,Monday,Belt Used,PV,Not Fatal,1,0,0,0,City Street,Municipal/City Police,Auburn Police Department,0,0,0,1,0,,,,,,0.0,0.0,0.0,,,,,,,,,,,98.0,98.0,98.0,0.0,,,,,20.0,7.0,,,,,,,,1.0,0.0,,,,,,,98071
2430,2020,44,EA14683,55.0,02/10/2020,19:20,10,2,,33,King,100,10,,3,1,2,1,0,4,3,19:28,19:35,20:18,12,0,1,0.0,3,0,4,3,2,4,6,0,0,3,3,15TH ST NW,WA-167,-122.2436222,47.322380556,0,3,98,53,3,35,2,0,0,1,2,12,1,1,2,2,5,2,2,53,0,35,47,2011,0,,12,,,,,,1,1,18,1,0.0,,0,0,3,0,11,0,,,,,0.0,0.0,3.0,3.0,1,0,,,,96,,,,,,0,,,,,,98001.0,53,66.0,135.0,6.0,2.0,0.0,0.0,1.0,0.0,,0,,,,,,0,10/15/2019,10/15/2019,20,0,0,0,8.0,9,8,,,0,,,8,8,0.0,0.0,,,0.0,,,0,0,996.0,,,,,,,,,,,,,,,,,,,,,,,,,,,,,,0,0,0,1,1,1,0,1,0,0,0,0,0,0,0,0,0,0,0,1,0,1,1,0,1,0,0,0,0,1,0,0,0,0,0,,0,0,0,0,0,0,0,0,0,0,0,0,0,0,0,0,,,,,,18-20,16-25,City street,U,Monday,Belt Used,PV,Not Fatal,1,0,0,0,City Street,Municipal/City Police,Auburn Police Department,0,0,0,1,0,,,,,,0.0,0.0,0.0,,,,,,,,,,,98.0,98.0,98.0,0.0,,,,,20.0,7.0,,,,,,,,1.0,0.0,,,,,,,98071
2431,2020,45,EA15060,3.0,02/12/2020,23:57,12,2,,67,Thurston,0,5,,2,1,2,2,0,5,3,,,,12,0,2,89.4,1,0,1,1,2,1,1,0,0,0,0,I-5,,-122.9991833,46.816094444,0,1,52,54,3,70,4,0,0,1,2,12,1,1,3,3,1,2,1,53,0,55,33,2013,0,,12,60.0,54.0,,,,1,1,43,2,7.0,,4,7,3,0,11,0,02/12/2020,23:57,53007171.0,7171.0,0.0,0.0,3.0,3.0,1,51,,,,96,,,,,,98,,,,,,98512.0,53,60.0,125.0,6.0,1.0,0.0,1.0,1.0,0.0,,0,,,,,,4,11/15/2016,09/15/2016,8,0,0,0,0.0,9,8,,,0,,,8,8,2.0,1.0,,,1.0,,,2,1,0.255,,,,,,,,,,,,,,,,,,,,,,,,,,,,,,0,0,0,0,1,1,0,1,0,0,0,0,1,0,0,0,0,0,0,1,0,0,0,0,0,0,0,0,0,1,1,0,0,0,0,,1,0,0,0,0,1,0,1,0,1,0,0,0,1,0,1,,,,,,41-45,36-45,Interstate,U,Wednesday,Belt Used,PV,API,0,0,0,1,State Route,State Patrol,Washington State Patrol,0,1,0,0,0,,,,,,0.0,0.0,0.0,,,,,,,,,,,98.0,98.0,98.0,68.0,,,,,20.0,7.0,,,,,,,,1.0,14.0,,,,,,,98531
2432,2020,45,EA15060,3.0,02/12/2020,23:57,12,2,,67,Thurston,0,5,,2,1,2,2,0,5,3,,,,12,0,2,89.4,1,0,1,1,2,1,1,0,0,0,0,I-5,,-122.9991833,46.816094444,0,2,52,54,3,70,66,2,0,1,2,12,1,1,3,3,1,1,3,18,0,51,881,2016,0,,12,64.0,25.0,,,,1,1,59,1,0.0,,0,0,3,0,11,0,,,,,6.0,1.0,0.0,3.0,1,0,,,,96,,,,,,0,,,,,,97206.0,41,69.0,190.0,6.0,1.0,0.0,0.0,0.0,1.0,,0,,,,,,0,10/15/2015,10/15/2015,1,0,0,0,8.0,9,8,,,0,,,8,8,0.0,0.0,,,0.0,,,0,0,996.0,,,,,,,,,,,,,,,,,,,,,,,,,,,,,,0,0,0,0,1,1,0,1,0,0,0,0,1,0,0,0,0,0,0,1,0,0,0,0,0,0,0,0,0,1,1,0,0,0,0,,0,0,0,0,0,0,0,0,0,0,0,0,0,0,0,0,,,,,,56-60,56-65,Interstate,U,Wednesday,,MHTRUCK,Not Fatal,0,0,0,1,State Route,State Patrol,Washington State Patrol,0,1,0,0,0,,,,,,0.0,0.0,0.0,,,,,,,,,,,98.0,98.0,98.0,0.0,,,,,20.0,7.0,,,,,,,,1.0,14.0,,,,,,,98531
2433,2020,45,EA15060,3.0,02/12/2020,23:57,12,2,,67,Thurston,0,5,,2,1,2,2,0,5,3,,,,12,0,2,89.4,1,0,1,1,2,1,1,0,0,0,0,I-5,,-122.9991833,46.816094444,0,3,98,90,6,70,5,0,0,1,2,54,1,1,3,3,1,2,2,53,0,41,51,2005,0,,54,,,,,,1,1,32,1,0.0,,0,0,3,0,11,0,,,,,0.0,0.0,0.0,3.0,1,0,,,,96,,,,,,0,,,,,,92106.0,6,65.0,180.0,6.0,1.0,0.0,0.0,0.0,0.0,,0,,,,,,0,,,20,0,0,0,8.0,9,8,,,0,,,8,8,0.0,0.0,,,0.0,,,0,0,996.0,,,,,,,,,,,,,,,,,,,,,,,,,,,,,,0,0,0,0,1,1,0,1,0,0,0,0,1,0,0,0,0,0,0,1,0,0,0,0,0,0,0,0,0,1,1,0,0,0,0,,0,0,0,0,0,0,0,0,0,0,0,0,0,0,0,0,,,,,,31-35,26-35,Interstate,U,Wednesday,Belt Used,PV,Not Fatal,0,0,0,1,State Route,State Patrol,Washington State Patrol,0,1,0,0,0,,,,,,0.0,0.0,0.0,,,,,,,,,,,98.0,98.0,98.0,0.0,,,,,20.0,7.0,,,,,,,,1.0,14.0,,,,,,,98531
2434,2020,46,EA15163,27.0,02/02/2020,15:10,2,2,,37,Kittitas,0,1,,1,1,2,1,0,2,2,15:16,15:22,15:51,12,0,6,3.1,2,0,2,5,1,2,4,0,0,20,3,CR-COVE RD,HANSON RD,-120.6453472,46.985322222,0,1,89,17,2,35,34,0,0,1,2,12,1,1,2,1,1,1,1,53,0,35,472,2002,0,,12,,,,,,1,1,29,1,7.0,,4,8,3,0,11,1,02/02/2020,18:12,62053005678.0,5678.0,0.0,0.0,3.0,3.0,1,38,39.0,,,96,,,,,,98,,,,,,98926.0,53,71.0,220.0,6.0,1.0,0.0,0.0,0.0,0.0,,0,,,,,,3,,,1,0,0,1,0.0,9,8,,,0,,,8,8,8.0,95.0,,,96.0,,,8,95,995.0,,,,,,,,,,,,,,,,,,,,,,,,,,,,,,0,0,0,1,0,0,0,0,0,0,0,0,1,0,0,0,0,0,1,0,0,0,0,0,0,0,0,0,0,1,1,0,0,0,0,,1,0,0,0,0,0,0,0,0,1,1,0,0,0,0,0,,,,,,26-30,26-35,County road,R,Sunday,Belt Used,PV,Multiracial,1,0,0,0,County Road,County Sheriff,Kittitas County Sheriff's Office,0,0,1,0,0,,,,,,0.0,0.0,0.0,,,,,,,,,,,98.0,98.0,98.0,278.0,201.0,207.0,,,20.0,7.0,,,,,,,,1.0,0.0,,,COVE RD,3.14,HANSON RD,3.08,98926
2435,2020,46,EA15163,27.0,02/02/2020,15:10,2,2,,37,Kittitas,0,1,,1,1,2,1,0,2,2,15:16,15:22,15:51,12,0,6,3.1,2,0,2,5,1,2,4,0,0,0,0,CR-COVE RD,HANSON RD,-120.6453472,46.985322222,0,2,88,66,4,50,66,0,0,1,2,12,1,1,2,1,1,1,3,53,0,86,890,1985,0,,12,,,,,,1,1,51,1,0.0,,0,0,20,7,11,0,,,,,6.0,1.0,0.0,3.0,1,0,,,,96,,,,,,0,,,,,,98837.0,53,68.0,250.0,6.0,1.0,0.0,0.0,0.0,0.0,,0,,,,,,0,,,20,0,0,0,8.0,9,8,,,0,,,8,8,2.0,1.0,,,1.0,,,2,1,0.0,,,,,,,,,,,,,,,,,,,,,,,,,,,,,,0,0,0,1,0,0,0,0,0,0,0,0,1,0,0,0,0,0,1,0,0,0,0,0,0,0,0,0,0,1,1,0,0,0,0,,0,0,0,0,0,0,0,0,0,0,0,0,0,0,0,0,,,,,,51-55,46-55,County road,R,Sunday,,MHTRUCK,Not Fatal,1,0,0,0,County Road,County Sheriff,Kittitas County Sheriff's Office,0,0,1,0,0,,,,,,0.0,0.0,0.0,,,,,,,,,,,0.0,0.0,0.0,0.0,,,,,20.0,7.0,,,,,,,,1.0,0.0,,,COVE RD,3.14,HANSON RD,3.08,98926
2436,2020,47,EA16786,160.0,02/19/2020,6:57,19,2,,33,King,1030,1,,4,4,2,1,0,2,2,6:58,7:10,,12,0,6,0.0,1,0,1,3,2,4,6,0,0,0,0,ORILLIA RD S,,-122.2823194,47.415997222,0,1,66,5,1,40,4,0,0,1,2,12,3,2,2,1,14,1,1,53,0,51,47,2006,0,,68,12.0,,,,,1,1,74,1,7.0,,4,7,3,0,11,0,02/19/2020,6:57,196053008360.0,8360.0,0.0,0.0,3.0,3.0,1,28,87.0,,,92,,,,,,98,,,,,,98106.0,53,71.0,150.0,6.0,1.0,0.0,0.0,0.0,1.0,,0,,,,,,0,08/15/2017,08/15/2017,2,0,0,0,0.0,9,8,,,0,,,8,8,2.0,1.0,,,1.0,,,2,1,0.0,,,,,,,,,,,,,,,,,,,,,,,,,,,,,,0,0,0,0,0,0,0,0,0,0,0,0,0,0,0,0,1,0,0,0,0,0,0,0,0,1,1,0,0,1,1,0,0,0,0,,1,0,0,0,0,0,0,0,1,0,0,0,0,0,0,0,,,,,,71-75,66-75,City street,U,Wednesday,Belt Used,PV,API,0,1,1,0,City Street,Municipal/City Police,Kent Police Department,0,0,0,1,0,,,,,,0.0,0.0,0.0,,,,,,,,,,,98.0,98.0,98.0,18.0,,,,,20.0,7.0,,,,,,,,1.0,0.0,,,,,,,98032
2437,2020,47,EA16786,160.0,02/19/2020,6:57,19,2,,33,King,1030,1,,4,4,2,1,0,2,2,6:58,7:10,,12,0,6,0.0,1,0,1,3,2,4,6,0,0,0,0,ORILLIA RD S,,-122.2823194,47.415997222,0,2,66,62,4,40,66,1,0,1,2,12,2,2,2,1,14,1,3,53,0,82,881,1995,0,,12,,,,,,1,1,59,1,0.0,,0,0,3,0,11,0,,,,,6.0,1.0,0.0,3.0,1,0,,,,96,,,,,,0,,,,,,98168.0,53,70.0,240.0,6.0,1.0,0.0,0.0,0.0,0.0,,0,,,,,,0,,,20,0,0,0,8.0,9,8,,,0,,,8,8,0.0,0.0,,,0.0,,,0,0,996.0,,,,,,,,,,,,,,,,,,,,,,,,,,,,,,0,0,0,0,0,0,0,0,0,0,0,0,0,0,0,0,1,0,0,0,0,0,0,0,0,1,1,0,0,1,1,0,0,0,0,,0,0,0,0,0,0,0,0,0,0,0,0,0,0,0,0,,,,,,56-60,56-65,City street,U,Wednesday,,MHTRUCK,Not Fatal,0,1,1,0,City Street,Municipal/City Police,Kent Police Department,0,0,0,1,0,,,,,,0.0,0.0,0.0,,,,,,,,,,,0.0,0.0,0.0,0.0,,,,,20.0,7.0,,,,,,,,1.0,0.0,,,,,,,98032
2438,2020,48,EA17799,8.0,02/22/2020,15:55,22,2,,9,Clallam,0,1,,1,1,2,1,0,7,3,16:17,16:35,17:09,12,0,1,268.3,2,0,3,3,1,1,2,0,0,0,0,US-101,LOUELLA RD,-123.0308306,48.038616667,0,1,20,50,3,50,14,0,0,1,5,12,2,1,2,1,14,1,1,53,0,18,401,2005,0,,12,,,,,,1,1,70,2,0.0,,2,0,3,0,11,5,,,,,0.0,0.0,0.0,3.0,1,91,,,,96,,,,,,9,,,,,,98368.0,53,66.0,150.0,6.0,1.0,0.0,0.0,0.0,3.0,,1,,,,,,0,09/15/2015,03/15/2019,8,0,0,0,8.0,3,2,,,0,,,1,8,2.0,1.0,,,1.0,,,2,1,0.0,,,,,,,,,,,,,,,,,,,,,,,,,,,,,,0,0,0,1,1,0,1,1,1,0,0,0,0,1,0,0,0,0,0,0,0,0,0,0,0,1,1,0,0,1,0,0,0,0,0,,0,0,0,0,0,0,0,0,0,0,0,0,0,0,0,0,,,,,,66-70,66-75,US highway,R,Saturday,Belt Used,PV,Not Fatal,1,0,0,0,State Route,State Patrol,Washington State Patrol,0,1,0,0,0,,,,,,0.0,0.0,0.0,,,,,,,,,,,98.0,98.0,98.0,0.0,,,,,20.0,7.0,,,,,,,,1.0,0.0,,,,,,,98382
2439,2020,48,EA17799,8.0,02/22/2020,15:55,22,2,,9,Clallam,0,1,,1,1,2,1,0,7,3,16:17,16:35,17:09,12,0,1,268.3,2,0,3,3,1,1,2,0,0,0,0,US-101,LOUELLA RD,-123.0308306,48.038616667,0,2,21,53,3,50,6,0,0,1,2,12,2,1,2,1,5,2,2,53,0,48,38,1993,0,,12,12.0,,,,,1,1,35,1,0.0,,2,0,3,0,11,5,,,,,0.0,0.0,0.0,0.0,1,0,,,,96,,,,,,9,,,,,,98363.0,53,77.0,215.0,0.0,0.0,1.0,0.0,1.0,2.0,,97,,,,,,0,04/15/2016,10/15/2018,1,0,0,0,8.0,3,8,,,0,,,8,1,2.0,695.0,,,1.0,,,2,1,0.0,,,,,,,,,,,,,,,,,,,,,,,,,,,,,,0,0,0,1,1,0,1,1,1,0,0,0,0,1,0,0,0,0,0,0,0,0,0,0,0,1,1,0,0,1,0,0,0,0,0,,0,0,0,0,0,0,1,1,0,0,0,1,0,0,1,1,,,,,,31-35,26-35,US highway,R,Saturday,Belt Used,PV,Not Fatal,1,0,0,0,State Route,State Patrol,Washington State Patrol,0,1,0,0,0,,,carboxy-thc,15.0,,0.0,0.0,1.0,,,,,,,,,,,0.0,0.0,0.0,0.0,,,,,20.0,7.0,,,,,,,,1.0,0.0,,,,,,,98382
2440,2020,48,EA17799,8.0,02/22/2020,15:55,22,2,,9,Clallam,0,1,,1,1,2,1,0,7,3,16:17,16:35,17:09,12,0,1,268.3,2,0,3,3,1,1,2,0,0,0,0,US-101,LOUELLA RD,-123.0308306,48.038616667,0,3,98,98,7,50,14,0,0,1,2,12,3,1,2,1,14,4,1,53,0,48,401,2010,0,,12,,,,,,1,1,72,1,0.0,,1,0,3,0,11,5,,,,,0.0,0.0,0.0,3.0,1,0,,,,96,,,,,,0,,,,,,98271.0,53,73.0,195.0,6.0,1.0,0.0,0.0,0.0,0.0,,0,,,,,,0,,,8,0,0,0,8.0,3,2,,,0,,,8,0,0.0,0.0,,,0.0,,,2,95,0.0,,,,,,,,,,,,,,,,,,,,,,,,,,,,,,0,0,0,1,1,0,1,1,1,0,0,0,0,1,0,0,0,0,0,0,0,0,0,0,0,1,1,0,0,1,0,0,0,0,0,,0,0,0,0,0,0,0,0,0,0,0,0,0,0,0,0,,,,,,71-75,66-75,US highway,R,Saturday,Belt Used,PV,Not Fatal,1,0,0,0,State Route,State Patrol,Washington State Patrol,0,1,0,0,0,,,,,,0.0,0.0,0.0,,,,,,,,,,,98.0,98.0,98.0,0.0,,,,,20.0,7.0,,,,,,,,1.0,0.0,,,,,,,98382
2441,2020,49,EA18287,40.0,02/25/2020,19:47,25,2,,63,Spokane,0,1,,2,1,2,1,0,1,1,19:48,19:55,,1,0,0,2.4,1,0,1,6,1,2,4,0,0,0,0,CR-N RAMBO RD,,-117.6252583,47.671311111,0,1,98,13,2,45,34,0,0,1,5,1,1,1,2,1,1,1,2,53,0,20,481,1998,0,,63,69.0,68.0,64.0,69.0,1.0,1,1,46,1,7.0,,4,7,20,7,11,0,02/25/2020,20:35,53009939.0,9939.0,0.0,0.0,0.0,0.0,1,58,,,,96,,,,,,98,,,,,,99224.0,53,73.0,230.0,0.0,0.0,0.0,0.0,0.0,0.0,,0,,,,,,0,10/15/2017,02/15/2017,20,1,9,0,0.0,9,8,,,0,,,8,8,2.0,996.0,401.0,417.0,1.0,1.0,1.0,2,1,0.0,,,,,,,,,,,,,,,,,,,,,,,,,,,,,,0,0,0,0,0,0,1,1,1,0,0,0,0,1,0,0,0,0,0,1,0,0,0,0,0,0,0,0,0,1,0,0,0,1,0,,1,0,0,0,0,0,1,1,0,0,0,1,0,0,1,0,,,,,,46-50,46-55,County road,R,Tuesday,Not Used,PV,White,0,0,0,0,County Road,County Sheriff,Spokane County Sheriff's Office,0,0,1,0,0,thc,4.9,carboxy-thc,14.0,,0.0,0.0,2.0,1.0,1.0,1.0,,,155.0,189.0,695.0,605.0,,0.0,0.0,0.0,1.0,,,,,20.0,7.0,,,,,,,nms,1.0,0.0,,,RAMBO RD,2.41,,,99022
2442,2020,50,EA18986,14.0,02/18/2020,19:31,18,2,,11,Clark,0,1,,3,1,2,1,0,5,2,19:48,19:51,20:08,12,0,6,5.4,4,0,1,3,2,2,4,0,0,0,0,CR-NE 78TH ST,,-122.6339944,45.678741667,0,1,82,15,2,45,6,0,0,1,2,12,1,2,5,5,11,4,1,53,0,12,25,2017,0,,12,,,,,,1,1,54,2,7.0,,4,7,3,0,11,0,02/18/2020,19:31,53009825.0,9825.0,0.0,0.0,0.0,3.0,1,38,,,,96,,,,,,98,,,,,,98671.0,53,68.0,250.0,6.0,1.0,0.0,0.0,0.0,1.0,,0,,,,,,0,08/15/2018,08/15/2018,7,0,0,0,0.0,9,8,,,0,,,8,8,2.0,1.0,,,1.0,,,2,1,0.0,,,,,,,,,,,,,,,,,,,,,,,,,,,,,,0,0,0,0,0,0,0,0,0,0,0,0,1,0,0,0,0,0,1,0,0,0,0,0,0,0,0,0,0,1,0,0,0,0,0,,1,0,0,0,0,0,0,0,0,0,1,0,0,0,0,0,,,,,,51-55,46-55,County road,U,Tuesday,Belt Used,PV,White,0,0,0,0,County Road,County Sheriff,Clark County Sheriff's Office,0,0,1,0,0,,,,,,0.0,0.0,0.0,,,,,,,,,,,98.0,98.0,98.0,1.0,,,,,20.0,7.0,,,,,,,,1.0,0.0,,,NE 78TH ST,5.41,,,98665
2443,2020,50,EA18986,14.0,02/18/2020,19:31,18,2,,11,Clark,0,1,,3,1,2,1,0,5,2,19:48,19:51,20:08,12,0,6,5.4,4,0,1,3,2,2,4,0,0,0,0,CR-NE 78TH ST,,-122.6339944,45.678741667,0,2,83,67,4,45,34,0,0,1,2,12,1,2,5,5,1,1,1,53,0,7,482,2010,0,,12,,,,,,1,1,35,2,0.0,,2,0,3,0,11,5,,,,,0.0,0.0,0.0,3.0,1,0,,,,96,,,,,,98,,,,,,98604.0,53,69.0,120.0,6.0,1.0,0.0,0.0,0.0,1.0,,0,,,,,,3,08/15/2017,08/15/2017,20,0,0,0,8.0,9,8,,,0,,,8,8,2.0,1.0,,,1.0,,,2,1,0.0,,,,,,,,,,,,,,,,,,,,,,,,,,,,,,0,0,0,0,0,0,0,0,0,0,0,0,1,0,0,0,0,0,1,0,0,0,0,0,0,0,0,0,0,1,0,0,0,0,0,,0,0,0,0,0,0,0,0,0,1,0,0,0,0,0,0,,,,,,31-35,26-35,County road,U,Tuesday,Belt Used,PV,Not Fatal,0,0,0,0,County Road,County Sheriff,Clark County Sheriff's Office,0,0,1,0,0,,,,,,0.0,0.0,0.0,,,,,,,,,,,98.0,98.0,98.0,0.0,,,,,20.0,7.0,,,,,,,,1.0,0.0,,,NE 78TH ST,5.41,,,98665
2444,2020,51,3847626,263.0,01/07/2020,15:50,7,1,,33,King,1960,2,,1,2,2,1,1,1,1,15:52,15:55,16:23,8,0,0,0.0,3,0,2,4,2,4,6,0,0,0,0,S HOLGATE ST,8th Ave S,-122.3235167,47.586116667,0,1,13,81,5,98,4,0,0,1,8,8,1,2,4,1,1,1,2,53,0,49,32,2015,0,,8,,,,,,1,1,41,2,0.0,,0,0,3,0,11,0,,,,,0.0,0.0,3.0,3.0,1,0,,,,96,,,,,,0,,,,,,98108.0,53,60.0,135.0,6.0,1.0,0.0,0.0,0.0,0.0,,0,,,,,,0,,,20,0,0,0,8.0,3,8,,,0,,,8,8,0.0,0.0,,,0.0,,,8,95,995.0,,,,,,,,,,,,,,,,,,,,,,,,,,,,,,0,0,0,1,0,0,0,0,0,1,0,1,0,0,0,0,0,0,0,0,0,0,0,0,0,0,0,0,0,1,0,1,0,0,0,,0,0,0,0,0,0,0,0,0,0,0,0,0,0,0,0,,,,,,41-45,36-45,City street,U,Tuesday,Belt Used,PV,Not Fatal,1,0,0,0,City Street,Municipal/City Police,Seattle Police Department,0,0,0,1,0,,,,,,0.0,0.0,0.0,,,,,,,,,,,98.0,98.0,98.0,0.0,,,,,20.0,7.0,,,,,,,,1.0,0.0,,,,,,,98134
2445,2020,52,EA20417,278.0,03/03/2020,4:26,3,3,,63,Spokane,2110,1,,2,1,2,1,1,1,1,,,,8,0,0,271.8,3,0,3,3,2,1,2,0,0,0,0,US-2,LUCAS DR,-117.5461417,47.643130556,0,1,13,80,5,55,10,0,0,1,5,8,8,8,5,5,1,1,2,53,0,48,44,2006,0,,8,,,,,,1,1,21,2,0.0,,0,0,3,0,11,0,,,,,0.0,0.0,0.0,3.0,1,10,,,,0,,,,,,0,,,,,,99001.0,53,67.0,150.0,6.0,1.0,0.0,0.0,0.0,1.0,,0,,,,,,0,10/15/2016,10/15/2016,20,0,0,0,8.0,3,2,,,0,,,8,8,8.0,95.0,,,96.0,,,8,95,995.0,,,,,,,,,,,,,,,,,,,,,,,,,,,,,,0,0,0,1,0,0,0,0,0,1,0,1,0,0,0,0,0,0,0,0,0,0,0,1,1,0,0,0,0,1,0,1,0,0,0,,0,0,0,0,0,0,0,0,0,0,0,0,0,0,0,0,,,,,,21-25,16-25,US highway,U,Tuesday,Belt Used,PV,Not Fatal,0,0,0,0,State Route,Municipal/City Police,Spokane Police Department,0,1,0,0,0,,,,,,0.0,0.0,0.0,,,,,,,,,,,98.0,98.0,98.0,0.0,,,,,20.0,7.0,,,,,,,,1.0,0.0,,,,,,,99219
2446,2020,53,EA20934,35.0,03/04/2020,3:35,4,3,,53,Pierce,0,10,,2,2,2,1,0,1,1,,,,42,0,0,1.3,1,0,1,3,2,2,4,0,0,0,0,CR-SPANAWAY LOOP RD S,,-122.4583667,47.106936111,0,1,1,13,2,40,4,0,0,1,5,42,3,1,5,5,14,1,1,53,0,37,32,2007,0,,63,67.0,42.0,1.0,,,1,1,55,1,7.0,,4,7,3,0,11,0,03/04/2020,3:35,53010312.0,10312.0,0.0,0.0,0.0,3.0,1,0,,,,0,,,,,,1,,,,,,98387.0,53,67.0,160.0,6.0,1.0,0.0,1.0,0.0,0.0,,0,,,,,,3,01/15/2019,01/15/2019,2,0,0,0,0.0,9,8,,,0,,,8,8,2.0,401.0,417.0,407.0,1.0,1.0,1.0,2,1,0.0,,,,,,,,,,,,,,,,,,,,,,,,,,,,,,0,0,1,0,0,0,1,1,0,0,0,0,1,0,0,0,0,0,0,0,0,0,0,0,0,0,0,0,0,1,0,0,0,0,0,,1,0,0,0,0,0,1,1,0,1,0,0,0,0,1,0,,,,,,51-55,46-55,County road,U,Wednesday,Belt Used,PV,Black,0,1,0,0,County Road,County Sheriff,Law Enforcement Support Agency,1,0,1,0,0,,,,,,0.0,0.0,0.0,1.0,,,,,402.0,,,,,98.0,98.0,98.0,2.0,,,,,20.0,7.0,,,,,,,,1.0,0.0,,,SPANAWAY LOOP RD S,1.32,,,98387