,year,case,par,repjur,crash_dt,crash_tm,accday,accmon,holiday,county,co_char,city,weather,weather2,lightcond,surfcond,surftype,numfatal,nmforms,pforms,vforms,not_tm,arr_tm,hosp_tm,fhevent,hitrun,manncol,milepnt,reljunc,reljuncinter,intersectiontype,funcsystem,landuse,ownership,route,schlbus,spejur,contdev,devfunc,trafid1,trafid2,x,y,wk_zone,vnumber,crashtype,criticalevent,criticaleventcat,spdlim,body,trailer,emerg,hazcargo,leave,mhevent,roadalgn,roadprof,traflane,trafflow,vehmanvr,numoccs,regowner,regstate,spuse,make,model,modelyr,vrf1,vrf2,seqevent1,seqevent2,seqevent3,seqevent4,seqevent5,seqevent6,pnumber,ptype,age,sex,hispanic,race,injury,diedscene,restraint,restraintmisuse,seatpos,takehosp,death_dt,death_tm,cert,cernum_wa,commlic,licendor,licrestrict,liccomp,drivpres,drf1,drf2,drf3,drf4,distract1,distract2,distract3,distract4,distract5,distract6,dricond1,dricond2,dricond3,dricond4,dricond5,dricond6,dzip,licstate,drhgt_in,weight,noncdl,noncdltype,prevdwi,prevoth,prevacc,prevspd,prevsus,driviol1,driviol2,driviol3,driviol4,driviol5,driviol6,spdrel,first_dt,last_dt,airbag,ejection,ejectpath,extricat,injurwrk,methalc,methdrug,nmlocat,strikveh,prf1,prf2,prf3,druginv,alcinvol,drugsts,drugres1,drugres2,drugres3,drugtst1,drugtst2,drugtst3,alcsts,alctst,alcres,nmact1,nmact2,nmact3,nmact4,nmact5,nmact6,nmprior1,nmprior2,nmprior3,nmprior4,nmprior5,nmprior6,nmcond1,nmcond2,nmcond3,nmcond4,nmcond5,nmcond6,nmsafe_helmet,nmsafe_pads,nmsafe_oth,nmprev_ref,nmprev_lgt,nmprev_oth,crashlocation,nmcrashtype,crosswalk,schoolzone,sidewalk,train_inv,wildlife_inv,rotr_fars,intersect_fars,dd_inv,aid_inv,dpd_inv,id_inv,mj_inv,impnm_inv,ainm_inv,dpnm_inv,speed_inv,unlic_inv,unendmc_inv,drowsy_inv,drdist_inv,nmdist_inv,fty_inv,unrestfat_inv,dr1617_inv,dr1820_inv,dr1620_inv,dr2125_inv,dr1625_inv,dr65_inv,dr70_inv,dr75_inv,mc_inv,pv_inv,ht_inv,ped_inv,bike_inv,unrest_fat,mc_fat,unhelmet_mc,pv_fat,ht_fat,ped_fat,bike_fat,dr_alc7,dr_alc8,dr_drug,dr_imp,dr_dist,dr_spd,dr_fty,dr_unlic,dr_alc7only,dr_alc8only,dr_drugonly,dr_drink,nm_imp,nm_alc7,nm_alc8,nm_drug,nm_dist,agegrp1,agegrp2,roadclass,urbrur,dayweek,restuse,vehtype,race_me,intersect,lanedep,oppdir,wrongway,rep_typ,investag,repag_long,rotr,st_rd,cty_rd,city_rd,oth_rd,drug_thc,thc_res,drug_cthc,cthc_res,drug_cann,prevpersemin,prevperse,prevsusoth,drugtst4,drugtst5,drugtst6,drugtst7,drugtst8,drugres4,drugres5,drugres6,drugres7,drugres8,adspresent,adsengaged,adslevel,race1,race2,race3,race4,race5,helmet,helmetmisuse,nmdistract1,nmdistract2,nmdistract3,nmdistract4,nmdistract5,nmdistract6,lab,isedtcase,crf1,crf2,crf3,CoRoadName,CoMP,IntCoRoadName,IntCoMP,zipcode
2447,2020,54,EA21778,5.0,02/24/2020,0:42,24,2,,15,Cowlitz,1010,1,,2,1,2,1,0,1,1,,,,25,0,0,38.3,1,0,1,1,2,1,1,0,0,0,0,I-5,,-122.8915417,46.124344444,0,1,7,6,1,70,4,0,0,1,2,25,3,1,3,3,14,1,1,53,0,42,48,2007,0,,64,25.0,,,,,1,1,20,1,1.0,,4,7,20,7,11,0,02/24/2020,0:42,101053009545.0,9545.0,0.0,0.0,0.0,3.0,1,0,,,,96,,,,,,98,,,,,,98671.0,53,70.0,153.0,6.0,1.0,0.0,2.0,1.0,3.0,,0,,,,,,3,01/15/2015,08/15/2020,1,1,9,0,0.0,9,8,,,0,,,8,8,8.0,95.0,,,96.0,,,2,98,997.0,,,,,,,,,,,,,,,,,,,,,,,,,,,,,,0,0,0,0,0,0,0,0,0,0,0,0,1,0,0,0,0,0,0,1,0,1,1,0,1,0,0,0,0,1,0,0,0,1,0,,1,0,0,0,0,0,0,0,0,1,0,0,0,0,0,0,,,,,,18-20,16-25,Interstate,U,Monday,Not Used,PV,Hispanic,0,1,0,0,State Route,State Patrol,Washington State Patrol,1,1,0,0,0,,,,,,0.0,0.0,0.0,,,,,,,,,,,98.0,98.0,98.0,1.0,,,,,20.0,7.0,,,,,,,,1.0,0.0,,,,,,,98609
2448,2020,55,EA22120,8.0,02/14/2020,18:12,14,2,,45,Mason,0,10,,2,2,2,1,0,5,2,18:14,18:31,19:12,12,0,6,8.7,1,0,1,4,1,1,3,0,0,0,0,SR-108,,-123.1489028,47.103427778,0,1,66,6,1,50,2,0,0,1,2,12,3,1,2,1,6,1,2,53,0,37,32,2002,0,,68,12.0,,,,,1,1,25,1,7.0,,4,0,3,0,11,5,02/15/2020,18:46,196053008005.0,8005.0,0.0,0.0,0.0,3.0,1,33,,,,96,,,,,,98,,,,,,98592.0,53,76.0,185.0,6.0,1.0,0.0,5.0,0.0,0.0,,0,,,,,,4,01/15/2016,11/15/2020,8,0,0,0,0.0,9,8,,,0,,,8,8,2.0,695.0,605.0,,1.0,1.0,,2,1,0.0,,,,,,,,,,,,,,,,,,,,,,,,,,,,,,0,0,0,0,0,0,1,1,1,0,0,0,1,0,0,0,0,0,0,0,0,0,0,1,1,0,0,0,0,1,0,0,0,0,0,,1,0,0,0,0,0,1,1,0,1,0,0,0,0,1,0,,,,,,21-25,16-25,State route,R,Friday,Belt Used,PV,White,0,1,1,0,State Route,State Patrol,Washington State Patrol,0,1,0,0,0,thc,0.91,carboxy-thc,5.9,,0.0,0.0,1.0,,,,,,,,,,,98.0,98.0,98.0,1.0,,,,,20.0,7.0,,,,,,,nms,1.0,0.0,,,,,,,98584
2449,2020,55,EA22120,8.0,02/14/2020,18:12,14,2,,45,Mason,0,10,,2,2,2,1,0,5,2,18:14,18:31,19:12,12,0,6,8.7,1,0,1,4,1,1,3,0,0,0,0,SR-108,,-123.1489028,47.103427778,0,2,66,62,4,50,14,0,0,1,2,12,2,1,2,1,14,4,2,53,0,49,402,2020,0,,12,,,,,,1,1,37,1,0.0,,1,0,3,0,11,5,,,,,0.0,0.0,3.0,3.0,1,0,,,,96,,,,,,0,,,,,,98282.0,53,71.0,185.0,6.0,1.0,0.0,0.0,0.0,0.0,,0,,,,,,0,,,8,0,0,0,8.0,9,8,,,0,,,8,8,0.0,0.0,,,0.0,,,0,0,996.0,,,,,,,,,,,,,,,,,,,,,,,,,,,,,,0,0,0,0,0,0,1,1,1,0,0,0,1,0,0,0,0,0,0,0,0,0,0,1,1,0,0,0,0,1,0,0,0,0,0,,0,0,0,0,0,0,0,0,0,0,0,0,0,0,0,0,,,,,,36-40,36-45,State route,R,Friday,Belt Used,PV,Not Fatal,0,1,1,0,State Route,State Patrol,Washington State Patrol,0,1,0,0,0,,,,,,0.0,0.0,0.0,,,,,,,,,,,98.0,98.0,98.0,0.0,,,,,20.0,7.0,,,,,,,,1.0,0.0,,,,,,,98584
2450,2020,56,EA22189,284.0,03/08/2020,4:38,8,3,,53,Pierce,2160,10,,6,2,5,1,0,1,5,4:39,4:49,,53,0,0,0.0,1,0,1,7,2,4,6,0,0,0,0,STEVENS ST,,-122.5909889,47.171669444,1,1,6,12,2,25,4,0,0,1,2,53,1,1,2,1,1,1,1,53,0,12,37,2010,0,,64,53.0,42.0,14.0,14.0,14.0,1,1,23,2,7.0,,4,7,99,7,11,0,03/08/2020,4:38,216053011286.0,11286.0,0.0,0.0,0.0,3.0,1,0,,,,96,,,,,,9,,,,,,98070.0,53,64.0,140.0,6.0,1.0,0.0,0.0,0.0,3.0,,0,,,,,,3,09/15/2017,04/15/2018,8,1,9,0,0.0,9,8,,,0,,,8,1,2.0,1.0,,,1.0,,,2,1,0.235,,,,,,,,,,,,,,,,,,,,,,,,,,,,,,0,0,1,0,1,1,0,1,0,0,0,0,1,0,0,0,0,0,0,0,0,0,0,1,1,0,0,0,0,1,0,0,0,0,0,,1,0,0,0,0,1,0,1,0,1,0,0,0,1,0,1,,,,,,21-25,16-25,City street,U,Sunday,Unknown,PV,White,0,1,0,0,City Street,Municipal/City Police,Steilacoom Police Department,1,0,0,1,0,,,,,,0.0,0.0,0.0,,,,,,,,,,,98.0,98.0,98.0,1.0,,,,,20.0,7.0,,,,,,,,1.0,14.0,,,,,,,98388
2451,2020,58,EA22810,14.0,03/02/2020,23:29,2,3,,11,Clark,0,10,,2,2,2,1,0,1,1,,,,39,0,0,1.0,1,0,1,5,2,2,4,0,0,0,0,CR-NE 117TH ST,,-122.6568528,45.705805556,0,1,6,9,1,35,4,0,0,1,2,39,1,2,1,2,1,1,1,53,0,7,20,2001,0,,64,65.0,64.0,39.0,1.0,,1,1,29,1,7.0,,4,7,3,0,11,0,03/02/2020,23:29,53010289.0,10289.0,0.0,0.0,0.0,3.0,1,58,,,,96,,,,,,98,,,,,,98686.0,53,70.0,170.0,6.0,1.0,0.0,1.0,3.0,2.0,,0,,,,,,4,10/15/2016,07/15/2019,8,0,0,0,0.0,9,8,,,0,,,8,8,2.0,1.0,,,1.0,,,2,1,0.069,,,,,,,,,,,,,,,,,,,,,,,,,,,,,,0,0,1,0,1,0,0,0,0,0,0,0,1,0,0,0,0,0,0,0,0,0,0,0,0,0,0,0,0,1,0,0,0,0,0,,1,0,0,0,1,0,0,0,0,1,0,0,1,0,0,1,,,,,,26-30,26-35,County road,U,Monday,Belt Used,PV,White,0,1,0,0,County Road,County Sheriff,Clark County Sheriff's Office,1,0,1,0,0,,,,,,0.0,0.0,0.0,,,,,,,,,,,98.0,98.0,98.0,1.0,,,,,20.0,7.0,,,,,,,,1.0,0.0,,,NE 117TH ST,1.02,,,98685
2452,2020,59,EA22930,25.0,03/08/2020,20:15,8,3,,33,King,0,1,,3,1,2,1,1,1,1,,,,8,0,0,3.1,3,0,3,4,2,2,4,0,0,0,0,CR-16th Ave SW,SW 110TH ST,-122.355125,47.504947222,0,1,13,80,5,35,4,0,0,1,5,8,1,1,5,5,1,1,1,53,0,37,32,2006,0,,8,,,,,,1,1,45,1,0.0,,0,0,3,0,11,0,,,,,0.0,0.0,0.0,3.0,1,10,,,,0,,,,,,0,,,,,,98118.0,53,72.0,190.0,6.0,1.0,0.0,0.0,0.0,0.0,,97,,,,,,0,,,20,0,0,0,8.0,3,2,,,0,,,8,8,0.0,0.0,,,0.0,,,0,0,996.0,,,,,,,,,,,,,,,,,,,,,,,,,,,,,,0,0,0,1,0,0,0,0,0,1,1,0,0,0,0,0,0,0,0,0,0,0,0,0,0,0,0,0,0,1,0,1,0,0,0,,0,0,0,0,0,0,0,0,0,0,0,0,0,0,0,0,,,,,,41-45,36-45,County road,U,Sunday,Belt Used,PV,Not Fatal,0,0,0,0,County Road,County Sheriff,King County Police,0,0,1,0,0,,,,,,0.0,0.0,0.0,,,,,,,,,,,98.0,98.0,98.0,0.0,,,,,20.0,7.0,,,,,,,,1.0,0.0,,,16 AVE SW,3.1,SW 110 ST,0.302,98146
2453,2020,60,EA23013,305.0,03/07/2020,15:46,7,3,,11,Clark,2370,2,,1,2,2,1,0,2,2,15:47,15:55,,12,0,6,0.0,3,0,6,5,2,4,6,0,0,0,0,NE 49TH ST,NE 137th Ave,-122.5319417,45.657138889,0,1,66,8,1,98,4,0,0,1,5,12,3,1,2,2,14,1,1,53,0,49,40,1993,0,,63,69.0,65.0,12.0,,,1,1,70,1,7.0,,4,7,20,7,11,0,03/07/2020,15:46,237053012511.0,12511.0,0.0,0.0,0.0,2.0,1,0,,,,0,,,,,,1,,,,,,98682.0,53,65.0,170.0,1.0,1.0,0.0,0.0,0.0,0.0,,0,,,,,,0,11/15/2016,03/15/2019,1,0,0,0,0.0,9,8,,,0,,,8,8,2.0,1.0,,,1.0,,,2,1,0.0,,,,,,,,,,,,,,,,,,,,,,,,,,,,,,0,0,0,1,0,0,0,0,0,0,0,0,0,1,0,0,0,0,0,1,0,0,0,0,0,1,1,0,0,1,0,0,0,1,0,,1,0,0,0,0,0,0,0,0,0,0,1,0,0,0,0,,,,,,66-70,66-75,City street,U,Saturday,Not Used,PV,White,1,0,0,0,City Street,Municipal/City Police,Vancouver Police Department,0,0,0,1,0,,,,,,0.0,0.0,2.0,,,,,,,,,,,0.0,0.0,0.0,1.0,,,,,20.0,7.0,,,,,,,,1.0,0.0,,,,,,,98682
2454,2020,60,EA23013,305.0,03/07/2020,15:46,7,3,,11,Clark,2370,2,,1,2,2,1,0,2,2,15:47,15:55,,12,0,6,0.0,3,0,6,5,2,4,6,0,0,0,0,NE 49TH ST,NE 137th Ave,-122.5319417,45.657138889,0,2,66,62,4,35,15,0,0,1,5,12,2,1,2,2,14,1,1,53,0,37,422,2019,0,,12,,,,,,1,1,41,2,0.0,,0,0,3,0,11,0,,,,,0.0,0.0,0.0,3.0,1,0,,,,96,,,,,,0,,,,,,98682.0,53,63.0,165.0,6.0,1.0,0.0,0.0,0.0,0.0,,0,,,,,,0,,,20,0,0,0,8.0,9,8,,,0,,,8,8,8.0,95.0,,,96.0,,,8,95,995.0,,,,,,,,,,,,,,,,,,,,,,,,,,,,,,0,0,0,1,0,0,0,0,0,0,0,0,0,1,0,0,0,0,0,1,0,0,0,0,0,1,1,0,0,1,0,0,0,0,0,,0,0,0,0,0,0,0,0,0,0,0,0,0,0,0,0,,,,,,41-45,36-45,City street,U,Saturday,Belt Used,PV,Not Fatal,1,0,0,0,City Street,Municipal/City Police,Vancouver Police Department,0,0,0,1,0,,,,,,0.0,0.0,0.0,,,,,,,,,,,98.0,98.0,98.0,0.0,,,,,20.0,7.0,,,,,,,,1.0,0.0,,,,,,,98682
2455,2020,61,EA23371,305.0,03/12/2020,5:19,12,3,,11,Clark,2370,1,,3,1,2,1,1,1,1,5:20,5:28,5:45,8,0,0,0.0,1,0,1,3,2,4,6,0,0,0,0,NE ANDRESEN RD,,-122.6021806,45.658930556,0,1,13,80,5,40,4,0,0,1,2,8,1,3,2,2,1,1,1,41,0,48,34,2011,0,,8,,,,,,1,1,27,1,0.0,,2,0,3,0,11,8,,,,,0.0,0.0,0.0,3.0,1,10,,,,0,,,,,,0,,,,,,97006.0,41,71.0,170.0,6.0,1.0,0.0,0.0,0.0,0.0,,0,,,,,,0,,,20,0,0,0,8.0,1,8,,,0,,,8,0,2.0,695.0,605.0,,1.0,1.0,,2,1,0.0,,,,,,,,,,,,,,,,,,,,,,,,,,,,,,0,0,0,0,0,0,1,1,1,1,1,1,0,0,0,0,0,0,0,0,0,0,0,0,0,0,0,0,0,1,0,1,0,0,0,,0,0,0,0,0,0,1,1,0,0,0,0,0,0,1,0,,,,,,26-30,26-35,City street,U,Thursday,Belt Used,PV,Not Fatal,0,0,0,0,City Street,Municipal/City Police,Vancouver Police Department,0,0,0,1,0,thc,6.1,carboxy-thc,98.0,,0.0,0.0,0.0,,,,,,,,,,,98.0,98.0,98.0,0.0,,,,,20.0,7.0,,,,,,,,1.0,0.0,,,,,,,98661
2456,2020,62,EA23540,278.0,03/03/2020,0:11,3,3,,63,Spokane,2110,1,,3,1,2,1,0,1,1,0:13,0:17,,59,0,0,0.0,1,0,1,3,2,4,6,0,0,0,0,N HAMILTON ST,,-117.3965222,47.677066667,0,1,1,13,2,98,6,0,0,1,2,19,1,1,5,1,1,1,1,53,0,18,24,2012,0,,63,59.0,46.0,19.0,,,1,1,57,1,7.0,,4,7,99,7,11,0,03/03/2020,0:11,211053010821.0,10821.0,0.0,0.0,0.0,3.0,1,0,,,,92,,,,,,98,,,,,,98507.0,53,66.0,200.0,6.0,1.0,0.0,0.0,0.0,0.0,,0,,,,,,0,,,1,0,0,0,0.0,9,8,,,0,,,8,8,2.0,1.0,,,1.0,,,2,1,0.089,,,,,,,,,,,,,,,,,,,,,,,,,,,,,,0,0,1,0,1,1,0,1,0,0,0,0,0,0,0,0,1,0,0,0,0,0,0,0,0,0,0,0,0,1,0,0,0,0,0,,1,0,0,0,0,1,0,1,1,0,0,0,0,1,0,1,,,,,,56-60,56-65,City street,U,Tuesday,Unknown,PV,White,0,1,0,0,City Street,Municipal/City Police,Spokane Police Department,1,0,0,1,0,,,,,,0.0,0.0,0.0,,,,,,,,,,,98.0,98.0,98.0,1.0,,,,,20.0,7.0,,,,,,,,1.0,0.0,,,,,,,99258
2457,2020,63,EA23541,3.0,03/11/2020,18:57,11,3,,53,Pierce,2230,1,,1,1,2,2,0,3,1,,,,33,0,0,0.0,3,0,3,3,2,1,3,0,0,0,0,SR-509,S 32ND ST,-122.4340361,47.232161111,0,1,6,12,2,35,4,0,0,1,2,1,1,2,4,1,1,3,2,53,0,12,37,2007,0,,68,64.0,33.0,38.0,1.0,,1,1,45,1,7.0,,4,7,20,7,11,0,03/11/2020,18:57,223053011887.0,11887.0,0.0,0.0,0.0,3.0,1,0,,,,96,,,,,,9,,,,,,98040.0,53,71.0,170.0,6.0,1.0,0.0,0.0,0.0,1.0,,0,,,,,,0,10/15/2015,10/15/2015,1,0,0,0,0.0,9,8,,,0,,,8,1,2.0,401.0,417.0,605.0,1.0,1.0,1.0,2,1,0.0,,,,,,,,,,,,,,,,,,,,,,,,,,,,,,0,0,1,1,1,0,1,1,1,0,0,0,0,0,0,0,0,0,0,1,0,0,0,0,0,0,0,0,0,1,0,0,0,1,0,,1,0,0,0,0,0,1,1,0,0,0,0,0,0,1,1,,,,,,41-45,36-45,State route,U,Wednesday,Not Used,PV,Black,0,1,0,0,City Street,State Patrol,Washington State Patrol,1,0,0,1,0,thc,4.5,,,,0.0,0.0,0.0,,,,,,,,,,,98.0,98.0,98.0,2.0,,,,,20.0,7.0,,,,,,,nms,1.0,0.0,,,,,,,98418
2458,2020,64,EA23857,1.0,03/01/2020,1:47,1,3,,77,Yakima,0,1,,6,1,2,1,1,3,1,,,,8,0,0,68.8,1,0,1,4,2,1,2,0,3,0,0,US-97,,-120.430275,46.449313889,0,1,13,80,5,55,66,1,0,1,5,8,2,1,2,3,14,3,3,53,0,82,881,2001,0,,8,,,,,,1,1,53,1,0.0,,0,0,3,0,11,0,,,,,6.0,1.0,0.0,3.0,1,0,,,,96,,,,,,0,,,,,,98903.0,53,63.0,165.0,6.0,1.0,0.0,0.0,0.0,0.0,,0,,,,,,0,,,20,0,0,0,8.0,9,8,,,0,,,8,8,0.0,0.0,,,0.0,,,0,0,996.0,,,,,,,,,,,,,,,,,,,,,,,,,,,,,,0,0,0,0,0,0,0,0,0,1,1,1,0,0,0,0,0,0,0,0,0,0,0,0,0,0,0,0,0,0,1,1,0,0,0,,0,0,0,0,0,0,0,0,0,0,0,0,0,0,0,0,,,,,,51-55,46-55,US highway,U,Sunday,,MHTRUCK,Not Fatal,0,0,0,0,State Route,State Patrol,Washington State Patrol,0,1,0,0,0,,,,,,0.0,0.0,0.0,,,,,,,,,,,98.0,98.0,98.0,0.0,,,,,20.0,7.0,,,,,,,,1.0,0.0,,,,,,,98951
2459,2020,65,EA24118,1.0,03/14/2020,21:04,14,3,,5,Benton,0,1,,2,1,1,1,0,1,1,,,,1,0,0,101.0,1,0,1,1,2,1,1,0,0,0,0,I-82,,-119.3865583,46.258536111,0,1,1,13,2,70,16,0,0,1,2,1,1,1,2,3,1,1,1,53,0,20,431,1996,0,,63,1.0,,,,,1,1,32,2,7.0,,4,7,3,0,11,0,03/14/2020,21:04,53012610.0,12610.0,0.0,0.0,0.0,3.0,1,58,,,,96,,,,,,98,,,,,,99336.0,53,67.0,208.0,6.0,1.0,0.0,0.0,0.0,2.0,,0,,,,,,0,12/15/2018,07/15/2019,20,0,0,0,0.0,9,8,,,0,,,8,9,2.0,605.0,,,1.0,,,2,1,0.0,,,,,,,,,,,,,,,,,,,,,,,,,,,,,,0,0,1,0,0,0,1,1,1,0,0,0,0,0,0,0,0,0,0,0,0,0,0,0,0,0,0,0,0,1,0,0,0,0,0,,1,0,0,0,0,0,1,1,0,0,0,0,0,0,1,0,,,,,,31-35,26-35,Interstate,U,Saturday,Belt Used,PV,White,0,0,0,0,State Route,State Patrol,Washington State Patrol,0,1,0,0,0,thc,0.61,,,,0.0,0.0,2.0,,,,,,,,,,,0.0,0.0,0.0,1.0,,,,,20.0,7.0,,,,,,,nms,1.0,0.0,,,,,,,99320
2460,2020,66,EA24161,305.0,03/15/2020,21:56,15,3,,11,Clark,2370,1,,3,1,2,1,1,1,1,23:23,0:05,,8,0,0,0.0,3,0,2,3,2,4,6,0,0,3,3,E FOURTH PLAIN BLVD,FORT VANCOUVER WAY,-122.647925,45.638530556,0,1,13,80,5,30,6,0,0,1,2,8,1,1,4,2,1,1,1,53,0,12,24,2008,0,,8,,,,,,1,1,64,1,0.0,,0,0,3,0,11,0,,,,,0.0,0.0,3.0,3.0,1,0,,,,96,,,,,,9,,,,,,98310.0,53,78.0,200.0,6.0,1.0,0.0,1.0,2.0,9.0,,97,,,,,,0,09/15/2015,06/15/2019,20,0,0,0,8.0,9,8,,,0,,,8,1,2.0,695.0,605.0,189.0,1.0,1.0,1.0,2,1,0.039,,,,,,,,,,,,,,,,,,,,,,,,,,,,,,0,0,0,1,1,0,1,1,1,1,0,1,0,0,0,0,0,0,0,0,0,0,0,0,0,0,0,0,0,1,0,1,0,0,0,,0,0,0,0,1,0,1,1,0,0,0,0,0,0,0,1,,,,,,61-65,56-65,City street,U,Sunday,Belt Used,PV,Not Fatal,1,0,0,0,City Street,Municipal/City Police,Vancouver Police Department,0,0,0,1,0,thc,29.0,carboxy-thc,888.0,,0.0,0.0,0.0,1.0,1.0,,,,321.0,351.0,,,,98.0,98.0,98.0,0.0,,,,,20.0,7.0,,,,,,,,1.0,0.0,,,,,,,98663
2461,2020,67,EA24052,5.0,03/12/2020,14:17,12,3,,59,Skamania,0,1,,1,1,2,1,0,4,3,14:18,14:28,15:13,12,0,8,36.0,1,0,1,3,1,1,3,0,0,0,0,SR-14,,-121.9999917,45.635936111,0,1,64,10,2,55,4,0,0,1,2,12,2,1,2,1,14,2,1,53,0,59,31,2005,0,,68,12.0,12.0,63.0,35.0,,1,1,57,2,7.0,,4,7,3,0,11,0,03/12/2020,14:17,53012410.0,12410.0,0.0,0.0,0.0,3.0,1,28,,,,92,,,,,,98,,,,,,98648.0,53,71.0,240.0,6.0,1.0,0.0,0.0,0.0,0.0,,0,,,,,,0,,,8,0,0,0,0.0,9,8,,,0,,,8,8,0.0,0.0,,,0.0,,,2,4,0.0,,,,,,,,,,,,,,,,,,,,,,,,,,,,,,0,0,0,0,0,0,0,0,0,0,0,0,0,0,0,0,1,0,0,0,0,0,0,0,0,0,0,0,0,1,1,0,0,0,0,,1,0,0,0,0,0,0,0,1,0,0,0,0,0,0,0,,,,,,56-60,56-65,State route,R,Thursday,Belt Used,PV,White,0,1,1,0,State Route,State Patrol,Washington State Patrol,0,1,0,0,0,,,,,,0.0,0.0,0.0,,,,,,,,,,,98.0,98.0,98.0,1.0,,,,,20.0,7.0,,,,,,,,1.0,0.0,,,,,,,98639
2462,2020,67,EA24052,5.0,03/12/2020,14:17,12,3,,59,Skamania,0,1,,1,1,2,1,0,4,3,14:18,14:28,15:13,12,0,8,36.0,1,0,1,3,1,1,3,0,0,0,0,SR-14,,-121.9999917,45.635936111,0,2,65,62,4,55,66,0,0,1,2,12,3,1,2,1,14,1,3,53,0,98,809,2000,0,,12,,,,,,1,1,61,1,0.0,,0,0,3,0,11,0,,,,,6.0,1.0,0.0,3.0,1,0,,,,96,,,,,,0,,,,,,99362.0,53,70.0,245.0,6.0,1.0,0.0,0.0,0.0,1.0,,0,,,,,,0,03/15/2017,03/15/2017,20,0,0,0,8.0,9,8,,,0,,,8,8,0.0,0.0,,,0.0,,,0,0,996.0,,,,,,,,,,,,,,,,,,,,,,,,,,,,,,0,0,0,0,0,0,0,0,0,0,0,0,0,0,0,0,1,0,0,0,0,0,0,0,0,0,0,0,0,1,1,0,0,0,0,,0,0,0,0,0,0,0,0,0,0,0,0,0,0,0,0,,,,,,61-65,56-65,State route,R,Thursday,,MHTRUCK,Not Fatal,0,1,1,0,State Route,State Patrol,Washington State Patrol,0,1,0,0,0,,,,,,0.0,0.0,0.0,,,,,,,,,,,98.0,98.0,98.0,0.0,,,,,20.0,7.0,,,,,,,,1.0,0.0,,,,,,,98639
2463,2020,67,EA24052,5.0,03/12/2020,14:17,12,3,,59,Skamania,0,1,,1,1,2,1,0,4,3,14:18,14:28,15:13,12,0,8,36.0,1,0,1,3,1,1,3,0,0,0,0,SR-14,,-121.9999917,45.635936111,0,3,98,62,4,55,61,1,0,1,2,12,2,1,2,1,14,1,3,30,0,12,881,2019,0,,12,,,,,,1,1,40,1,0.0,,0,0,3,0,11,0,,,,,0.0,0.0,0.0,3.0,1,0,,,,96,,,,,,0,,,,,,59932.0,30,,999.0,6.0,1.0,0.0,0.0,98.0,0.0,,0,,,,,,0,,,20,0,0,0,8.0,9,8,,,0,,,8,8,0.0,0.0,,,0.0,,,0,0,996.0,,,,,,,,,,,,,,,,,,,,,,,,,,,,,,0,0,0,0,0,0,0,0,0,0,0,0,0,0,0,0,1,0,0,0,0,0,0,0,0,0,0,0,0,1,1,0,0,0,0,,0,0,0,0,0,0,0,0,0,0,0,0,0,0,0,0,,,,,,36-40,36-45,State route,R,Thursday,,MHTRUCK,Not Fatal,0,1,1,0,State Route,State Patrol,Washington State Patrol,0,1,0,0,0,,,,,,0.0,0.0,0.0,,,,,,,,,,,98.0,98.0,98.0,0.0,,,,,20.0,7.0,,,,,,,,1.0,0.0,,,,,,,98639
2464,2020,68,EA24602,1.0,03/11/2020,20:45,11,3,,5,Benton,0,1,,2,1,1,1,0,4,2,21:50,22:02,22:31,12,0,1,103.5,1,0,1,1,2,1,1,0,0,0,0,I-82,,-119.3553306,46.230277778,0,2,98,50,3,70,4,0,0,1,2,12,1,1,2,2,1,3,1,53,0,59,31,2002,0,,12,,,,,,1,1,51,2,0.0,,0,0,3,0,11,0,,,,,0.0,0.0,3.0,3.0,1,0,,,,96,,,,,,0,,,,,,99338.0,53,66.0,155.0,6.0,1.0,0.0,0.0,1.0,1.0,,0,,,,,,0,07/15/2018,03/15/2018,1,0,0,0,8.0,9,8,,,0,,,8,8,8.0,95.0,,,96.0,,,8,95,995.0,,,,,,,,,,,,,,,,,,,,,,,,,,,,,,0,0,0,0,0,0,0,0,0,0,0,0,0,0,0,0,0,0,0,0,0,0,0,0,0,0,0,0,0,1,0,0,0,0,0,,0,0,0,0,0,0,0,0,0,0,0,0,0,0,0,0,,,,,,51-55,46-55,Interstate,U,Wednesday,Belt Used,PV,Not Fatal,0,0,0,0,State Route,State Patrol,Washington State Patrol,0,1,0,0,0,,,,,,0.0,0.0,0.0,,,,,,,,,,,98.0,98.0,98.0,0.0,,,,,20.0,7.0,,,,,,,,1.0,23.0,,,,,,,