,year,case,par,repjur,crash_dt,crash_tm,accday,accmon,holiday,county,co_char,city,weather,weather2,lightcond,surfcond,surftype,numfatal,nmforms,pforms,vforms,not_tm,arr_tm,hosp_tm,fhevent,hitrun,manncol,milepnt,reljunc,reljuncinter,intersectiontype,funcsystem,landuse,ownership,route,schlbus,spejur,contdev,devfunc,trafid1,trafid2,x,y,wk_zone,vnumber,crashtype,criticalevent,criticaleventcat,spdlim,body,trailer,emerg,hazcargo,leave,mhevent,roadalgn,roadprof,traflane,trafflow,vehmanvr,numoccs,regowner,regstate,spuse,make,model,modelyr,vrf1,vrf2,seqevent1,seqevent2,seqevent3,seqevent4,seqevent5,seqevent6,pnumber,ptype,age,sex,hispanic,race,injury,diedscene,restraint,restraintmisuse,seatpos,takehosp,death_dt,death_tm,cert,cernum_wa,commlic,licendor,licrestrict,liccomp,drivpres,drf1,drf2,drf3,drf4,distract1,distract2,distract3,distract4,distract5,distract6,dricond1,dricond2,dricond3,dricond4,dricond5,dricond6,dzip,licstate,drhgt_in,weight,noncdl,noncdltype,prevdwi,prevoth,prevacc,prevspd,prevsus,driviol1,driviol2,driviol3,driviol4,driviol5,driviol6,spdrel,first_dt,last_dt,airbag,ejection,ejectpath,extricat,injurwrk,methalc,methdrug,nmlocat,strikveh,prf1,prf2,prf3,druginv,alcinvol,drugsts,drugres1,drugres2,drugres3,drugtst1,drugtst2,drugtst3,alcsts,alctst,alcres,nmact1,nmact2,nmact3,nmact4,nmact5,nmact6,nmprior1,nmprior2,nmprior3,nmprior4,nmprior5,nmprior6,nmcond1,nmcond2,nmcond3,nmcond4,nmcond5,nmcond6,nmsafe_helmet,nmsafe_pads,nmsafe_oth,nmprev_ref,nmprev_lgt,nmprev_oth,crashlocation,nmcrashtype,crosswalk,schoolzone,sidewalk,train_inv,wildlife_inv,rotr_fars,intersect_fars,dd_inv,aid_inv,dpd_inv,id_inv,mj_inv,impnm_inv,ainm_inv,dpnm_inv,speed_inv,unlic_inv,unendmc_inv,drowsy_inv,drdist_inv,nmdist_inv,fty_inv,unrestfat_inv,dr1617_inv,dr1820_inv,dr1620_inv,dr2125_inv,dr1625_inv,dr65_inv,dr70_inv,dr75_inv,mc_inv,pv_inv,ht_inv,ped_inv,bike_inv,unrest_fat,mc_fat,unhelmet_mc,pv_fat,ht_fat,ped_fat,bike_fat,dr_alc7,dr_alc8,dr_drug,dr_imp,dr_dist,dr_spd,dr_fty,dr_unlic,dr_alc7only,dr_alc8only,dr_drugonly,dr_drink,nm_imp,nm_alc7,nm_alc8,nm_drug,nm_dist,agegrp1,agegrp2,roadclass,urbrur,dayweek,restuse,vehtype,race_me,intersect,lanedep,oppdir,wrongway,rep_typ,investag,repag_long,rotr,st_rd,cty_rd,city_rd,oth_rd,drug_thc,thc_res,drug_cthc,cthc_res,drug_cann,prevpersemin,prevperse,prevsusoth,drugtst4,drugtst5,drugtst6,drugtst7,drugtst8,drugres4,drugres5,drugres6,drugres7,drugres8,adspresent,adsengaged,adslevel,race1,race2,race3,race4,race5,helmet,helmetmisuse,nmdistract1,nmdistract2,nmdistract3,nmdistract4,nmdistract5,nmdistract6,lab,isedtcase,crf1,crf2,crf3,CoRoadName,CoMP,IntCoRoadName,IntCoMP,zipcode
2484,2020,86,EA28579,3.0,04/10/2020,13:00,10,4,,53,Pierce,0,1,,1,1,2,1,0,4,2,13:08,13:15,13:36,12,0,6,6.6,2,0,2,4,2,2,4,0,0,0,0,CR-112TH ST S,B ST S,-122.4329139,47.155411111,0,1,89,17,2,40,4,0,0,1,2,12,1,1,4,1,1,3,1,53,0,37,31,1998,0,,12,,,,,,1,1,31,2,1.0,,4,8,3,0,11,4,04/10/2020,13:24,223053017502.0,17502.0,0.0,0.0,0.0,3.0,1,38,,,,96,,,,,,98,,,,,,98499.0,53,59.0,119.0,6.0,1.0,0.0,2.0,0.0,0.0,,0,,,,,,0,07/15/2015,06/15/2018,20,0,0,0,0.0,9,8,,,0,,,8,8,0.0,0.0,,,0.0,,,0,0,996.0,,,,,,,,,,,,,,,,,,,,,,,,,,,,,,0,0,0,1,0,0,0,0,0,0,0,0,0,0,0,0,0,0,1,0,0,0,0,0,0,0,0,0,0,1,0,0,0,0,0,,1,0,0,0,0,0,0,0,0,0,1,0,0,0,0,0,,,,,,31-35,26-35,County road,U,Friday,Belt Used,PV,Hispanic,1,0,0,0,County Road,State Patrol,Washington State Patrol,0,0,1,0,0,,,,,,0.0,0.0,0.0,,,,,,,,,,,0.0,0.0,0.0,98.0,,,,,20.0,7.0,,,,,,,,1.0,0.0,,,112 ST S,6.63,B ST S,0.0,98444
2485,2020,86,EA28579,3.0,04/10/2020,13:00,10,4,,53,Pierce,0,1,,1,1,2,1,0,4,2,13:08,13:15,13:36,12,0,6,6.6,2,0,2,4,2,2,4,0,0,0,0,CR-112TH ST S,B ST S,-122.4329139,47.155411111,0,2,88,66,4,40,14,0,5,1,2,12,1,1,4,1,1,1,3,53,5,12,401,2016,0,,12,,,,,,1,1,46,1,0.0,,0,0,3,0,11,0,,,,,0.0,0.0,0.0,3.0,1,16,,,,96,,,,,,0,,,,,,98532.0,53,69.0,220.0,6.0,1.0,0.0,0.0,1.0,0.0,,0,,,,,,0,08/15/2015,08/15/2015,8,0,0,0,8.0,9,8,,,0,,,8,8,0.0,0.0,,,0.0,,,0,0,996.0,,,,,,,,,,,,,,,,,,,,,,,,,,,,,,0,0,0,1,0,0,0,0,0,0,0,0,0,0,0,0,0,0,1,0,0,0,0,0,0,0,0,0,0,1,0,0,0,0,0,,0,0,0,0,0,0,0,0,0,0,0,0,0,0,0,0,,,,,,46-50,46-55,County road,U,Friday,Belt Used,PV,Not Fatal,1,0,0,0,County Road,State Patrol,Washington State Patrol,0,0,1,0,0,,,,,,0.0,0.0,0.0,,,,,,,,,,,98.0,98.0,98.0,0.0,,,,,20.0,7.0,,,,,,,,1.0,0.0,,,112 ST S,6.63,B ST S,0.0,98444
2486,2020,87,EA28702,59.0,03/22/2020,15:59,22,3,,33,King,109,10,,1,1,2,1,1,2,1,,,,9,0,0,0.0,2,0,3,4,2,4,6,0,0,0,0,NORTHUP WAY,NE 8th St,-122.1072694,47.616866667,0,1,13,15,2,35,20,0,0,1,2,9,3,2,3,1,11,2,2,53,0,37,441,2004,0,,9,,,,,,1,1,44,2,0.0,,0,0,3,0,11,0,,,,,0.0,0.0,0.0,3.0,1,38,,,,92,,,,,,0,,,,,,98005.0,53,63.0,130.0,6.0,1.0,0.0,0.0,0.0,0.0,,97,,,,,,0,,,20,0,0,0,8.0,3,8,,,0,,,8,8,0.0,0.0,,,0.0,,,0,0,996.0,,,,,,,,,,,,,,,,,,,,,,,,,,,,,,0,0,0,1,0,0,0,0,0,0,0,0,0,0,0,0,1,0,1,0,0,0,0,0,0,0,0,0,0,1,0,0,1,0,0,,0,0,0,0,0,0,0,0,1,0,1,0,0,0,0,0,,,,,,41-45,36-45,City street,U,Sunday,Belt Used,PV,Not Fatal,1,0,0,0,City Street,Municipal/City Police,Bellevue Police Department,0,0,0,1,0,,,,,,0.0,0.0,0.0,,,,,,,,,,,98.0,98.0,98.0,0.0,,,,,20.0,7.0,,,,,,,,1.0,0.0,,,,,,,98008
2487,2020,88,EA28746,330.0,04/12/2020,22:45,12,4,,77,Yakima,2590,1,,3,1,2,1,1,1,1,,,,9,0,0,0.0,1,0,1,7,2,4,6,0,0,0,0,S 3RD AVE,,-120.5094444,46.591255556,0,1,13,83,5,30,34,0,0,1,2,9,1,3,4,1,1,1,1,53,0,12,481,2005,0,,9,,,,,,1,1,35,1,0.0,,0,0,3,0,11,0,,,,,0.0,0.0,0.0,3.0,1,0,,,,96,,,,,,0,,,,,,98902.0,53,69.0,145.0,6.0,1.0,1.0,1.0,0.0,0.0,,0,,,,,,0,02/15/2016,02/15/2016,20,0,0,0,8.0,9,8,,,0,,,8,8,0.0,0.0,,,0.0,,,0,0,996.0,,,,,,,,,,,,,,,,,,,,,,,,,,,,,,0,0,0,0,0,0,0,0,0,1,0,1,0,0,0,0,0,0,0,0,0,0,0,0,0,0,0,0,0,1,0,0,1,0,0,,0,0,0,0,0,0,0,0,0,0,0,0,0,0,0,0,,,,,,31-35,26-35,City street,U,Sunday,Belt Used,PV,Not Fatal,0,0,0,0,City Street,Municipal/City Police,Yakima Police Department,0,0,0,1,0,,,,,,0.0,1.0,0.0,,,,,,,,,,,98.0,98.0,98.0,0.0,,,,,20.0,7.0,,,,,,,,1.0,0.0,,,,,,,98903
2488,2020,89,EA28768,39.0,04/10/2020,15:38,10,4,,61,Snohomish,0,1,,1,1,2,1,0,2,1,,,,1,0,0,1.0,1,0,1,6,1,2,4,0,0,0,0,CR-80TH AVE NW,,-122.3413611,48.260355556,0,1,2,6,1,35,1,0,0,1,2,1,1,2,2,1,1,2,1,53,0,32,45,2002,0,,68,68.0,63.0,1.0,,,1,1,25,1,0.0,,1,0,20,7,11,5,,,,,0.0,0.0,0.0,3.0,1,8,,,,96,,,,,,9,,,,,,98043.0,53,68.0,135.0,6.0,1.0,0.0,1.0,0.0,0.0,,97,,,,,,4,02/15/2018,02/15/2018,8,1,9,0,8.0,9,8,,,0,,,8,1,2.0,401.0,,,1.0,,,2,1,0.099,,,,,,,,,,,,,,,,,,,,,,,,,,,,,,0,0,0,0,1,1,1,1,0,0,0,0,1,0,0,0,0,0,0,0,0,0,0,1,1,0,0,0,0,1,0,0,0,0,0,,0,0,0,0,0,1,1,1,0,1,0,0,0,0,0,1,,,,,,21-25,16-25,County road,R,Friday,Not Used,PV,Not Fatal,0,1,0,0,County Road,County Sheriff,Snohomish County Sheriff's Office,1,0,1,0,0,,,,,,0.0,0.0,0.0,,,,,,,,,,,98.0,98.0,98.0,0.0,,,,,20.0,7.0,,,,,,,,1.0,0.0,,,80TH AVE NW,0.957,,,98292
2489,2020,91,EA29075,21.0,04/06/2020,18:49,6,4,,25,Grant,0,1,,1,1,4,1,0,3,1,20:57,21:07,,1,0,0,5.8,1,0,1,7,1,2,4,0,0,0,0,CR-ROAD 16 NE,,-119.3494806,47.320786111,0,1,2,6,1,50,3,0,0,1,2,1,3,1,8,1,14,3,2,53,0,55,36,2002,0,,63,1.0,,,,,1,1,20,1,0.0,,2,0,20,7,11,0,,,,,0.0,0.0,3.0,2.0,1,58,,,,96,,,,,,9,,,,,,98837.0,53,77.0,180.0,1.0,1.0,0.0,0.0,1.0,0.0,,97,,,,,,4,08/15/2017,04/15/2019,20,0,0,0,8.0,9,8,,,0,,,8,1,2.0,695.0,605.0,402.0,1.0,1.0,1.0,2,1,0.12,,,,,,,,,,,,,,,,,,,,,,,,,,,,,,0,0,0,0,1,1,1,1,1,0,0,0,1,1,0,0,0,0,0,1,0,1,1,0,1,0,0,0,0,1,0,0,0,0,0,,0,0,0,0,0,1,1,1,0,1,0,1,0,0,0,1,,,,,,18-20,16-25,County road,R,Monday,Not Used,PV,Not Fatal,0,1,0,0,County Road,County Sheriff,Grant County Sheriff's Office,1,0,1,0,0,thc,6.7,carboxy-thc,54.0,,0.0,0.0,2.0,1.0,,,,,407.0,,,,,98.0,98.0,98.0,0.0,,,,,20.0,7.0,,,,,,,,1.0,0.0,,,16 NE,5.775,,,98837
2490,2020,92,EA29099,14.0,04/06/2020,21:22,6,4,,11,Clark,0,1,,2,1,2,1,1,2,1,21:24,21:30,21:53,8,0,0,6.5,1,0,1,5,1,2,4,0,0,0,0,CR-NE 72ND AVE,,-122.5996639,45.754913889,0,1,13,80,5,50,14,0,0,1,2,8,1,1,2,1,1,2,1,53,0,55,401,2017,0,,8,,,,,,1,1,56,1,0.0,,0,0,3,0,11,0,,,,,0.0,0.0,0.0,3.0,1,0,,,,96,,,,,,0,,,,,,98661.0,53,66.0,155.0,6.0,1.0,0.0,1.0,1.0,4.0,,0,,,,,,0,05/15/2015,05/15/2019,20,0,0,0,8.0,9,8,,,0,,,8,8,0.0,0.0,,,0.0,,,0,0,996.0,,,,,,,,,,,,,,,,,,,,,,,,,,,,,,0,0,0,0,0,0,0,0,0,1,0,1,0,0,0,0,0,0,0,0,0,0,0,0,0,0,0,0,0,1,0,1,0,0,0,,0,0,0,0,0,0,0,0,0,0,0,0,0,0,0,0,,,,,,56-60,56-65,County road,R,Monday,Belt Used,PV,Not Fatal,0,0,0,0,County Road,County Sheriff,Clark County Sheriff's Office,0,0,1,0,0,,,,,,0.0,0.0,0.0,,,,,,,,,,,98.0,98.0,98.0,0.0,,,,,20.0,7.0,,,,,,,,1.0,0.0,,,NE 72ND AVE,6.54,,,98604
2491,2020,93,EA29100,14.0,04/09/2020,19:41,9,4,,11,Clark,0,1,,5,1,2,1,0,2,2,19:41,19:42,,33,0,0,0.5,1,0,1,5,2,2,4,0,0,0,0,CR-NE WARD RD,,-122.5175917,45.678455556,0,1,6,9,1,45,80,0,0,1,2,42,2,1,2,2,14,1,1,53,0,72,706,1997,0,,64,33.0,42.0,69.0,12.0,,1,1,52,2,7.0,,4,7,20,7,11,0,04/09/2020,19:41,53017368.0,17368.0,0.0,0.0,0.0,3.0,1,0,,,,96,,,,,,98,,,,,,98682.0,53,63.0,160.0,6.0,1.0,0.0,0.0,0.0,0.0,,0,,,,,,3,,,20,8,0,0,0.0,9,8,,,0,,,8,8,2.0,1.0,,,1.0,,,2,1,0.092,,,,,,,,,,,,,,,,,,,,,,,,,,,,,,0,0,1,0,1,1,0,1,0,0,0,0,1,0,0,0,0,0,0,0,0,0,0,0,0,0,0,0,1,0,0,0,0,0,1,0.0,0,0,0,0,0,1,0,1,0,1,0,0,0,1,0,1,,,,,,51-55,46-55,County road,U,Thursday,,MC,White,0,1,0,0,County Road,County Sheriff,Clark County Sheriff's Office,1,0,1,0,0,,,,,,0.0,0.0,0.0,,,,,,,,,,,0.0,0.0,0.0,1.0,,,,,5.0,0.0,,,,,,,,1.0,0.0,,,NE WARD RD,0.46,,,98682
2492,2020,93,EA29100,14.0,04/09/2020,19:41,9,4,,11,Clark,0,1,,5,1,2,1,0,2,2,19:41,19:42,,33,0,0,0.5,1,0,1,5,2,2,4,0,0,0,0,CR-NE WARD RD,,-122.5175917,45.678455556,0,2,98,98,7,45,80,0,0,1,2,12,2,1,2,2,14,1,1,53,0,72,706,2017,0,,12,,,,,,1,1,48,1,0.0,,2,0,20,7,11,0,,,,,0.0,0.0,0.0,3.0,1,0,,,,96,,,,,,0,,,,,,98382.0,53,67.0,180.0,6.0,1.0,0.0,0.0,0.0,0.0,,0,,,,,,0,,,20,8,0,0,8.0,9,8,,,0,,,8,8,0.0,0.0,,,0.0,,,0,0,996.0,,,,,,,,,,,,,,,,,,,,,,,,,,,,,,0,0,1,0,1,1,0,1,0,0,0,0,1,0,0,0,0,0,0,0,0,0,0,0,0,0,0,0,1,0,0,0,0,0,0,0.0,0,0,0,0,0,0,0,0,0,0,0,0,0,0,0,0,,,,,,46-50,46-55,County road,U,Thursday,,MC,Not Fatal,0,1,0,0,County Road,County Sheriff,Clark County Sheriff's Office,1,0,1,0,0,,,,,,0.0,0.0,0.0,,,,,,,,,,,0.0,0.0,0.0,0.0,,,,,5.0,0.0,,,,,,,,1.0,0.0,,,NE WARD RD,0.46,,,98682
2493,2020,94,EA29436,1.0,04/10/2020,19:30,10,4,,39,Klickitat,0,1,,1,1,2,1,0,6,1,19:31,20:15,20:57,39,0,0,72.5,1,0,1,3,1,1,3,0,0,0,0,SR-14,,-121.3510417,45.709991667,0,1,7,13,2,60,15,0,0,1,2,39,3,2,2,1,14,6,1,53,0,23,421,2004,0,,63,69.0,68.0,64.0,39.0,1.0,1,1,38,2,7.0,,4,7,20,7,11,0,04/10/2020,19:30,53018073.0,18073.0,0.0,0.0,0.0,2.0,1,0,,,,96,,,,,,9,,,,,,98610.0,53,69.0,145.0,1.0,1.0,0.0,1.0,1.0,0.0,,0,,,,,,0,07/15/2015,07/15/2015,8,1,9,0,0.0,9,8,,,0,,,1,8,2.0,996.0,401.0,417.0,1.0,1.0,1.0,2,1,0.0,,,,,,,,,,,,,,,,,,,,,,,,,,,,,,0,0,0,0,0,0,1,1,1,0,0,0,0,1,0,0,0,0,0,1,0,0,0,0,0,0,0,0,0,1,0,0,0,1,0,,1,0,0,0,0,0,1,1,0,0,0,1,0,0,1,0,,,,,,36-40,36-45,State route,R,Friday,Not Used,PV,White,0,1,0,0,State Route,State Patrol,Washington State Patrol,1,1,0,0,0,thc,17.0,carboxy-thc,23.0,,0.0,0.0,0.0,1.0,1.0,1.0,,,189.0,188.0,695.0,605.0,151.0,98.0,98.0,98.0,1.0,,,,,20.0,7.0,,,,,,,nms,1.0,0.0,,,,,,,98635
2494,2020,95,EA27726,122.0,04/03/2020,23:44,3,4,,61,Snohomish,690,2,,3,2,2,1,1,1,1,,,,8,1,0,5.8,1,0,1,3,2,1,3,0,0,0,0,SR-529,,-122.1856778,48.023894444,0,1,13,80,5,55,99,0,0,1,5,8,1,1,2,2,1,99,9,99,0,99,999,9999,0,,8,,,,,,1,1,999,9,0.0,,0,0,99,7,11,0,,,,,99.0,9.0,9.0,9.0,1,0,,,,92,,,,,,98,,,,,,99999.0,99,,999.0,9.0,9.0,99.0,99.0,99.0,99.0,,97,,,,,,0,,,99,9,0,0,8.0,9,8,,,0,,,8,8,0.0,0.0,,,0.0,,,0,0,996.0,,,,,,,,,,,,,,,,,,,,,,,,,,,,,,0,0,0,0,0,0,0,0,0,1,0,1,0,0,0,0,1,0,0,0,0,0,0,0,0,0,0,0,0,0,0,1,0,0,0,,0,0,0,0,0,0,0,0,1,0,0,0,0,0,0,0,,,,,,,,State route,U,Friday,,NR-U,Not Fatal,0,0,0,0,State Route,Municipal/City Police,Everett Police Department,0,1,0,0,0,,,,,,99.0,99.0,99.0,,,,,,,,,,,98.0,98.0,98.0,0.0,,,,,20.0,7.0,,,,,,,,1.0,0.0,,,,,,,98201
2495,2020,96,EA29239,39.0,04/13/2020,16:19,13,4,,61,Snohomish,0,1,,1,1,2,1,0,1,1,,,,18,0,0,3.0,1,0,1,5,1,2,4,0,0,0,0,CR-PIONEER HWY,,-122.2536056,48.206472222,0,1,1,13,2,50,80,0,0,1,2,1,3,1,2,1,14,1,1,53,0,72,706,2006,0,,63,18.0,1.0,,,,1,1,61,2,7.0,,4,7,20,7,11,0,04/13/2020,16:19,53017654.0,17654.0,0.0,0.0,3.0,3.0,1,0,,,,92,,,,,,98,,,,,,98926.0,53,65.0,145.0,6.0,1.0,0.0,0.0,0.0,0.0,,0,,,,,,0,,,20,8,0,0,0.0,9,8,,,0,,,8,8,2.0,1.0,,,1.0,,,2,1,0.0,,,,,,,,,,,,,,,,,,,,,,,,,,,,,,0,0,1,0,0,0,0,0,0,0,0,0,0,0,0,0,1,0,0,0,0,0,0,0,0,0,0,0,1,0,0,0,0,0,1,0.0,0,0,0,0,0,0,0,0,1,0,0,0,0,0,0,0,,,,,,61-65,56-65,County road,R,Monday,,MC,White,0,1,0,0,County Road,County Sheriff,Snohomish County Sheriff's Office,1,0,1,0,0,,,,,,0.0,0.0,0.0,,,,,,,,,,,0.0,0.0,0.0,1.0,,,,,19.0,0.0,,,,,,,,1.0,0.0,,,PIONEER HWY,2.98,,,98292
2496,2020,97,EA29469,7.0,04/10/2020,23:38,10,4,,33,King,980,1,,3,1,1,1,0,1,1,,,,25,0,0,16.2,1,0,1,1,2,1,1,0,0,0,0,I-90,,-122.0220694,47.531708333,0,1,1,13,2,60,80,0,0,1,2,25,3,2,3,3,14,1,2,53,0,53,706,2013,0,,63,25.0,1.0,,,,1,1,30,1,7.0,,4,0,20,7,11,5,04/11/2020,7:15,196053016945.0,16945.0,0.0,0.0,3.0,2.0,1,0,,,,96,,,,,,9,,,,,,98011.0,53,72.0,170.0,1.0,1.0,0.0,2.0,1.0,0.0,,0,,,,,,3,04/15/2015,05/15/2018,20,8,0,0,0.0,9,8,,,0,,,1,8,2.0,401.0,417.0,348.0,1.0,1.0,1.0,2,1,0.0,,,,,,,,,,,,,,,,,,,,,,,,,,,,,,0,0,1,0,0,0,1,1,0,0,0,0,1,1,1,0,0,0,0,0,0,0,0,0,0,0,0,0,1,0,0,0,0,0,1,0.0,0,0,0,0,0,0,1,1,0,1,0,1,0,0,1,0,,,,,,26-30,26-35,Interstate,U,Friday,,MC,White,0,1,0,0,State Route,State Patrol,Washington State Patrol,1,1,0,0,0,,,,,,0.0,0.0,5.0,1.0,,,,,177.0,,,,,0.0,0.0,0.0,1.0,,,,,5.0,0.0,,,,,,,,1.0,0.0,,,,,,,98029
2497,2020,98,EA29518,19.0,04/09/2020,18:58,9,4,,21,Franklin,0,1,,1,1,2,1,0,2,2,19:00,19:06,,12,0,6,2.0,2,0,3,5,1,2,4,0,0,0,0,CR-GLADE N RD,CLARK RD,-119.1201917,46.300080556,0,1,68,15,2,55,4,0,0,1,2,12,1,1,3,1,11,1,1,53,0,20,2,2006,0,,12,,,,,,1,1,24,1,0.0,,0,0,3,0,11,0,,,,,0.0,0.0,0.0,3.0,1,38,,,,92,,,,,,98,,,,,,99301.0,53,66.0,130.0,6.0,1.0,0.0,1.0,0.0,1.0,,97,,,,,,0,10/15/2016,08/15/2016,1,0,0,0,8.0,9,8,,,0,,,8,8,2.0,1.0,,,1.0,,,2,1,0.016,,,,,,,,,,,,,,,,,,,,,,,,,,,,,,0,0,0,1,1,0,0,0,0,0,0,0,0,0,1,0,1,0,1,0,0,0,0,1,1,1,0,0,1,1,0,0,0,0,0,,0,0,0,0,1,0,0,0,1,0,1,0,1,0,0,1,,,,,,21-25,16-25,County road,R,Thursday,Belt Used,PV,Not Fatal,1,0,0,0,County Road,County Sheriff,Franklin County Sheriff's Office,0,0,1,0,0,,,,,,0.0,0.0,1.0,,,,,,,,,,,98.0,98.0,98.0,0.0,,,,,20.0,7.0,,,,,,,,1.0,0.0,,,PASCO-KAHLOTUS ROAD,1.96,CLARK ROAD,0.0,99301
2498,2020,98,EA29518,19.0,04/09/2020,18:58,9,4,,21,Franklin,0,1,,1,1,2,1,0,2,2,19:00,19:06,,12,0,6,2.0,2,0,3,5,1,2,4,0,0,0,0,CR-GLADE N RD,CLARK RD,-119.1201917,46.300080556,0,2,69,62,4,55,80,0,0,1,2,12,1,1,2,2,1,1,1,53,0,73,706,1999,0,,12,,,,,,1,1,66,1,1.0,,4,7,20,7,11,0,04/09/2020,18:58,53016506.0,16506.0,0.0,0.0,0.0,2.0,1,0,,,,96,,,,,,0,,,,,,99301.0,53,68.0,150.0,6.0,1.0,0.0,1.0,0.0,0.0,,0,,,,,,0,10/15/2019,10/15/2019,20,8,0,0,0.0,9,8,,,0,,,8,8,2.0,1.0,,,1.0,,,2,1,0.0,,,,,,,,,,,,,,,,,,,,,,,,,,,,,,0,0,0,1,1,0,0,0,0,0,0,0,0,0,1,0,1,0,1,0,0,0,0,1,1,1,0,0,1,1,0,0,0,0,1,0.0,0,0,0,0,0,0,0,0,0,0,0,0,0,0,0,0,,,,,,66-70,66-75,County road,R,Thursday,,MC,Hispanic,1,0,0,0,County Road,County Sheriff,Franklin County Sheriff's Office,0,0,1,0,0,,,,,,0.0,0.0,0.0,,,,,,,,,,,0.0,0.0,0.0,1.0,,,,,19.0,0.0,,,,,,,,1.0,0.0,,,PASCO-KAHLOTUS ROAD,1.96,CLARK ROAD,0.0,99301
2499,2020,99,EA29532,2.0,04/17/2020,15:20,17,4,,61,Snohomish,0,1,,1,1,2,1,0,2,2,15:20,15:26,,12,0,6,31.4,2,0,3,5,1,1,3,0,0,0,0,SR-9,252ND ST NE,-122.1433083,48.224605556,0,1,68,15,2,50,14,0,0,1,2,12,1,1,2,1,11,1,2,53,0,2,404,2006,0,,12,,,,,,1,1,29,1,0.0,,0,0,3,0,11,0,,,,,0.0,0.0,0.0,2.0,1,38,,,,96,,,,,,0,,,,,,98282.0,53,70.0,185.0,1.0,1.0,0.0,1.0,0.0,0.0,,46,,,,,,0,06/15/2015,06/15/2018,20,0,0,0,8.0,3,8,,,0,,,8,8,0.0,0.0,,,0.0,,,0,0,996.0,,,,,,,,,,,,,,,,,,,,,,,,,,,,,,0,0,0,1,1,0,0,0,0,0,0,0,0,1,0,0,0,0,1,0,0,0,0,0,0,0,0,0,1,1,0,0,0,0,0,,0,0,0,0,0,0,0,0,0,0,1,1,0,0,0,0,,,,,,26-30,26-35,State route,R,Friday,Belt Used,PV,Not Fatal,1,0,0,0,State Route,State Patrol,Washington State Patrol,0,1,0,0,0,,,,,,0.0,0.0,6.0,,,,,,,,,,,98.0,98.0,98.0,0.0,,,,,20.0,7.0,,,,,,,,1.0,0.0,,,,,,,98223
2500,2020,99,EA29532,2.0,04/17/2020,15:20,17,4,,61,Snohomish,0,1,,1,1,2,1,0,2,2,15:20,15:26,,12,0,6,31.4,2,0,3,5,1,1,3,0,0,0,0,SR-9,252ND ST NE,-122.1433083,48.224605556,0,2,69,62,4,50,80,0,0,1,2,12,1,1,3,1,1,1,1,53,0,72,706,2012,0,,12,,,,,,1,1,62,1,7.0,,4,7,20,7,11,0,04/17/2020,15:20,53019515.0,19515.0,0.0,0.0,0.0,3.0,1,0,,,,96,,,,,,0,,,,,,98223.0,53,70.0,200.0,6.0,1.0,0.0,0.0,0.0,0.0,,0,,,,,,0,,,20,8,0,0,0.0,9,8,,,0,,,8,8,2.0,1.0,,,1.0,,,2,1,0.041,,,,,,,,,,,,,,,,,,,,,,,,,,,,,,0,0,0,1,1,0,0,0,0,0,0,0,0,1,0,0,0,0,1,0,0,0,0,0,0,0,0,0,1,1,0,0,0,0,1,0.0,0,0,0,0,1,0,0,0,0,0,0,0,1,0,0,1,,,,,,61-65,56-65,State route,R,Friday,,MC,White,1,0,0,0,State Route,State Patrol,Washington State Patrol,0,1,0,0,0,,,,,,0.0,0.0,0.0,,,,,,,,,,,0.0,0.0,0.0,1.0,,,,,5.0,0.0,,,,,,,,1.0,0.0,,,,,,,98223
2501,2020,100,EA29598,2.0,04/18/2020,16:04,18,4,,73,Whatcom,0,1,,1,1,2,1,0,1,1,16:03,16:24,,53,0,0,2.0,1,0,1,5,1,2,4,0,0,0,0,CR-S PASS RD,,-122.27745,48.920216667,0,1,6,9,1,50,80,0,0,1,2,30,1,1,2,1,6,1,1,53,0,76,705,2007,0,,68,64.0,53.0,35.0,30.0,,1,1,19,1,7.0,,4,7,20,7,11,0,04/18/2020,16:04,53018432.0,18432.0,0.0,0.0,0.0,3.0,1,0,,,,92,,,,,,98,,,,,,98266.0,53,71.0,185.0,6.0,1.0,0.0,0.0,0.0,1.0,,0,,,,,,4,07/15/2019,07/15/2019,20,8,0,0,0.0,9,8,,,0,,,8,8,2.0,1.0,,,1.0,,,2,1,0.0,,,,,,,,,,,,,,,,,,,,,,,,,,,,,,0,0,1,0,0,0,0,0,0,0,0,0,1,0,0,0,1,0,0,0,0,1,1,0,1,0,0,0,1,0,0,0,0,0,1,0.0,0,0,0,0,0,0,0,0,1,1,0,0,0,0,0,0,,,,,,18-20,16-25,County road,R,Saturday,,MC,White,0,1,0,0,County Road,State Patrol,Washington State Patrol,1,0,1,0,0,,,,,,0.0,0.0,0.0,,,,,,,,,,,0.0,0.0,0.0,1.0,,,,,5.0,0.0,,,,,,,,1.0,0.0,,,SOUTH PASS RD,1.96,,,98247