,year,case,par,repjur,crash_dt,crash_tm,accday,accmon,holiday,county,co_char,city,weather,weather2,lightcond,surfcond,surftype,numfatal,nmforms,pforms,vforms,not_tm,arr_tm,hosp_tm,fhevent,hitrun,manncol,milepnt,reljunc,reljuncinter,intersectiontype,funcsystem,landuse,ownership,route,schlbus,spejur,contdev,devfunc,trafid1,trafid2,x,y,wk_zone,vnumber,crashtype,criticalevent,criticaleventcat,spdlim,body,trailer,emerg,hazcargo,leave,mhevent,roadalgn,roadprof,traflane,trafflow,vehmanvr,numoccs,regowner,regstate,spuse,make,model,modelyr,vrf1,vrf2,seqevent1,seqevent2,seqevent3,seqevent4,seqevent5,seqevent6,pnumber,ptype,age,sex,hispanic,race,injury,diedscene,restraint,restraintmisuse,seatpos,takehosp,death_dt,death_tm,cert,cernum_wa,commlic,licendor,licrestrict,liccomp,drivpres,drf1,drf2,drf3,drf4,distract1,distract2,distract3,distract4,distract5,distract6,dricond1,dricond2,dricond3,dricond4,dricond5,dricond6,dzip,licstate,drhgt_in,weight,noncdl,noncdltype,prevdwi,prevoth,prevacc,prevspd,prevsus,driviol1,driviol2,driviol3,driviol4,driviol5,driviol6,spdrel,first_dt,last_dt,airbag,ejection,ejectpath,extricat,injurwrk,methalc,methdrug,nmlocat,strikveh,prf1,prf2,prf3,druginv,alcinvol,drugsts,drugres1,drugres2,drugres3,drugtst1,drugtst2,drugtst3,alcsts,alctst,alcres,nmact1,nmact2,nmact3,nmact4,nmact5,nmact6,nmprior1,nmprior2,nmprior3,nmprior4,nmprior5,nmprior6,nmcond1,nmcond2,nmcond3,nmcond4,nmcond5,nmcond6,nmsafe_helmet,nmsafe_pads,nmsafe_oth,nmprev_ref,nmprev_lgt,nmprev_oth,crashlocation,nmcrashtype,crosswalk,schoolzone,sidewalk,train_inv,wildlife_inv,rotr_fars,intersect_fars,dd_inv,aid_inv,dpd_inv,id_inv,mj_inv,impnm_inv,ainm_inv,dpnm_inv,speed_inv,unlic_inv,unendmc_inv,drowsy_inv,drdist_inv,nmdist_inv,fty_inv,unrestfat_inv,dr1617_inv,dr1820_inv,dr1620_inv,dr2125_inv,dr1625_inv,dr65_inv,dr70_inv,dr75_inv,mc_inv,pv_inv,ht_inv,ped_inv,bike_inv,unrest_fat,mc_fat,unhelmet_mc,pv_fat,ht_fat,ped_fat,bike_fat,dr_alc7,dr_alc8,dr_drug,dr_imp,dr_dist,dr_spd,dr_fty,dr_unlic,dr_alc7only,dr_alc8only,dr_drugonly,dr_drink,nm_imp,nm_alc7,nm_alc8,nm_drug,nm_dist,agegrp1,agegrp2,roadclass,urbrur,dayweek,restuse,vehtype,race_me,intersect,lanedep,oppdir,wrongway,rep_typ,investag,repag_long,rotr,st_rd,cty_rd,city_rd,oth_rd,drug_thc,thc_res,drug_cthc,cthc_res,drug_cann,prevpersemin,prevperse,prevsusoth,drugtst4,drugtst5,drugtst6,drugtst7,drugtst8,drugres4,drugres5,drugres6,drugres7,drugres8,adspresent,adsengaged,adslevel,race1,race2,race3,race4,race5,helmet,helmetmisuse,nmdistract1,nmdistract2,nmdistract3,nmdistract4,nmdistract5,nmdistract6,lab,isedtcase,crf1,crf2,crf3,CoRoadName,CoMP,IntCoRoadName,IntCoMP,zipcode
2667,2020,224,EA46032,146.0,06/12/2020,14:00,12,6,,77,Yakima,0,1,,1,1,5,1,0,5,1,14:05,14:46,15:54,1,0,0,9999.9,1,0,1,98,1,64,8,0,0,0,0,FS 580 R,,-121.1077028,46.664430556,0,1,98,9,1,98,15,0,0,1,2,1,3,2,8,1,14,5,1,53,0,20,421,1993,0,,64,1.0,,,,,1,1,19,2,0.0,,1,0,20,7,11,5,,,,,0.0,0.0,0.0,2.0,1,58,,,,96,,,,,,98,,,,,,98902.0,53,65.0,160.0,1.0,1.0,0.0,0.0,1.0,2.0,,97,,,,,,0,05/15/2017,07/15/2020,20,0,0,0,8.0,3,2,,,0,,,8,8,0.0,0.0,,,0.0,,,0,0,996.0,,,,,,,,,,,,,,,,,,,,,,,,,,,,,,0,0,0,0,0,0,0,0,0,0,0,0,0,1,0,0,0,0,0,1,0,1,1,0,1,0,0,0,0,1,0,0,0,0,0,,0,0,0,0,0,0,0,0,0,0,0,1,0,0,0,0,,,,,,18-20,16-25,Other,R,Friday,Not Used,PV,Not Fatal,0,1,0,0,Other,County Sheriff,Yakima County Sheriff's Office,1,0,0,0,1,,,,,,0.0,0.0,1.0,,,,,,,,,,,0.0,0.0,0.0,0.0,,,,,20.0,7.0,,,,,,,,1.0,0.0,,,,,,,
2668,2020,225,EA46391,1.0,07/02/2020,1:30,2,7,,77,Yakima,0,1,,2,1,1,1,0,2,1,1:32,1:50,2:19,1,0,0,47.6,1,0,1,1,1,1,1,0,0,0,0,I-82,,-120.3454333,46.439238889,0,1,6,12,2,70,4,0,0,1,2,1,1,1,2,2,1,2,2,53,0,37,31,1996,0,,64,1.0,,,,,1,1,38,8,1.0,,4,0,20,7,11,5,07/11/2020,13:52,196053032510.0,32510.0,0.0,0.0,0.0,3.0,1,0,,,,96,,,,,,9,,,,,,98948.0,53,67.0,180.0,6.0,1.0,0.0,1.0,0.0,0.0,,0,,,,,,0,09/15/2018,09/15/2018,20,1,9,0,0.0,9,8,,,0,,,1,8,2.0,695.0,401.0,417.0,1.0,1.0,1.0,2,1,0.0,,,,,,,,,,,,,,,,,,,,,,,,,,,,,,0,0,1,0,0,0,1,1,1,0,0,0,0,0,0,0,0,0,0,1,0,0,0,0,0,0,0,0,0,1,0,0,0,1,0,,1,0,0,0,0,0,1,1,0,0,0,0,0,0,1,0,,,,,,36-40,36-45,Interstate,R,Thursday,Not Used,PV,Hispanic,0,1,0,0,State Route,State Patrol,Washington State Patrol,1,1,0,0,0,,,carboxy-thc,22.0,,0.0,0.0,0.0,,,,,,,,,,,0.0,0.0,0.0,1.0,,,,,20.0,7.0,,,,,,,,1.0,0.0,,,,,,,98953
2669,2020,226,EA46993,4.0,07/11/2020,1:29,11,7,,75,Whitman,0,1,,3,1,1,1,0,1,1,,,,35,0,0,15.2,1,0,1,5,1,1,3,0,0,0,0,SR-23,,-117.6009306,47.096830556,0,1,2,9,1,55,67,0,0,1,2,1,4,1,2,1,14,1,3,53,0,12,880,2006,0,,63,35.0,1.0,,,,1,1,18,1,7.0,,4,7,20,7,11,0,07/11/2020,1:29,53031933.0,31933.0,0.0,0.0,0.0,3.0,1,58,,,,96,,,,,,9,,,,,,99171.0,53,74.0,165.0,6.0,1.0,0.0,0.0,0.0,0.0,,0,,,,,,0,,,20,1,3,0,0.0,1,8,,,0,,,0,1,8.0,95.0,,,96.0,,,2,1,0.25,,,,,,,,,,,,,,,,,,,,,,,,,,,,,,0,0,0,0,1,1,0,1,0,0,0,0,0,0,0,0,0,0,0,0,0,1,1,0,1,0,0,0,0,0,1,0,0,0,0,,0,1,0,0,0,1,0,1,0,0,0,0,0,1,0,1,,,,,,18-20,16-25,State route,R,Saturday,,MHTRUCK,White,0,1,0,0,State Route,State Patrol,Washington State Patrol,1,1,0,0,0,,,,,,0.0,0.0,0.0,,,,,,,,,,,98.0,98.0,98.0,1.0,,,,,20.0,7.0,,,,,,,,1.0,0.0,,,,,,,99171
2670,2020,227,EA47157,55.0,07/11/2020,0:16,11,7,,33,King,100,1,,3,1,2,1,0,2,2,0:17,0:22,,12,0,6,0.0,2,0,2,3,2,4,6,0,0,3,3,W VALLEY HWY N,15th St NW,-122.2498667,47.322502778,0,1,86,17,2,35,5,0,0,1,5,12,1,1,5,1,1,1,1,53,0,12,37,2003,0,,12,,,,,,1,1,57,1,7.0,,4,7,99,7,11,0,07/11/2020,0:16,10053032950.0,32950.0,0.0,0.0,0.0,3.0,1,39,,,,96,,,,,,98,,,,,,98003.0,53,70.0,243.0,6.0,1.0,0.0,1.0,0.0,0.0,,0,,,,,,0,12/15/2015,12/15/2015,99,0,0,0,0.0,9,8,,,0,,,8,8,2.0,401.0,417.0,128.0,1.0,1.0,1.0,2,1,0.0,,,,,,,,,,,,,,,,,,,,,,,,,,,,,,0,0,0,1,0,0,1,1,0,0,0,0,0,0,0,0,0,0,0,0,0,0,0,0,0,0,0,0,0,1,1,0,0,0,0,,1,0,0,0,0,0,1,1,0,0,0,0,0,0,1,0,,,,,,56-60,56-65,City street,U,Saturday,Unknown,PV,White,1,0,0,0,City Street,Municipal/City Police,Auburn Police Department,0,0,0,1,0,,,,,,0.0,0.0,0.0,1.0,,,,,177.0,,,,,98.0,98.0,98.0,1.0,,,,,20.0,7.0,,,,,,,,1.0,0.0,,,,,,,98001
2671,2020,227,EA47157,55.0,07/11/2020,0:16,11,7,,33,King,100,1,,3,1,2,1,0,2,2,0:17,0:22,,12,0,6,0.0,2,0,2,3,2,4,6,0,0,3,3,W VALLEY HWY N,15th St NW,-122.2498667,47.322502778,0,2,87,66,4,40,66,1,0,1,5,12,1,1,5,1,1,1,3,18,0,51,881,2019,0,,12,,,,,,1,1,58,8,0.0,,0,0,3,0,11,0,,,,,6.0,1.0,0.0,3.0,1,0,,,,96,,,,,,0,,,,,,98422.0,53,72.0,190.0,6.0,1.0,0.0,0.0,0.0,0.0,,0,,,,,,0,,,20,0,0,0,8.0,9,8,,,0,,,8,8,0.0,0.0,,,0.0,,,0,0,996.0,,,,,,,,,,,,,,,,,,,,,,,,,,,,,,0,0,0,1,0,0,1,1,0,0,0,0,0,0,0,0,0,0,0,0,0,0,0,0,0,0,0,0,0,1,1,0,0,0,0,,0,0,0,0,0,0,0,0,0,0,0,0,0,0,0,0,,,,,,56-60,56-65,City street,U,Saturday,,MHTRUCK,Not Fatal,1,0,0,0,City Street,Municipal/City Police,Auburn Police Department,0,0,0,1,0,,,,,,0.0,0.0,0.0,,,,,,,,,,,98.0,98.0,98.0,0.0,,,,,20.0,7.0,,,,,,,,1.0,0.0,,,,,,,98001
2672,2020,228,EA47362,26.0,07/10/2020,0:15,10,7,,35,Kitsap,0,1,,2,1,2,1,0,1,1,,,,42,0,0,1.9,1,0,1,5,1,2,4,0,0,0,0,CR-MILLER BAY RD NE,,-122.5617722,47.766661111,0,1,7,9,1,45,4,0,0,1,2,42,1,1,2,1,1,1,2,53,0,51,46,2000,0,,68,64.0,42.0,,,,1,1,37,2,7.0,,4,7,20,7,11,0,07/10/2020,0:15,53031570.0,31570.0,0.0,0.0,0.0,3.0,1,0,,,,96,,,,,,9,,,,,,98346.0,53,61.0,223.0,6.0,1.0,0.0,0.0,0.0,0.0,,0,,,,,,0,,,1,0,0,0,0.0,9,8,,,0,,,8,1,2.0,124.0,996.0,,1.0,1.0,,2,1,0.173,,,,,,,,,,,,,,,,,,,,,,,,,,,,,,0,0,0,0,1,1,1,1,0,0,0,0,0,0,0,0,0,0,0,1,0,0,0,0,0,0,0,0,0,1,0,0,0,1,0,,1,0,0,0,0,1,1,1,0,0,0,0,0,0,0,1,,,,,,36-40,36-45,County road,R,Friday,Not Used,PV,AIAN,0,1,0,0,County Road,County Sheriff,Kitsap County Sheriff's Office,1,0,1,0,0,,,,,,0.0,0.0,0.0,,,,,,,,,,,98.0,98.0,98.0,3.0,,,,,20.0,7.0,,,,,,,,1.0,0.0,,,MILLER BAY RD NE,1.938,,,98370
2673,2020,229,EA47886,6.0,07/05/2020,10:05,5,7,,25,Grant,0,1,,1,1,2,1,1,1,1,10:20,10:36,11:38,9,0,0,79.9,3,0,3,4,1,1,3,0,0,0,0,SR-17,MMOORE RD NE,-119.4694528,47.542830556,0,1,13,83,5,60,80,0,0,1,2,9,2,1,2,1,14,1,1,53,0,37,706,2003,0,,9,,,,,,1,1,55,1,0.0,,3,0,20,7,11,5,,,,,0.0,0.0,0.0,3.0,1,0,,,,96,,,,,,0,,,,,,85086.0,4,73.0,185.0,6.0,1.0,0.0,0.0,0.0,0.0,,0,,,,,,0,,,20,8,0,0,8.0,3,8,,,0,,,8,8,8.0,95.0,,,96.0,,,8,95,995.0,,,,,,,,,,,,,,,,,,,,,,,,,,,,,,0,0,0,1,0,0,0,0,0,0,0,0,0,0,0,0,0,0,0,0,0,0,0,0,0,0,0,0,1,0,0,0,1,0,0,0.0,0,0,0,0,0,0,0,0,0,0,0,0,0,0,0,0,,,,,,51-55,46-55,State route,R,Sunday,,MC,Not Fatal,1,0,0,0,State Route,State Patrol,Washington State Patrol,0,1,0,0,0,,,,,,0.0,0.0,0.0,,,,,,,,,,,0.0,0.0,0.0,0.0,,,,,19.0,0.0,,,,,,,,1.0,0.0,,,,,,,
2674,2020,230,EA47878,35.0,07/14/2020,21:20,14,7,,53,Pierce,0,1,,2,1,2,1,0,2,1,21:30,21:40,22:17,17,0,0,0.9,1,0,1,5,2,2,4,0,3,0,0,CR-WALLER RD E,,-122.3862111,47.214330556,0,1,1,13,2,35,4,0,0,1,5,17,3,2,2,1,14,2,2,53,0,30,46,2000,0,,63,17.0,1.0,,,,1,1,55,1,0.0,,9,0,3,0,11,5,,,,,0.0,0.0,0.0,3.0,1,0,,,,96,,,,,,9,,,,,,98404.0,53,67.0,195.0,6.0,1.0,0.0,0.0,0.0,0.0,,97,,,,,,0,,,20,0,0,0,8.0,9,8,,,0,,,1,8,2.0,151.0,,,1.0,,,2,1,0.0,,,,,,,,,,,,,,,,,,,,,,,,,,,,,,0,0,1,0,0,0,1,1,0,0,0,0,0,0,0,0,0,0,0,0,0,0,0,0,0,0,0,0,0,1,0,0,0,0,0,,0,0,0,0,0,0,1,1,0,0,0,0,0,0,1,0,,,,,,51-55,46-55,County road,U,Tuesday,Belt Used,PV,Not Fatal,0,1,0,0,County Road,County Sheriff,Law Enforcement Support Agency,1,0,1,0,0,,,,,,0.0,0.0,0.0,,,,,,,,,,,98.0,98.0,98.0,0.0,,,,,20.0,7.0,,,,,,,,1.0,0.0,,,WALLER RD E,0.94,,,98443
2675,2020,231,EA48114,278.0,07/17/2020,12:37,17,7,,63,Spokane,2110,1,,1,1,2,1,1,1,1,,,,8,0,0,0.0,1,0,1,4,2,4,6,0,0,0,0,S SOUTHEAST BLVD,,-117.3753806,47.631091667,0,1,1,13,2,98,4,0,0,1,5,8,1,1,3,5,1,1,2,53,0,35,47,2004,0,,63,8.0,,,,,1,1,19,1,0.0,,0,0,3,0,11,0,,,,,0.0,0.0,1.0,3.0,1,0,,,,0,,,,,,2,,,,,,99202.0,53,68.0,170.0,6.0,2.0,0.0,0.0,0.0,0.0,,97,,,,,,0,,,20,0,0,0,8.0,9,8,,,0,,,8,8,0.0,0.0,,,0.0,,,0,0,996.0,,,,,,,,,,,,,,,,,,,,,,,,,,,,,,0,0,1,0,0,0,0,0,0,0,0,0,0,0,0,1,0,0,0,0,0,1,1,0,1,0,0,0,0,1,0,1,0,0,0,,0,0,0,0,0,0,0,0,0,0,0,0,0,0,0,0,,,,,,18-20,16-25,City street,U,Friday,Belt Used,PV,Not Fatal,0,0,0,0,City Street,Municipal/City Police,Spokane Police Department,0,0,0,1,0,,,,,,0.0,0.0,0.0,,,,,,,,,,,98.0,98.0,98.0,0.0,,,,,20.0,7.0,,,,,,,,1.0,0.0,,,,,,,99223
2676,2020,232,EA48230,146.0,07/14/2020,16:40,14,7,,77,Yakima,0,1,,1,0,0,2,0,3,2,16:42,16:50,17:14,12,0,6,0.6,8,0,1,6,1,2,4,0,0,0,0,CR-WENDELL PHILLIPS RD,,-120.0622583,46.294894444,0,1,89,17,2,0,90,0,0,1,2,12,0,0,0,0,1,2,0,53,0,98,733,2005,0,,12,,,,,,1,1,14,1,1.0,,4,7,20,7,11,0,07/14/2020,16:40,53034557.0,34557.0,0.0,0.0,0.0,1.0,1,38,,,,96,,,,,,98,,,,,,98944.0,53,,999.0,0.0,0.0,0.0,0.0,0.0,0.0,,0,,,,,,0,,,20,1,9,0,0.0,9,8,,,0,,,8,8,2.0,1.0,,,1.0,,,2,1,0.0,,,,,,,,,,,,,,,,,,,,,,,,,,,,,,0,0,0,0,0,0,0,0,0,0,0,0,0,1,0,0,0,0,1,0,0,1,1,0,1,0,0,0,0,1,0,0,0,0,0,,0,0,0,0,0,0,0,0,0,0,1,1,0,0,0,0,,,,,,10-15,0-15,County road,R,Tuesday,,OTHVT,Hispanic,0,0,0,0,County Road,County Sheriff,Yakima County Sheriff's Office,0,0,1,0,0,,,,,,0.0,0.0,0.0,,,,,,,,,,,0.0,0.0,0.0,98.0,,,,,17.0,7.0,,,,,,,,1.0,0.0,,,WENDELL PHILLIPS RD.,0.6,,,98944
2677,2020,232,EA48230,146.0,07/14/2020,16:40,14,7,,77,Yakima,0,1,,1,1,2,2,0,3,2,16:42,16:50,17:14,12,0,6,0.6,8,0,1,6,1,2,4,0,0,0,0,CR-WENDELL PHILLIPS RD,,-120.0622583,46.294894444,0,2,88,55,3,98,34,0,0,1,2,12,1,1,2,1,1,1,2,53,0,12,481,1995,0,,12,,,,,,1,1,20,1,0.0,,0,0,3,0,11,0,,,,,0.0,0.0,0.0,3.0,1,0,,,,96,,,,,,0,,,,,,98938.0,53,67.0,172.0,6.0,1.0,0.0,0.0,0.0,1.0,,0,,,,,,0,04/15/2019,04/15/2019,20,0,0,0,8.0,9,8,,,0,,,8,8,2.0,1.0,,,1.0,,,2,1,0.0,,,,,,,,,,,,,,,,,,,,,,,,,,,,,,0,0,0,0,0,0,0,0,0,0,0,0,0,1,0,0,0,0,1,0,0,1,1,0,1,0,0,0,0,1,0,0,0,0,0,,0,0,0,0,0,0,0,0,0,0,0,0,0,0,0,0,,,,,,18-20,16-25,County road,R,Tuesday,Belt Used,PV,Not Fatal,0,0,0,0,County Road,County Sheriff,Yakima County Sheriff's Office,0,0,1,0,0,,,,,,0.0,0.0,0.0,,,,,,,,,,,0.0,0.0,0.0,0.0,,,,,20.0,7.0,,,,,,,,1.0,0.0,,,WENDELL PHILLIPS RD.,0.6,,,98944
2678,2020,233,EA48375,4.0,06/20/2020,16:07,20,6,,1,Adams,1630,1,,1,1,2,1,0,4,2,16:10,16:12,16:28,12,0,6,21.9,2,0,2,3,2,1,3,0,0,20,3,SR-17,CUNNINGHAM RD,-119.1333306,46.826316667,0,1,89,17,2,35,4,0,0,1,2,12,1,1,2,1,4,2,2,53,0,21,20,1998,0,,12,,,,,,1,1,74,1,6.0,,4,0,3,0,11,5,06/26/2020,16:23,211053030399.0,30399.0,0.0,0.0,0.0,3.0,1,38,,,,96,,,,,,98,,,,,,99344.0,53,66.0,200.0,6.0,1.0,0.0,0.0,0.0,0.0,,0,,,,,,0,,,8,0,0,0,0.0,9,8,,,0,,,8,8,2.0,151.0,,,1.0,,,2,1,0.0,,,,,,,,,,,,,,,,,,,,,,,,,,,,,,0,0,0,1,0,0,1,1,0,0,0,0,0,0,0,0,0,0,1,0,0,0,0,0,0,1,1,0,0,1,0,0,0,0,0,,1,0,0,0,0,0,1,1,0,0,1,0,0,0,1,0,,,,,,71-75,66-75,State route,U,Saturday,Belt Used,PV,Hispanic,1,0,0,0,State Route,State Patrol,Washington State Patrol,0,1,0,0,0,,,,,,0.0,0.0,0.0,,,,,,,,,,,0.0,0.0,0.0,1.0,,,,,20.0,7.0,,,,,,,,1.0,0.0,,,,,,,
2679,2020,233,EA48375,4.0,06/20/2020,16:07,20,6,,1,Adams,1630,1,,1,1,2,1,0,4,2,16:10,16:12,16:28,12,0,6,21.9,2,0,2,3,2,1,3,0,0,0,0,SR-17,CUNNINGHAM RD,-119.1333306,46.826316667,0,2,88,66,4,60,34,1,0,1,5,12,1,1,3,1,1,2,2,53,0,20,481,2007,0,,12,,,,,,1,1,48,1,0.0,,0,0,3,0,11,0,,,,,0.0,0.0,0.0,3.0,1,0,,,,96,,,,,,0,,,,,,99344.0,53,72.0,180.0,6.0,1.0,0.0,0.0,0.0,1.0,,0,,,,,,0,09/15/2019,09/15/2019,8,0,0,0,8.0,9,8,,,0,,,8,8,0.0,0.0,,,0.0,,,0,0,996.0,,,,,,,,,,,,,,,,,,,,,,,,,,,,,,0,0,0,1,0,0,1,1,0,0,0,0,0,0,0,0,0,0,1,0,0,0,0,0,0,1,1,0,0,1,0,0,0,0,0,,0,0,0,0,0,0,0,0,0,0,0,0,0,0,0,0,,,,,,46-50,46-55,State route,U,Saturday,Belt Used,PV,Not Fatal,1,0,0,0,State Route,State Patrol,Washington State Patrol,0,1,0,0,0,,,,,,0.0,0.0,0.0,,,,,,,,,,,98.0,98.0,98.0,0.0,,,,,20.0,7.0,,,,,,,,1.0,0.0,,,,,,,
2680,2020,234,EA18725,26.0,02/26/2020,12:24,26,2,,35,Kitsap,0,1,,1,1,2,1,0,4,2,12:32,12:59,13:47,12,0,6,1.6,8,0,1,5,2,2,4,0,0,0,0,CR-SEABECK HWY NW,,-122.7350389,47.597225,0,1,68,15,2,35,4,0,0,1,5,12,1,1,2,1,11,3,2,53,0,37,32,1994,0,,12,,,,,,1,1,29,2,0.0,,0,0,3,0,11,0,,,,,0.0,0.0,0.0,3.0,1,10,,,,0,,,,,,98,,,,,,98370.0,53,62.0,175.0,6.0,1.0,0.0,1.0,0.0,0.0,,46,,,,,,0,05/15/2018,05/15/2018,1,0,0,0,8.0,9,8,,,0,,,8,8,8.0,95.0,,,96.0,,,8,95,995.0,,,,,,,,,,,,,,,,,,,,,,,,,,,,,,0,0,0,0,1,0,1,1,0,0,0,0,0,0,0,0,0,0,0,0,0,0,0,0,0,0,0,0,1,1,0,0,0,0,0,,0,0,0,0,0,0,0,0,0,0,0,0,0,0,0,0,,,,,,26-30,26-35,County road,U,Wednesday,Belt Used,PV,Not Fatal,0,0,0,0,County Road,County Sheriff,Kitsap County Sheriff's Office,0,0,1,0,0,,,,,,0.0,0.0,0.0,,,,,,,,,,,0.0,0.0,0.0,0.0,,,,,20.0,7.0,,,,,,,,0.0,0.0,,,SEABECK HIGHWAY NW,1.614,,,98312
2681,2020,234,EA18725,26.0,02/26/2020,12:24,26,2,,35,Kitsap,0,1,,1,1,2,1,0,4,2,12:32,12:59,13:47,12,0,6,1.6,8,0,1,5,2,2,4,0,0,0,0,CR-SEABECK HWY NW,,-122.7350389,47.597225,0,2,69,62,4,35,80,0,0,1,5,12,1,1,2,1,1,1,1,53,0,72,706,1996,0,,12,,,,,,1,1,57,1,7.0,,4,0,20,7,11,1,02/26/2020,14:12,196053009717.0,9717.0,0.0,0.0,0.0,3.0,1,0,,,,96,,,,,,0,,,,,,98312.0,53,74.0,245.0,6.0,1.0,0.0,1.0,0.0,0.0,,0,,,,,,0,05/15/2018,05/15/2018,20,8,0,0,0.0,9,8,,,0,,,8,8,2.0,155.0,,,1.0,,,2,1,0.029,,,,,,,,,,,,,,,,,,,,,,,,,,,,,,0,0,0,0,1,0,1,1,0,0,0,0,0,0,0,0,0,0,0,0,0,0,0,0,0,0,0,0,1,1,0,0,0,0,1,0.0,0,0,0,0,1,0,1,1,0,0,0,0,0,0,0,1,,,,,,56-60,56-65,County road,U,Wednesday,,MC,White,0,0,0,0,County Road,County Sheriff,Kitsap County Sheriff's Office,0,0,1,0,0,,,,,,0.0,0.0,0.0,,,,,,,,,,,0.0,0.0,0.0,1.0,,,,,5.0,0.0,,,,,,,,0.0,0.0,,,SEABECK HIGHWAY NW,1.614,,,98312
2682,2020,235,EA18657,7.0,02/21/2020,8:57,21,2,,33,King,0,1,,1,4,2,1,0,4,2,8:55,9:10,9:27,12,0,6,59.3,1,0,1,3,1,1,2,0,0,0,0,US-2,,-121.1441861,47.713577778,0,1,66,5,1,50,34,1,0,1,2,12,1,2,3,1,1,2,1,53,0,12,481,2004,0,,68,12.0,,,,,1,1,75,1,0.0,,0,0,3,0,11,0,,,,,0.0,0.0,0.0,3.0,1,87,,,,96,,,,,,98,,,,,,98812.0,53,72.0,220.0,6.0,1.0,0.0,0.0,0.0,0.0,,0,,,,,,0,,,8,0,0,0,8.0,3,8,,,0,,,8,0,0.0,0.0,,,0.0,,,0,0,996.0,,,,,,,,,,,,,,,,,,,,,,,,,,,,,,0,0,0,0,0,0,0,0,0,0,0,0,0,0,0,0,0,0,0,0,0,0,0,0,0,1,1,1,0,1,0,0,0,0,0,,0,0,0,0,0,0,0,0,0,0,0,0,0,0,0,0,,,,,,71-75,66-75,US highway,R,Friday,Belt Used,PV,Not Fatal,0,1,1,0,State Route,State Patrol,Washington State Patrol,0,1,0,0,0,,,,,,0.0,0.0,0.0,,,,,,,,,,,98.0,98.0,98.0,0.0,,,,,20.0,7.0,,,,,,,,0.0,0.0,,,,,,,
2683,2020,235,EA18657,7.0,02/21/2020,8:57,21,2,,33,King,0,1,,1,4,2,1,0,4,2,8:55,9:10,9:27,12,0,6,59.3,1,0,1,3,1,1,2,0,0,0,0,US-2,,-121.1441861,47.713577778,0,2,66,62,4,50,34,0,0,1,2,12,1,2,3,1,1,2,1,53,0,49,472,2016,0,,12,,,,,,1,1,49,1,7.0,,4,0,3,0,11,5,02/21/2020,10:31,81053008128.0,8128.0,0.0,0.0,0.0,3.0,1,0,,,,96,,,,,,0,,,,,,98815.0,53,75.0,230.0,6.0,1.0,0.0,1.0,0.0,1.0,,0,,,,,,0,01/15/2015,03/15/2018,8,0,0,0,0.0,9,8,,,0,,,8,8,2.0,1.0,,,1.0,,,2,1,0.0,,,,,,,,,,,,,,,,,,,,,,,,,,,,,,0,0,0,0,0,0,0,0,0,0,0,0,0,0,0,0,0,0,0,0,0,0,0,0,0,1,1,1,0,1,0,0,0,0,0,,1,0,0,0,0,0,0,0,0,0,0,0,0,0,0,0,,,,,,46-50,46-55,US highway,R,Friday,Belt Used,PV,White,0,1,1,0,State Route,State Patrol,Washington State Patrol,0,1,0,0,0,,,,,,0.0,0.0,0.0,,,,,,,,,,,98.0,98.0,98.0,1.0,,,,,20.0,7.0,,,,,,,,0.0,0.0,,,,,,,
2684,2020,236,EA48550,38.0,07/18/2020,12:55,18,7,,59,Skamania,0,1,,1,1,2,1,0,1,1,,,,24,0,0,9999.8,1,0,1,5,1,64,8,0,0,0,0,USFS 90 RD,,-122.2309167,46.058452778,0,1,2,13,2,25,80,0,0,1,2,24,3,2,2,1,14,1,1,41,0,53,705,2004,0,,63,24.0,,,,,1,1,30,1,7.0,,4,7,20,7,11,0,07/18/2020,12:55,53035843.0,35843.0,0.0,0.0,0.0,3.0,1,0,,,,96,,,,,,98,,,,,,97756.0,41,69.0,165.0,6.0,1.0,0.0,0.0,0.0,0.0,,0,,,,,,3,04/15/2015,12/15/2016,20,8,0,0,0.0,9,8,,,0,,,8,8,2.0,695.0,605.0,,1.0,1.0,,2,1,0.0,,,,,,,,,,,,,,,,,,,,,,,,,,,,,,0,0,0,0,0,0,1,1,1,0,0,0,1,0,0,0,0,0,0,0,0,0,0,0,0,0,0,0,1,0,0,0,0,0,1,0.0,0,0,0,0,0,0,1,1,0,1,0,0,0,0,1,0,,,,,,26-30,26-35,Other,R,Saturday,,MC,White,0,1,0,0,Other,County Sheriff,Skamania County Sheriff's Office,1,0,0,0,1,thc,13.0,carboxy-thc,33.0,,0.0,0.0,2.0,,,,,,,,,,,0.0,0.0,0.0,1.0,,,,,5.0,0.0,,,,,,,nms,1.0,0.0,,,,,,,
2685,2020,237,EA48702,6.0,07/18/2020,19:35,18,7,,17,Douglas,0,1,,1,1,2,1,0,3,2,19:34,19:45,20:49,12,0,6,20.0,1,0,1,3,1,1,3,0,0,0,0,SR-28,,-120.0658917,47.279530556,0,1,98,13,2,60,4,0,0,1,2,12,4,2,2,1,14,2,1,53,0,35,39,2001,0,,63,69.0,68.0,12.0,63.0,24.0,1,1,41,1,0.0,,3,0,3,0,11,5,,,,,0.0,0.0,0.0,3.0,1,58,91.0,,,0,,,,,,8,9.0,,,,,98848.0,53,64.0,188.0,6.0,1.0,0.0,0.0,0.0,0.0,,1,,,,,,0,,,8,0,0,0,8.0,9,8,,,0,,,8,1,2.0,1.0,,,1.0,,,2,1,0.19,,,,,,,,,,,,,,,,,,,,,,,,,,,,,,0,0,0,0,1,1,0,1,0,0,0,0,0,0,0,0,0,0,0,0,0,0,0,0,0,0,0,0,0,1,0,0,0,0,0,,0,0,0,0,0,1,0,1,0,0,0,0,0,1,0,1,,,,,,41-45,36-45,State route,R,Saturday,Belt Used,PV,Not Fatal,0,1,1,0,State Route,State Patrol,Washington State Patrol,0,1,0,0,0,,,,,,0.0,0.0,0.0,,,,,,,,,,,98.0,98.0,98.0,0.0,,,,,20.0,7.0,,,,,,,,1.0,0.0,,,,,,,