,year,case,par,repjur,crash_dt,crash_tm,accday,accmon,holiday,county,co_char,city,weather,weather2,lightcond,surfcond,surftype,numfatal,nmforms,pforms,vforms,not_tm,arr_tm,hosp_tm,fhevent,hitrun,manncol,milepnt,reljunc,reljuncinter,intersectiontype,funcsystem,landuse,ownership,route,schlbus,spejur,contdev,devfunc,trafid1,trafid2,x,y,wk_zone,vnumber,crashtype,criticalevent,criticaleventcat,spdlim,body,trailer,emerg,hazcargo,leave,mhevent,roadalgn,roadprof,traflane,trafflow,vehmanvr,numoccs,regowner,regstate,spuse,make,model,modelyr,vrf1,vrf2,seqevent1,seqevent2,seqevent3,seqevent4,seqevent5,seqevent6,pnumber,ptype,age,sex,hispanic,race,injury,diedscene,restraint,restraintmisuse,seatpos,takehosp,death_dt,death_tm,cert,cernum_wa,commlic,licendor,licrestrict,liccomp,drivpres,drf1,drf2,drf3,drf4,distract1,distract2,distract3,distract4,distract5,distract6,dricond1,dricond2,dricond3,dricond4,dricond5,dricond6,dzip,licstate,drhgt_in,weight,noncdl,noncdltype,prevdwi,prevoth,prevacc,prevspd,prevsus,driviol1,driviol2,driviol3,driviol4,driviol5,driviol6,spdrel,first_dt,last_dt,airbag,ejection,ejectpath,extricat,injurwrk,methalc,methdrug,nmlocat,strikveh,prf1,prf2,prf3,druginv,alcinvol,drugsts,drugres1,drugres2,drugres3,drugtst1,drugtst2,drugtst3,alcsts,alctst,alcres,nmact1,nmact2,nmact3,nmact4,nmact5,nmact6,nmprior1,nmprior2,nmprior3,nmprior4,nmprior5,nmprior6,nmcond1,nmcond2,nmcond3,nmcond4,nmcond5,nmcond6,nmsafe_helmet,nmsafe_pads,nmsafe_oth,nmprev_ref,nmprev_lgt,nmprev_oth,crashlocation,nmcrashtype,crosswalk,schoolzone,sidewalk,train_inv,wildlife_inv,rotr_fars,intersect_fars,dd_inv,aid_inv,dpd_inv,id_inv,mj_inv,impnm_inv,ainm_inv,dpnm_inv,speed_inv,unlic_inv,unendmc_inv,drowsy_inv,drdist_inv,nmdist_inv,fty_inv,unrestfat_inv,dr1617_inv,dr1820_inv,dr1620_inv,dr2125_inv,dr1625_inv,dr65_inv,dr70_inv,dr75_inv,mc_inv,pv_inv,ht_inv,ped_inv,bike_inv,unrest_fat,mc_fat,unhelmet_mc,pv_fat,ht_fat,ped_fat,bike_fat,dr_alc7,dr_alc8,dr_drug,dr_imp,dr_dist,dr_spd,dr_fty,dr_unlic,dr_alc7only,dr_alc8only,dr_drugonly,dr_drink,nm_imp,nm_alc7,nm_alc8,nm_drug,nm_dist,agegrp1,agegrp2,roadclass,urbrur,dayweek,restuse,vehtype,race_me,intersect,lanedep,oppdir,wrongway,rep_typ,investag,repag_long,rotr,st_rd,cty_rd,city_rd,oth_rd,drug_thc,thc_res,drug_cthc,cthc_res,drug_cann,prevpersemin,prevperse,prevsusoth,drugtst4,drugtst5,drugtst6,drugtst7,drugtst8,drugres4,drugres5,drugres6,drugres7,drugres8,adspresent,adsengaged,adslevel,race1,race2,race3,race4,race5,helmet,helmetmisuse,nmdistract1,nmdistract2,nmdistract3,nmdistract4,nmdistract5,nmdistract6,lab,isedtcase,crf1,crf2,crf3,CoRoadName,CoMP,IntCoRoadName,IntCoMP,zipcode
2686,2020,237,EA48702,6.0,07/18/2020,19:35,18,7,,17,Douglas,0,1,,1,1,2,1,0,3,2,19:34,19:45,20:49,12,0,6,20.0,1,0,1,3,1,1,3,0,0,0,0,SR-28,,-120.0658917,47.279530556,0,2,98,62,4,60,34,0,0,1,2,12,4,2,2,1,14,1,1,53,0,20,473,2015,0,,12,67.0,,,,,1,1,30,1,0.0,,3,0,3,0,11,5,,,,,0.0,0.0,0.0,3.0,1,0,,,,96,,,,,,0,,,,,,98848.0,53,74.0,195.0,6.0,1.0,0.0,0.0,0.0,0.0,,0,,,,,,0,,,8,0,0,0,8.0,9,8,,,0,,,8,8,0.0,0.0,,,0.0,,,0,0,996.0,,,,,,,,,,,,,,,,,,,,,,,,,,,,,,0,0,0,0,1,1,0,1,0,0,0,0,0,0,0,0,0,0,0,0,0,0,0,0,0,0,0,0,0,1,0,0,0,0,0,,0,0,0,0,0,0,0,0,0,0,0,0,0,0,0,0,,,,,,26-30,26-35,State route,R,Saturday,Belt Used,PV,Not Fatal,0,1,1,0,State Route,State Patrol,Washington State Patrol,0,1,0,0,0,,,,,,0.0,0.0,0.0,,,,,,,,,,,98.0,98.0,98.0,0.0,,,,,20.0,7.0,,,,,,,,1.0,0.0,,,,,,,
2687,2020,238,EA48844,160.0,07/16/2020,22:00,16,7,,33,King,1030,1,,3,1,2,1,1,1,1,,,,8,1,0,9999.8,1,0,1,3,2,4,6,0,0,0,0,CR-S 272ND ST,,-122.2800111,47.357822222,0,1,13,11,2,35,99,0,0,1,5,8,1,2,4,1,1,99,9,99,0,99,999,9999,0,,63,8.0,,,,,1,1,999,9,0.0,,9,0,99,7,11,0,,,,,99.0,0.0,9.0,9.0,1,0,,,,92,,,,,,98,,,,,,99999.0,99,,999.0,9.0,9.0,99.0,99.0,99.0,99.0,,97,,,,,,0,,,99,0,0,0,8.0,9,8,,,0,,,8,8,0.0,0.0,,,0.0,,,0,0,996.0,,,,,,,,,,,,,,,,,,,,,,,,,,,,,,0,0,0,0,0,0,0,0,0,0,0,0,0,0,0,0,1,0,0,0,0,0,0,0,0,0,0,0,0,0,0,1,0,0,0,,0,0,0,0,0,0,0,0,1,0,0,0,0,0,0,0,,,,,,,,City street,U,Thursday,,NR-U,Not Fatal,0,0,0,0,City Street,Municipal/City Police,Kent Police Department,0,0,0,1,0,,,,,,99.0,99.0,99.0,,,,,,,,,,,98.0,98.0,98.0,0.0,,,,,20.0,7.0,,,,,,,,1.0,0.0,,,,,,,98032
2688,2020,239,EA48857,6.0,07/03/2020,11:19,3,7,,47,Okanogan,0,1,,1,1,2,1,0,5,2,11:45,12:03,13:46,12,0,2,231.5,1,0,1,4,1,1,3,0,0,0,0,SR-20,,-119.6073056,48.350463889,0,1,50,10,2,60,4,0,0,1,2,12,2,1,2,1,14,2,2,53,0,37,32,1990,0,,68,12.0,,,,,1,1,22,1,0.0,,3,0,20,7,11,5,,,,,0.0,0.0,0.0,0.0,1,28,,,,92,,,,,,98,,,,,,99998.0,53,71.0,150.0,0.0,0.0,0.0,0.0,0.0,0.0,,97,,,,,,0,,,20,0,0,0,8.0,9,8,,,0,,,8,8,2.0,401.0,417.0,695.0,1.0,1.0,1.0,2,1,0.0,,,,,,,,,,,,,,,,,,,,,,,,,,,,,,0,0,0,0,0,0,1,1,1,0,0,0,0,1,0,0,1,0,0,1,0,0,0,1,1,1,1,0,0,1,0,0,0,0,0,,0,0,0,0,0,0,1,1,1,0,0,1,0,0,1,0,,,,,,21-25,16-25,State route,R,Friday,Not Used,PV,Not Fatal,0,1,1,0,State Route,State Patrol,Washington State Patrol,0,1,0,0,0,thc,0.66,carboxy-thc,47.0,,0.0,0.0,0.0,1.0,,,,,605.0,,,,,0.0,0.0,0.0,0.0,,,,,20.0,7.0,,,,,,,nms,1.0,0.0,,,,,,,98840
2689,2020,239,EA48857,6.0,07/03/2020,11:19,3,7,,47,Okanogan,0,1,,1,1,2,1,0,5,2,11:45,12:03,13:46,12,0,2,231.5,1,0,1,4,1,1,3,0,0,0,0,SR-20,,-119.6073056,48.350463889,0,2,51,62,4,60,34,0,0,1,2,12,3,1,2,1,14,3,1,53,0,7,482,2012,0,,12,63.0,17.0,,,,1,1,73,1,0.0,,1,0,3,0,11,5,,,,,0.0,0.0,3.0,3.0,1,0,,,,96,,,,,,98,,,,,,98840.0,53,76.0,220.0,6.0,1.0,0.0,1.0,0.0,0.0,,0,,,,,,0,06/15/2018,06/15/2018,8,0,0,0,8.0,9,8,,,0,,,8,8,8.0,95.0,,,96.0,,,8,95,995.0,,,,,,,,,,,,,,,,,,,,,,,,,,,,,,0,0,0,0,0,0,1,1,1,0,0,0,0,1,0,0,1,0,0,1,0,0,0,1,1,1,1,0,0,1,0,0,0,0,0,,0,0,0,0,0,0,0,0,0,0,0,0,0,0,0,0,,,,,,71-75,66-75,State route,R,Friday,Belt Used,PV,Not Fatal,0,1,1,0,State Route,State Patrol,Washington State Patrol,0,1,0,0,0,,,,,,0.0,0.0,0.0,,,,,,,,,,,98.0,98.0,98.0,0.0,,,,,20.0,7.0,,,,,,,,1.0,0.0,,,,,,,98840
2690,2020,240,EA48948,35.0,07/17/2020,21:31,17,7,,53,Pierce,0,1,,2,1,2,1,0,1,1,,,,93,0,0,1.8,1,0,1,5,2,2,4,0,0,0,0,CR-CRAMER ROAD KP N,,-122.7226306,47.357019444,0,1,7,13,2,35,34,0,0,1,2,93,4,1,2,1,14,1,2,53,0,12,481,1992,0,,63,69.0,68.0,64.0,93.0,,1,1,34,2,7.0,,4,7,20,7,11,0,07/17/2020,21:31,53033542.0,33542.0,0.0,0.0,3.0,2.0,1,58,,,,96,,,,,,0,,,,,,98349.0,53,65.0,150.0,1.0,1.0,0.0,1.0,0.0,0.0,,0,,,,,,0,11/15/2019,11/15/2019,20,1,2,0,0.0,9,8,,,0,,,8,8,2.0,401.0,417.0,695.0,1.0,1.0,1.0,2,1,0.0,,,,,,,,,,,,,,,,,,,,,,,,,,,,,,0,0,0,0,0,0,1,1,1,0,0,0,0,1,0,0,0,0,0,1,0,0,0,0,0,0,0,0,0,1,0,0,0,1,0,,1,0,0,0,0,0,1,1,0,0,0,1,0,0,1,0,,,,,,31-35,26-35,County road,U,Friday,Not Used,PV,White,0,1,0,0,County Road,County Sheriff,Law Enforcement Support Agency,1,0,1,0,0,thc,18.0,carboxy-thc,51.0,,0.0,0.0,1.0,1.0,,,,,605.0,,,,,0.0,0.0,0.0,1.0,,,,,20.0,7.0,,,,,,,nms,1.0,0.0,,,CRAMER RD NW,1.77,,,98329
2691,2020,241,EA49130,1.0,07/18/2020,4:49,18,7,,5,Benton,0,1,,4,1,1,1,0,2,2,,,,12,0,2,80.4,1,0,1,1,2,1,1,0,0,0,0,I-82,,-119.7799417,46.221477778,0,1,50,12,2,70,34,0,0,1,2,12,1,1,2,2,1,1,1,53,0,20,481,2000,0,,64,65.0,12.0,43.0,,,1,1,60,1,7.0,,4,7,20,7,11,0,07/18/2020,4:49,53032959.0,32959.0,6.0,0.0,0.0,3.0,1,0,,,,96,,,,,,9,,,,,,98935.0,53,73.0,210.0,6.0,1.0,0.0,0.0,0.0,0.0,,0,,,,,,0,,,1,1,9,0,0.0,9,1,,,0,,,1,8,2.0,996.0,996.0,401.0,1.0,1.0,1.0,2,1,0.0,,,,,,,,,,,,,,,,,,,,,,,,,,,,,,0,0,0,0,0,0,1,1,0,0,0,0,0,0,0,0,0,0,0,1,0,0,0,0,0,0,0,0,0,1,1,0,0,1,0,,1,0,0,0,0,0,1,1,0,0,0,0,0,0,1,0,,,,,,56-60,56-65,Interstate,U,Saturday,Not Used,PV,White,0,1,1,0,State Route,State Patrol,Washington State Patrol,0,1,0,0,0,,,,,,0.0,0.0,0.0,1.0,,,,,417.0,,,,,98.0,98.0,98.0,1.0,,,,,20.0,7.0,,,,,,,,1.0,0.0,,,,,,,99350
2692,2020,241,EA49130,1.0,07/18/2020,4:49,18,7,,5,Benton,0,1,,4,1,1,1,0,2,2,,,,12,0,2,80.4,1,0,1,1,2,1,1,0,0,0,0,I-82,,-119.7799417,46.221477778,0,2,51,62,4,60,66,1,0,1,2,12,1,1,2,2,1,1,1,53,0,51,881,2000,0,,12,63.0,59.0,38.0,,,1,1,33,1,0.0,,0,0,3,0,11,0,,,,,6.0,0.0,0.0,3.0,1,0,,,,96,,,,,,0,,,,,,99301.0,53,71.0,183.0,6.0,1.0,0.0,1.0,1.0,0.0,,0,,,,,,0,02/15/2016,11/15/2019,1,0,0,0,8.0,3,8,,,0,,,8,8,2.0,1.0,,,1.0,,,2,1,0.0,,,,,,,,,,,,,,,,,,,,,,,,,,,,,,0,0,0,0,0,0,1,1,0,0,0,0,0,0,0,0,0,0,0,1,0,0,0,0,0,0,0,0,0,1,1,0,0,0,0,,0,0,0,0,0,0,0,0,0,0,0,0,0,0,0,0,,,,,,31-35,26-35,Interstate,U,Saturday,,MHTRUCK,Not Fatal,0,1,1,0,State Route,State Patrol,Washington State Patrol,0,1,0,0,0,,,,,,0.0,0.0,0.0,,,,,,,,,,,98.0,98.0,98.0,0.0,,,,,20.0,7.0,,,,,,,,1.0,0.0,,,,,,,99350
2693,2020,242,EA46957,3.0,07/12/2020,23:32,12,7,,53,Pierce,0,1,,3,1,2,1,1,2,1,23:21,23:38,0:00,15,0,0,52.6,3,0,2,3,2,1,3,0,0,3,3,SR-7,108TH ST S,-122.4342389,47.159302778,0,1,13,83,5,35,5,0,0,1,5,15,1,1,4,1,1,2,1,53,0,42,55,2016,0,,15,,,,,,1,1,24,2,0.0,,0,0,3,0,11,0,,,,,0.0,0.0,0.0,3.0,1,0,,,,96,,,,,,0,,,,,,94509.0,6,62.0,110.0,6.0,1.0,0.0,0.0,0.0,1.0,,0,,,,,,0,02/15/2019,02/15/2019,20,0,0,0,8.0,9,8,,,0,,,8,8,0.0,0.0,,,0.0,,,0,0,996.0,,,,,,,,,,,,,,,,,,,,,,,,,,,,,,0,0,0,1,0,0,0,0,0,1,0,1,0,0,0,0,0,0,0,0,0,0,0,1,1,0,0,0,0,1,0,1,0,0,0,,0,0,0,0,0,0,0,0,0,0,0,0,0,0,0,0,,,,,,21-25,16-25,State route,U,Sunday,Belt Used,PV,Not Fatal,1,0,0,0,State Route,State Patrol,Washington State Patrol,0,1,0,0,0,,,,,,0.0,0.0,0.0,,,,,,,,,,,98.0,98.0,98.0,0.0,,,,,20.0,7.0,,,,,,,,1.0,0.0,,,,,,,98447
2694,2020,243,EA49431,160.0,07/18/2020,2:34,18,7,,33,King,1030,1,,3,1,2,1,1,2,1,,,,8,0,0,0.4,1,0,1,4,2,1,3,0,0,0,0,SR-515,,-122.2023556,47.377933333,0,1,13,80,5,35,4,0,0,1,2,8,1,1,5,5,1,2,1,53,0,49,32,2014,0,,8,,,,,,1,1,23,1,0.0,,0,0,3,0,11,0,,,,,0.0,0.0,3.0,3.0,1,0,,,,96,,,,,,9,,,,,,98051.0,53,63.0,147.0,6.0,1.0,0.0,1.0,0.0,0.0,,12,,,,,,0,02/15/2018,02/15/2018,20,0,0,0,8.0,3,8,,,0,,,1,0,2.0,695.0,605.0,402.0,1.0,1.0,1.0,2,1,0.0,,,,,,,,,,,,,,,,,,,,,,,,,,,,,,0,0,0,0,0,0,1,1,1,1,1,0,0,0,0,0,0,0,0,0,0,0,0,1,1,0,0,0,0,1,0,1,0,0,0,,0,0,0,0,0,0,1,1,0,0,0,0,0,0,1,0,,,,,,21-25,16-25,State route,U,Saturday,Belt Used,PV,Not Fatal,0,0,0,0,State Route,Municipal/City Police,Kent Police Department,0,1,0,0,0,thc,3.1,carboxy-thc,25.0,,0.0,0.0,0.0,1.0,1.0,1.0,,,996.0,996.0,996.0,,,98.0,98.0,98.0,0.0,,,,,20.0,7.0,,,,,,,,1.0,0.0,,,,,,,98030
2695,2020,244,EA49476,4.0,07/18/2020,12:35,18,7,,63,Spokane,0,1,,1,1,2,1,0,1,1,,,,39,0,0,263.5,1,0,1,1,1,1,1,0,0,0,0,I-90,,-117.6693278,47.519880556,0,1,1,13,2,70,6,0,0,1,2,39,1,1,2,2,1,1,1,53,0,6,52,2007,0,,63,39.0,1.0,,,,1,1,40,1,7.0,,4,0,3,0,11,1,07/19/2020,17:18,211053033789.0,33789.0,0.0,0.0,3.0,2.0,1,0,,,,92,,,,,,0,,,,,,83854.0,16,73.0,233.0,1.0,1.0,1.0,0.0,0.0,0.0,,0,,,,,,0,12/15/2016,12/15/2016,20,0,0,0,0.0,9,8,,,0,,,8,8,2.0,1.0,,,1.0,,,2,1,0.0,,,,,,,,,,,,,,,,,,,,,,,,,,,,,,0,0,1,0,0,0,0,0,0,0,0,0,0,1,0,0,1,0,0,0,0,0,0,0,0,0,0,0,0,1,0,0,0,0,0,,1,0,0,0,0,0,0,0,1,0,0,1,0,0,0,0,,,,,,36-40,36-45,Interstate,R,Saturday,Belt Used,PV,White,0,1,0,0,State Route,State Patrol,Washington State Patrol,1,1,0,0,0,,,,,,0.0,1.0,0.0,,,,,,,,,,,98.0,98.0,98.0,1.0,,,,,20.0,7.0,,,,,,,,1.0,0.0,,,,,,,99014
2696,2020,245,EA49734,13.0,07/20/2020,15:13,20,7,,9,Clallam,0,1,,1,1,2,1,0,3,2,15:26,15:55,16:39,12,0,6,3.7,8,0,1,6,1,2,4,0,0,0,0,CR-OBRIEN RD,,-123.3017167,48.090777778,0,1,68,15,2,35,34,0,0,1,2,12,1,2,2,1,11,1,1,53,0,20,481,2006,0,,12,,,,,,1,1,34,2,0.0,,0,0,3,0,11,0,,,,,0.0,0.0,0.0,3.0,1,38,,,,96,,,,,,98,,,,,,98382.0,53,60.0,270.0,6.0,1.0,0.0,0.0,0.0,0.0,,46,,,,,,0,,,20,0,0,0,8.0,9,8,,,0,,,8,0,8.0,95.0,,,96.0,,,2,98,0.0,,,,,,,,,,,,,,,,,,,,,,,,,,,,,,0,0,0,0,0,0,0,0,0,0,0,0,0,0,0,0,0,0,1,0,0,0,0,0,0,0,0,0,1,1,0,0,0,0,0,,0,0,0,0,0,0,0,0,0,0,1,0,0,0,0,0,,,,,,31-35,26-35,County road,R,Monday,Belt Used,PV,Not Fatal,0,0,0,0,County Road,County Sheriff,Clallam County Sheriff's Office,0,0,1,0,0,,,,,,0.0,0.0,0.0,,,,,,,,,,,98.0,98.0,98.0,0.0,,,,,20.0,7.0,,,,,,,,1.0,0.0,,,O'BRIEN RD.,3.72,,,98362
2697,2020,245,EA49734,13.0,07/20/2020,15:13,20,7,,9,Clallam,0,1,,1,1,2,1,0,3,2,15:26,15:55,16:39,12,0,6,3.7,8,0,1,6,1,2,4,0,0,0,0,CR-OBRIEN RD,,-123.3017167,48.090777778,0,2,69,62,4,35,80,0,0,1,2,12,1,2,2,1,1,2,2,53,0,72,706,1991,0,,12,,,,,,1,1,64,1,0.0,,3,0,20,7,11,5,,,,,0.0,0.0,3.0,3.0,1,0,,,,96,,,,,,0,,,,,,98362.0,53,71.0,180.0,6.0,1.0,0.0,0.0,0.0,0.0,,0,,,,,,0,,,20,8,0,0,8.0,9,8,,,0,,,8,8,8.0,95.0,,,96.0,,,8,95,995.0,,,,,,,,,,,,,,,,,,,,,,,,,,,,,,0,0,0,0,0,0,0,0,0,0,0,0,0,0,0,0,0,0,1,0,0,0,0,0,0,0,0,0,1,1,0,0,0,0,0,0.0,0,0,0,0,0,0,0,0,0,0,0,0,0,0,0,0,,,,,,61-65,56-65,County road,R,Monday,,MC,Not Fatal,0,0,0,0,County Road,County Sheriff,Clallam County Sheriff's Office,0,0,1,0,0,,,,,,0.0,0.0,0.0,,,,,,,,,,,0.0,0.0,0.0,0.0,,,,,5.0,0.0,,,,,,,,1.0,0.0,,,O'BRIEN RD.,3.72,,,98362
2698,2020,246,EA49865,82.0,07/24/2020,6:26,24,7,,41,Lewis,300,10,,1,1,2,1,0,1,1,7:28,7:34,,43,0,0,0.4,3,1,2,1,2,1,1,0,0,3,3,I-5,HARRISON AVE,-122.9777528,46.727602778,0,1,1,15,2,98,20,0,0,1,2,43,1,1,2,6,11,1,1,53,0,37,441,2002,0,,63,43.0,,,,,1,1,54,8,7.0,,4,7,20,7,11,0,07/24/2020,6:26,30053036391.0,36391.0,0.0,0.0,0.0,3.0,1,8,30.0,50.0,,96,,,,,,98,,,,,,98579.0,53,72.0,170.0,6.0,1.0,0.0,0.0,0.0,1.0,,0,,,,,,0,11/15/2017,11/15/2017,8,0,0,0,0.0,9,8,,,0,,,8,8,2.0,401.0,695.0,605.0,1.0,1.0,1.0,2,1,0.0,,,,,,,,,,,,,,,,,,,,,,,,,,,,,,0,0,1,1,0,0,1,1,1,0,0,0,0,0,0,0,0,0,0,1,0,0,0,0,0,0,0,0,0,1,0,0,0,1,0,,1,0,0,0,0,0,1,1,0,0,0,0,0,0,1,0,,,,,,51-55,46-55,Interstate,U,Friday,Not Used,PV,White,1,0,0,1,State Route,Municipal/City Police,Centralia Police Department,0,1,0,0,0,thc,5.1,carboxy-thc,20.0,,0.0,0.0,0.0,,,,,,,,,,,98.0,98.0,98.0,1.0,,,,,20.0,7.0,,,,,,,nms,1.0,0.0,,,,,,,98531
2699,2020,247,EA50101,2.0,07/20/2020,17:05,20,7,,29,Island,0,1,,1,1,2,1,0,7,2,17:09,17:13,18:13,12,0,6,19.2,2,0,2,3,1,1,3,0,0,20,3,SR-525,BUSH POINT RD,-122.5454833,48.015183333,0,1,82,15,2,45,4,0,0,1,2,12,1,2,2,1,11,2,2,53,0,20,32,1993,0,,12,,,,,,1,1,17,1,7.0,,4,0,3,0,11,0,07/20/2020,21:11,196053033497.0,33497.0,0.0,0.0,1.0,3.0,1,48,,,,96,,,,,,98,,,,,,98236.0,53,67.0,135.0,6.0,2.0,0.0,0.0,0.0,0.0,,0,,,,,,0,,,1,0,0,0,0.0,9,8,,,0,,,8,8,2.0,695.0,605.0,,1.0,1.0,,2,1,0.0,,,,,,,,,,,,,,,,,,,,,,,,,,,,,,0,0,0,1,0,0,1,1,1,0,0,0,0,0,0,0,0,0,0,0,1,0,1,0,1,0,0,0,0,1,1,0,0,0,0,,1,0,0,0,0,0,1,1,0,0,0,0,0,0,1,0,,,,,,16-17,16-25,State route,R,Monday,Belt Used,PV,White,1,0,0,0,State Route,State Patrol,Washington State Patrol,0,1,0,0,0,thc,0.87,carboxy-thc,7.8,,0.0,0.0,0.0,,,,,,,,,,,0.0,0.0,0.0,1.0,,,,,20.0,7.0,,,,,,,nms,1.0,0.0,,,,,,,98249
2700,2020,247,EA50101,2.0,07/20/2020,17:05,20,7,,29,Island,0,1,,1,1,2,1,0,7,2,17:09,17:13,18:13,12,0,6,19.2,2,0,2,3,1,1,3,0,0,0,0,SR-525,BUSH POINT RD,-122.5454833,48.015183333,0,2,83,67,4,45,67,1,0,1,2,12,1,2,4,1,1,5,1,53,0,12,880,2017,0,,12,,,,,,1,1,40,1,0.0,,0,0,3,0,11,0,,,,,0.0,0.0,0.0,3.0,1,0,,,,96,,,,,,0,,,,,,98857.0,53,78.0,270.0,6.0,1.0,0.0,0.0,0.0,0.0,,0,,,,,,0,,,1,0,0,0,8.0,9,8,,,0,,,8,8,8.0,95.0,,,96.0,,,8,95,995.0,,,,,,,,,,,,,,,,,,,,,,,,,,,,,,0,0,0,1,0,0,1,1,1,0,0,0,0,0,0,0,0,0,0,0,1,0,1,0,1,0,0,0,0,1,1,0,0,0,0,,0,0,0,0,0,0,0,0,0,0,0,0,0,0,0,0,,,,,,36-40,36-45,State route,R,Monday,,MHTRUCK,Not Fatal,1,0,0,0,State Route,State Patrol,Washington State Patrol,0,1,0,0,0,,,,,,0.0,0.0,0.0,,,,,,,,,,,98.0,98.0,98.0,0.0,,,,,20.0,7.0,,,,,,,,1.0,0.0,,,,,,,98249
2701,2020,248,EA50209,29.0,07/18/2020,18:45,18,7,,41,Lewis,0,1,,5,0,0,1,0,2,2,18:47,18:55,,12,0,6,3.4,8,0,1,7,1,2,4,0,0,0,0,CR-LARMON RD,,-122.7253167,46.546583333,0,1,82,15,2,0,34,1,0,1,5,12,0,0,0,0,11,1,1,53,0,7,482,2006,0,,12,,,,,,1,1,76,1,0.0,,0,0,3,0,11,0,,,,,0.0,0.0,3.0,3.0,1,38,,,,92,,,,,,98,,,,,,98577.0,53,68.0,175.0,6.0,1.0,0.0,0.0,0.0,3.0,,97,,,,,,0,05/15/2016,04/15/2017,20,0,0,0,8.0,9,8,,,0,,,8,8,0.0,0.0,,,0.0,,,0,0,996.0,,,,,,,,,,,,,,,,,,,,,,,,,,,,,,0,0,0,0,0,0,1,1,0,0,0,0,0,0,1,0,1,0,1,0,0,0,0,0,0,1,1,1,1,1,0,0,0,0,0,,0,0,0,0,0,0,0,0,1,0,1,0,0,0,0,0,,,,,,76-80,76+,County road,R,Saturday,Belt Used,PV,Not Fatal,0,0,0,0,County Road,County Sheriff,Lewis County Sheriff's Office,0,0,1,0,0,,,,,,0.0,0.0,0.0,,,,,,,,,,,98.0,98.0,98.0,0.0,,,,,20.0,7.0,,,,,,,,1.0,0.0,,,LARMON RD,3.394,,,98570
2702,2020,248,EA50209,29.0,07/18/2020,18:45,18,7,,41,Lewis,0,1,,5,1,2,1,0,2,2,18:47,18:55,,12,0,6,3.4,8,0,1,7,1,2,4,0,0,0,0,CR-LARMON RD,,-122.7253167,46.546583333,0,2,83,72,4,50,80,0,0,1,2,12,1,1,2,1,1,1,2,41,0,72,706,2001,0,,12,,,,,,1,1,37,8,7.0,,4,8,20,7,11,5,07/18/2020,20:20,160153033582.0,33582.0,0.0,0.0,3.0,2.0,1,0,,,,92,,,,,,98,,,,,,98532.0,53,67.0,155.0,6.0,1.0,0.0,3.0,0.0,0.0,,0,,,,,,0,01/15/2018,03/15/2020,20,8,0,0,0.0,9,8,,,0,,,8,8,2.0,996.0,401.0,417.0,1.0,1.0,1.0,2,1,0.0,,,,,,,,,,,,,,,,,,,,,,,,,,,,,,0,0,0,0,0,0,1,1,0,0,0,0,0,0,1,0,1,0,1,0,0,0,0,0,0,1,1,1,1,1,0,0,0,0,1,0.0,0,0,0,0,0,0,1,1,1,0,0,0,0,0,1,0,,,,,,36-40,36-45,County road,R,Saturday,,MC,White,0,0,0,0,County Road,County Sheriff,Lewis County Sheriff's Office,0,0,1,0,0,,,,,,0.0,0.0,1.0,1.0,1.0,,,,128.0,177.0,,,,0.0,0.0,0.0,1.0,,,,,19.0,0.0,,,,,,,,1.0,0.0,,,LARMON RD,3.394,,,98570
2703,2020,249,EA50368,158.0,07/26/2020,14:55,26,7,,15,Cowlitz,1010,1,,1,1,2,1,0,4,3,14:55,14:59,15:28,12,0,6,0.0,2,0,2,7,1,4,6,0,0,0,0,S 5TH AVE,Chestnut St,-122.9112667,46.136280556,0,1,88,17,2,25,80,0,0,1,2,12,1,1,8,1,1,1,2,53,0,53,706,2001,0,,12,,,,,,1,1,56,1,7.0,,4,7,20,7,11,0,07/26/2020,14:55,101053034468.0,34468.0,0.0,0.0,3.0,2.0,1,0,,,,96,,,,,,98,,,,,,98832.0,53,68.0,220.0,1.0,1.0,0.0,3.0,0.0,0.0,,0,,,,,,3,07/15/2017,04/15/2018,20,8,0,0,0.0,9,8,,,0,,,8,8,8.0,95.0,,,96.0,,,8,95,995.0,,,,,,,,,,,,,,,,,,,,,,,,,,,,,,0,0,0,1,0,0,0,0,0,0,0,0,1,1,1,0,0,0,0,0,0,0,0,0,0,0,0,0,1,1,0,0,0,0,1,0.0,0,0,0,0,0,0,0,0,0,1,0,1,0,0,0,0,,,,,,56-60,56-65,City street,R,Sunday,,MC,White,1,0,0,0,City Street,Municipal/City Police,Kelso Police Department,0,0,0,1,0,,,,,,0.0,0.0,2.0,,,,,,,,,,,0.0,0.0,0.0,1.0,,,,,5.0,0.0,,,,,,,,1.0,0.0,,,,,,,98626