,year,case,par,repjur,crash_dt,crash_tm,accday,accmon,holiday,county,co_char,city,weather,weather2,lightcond,surfcond,surftype,numfatal,nmforms,pforms,vforms,not_tm,arr_tm,hosp_tm,fhevent,hitrun,manncol,milepnt,reljunc,reljuncinter,intersectiontype,funcsystem,landuse,ownership,route,schlbus,spejur,contdev,devfunc,trafid1,trafid2,x,y,wk_zone,vnumber,crashtype,criticalevent,criticaleventcat,spdlim,body,trailer,emerg,hazcargo,leave,mhevent,roadalgn,roadprof,traflane,trafflow,vehmanvr,numoccs,regowner,regstate,spuse,make,model,modelyr,vrf1,vrf2,seqevent1,seqevent2,seqevent3,seqevent4,seqevent5,seqevent6,pnumber,ptype,age,sex,hispanic,race,injury,diedscene,restraint,restraintmisuse,seatpos,takehosp,death_dt,death_tm,cert,cernum_wa,commlic,licendor,licrestrict,liccomp,drivpres,drf1,drf2,drf3,drf4,distract1,distract2,distract3,distract4,distract5,distract6,dricond1,dricond2,dricond3,dricond4,dricond5,dricond6,dzip,licstate,drhgt_in,weight,noncdl,noncdltype,prevdwi,prevoth,prevacc,prevspd,prevsus,driviol1,driviol2,driviol3,driviol4,driviol5,driviol6,spdrel,first_dt,last_dt,airbag,ejection,ejectpath,extricat,injurwrk,methalc,methdrug,nmlocat,strikveh,prf1,prf2,prf3,druginv,alcinvol,drugsts,drugres1,drugres2,drugres3,drugtst1,drugtst2,drugtst3,alcsts,alctst,alcres,nmact1,nmact2,nmact3,nmact4,nmact5,nmact6,nmprior1,nmprior2,nmprior3,nmprior4,nmprior5,nmprior6,nmcond1,nmcond2,nmcond3,nmcond4,nmcond5,nmcond6,nmsafe_helmet,nmsafe_pads,nmsafe_oth,nmprev_ref,nmprev_lgt,nmprev_oth,crashlocation,nmcrashtype,crosswalk,schoolzone,sidewalk,train_inv,wildlife_inv,rotr_fars,intersect_fars,dd_inv,aid_inv,dpd_inv,id_inv,mj_inv,impnm_inv,ainm_inv,dpnm_inv,speed_inv,unlic_inv,unendmc_inv,drowsy_inv,drdist_inv,nmdist_inv,fty_inv,unrestfat_inv,dr1617_inv,dr1820_inv,dr1620_inv,dr2125_inv,dr1625_inv,dr65_inv,dr70_inv,dr75_inv,mc_inv,pv_inv,ht_inv,ped_inv,bike_inv,unrest_fat,mc_fat,unhelmet_mc,pv_fat,ht_fat,ped_fat,bike_fat,dr_alc7,dr_alc8,dr_drug,dr_imp,dr_dist,dr_spd,dr_fty,dr_unlic,dr_alc7only,dr_alc8only,dr_drugonly,dr_drink,nm_imp,nm_alc7,nm_alc8,nm_drug,nm_dist,agegrp1,agegrp2,roadclass,urbrur,dayweek,restuse,vehtype,race_me,intersect,lanedep,oppdir,wrongway,rep_typ,investag,repag_long,rotr,st_rd,cty_rd,city_rd,oth_rd,drug_thc,thc_res,drug_cthc,cthc_res,drug_cann,prevpersemin,prevperse,prevsusoth,drugtst4,drugtst5,drugtst6,drugtst7,drugtst8,drugres4,drugres5,drugres6,drugres7,drugres8,adspresent,adsengaged,adslevel,race1,race2,race3,race4,race5,helmet,helmetmisuse,nmdistract1,nmdistract2,nmdistract3,nmdistract4,nmdistract5,nmdistract6,lab,isedtcase,crf1,crf2,crf3,CoRoadName,CoMP,IntCoRoadName,IntCoMP,zipcode
2704,2020,249,EA50368,158.0,07/26/2020,14:55,26,7,,15,Cowlitz,1010,1,,1,1,2,1,0,4,3,14:55,14:59,15:28,12,0,6,0.0,2,0,2,7,1,4,6,0,0,20,3,S 5TH AVE,Chestnut St,-122.9112667,46.136280556,0,2,89,66,4,25,5,0,0,1,2,12,1,1,8,1,4,2,1,53,0,37,39,2018,0,,12,68.0,64.0,14.0,,,1,1,26,2,0.0,,3,0,3,0,11,5,,,,,0.0,0.0,0.0,3.0,1,10,,,,0,,,,,,0,,,,,,98611.0,53,65.0,130.0,6.0,1.0,0.0,0.0,1.0,0.0,,0,,,,,,0,12/15/2018,12/15/2018,8,0,0,0,8.0,9,8,,,0,,,8,8,0.0,0.0,,,0.0,,,0,0,996.0,,,,,,,,,,,,,,,,,,,,,,,,,,,,,,0,0,0,1,0,0,0,0,0,0,0,0,1,1,1,0,0,0,0,0,0,0,0,0,0,0,0,0,1,1,0,0,0,0,0,,0,0,0,0,0,0,0,0,0,0,0,0,0,0,0,0,,,,,,26-30,26-35,City street,R,Sunday,Belt Used,PV,Not Fatal,1,0,0,0,City Street,Municipal/City Police,Kelso Police Department,0,0,0,1,0,,,,,,0.0,0.0,0.0,,,,,,,,,,,98.0,98.0,98.0,0.0,,,,,20.0,7.0,,,,,,,,1.0,0.0,,,,,,,98626
2705,2020,250,EA50954,297.0,07/24/2020,23:03,24,7,,33,King,2310,1,,3,1,2,1,0,2,2,,,,12,0,1,0.0,1,0,1,3,2,4,6,0,0,0,0,E MARGINAL WAY S,,-122.3072278,47.530708333,0,1,32,98,7,35,14,0,0,1,2,2,1,1,5,1,1,1,1,53,0,12,401,2017,0,,12,2.0,,,,,1,1,42,1,7.0,,4,7,3,0,11,0,07/24/2020,23:03,231053035084.0,35084.0,0.0,0.0,0.0,3.0,1,8,,,,96,,,,,,98,,,,,,98059.0,53,68.0,195.0,6.0,1.0,0.0,0.0,1.0,0.0,,0,,,,,,0,08/15/2019,08/15/2019,99,0,0,1,0.0,9,8,,,0,,,8,8,2.0,1.0,,,1.0,,,2,1,0.275,,,,,,,,,,,,,,,,,,,,,,,,,,,,,,0,0,0,0,1,1,0,1,0,0,0,0,0,0,0,0,0,0,0,0,0,0,0,0,0,0,0,0,0,1,0,0,0,0,0,,1,0,0,0,0,1,0,1,0,0,0,0,0,1,0,1,,,,,,41-45,36-45,City street,U,Friday,Belt Used,PV,AIAN,0,0,0,0,City Street,Municipal/City Police,Tukwila Police Department,0,0,0,1,0,,,,,,0.0,0.0,0.0,,,,,,,,,,,98.0,98.0,98.0,3.0,,,,,20.0,7.0,,,,,,,,1.0,0.0,,,,,,,98108
2706,2020,250,EA50954,297.0,07/24/2020,23:03,24,7,,33,King,2310,1,,3,1,2,1,0,2,2,,,,12,0,1,0.0,1,0,1,3,2,4,6,0,0,0,0,E MARGINAL WAY S,,-122.3072278,47.530708333,0,2,32,98,7,35,51,0,0,1,2,12,1,1,5,1,1,1,3,53,3,98,907,2010,0,,12,2.0,,,,,1,1,53,1,0.0,,0,0,99,7,11,0,,,,,6.0,1.0,1.0,3.0,1,0,,,,96,,,,,,0,,,,,,98058.0,53,73.0,205.0,6.0,1.0,0.0,0.0,0.0,0.0,,0,,,,,,0,,,20,0,0,0,8.0,9,8,,,0,,,8,8,8.0,95.0,,,96.0,,,8,95,995.0,,,,,,,,,,,,,,,,,,,,,,,,,,,,,,0,0,0,0,1,1,0,1,0,0,0,0,0,0,0,0,0,0,0,0,0,0,0,0,0,0,0,0,0,1,0,0,0,0,0,,0,0,0,0,0,0,0,0,0,0,0,0,0,0,0,0,,,,,,51-55,46-55,City street,U,Friday,,BUS,Not Fatal,0,0,0,0,City Street,Municipal/City Police,Tukwila Police Department,0,0,0,1,0,,,,,,0.0,0.0,0.0,,,,,,,,,,,98.0,98.0,98.0,0.0,,,,,20.0,7.0,,,,,,,,1.0,0.0,,,,,,,98108
2707,2020,251,EA51119,278.0,07/28/2020,19:47,28,7,,63,Spokane,2110,1,,1,1,2,1,0,4,2,19:48,19:52,20:10,12,0,6,0.0,2,0,2,4,2,4,6,0,0,3,3,N PERRY ST,E Indiana Ave,-117.3903556,47.674730556,0,1,68,15,2,30,20,0,0,1,2,12,1,1,4,1,11,3,1,53,0,7,442,2000,0,,12,,,,,,1,1,63,2,0.0,,0,0,3,0,11,0,,,,,0.0,0.0,3.0,2.0,1,0,,,,96,,,,,,9,,,,,,99217.0,53,67.0,109.0,1.0,1.0,0.0,5.0,0.0,0.0,,97,,,,,,0,03/15/2017,03/15/2020,8,0,0,0,8.0,3,8,,,0,,,1,8,2.0,996.0,401.0,417.0,1.0,1.0,1.0,2,1,0.0,,,,,,,,,,,,,,,,,,,,,,,,,,,,,,0,0,0,1,0,0,1,1,0,0,0,0,0,1,0,0,0,0,0,1,0,0,0,0,0,0,0,0,0,1,0,0,0,0,0,,0,0,0,0,0,0,1,1,0,0,0,1,0,0,1,0,,,,,,61-65,56-65,City street,U,Tuesday,Belt Used,PV,Not Fatal,1,0,0,0,City Street,Municipal/City Police,Spokane Police Department,0,0,0,1,0,,,,,,0.0,0.0,2.0,,,,,,,,,,,98.0,98.0,98.0,0.0,,,,,20.0,7.0,,,,,,,,1.0,0.0,,,,,,,99258
2708,2020,251,EA51119,278.0,07/28/2020,19:47,28,7,,63,Spokane,2110,1,,1,1,2,1,0,4,2,19:48,19:52,20:10,12,1,6,0.0,2,0,2,4,2,4,6,0,0,3,3,N PERRY ST,E Indiana Ave,-117.3903556,47.674730556,0,2,69,62,4,30,14,0,0,1,5,12,1,1,4,1,1,1,2,53,0,23,401,2005,0,,12,63.0,39.0,,,,1,1,30,1,0.0,,9,0,99,7,11,0,,,,,0.0,0.0,3.0,2.0,1,0,,,,96,,,,,,0,,,,,,99207.0,53,65.0,120.0,1.0,1.0,2.0,2.0,0.0,0.0,,97,,,,,,0,05/15/2015,12/15/2018,99,0,0,0,8.0,9,8,,,0,,,8,8,8.0,95.0,,,96.0,,,8,95,995.0,,,,,,,,,,,,,,,,,,,,,,,,,,,,,,0,0,0,1,0,0,1,1,0,0,0,0,0,1,0,0,0,0,0,1,0,0,0,0,0,0,0,0,0,1,0,0,0,0,0,,0,0,0,0,0,0,0,0,0,0,0,1,0,0,0,0,,,,,,26-30,26-35,City street,U,Tuesday,Unknown,PV,Not Fatal,1,0,0,0,City Street,Municipal/City Police,Spokane Police Department,0,0,0,1,0,,,,,,0.0,1.0,6.0,,,,,,,,,,,98.0,98.0,98.0,0.0,,,,,20.0,7.0,,,,,,,,1.0,0.0,,,,,,,99258
2709,2020,252,EA22336,59.0,03/06/2020,20:25,6,3,,33,King,109,10,,1,1,2,1,1,1,1,,,,8,0,0,0.0,3,0,2,4,2,4,6,0,0,2,3,156TH AVE NE,NE 13TH ST,-122.1324083,47.620988889,0,1,13,80,5,30,14,0,0,1,5,8,1,1,3,2,11,1,9,53,0,34,404,2017,0,,8,,,,,,1,1,31,2,0.0,,0,0,3,0,11,0,,,,,0.0,0.0,3.0,3.0,1,39,,,,10,,,,,,0,,,,,,98033.0,53,67.0,135.0,6.0,1.0,0.0,0.0,0.0,0.0,,97,,,,,,0,,,20,0,0,0,8.0,9,8,,,0,,,8,8,0.0,0.0,,,0.0,,,0,0,996.0,,,,,,,,,,,,,,,,,,,,,,,,,,,,,,0,0,0,1,0,0,0,0,0,0,0,0,0,0,0,0,1,0,0,0,0,0,0,0,0,0,0,0,0,1,0,1,0,0,0,,0,0,0,0,0,0,0,0,1,0,0,0,0,0,0,0,,,,,,31-35,26-35,City street,U,Friday,Belt Used,PV,Not Fatal,1,0,0,0,City Street,Municipal/City Police,Bellevue Police Department,0,0,0,1,0,,,,,,0.0,0.0,0.0,,,,,,,,,,,98.0,98.0,98.0,0.0,,,,,20.0,7.0,,,,,,,,0.0,0.0,,,,,,,98007
2710,2020,253,EA51244,262.0,07/29/2020,20:49,29,7,,33,King,1958,1,,3,1,2,1,0,1,1,,,,33,0,0,0.0,1,0,1,4,2,4,6,0,0,0,0,MILITARY RD S,,-122.2743417,47.443483333,0,1,1,13,2,35,80,0,0,1,2,59,3,2,3,5,14,1,2,53,0,53,706,2004,0,,63,33.0,59.0,38.0,,,1,1,29,1,6.0,,4,7,20,7,11,0,07/29/2020,20:49,195853035100.0,35100.0,0.0,0.0,3.0,2.0,1,0,,,,96,,,,,,98,,,,,,98168.0,53,65.0,175.0,6.0,1.0,0.0,1.0,1.0,0.0,,0,,,,,,4,03/15/2018,08/15/2019,20,8,0,0,0.0,9,8,,,0,,,8,8,2.0,1.0,,,1.0,,,2,1,0.279,,,,,,,,,,,,,,,,,,,,,,,,,,,,,,0,0,1,0,1,1,0,1,0,0,0,0,1,0,1,0,0,0,0,0,0,0,0,0,0,0,0,0,1,0,0,0,0,0,1,0.0,0,0,0,0,0,1,0,1,0,1,0,0,0,1,0,1,,,,,,26-30,26-35,City street,U,Wednesday,,MC,Hispanic,0,1,0,0,City Street,Municipal/City Police,SeaTac Police Department,1,0,0,1,0,,,,,,0.0,0.0,1.0,,,,,,,,,,,0.0,0.0,0.0,98.0,,,,,5.0,0.0,,,,,,,,1.0,0.0,,,,,,,98188
2711,2020,254,3842285,12.0,07/16/2020,5:28,16,7,,7,Chelan,0,1,,9,1,5,1,0,1,1,,,,1,0,0,9999.8,1,0,1,7,1,98,8,0,0,0,0,BISPING CANYON RD,,-120.3380389,47.763827778,0,1,1,13,2,98,14,0,0,1,2,1,2,2,8,8,14,1,1,53,0,20,401,1992,0,,63,1.0,,,,,1,1,77,1,7.0,,4,7,20,7,11,0,07/16/2020,5:28,53033021.0,33021.0,0.0,0.0,0.0,3.0,1,0,,,,92,,,,,,98,,,,,,98822.0,53,69.0,175.0,6.0,1.0,0.0,0.0,0.0,0.0,,0,,,,,,0,,,20,0,0,0,0.0,9,8,,,0,,,8,8,0.0,0.0,,,0.0,,,0,0,996.0,,,,,,,,,,,,,,,,,,,,,,,,,,,,,,0,0,1,0,0,0,0,0,0,0,0,0,0,0,0,0,1,0,0,1,0,0,0,0,0,1,1,1,0,1,0,0,0,1,0,,1,0,0,0,0,0,0,0,1,0,0,0,0,0,0,0,,,,,,76-80,76+,Other,R,Thursday,Not Used,PV,White,0,1,0,0,Other,County Sheriff,Chelan County Sheriff's Office,1,0,0,0,1,,,,,,0.0,0.0,0.0,,,,,,,,,,,0.0,0.0,0.0,1.0,,,,,20.0,7.0,,,,,,,,1.0,0.0,,,,,,,98811
2712,2020,255,3852084,263.0,07/18/2020,2:29,18,7,,33,King,1960,10,,3,1,2,1,0,1,4,,,,33,0,0,0.0,3,0,2,3,2,4,6,0,0,3,3,15TH AVE W,W GARFIELD ST,-122.3762222,47.633466667,0,1,6,12,2,30,2,0,0,1,2,2,2,1,6,2,11,1,1,49,0,32,52,2014,0,,68,64.0,33.0,24.0,1.0,2.0,1,1,34,1,7.0,,4,7,99,7,11,0,07/18/2020,2:29,196053034509.0,34509.0,0.0,0.0,0.0,3.0,1,0,,,,96,,,,,,98,,,,,,84096.0,49,67.0,180.0,6.0,1.0,0.0,0.0,98.0,2.0,,0,,,,,,3,08/15/2015,11/15/2016,99,0,0,0,0.0,9,8,,,0,,,8,8,2.0,1.0,,,1.0,,,2,1,0.258,,,,,,,,,,,,,,,,,,,,,,,,,,,,,,0,0,1,1,1,1,0,1,0,0,0,0,1,0,0,0,0,0,0,0,0,0,0,0,0,0,0,0,0,1,0,0,0,0,0,,1,0,0,0,0,1,0,1,0,1,0,0,0,1,0,1,,,,,,31-35,26-35,City street,U,Saturday,Unknown,PV,White,1,0,0,0,City Street,Municipal/City Police,Seattle Police Department,0,0,0,1,0,,,,,,0.0,0.0,0.0,,,,,,,,,,,98.0,98.0,98.0,1.0,,,,,20.0,7.0,,,,,,,,1.0,14.0,,,,,,,98119
2713,2020,256,EA51246,326.0,07/27/2020,9:41,27,7,,33,King,2565,1,,1,1,2,1,1,1,1,,,,9,0,0,0.0,2,0,3,5,2,4,6,0,0,0,0,NE 171ST ST,143rd Pl NE,-122.1480417,47.751680556,0,1,13,15,2,35,4,0,0,1,2,9,1,2,3,5,11,1,2,53,0,49,32,2004,0,,9,,,,,,1,1,18,1,0.0,,0,0,3,0,11,0,,,,,0.0,0.0,0.0,3.0,1,38,,,,96,,,,,,98,,,,,,98021.0,53,70.0,170.0,6.0,2.0,0.0,0.0,0.0,0.0,,97,,,,,,0,,,20,0,0,0,8.0,9,8,,,0,,,8,8,8.0,95.0,,,96.0,,,8,95,995.0,,,,,,,,,,,,,,,,,,,,,,,,,,,,,,0,0,0,1,0,0,0,0,0,0,0,0,0,0,0,0,0,0,1,0,0,1,1,0,1,0,0,0,0,1,0,0,1,0,0,,0,0,0,0,0,0,0,0,0,0,1,0,0,0,0,0,,,,,,18-20,16-25,City street,U,Monday,Belt Used,PV,Not Fatal,1,0,0,0,City Street,County Sheriff,Woodinville Police Department,0,0,0,1,0,,,,,,0.0,0.0,0.0,,,,,,,,,,,98.0,98.0,98.0,0.0,,,,,20.0,7.0,,,,,,,,1.0,0.0,,,,,,,98072
2714,2020,257,EA51298,24.0,07/23/2020,19:23,23,7,,31,Jefferson,0,1,,1,1,2,1,0,1,1,,,,1,0,0,4.3,1,0,1,6,1,2,4,0,0,0,0,CR-HASTINGS AVE W,,-122.8596694,48.104141667,0,1,98,6,1,40,20,0,0,1,2,1,3,1,2,1,14,1,2,53,0,41,441,2003,0,,63,69.0,67.0,1.0,,,1,1,37,8,6.0,,4,0,20,7,11,1,07/23/2020,20:23,196053034119.0,34119.0,0.0,0.0,0.0,2.0,1,58,,,,92,,,,,,98,,,,,,93022.0,6,67.0,130.0,3.0,1.0,0.0,0.0,0.0,0.0,,0,,,,,,3,,,20,1,6,0,0.0,9,8,,,0,,,8,1,2.0,605.0,151.0,,1.0,1.0,,2,1,0.227,,,,,,,,,,,,,,,,,,,,,,,,,,,,,,0,0,0,0,1,1,1,1,1,0,0,0,1,1,0,0,1,0,0,1,0,0,0,0,0,0,0,0,0,1,0,0,0,1,0,,1,0,0,0,0,1,1,1,1,1,0,1,0,0,0,1,,,,,,36-40,36-45,County road,R,Thursday,Not Used,PV,Hispanic,0,1,0,0,County Road,County Sheriff,Jefferson County Sheriff's Office,1,0,1,0,0,thc,0.58,,,,0.0,0.0,0.0,,,,,,,,,,,98.0,98.0,98.0,1.0,,,,,20.0,7.0,,,,,,,nms,1.0,0.0,,,HASTINGS AVE W,4.302,,,98368
2715,2020,258,EA51338,2.0,07/26/2020,3:40,26,7,,57,Skagit,0,1,,2,1,7,1,0,1,1,3:37,3:52,,42,0,0,4.3,1,0,1,6,1,2,4,0,0,0,0,CR-COLONY RD,,-122.3612944,48.587891667,0,1,6,12,2,35,80,0,0,1,2,42,2,1,2,1,14,1,5,53,0,53,706,2018,0,,68,64.0,42.0,,,,1,1,34,1,7.0,,4,7,20,7,11,0,07/26/2020,3:40,53034137.0,34137.0,0.0,0.0,0.0,0.0,1,8,,,,96,,,,,,9,,,,,,98226.0,53,69.0,210.0,0.0,0.0,0.0,0.0,0.0,1.0,,0,,,,,,3,02/15/2017,02/15/2017,20,8,0,0,0.0,9,8,,,0,,,1,9,2.0,401.0,417.0,128.0,1.0,1.0,1.0,2,1,0.0,,,,,,,,,,,,,,,,,,,,,,,,,,,,,,0,0,1,0,0,0,1,1,0,0,0,0,1,1,1,0,0,0,0,0,0,0,0,0,0,0,0,0,1,0,0,0,0,0,1,0.0,0,0,0,0,0,0,1,1,0,1,0,1,0,0,1,0,,,,,,31-35,26-35,County road,R,Sunday,,MC,White,0,1,0,0,County Road,State Patrol,Washington State Patrol,1,0,1,0,0,,,,,,0.0,0.0,0.0,1.0,1.0,,,,177.0,996.0,,,,0.0,0.0,0.0,1.0,,,,,19.0,0.0,,,,,,,,1.0,0.0,,,COLONY ROAD,4.31,,,98232
2716,2020,259,EA51565,7.0,07/14/2020,17:46,14,7,,33,King,1830,1,,1,1,1,1,0,1,1,,,,25,0,0,3.0,1,0,1,1,2,1,1,0,0,0,0,I-405,,-122.2050917,47.470991667,0,1,7,8,1,60,80,0,0,1,2,25,2,2,4,3,15,1,1,53,0,72,706,2013,0,,64,25.0,,,,,1,1,59,1,7.0,,4,7,20,7,11,0,07/14/2020,17:46,183053032543.0,32543.0,6.0,0.0,3.0,3.0,1,0,,,,96,,,,,,98,,,,,,98444.0,53,73.0,200.0,6.0,1.0,0.0,0.0,0.0,0.0,,0,,,,,,4,,,20,8,0,0,0.0,9,8,,,0,,,8,8,2.0,1.0,,,1.0,,,2,1,0.0,,,,,,,,,,,,,,,,,,,,,,,,,,,,,,0,0,0,0,0,0,0,0,0,0,0,0,1,0,0,0,0,0,0,0,0,0,0,0,0,0,0,0,1,0,0,0,0,0,1,0.0,0,0,0,0,0,0,0,0,0,1,0,0,0,0,0,0,,,,,,56-60,56-65,Interstate,U,Tuesday,,MC,White,0,1,0,0,State Route,State Patrol,Washington State Patrol,1,1,0,0,0,,,,,,0.0,0.0,0.0,,,,,,,,,,,0.0,0.0,0.0,1.0,,,,,5.0,0.0,,,,,,,,1.0,0.0,,,,,,,98057
2717,2020,260,EA51571,7.0,07/29/2020,21:42,29,7,,33,King,2310,1,,2,1,2,1,0,3,3,,,,24,1,0,1.1,1,0,1,3,2,1,3,0,0,0,0,SR-599,,-122.2827917,47.495041667,0,1,98,98,7,60,4,0,0,1,2,12,2,1,2,3,14,1,1,53,0,35,43,2018,0,,12,,,,,,1,1,23,1,0.0,,0,0,99,7,11,0,,,,,0.0,0.0,0.0,3.0,1,0,,,,96,,,,,,9,,,,,,98058.0,53,69.0,190.0,6.0,1.0,0.0,0.0,0.0,0.0,,12,,,,,,0,,,8,0,0,0,8.0,9,8,,,0,,,1,1,2.0,695.0,605.0,,1.0,1.0,,2,1,0.05,,,,,,,,,,,,,,,,,,,,,,,,,,,,,,0,0,0,0,1,0,1,1,1,0,0,0,1,0,1,0,0,0,0,0,0,0,0,1,1,0,0,0,1,1,0,0,0,0,0,,0,0,0,0,1,0,1,1,0,0,0,0,0,0,0,1,,,,,,21-25,16-25,State route,U,Wednesday,Unknown,PV,Not Fatal,0,1,0,0,State Route,State Patrol,Washington State Patrol,1,1,0,0,0,thc,13.0,carboxy-thc,56.0,,0.0,0.0,0.0,,,,,,,,,,,98.0,98.0,98.0,0.0,,,,,20.0,7.0,,,,,,,,1.0,0.0,,,,,,,98168
2718,2020,260,EA51571,7.0,07/29/2020,21:42,29,7,,33,King,2310,1,,2,1,2,1,0,3,3,,,,24,0,0,1.1,1,0,1,3,2,1,3,0,0,0,0,SR-599,,-122.2827917,47.495041667,0,2,7,9,1,60,80,0,0,1,2,24,2,1,2,3,14,1,1,53,0,76,706,2000,0,,64,24.0,69.0,12.0,12.0,,1,1,33,1,7.0,,4,7,20,7,11,0,07/29/2020,21:42,231053036133.0,36133.0,0.0,0.0,3.0,2.0,1,8,,,,96,,,,,,98,,,,,,98032.0,53,69.0,225.0,6.0,1.0,0.0,0.0,0.0,0.0,,0,,,,,,4,,,20,8,0,0,0.0,9,8,,,0,,,8,8,2.0,1.0,,,1.0,,,2,1,0.0,,,,,,,,,,,,,,,,,,,,,,,,,,,,,,0,0,0,0,1,0,1,1,1,0,0,0,1,0,1,0,0,0,0,0,0,0,0,1,1,0,0,0,1,1,0,0,0,0,1,0.0,0,0,0,0,0,0,0,0,0,1,0,0,0,0,0,0,,,,,,31-35,26-35,State route,U,Wednesday,,MC,API,0,1,0,0,State Route,State Patrol,Washington State Patrol,1,1,0,0,0,,,,,,0.0,0.0,0.0,,,,,,,,,,,0.0,0.0,0.0,48.0,,,,,5.0,0.0,,,,,,,,1.0,0.0,,,,,,,98168
2719,2020,260,EA51571,7.0,07/29/2020,21:42,29,7,,33,King,2310,1,,2,1,2,1,0,3,3,,,,24,1,0,1.1,1,0,1,3,2,1,3,0,0,0,0,SR-599,,-122.2827917,47.495041667,0,3,98,98,7,60,99,0,0,1,5,12,2,1,2,3,14,99,9,99,0,99,999,9999,0,,12,,,,,,1,1,999,9,0.0,,9,0,99,7,11,0,,,,,99.0,9.0,9.0,9.0,1,0,,,,96,,,,,,98,,,,,,99999.0,99,,999.0,9.0,9.0,99.0,99.0,99.0,99.0,,0,,,,,,0,,,99,0,0,0,8.0,9,8,,,0,,,8,8,0.0,0.0,,,0.0,,,0,0,996.0,,,,,,,,,,,,,,,,,,,,,,,,,,,,,,0,0,0,0,1,0,1,1,1,0,0,0,1,0,1,0,0,0,0,0,0,0,0,1,1,0,0,0,1,1,0,0,0,0,0,,0,0,0,0,0,0,0,0,0,0,0,0,0,0,0,0,,,,,,,,State route,U,Wednesday,,NR-U,Not Fatal,0,1,0,0,State Route,State Patrol,Washington State Patrol,1,1,0,0,0,,,,,,99.0,99.0,99.0,,,,,,,,,,,98.0,98.0,98.0,0.0,,,,,20.0,7.0,,,,,,,,1.0,0.0,,,,,,,98168
2720,2020,261,EA52048,5.0,07/02/2020,19:30,2,7,,41,Lewis,0,1,,5,99,2,1,0,1,1,,,,42,0,0,140.6,1,0,1,3,1,1,2,0,0,0,0,US-12,,-121.5403417,46.680141667,0,1,6,12,2,50,4,0,0,1,2,42,1,2,2,1,1,1,1,53,0,13,15,2009,0,,68,64.0,67.0,42.0,,,1,1,55,2,7.0,,4,7,20,7,11,0,07/02/2020,19:30,53035942.0,35942.0,0.0,0.0,3.0,3.0,1,0,,,,96,,,,,,98,,,,,,98908.0,53,64.0,122.0,6.0,1.0,0.0,0.0,0.0,1.0,,0,,,,,,0,05/15/2019,05/15/2019,1,0,0,0,0.0,9,8,,,0,,,8,8,8.0,95.0,,,96.0,,,8,95,995.0,,,,,,,,,,,,,,,,,,,,,,,,,,,,,,0,0,1,0,0,0,0,0,0,0,0,0,0,0,0,0,0,0,0,1,0,0,0,0,0,0,0,0,0,1,0,0,0,1,0,,1,0,0,0,0,0,0,0,0,0,0,0,0,0,0,0,,,,,,51-55,46-55,US highway,R,Thursday,Not Used,PV,White,0,1,0,0,State Route,State Patrol,Washington State Patrol,1,1,0,0,0,,,,,,0.0,0.0,0.0,,,,,,,,,,,98.0,98.0,98.0,1.0,,,,,20.0,7.0,,,,,,,,1.0,0.0,,,,,,,98352
2721,2020,262,EA52063,40.0,08/02/2020,21:28,2,8,,63,Spokane,0,1,,2,1,2,1,0,1,1,21:29,21:39,,11,0,0,4.2,1,0,1,5,1,2,4,0,0,0,0,CR-N ARGONNE RD,,-117.3037361,47.754261111,0,1,13,87,6,35,80,0,0,1,5,11,1,1,3,2,1,1,1,53,0,98,709,2000,0,,11,,,,,,1,1,69,1,7.0,,4,7,20,7,11,0,08/02/2020,22:03,53034496.0,34496.0,0.0,0.0,0.0,3.0,1,0,,,,96,,,,,,0,,,,,,99173.0,53,71.0,200.0,6.0,1.0,0.0,0.0,0.0,0.0,,0,,,,,,0,,,20,8,0,0,0.0,9,8,,,0,,,8,8,2.0,1.0,,,1.0,,,2,1,0.0,,,,,,,,,,,,,,,,,,,,,,,,,,,,,,0,1,0,0,0,0,0,0,0,0,0,0,0,0,0,0,0,0,0,0,0,0,0,0,0,1,0,0,1,0,0,0,0,0,1,0.0,0,0,0,0,0,0,0,0,0,0,0,0,0,0,0,0,,,,,,66-70,66-75,County road,R,Sunday,,MC,White,0,0,0,0,County Road,County Sheriff,Spokane County Sheriff's Office,0,0,1,0,0,,,,,,0.0,0.0,0.0,,,,,,,,,,,0.0,0.0,0.0,1.0,,,,,5.0,0.0,,,,,,,,1.0,0.0,,,ARGONNE RD,4.17,,,
2722,2020,263,EA52230,25.0,08/01/2020,0:06,1,8,,33,King,0,1,,2,1,2,1,1,2,1,0:06,0:17,,8,0,0,7.2,1,0,1,5,2,2,4,0,0,0,0,CR-83RD CENTRAL AVE S,,-122.2298472,47.358091667,0,1,13,80,5,35,6,0,0,1,2,8,1,1,4,1,1,2,2,53,0,35,49,2004,0,,8,,,,,,1,1,18,1,0.0,,0,0,20,7,11,0,,,,,0.0,0.0,0.0,0.0,1,10,,,,0,,,,,,0,,,,,,98057.0,53,78.0,175.0,0.0,0.0,0.0,0.0,0.0,0.0,,0,,,,,,0,,,1,0,0,0,8.0,3,2,,,0,,,8,8,0.0,0.0,,,0.0,,,0,0,996.0,,,,,,,,,,,,,,,,,,,,,,,,,,,,,,0,0,0,0,0,0,0,0,0,1,1,1,0,1,0,0,0,1,0,0,0,1,1,0,1,0,0,0,0,1,0,1,0,0,0,,0,0,0,0,0,0,0,0,0,0,0,1,0,0,0,0,,,,,,18-20,16-25,County road,U,Saturday,Not Used,PV,Not Fatal,0,0,0,0,County Road,County Sheriff,King County Police,0,0,1,0,0,,,,,,0.0,0.0,0.0,,,,,,,,,,,98.0,98.0,98.0,0.0,,,,,20.0,7.0,,,,,,,,1.0,0.0,,,CENTRAL AVE S,7.195,,,98030