,year,case,par,repjur,crash_dt,crash_tm,accday,accmon,holiday,county,co_char,city,weather,weather2,lightcond,surfcond,surftype,numfatal,nmforms,pforms,vforms,not_tm,arr_tm,hosp_tm,fhevent,hitrun,manncol,milepnt,reljunc,reljuncinter,intersectiontype,funcsystem,landuse,ownership,route,schlbus,spejur,contdev,devfunc,trafid1,trafid2,x,y,wk_zone,vnumber,crashtype,criticalevent,criticaleventcat,spdlim,body,trailer,emerg,hazcargo,leave,mhevent,roadalgn,roadprof,traflane,trafflow,vehmanvr,numoccs,regowner,regstate,spuse,make,model,modelyr,vrf1,vrf2,seqevent1,seqevent2,seqevent3,seqevent4,seqevent5,seqevent6,pnumber,ptype,age,sex,hispanic,race,injury,diedscene,restraint,restraintmisuse,seatpos,takehosp,death_dt,death_tm,cert,cernum_wa,commlic,licendor,licrestrict,liccomp,drivpres,drf1,drf2,drf3,drf4,distract1,distract2,distract3,distract4,distract5,distract6,dricond1,dricond2,dricond3,dricond4,dricond5,dricond6,dzip,licstate,drhgt_in,weight,noncdl,noncdltype,prevdwi,prevoth,prevacc,prevspd,prevsus,driviol1,driviol2,driviol3,driviol4,driviol5,driviol6,spdrel,first_dt,last_dt,airbag,ejection,ejectpath,extricat,injurwrk,methalc,methdrug,nmlocat,strikveh,prf1,prf2,prf3,druginv,alcinvol,drugsts,drugres1,drugres2,drugres3,drugtst1,drugtst2,drugtst3,alcsts,alctst,alcres,nmact1,nmact2,nmact3,nmact4,nmact5,nmact6,nmprior1,nmprior2,nmprior3,nmprior4,nmprior5,nmprior6,nmcond1,nmcond2,nmcond3,nmcond4,nmcond5,nmcond6,nmsafe_helmet,nmsafe_pads,nmsafe_oth,nmprev_ref,nmprev_lgt,nmprev_oth,crashlocation,nmcrashtype,crosswalk,schoolzone,sidewalk,train_inv,wildlife_inv,rotr_fars,intersect_fars,dd_inv,aid_inv,dpd_inv,id_inv,mj_inv,impnm_inv,ainm_inv,dpnm_inv,speed_inv,unlic_inv,unendmc_inv,drowsy_inv,drdist_inv,nmdist_inv,fty_inv,unrestfat_inv,dr1617_inv,dr1820_inv,dr1620_inv,dr2125_inv,dr1625_inv,dr65_inv,dr70_inv,dr75_inv,mc_inv,pv_inv,ht_inv,ped_inv,bike_inv,unrest_fat,mc_fat,unhelmet_mc,pv_fat,ht_fat,ped_fat,bike_fat,dr_alc7,dr_alc8,dr_drug,dr_imp,dr_dist,dr_spd,dr_fty,dr_unlic,dr_alc7only,dr_alc8only,dr_drugonly,dr_drink,nm_imp,nm_alc7,nm_alc8,nm_drug,nm_dist,agegrp1,agegrp2,roadclass,urbrur,dayweek,restuse,vehtype,race_me,intersect,lanedep,oppdir,wrongway,rep_typ,investag,repag_long,rotr,st_rd,cty_rd,city_rd,oth_rd,drug_thc,thc_res,drug_cthc,cthc_res,drug_cann,prevpersemin,prevperse,prevsusoth,drugtst4,drugtst5,drugtst6,drugtst7,drugtst8,drugres4,drugres5,drugres6,drugres7,drugres8,adspresent,adsengaged,adslevel,race1,race2,race3,race4,race5,helmet,helmetmisuse,nmdistract1,nmdistract2,nmdistract3,nmdistract4,nmdistract5,nmdistract6,lab,isedtcase,crf1,crf2,crf3,CoRoadName,CoMP,IntCoRoadName,IntCoMP,zipcode
2723,2020,264,EA52661,29.0,07/29/2020,13:35,29,7,,41,Lewis,0,1,,1,1,2,1,0,1,1,,,,1,0,0,1.1,1,0,1,3,1,2,4,0,0,0,0,CR-LABREE RD,,-122.9423,46.620808333,0,1,7,13,2,35,34,0,0,1,2,1,3,1,2,1,14,1,1,53,0,7,482,2001,0,,63,69.0,68.0,64.0,1.0,2.0,1,1,50,1,1.0,,4,7,20,7,11,0,07/29/2020,13:35,53036919.0,36919.0,6.0,0.0,0.0,3.0,1,58,,,,92,,,,,,98,,,,,,98532.0,53,62.0,160.0,6.0,1.0,0.0,0.0,0.0,0.0,,0,,,,,,0,,,99,0,0,0,0.0,9,8,,,0,,,8,8,2.0,1.0,,,1.0,,,2,1,0.0,,,,,,,,,,,,,,,,,,,,,,,,,,,,,,0,0,0,0,0,0,0,0,0,0,0,0,0,0,0,0,1,0,0,1,0,0,0,0,0,0,0,0,0,1,0,0,0,1,0,,1,0,0,0,0,0,0,0,1,0,0,0,0,0,0,0,,,,,,46-50,46-55,County road,R,Wednesday,Not Used,PV,Hispanic,0,1,0,0,County Road,County Sheriff,Lewis County Sheriff's Office,1,0,1,0,0,,,,,,0.0,0.0,0.0,,,,,,,,,,,98.0,98.0,98.0,1.0,,,,,20.0,7.0,,,,,,,,1.0,0.0,,,RICE RD,1.059,,,98565
2724,2020,265,EA52775,2.0,07/31/2020,17:05,31,7,,61,Snohomish,0,1,,1,1,2,1,0,7,1,17:21,17:28,17:48,52,0,0,209.5,1,0,1,1,1,1,1,0,0,0,0,I-5,,-122.2114083,48.199330556,0,1,7,8,1,70,14,0,0,1,2,1,1,1,3,3,15,7,2,53,0,7,402,1999,0,,64,52.0,1.0,,,,1,1,35,2,0.0,,2,0,3,0,11,5,,,,,0.0,0.0,0.0,0.0,1,58,,,,96,,,,,,0,,,,,,98229.0,53,65.0,191.0,0.0,0.0,0.0,0.0,0.0,0.0,,97,,,,,,0,,,1,0,0,0,8.0,3,8,,,0,,,8,8,0.0,0.0,,,0.0,,,0,0,996.0,,,,,,,,,,,,,,,,,,,,,,,,,,,,,,0,0,0,0,0,0,0,0,0,0,0,0,0,1,0,0,0,0,0,0,0,0,0,0,0,0,0,0,0,1,0,0,0,0,0,,0,0,0,0,0,0,0,0,0,0,0,1,0,0,0,0,,,,,,31-35,26-35,Interstate,R,Friday,Belt Used,PV,Not Fatal,0,1,0,0,State Route,State Patrol,Washington State Patrol,1,1,0,0,0,,,,,,0.0,0.0,0.0,,,,,,,,,,,0.0,0.0,0.0,0.0,,,,,20.0,7.0,,,,,,,,1.0,0.0,,,,,,,
2725,2020,266,EA52929,2.0,07/11/2020,22:19,11,7,,61,Snohomish,1360,10,,2,1,2,1,0,4,2,22:11,22:20,22:51,12,0,2,22.9,1,0,1,3,2,1,3,0,0,0,0,SR-522,,-122.0106389,47.846961111,0,1,52,54,3,60,6,0,0,1,2,12,4,1,2,3,14,1,1,53,0,48,38,2013,0,,12,,,,,,1,1,35,2,7.0,,4,7,3,0,11,0,07/11/2020,22:19,136053032097.0,32097.0,0.0,0.0,3.0,3.0,1,38,51.0,,,96,,,,,,98,,,,,,98802.0,53,64.0,140.0,6.0,1.0,0.0,1.0,0.0,0.0,,0,,,,,,0,06/15/2016,12/15/2017,8,0,0,0,0.0,9,8,,,0,,,8,8,2.0,334.0,,,1.0,,,2,1,0.287,,,,,,,,,,,,,,,,,,,,,,,,,,,,,,0,0,0,0,1,1,1,1,0,0,0,0,0,0,0,0,0,0,1,0,0,0,0,0,0,0,0,0,0,1,0,0,0,0,0,,1,0,0,0,0,1,1,1,0,0,1,0,0,0,0,1,,,,,,31-35,26-35,State route,U,Saturday,Belt Used,PV,Multiracial,0,0,0,1,State Route,State Patrol,Washington State Patrol,0,1,0,0,0,,,,,,0.0,0.0,1.0,,,,,,,,,,,98.0,98.0,98.0,201.0,204.0,,,,20.0,7.0,,,,,,,,1.0,0.0,,,,,,,98272
2726,2020,266,EA52929,2.0,07/11/2020,22:19,11,7,,61,Snohomish,1360,10,,2,1,2,1,0,4,2,22:11,22:20,22:51,12,0,2,22.9,1,0,1,3,2,1,3,0,0,0,0,SR-522,,-122.0106389,47.846961111,0,2,52,54,3,60,14,0,0,1,2,12,4,1,2,3,14,3,1,53,0,41,403,2016,0,,12,,,,,,1,1,35,1,0.0,,3,0,3,0,11,5,,,,,0.0,0.0,0.0,3.0,1,10,,,,0,,,,,,0,,,,,,98272.0,53,70.0,210.0,6.0,1.0,0.0,0.0,0.0,1.0,,0,,,,,,0,03/15/2019,03/15/2019,1,0,0,0,8.0,9,8,,,0,,,8,8,0.0,0.0,,,0.0,,,0,0,996.0,,,,,,,,,,,,,,,,,,,,,,,,,,,,,,0,0,0,0,1,1,1,1,0,0,0,0,0,0,0,0,0,0,1,0,0,0,0,0,0,0,0,0,0,1,0,0,0,0,0,,0,0,0,0,0,0,0,0,0,0,0,0,0,0,0,0,,,,,,31-35,26-35,State route,U,Saturday,Belt Used,PV,Not Fatal,0,0,0,1,State Route,State Patrol,Washington State Patrol,0,1,0,0,0,,,,,,0.0,0.0,0.0,,,,,,,,,,,98.0,98.0,98.0,0.0,,,,,20.0,7.0,,,,,,,,1.0,0.0,,,,,,,98272
2727,2020,267,EA53000,2.0,08/05/2020,12:09,5,8,,57,Skagit,0,1,,1,1,1,2,0,2,2,,,,12,0,2,50.8,1,0,1,2,2,1,3,0,0,0,0,SR-20,,-122.5137222,48.454508333,0,1,52,54,3,55,14,0,0,1,2,12,1,2,2,3,1,1,1,53,0,49,403,2015,0,,12,,,,,,1,1,76,1,7.0,,4,7,3,0,11,0,08/05/2020,12:09,5053036274.0,36274.0,0.0,0.0,3.0,3.0,1,51,,,,96,,,,,,9,,,,,,98277.0,53,74.0,300.0,6.0,1.0,0.0,0.0,0.0,0.0,,0,,,,,,0,,,8,0,0,0,0.0,9,1,,,0,,,1,8,2.0,996.0,996.0,996.0,1.0,1.0,1.0,2,1,0.0,,,,,,,,,,,,,,,,,,,,,,,,,,,,,,0,0,0,0,0,0,1,1,0,0,0,0,0,0,0,0,0,0,0,0,0,0,0,0,0,1,1,1,0,1,0,0,0,0,0,,1,0,0,0,0,0,1,1,0,0,0,0,0,0,1,0,,,,,,76-80,76+,State route,U,Wednesday,Belt Used,PV,White,0,0,0,1,State Route,State Patrol,Washington State Patrol,0,1,0,0,0,,,,,,0.0,0.0,0.0,1.0,1.0,,,,996.0,996.0,,,,98.0,98.0,98.0,1.0,,,,,20.0,7.0,,,,,,,,1.0,0.0,,,,,,,98273
2728,2020,267,EA53000,2.0,08/05/2020,12:09,5,8,,57,Skagit,0,1,,1,1,1,2,0,2,2,,,,12,0,2,50.8,1,0,1,2,2,1,3,0,0,0,0,SR-20,,-122.5137222,48.454508333,0,2,52,54,3,55,14,0,0,1,2,12,1,2,2,3,1,1,1,53,0,49,401,2000,0,,12,,,,,,1,1,62,2,7.0,,4,7,3,0,11,0,08/05/2020,12:09,5053036820.0,36820.0,0.0,0.0,3.0,3.0,1,0,,,,96,,,,,,0,,,,,,98273.0,53,64.0,116.0,6.0,1.0,0.0,0.0,1.0,0.0,,0,,,,,,0,08/15/2016,08/15/2016,1,0,0,0,0.0,9,8,,,0,,,8,8,2.0,1.0,,,1.0,,,2,1,0.0,,,,,,,,,,,,,,,,,,,,,,,,,,,,,,0,0,0,0,0,0,1,1,0,0,0,0,0,0,0,0,0,0,0,0,0,0,0,0,0,1,1,1,0,1,0,0,0,0,0,,1,0,0,0,0,0,0,0,0,0,0,0,0,0,0,0,,,,,,61-65,56-65,State route,U,Wednesday,Belt Used,PV,White,0,0,0,1,State Route,State Patrol,Washington State Patrol,0,1,0,0,0,,,,,,0.0,0.0,0.0,,,,,,,,,,,98.0,98.0,98.0,1.0,,,,,20.0,7.0,,,,,,,,1.0,0.0,,,,,,,98273
2729,2020,268,EA53023,25.0,08/04/2020,19:09,4,8,,33,King,0,1,,1,1,2,1,0,8,3,19:14,19:19,20:39,12,0,2,7.1,1,0,1,5,2,2,4,0,0,0,0,CR-KENT BLACK DIAMOND R,,-122.1245639,47.336816667,0,1,50,10,2,40,34,0,0,1,2,12,1,2,2,1,1,1,2,53,0,12,481,2002,0,,68,12.0,1.0,12.0,,,1,1,50,1,0.0,,2,0,3,0,11,5,,,,,0.0,0.0,0.0,3.0,1,28,58.0,,,96,,,,,,9,,,,,,98042.0,53,72.0,215.0,6.0,1.0,0.0,1.0,0.0,2.0,,1,,,,,,0,03/15/2018,05/15/2020,1,0,0,0,8.0,3,8,,,0,,,1,1,2.0,300.0,,,1.0,,,2,1,0.0,,,,,,,,,,,,,,,,,,,,,,,,,,,,,,0,0,0,0,1,0,1,1,0,0,0,0,0,1,0,0,0,0,0,0,0,1,1,0,1,0,0,0,0,1,0,0,0,0,0,,0,0,0,0,0,0,1,1,0,0,0,0,0,0,1,1,,,,,,46-50,46-55,County road,U,Tuesday,Belt Used,PV,Not Fatal,0,1,1,0,County Road,County Sheriff,King County Police,0,0,1,0,0,,,,,,0.0,0.0,0.0,,,,,,,,,,,98.0,98.0,98.0,0.0,,,,,20.0,7.0,,,,,,,,1.0,0.0,,,AUBURN-BLACK DIAMOND RD,7.123,,,98042
2730,2020,268,EA53023,25.0,08/04/2020,19:09,4,8,,33,King,0,1,,1,1,2,1,0,8,3,19:14,19:19,20:39,12,0,2,7.1,1,0,1,5,2,2,4,0,0,0,0,CR-KENT BLACK DIAMOND R,,-122.1245639,47.336816667,0,2,51,62,4,40,14,0,0,1,2,12,1,2,2,1,1,3,2,53,0,12,402,2008,0,,12,,,,,,1,1,20,1,0.0,,2,0,3,0,11,5,,,,,0.0,0.0,0.0,0.0,1,0,,,,96,,,,,,0,,,,,,98042.0,53,73.0,150.0,0.0,0.0,0.0,0.0,0.0,0.0,,0,,,,,,0,,,1,0,0,0,8.0,9,8,,,0,,,8,8,8.0,95.0,,,96.0,,,8,95,995.0,,,,,,,,,,,,,,,,,,,,,,,,,,,,,,0,0,0,0,1,0,1,1,0,0,0,0,0,1,0,0,0,0,0,0,0,1,1,0,1,0,0,0,0,1,0,0,0,0,0,,0,0,0,0,0,0,0,0,0,0,0,1,0,0,0,0,,,,,,18-20,16-25,County road,U,Tuesday,Belt Used,PV,Not Fatal,0,1,1,0,County Road,County Sheriff,King County Police,0,0,1,0,0,,,,,,0.0,0.0,0.0,,,,,,,,,,,98.0,98.0,98.0,0.0,,,,,20.0,7.0,,,,,,,,1.0,0.0,,,AUBURN-BLACK DIAMOND RD,7.123,,,98042
2731,2020,268,EA53023,25.0,08/04/2020,19:09,4,8,,33,King,0,1,,1,1,2,1,0,8,3,19:14,19:19,20:39,12,0,2,7.1,1,0,1,5,2,2,4,0,0,0,0,CR-KENT BLACK DIAMOND R,,-122.1245639,47.336816667,0,3,98,62,4,40,34,0,0,1,2,12,1,2,2,1,1,4,1,53,0,49,472,2015,0,,12,,,,,,1,1,32,1,0.0,,2,0,3,0,11,5,,,,,0.0,0.0,0.0,3.0,1,0,,,,96,,,,,,0,,,,,,98030.0,53,70.0,190.0,6.0,1.0,0.0,0.0,0.0,0.0,,0,,,,,,0,,,8,0,0,0,8.0,9,8,,,0,,,8,8,8.0,95.0,,,96.0,,,8,95,995.0,,,,,,,,,,,,,,,,,,,,,,,,,,,,,,0,0,0,0,1,0,1,1,0,0,0,0,0,1,0,0,0,0,0,0,0,1,1,0,1,0,0,0,0,1,0,0,0,0,0,,0,0,0,0,0,0,0,0,0,0,0,0,0,0,0,0,,,,,,31-35,26-35,County road,U,Tuesday,Belt Used,PV,Not Fatal,0,1,1,0,County Road,County Sheriff,King County Police,0,0,1,0,0,,,,,,0.0,0.0,0.0,,,,,,,,,,,98.0,98.0,98.0,0.0,,,,,20.0,7.0,,,,,,,,1.0,0.0,,,AUBURN-BLACK DIAMOND RD,7.123,,,98042
2732,2020,269,EA53654,2.0,07/26/2020,19:55,26,7,,29,Island,0,1,,1,1,2,1,0,2,2,19:42,19:49,20:06,12,0,2,10.0,1,0,1,5,1,2,4,0,0,0,0,CR-SW CAMANO DR,,-122.5166306,48.160327778,0,1,50,9,1,50,80,0,0,1,2,12,2,1,2,1,14,1,1,53,0,72,706,2019,0,,68,12.0,,,,,1,1,45,1,7.0,,4,0,20,7,11,1,07/26/2020,20:35,53035281.0,35281.0,0.0,0.0,0.0,3.0,1,28,,,,96,,,,,,9,,,,,,98282.0,53,75.0,235.0,6.0,1.0,0.0,0.0,0.0,1.0,,0,,,,,,4,01/15/2020,01/15/2020,20,8,0,0,0.0,1,8,,,0,,,0,1,2.0,1.0,,,1.0,,,2,1,0.421,,,,,,,,,,,,,,,,,,,,,,,,,,,,,,0,0,0,0,1,1,0,1,0,0,0,0,1,0,0,0,0,0,0,0,0,0,0,0,0,0,0,0,1,1,0,0,0,0,1,0.0,0,0,0,0,0,1,0,1,0,1,0,0,0,1,0,1,,,,,,41-45,36-45,County road,R,Sunday,,MC,White,0,1,1,0,County Road,State Patrol,Washington State Patrol,0,0,1,0,0,,,,,,0.0,0.0,0.0,,,,,,,,,,,0.0,0.0,0.0,1.0,,,,,5.0,0.0,,,,,,,,1.0,0.0,,,,,,,98282
2733,2020,269,EA53654,2.0,07/26/2020,19:55,26,7,,29,Island,0,1,,1,1,2,1,0,2,2,19:42,19:49,20:06,12,0,2,10.0,1,0,1,5,1,2,4,0,0,0,0,CR-SW CAMANO DR,,-122.5166306,48.160327778,0,2,51,62,4,50,20,0,0,1,2,12,3,1,2,1,14,1,1,53,0,7,442,2011,0,,12,,,,,,1,1,37,1,0.0,,1,0,3,0,11,0,,,,,0.0,0.0,0.0,3.0,1,0,,,,96,,,,,,0,,,,,,98282.0,53,74.0,190.0,6.0,1.0,0.0,0.0,0.0,0.0,,0,,,,,,0,,,1,0,0,0,8.0,3,8,,,0,,,8,8,2.0,1.0,,,1.0,,,2,1,0.0,,,,,,,,,,,,,,,,,,,,,,,,,,,,,,0,0,0,0,1,1,0,1,0,0,0,0,1,0,0,0,0,0,0,0,0,0,0,0,0,0,0,0,1,1,0,0,0,0,0,,0,0,0,0,0,0,0,0,0,0,0,0,0,0,0,0,,,,,,36-40,36-45,County road,R,Sunday,Belt Used,PV,Not Fatal,0,1,1,0,County Road,State Patrol,Washington State Patrol,0,0,1,0,0,,,,,,0.0,0.0,0.0,,,,,,,,,,,98.0,98.0,98.0,0.0,,,,,20.0,7.0,,,,,,,,1.0,0.0,,,,,,,98282
2734,2020,270,EA53712,5.0,08/03/2020,1:45,3,8,,41,Lewis,0,1,,2,1,2,1,0,4,2,1:43,1:58,,12,0,6,78.4,2,0,2,3,1,1,2,0,0,0,0,US-12,STOWELL RD,-122.6260667,46.531458333,0,1,98,21,2,55,61,0,0,1,2,12,2,2,2,1,12,3,3,53,0,7,881,2018,0,,12,,,,,,1,1,64,1,7.0,,4,7,3,0,11,0,08/03/2020,1:45,53036917.0,36917.0,6.0,9.0,3.0,3.0,1,48,,,,96,,,,,,98,,,,,,98922.0,53,72.0,320.0,6.0,1.0,0.0,0.0,2.0,0.0,,0,,,,,,0,01/15/2018,01/15/2020,8,0,0,0,0.0,9,8,,,0,,,8,8,2.0,1.0,,,1.0,,,2,1,0.0,,,,,,,,,,,,,,,,,,,,,,,,,,,,,,0,0,0,1,0,0,0,0,0,0,0,0,0,0,0,0,0,0,0,0,0,0,0,0,0,1,1,0,0,0,1,0,0,0,0,,0,1,0,0,0,0,0,0,0,0,0,0,0,0,0,0,,,,,,61-65,56-65,US highway,R,Monday,,MHTRUCK,White,1,0,0,0,State Route,State Patrol,Washington State Patrol,0,1,0,0,0,,,,,,0.0,0.0,0.0,,,,,,,,,,,98.0,98.0,98.0,1.0,,,,,20.0,7.0,,,,,,,,1.0,0.0,,,,,,,98582
2735,2020,270,EA53712,5.0,08/03/2020,1:45,3,8,,41,Lewis,0,1,,2,1,2,1,0,4,2,1:43,1:58,,12,0,6,78.4,2,0,2,3,1,1,2,0,0,0,0,US-12,STOWELL RD,-122.6260667,46.531458333,0,2,98,98,7,55,66,2,0,1,2,12,2,2,2,1,14,1,3,53,0,87,881,2019,0,,12,,,,,,1,1,70,1,0.0,,3,0,3,0,11,5,,,,,6.0,1.0,3.0,3.0,1,0,,,,96,,,,,,0,,,,,,98532.0,53,75.0,210.0,6.0,1.0,0.0,0.0,1.0,0.0,,0,,,,,,0,10/15/2018,10/15/2018,20,0,0,0,8.0,9,8,,,0,,,8,8,0.0,0.0,,,0.0,,,0,0,996.0,,,,,,,,,,,,,,,,,,,,,,,,,,,,,,0,0,0,1,0,0,0,0,0,0,0,0,0,0,0,0,0,0,0,0,0,0,0,0,0,1,1,0,0,0,1,0,0,0,0,,0,0,0,0,0,0,0,0,0,0,0,0,0,0,0,0,,,,,,66-70,66-75,US highway,R,Monday,,MHTRUCK,Not Fatal,1,0,0,0,State Route,State Patrol,Washington State Patrol,0,1,0,0,0,,,,,,0.0,0.0,0.0,,,,,,,,,,,98.0,98.0,98.0,0.0,,,,,20.0,7.0,,,,,,,,1.0,0.0,,,,,,,98582
2736,2020,271,EA53808,27.0,07/29/2020,16:00,29,7,,37,Kittitas,0,1,,1,1,4,1,0,2,1,22:28,23:23,,1,0,0,9999.9,1,0,1,98,1,64,8,0,0,0,0,FS RD 3111,,-120.9335028,47.0525,0,1,6,12,2,40,14,0,0,1,2,1,3,2,8,8,14,2,1,53,0,2,403,1997,0,,64,1.0,,,,,1,1,36,1,7.0,,4,7,20,7,11,0,07/30/2020,8:00,53035464.0,35464.0,0.0,0.0,0.0,3.0,1,0,,,,96,,,,,,98,,,,,,98926.0,53,71.0,145.0,6.0,1.0,0.0,0.0,1.0,0.0,,0,,,,,,0,05/15/2019,05/15/2019,20,1,9,0,0.0,9,8,,,0,,,8,8,8.0,95.0,,,96.0,,,8,95,995.0,,,,,,,,,,,,,,,,,,,,,,,,,,,,,,0,0,1,0,0,0,0,0,0,0,0,0,0,0,0,0,0,0,0,1,0,0,0,0,0,0,0,0,0,1,0,0,0,1,0,,1,0,0,0,0,0,0,0,0,0,0,0,0,0,0,0,,,,,,36-40,36-45,Other,R,Wednesday,Not Used,PV,White,0,1,0,0,Other,County Sheriff,Kittitas County Sheriff's Office,1,0,0,0,1,,,,,,0.0,0.0,0.0,,,,,,,,,,,0.0,0.0,0.0,1.0,,,,,20.0,7.0,,,,,,,,1.0,0.0,,,,,,,
2737,2020,272,EA53967,17.0,07/21/2020,15:30,21,7,,17,Douglas,0,1,,1,1,4,1,0,1,1,,,,1,0,0,1.0,1,0,1,7,1,2,4,0,0,0,0,CR-PENDALL RD,,-118.9986083,47.985258333,0,1,7,9,1,35,20,0,0,1,2,1,3,1,8,1,14,1,1,53,0,20,441,1997,0,,64,1.0,,,,,1,1,63,2,7.0,,4,7,20,7,11,0,07/21/2020,20:30,53034107.0,34107.0,0.0,0.0,3.0,3.0,1,0,,,,96,,,,,,98,,,,,,98072.0,53,66.0,120.0,6.0,1.0,0.0,0.0,0.0,0.0,,0,,,,,,4,,,8,1,9,0,0.0,9,8,,,0,,,8,8,2.0,695.0,605.0,,1.0,1.0,,2,1,0.317,,,,,,,,,,,,,,,,,,,,,,,,,,,,,,0,0,0,0,1,1,1,1,1,0,0,0,1,0,0,0,0,0,0,1,0,0,0,0,0,0,0,0,0,1,0,0,0,1,0,,1,0,0,0,0,1,1,1,0,1,0,0,0,0,0,1,,,,,,61-65,56-65,County road,R,Tuesday,Not Used,PV,White,0,1,0,0,County Road,County Sheriff,Douglas County Sheriff's Office,1,0,1,0,0,thc,4.1,carboxy-thc,18.0,,0.0,0.0,0.0,,,,,,,,,,,0.0,0.0,0.0,1.0,,,,,20.0,7.0,,,,,,,nms,1.0,0.0,,,SMITH LAKE RD,1.0,,,99116
2738,2020,274,EA54112,8.0,08/09/2020,2:43,9,8,,31,Jefferson,0,1,,2,1,2,1,1,1,1,2:43,2:51,,8,0,0,7.7,1,0,1,3,1,1,3,0,0,0,0,SR-104,,-122.7521667,47.893280556,0,1,13,80,5,60,15,0,0,1,2,8,1,1,2,1,1,1,1,53,0,23,422,2004,0,,8,,,,,,1,1,42,1,0.0,,0,0,3,0,11,0,,,,,0.0,0.0,0.0,3.0,1,0,,,,96,,,,,,0,,,,,,98188.0,53,72.0,160.0,6.0,1.0,0.0,0.0,0.0,1.0,,0,,,,,,0,11/15/2018,11/15/2018,20,0,0,0,8.0,3,8,,,0,,,8,8,0.0,0.0,,,0.0,,,0,0,996.0,,,,,,,,,,,,,,,,,,,,,,,,,,,,,,0,0,0,0,0,0,0,0,0,1,0,1,0,0,0,0,0,0,0,0,0,0,0,0,0,0,0,0,0,1,0,1,0,0,0,,0,0,0,0,0,0,0,0,0,0,0,0,0,0,0,0,,,,,,41-45,36-45,State route,R,Sunday,Belt Used,PV,Not Fatal,0,0,0,0,State Route,State Patrol,Washington State Patrol,0,1,0,0,0,,,,,,0.0,0.0,0.0,,,,,,,,,,,98.0,98.0,98.0,0.0,,,,,20.0,7.0,,,,,,,,1.0,0.0,,,,,,,
2739,2020,275,EA54212,35.0,08/10/2020,7:50,10,8,,53,Pierce,0,1,,1,1,2,1,0,1,1,7:51,7:59,,42,0,0,7.8,1,0,1,4,1,2,4,0,0,0,0,CR-SUMNER BUCKLEY HWY E,,-122.0472167,47.167572222,0,1,1,13,2,35,4,0,0,1,2,2,3,1,2,1,14,1,1,53,0,49,40,2003,0,,63,42.0,2.0,,,,1,1,30,2,7.0,,4,7,99,7,11,0,08/10/2020,7:50,53003285.0,3285.0,0.0,0.0,0.0,3.0,1,0,,,,96,,,,,,9,,,,,,98022.0,53,63.0,169.0,6.0,1.0,0.0,0.0,1.0,0.0,,12,,,,,,0,04/15/2020,04/15/2020,99,0,0,0,0.0,9,1,,,0,,,1,8,2.0,996.0,,,1.0,,,8,95,995.0,,,,,,,,,,,,,,,,,,,,,,,,,,,,,,0,0,1,0,0,0,1,1,0,0,0,0,0,0,0,0,0,0,0,0,0,0,0,0,0,0,0,0,0,1,0,0,0,0,0,,1,0,0,0,0,0,1,1,0,0,0,0,0,0,0,0,,,,,,26-30,26-35,County road,R,Monday,Unknown,PV,White,0,1,0,0,County Road,County Sheriff,Law Enforcement Support Agency,1,0,1,0,0,,,,,,0.0,0.0,0.0,,,,,,,,,,,98.0,98.0,98.0,1.0,,,,,20.0,7.0,,,,,,,,1.0,0.0,,,SUMNER-BUCKLEY HWY E,7.84,,,98321
2740,2020,276,EA54393,8.0,08/04/2020,17:28,4,8,,9,Clallam,0,1,,1,1,2,1,0,7,2,18:09,18:37,19:16,12,0,6,54.8,1,0,1,5,1,1,3,0,0,0,0,SR-112,,-123.6632528,48.118916667,0,1,66,10,2,55,14,0,0,1,2,12,1,1,2,1,15,6,2,53,0,20,403,2003,0,,68,12.0,,,,,1,1,44,1,0.0,,2,0,20,7,11,5,,,,,0.0,0.0,0.0,2.0,1,28,,,,96,,,,,,9,,,,,,98357.0,53,78.0,225.0,1.0,1.0,0.0,0.0,0.0,0.0,,3,,,,,,4,08/15/2015,08/15/2015,20,0,0,0,8.0,9,8,,,0,,,1,8,2.0,124.0,996.0,401.0,1.0,1.0,1.0,2,1,0.0,,,,,,,,,,,,,,,,,,,,,,,,,,,,,,0,0,0,0,0,0,1,1,0,0,0,0,1,1,0,0,0,0,0,1,0,0,0,0,0,1,0,0,0,1,0,0,0,0,0,,0,0,0,0,0,0,1,1,0,1,0,1,0,0,1,0,,,,,,41-45,36-45,State route,R,Tuesday,Not Used,PV,Not Fatal,0,1,1,0,State Route,State Patrol,Washington State Patrol,0,1,0,0,0,,,,,,0.0,0.0,1.0,1.0,,,,,417.0,,,,,98.0,98.0,98.0,0.0,,,,,20.0,7.0,,,,,,,,1.0,0.0,,,,,,,98363