,year,case,par,repjur,crash_dt,crash_tm,accday,accmon,holiday,county,co_char,city,weather,weather2,lightcond,surfcond,surftype,numfatal,nmforms,pforms,vforms,not_tm,arr_tm,hosp_tm,fhevent,hitrun,manncol,milepnt,reljunc,reljuncinter,intersectiontype,funcsystem,landuse,ownership,route,schlbus,spejur,contdev,devfunc,trafid1,trafid2,x,y,wk_zone,vnumber,crashtype,criticalevent,criticaleventcat,spdlim,body,trailer,emerg,hazcargo,leave,mhevent,roadalgn,roadprof,traflane,trafflow,vehmanvr,numoccs,regowner,regstate,spuse,make,model,modelyr,vrf1,vrf2,seqevent1,seqevent2,seqevent3,seqevent4,seqevent5,seqevent6,pnumber,ptype,age,sex,hispanic,race,injury,diedscene,restraint,restraintmisuse,seatpos,takehosp,death_dt,death_tm,cert,cernum_wa,commlic,licendor,licrestrict,liccomp,drivpres,drf1,drf2,drf3,drf4,distract1,distract2,distract3,distract4,distract5,distract6,dricond1,dricond2,dricond3,dricond4,dricond5,dricond6,dzip,licstate,drhgt_in,weight,noncdl,noncdltype,prevdwi,prevoth,prevacc,prevspd,prevsus,driviol1,driviol2,driviol3,driviol4,driviol5,driviol6,spdrel,first_dt,last_dt,airbag,ejection,ejectpath,extricat,injurwrk,methalc,methdrug,nmlocat,strikveh,prf1,prf2,prf3,druginv,alcinvol,drugsts,drugres1,drugres2,drugres3,drugtst1,drugtst2,drugtst3,alcsts,alctst,alcres,nmact1,nmact2,nmact3,nmact4,nmact5,nmact6,nmprior1,nmprior2,nmprior3,nmprior4,nmprior5,nmprior6,nmcond1,nmcond2,nmcond3,nmcond4,nmcond5,nmcond6,nmsafe_helmet,nmsafe_pads,nmsafe_oth,nmprev_ref,nmprev_lgt,nmprev_oth,crashlocation,nmcrashtype,crosswalk,schoolzone,sidewalk,train_inv,wildlife_inv,rotr_fars,intersect_fars,dd_inv,aid_inv,dpd_inv,id_inv,mj_inv,impnm_inv,ainm_inv,dpnm_inv,speed_inv,unlic_inv,unendmc_inv,drowsy_inv,drdist_inv,nmdist_inv,fty_inv,unrestfat_inv,dr1617_inv,dr1820_inv,dr1620_inv,dr2125_inv,dr1625_inv,dr65_inv,dr70_inv,dr75_inv,mc_inv,pv_inv,ht_inv,ped_inv,bike_inv,unrest_fat,mc_fat,unhelmet_mc,pv_fat,ht_fat,ped_fat,bike_fat,dr_alc7,dr_alc8,dr_drug,dr_imp,dr_dist,dr_spd,dr_fty,dr_unlic,dr_alc7only,dr_alc8only,dr_drugonly,dr_drink,nm_imp,nm_alc7,nm_alc8,nm_drug,nm_dist,agegrp1,agegrp2,roadclass,urbrur,dayweek,restuse,vehtype,race_me,intersect,lanedep,oppdir,wrongway,rep_typ,investag,repag_long,rotr,st_rd,cty_rd,city_rd,oth_rd,drug_thc,thc_res,drug_cthc,cthc_res,drug_cann,prevpersemin,prevperse,prevsusoth,drugtst4,drugtst5,drugtst6,drugtst7,drugtst8,drugres4,drugres5,drugres6,drugres7,drugres8,adspresent,adsengaged,adslevel,race1,race2,race3,race4,race5,helmet,helmetmisuse,nmdistract1,nmdistract2,nmdistract3,nmdistract4,nmdistract5,nmdistract6,lab,isedtcase,crf1,crf2,crf3,CoRoadName,CoMP,IntCoRoadName,IntCoMP,zipcode
2741,2020,276,EA54393,8.0,08/04/2020,17:28,4,8,,9,Clallam,0,1,,1,1,2,1,0,7,2,18:09,18:37,19:16,12,0,6,54.8,1,0,1,5,1,1,3,0,0,0,0,SR-112,,-123.6632528,48.118916667,0,2,66,62,4,55,15,0,0,1,2,12,1,1,2,1,1,1,1,53,0,12,422,1997,0,,12,,,,,,1,1,67,1,0.0,,2,0,3,0,11,8,,,,,0.0,0.0,0.0,3.0,1,0,,,,96,,,,,,0,,,,,,98363.0,53,78.0,270.0,6.0,1.0,0.0,0.0,0.0,0.0,,0,,,,,,0,,,20,0,0,0,8.0,9,8,,,0,,,8,8,8.0,95.0,,,96.0,,,8,95,995.0,,,,,,,,,,,,,,,,,,,,,,,,,,,,,,0,0,0,0,0,0,1,1,0,0,0,0,1,1,0,0,0,0,0,1,0,0,0,0,0,1,0,0,0,1,0,0,0,0,0,,0,0,0,0,0,0,0,0,0,0,0,0,0,0,0,0,,,,,,66-70,66-75,State route,R,Tuesday,Belt Used,PV,Not Fatal,0,1,1,0,State Route,State Patrol,Washington State Patrol,0,1,0,0,0,,,,,,0.0,0.0,0.0,,,,,,,,,,,0.0,0.0,0.0,0.0,,,,,20.0,7.0,,,,,,,,1.0,0.0,,,,,,,98363
2742,2020,277,EA54709,7.0,08/05/2020,18:43,5,8,,33,King,0,1,,1,1,2,1,0,1,1,,,,35,0,0,18.9,1,0,1,3,1,1,3,0,0,0,0,SR-169,,-122.0762833,47.453491667,0,1,7,6,1,50,15,0,0,1,2,1,2,1,2,1,6,1,1,53,0,42,421,2011,0,,68,64.0,35.0,52.0,1.0,,1,1,40,2,7.0,,4,7,20,7,11,0,08/05/2020,18:43,53036938.0,36938.0,0.0,0.0,0.0,3.0,1,0,,,,96,,,,,,98,,,,,,98038.0,53,66.0,150.0,6.0,1.0,0.0,0.0,0.0,0.0,,0,,,,,,4,,,8,1,9,0,0.0,9,8,,,0,,,8,8,2.0,996.0,334.0,,1.0,1.0,,2,1,0.286,,,,,,,,,,,,,,,,,,,,,,,,,,,,,,0,0,0,0,1,1,1,1,0,0,0,0,1,0,0,0,0,0,0,1,0,0,0,0,0,0,0,0,0,1,0,0,0,1,0,,1,0,0,0,0,1,1,1,0,1,0,0,0,0,0,1,,,,,,36-40,36-45,State route,R,Wednesday,Not Used,PV,White,0,1,0,0,State Route,State Patrol,Washington State Patrol,1,1,0,0,0,,,,,,0.0,0.0,0.0,,,,,,,,,,,98.0,98.0,98.0,1.0,,,,,20.0,7.0,,,,,,,,1.0,0.0,,,,,,,98038
2743,2020,278,EA55174,75.0,08/09/2020,16:28,9,8,,11,Clark,240,1,,1,1,2,1,0,6,2,16:34,16:49,17:38,12,0,2,9999.8,1,0,1,4,2,4,6,0,0,0,0,NW LAKE RD,,-122.4146806,45.606505556,0,1,50,10,2,35,5,0,0,1,2,12,4,2,2,1,14,1,1,53,0,41,50,2006,0,,68,12.0,,,,,1,1,43,1,7.0,,4,7,99,7,11,0,08/09/2020,16:40,24053037488.0,37488.0,0.0,0.0,0.0,3.0,1,28,,,,92,,,,,,98,,,,,,98682.0,53,72.0,250.0,6.0,1.0,0.0,0.0,0.0,0.0,,0,,,,,,0,,,8,0,0,0,0.0,9,8,,,0,,,8,8,2.0,1.0,,,1.0,,,2,1,0.267,,,,,,,,,,,,,,,,,,,,,,,,,,,,,,0,0,0,0,1,1,0,1,0,0,0,0,0,0,0,0,1,0,0,0,0,1,1,0,1,0,0,0,0,1,0,0,0,0,0,,1,0,0,0,0,1,0,1,1,0,0,0,0,1,0,1,,,,,,41-45,36-45,City street,U,Sunday,Unknown,PV,White,0,1,1,0,City Street,Municipal/City Police,Camas Police Department,0,0,0,1,0,,,,,,0.0,0.0,0.0,,,,,,,,,,,98.0,98.0,98.0,1.0,,,,,20.0,7.0,,,,,,,,1.0,0.0,,,,,,,98607
2744,2020,278,EA55174,75.0,08/09/2020,16:28,9,8,,11,Clark,240,1,,1,1,2,1,0,6,2,16:34,16:49,17:38,12,0,2,9999.8,1,0,1,4,2,4,6,0,0,0,0,NW LAKE RD,,-122.4146806,45.606505556,0,2,51,62,4,35,4,0,0,1,5,12,4,2,2,1,14,5,2,41,0,32,43,2017,0,,12,,,,,,1,1,18,1,0.0,,1,0,3,0,11,5,,,,,0.0,0.0,0.0,3.0,1,0,,,,96,,,,,,0,,,,,,95747.0,6,72.0,260.0,6.0,1.0,0.0,0.0,0.0,0.0,,0,,,,,,0,,,8,0,0,0,8.0,9,8,,,0,,,8,8,0.0,0.0,,,0.0,,,0,0,996.0,,,,,,,,,,,,,,,,,,,,,,,,,,,,,,0,0,0,0,1,1,0,1,0,0,0,0,0,0,0,0,1,0,0,0,0,1,1,0,1,0,0,0,0,1,0,0,0,0,0,,0,0,0,0,0,0,0,0,0,0,0,0,0,0,0,0,,,,,,18-20,16-25,City street,U,Sunday,Belt Used,PV,Not Fatal,0,1,1,0,City Street,Municipal/City Police,Camas Police Department,0,0,0,1,0,,,,,,0.0,0.0,0.0,,,,,,,,,,,98.0,98.0,98.0,0.0,,,,,20.0,7.0,,,,,,,,1.0,0.0,,,,,,,98607
2745,2020,279,EA55352,305.0,08/08/2020,20:25,8,8,,11,Clark,2370,1,,5,1,2,1,0,1,1,,,,59,0,0,6.1,1,0,1,4,2,1,3,0,0,0,0,SR-501,,-122.7593583,45.672922222,0,1,1,13,2,50,4,0,0,1,2,1,3,1,2,1,14,1,2,41,0,58,38,2006,0,,63,59.0,38.0,67.0,1.0,,1,1,29,1,7.0,,4,0,20,7,11,5,08/08/2020,23:18,237053037778.0,37778.0,0.0,0.0,0.0,2.0,1,0,,,,96,,,,,,9,,,,,,97055.0,41,68.0,160.0,1.0,1.0,0.0,1.0,0.0,5.0,,0,,,,,,3,04/15/2016,10/15/2020,1,0,0,0,0.0,9,8,,,0,,,8,1,2.0,348.0,695.0,605.0,1.0,1.0,1.0,2,1,0.188,,,,,,,,,,,,,,,,,,,,,,,,,,,,,,0,0,1,0,1,1,1,1,1,0,0,0,1,1,0,0,0,0,0,1,0,0,0,0,0,0,0,0,0,1,0,0,0,1,0,,1,0,0,0,0,1,1,1,0,1,0,1,0,0,0,1,,,,,,26-30,26-35,State route,U,Saturday,Not Used,PV,Multiracial,0,1,0,0,State Route,Municipal/City Police,Vancouver Police Department,1,1,0,0,0,thc,3.9,carboxy-thc,32.0,,0.0,0.0,5.0,,,,,,,,,,,98.0,98.0,98.0,202.0,201.0,,,,20.0,7.0,,,,,,,nms,1.0,0.0,,,,,,,98660
2746,2020,280,EA55626,278.0,08/15/2020,22:45,15,8,,63,Spokane,2110,1,,3,1,2,1,2,1,1,22:48,22:52,23:18,8,0,0,0.0,8,0,1,3,2,4,6,0,0,0,0,N MONROE ST,,-117.4266806,47.678883333,0,1,13,80,5,30,14,0,0,1,2,8,1,1,3,5,10,1,1,53,0,35,402,2008,0,,8,8.0,,,,,1,1,32,1,0.0,,0,0,99,7,11,0,,,,,0.0,0.0,0.0,3.0,1,0,,,,96,,,,,,9,,,,,,99224.0,53,74.0,170.0,6.0,1.0,0.0,0.0,0.0,0.0,,97,,,,,,0,,,20,0,0,0,8.0,1,8,,,0,,,8,1,2.0,1.0,,,1.0,,,2,1,0.17,,,,,,,,,,,,,,,,,,,,,,,,,,,,,,0,0,0,0,1,1,0,1,0,1,0,1,0,0,0,0,0,0,0,0,0,0,0,0,0,0,0,0,0,1,0,1,0,0,0,,0,0,0,0,0,1,0,1,0,0,0,0,0,1,0,1,,,,,,31-35,26-35,City street,U,Saturday,Unknown,PV,Not Fatal,0,0,0,0,City Street,Municipal/City Police,Spokane Police Department,0,0,0,1,0,,,,,,0.0,0.0,0.0,,,,,,,,,,,98.0,98.0,98.0,0.0,,,,,20.0,7.0,,,,,,,,1.0,0.0,,,,,,,99205
2747,2020,281,EA55669,146.0,08/15/2020,20:07,15,8,,77,Yakima,0,1,,1,1,2,1,0,3,2,20:21,21:00,21:28,12,0,6,12.7,1,0,1,6,1,2,4,0,3,0,0,CR-PROGRESSIVE RD,,-120.4454278,46.419113889,0,1,66,9,1,50,4,0,0,1,2,12,1,1,2,1,1,1,1,53,0,35,47,1999,0,,68,12.0,,,,,1,1,19,1,1.0,,4,0,3,0,11,1,08/15/2020,22:32,53039194.0,39194.0,0.0,0.0,0.0,0.0,1,0,,,,92,,,,,,98,,,,,,98902.0,53,,999.0,0.0,0.0,99.0,99.0,99.0,99.0,,0,,,,,,0,,,20,0,0,1,0.0,9,8,,,0,,,8,8,2.0,1.0,,,1.0,,,2,1,0.183,,,,,,,,,,,,,,,,,,,,,,,,,,,,,,0,0,0,0,1,1,0,1,0,0,0,0,0,1,0,0,1,0,0,0,0,1,1,0,1,0,0,0,0,1,0,0,0,0,0,,1,0,0,0,0,1,0,1,1,0,0,1,0,1,0,1,,,,,,18-20,16-25,County road,R,Saturday,Belt Used,PV,Hispanic,0,1,1,0,County Road,County Sheriff,Yakima County Sheriff's Office,0,0,1,0,0,,,,,,99.0,99.0,99.0,,,,,,,,,,,0.0,0.0,0.0,98.0,,,,,20.0,7.0,,,,,,,,1.0,0.0,,,PROGRESSIVE RD.,12.71,,,98951
2748,2020,281,EA55669,146.0,08/15/2020,20:07,15,8,,77,Yakima,0,1,,1,1,2,1,0,3,2,20:21,21:00,21:28,12,0,6,12.7,1,0,1,6,1,2,4,0,3,0,0,CR-PROGRESSIVE RD,,-120.4454278,46.419113889,0,2,66,54,3,50,2,0,0,1,2,12,1,1,2,1,1,2,2,53,0,37,31,1994,0,,12,,,,,,1,1,47,2,0.0,,1,0,99,7,11,5,,,,,0.0,0.0,0.0,3.0,1,0,,,,96,,,,,,0,,,,,,98951.0,53,68.0,195.0,6.0,1.0,0.0,0.0,0.0,0.0,,0,,,,,,0,,,1,0,0,0,8.0,9,8,,,0,,,8,8,8.0,95.0,,,96.0,,,8,95,995.0,,,,,,,,,,,,,,,,,,,,,,,,,,,,,,0,0,0,0,1,1,0,1,0,0,0,0,0,1,0,0,1,0,0,0,0,1,1,0,1,0,0,0,0,1,0,0,0,0,0,,0,0,0,0,0,0,0,0,0,0,0,0,0,0,0,0,,,,,,46-50,46-55,County road,R,Saturday,Unknown,PV,Not Fatal,0,1,1,0,County Road,County Sheriff,Yakima County Sheriff's Office,0,0,1,0,0,,,,,,0.0,0.0,0.0,,,,,,,,,,,0.0,0.0,0.0,0.0,,,,,20.0,7.0,,,,,,,,1.0,0.0,,,PROGRESSIVE RD.,12.71,,,98951
2749,2020,282,EA55984,8.0,07/30/2020,11:00,30,7,,35,Kitsap,0,1,,1,1,2,1,0,3,2,,,,12,0,6,0.3,2,1,2,4,2,1,3,0,0,20,3,SR-3 RAMP 003LX04848,SR-308,-122.6857167,47.701205556,0,1,88,17,2,98,34,0,0,1,2,12,1,2,1,6,4,2,2,53,0,7,482,2009,0,,12,,,,,,1,1,30,1,0.0,,0,0,3,0,11,0,,,,,0.0,0.0,0.0,3.0,1,38,,,,10,,,,,,98,,,,,,98446.0,53,73.0,220.0,6.0,1.0,0.0,0.0,1.0,0.0,,2,76.0,,,,,0,06/15/2017,06/15/2017,20,0,0,0,8.0,3,8,,,0,,,8,8,0.0,0.0,,,0.0,,,0,0,996.0,,,,,,,,,,,,,,,,,,,,,,,,,,,,,,0,0,0,1,0,0,1,1,0,0,0,0,0,0,0,0,1,0,1,0,0,0,0,0,0,1,1,0,0,1,0,0,0,0,0,,0,0,0,0,0,0,0,0,1,0,1,0,0,0,0,0,,,,,,26-30,26-35,State route,U,Thursday,Belt Used,PV,Not Fatal,1,0,0,0,State Route,State Patrol,Washington State Patrol,0,1,0,0,0,,,,,,0.0,0.0,0.0,,,,,,,,,,,98.0,98.0,98.0,0.0,,,,,20.0,7.0,,,,,,,,1.0,0.0,,,,,,,98383
2750,2020,282,EA55984,8.0,07/30/2020,11:00,30,7,,35,Kitsap,0,1,,1,1,2,1,0,3,2,,,,12,0,6,0.3,2,1,2,4,2,1,3,0,0,0,0,SR-3 RAMP 003LX04848,SR-308,-122.6857167,47.701205556,0,2,89,66,4,40,4,0,0,1,2,12,1,2,2,2,1,1,2,53,0,63,38,2016,0,,12,,,,,,1,1,72,2,7.0,,4,7,3,0,11,0,07/30/2020,11:00,53036159.0,36159.0,0.0,0.0,0.0,3.0,1,0,,,,96,,,,,,0,,,,,,98370.0,53,64.0,142.0,6.0,1.0,0.0,0.0,0.0,0.0,,0,,,,,,0,,,8,0,0,0,0.0,9,8,,,0,,,8,8,2.0,996.0,996.0,,1.0,1.0,,2,1,0.0,,,,,,,,,,,,,,,,,,,,,,,,,,,,,,0,0,0,1,0,0,1,1,0,0,0,0,0,0,0,0,1,0,1,0,0,0,0,0,0,1,1,0,0,1,0,0,0,0,0,,1,0,0,0,0,0,1,1,0,0,0,0,0,0,1,0,,,,,,71-75,66-75,State route,U,Thursday,Belt Used,PV,White,1,0,0,0,State Route,State Patrol,Washington State Patrol,0,1,0,0,0,,,,,,0.0,0.0,0.0,,,,,,,,,,,98.0,98.0,98.0,1.0,,,,,20.0,7.0,,,,,,,,1.0,0.0,,,,,,,98383
2751,2020,283,EA56221,6.0,08/15/2020,17:40,15,8,,37,Kittitas,0,1,,1,1,1,1,0,2,1,17:39,17:55,,1,0,0,60.1,1,0,1,1,1,1,1,0,0,0,0,I-90,,-121.3207306,47.318580556,0,1,98,13,2,65,14,0,0,1,2,1,4,1,2,2,14,2,2,53,0,52,401,2003,0,,63,69.0,1.0,,,,1,1,21,1,1.0,,4,0,20,7,11,5,08/15/2020,22:45,196053038281.0,38281.0,0.0,0.0,0.0,3.0,1,58,,,,92,,,,,,98,,,,,,98584.0,53,69.0,150.0,6.0,1.0,0.0,0.0,0.0,1.0,,0,,,,,,0,05/15/2020,05/15/2020,20,1,9,0,0.0,9,8,,,0,,,8,8,2.0,996.0,417.0,,1.0,1.0,,2,1,0.2,,,,,,,,,,,,,,,,,,,,,,,,,,,,,,0,0,0,0,1,1,1,1,0,0,0,0,0,0,0,0,1,0,0,1,0,0,0,1,1,0,0,0,0,1,0,0,0,1,0,,1,0,0,0,0,1,1,1,1,0,0,0,0,0,0,1,,,,,,21-25,16-25,Interstate,R,Saturday,Not Used,PV,Hispanic,0,0,0,0,State Route,State Patrol,Washington State Patrol,0,1,0,0,0,,,,,,0.0,0.0,0.0,,,,,,,,,,,98.0,98.0,98.0,98.0,,,,,20.0,7.0,,,,,,,,1.0,0.0,,,,,,,
2752,2020,284,EA56269,21.0,08/03/2020,11:17,3,8,,25,Grant,0,1,,1,1,7,1,0,3,3,,,,1,0,0,11.3,1,0,1,5,1,2,4,0,0,0,0,CR-ROAD U SE,,-119.0450889,47.064369444,0,1,98,51,3,55,80,0,0,1,2,12,1,2,2,1,1,1,1,53,0,72,706,1999,0,,1,12.0,68.0,12.0,,,1,1,55,1,7.0,,4,7,20,7,11,0,08/03/2020,11:17,53035529.0,35529.0,0.0,0.0,0.0,3.0,1,0,,,,96,,,,,,98,,,,,,99337.0,53,71.0,161.0,6.0,1.0,0.0,0.0,0.0,0.0,,0,,,,,,4,,,20,8,0,0,0.0,9,8,,,0,,,8,8,0.0,0.0,,,0.0,,,0,0,996.0,,,,,,,,,,,,,,,,,,,,,,,,,,,,,,0,0,0,0,0,0,0,0,0,0,0,0,1,0,0,0,0,0,0,0,0,0,0,0,0,0,0,0,1,0,1,0,0,0,1,0.0,0,0,0,0,0,0,0,0,0,1,0,0,0,0,0,0,,,,,,51-55,46-55,County road,R,Monday,,MC,Multiracial,0,0,0,0,County Road,County Sheriff,Grant County Sheriff's Office,0,0,1,0,0,,,,,,0.0,0.0,0.0,,,,,,,,,,,0.0,0.0,0.0,203.0,201.0,,,,5.0,0.0,,,,,,,,1.0,0.0,,,U SE,11.26,,,98857
2753,2020,284,EA56269,21.0,08/03/2020,11:17,3,8,,25,Grant,0,1,,1,1,7,1,0,3,3,,,,1,0,0,11.3,1,0,1,5,1,2,4,0,0,0,0,CR-ROAD U SE,,-119.0450889,47.064369444,0,2,98,53,3,55,66,1,0,1,5,12,1,2,2,1,1,1,3,53,0,87,881,2003,0,,12,,,,,,1,1,38,1,0.0,,0,0,3,0,11,0,,,,,8.0,2.0,0.0,2.0,1,0,,,,96,,,,,,0,,,,,,98837.0,53,62.0,149.0,6.0,1.0,0.0,7.0,2.0,1.0,,0,,,,,,0,12/15/2016,12/15/2019,20,0,0,0,8.0,9,8,,,0,,,8,8,8.0,95.0,,,96.0,,,8,95,995.0,,,,,,,,,,,,,,,,,,,,,,,,,,,,,,0,0,0,0,0,0,0,0,0,0,0,0,1,0,0,0,0,0,0,0,0,0,0,0,0,0,0,0,1,0,1,0,0,0,0,,0,0,0,0,0,0,0,0,0,0,0,0,0,0,0,0,,,,,,36-40,36-45,County road,R,Monday,,MHTRUCK,Not Fatal,0,0,0,0,County Road,County Sheriff,Grant County Sheriff's Office,0,0,1,0,0,,,,,,0.0,0.0,2.0,,,,,,,,,,,98.0,98.0,98.0,0.0,,,,,20.0,7.0,,,,,,,,1.0,0.0,,,U SE,11.26,,,98857
2754,2020,284,EA56269,21.0,08/03/2020,11:17,3,8,,25,Grant,0,1,,1,1,7,1,0,3,3,,,,1,0,0,11.3,1,0,1,5,1,2,4,0,0,0,0,CR-ROAD U SE,,-119.0450889,47.064369444,0,3,98,98,7,55,60,0,0,1,2,12,1,2,2,1,1,1,3,53,0,82,881,2007,0,,12,,,,,,1,1,55,1,0.0,,0,0,3,0,11,0,,,,,0.0,0.0,3.0,3.0,1,0,,,,96,,,,,,0,,,,,,98837.0,53,75.0,300.0,6.0,1.0,0.0,0.0,0.0,0.0,,0,,,,,,0,,,20,0,0,0,8.0,9,8,,,0,,,8,8,8.0,95.0,,,96.0,,,8,95,995.0,,,,,,,,,,,,,,,,,,,,,,,,,,,,,,0,0,0,0,0,0,0,0,0,0,0,0,1,0,0,0,0,0,0,0,0,0,0,0,0,0,0,0,1,0,1,0,0,0,0,,0,0,0,0,0,0,0,0,0,0,0,0,0,0,0,0,,,,,,51-55,46-55,County road,R,Monday,,MHTRUCK,Not Fatal,0,0,0,0,County Road,County Sheriff,Grant County Sheriff's Office,0,0,1,0,0,,,,,,0.0,0.0,0.0,,,,,,,,,,,98.0,98.0,98.0,0.0,,,,,20.0,7.0,,,,,,,,1.0,0.0,,,U SE,11.26,,,98857
2755,2020,285,EA56288,5.0,08/09/2020,14:07,9,8,,41,Lewis,0,1,,1,1,2,1,0,2,2,14:09,14:31,,12,0,2,21.3,1,0,1,5,1,1,3,0,0,0,0,SR-508,,-122.4740806,46.605516667,0,1,50,10,2,50,80,0,0,1,2,12,2,2,2,1,14,1,1,53,0,37,705,2007,0,,68,12.0,,,,,1,1,33,1,7.0,,4,7,20,7,11,0,08/09/2020,14:07,53037076.0,37076.0,0.0,0.0,0.0,3.0,1,28,,,,96,,,,,,98,,,,,,98503.0,53,69.0,160.0,6.0,1.0,0.0,0.0,1.0,0.0,,0,,,,,,0,10/15/2017,10/15/2017,20,8,0,0,0.0,9,8,,,0,,,8,8,2.0,1.0,,,1.0,,,2,1,0.0,,,,,,,,,,,,,,,,,,,,,,,,,,,,,,0,0,0,0,0,0,0,0,0,0,0,0,0,1,0,0,0,0,0,0,0,0,0,0,0,0,0,0,1,1,0,0,0,0,1,0.0,0,0,0,0,0,0,0,0,0,0,0,0,0,0,0,0,,,,,,31-35,26-35,State route,R,Sunday,,MC,White,0,1,1,0,State Route,State Patrol,Washington State Patrol,0,1,0,0,0,,,,,,0.0,0.0,0.0,,,,,,,,,,,0.0,0.0,0.0,1.0,,,,,5.0,0.0,,,,,,,,1.0,0.0,,,,,,,98533
2756,2020,285,EA56288,5.0,08/09/2020,14:07,9,8,,41,Lewis,0,1,,1,1,2,1,0,2,2,14:09,14:31,,12,0,2,21.3,1,0,1,5,1,1,3,0,0,0,0,SR-508,,-122.4740806,46.605516667,0,2,51,62,4,55,14,0,0,1,2,12,3,2,2,1,14,1,2,53,0,12,402,2010,0,,12,,,,,,1,1,49,2,0.0,,0,0,3,0,11,0,,,,,0.0,0.0,0.0,0.0,1,0,,,,96,,,,,,0,,,,,,98564.0,53,62.0,140.0,0.0,0.0,0.0,0.0,0.0,0.0,,97,,,,,,0,,,1,0,0,0,8.0,9,8,,,0,,,8,8,2.0,1.0,,,1.0,,,2,1,0.0,,,,,,,,,,,,,,,,,,,,,,,,,,,,,,0,0,0,0,0,0,0,0,0,0,0,0,0,1,0,0,0,0,0,0,0,0,0,0,0,0,0,0,1,1,0,0,0,0,0,,0,0,0,0,0,0,0,0,0,0,0,1,0,0,0,0,,,,,,46-50,46-55,State route,R,Sunday,Belt Used,PV,Not Fatal,0,1,1,0,State Route,State Patrol,Washington State Patrol,0,1,0,0,0,,,,,,0.0,0.0,0.0,,,,,,,,,,,98.0,98.0,98.0,0.0,,,,,20.0,7.0,,,,,,,,1.0,0.0,,,,,,,98533
2757,2020,286,EA56516,6.0,07/22/2020,20:40,22,7,,25,Grant,0,1,,2,1,2,1,0,2,2,,,,12,0,8,33.9,1,0,1,3,1,1,3,0,0,0,0,SR-17,,-119.1192778,46.993375,0,1,66,10,2,60,34,0,0,1,2,12,2,2,2,1,14,1,1,53,0,35,471,1993,0,,68,12.0,,,,,1,1,51,1,1.0,,4,0,3,0,11,5,08/04/2020,6:10,211053039507.0,39507.0,0.0,0.0,0.0,3.0,1,28,58.0,,,96,,,,,,98,,,,,,99344.0,53,66.0,130.0,6.0,1.0,0.0,0.0,0.0,0.0,,0,,,,,,0,,,20,0,0,0,0.0,9,8,,,0,,,8,8,8.0,95.0,,,96.0,,,2,95,997.0,,,,,,,,,,,,,,,,,,,,,,,,,,,,,,0,0,0,0,0,0,0,0,0,0,0,0,0,0,0,0,0,0,0,0,0,0,0,0,0,0,0,0,0,1,1,0,0,0,0,,1,0,0,0,0,0,0,0,0,0,0,0,0,0,0,0,,,,,,51-55,46-55,State route,R,Wednesday,Belt Used,PV,Hispanic,0,0,0,1,State Route,State Patrol,Washington State Patrol,0,1,0,0,0,,,,,,0.0,0.0,0.0,,,,,,,,,,,0.0,0.0,0.0,98.0,,,,,20.0,7.0,,,,,,,,1.0,0.0,,,,,,,98857
2758,2020,286,EA56516,6.0,07/22/2020,20:40,22,7,,25,Grant,0,1,,2,1,2,1,0,2,2,,,,12,0,8,33.9,1,0,1,3,1,1,3,0,0,0,0,SR-17,,-119.1192778,46.993375,0,2,66,62,4,60,66,1,0,1,2,12,3,2,2,1,14,1,3,53,0,85,881,2007,0,,12,,,,,,1,1,29,1,0.0,,0,0,3,0,11,0,,,,,6.0,1.0,0.0,3.0,1,0,,,,96,,,,,,0,,,,,,99301.0,53,72.0,200.0,6.0,1.0,0.0,1.0,0.0,1.0,,0,,,,,,0,06/15/2018,06/15/2018,20,0,0,0,8.0,9,8,,,0,,,8,8,8.0,95.0,,,96.0,,,8,95,995.0,,,,,,,,,,,,,,,,,,,,,,,,,,,,,,0,0,0,0,0,0,0,0,0,0,0,0,0,0,0,0,0,0,0,0,0,0,0,0,0,0,0,0,0,1,1,0,0,0,0,,0,0,0,0,0,0,0,0,0,0,0,0,0,0,0,0,,,,,,26-30,26-35,State route,R,Wednesday,,MHTRUCK,Not Fatal,0,0,0,1,State Route,State Patrol,Washington State Patrol,0,1,0,0,0,,,,,,0.0,0.0,0.0,,,,,,,,,,,98.0,98.0,98.0,0.0,,,,,20.0,7.0,,,,,,,,1.0,0.0,,,,,,,98857
2759,2020,287,EA56550,40.0,08/17/2020,20:32,17,8,,63,Spokane,0,1,,2,1,2,1,0,2,2,20:33,20:48,21:19,12,0,1,1.9,1,0,1,6,1,2,4,0,0,0,0,CR-W RUTTER PKWY,,-117.5072639,47.772891667,0,1,24,51,3,45,6,0,0,1,2,12,1,1,2,1,1,1,2,53,0,48,45,2019,0,,12,2.0,,,,,1,1,23,1,0.0,,1,0,99,7,11,5,,,,,0.0,0.0,3.0,2.0,1,0,,,,92,,,,,,9,,,,,,99212.0,53,73.0,200.0,1.0,1.0,1.0,1.0,0.0,1.0,,97,,,,,,3,03/15/2018,04/15/2020,99,0,0,0,8.0,9,8,,,0,,,8,1,2.0,605.0,,,1.0,,,2,1,0.2,,,,,,,,,,,,,,,,,,,,,,,,,,,,,,0,0,0,0,1,1,1,1,1,0,0,0,1,1,0,0,1,0,0,0,0,0,0,1,1,0,0,0,0,1,0,0,0,0,0,,0,0,0,0,0,1,1,1,1,1,0,1,0,0,0,1,,,,,,21-25,16-25,County road,R,Monday,Unknown,PV,Not Fatal,0,0,0,0,County Road,County Sheriff,Spokane County Sheriff's Office,0,0,1,0,0,thc,1.1,,,,0.0,1.0,3.0,,,,,,,,,,,98.0,98.0,98.0,0.0,,,,,20.0,7.0,,,,,,,,1.0,0.0,,,RUTTER PARKWAY,1.889,,,99208