,year,case,par,repjur,crash_dt,crash_tm,accday,accmon,holiday,county,co_char,city,weather,weather2,lightcond,surfcond,surftype,numfatal,nmforms,pforms,vforms,not_tm,arr_tm,hosp_tm,fhevent,hitrun,manncol,milepnt,reljunc,reljuncinter,intersectiontype,funcsystem,landuse,ownership,route,schlbus,spejur,contdev,devfunc,trafid1,trafid2,x,y,wk_zone,vnumber,crashtype,criticalevent,criticaleventcat,spdlim,body,trailer,emerg,hazcargo,leave,mhevent,roadalgn,roadprof,traflane,trafflow,vehmanvr,numoccs,regowner,regstate,spuse,make,model,modelyr,vrf1,vrf2,seqevent1,seqevent2,seqevent3,seqevent4,seqevent5,seqevent6,pnumber,ptype,age,sex,hispanic,race,injury,diedscene,restraint,restraintmisuse,seatpos,takehosp,death_dt,death_tm,cert,cernum_wa,commlic,licendor,licrestrict,liccomp,drivpres,drf1,drf2,drf3,drf4,distract1,distract2,distract3,distract4,distract5,distract6,dricond1,dricond2,dricond3,dricond4,dricond5,dricond6,dzip,licstate,drhgt_in,weight,noncdl,noncdltype,prevdwi,prevoth,prevacc,prevspd,prevsus,driviol1,driviol2,driviol3,driviol4,driviol5,driviol6,spdrel,first_dt,last_dt,airbag,ejection,ejectpath,extricat,injurwrk,methalc,methdrug,nmlocat,strikveh,prf1,prf2,prf3,druginv,alcinvol,drugsts,drugres1,drugres2,drugres3,drugtst1,drugtst2,drugtst3,alcsts,alctst,alcres,nmact1,nmact2,nmact3,nmact4,nmact5,nmact6,nmprior1,nmprior2,nmprior3,nmprior4,nmprior5,nmprior6,nmcond1,nmcond2,nmcond3,nmcond4,nmcond5,nmcond6,nmsafe_helmet,nmsafe_pads,nmsafe_oth,nmprev_ref,nmprev_lgt,nmprev_oth,crashlocation,nmcrashtype,crosswalk,schoolzone,sidewalk,train_inv,wildlife_inv,rotr_fars,intersect_fars,dd_inv,aid_inv,dpd_inv,id_inv,mj_inv,impnm_inv,ainm_inv,dpnm_inv,speed_inv,unlic_inv,unendmc_inv,drowsy_inv,drdist_inv,nmdist_inv,fty_inv,unrestfat_inv,dr1617_inv,dr1820_inv,dr1620_inv,dr2125_inv,dr1625_inv,dr65_inv,dr70_inv,dr75_inv,mc_inv,pv_inv,ht_inv,ped_inv,bike_inv,unrest_fat,mc_fat,unhelmet_mc,pv_fat,ht_fat,ped_fat,bike_fat,dr_alc7,dr_alc8,dr_drug,dr_imp,dr_dist,dr_spd,dr_fty,dr_unlic,dr_alc7only,dr_alc8only,dr_drugonly,dr_drink,nm_imp,nm_alc7,nm_alc8,nm_drug,nm_dist,agegrp1,agegrp2,roadclass,urbrur,dayweek,restuse,vehtype,race_me,intersect,lanedep,oppdir,wrongway,rep_typ,investag,repag_long,rotr,st_rd,cty_rd,city_rd,oth_rd,drug_thc,thc_res,drug_cthc,cthc_res,drug_cann,prevpersemin,prevperse,prevsusoth,drugtst4,drugtst5,drugtst6,drugtst7,drugtst8,drugres4,drugres5,drugres6,drugres7,drugres8,adspresent,adsengaged,adslevel,race1,race2,race3,race4,race5,helmet,helmetmisuse,nmdistract1,nmdistract2,nmdistract3,nmdistract4,nmdistract5,nmdistract6,lab,isedtcase,crf1,crf2,crf3,CoRoadName,CoMP,IntCoRoadName,IntCoMP,zipcode
2797,2020,312,EA59884,6.0,08/26/2020,13:18,26,8,,7,Chelan,0,1,,1,1,2,1,0,5,2,13:19,13:29,14:06,12,0,1,106.0,1,0,1,2,1,1,2,0,0,0,0,US-2,,-120.5641778,47.541230556,0,2,25,53,3,60,92,0,0,1,2,12,1,1,2,3,1,1,0,53,0,98,998,2010,0,,12,,,,,,1,1,59,1,1.0,,4,7,20,7,11,0,08/26/2020,13:18,53039765.0,39765.0,0.0,0.0,0.0,1.0,1,0,,,,96,,,,,,0,,,,,,98801.0,53,69.0,185.0,6.0,1.0,0.0,1.0,1.0,0.0,,0,,,,,,0,06/15/2019,06/15/2019,20,1,9,0,1.0,9,8,,,0,,,8,8,2.0,1.0,,,1.0,,,2,1,0.0,,,,,,,,,,,,,,,,,,,,,,,,,,,,,,0,0,0,0,0,0,0,0,0,0,0,0,0,0,0,0,0,0,0,0,0,0,0,0,0,0,0,0,0,1,0,0,0,0,0,,0,0,0,0,0,0,0,0,0,0,0,0,0,0,0,0,,,,,,56-60,56-65,US highway,R,Wednesday,,OTHVT,Hispanic,0,0,0,0,State Route,State Patrol,Washington State Patrol,0,1,0,0,0,,,,,,0.0,0.0,0.0,,,,,,,,,,,0.0,0.0,0.0,98.0,,,,,20.0,7.0,,,,,,,,1.0,0.0,,,,,,,98821
2798,2020,313,EA59908,4.0,08/24/2020,7:44,24,8,,63,Spokane,0,1,,1,1,2,1,0,2,2,7:51,7:54,,12,0,6,181.1,2,0,2,3,1,1,2,0,0,20,3,US-395,DENISON-CHATTEROY,-117.4397194,47.903686111,0,1,87,17,2,35,4,0,0,1,2,12,1,1,2,1,4,1,2,16,0,41,35,2002,0,,12,64.0,42.0,,,,1,1,20,1,7.0,,4,7,3,0,11,0,08/24/2020,7:44,53039356.0,39356.0,0.0,0.0,0.0,2.0,1,38,,,,96,,,,,,9,,,,,,99006.0,53,69.0,170.0,1.0,1.0,1.0,0.0,0.0,2.0,,0,,,,,,0,10/15/2019,01/15/2019,8,0,0,0,0.0,9,8,,,0,,,1,8,2.0,695.0,605.0,,1.0,1.0,,2,1,0.0,,,,,,,,,,,,,,,,,,,,,,,,,,,,,,0,0,0,1,0,0,1,1,1,0,0,0,0,1,0,0,0,0,1,0,0,1,1,0,1,0,0,0,0,1,0,0,0,0,0,,1,0,0,0,0,0,1,1,0,0,1,1,0,0,1,0,,,,,,18-20,16-25,US highway,R,Monday,Belt Used,PV,White,1,0,0,0,State Route,State Patrol,Washington State Patrol,0,1,0,0,0,thc,8.9,carboxy-thc,36.0,,0.0,0.0,2.0,,,,,,,,,,,98.0,98.0,98.0,1.0,,,,,20.0,7.0,,,,,,,nms,1.0,0.0,,,,,,,99006
2799,2020,313,EA59908,4.0,08/24/2020,7:44,24,8,,63,Spokane,0,1,,1,1,2,1,0,2,2,7:51,7:54,,12,0,6,181.1,2,0,2,3,1,1,2,0,0,0,0,US-395,DENISON-CHATTEROY,-117.4397194,47.903686111,0,2,86,66,4,60,21,0,0,1,5,12,1,1,4,1,1,1,2,53,0,12,462,2015,0,,12,1.0,,,,,1,1,50,1,0.0,,2,0,3,0,11,0,,,,,0.0,0.0,0.0,3.0,1,0,,,,96,,,,,,0,,,,,,99109.0,53,72.0,200.0,6.0,1.0,0.0,0.0,0.0,0.0,,0,,,,,,0,,,8,0,0,0,8.0,9,8,,,0,,,8,8,0.0,0.0,,,0.0,,,0,0,996.0,,,,,,,,,,,,,,,,,,,,,,,,,,,,,,0,0,0,1,0,0,1,1,1,0,0,0,0,1,0,0,0,0,1,0,0,1,1,0,1,0,0,0,0,1,0,0,0,0,0,,0,0,0,0,0,0,0,0,0,0,0,0,0,0,0,0,,,,,,46-50,46-55,US highway,R,Monday,Belt Used,PV,Not Fatal,1,0,0,0,State Route,State Patrol,Washington State Patrol,0,1,0,0,0,,,,,,0.0,0.0,0.0,,,,,,,,,,,98.0,98.0,98.0,0.0,,,,,20.0,7.0,,,,,,,,1.0,0.0,,,,,,,99006
2800,2020,314,EA59310,278.0,08/28/2020,0:18,28,8,,63,Spokane,2110,1,,2,1,2,1,0,1,1,,,,1,0,0,0.0,1,0,1,5,2,4,6,0,0,0,0,N AUBREY L WHITE PKWY,,-117.4996556,47.710994444,0,1,6,12,2,25,1,0,0,1,2,1,2,1,2,1,14,1,2,53,0,12,3,2001,0,,68,64.0,1.0,2.0,,,1,1,51,1,7.0,,4,7,99,7,11,0,08/28/2020,0:33,211053043414.0,43414.0,0.0,0.0,0.0,2.0,1,0,,,,96,,,,,,98,,,,,,99201.0,53,68.0,180.0,1.0,1.0,1.0,0.0,1.0,0.0,,0,,,,,,4,05/15/2020,05/15/2020,99,1,9,0,0.0,9,8,,,0,,,8,8,2.0,996.0,695.0,605.0,1.0,1.0,1.0,2,1,0.182,,,,,,,,,,,,,,,,,,,,,,,,,,,,,,0,0,1,0,1,1,1,1,1,0,0,0,1,1,0,0,0,0,0,0,0,0,0,0,0,0,0,0,0,1,0,0,0,0,0,,1,0,0,0,0,1,1,1,0,1,0,1,0,0,0,1,,,,,,51-55,46-55,City street,U,Friday,Unknown,PV,White,0,1,0,0,City Street,Municipal/City Police,Spokane Police Department,1,0,0,1,0,thc,3.2,carboxy-thc,24.0,,0.0,1.0,1.0,1.0,1.0,,,,401.0,417.0,,,,98.0,98.0,98.0,1.0,,,,,20.0,7.0,,,,,,,nms,1.0,0.0,,,,,,,99208
2801,2020,315,EA59617,3.0,08/15/2020,23:11,15,8,,67,Thurston,2320,1,,2,1,2,1,0,1,1,,,,25,0,0,0.2,5,1,1,1,2,1,1,0,0,0,0,I-5,,-122.9058306,47.020166667,0,1,1,13,2,98,14,0,0,1,2,25,3,4,1,6,14,1,1,53,0,49,402,2011,0,,63,25.0,1.0,69.0,64.0,25.0,1,1,65,1,7.0,,4,7,3,0,11,0,08/15/2020,23:48,232053038949.0,38949.0,0.0,0.0,0.0,3.0,1,0,,,,96,,,,,,98,,,,,,98032.0,53,68.0,200.0,6.0,1.0,0.0,0.0,0.0,0.0,,0,,,,,,4,,,1,0,0,0,0.0,9,8,,,0,,,8,8,2.0,996.0,,,1.0,,,2,1,0.0,,,,,,,,,,,,,,,,,,,,,,,,,,,,,,0,0,1,0,0,0,1,1,0,0,0,0,1,0,0,0,0,0,0,0,0,0,0,0,0,1,0,0,0,1,0,0,0,0,0,,1,0,0,0,0,0,1,1,0,1,0,0,0,0,1,0,,,,,,61-65,56-65,Interstate,U,Saturday,Belt Used,PV,White,0,1,0,0,State Route,State Patrol,Washington State Patrol,1,1,0,0,0,,,,,,0.0,0.0,0.0,,,,,,,,,,,98.0,98.0,98.0,1.0,,,,,20.0,7.0,,,,,,,,1.0,0.0,,,,,,,98512
2802,2020,316,EA60052,25.0,08/24/2020,11:11,24,8,,33,King,735,1,,1,1,2,1,0,2,2,11:24,11:35,11:52,12,0,2,9999.8,1,0,1,3,1,4,6,0,0,0,0,CR-PEASLEY CANYON RD S,,-122.2780417,47.310930556,0,1,50,10,2,40,6,0,0,1,5,12,2,2,2,1,6,1,1,53,0,48,38,2012,0,,68,12.0,,,,,1,1,60,2,0.0,,2,0,3,0,11,5,,,,,0.0,0.0,0.0,3.0,1,33,91.0,,,96,,,,,,9,,,,,,98001.0,53,67.0,160.0,6.0,1.0,0.0,0.0,0.0,0.0,,1,12.0,,,,,0,,,8,0,0,0,8.0,9,8,,,0,,,8,8,2.0,1.0,,,1.0,,,2,1,0.18,,,,,,,,,,,,,,,,,,,,,,,,,,,,,,0,0,0,0,1,1,1,1,1,0,0,0,0,0,0,0,0,0,0,0,0,0,0,0,0,0,0,0,1,1,0,0,0,0,0,,0,0,0,0,0,1,0,1,0,0,0,0,0,1,0,1,,,,,,56-60,56-65,City street,R,Monday,Belt Used,PV,Not Fatal,0,1,1,0,City Street,County Sheriff,King County Police,0,0,0,1,0,,,,,,0.0,0.0,0.0,,,,,,,,,,,98.0,98.0,98.0,0.0,,,,,20.0,7.0,,,,,,,,1.0,0.0,,,,,,,98001
2803,2020,316,EA60052,25.0,08/24/2020,11:11,24,8,,33,King,735,1,,1,1,2,1,0,2,2,11:24,11:35,11:52,12,0,2,9999.8,1,0,1,3,1,4,6,0,0,0,0,CR-PEASLEY CANYON RD S,,-122.2780417,47.310930556,0,2,51,62,4,40,80,0,0,1,5,12,3,2,2,1,14,1,1,53,0,37,706,2004,0,,12,,,,,,1,1,63,1,7.0,,4,7,20,7,11,0,08/24/2020,11:11,73553039837.0,39837.0,0.0,0.0,3.0,3.0,1,0,,,,96,,,,,,98,,,,,,98003.0,53,70.0,210.0,6.0,1.0,0.0,0.0,0.0,1.0,,0,,,,,,0,04/15/2019,04/15/2019,20,8,0,0,0.0,9,8,,,0,,,8,8,2.0,695.0,605.0,996.0,1.0,1.0,1.0,2,1,0.0,,,,,,,,,,,,,,,,,,,,,,,,,,,,,,0,0,0,0,1,1,1,1,1,0,0,0,0,0,0,0,0,0,0,0,0,0,0,0,0,0,0,0,1,1,0,0,0,0,1,0.0,0,0,0,0,0,0,1,1,0,0,0,0,0,0,1,0,,,,,,61-65,56-65,City street,R,Monday,,MC,White,0,1,1,0,City Street,County Sheriff,King County Police,0,0,0,1,0,thc,1.4,carboxy-thc,5.4,,0.0,0.0,0.0,,,,,,,,,,,0.0,0.0,0.0,1.0,,,,,5.0,0.0,,,,,,,nms,1.0,0.0,,,,,,,98001
2804,2020,317,EA60275,3.0,08/18/2020,14:47,18,8,,53,Pierce,0,1,,1,0,0,1,0,4,3,,,,12,0,6,18.3,8,0,1,3,2,1,3,0,0,0,0,SR-161,,-122.2947667,47.054852778,0,1,76,15,2,0,20,0,0,1,2,12,0,0,0,0,11,1,1,53,0,9,442,1997,0,,12,68.0,12.0,,,,1,1,79,1,7.0,,4,0,99,7,11,5,08/21/2020,16:45,223053039557.0,39557.0,0.0,0.0,3.0,3.0,1,38,,,,96,,,,,,98,,,,,,98338.0,53,70.0,180.0,6.0,1.0,0.0,0.0,0.0,0.0,,0,,,,,,0,,,20,0,0,0,0.0,9,8,,,0,,,8,8,0.0,0.0,,,0.0,,,0,0,996.0,,,,,,,,,,,,,,,,,,,,,,,,,,,,,,0,0,0,0,0,0,0,0,0,0,0,0,0,0,0,0,0,0,1,0,0,0,0,0,0,1,1,1,0,1,0,0,0,0,0,,1,0,0,0,0,0,0,0,0,0,1,0,0,0,0,0,,,,,,76-80,76+,State route,U,Tuesday,Unknown,PV,White,0,0,0,0,State Route,State Patrol,Washington State Patrol,0,1,0,0,0,,,,,,0.0,0.0,0.0,,,,,,,,,,,0.0,0.0,0.0,1.0,,,,,20.0,7.0,,,,,,,,1.0,0.0,,,,,,,09339
2805,2020,317,EA60275,3.0,08/18/2020,14:47,18,8,,53,Pierce,0,1,,1,1,2,1,0,4,3,,,,12,0,6,18.3,8,0,1,3,2,1,3,0,0,0,0,SR-161,,-122.2947667,47.054852778,0,2,98,98,7,40,34,0,0,1,2,12,1,1,5,5,1,2,1,53,0,23,481,2003,0,,12,,,,,,1,1,49,1,0.0,,0,0,3,0,11,0,,,,,0.0,0.0,0.0,3.0,1,0,,,,96,,,,,,0,,,,,,98387.0,53,68.0,310.0,6.0,1.0,0.0,1.0,1.0,1.0,,0,,,,,,0,04/15/2018,04/15/2018,20,0,0,0,8.0,9,8,,,0,,,8,8,0.0,0.0,,,0.0,,,0,0,996.0,,,,,,,,,,,,,,,,,,,,,,,,,,,,,,0,0,0,0,0,0,0,0,0,0,0,0,0,0,0,0,0,0,1,0,0,0,0,0,0,1,1,1,0,1,0,0,0,0,0,,0,0,0,0,0,0,0,0,0,0,0,0,0,0,0,0,,,,,,46-50,46-55,State route,U,Tuesday,Belt Used,PV,Not Fatal,0,0,0,0,State Route,State Patrol,Washington State Patrol,0,1,0,0,0,,,,,,0.0,0.0,1.0,,,,,,,,,,,98.0,98.0,98.0,0.0,,,,,20.0,7.0,,,,,,,,1.0,0.0,,,,,,,09339
2806,2020,317,EA60275,3.0,08/18/2020,14:47,18,8,,53,Pierce,0,1,,1,1,2,1,0,4,3,,,,12,0,6,18.3,8,0,1,3,2,1,3,0,0,0,0,SR-161,,-122.2947667,47.054852778,0,3,77,65,4,98,14,0,0,1,7,12,1,1,5,5,1,1,9,99,0,55,402,2016,0,,12,,,,,,1,1,69,1,0.0,,0,0,3,0,11,0,,,,,0.0,0.0,0.0,3.0,1,0,,,,96,,,,,,0,,,,,,98501.0,53,62.0,140.0,6.0,1.0,0.0,0.0,0.0,0.0,,0,,,,,,0,,,20,0,0,0,8.0,9,8,,,0,,,8,8,0.0,0.0,,,0.0,,,0,0,996.0,,,,,,,,,,,,,,,,,,,,,,,,,,,,,,0,0,0,0,0,0,0,0,0,0,0,0,0,0,0,0,0,0,1,0,0,0,0,0,0,1,1,1,0,1,0,0,0,0,0,,0,0,0,0,0,0,0,0,0,0,0,0,0,0,0,0,,,,,,66-70,66-75,State route,U,Tuesday,Belt Used,PV,Not Fatal,0,0,0,0,State Route,State Patrol,Washington State Patrol,0,1,0,0,0,,,,,,0.0,0.0,0.0,,,,,,,,,,,98.0,98.0,98.0,0.0,,,,,20.0,7.0,,,,,,,,1.0,0.0,,,,,,,09339
2807,2020,319,EA44131,25.0,06/25/2020,22:43,25,6,,33,King,0,1,,2,1,2,1,0,2,2,22:49,23:19,0:15,12,0,2,7.5,1,0,1,5,1,2,4,0,0,0,0,CR-CUMBERLAND KANASKET,,-121.9137417,47.293772222,0,1,50,9,1,40,5,0,0,1,2,12,1,1,2,1,1,1,1,53,0,41,51,2005,0,,68,12.0,,,,,1,1,24,2,7.0,,4,0,20,7,11,1,07/03/2020,8:19,196053030579.0,30579.0,0.0,0.0,3.0,3.0,1,58,,,,96,,,,,,98,,,,,,98391.0,53,63.0,110.0,6.0,1.0,0.0,4.0,1.0,1.0,,0,,,,,,3,06/15/2016,05/15/2019,8,0,0,0,0.0,9,8,,,0,,,8,8,2.0,151.0,,,1.0,,,2,1,0.0,,,,,,,,,,,,,,,,,,,,,,,,,,,,,,0,0,0,0,0,0,1,1,0,0,0,0,1,0,0,0,0,0,0,1,0,0,0,1,1,0,0,0,0,1,0,0,0,1,0,,1,0,0,0,0,0,1,1,0,1,0,0,0,0,1,0,,,,,,21-25,16-25,County road,R,Thursday,Not Used,PV,White,0,1,1,0,County Road,County Sheriff,King County Police,0,0,1,0,0,,,,,,0.0,0.0,2.0,,,,,,,,,,,98.0,98.0,98.0,1.0,,,,,20.0,7.0,,,,,,,,1.0,0.0,,,CUMBERLAND-KANASKAT RD SE,7.505,,,98051
2808,2020,319,EA44131,25.0,06/25/2020,22:43,25,6,,33,King,0,1,,2,1,2,1,0,2,2,22:49,23:19,0:15,12,0,2,7.5,1,0,1,5,1,2,4,0,0,0,0,CR-CUMBERLAND KANASKET,,-121.9137417,47.293772222,0,2,51,62,4,40,14,0,0,1,2,12,1,1,2,1,1,1,2,53,0,2,404,1996,0,,12,,,,,,1,1,27,2,0.0,,3,0,3,0,11,5,,,,,0.0,0.0,0.0,3.0,1,0,,,,96,,,,,,0,,,,,,98051.0,53,62.0,125.0,6.0,1.0,0.0,0.0,1.0,3.0,,0,,,,,,0,12/15/2016,12/15/2016,1,0,0,0,8.0,9,8,,,0,,,8,8,8.0,95.0,,,96.0,,,8,95,995.0,,,,,,,,,,,,,,,,,,,,,,,,,,,,,,0,0,0,0,0,0,1,1,0,0,0,0,1,0,0,0,0,0,0,1,0,0,0,1,1,0,0,0,0,1,0,0,0,0,0,,0,0,0,0,0,0,0,0,0,0,0,0,0,0,0,0,,,,,,26-30,26-35,County road,R,Thursday,Belt Used,PV,Not Fatal,0,1,1,0,County Road,County Sheriff,King County Police,0,0,1,0,0,,,,,,0.0,0.0,0.0,,,,,,,,,,,0.0,0.0,0.0,0.0,,,,,20.0,7.0,,,,,,,,1.0,0.0,,,CUMBERLAND-KANASKAT RD SE,7.505,,,98051
2809,2020,320,EA51645,25.0,07/29/2020,16:05,29,7,,33,King,0,1,,1,1,2,1,0,5,2,,,,12,0,6,5.4,1,0,1,5,1,2,4,0,0,0,0,CR-VEAZIE CUMBERLAND RD,,-121.9370278,47.271097222,0,1,98,10,2,40,80,0,0,1,2,12,1,1,2,1,6,1,1,53,0,34,706,2017,0,,12,,,,,,1,1,78,8,7.0,,4,0,20,7,11,1,08/12/2020,10:57,196053037705.0,37705.0,0.0,0.0,0.0,3.0,1,33,,,,96,,,,,,98,,,,,,98033.0,53,73.0,240.0,6.0,1.0,0.0,0.0,0.0,0.0,,0,,,,,,0,,,20,8,0,0,0.0,9,8,,,0,,,8,8,0.0,0.0,,,0.0,,,0,0,996.0,,,,,,,,,,,,,,,,,,,,,,,,,,,,,,0,0,0,0,0,0,0,0,0,0,0,0,0,1,0,0,0,0,0,0,0,0,0,1,1,1,1,1,1,1,0,0,0,0,1,0.0,0,0,0,0,0,0,0,0,0,0,0,0,0,0,0,0,,,,,,76-80,76+,County road,R,Wednesday,,MC,White,0,0,0,0,County Road,County Sheriff,King County Police,0,0,1,0,0,,,,,,0.0,0.0,0.0,,,,,,,,,,,0.0,0.0,0.0,1.0,,,,,19.0,0.0,,,,,,,,1.0,0.0,,,VEAZIE-CUMBERLAND RD SE,5.385,,,98022
2810,2020,320,EA51645,25.0,07/29/2020,16:05,29,7,,33,King,0,1,,1,1,2,1,0,5,2,,,,12,0,6,5.4,1,0,1,5,1,2,4,0,0,0,0,CR-VEAZIE CUMBERLAND RD,,-121.9370278,47.271097222,0,2,98,60,4,40,4,0,0,1,5,12,1,1,2,1,12,4,1,53,0,20,37,2015,0,,12,,,,,,1,1,23,8,0.0,,0,0,3,0,11,0,,,,,0.0,0.0,0.0,1.0,1,0,,,,96,,,,,,0,,,,,,98003.0,53,71.0,270.0,1.0,1.0,0.0,0.0,0.0,1.0,,97,,,,,,0,02/15/2015,10/15/2020,20,0,0,0,8.0,9,8,,,0,,,8,8,0.0,0.0,,,0.0,,,0,0,996.0,,,,,,,,,,,,,,,,,,,,,,,,,,,,,,0,0,0,0,0,0,0,0,0,0,0,0,0,1,0,0,0,0,0,0,0,0,0,1,1,1,1,1,1,1,0,0,0,0,0,,0,0,0,0,0,0,0,0,0,0,0,1,0,0,0,0,,,,,,21-25,16-25,County road,R,Wednesday,Belt Used,PV,Not Fatal,0,0,0,0,County Road,County Sheriff,King County Police,0,0,1,0,0,,,,,,0.0,0.0,3.0,,,,,,,,,,,98.0,98.0,98.0,0.0,,,,,20.0,7.0,,,,,,,,1.0,0.0,,,VEAZIE-CUMBERLAND RD SE,5.385,,,98022
2811,2020,321,EA58729,5.0,08/26/2020,13:45,26,8,,41,Lewis,0,1,,1,1,2,1,0,2,2,13:49,13:53,14:15,12,0,2,50.2,1,0,1,4,1,1,3,0,0,0,0,SR-6,,-122.9992306,46.652619444,0,1,50,10,2,55,4,0,0,1,2,12,1,1,2,1,1,1,2,53,0,34,34,2006,0,,68,12.0,,,,,1,1,21,1,0.0,,3,0,3,0,11,5,,,,,0.0,0.0,0.0,0.0,1,28,,,,6,,,,,,9,,,,,,98532.0,53,69.0,230.0,0.0,0.0,0.0,0.0,0.0,0.0,,0,,,,,,0,,,8,0,0,0,8.0,9,8,,,0,,,1,0,2.0,695.0,605.0,,1.0,1.0,,2,1,0.0,,,,,,,,,,,,,,,,,,,,,,,,,,,,,,0,0,0,0,0,0,1,1,1,0,0,0,0,1,0,0,1,0,0,0,0,0,0,1,1,0,0,0,0,1,0,0,0,0,0,,0,0,0,0,0,0,1,1,1,0,0,1,0,0,1,0,,,,,,21-25,16-25,State route,R,Wednesday,Belt Used,PV,Not Fatal,0,1,1,0,State Route,State Patrol,Washington State Patrol,0,1,0,0,0,thc,4.9,carboxy-thc,21.0,,0.0,0.0,0.0,,,,,,,,,,,98.0,98.0,98.0,0.0,,,,,20.0,7.0,,,,,,,,1.0,0.0,,,,,,,98532
2812,2020,321,EA58729,5.0,08/26/2020,13:45,26,8,,41,Lewis,0,1,,1,1,2,1,0,2,2,13:49,13:53,14:15,12,0,2,50.2,1,0,1,4,1,1,3,0,0,0,0,SR-6,,-122.9992306,46.652619444,0,2,51,62,4,55,1,0,0,1,2,12,1,1,2,1,1,1,1,53,0,69,54,2006,0,,12,,,,,,1,1,42,2,7.0,,4,7,3,0,11,0,08/26/2020,13:45,53039814.0,39814.0,0.0,0.0,0.0,3.0,1,0,,,,96,,,,,,98,,,,,,98532.0,53,67.0,150.0,6.0,1.0,0.0,0.0,0.0,1.0,,0,,,,,,0,12/15/2017,12/15/2017,1,0,0,0,0.0,9,8,,,0,,,8,8,2.0,124.0,996.0,996.0,1.0,1.0,1.0,2,1,0.0,,,,,,,,,,,,,,,,,,,,,,,,,,,,,,0,0,0,0,0,0,1,1,1,0,0,0,0,1,0,0,1,0,0,0,0,0,0,1,1,0,0,0,0,1,0,0,0,0,0,,1,0,0,0,0,0,1,1,0,0,0,0,0,0,1,0,,,,,,41-45,36-45,State route,R,Wednesday,Belt Used,PV,White,0,1,1,0,State Route,State Patrol,Washington State Patrol,0,1,0,0,0,,,,,,0.0,0.0,0.0,1.0,,,,,996.0,,,,,98.0,98.0,98.0,1.0,,,,,20.0,7.0,,,,,,,,1.0,0.0,,,,,,,98532
2813,2020,322,EA59843,146.0,08/21/2020,23:55,21,8,,77,Yakima,0,1,,2,1,2,1,0,1,1,23:57,0:04,,34,0,0,8.6,1,0,1,5,1,2,4,0,0,0,0,CR-VAN BELLE RD,,-119.9971056,46.345533333,0,1,2,13,2,50,4,0,0,1,2,1,1,1,2,1,1,1,2,53,0,12,37,2008,0,,63,34.0,67.0,35.0,35.0,1.0,1,1,33,1,1.0,,4,0,20,7,11,5,08/22/2020,1:14,222053038762.0,38762.0,0.0,0.0,0.0,0.0,1,0,,,,96,,,,,,9,,,,,,98944.0,53,68.0,195.0,0.0,0.0,0.0,0.0,0.0,0.0,,0,,,,,,4,,,8,1,9,0,0.0,9,8,,,0,,,8,1,2.0,695.0,605.0,,1.0,1.0,,2,1,0.227,,,,,,,,,,,,,,,,,,,,,,,,,,,,,,0,0,0,0,1,1,1,1,1,0,0,0,1,1,0,0,0,0,0,1,0,0,0,0,0,0,0,0,0,1,0,0,0,1,0,,1,0,0,0,0,1,1,1,0,1,0,1,0,0,0,1,,,,,,31-35,26-35,County road,R,Friday,Not Used,PV,Hispanic,0,1,0,0,County Road,County Sheriff,Yakima County Sheriff's Office,1,0,1,0,0,thc,3.8,carboxy-thc,15.0,,0.0,0.0,0.0,,,,,,,,,,,98.0,98.0,98.0,98.0,,,,,20.0,7.0,,,,,,,nms,1.0,18.0,,,VAN BELLE RD.,8.62,,,98944
2814,2020,324,EA60363,189.0,08/29/2020,2:03,29,8,,61,Snohomish,1280,1,,3,1,2,2,2,1,1,,,,41,0,0,0.0,3,0,10,7,2,4,6,0,0,0,0,84TH ST NE,55TTH AVE NE,-122.1564167,48.071691667,0,1,6,14,2,25,2,0,0,1,2,8,1,1,2,1,1,1,2,53,0,20,2,1971,0,,64,41.0,69.0,9.0,71.0,42.0,1,1,42,1,0.0,,9,0,99,7,11,5,,,,,0.0,0.0,0.0,0.0,1,0,,,,96,,,,,,9,,,,,,98204.0,53,72.0,185.0,0.0,0.0,0.0,0.0,0.0,0.0,,97,,,,,,0,,,20,0,0,0,8.0,9,8,,,0,,,1,1,2.0,695.0,605.0,,1.0,1.0,,2,1,0.0,,,,,,,,,,,,,,,,,,,,,,,,,,,,,,0,0,1,1,1,0,1,1,1,1,0,1,0,1,0,0,0,0,0,0,0,0,0,0,0,0,0,0,0,1,0,0,1,0,0,,0,0,0,0,0,0,1,1,0,0,0,1,0,0,1,1,,,,,,41-45,36-45,City street,U,Saturday,Unknown,PV,Not Fatal,0,0,0,0,City Street,Municipal/City Police,Marysville Police Department,0,0,0,1,0,thc,7.4,carboxy-thc,38.0,,0.0,0.0,0.0,,,,,,,,,,,0.0,0.0,0.0,0.0,,,,,20.0,7.0,,,,,,,,1.0,0.0,,,,,,,98270