,year,case,par,repjur,crash_dt,crash_tm,accday,accmon,holiday,county,co_char,city,weather,weather2,lightcond,surfcond,surftype,numfatal,nmforms,pforms,vforms,not_tm,arr_tm,hosp_tm,fhevent,hitrun,manncol,milepnt,reljunc,reljuncinter,intersectiontype,funcsystem,landuse,ownership,route,schlbus,spejur,contdev,devfunc,trafid1,trafid2,x,y,wk_zone,vnumber,crashtype,criticalevent,criticaleventcat,spdlim,body,trailer,emerg,hazcargo,leave,mhevent,roadalgn,roadprof,traflane,trafflow,vehmanvr,numoccs,regowner,regstate,spuse,make,model,modelyr,vrf1,vrf2,seqevent1,seqevent2,seqevent3,seqevent4,seqevent5,seqevent6,pnumber,ptype,age,sex,hispanic,race,injury,diedscene,restraint,restraintmisuse,seatpos,takehosp,death_dt,death_tm,cert,cernum_wa,commlic,licendor,licrestrict,liccomp,drivpres,drf1,drf2,drf3,drf4,distract1,distract2,distract3,distract4,distract5,distract6,dricond1,dricond2,dricond3,dricond4,dricond5,dricond6,dzip,licstate,drhgt_in,weight,noncdl,noncdltype,prevdwi,prevoth,prevacc,prevspd,prevsus,driviol1,driviol2,driviol3,driviol4,driviol5,driviol6,spdrel,first_dt,last_dt,airbag,ejection,ejectpath,extricat,injurwrk,methalc,methdrug,nmlocat,strikveh,prf1,prf2,prf3,druginv,alcinvol,drugsts,drugres1,drugres2,drugres3,drugtst1,drugtst2,drugtst3,alcsts,alctst,alcres,nmact1,nmact2,nmact3,nmact4,nmact5,nmact6,nmprior1,nmprior2,nmprior3,nmprior4,nmprior5,nmprior6,nmcond1,nmcond2,nmcond3,nmcond4,nmcond5,nmcond6,nmsafe_helmet,nmsafe_pads,nmsafe_oth,nmprev_ref,nmprev_lgt,nmprev_oth,crashlocation,nmcrashtype,crosswalk,schoolzone,sidewalk,train_inv,wildlife_inv,rotr_fars,intersect_fars,dd_inv,aid_inv,dpd_inv,id_inv,mj_inv,impnm_inv,ainm_inv,dpnm_inv,speed_inv,unlic_inv,unendmc_inv,drowsy_inv,drdist_inv,nmdist_inv,fty_inv,unrestfat_inv,dr1617_inv,dr1820_inv,dr1620_inv,dr2125_inv,dr1625_inv,dr65_inv,dr70_inv,dr75_inv,mc_inv,pv_inv,ht_inv,ped_inv,bike_inv,unrest_fat,mc_fat,unhelmet_mc,pv_fat,ht_fat,ped_fat,bike_fat,dr_alc7,dr_alc8,dr_drug,dr_imp,dr_dist,dr_spd,dr_fty,dr_unlic,dr_alc7only,dr_alc8only,dr_drugonly,dr_drink,nm_imp,nm_alc7,nm_alc8,nm_drug,nm_dist,agegrp1,agegrp2,roadclass,urbrur,dayweek,restuse,vehtype,race_me,intersect,lanedep,oppdir,wrongway,rep_typ,investag,repag_long,rotr,st_rd,cty_rd,city_rd,oth_rd,drug_thc,thc_res,drug_cthc,cthc_res,drug_cann,prevpersemin,prevperse,prevsusoth,drugtst4,drugtst5,drugtst6,drugtst7,drugtst8,drugres4,drugres5,drugres6,drugres7,drugres8,adspresent,adsengaged,adslevel,race1,race2,race3,race4,race5,helmet,helmetmisuse,nmdistract1,nmdistract2,nmdistract3,nmdistract4,nmdistract5,nmdistract6,lab,isedtcase,crf1,crf2,crf3,CoRoadName,CoMP,IntCoRoadName,IntCoMP,zipcode
2815,2020,325,EA60411,3.0,08/29/2020,3:07,29,8,,67,Thurston,0,1,,2,1,2,1,0,3,2,,,,12,0,2,114.6,1,0,1,1,2,1,1,0,0,0,0,I-5,,-122.7110417,47.068925,0,1,52,54,3,60,4,0,0,1,2,12,1,1,3,3,1,1,2,53,0,35,39,2003,0,,12,,,,,,1,1,17,1,7.0,,4,7,20,7,11,0,08/29/2020,3:07,53040049.0,40049.0,0.0,0.0,2.0,3.0,1,38,51.0,73.0,,96,,,,,,9,,,,,,98501.0,53,67.0,140.0,6.0,2.0,0.0,0.0,0.0,0.0,,0,,,,,,0,,,1,0,0,0,0.0,9,8,,,0,,,1,1,2.0,528.0,,,1.0,,,2,1,0.0,,,,,,,,,,,,,,,,,,,,,,,,,,,,,,0,0,0,0,1,0,1,1,0,0,0,0,0,0,0,0,0,0,1,1,1,0,1,0,1,0,0,0,0,1,0,0,0,1,0,,1,0,0,0,0,0,1,1,0,0,1,0,0,0,1,1,,,,,,16-17,16-25,Interstate,U,Saturday,Not Used,PV,White,0,0,0,1,State Route,State Patrol,Washington State Patrol,0,1,0,0,0,,,,,,0.0,0.0,0.0,,,,,,,,,,,98.0,98.0,98.0,1.0,,,,,20.0,7.0,,,,,,,,1.0,0.0,,,,,,,98561
2816,2020,325,EA60411,3.0,08/29/2020,3:07,29,8,,67,Thurston,0,1,,2,1,2,1,0,3,2,,,,12,0,2,114.6,1,0,1,1,2,1,1,0,0,0,0,I-5,,-122.7110417,47.068925,0,2,52,54,3,60,5,0,0,1,2,12,1,1,3,3,1,2,1,53,0,49,46,2004,0,,12,,,,,,1,1,29,2,0.0,,3,0,3,0,11,5,,,,,0.0,0.0,0.0,3.0,1,0,,,,96,,,,,,98,,,,,,98102.0,53,64.0,150.0,6.0,1.0,0.0,0.0,0.0,0.0,,0,,,,,,0,,,1,0,0,0,8.0,9,8,,,0,,,8,8,8.0,95.0,,,96.0,,,8,95,995.0,,,,,,,,,,,,,,,,,,,,,,,,,,,,,,0,0,0,0,1,0,1,1,0,0,0,0,0,0,0,0,0,0,1,1,1,0,1,0,1,0,0,0,0,1,0,0,0,0,0,,0,0,0,0,0,0,0,0,0,0,0,0,0,0,0,0,,,,,,26-30,26-35,Interstate,U,Saturday,Belt Used,PV,Not Fatal,0,0,0,1,State Route,State Patrol,Washington State Patrol,0,1,0,0,0,,,,,,0.0,0.0,0.0,,,,,,,,,,,98.0,98.0,98.0,0.0,,,,,20.0,7.0,,,,,,,,1.0,0.0,,,,,,,98561
2817,2020,326,EA60712,5.0,08/14/2020,18:21,14,8,,59,Skamania,0,1,,5,1,2,1,0,1,1,,,,11,0,0,33.3,1,0,1,3,1,1,3,0,0,0,0,SR-14,,-122.0422556,45.617047222,0,1,13,87,6,55,80,0,0,1,2,11,1,1,2,1,1,1,1,53,0,76,706,2003,0,,11,,,,,,1,1,58,1,7.0,,4,7,20,7,11,0,08/14/2020,18:21,53038926.0,38926.0,0.0,0.0,0.0,3.0,1,0,,,,96,,,,,,98,,,,,,98683.0,53,69.0,185.0,6.0,1.0,0.0,0.0,0.0,0.0,,0,,,,,,3,,,20,8,0,0,0.0,9,8,,,0,,,8,8,2.0,996.0,996.0,,1.0,1.0,,2,1,0.0,,,,,,,,,,,,,,,,,,,,,,,,,,,,,,0,1,0,0,0,0,1,1,0,0,0,0,1,0,0,0,0,0,0,0,0,0,0,0,0,0,0,0,1,0,0,0,0,0,1,0.0,0,0,0,0,0,0,1,1,0,1,0,0,0,0,1,0,,,,,,56-60,56-65,State route,R,Friday,,MC,White,0,0,0,0,State Route,State Patrol,Washington State Patrol,0,1,0,0,0,,,,,,0.0,0.0,0.0,,,,,,,,,,,0.0,0.0,0.0,1.0,,,,,5.0,0.0,,,,,,,,1.0,0.0,,,,,,,97014
2818,2020,327,EA60735,269.0,09/02/2020,20:28,2,9,,33,King,2005,1,,3,1,2,1,1,1,1,,,,8,0,0,0.0,1,0,1,4,2,4,6,0,0,0,0,NW RICHMOND BEACH RD,,-122.3632417,47.765091667,0,1,13,80,5,30,14,0,0,1,5,8,1,1,3,5,1,1,1,53,0,2,408,2018,0,,8,,,,,,1,1,48,8,0.0,,0,0,3,0,11,0,,,,,6.0,0.0,3.0,3.0,1,10,,,,0,,,,,,0,,,,,,98133.0,53,64.0,182.0,6.0,1.0,0.0,1.0,0.0,0.0,,0,,,,,,0,11/15/2015,11/15/2015,20,0,0,0,8.0,9,8,,,0,,,8,8,8.0,95.0,,,96.0,,,8,95,995.0,,,,,,,,,,,,,,,,,,,,,,,,,,,,,,0,0,0,0,0,0,0,0,0,0,0,0,0,0,0,0,0,0,0,0,0,0,0,0,0,0,0,0,0,1,0,1,0,0,0,,0,0,0,0,0,0,0,0,0,0,0,0,0,0,0,0,,,,,,46-50,46-55,City street,U,Wednesday,Belt Used,PV,Not Fatal,0,0,0,0,City Street,Municipal/City Police,Shoreline Police Department,0,0,0,1,0,,,,,,0.0,0.0,0.0,,,,,,,,,,,98.0,98.0,98.0,0.0,,,,,20.0,7.0,,,,,,,,1.0,0.0,,,,,,,98020
2819,2020,328,EA60792,14.0,08/18/2020,11:41,18,8,,11,Clark,0,1,,1,1,2,2,0,2,1,,,,1,0,0,2.2,1,0,1,5,1,2,4,0,0,0,0,CR-NE LUCIA FALLS RD,,-122.4427306,45.840575,0,1,7,13,2,40,34,0,0,1,2,1,4,2,2,1,14,2,1,53,0,12,481,2012,0,,63,69.0,68.0,64.0,1.0,42.0,1,1,45,1,7.0,,4,7,3,0,11,0,08/18/2020,11:41,53038489.0,38489.0,0.0,0.0,0.0,3.0,1,0,,,,92,,,,,,98,,,,,,98604.0,53,67.0,210.0,6.0,1.0,0.0,0.0,0.0,0.0,,0,,,,,,0,,,8,0,0,0,0.0,9,8,,,0,,,8,8,2.0,1.0,,,1.0,,,2,1,0.0,,,,,,,,,,,,,,,,,,,,,,,,,,,,,,0,0,0,0,0,0,0,0,0,0,0,0,0,0,0,0,1,0,0,0,0,0,0,0,0,0,0,0,0,1,0,0,0,0,0,,1,0,0,0,0,0,0,0,1,0,0,0,0,0,0,0,,,,,,41-45,36-45,County road,R,Tuesday,Belt Used,PV,White,0,1,0,0,County Road,County Sheriff,Clark County Sheriff's Office,1,0,1,0,0,,,,,,0.0,0.0,0.0,,,,,,,,,,,98.0,98.0,98.0,1.0,,,,,20.0,7.0,,,,,,,,1.0,0.0,,,NE LUCIA FALLS RD,2.22,,,98675
2820,2020,329,EA60960,13.0,08/31/2020,15:49,31,8,,9,Clallam,0,1,,1,1,2,1,0,1,1,,,,11,0,0,0.9,1,0,1,7,1,2,4,0,0,0,0,CR-OLD MILL RD,,-123.4425694,48.079469444,0,1,13,87,6,35,80,0,0,1,2,11,2,2,2,1,14,1,1,53,0,72,706,2007,0,,11,,,,,,1,1,60,8,7.0,,4,0,20,7,11,5,08/31/2020,18:49,170053041930.0,41930.0,0.0,0.0,0.0,3.0,1,0,,,,96,,,,,,98,,,,,,98362.0,53,69.0,200.0,6.0,1.0,0.0,0.0,0.0,0.0,,0,,,,,,0,,,20,8,0,0,0.0,9,8,,,0,,,8,8,2.0,189.0,522.0,996.0,1.0,1.0,1.0,2,1,0.063,,,,,,,,,,,,,,,,,,,,,,,,,,,,,,0,1,0,0,1,0,1,1,1,0,0,0,0,0,0,0,0,0,0,0,0,0,0,0,0,0,0,0,1,0,0,0,0,0,1,0.0,0,0,0,0,1,0,1,1,0,0,0,0,0,0,0,1,,,,,,56-60,56-65,County road,R,Monday,,MC,White,0,0,0,0,County Road,County Sheriff,Clallam County Sheriff's Office,0,0,1,0,0,thc,0.52,carboxy-thc,7.7,,0.0,0.0,0.0,1.0,1.0,,,,695.0,605.0,,,,0.0,0.0,0.0,1.0,,,,,5.0,0.0,,,,,,,nms,1.0,0.0,,,OLD MILL RD.,0.89,,,98362
2821,2020,330,EA61136,129.0,08/28/2020,22:02,28,8,,53,Pierce,747,1,,3,1,2,1,1,1,1,,,,8,0,0,0.0,3,0,3,3,2,4,6,0,3,0,0,PACIFIC HWY E,44TH AVE E,-122.3705278,47.243094444,0,1,13,80,5,35,34,0,0,1,5,8,1,1,5,5,1,1,1,53,0,7,482,2019,0,,8,,,,,,1,1,55,1,0.0,,0,0,3,0,11,0,,,,,0.0,0.0,0.0,3.0,1,0,,,,96,,,,,,0,,,,,,98023.0,53,73.0,395.0,6.0,1.0,0.0,1.0,0.0,0.0,,0,,,,,,0,11/15/2016,11/15/2016,20,0,0,0,8.0,9,8,,,0,,,0,0,8.0,95.0,,,96.0,,,2,98,0.0,,,,,,,,,,,,,,,,,,,,,,,,,,,,,,0,0,0,1,0,0,0,0,0,0,0,0,0,0,0,0,0,0,0,0,0,0,0,0,0,0,0,0,0,1,0,1,0,0,0,,0,0,0,0,0,0,0,0,0,0,0,0,0,0,0,0,,,,,,51-55,46-55,City street,U,Friday,Belt Used,PV,Not Fatal,0,0,0,0,City Street,Municipal/City Police,Fife Police Department,0,0,0,1,0,,,,,,0.0,0.0,0.0,,,,,,,,,,,98.0,98.0,98.0,0.0,,,,,20.0,7.0,,,,,,,,1.0,0.0,,,,,,,98424
2822,2020,331,EA61291,1.0,08/31/2020,19:00,31,8,,77,Yakima,0,1,,1,1,2,1,0,1,1,,,,1,0,0,0.3,5,1,1,1,1,1,1,0,0,0,0,I-82,,-120.3977806,46.470291667,0,1,6,13,2,98,34,0,0,1,2,1,2,8,1,6,14,1,1,53,0,49,472,2001,0,,63,69.0,64.0,1.0,,,1,1,65,1,1.0,,4,7,3,0,11,0,08/31/2020,19:00,53040706.0,40706.0,6.0,0.0,0.0,3.0,1,58,,,,96,,,,,,98,,,,,,98953.0,53,68.0,210.0,6.0,1.0,0.0,0.0,0.0,0.0,,0,,,,,,0,,,20,2,9,0,0.0,1,8,,,0,,,9,1,2.0,1.0,,,1.0,,,2,1,0.03,,,,,,,,,,,,,,,,,,,,,,,,,,,,,,0,0,1,0,1,0,0,0,0,0,0,0,0,0,0,0,0,0,0,0,0,0,0,0,0,1,0,0,0,1,0,0,0,0,0,,1,0,0,0,1,0,0,0,0,0,0,0,1,0,0,1,,,,,,61-65,56-65,Interstate,R,Monday,Belt Used,PV,Hispanic,0,0,0,0,State Route,State Patrol,Washington State Patrol,0,1,0,0,0,,,,,,0.0,0.0,0.0,,,,,,,,,,,98.0,98.0,98.0,98.0,,,,,20.0,7.0,,,,,,,,1.0,0.0,,,,,,,98953
2823,2020,332,EA60457,38.0,09/01/2020,16:40,1,9,,59,Skamania,0,1,,1,1,2,1,0,1,1,,,,30,0,0,9.0,1,0,1,5,1,2,4,0,0,0,0,CR-WASHOUGAL RIVER RD,,-122.2430278,45.612277778,0,1,1,13,2,35,34,0,0,1,2,30,3,1,2,1,14,1,2,53,0,23,481,1991,0,,63,30.0,,,,,1,1,50,1,7.0,,4,7,20,7,11,0,09/01/2020,16:40,53041249.0,41249.0,0.0,0.0,2.0,2.0,1,24,74.0,,,96,,,,,,98,,,,,,98661.0,53,73.0,200.0,1.0,1.0,1.0,0.0,0.0,1.0,,0,,,,,,3,10/15/2016,01/15/2016,20,0,0,0,0.0,9,8,,,0,,,8,8,2.0,1.0,,,1.0,,,2,1,0.186,,,,,,,,,,,,,,,,,,,,,,,,,,,,,,0,0,1,0,1,1,0,1,0,0,0,0,1,1,0,0,0,0,0,1,0,0,0,0,0,0,0,0,0,1,0,0,0,1,0,,1,0,0,0,0,1,0,1,0,1,0,1,0,1,0,1,,,,,,46-50,46-55,County road,R,Tuesday,Not Used,PV,White,0,1,0,0,County Road,County Sheriff,Skamania County Sheriff's Office,1,0,1,0,0,,,,,,0.0,1.0,3.0,,,,,,,,,,,0.0,0.0,0.0,1.0,,,,,20.0,7.0,,,,,,,,1.0,0.0,,,WASHOUGAL RIVER ROAD,9.0,,,98671
2824,2020,333,EA61306,6.0,08/28/2020,18:00,28,8,,7,Chelan,0,1,,1,1,2,3,0,5,3,18:10,18:35,20:04,12,0,2,154.7,1,0,1,3,1,1,2,0,0,0,0,US-97,,-120.6105694,47.394305556,0,1,50,10,2,60,15,0,0,1,2,12,1,2,3,1,6,2,1,53,0,49,422,2005,0,,68,12.0,68.0,12.0,,,1,1,43,2,0.0,,3,0,3,0,11,5,,,,,0.0,0.0,3.0,3.0,1,33,,,,96,,,,,,98,,,,,,98902.0,53,59.0,110.0,6.0,1.0,0.0,1.0,1.0,1.0,,97,,,,,,0,06/15/2018,12/15/2020,8,0,0,0,8.0,3,8,,,0,,,8,8,2.0,695.0,,,1.0,,,2,1,0.0,,,,,,,,,,,,,,,,,,,,,,,,,,,,,,0,0,0,0,0,0,1,1,1,0,0,0,0,0,0,0,0,0,0,0,0,1,1,0,1,1,0,0,0,1,1,0,0,0,0,,0,0,0,0,0,0,1,1,0,0,0,0,0,0,1,0,,,,,,41-45,36-45,US highway,R,Friday,Belt Used,PV,Not Fatal,0,1,1,0,State Route,State Patrol,Washington State Patrol,0,1,0,0,0,,,carboxy-thc,5.9,,0.0,0.0,1.0,,,,,,,,,,,98.0,98.0,98.0,0.0,,,,,20.0,7.0,,,,,,,,1.0,0.0,,,,,,,
2825,2020,333,EA61306,6.0,08/28/2020,18:00,28,8,,7,Chelan,0,1,,1,1,2,3,0,5,3,18:10,18:35,20:04,12,0,2,154.7,1,0,1,3,1,1,2,0,0,0,0,US-97,,-120.6105694,47.394305556,0,2,51,62,4,60,34,0,0,1,2,12,1,2,3,1,1,2,2,53,0,20,471,1997,0,,12,,,,,,1,1,19,2,1.0,,4,7,3,0,11,0,08/28/2020,18:00,53040961.0,40961.0,0.0,0.0,0.0,3.0,1,0,,,,96,,,,,,98,,,,,,98119.0,53,66.0,127.0,6.0,1.0,0.0,0.0,0.0,0.0,,0,,,,,,0,,,1,0,0,0,0.0,9,8,,,0,,,8,8,2.0,1.0,,,1.0,,,2,1,0.0,,,,,,,,,,,,,,,,,,,,,,,,,,,,,,0,0,0,0,0,0,1,1,1,0,0,0,0,0,0,0,0,0,0,0,0,1,1,0,1,1,0,0,0,1,1,0,0,0,0,,1,0,0,0,0,0,0,0,0,0,0,0,0,0,0,0,,,,,,18-20,16-25,US highway,R,Friday,Belt Used,PV,Hispanic,0,1,1,0,State Route,State Patrol,Washington State Patrol,0,1,0,0,0,,,,,,0.0,0.0,0.0,,,,,,,,,,,0.0,0.0,0.0,202.0,201.0,203.0,,,20.0,7.0,,,,,,,,1.0,0.0,,,,,,,
2826,2020,333,EA61306,6.0,08/28/2020,18:00,28,8,,7,Chelan,0,1,,1,1,2,3,0,5,3,18:10,18:35,20:04,12,0,2,154.7,1,0,1,3,1,1,2,0,0,0,0,US-97,,-120.6105694,47.394305556,0,3,98,98,7,60,61,0,0,1,2,12,1,2,3,1,1,1,1,53,0,20,870,1995,0,,12,,,,,,1,1,65,2,0.0,,0,0,3,0,11,0,,,,,0.0,0.0,0.0,3.0,1,0,,,,96,,,,,,98,,,,,,98840.0,53,66.0,160.0,6.0,1.0,0.0,0.0,0.0,1.0,,0,,,,,,0,08/15/2016,08/15/2016,20,0,0,0,8.0,9,8,,,0,,,8,8,0.0,0.0,,,0.0,,,0,0,996.0,,,,,,,,,,,,,,,,,,,,,,,,,,,,,,0,0,0,0,0,0,1,1,1,0,0,0,0,0,0,0,0,0,0,0,0,1,1,0,1,1,0,0,0,1,1,0,0,0,0,,0,0,0,0,0,0,0,0,0,0,0,0,0,0,0,0,,,,,,61-65,56-65,US highway,R,Friday,,MHTRUCK,Not Fatal,0,1,1,0,State Route,State Patrol,Washington State Patrol,0,1,0,0,0,,,,,,0.0,0.0,0.0,,,,,,,,,,,0.0,0.0,0.0,0.0,,,,,20.0,7.0,,,,,,,,1.0,0.0,,,,,,,
2827,2020,334,EA61388,14.0,08/30/2020,11:23,30,8,,11,Clark,0,1,,1,1,2,1,0,3,2,,,,11,0,0,1.3,1,0,1,6,1,2,4,0,0,0,0,CR-SE VERNON RD,,-122.2936444,45.620363889,0,1,13,87,6,50,80,0,0,1,2,11,1,2,2,1,1,2,1,53,0,72,706,2019,0,,11,63.0,24.0,12.0,,,1,1,41,1,0.0,,9,0,20,7,11,0,,,,,0.0,0.0,0.0,3.0,1,0,,,,96,,,,,,0,,,,,,98607.0,53,73.0,210.0,6.0,1.0,0.0,0.0,1.0,2.0,,0,,,,,,0,09/15/2015,09/15/2019,20,8,0,0,8.0,9,8,,,0,,,8,8,0.0,0.0,,,0.0,,,0,0,996.0,,,,,,,,,,,,,,,,,,,,,,,,,,,,,,0,1,0,0,0,0,0,0,0,0,0,0,0,0,0,0,0,0,0,0,0,0,0,0,0,0,0,0,1,0,0,0,0,0,0,0.0,0,0,0,0,0,0,0,0,0,0,0,0,0,0,0,0,,,,,,41-45,36-45,County road,R,Sunday,,MC,Not Fatal,0,0,0,0,County Road,County Sheriff,Clark County Sheriff's Office,0,0,1,0,0,,,,,,0.0,0.0,0.0,,,,,,,,,,,0.0,0.0,0.0,0.0,,,,,19.0,0.0,,,,,,,,1.0,0.0,,,SE VERNON RD,1.32,,,98671
2828,2020,334,EA61388,14.0,08/30/2020,11:23,30,8,,11,Clark,0,1,,1,1,2,1,0,3,2,,,,11,0,0,1.3,1,0,1,6,1,2,4,0,0,0,0,CR-SE VERNON RD,,-122.2936444,45.620363889,0,2,98,98,7,50,80,0,0,1,5,12,1,2,2,1,1,1,1,53,0,37,705,2013,0,,12,,,,,,1,1,40,1,0.0,,2,0,20,7,11,0,,,,,0.0,0.0,0.0,3.0,1,0,,,,96,,,,,,0,,,,,,98671.0,53,71.0,165.0,6.0,1.0,0.0,0.0,2.0,1.0,,0,,,,,,0,08/15/2016,04/15/2019,20,8,0,0,8.0,9,8,,,0,,,8,8,0.0,0.0,,,0.0,,,0,0,996.0,,,,,,,,,,,,,,,,,,,,,,,,,,,,,,0,1,0,0,0,0,0,0,0,0,0,0,0,0,0,0,0,0,0,0,0,0,0,0,0,0,0,0,1,0,0,0,0,0,0,0.0,0,0,0,0,0,0,0,0,0,0,0,0,0,0,0,0,,,,,,36-40,36-45,County road,R,Sunday,,MC,Not Fatal,0,0,0,0,County Road,County Sheriff,Clark County Sheriff's Office,0,0,1,0,0,,,,,,0.0,0.0,0.0,,,,,,,,,,,0.0,0.0,0.0,0.0,,,,,19.0,0.0,,,,,,,,1.0,0.0,,,SE VERNON RD,1.32,,,98671
2829,2020,335,EA61437,32.0,07/17/2020,13:10,17,7,,47,Okanogan,0,1,,9,1,2,1,0,1,1,,,,17,0,0,9999.9,1,0,1,6,1,2,4,0,3,0,0,CR-COLUMBIA RIVER RD,,-119.2279694,48.116391667,0,1,1,13,2,50,34,0,0,1,2,17,3,2,2,1,14,1,1,53,0,7,482,2001,0,,63,67.0,17.0,1.0,,,1,1,52,1,7.0,,4,7,3,0,11,0,07/17/2020,13:10,53033143.0,33143.0,0.0,0.0,0.0,3.0,1,0,,,,0,,,,,,8,,,,,,98840.0,53,71.0,185.0,6.0,1.0,0.0,0.0,0.0,0.0,,0,,,,,,0,,,8,0,0,0,0.0,9,8,,,0,,,8,8,8.0,95.0,,,96.0,,,2,95,997.0,,,,,,,,,,,,,,,,,,,,,,,,,,,,,,0,0,1,0,0,0,0,0,0,0,0,0,0,0,0,0,0,0,0,0,0,0,0,0,0,0,0,0,0,1,0,0,0,0,0,,1,0,0,0,0,0,0,0,0,0,0,0,0,0,0,0,,,,,,51-55,46-55,County road,R,Friday,Belt Used,PV,White,0,1,0,0,Other,County Sheriff,Okanogan County Sheriff's Office,1,0,0,0,1,,,,,,0.0,0.0,0.0,,,,,,,,,,,98.0,98.0,98.0,1.0,,,,,20.0,7.0,,,,,,,,1.0,0.0,,,,,,,98840
2830,2020,336,EA61472,3.0,09/04/2020,23:21,4,9,,53,Pierce,1124,1,,3,1,2,1,1,2,2,23:21,23:26,,8,1,0,0.6,1,0,1,3,2,1,3,0,0,0,0,SR-512,,-122.4686056,47.160419444,0,1,13,80,5,45,99,0,0,1,5,8,1,1,4,3,1,99,9,99,0,99,999,9999,0,,8,,,,,,1,1,999,9,0.0,,0,0,99,7,11,0,,,,,99.0,9.0,9.0,9.0,1,0,,,,96,,,,,,98,,,,,,99999.0,99,,999.0,9.0,9.0,99.0,99.0,99.0,99.0,,97,,,,,,0,,,99,0,0,0,8.0,9,8,,,0,,,8,8,0.0,0.0,,,0.0,,,0,0,996.0,,,,,,,,,,,,,,,,,,,,,,,,,,,,,,0,0,0,0,0,0,0,0,0,1,0,1,0,0,0,0,0,0,0,0,0,0,0,0,0,1,1,0,0,1,0,1,0,0,0,,0,0,0,0,0,0,0,0,0,0,0,0,0,0,0,0,,,,,,,,State route,U,Friday,,NR-U,Not Fatal,0,0,0,0,State Route,State Patrol,Washington State Patrol,0,1,0,0,0,,,,,,99.0,99.0,99.0,,,,,,,,,,,98.0,98.0,98.0,0.0,,,,,20.0,7.0,,,,,,,,1.0,0.0,,,,,,,98447
2831,2020,336,EA61472,3.0,09/04/2020,23:21,4,9,,53,Pierce,1124,1,,3,1,2,1,1,2,2,23:21,23:26,,8,0,0,0.6,1,0,1,3,2,1,3,0,0,0,0,SR-512,,-122.4686056,47.160419444,0,2,98,80,5,45,14,0,0,1,5,8,1,1,4,3,1,1,1,53,0,48,401,2017,0,,8,,,,,,1,1,74,2,0.0,,0,0,99,7,11,0,,,,,0.0,0.0,0.0,3.0,1,0,,,,96,,,,,,98,,,,,,98467.0,53,64.0,150.0,6.0,1.0,0.0,0.0,0.0,0.0,,0,,,,,,0,,,20,0,0,0,8.0,9,8,,,0,,,8,8,0.0,0.0,,,0.0,,,0,0,996.0,,,,,,,,,,,,,,,,,,,,,,,,,,,,,,0,0,0,0,0,0,0,0,0,1,0,1,0,0,0,0,0,0,0,0,0,0,0,0,0,1,1,0,0,1,0,1,0,0,0,,0,0,0,0,0,0,0,0,0,0,0,0,0,0,0,0,,,,,,71-75,66-75,State route,U,Friday,Unknown,PV,Not Fatal,0,0,0,0,State Route,State Patrol,Washington State Patrol,0,1,0,0,0,,,,,,0.0,0.0,0.0,,,,,,,,,,,98.0,98.0,98.0,0.0,,,,,20.0,7.0,,,,,,,,1.0,0.0,,,,,,,98447
2832,2020,337,EA61519,173.0,09/06/2020,21:19,6,9,,53,Pierce,1124,1,,3,1,2,1,0,1,1,,,,30,0,0,0.0,1,0,1,3,2,4,6,0,0,0,0,WASHINGTON BLVD SW,,-122.5639917,47.148541667,0,1,1,13,2,35,3,0,0,1,2,30,3,1,3,1,14,1,1,53,0,35,48,2006,0,,63,30.0,30.0,,,,1,1,29,1,7.0,,4,0,3,0,11,5,09/07/2020,1:03,76353042788.0,42788.0,0.0,0.0,3.0,3.0,1,0,,,,96,,,,,,98,,,,,,18052.0,42,69.0,999.0,6.0,1.0,0.0,0.0,0.0,0.0,,0,,,,,,2,,,8,0,0,0,0.0,9,8,,,0,,,8,8,8.0,95.0,,,96.0,,,8,95,995.0,,,,,,,,,,,,,,,,,,,,,,,,,,,,,,0,0,1,0,0,0,0,0,0,0,0,0,1,0,0,0,0,0,0,0,0,0,0,0,0,0,0,0,0,1,0,0,0,0,0,,1,0,0,0,0,0,0,0,0,1,0,0,0,0,0,0,,,,,,26-30,26-35,City street,U,Sunday,Belt Used,PV,Black,0,1,0,0,City Street,Municipal/City Police,Lakewood Police Department,1,0,0,1,0,,,,,,0.0,0.0,0.0,,,,,,,,,,,98.0,98.0,98.0,2.0,,,,,20.0,7.0,,,,,,,,1.0,0.0,,,,,,,98498
2833,2020,338,EA61650,1.0,09/02/2020,16:10,2,9,,77,Yakima,1420,1,,1,1,2,1,0,3,3,16:22,16:24,17:13,12,0,6,5.1,2,0,2,3,2,1,3,0,0,0,0,SR-24,RIVARD RD,-120.3855528,46.549991667,0,1,89,17,2,50,4,0,0,1,2,12,1,1,2,1,1,1,2,53,0,49,32,2016,0,,12,,,,,,1,1,28,2,6.0,,4,0,3,0,11,5,09/04/2020,4:29,196053041402.0,41402.0,0.0,0.0,3.0,3.0,1,38,,,,96,,,,,,98,,,,,,98936.0,53,60.0,135.0,6.0,1.0,0.0,0.0,0.0,0.0,,0,,,,,,0,,,8,0,0,0,0.0,9,8,,,0,,,8,8,2.0,1.0,,,1.0,,,2,1,0.0,,,,,,,,,,,,,,,,,,,,,,,,,,,,,,0,0,0,1,0,0,0,0,0,0,0,0,0,0,0,0,0,0,1,0,0,0,0,0,0,0,0,0,0,1,1,0,0,0,0,,1,0,0,0,0,0,0,0,0,0,1,0,0,0,0,0,,,,,,26-30,26-35,State route,U,Wednesday,Belt Used,PV,Hispanic,1,0,0,0,State Route,State Patrol,Washington State Patrol,0,1,0,0,0,,,,,,0.0,0.0,0.0,,,,,,,,,,,98.0,98.0,98.0,98.0,,,,,20.0,7.0,,,,,,,,1.0,0.0,,,,,,,98936