,year,case,par,repjur,crash_dt,crash_tm,accday,accmon,holiday,county,co_char,city,weather,weather2,lightcond,surfcond,surftype,numfatal,nmforms,pforms,vforms,not_tm,arr_tm,hosp_tm,fhevent,hitrun,manncol,milepnt,reljunc,reljuncinter,intersectiontype,funcsystem,landuse,ownership,route,schlbus,spejur,contdev,devfunc,trafid1,trafid2,x,y,wk_zone,vnumber,crashtype,criticalevent,criticaleventcat,spdlim,body,trailer,emerg,hazcargo,leave,mhevent,roadalgn,roadprof,traflane,trafflow,vehmanvr,numoccs,regowner,regstate,spuse,make,model,modelyr,vrf1,vrf2,seqevent1,seqevent2,seqevent3,seqevent4,seqevent5,seqevent6,pnumber,ptype,age,sex,hispanic,race,injury,diedscene,restraint,restraintmisuse,seatpos,takehosp,death_dt,death_tm,cert,cernum_wa,commlic,licendor,licrestrict,liccomp,drivpres,drf1,drf2,drf3,drf4,distract1,distract2,distract3,distract4,distract5,distract6,dricond1,dricond2,dricond3,dricond4,dricond5,dricond6,dzip,licstate,drhgt_in,weight,noncdl,noncdltype,prevdwi,prevoth,prevacc,prevspd,prevsus,driviol1,driviol2,driviol3,driviol4,driviol5,driviol6,spdrel,first_dt,last_dt,airbag,ejection,ejectpath,extricat,injurwrk,methalc,methdrug,nmlocat,strikveh,prf1,prf2,prf3,druginv,alcinvol,drugsts,drugres1,drugres2,drugres3,drugtst1,drugtst2,drugtst3,alcsts,alctst,alcres,nmact1,nmact2,nmact3,nmact4,nmact5,nmact6,nmprior1,nmprior2,nmprior3,nmprior4,nmprior5,nmprior6,nmcond1,nmcond2,nmcond3,nmcond4,nmcond5,nmcond6,nmsafe_helmet,nmsafe_pads,nmsafe_oth,nmprev_ref,nmprev_lgt,nmprev_oth,crashlocation,nmcrashtype,crosswalk,schoolzone,sidewalk,train_inv,wildlife_inv,rotr_fars,intersect_fars,dd_inv,aid_inv,dpd_inv,id_inv,mj_inv,impnm_inv,ainm_inv,dpnm_inv,speed_inv,unlic_inv,unendmc_inv,drowsy_inv,drdist_inv,nmdist_inv,fty_inv,unrestfat_inv,dr1617_inv,dr1820_inv,dr1620_inv,dr2125_inv,dr1625_inv,dr65_inv,dr70_inv,dr75_inv,mc_inv,pv_inv,ht_inv,ped_inv,bike_inv,unrest_fat,mc_fat,unhelmet_mc,pv_fat,ht_fat,ped_fat,bike_fat,dr_alc7,dr_alc8,dr_drug,dr_imp,dr_dist,dr_spd,dr_fty,dr_unlic,dr_alc7only,dr_alc8only,dr_drugonly,dr_drink,nm_imp,nm_alc7,nm_alc8,nm_drug,nm_dist,agegrp1,agegrp2,roadclass,urbrur,dayweek,restuse,vehtype,race_me,intersect,lanedep,oppdir,wrongway,rep_typ,investag,repag_long,rotr,st_rd,cty_rd,city_rd,oth_rd,drug_thc,thc_res,drug_cthc,cthc_res,drug_cann,prevpersemin,prevperse,prevsusoth,drugtst4,drugtst5,drugtst6,drugtst7,drugtst8,drugres4,drugres5,drugres6,drugres7,drugres8,adspresent,adsengaged,adslevel,race1,race2,race3,race4,race5,helmet,helmetmisuse,nmdistract1,nmdistract2,nmdistract3,nmdistract4,nmdistract5,nmdistract6,lab,isedtcase,crf1,crf2,crf3,CoRoadName,CoMP,IntCoRoadName,IntCoMP,zipcode
2834,2020,338,EA61650,1.0,09/02/2020,16:10,2,9,,77,Yakima,1420,1,,1,1,2,1,0,3,3,16:22,16:24,17:13,12,0,6,5.1,2,0,2,3,2,1,3,0,0,0,0,SR-24,RIVARD RD,-120.3855528,46.549991667,0,2,88,66,4,55,66,1,0,1,2,12,1,1,3,1,1,1,3,53,0,84,881,2018,0,,12,,,,,,1,1,28,1,0.0,,0,0,3,0,11,0,,,,,6.0,1.0,0.0,3.0,1,0,,,,96,,,,,,0,,,,,,98942.0,53,68.0,190.0,6.0,1.0,0.0,0.0,0.0,2.0,,0,,,,,,0,06/15/2016,10/15/2020,20,0,0,0,8.0,3,8,,,0,,,8,8,0.0,0.0,,,0.0,,,0,0,996.0,,,,,,,,,,,,,,,,,,,,,,,,,,,,,,0,0,0,1,0,0,0,0,0,0,0,0,0,0,0,0,0,0,1,0,0,0,0,0,0,0,0,0,0,1,1,0,0,0,0,,0,0,0,0,0,0,0,0,0,0,0,0,0,0,0,0,,,,,,26-30,26-35,State route,U,Wednesday,,MHTRUCK,Not Fatal,1,0,0,0,State Route,State Patrol,Washington State Patrol,0,1,0,0,0,,,,,,0.0,0.0,0.0,,,,,,,,,,,98.0,98.0,98.0,0.0,,,,,20.0,7.0,,,,,,,,1.0,0.0,,,,,,,98936
2835,2020,338,EA61650,1.0,09/02/2020,16:10,2,9,,77,Yakima,1420,1,,1,1,2,1,0,3,3,16:22,16:24,17:13,12,0,6,5.1,2,0,2,3,2,1,3,0,0,0,0,SR-24,RIVARD RD,-120.3855528,46.549991667,0,3,98,62,4,55,34,0,0,1,2,38,1,1,3,1,1,1,2,53,0,12,481,2005,0,,63,38.0,,,,,1,1,42,1,0.0,,0,0,3,0,11,0,,,,,0.0,0.0,3.0,3.0,1,0,,,,96,,,,,,0,,,,,,98936.0,53,71.0,250.0,6.0,1.0,0.0,3.0,0.0,0.0,,0,,,,,,0,02/15/2016,08/15/2019,20,0,0,0,8.0,3,8,,,0,,,8,8,0.0,0.0,,,0.0,,,9,99,999.0,,,,,,,,,,,,,,,,,,,,,,,,,,,,,,0,0,0,1,0,0,0,0,0,0,0,0,0,0,0,0,0,0,1,0,0,0,0,0,0,0,0,0,0,1,1,0,0,0,0,,0,0,0,0,0,0,0,0,0,0,0,0,0,0,0,0,,,,,,41-45,36-45,State route,U,Wednesday,Belt Used,PV,Not Fatal,1,0,0,0,State Route,State Patrol,Washington State Patrol,0,1,0,0,0,,,,,,0.0,0.0,0.0,,,,,,,,,,,98.0,98.0,98.0,0.0,,,,,20.0,7.0,,,,,,,,1.0,0.0,,,,,,,98936
2836,2020,339,EA61769,4.0,09/07/2020,18:30,7,9,,63,Spokane,2113,1,,1,1,2,1,0,3,2,18:29,18:35,19:04,12,0,6,11.5,2,0,2,3,2,1,3,0,0,20,3,SR-290,N FLORA RD,-117.1754528,47.696752778,0,1,89,17,2,35,14,0,0,1,2,12,1,1,2,1,1,1,2,53,0,63,401,2001,0,,12,,,,,,1,1,37,2,7.0,,4,0,3,0,11,5,09/07/2020,19:14,211053041427.0,41427.0,0.0,0.0,0.0,2.0,1,8,39.0,,,96,,,,,,9,,,,,,99206.0,53,65.0,140.0,1.0,1.0,1.0,6.0,1.0,1.0,,0,,,,,,0,08/15/2017,09/15/2018,8,0,0,0,0.0,1,8,,,0,,,1,1,2.0,695.0,605.0,401.0,1.0,1.0,1.0,2,1,0.01,,,,,,,,,,,,,,,,,,,,,,,,,,,,,,0,0,0,1,1,0,1,1,1,0,0,0,0,1,0,0,0,0,0,0,1,0,1,0,1,0,0,0,0,1,0,0,0,0,0,,1,0,0,0,1,0,1,1,0,0,0,1,0,0,0,1,,,,,,36-40,36-45,State route,U,Monday,Belt Used,PV,White,1,0,0,0,State Route,State Patrol,Washington State Patrol,0,1,0,0,0,thc,37.0,carboxy-thc,18.0,,0.0,0.0,5.0,1.0,,,,,417.0,,,,,98.0,98.0,98.0,1.0,,,,,20.0,7.0,,,,,,,nms,1.0,0.0,,,,,,,99212
2837,2020,339,EA61769,4.0,09/07/2020,18:30,7,9,,63,Spokane,2113,1,,1,1,2,1,0,3,2,18:29,18:35,19:04,12,0,6,11.5,2,0,2,3,2,1,3,0,0,0,0,SR-290,N FLORA RD,-117.1754528,47.696752778,0,2,88,66,4,50,34,0,0,1,2,12,1,1,5,1,1,2,2,53,0,20,481,1995,0,,12,,,,,,1,1,16,1,0.0,,0,0,3,0,11,0,,,,,0.0,0.0,1.0,3.0,1,0,,,,96,,,,,,0,,,,,,99207.0,53,67.0,120.0,6.0,2.0,0.0,0.0,0.0,0.0,,0,,,,,,0,,,20,0,0,0,8.0,9,8,,,0,,,8,8,0.0,0.0,,,0.0,,,0,0,996.0,,,,,,,,,,,,,,,,,,,,,,,,,,,,,,0,0,0,1,1,0,1,1,1,0,0,0,0,1,0,0,0,0,0,0,1,0,1,0,1,0,0,0,0,1,0,0,0,0,0,,0,0,0,0,0,0,0,0,0,0,0,0,0,0,0,0,,,,,,16-17,16-25,State route,U,Monday,Belt Used,PV,Not Fatal,1,0,0,0,State Route,State Patrol,Washington State Patrol,0,1,0,0,0,,,,,,0.0,0.0,0.0,,,,,,,,,,,0.0,0.0,0.0,0.0,,,,,20.0,7.0,,,,,,,,1.0,0.0,,,,,,,99212
2838,2020,340,EA62082,305.0,09/02/2020,18:42,2,9,,11,Clark,2370,1,,1,1,2,1,1,1,1,18:43,18:48,19:02,8,1,0,0.0,3,0,2,3,2,4,6,0,0,3,3,E MILL PLAIN BLVD,GRAND BLVD,-122.6406361,45.628280556,0,1,13,80,5,35,14,0,0,1,5,8,1,1,5,1,1,99,9,99,0,23,401,2002,0,,8,,,,,,1,1,21,2,0.0,,0,0,3,0,11,0,,,,,0.0,0.0,3.0,2.0,1,0,,,,92,,,,,,98,,,,,,98604.0,53,62.0,110.0,1.0,1.0,2.0,0.0,0.0,1.0,,97,,,,,,0,08/15/2019,08/15/2020,20,0,0,0,8.0,9,8,,,0,,,8,8,8.0,95.0,,,96.0,,,8,95,995.0,,,,,,,,,,,,,,,,,,,,,,,,,,,,,,0,0,0,1,0,0,0,0,0,1,1,1,0,1,0,0,1,0,0,0,0,0,0,1,1,0,0,0,0,1,0,1,0,0,0,,0,0,0,0,0,0,0,0,1,0,0,1,0,0,0,0,,,,,,21-25,16-25,City street,U,Wednesday,Belt Used,PV,Not Fatal,1,0,0,0,City Street,Municipal/City Police,Vancouver Police Department,0,0,0,1,0,,,,,,1.0,0.0,5.0,,,,,,,,,,,98.0,98.0,98.0,0.0,,,,,20.0,7.0,,,,,,,,1.0,0.0,,,,,,,98661
2839,2020,341,EA62201,40.0,09/08/2020,14:24,8,9,,63,Spokane,0,1,,1,1,2,1,0,1,1,,,,1,0,0,81.6,1,0,1,5,1,1,3,0,0,0,0,SR-27,,-117.2234556,47.573466667,0,1,2,6,1,98,14,0,0,1,2,1,3,2,2,1,14,1,2,53,0,63,402,2006,0,,63,1.0,42.0,,,,1,1,39,1,7.0,,4,7,3,0,11,0,09/08/2020,14:24,53042554.0,42554.0,0.0,0.0,3.0,2.0,1,8,37.0,,,96,,,,,,98,,,,,,99037.0,53,71.0,206.0,1.0,1.0,0.0,1.0,0.0,1.0,,0,,,,,,0,08/15/2018,11/15/2019,99,0,0,0,0.0,9,8,,,0,,,8,8,2.0,321.0,351.0,128.0,1.0,1.0,1.0,2,1,0.0,,,,,,,,,,,,,,,,,,,,,,,,,,,,,,0,0,0,0,0,0,1,1,0,0,0,0,0,1,0,0,0,0,0,0,0,0,0,0,0,0,0,0,0,1,0,0,0,0,0,,1,0,0,0,0,0,1,1,0,0,0,1,0,0,1,0,,,,,,36-40,36-45,State route,R,Tuesday,Belt Used,PV,White,0,1,0,0,State Route,County Sheriff,Spokane County Sheriff's Office,1,1,0,0,0,,,,,,0.0,0.0,3.0,1.0,1.0,1.0,,,177.0,996.0,401.0,417.0,,98.0,98.0,98.0,1.0,,,,,20.0,7.0,,,,,,,,1.0,20.0,,,,,,,99023
2840,2020,342,EA62414,57.0,09/07/2020,20:53,7,9,,11,Clark,107,5,,2,1,2,1,0,1,1,,,,53,1,0,0.0,1,0,1,5,2,4,6,0,0,0,0,NE 112TH AVE/SW 20TH AVE,,-122.5579056,45.763883333,0,1,1,13,2,25,3,0,0,1,2,1,1,8,2,1,1,1,5,53,0,37,31,1996,0,,63,53.0,1.0,,,,1,1,43,1,7.0,,4,7,99,7,11,0,09/07/2020,20:53,10753058581.0,58581.0,0.0,0.0,0.0,2.0,1,0,,,,92,,,,,,98,,,,,,98604.0,53,72.0,190.0,1.0,1.0,0.0,0.0,0.0,0.0,,0,,,,,,0,,,20,1,9,0,0.0,9,8,,,0,,,8,8,8.0,95.0,,,96.0,,,8,95,995.0,,,,,,,,,,,,,,,,,,,,,,,,,,,,,,0,0,1,0,0,0,0,0,0,0,0,0,0,1,0,0,1,0,0,0,0,0,0,0,0,0,0,0,0,1,0,0,0,0,0,,1,0,0,0,0,0,0,0,1,0,0,1,0,0,0,0,,,,,,41-45,36-45,City street,U,Monday,Unknown,PV,White,0,1,0,0,City Street,Municipal/City Police,Battleground Police Department,1,0,0,1,0,,,,,,0.0,0.0,0.0,,,,,,,,,,,0.0,0.0,0.0,1.0,,,,,20.0,7.0,,,,,,,,1.0,0.0,,,,,,,98604
2841,2020,343,EA62435,2.0,09/05/2020,0:35,5,9,,61,Snohomish,1407,1,,3,1,2,1,0,1,1,,,,24,0,0,179.4,1,0,1,1,2,1,1,0,0,0,0,I-5,,-122.3137139,47.800930556,0,1,6,12,2,60,80,0,0,1,2,24,2,1,4,3,14,1,2,53,0,53,705,2006,0,,64,24.0,1.0,,,,1,1,24,1,6.0,,4,7,20,7,11,0,09/05/2020,0:35,140753042749.0,42749.0,0.0,0.0,0.0,2.0,1,0,,,,96,,,,,,98,,,,,,98087.0,53,69.0,160.0,1.0,1.0,0.0,0.0,0.0,1.0,,0,,,,,,4,09/15/2017,09/15/2017,20,8,0,0,0.0,9,8,,,0,,,8,8,2.0,1.0,,,1.0,,,2,1,0.222,,,,,,,,,,,,,,,,,,,,,,,,,,,,,,0,0,1,0,1,1,0,1,0,0,0,0,1,1,1,0,0,0,0,0,0,0,0,1,1,0,0,0,1,0,0,0,0,0,1,0.0,0,0,0,0,0,1,0,1,0,1,0,1,0,1,0,1,,,,,,21-25,16-25,Interstate,U,Saturday,,MC,Hispanic,0,1,0,0,State Route,State Patrol,Washington State Patrol,1,1,0,0,0,,,,,,0.0,0.0,1.0,,,,,,,,,,,0.0,0.0,0.0,3.0,,,,,5.0,0.0,,,,,,,,1.0,0.0,,,,,,,98043
2842,2020,344,EA62513,6.0,09/04/2020,19:43,4,9,,47,Okanogan,0,1,,2,1,2,1,0,2,1,,,,11,0,0,205.8,1,0,1,4,1,1,3,0,0,0,0,SR-20,,-120.0388917,48.354677778,0,1,13,87,6,60,82,0,0,1,2,11,1,1,2,1,1,2,1,53,0,72,706,2014,0,,11,64.0,38.0,1.0,,,1,1,69,1,0.0,,3,0,20,7,11,5,,,,,0.0,0.0,3.0,3.0,1,0,,,,96,,,,,,0,,,,,,98576.0,53,65.0,155.0,6.0,1.0,0.0,0.0,2.0,1.0,,0,,,,,,0,01/15/2016,03/15/2020,20,8,0,0,8.0,9,8,,,0,,,8,8,0.0,0.0,,,0.0,,,0,0,996.0,,,,,,,,,,,,,,,,,,,,,,,,,,,,,,0,1,0,0,0,0,0,0,0,0,0,0,0,0,0,0,0,0,0,0,0,0,0,0,0,1,0,0,1,0,0,0,0,0,0,0.0,0,0,0,0,0,0,0,0,0,0,0,0,0,0,0,0,,,,,,66-70,66-75,State route,R,Friday,,MC,Not Fatal,0,0,0,0,State Route,State Patrol,Washington State Patrol,0,1,0,0,0,,,,,,0.0,0.0,0.0,,,,,,,,,,,0.0,0.0,0.0,0.0,,,,,5.0,0.0,,,,,,,,1.0,0.0,,,,,,,
2843,2020,345,EA62527,21.0,09/05/2020,19:20,5,9,,25,Grant,0,1,,1,1,4,2,0,2,2,19:29,19:51,,12,0,2,3.2,1,0,1,7,1,2,4,0,0,0,0,CR-SAND DUNES RD SE,,-119.3003306,47.066044444,0,1,50,10,2,35,90,0,0,1,5,12,2,1,2,1,6,1,9,99,0,76,734,2008,0,,68,12.0,,,,,1,1,23,1,7.0,,4,7,20,7,11,0,09/05/2020,19:54,53041322.0,41322.0,0.0,0.0,3.0,2.0,1,28,,,,96,,,,,,98,,,,,,98258.0,53,66.0,120.0,1.0,1.0,1.0,2.0,0.0,4.0,,0,,,,,,3,05/15/2016,04/15/2019,20,1,9,0,0.0,9,8,,,0,,,8,8,8.0,95.0,,,96.0,,,8,95,995.0,,,,,,,,,,,,,,,,,,,,,,,,,,,,,,0,0,0,0,0,0,0,0,0,0,0,0,1,1,1,0,0,0,0,0,0,0,0,1,1,0,0,0,1,0,0,0,0,0,0,,0,0,0,0,0,0,0,0,0,1,0,1,0,0,0,0,,,,,,21-25,16-25,County road,R,Saturday,,OTHVT,White,0,1,1,0,County Road,County Sheriff,Grant County Sheriff's Office,0,0,1,0,0,,,,,,0.0,1.0,6.0,,,,,,,,,,,0.0,0.0,0.0,1.0,,,,,5.0,0.0,,,,,,,,1.0,0.0,,,SAND DUNES RD,3.18,,,
2844,2020,345,EA62527,21.0,09/05/2020,19:20,5,9,,25,Grant,0,1,,1,1,4,2,0,2,2,19:29,19:51,,12,0,2,3.2,1,0,1,7,1,2,4,0,0,0,0,CR-SAND DUNES RD SE,,-119.3003306,47.066044444,0,2,51,62,4,35,80,0,0,1,5,12,3,1,2,1,14,1,1,53,0,37,703,1975,0,,12,,,,,,1,1,54,1,7.0,,4,7,20,7,11,0,09/05/2020,19:20,53042094.0,42094.0,0.0,0.0,0.0,2.0,1,0,,,,96,,,,,,98,,,,,,98290.0,53,71.0,158.0,6.0,1.0,0.0,0.0,0.0,0.0,,0,,,,,,3,,,20,8,0,0,0.0,9,8,,,0,,,8,8,8.0,95.0,,,96.0,,,8,95,995.0,,,,,,,,,,,,,,,,,,,,,,,,,,,,,,0,0,0,0,0,0,0,0,0,0,0,0,1,1,1,0,0,0,0,0,0,0,0,1,1,0,0,0,1,0,0,0,0,0,1,0.0,0,0,0,0,0,0,0,0,0,1,0,0,0,0,0,0,,,,,,51-55,46-55,County road,R,Saturday,,MC,White,0,1,1,0,County Road,County Sheriff,Grant County Sheriff's Office,0,0,1,0,0,,,,,,0.0,0.0,0.0,,,,,,,,,,,0.0,0.0,0.0,1.0,,,,,5.0,0.0,,,,,,,,1.0,0.0,,,SAND DUNES RD,3.18,,,
2845,2020,346,EA62623,66.0,07/23/2020,23:56,23,7,,61,Snohomish,170,1,,3,1,2,1,0,2,2,,,,12,1,8,0.0,2,0,2,4,2,4,6,0,0,4,3,228TH ST SE,15th Ave SE,-122.2130861,47.791308333,0,1,68,15,2,30,3,0,0,1,2,12,1,1,5,1,11,1,2,91,0,36,38,2013,0,,12,,,,,,1,1,17,2,0.0,,2,0,2,0,11,0,,,,,0.0,0.0,0.0,3.0,1,38,,,,96,,,,,,0,,,,,,80015.0,8,67.0,120.0,6.0,2.0,0.0,0.0,0.0,0.0,,46,,,,,,0,,,20,0,0,0,8.0,9,8,,,0,,,8,8,0.0,0.0,,,0.0,,,0,0,996.0,,,,,,,,,,,,,,,,,,,,,,,,,,,,,,0,0,0,1,0,0,1,1,1,0,0,0,1,0,0,0,0,0,1,0,1,0,1,0,1,0,0,0,1,1,0,0,0,0,0,,0,0,0,0,0,0,0,0,0,0,1,0,0,0,0,0,,,,,,16-17,16-25,City street,U,Thursday,Belt Used,PV,Not Fatal,1,0,0,0,City Street,Municipal/City Police,Bothell Police Department,0,0,0,1,0,,,,,,0.0,0.0,0.0,,,,,,,,,,,98.0,98.0,98.0,0.0,,,,,20.0,7.0,,,,,,,,1.0,0.0,,,,,,,98021
2846,2020,346,EA62623,66.0,07/23/2020,23:56,23,7,,61,Snohomish,170,1,,3,1,2,1,0,2,2,,,,12,0,8,0.0,2,0,2,4,2,4,6,0,0,3,3,228TH ST SE,15th Ave SE,-122.2130861,47.791308333,0,2,69,62,4,30,80,0,0,1,2,12,1,1,5,1,1,1,1,53,0,76,706,2013,0,,12,,,,,,1,1,26,1,7.0,,4,7,20,7,11,0,07/23/2020,23:56,17053033853.0,33853.0,0.0,0.0,2.0,3.0,1,74,,,,96,,,,,,98,,,,,,98021.0,53,77.0,300.0,6.0,1.0,0.0,1.0,1.0,1.0,,0,,,,,,3,01/15/2018,06/15/2019,20,8,0,0,0.0,9,8,,,0,,,8,8,2.0,695.0,605.0,,1.0,1.0,,2,1,0.0,,,,,,,,,,,,,,,,,,,,,,,,,,,,,,0,0,0,1,0,0,1,1,1,0,0,0,1,0,0,0,0,0,1,0,1,0,1,0,1,0,0,0,1,1,0,0,0,0,1,0.0,0,0,0,0,0,0,1,1,0,1,0,0,0,0,1,0,,,,,,26-30,26-35,City street,U,Thursday,,MC,White,1,0,0,0,City Street,Municipal/City Police,Bothell Police Department,0,0,0,1,0,thc,3.4,carboxy-thc,19.0,,0.0,0.0,0.0,,,,,,,,,,,0.0,0.0,0.0,1.0,,,,,5.0,0.0,,,,,,,nms,1.0,0.0,,,,,,,98021
2847,2020,348,EA63672,6.0,09/06/2020,19:15,6,9,,47,Okanogan,0,1,,5,1,2,1,0,3,2,,,,12,0,1,171.2,8,0,1,4,1,1,3,0,0,0,0,SR-20,,-120.5659694,48.600188889,0,1,24,51,3,60,80,0,0,1,2,12,4,2,2,1,6,2,1,53,0,76,706,2007,0,,12,,,,,,1,1,35,1,0.0,,3,0,20,7,11,5,,,,,0.0,0.0,0.0,3.0,1,33,,,,96,,,,,,0,,,,,,98118.0,53,72.0,220.0,6.0,1.0,0.0,1.0,0.0,1.0,,53,,,,,,0,06/15/2016,09/15/2020,20,8,0,0,8.0,9,8,,,0,,,8,8,0.0,0.0,,,0.0,,,0,0,996.0,,,,,,,,,,,,,,,,,,,,,,,,,,,,,,0,0,0,0,0,0,0,0,0,0,0,0,0,1,0,0,0,0,0,0,0,0,0,1,1,0,0,0,1,1,0,0,0,0,0,0.0,0,0,0,0,0,0,0,0,0,0,0,0,0,0,0,0,,,,,,31-35,26-35,State route,R,Sunday,,MC,Not Fatal,0,0,0,0,State Route,State Patrol,Washington State Patrol,0,1,0,0,0,,,,,,0.0,0.0,0.0,,,,,,,,,,,0.0,0.0,0.0,0.0,,,,,5.0,0.0,,,,,,,,1.0,0.0,,,,,,,
2848,2020,348,EA63672,6.0,09/06/2020,19:15,6,9,,47,Okanogan,0,1,,5,1,2,1,0,3,2,,,,12,0,1,171.2,8,0,1,4,1,1,3,0,0,0,0,SR-20,,-120.5659694,48.600188889,0,2,26,53,3,60,3,0,0,1,2,12,4,2,2,1,11,1,2,6,0,54,38,2002,0,,12,,,,,,1,1,25,1,0.0,,0,0,99,7,11,0,,,,,0.0,0.0,0.0,0.0,1,0,,,,96,,,,,,0,,,,,,83868.0,16,70.0,165.0,0.0,0.0,0.0,0.0,0.0,0.0,,0,,,,,,0,,,20,0,0,0,8.0,9,8,,,0,,,8,8,0.0,0.0,,,0.0,,,0,0,996.0,,,,,,,,,,,,,,,,,,,,,,,,,,,,,,0,0,0,0,0,0,0,0,0,0,0,0,0,1,0,0,0,0,0,0,0,0,0,1,1,0,0,0,1,1,0,0,0,0,0,,0,0,0,0,0,0,0,0,0,0,0,1,0,0,0,0,,,,,,21-25,16-25,State route,R,Sunday,Unknown,PV,Not Fatal,0,0,0,0,State Route,State Patrol,Washington State Patrol,0,1,0,0,0,,,,,,0.0,0.0,0.0,,,,,,,,,,,98.0,98.0,98.0,0.0,,,,,20.0,7.0,,,,,,,,1.0,0.0,,,,,,,
2849,2020,349,EA63709,40.0,09/09/2020,15:26,9,9,,63,Spokane,0,1,,1,1,2,1,0,1,1,15:28,15:36,,42,0,0,13.5,1,0,1,5,1,2,4,0,0,0,0,CR-N ELK CHATTAROY RD,,-117.2737417,47.995911111,0,1,6,12,2,98,34,0,0,1,2,1,2,2,2,1,14,1,1,53,0,20,481,1990,0,,68,64.0,42.0,1.0,,,1,1,56,1,7.0,,4,7,20,7,11,0,09/09/2020,15:26,53041971.0,41971.0,6.0,0.0,3.0,3.0,1,0,,,,96,,,,,,98,,,,,,99009.0,53,71.0,155.0,6.0,1.0,0.0,2.0,1.0,0.0,,0,,,,,,3,03/15/2016,06/15/2019,20,1,9,0,0.0,9,8,,,0,,,8,8,2.0,1.0,,,1.0,,,2,1,0.114,,,,,,,,,,,,,,,,,,,,,,,,,,,,,,0,0,1,0,1,1,0,1,0,0,0,0,1,0,0,0,0,0,0,1,0,0,0,0,0,0,0,0,0,1,0,0,0,1,0,,1,0,0,0,0,1,0,1,0,1,0,0,0,1,0,1,,,,,,56-60,56-65,County road,R,Wednesday,Not Used,PV,White,0,1,0,0,County Road,County Sheriff,Spokane County Sheriff's Office,1,0,1,0,0,,,,,,0.0,0.0,0.0,,,,,,,,,,,0.0,0.0,0.0,1.0,,,,,20.0,7.0,,,,,,,,1.0,0.0,,,ELK-CHATTAROY RD,13.47,,,99009
2850,2020,350,EA63827,3.0,08/19/2020,15:16,19,8,,53,Pierce,0,10,,1,1,2,1,0,6,4,15:14,15:24,16:02,12,0,2,47.0,1,0,1,3,2,1,3,0,0,0,0,SR-7,,-122.4300917,47.079972222,0,1,51,62,4,40,15,0,0,1,2,12,1,1,5,5,1,3,1,53,0,20,421,2005,0,,12,68.0,12.0,,,,1,1,59,2,0.0,,1,0,3,0,11,5,,,,,0.0,0.0,0.0,3.0,1,0,,,,96,,,,,,0,,,,,,98408.0,53,69.0,158.0,6.0,1.0,0.0,0.0,2.0,0.0,,0,,,,,,0,08/15/2016,06/15/2018,8,0,0,0,8.0,9,8,,,0,,,8,8,0.0,0.0,,,0.0,,,0,0,996.0,,,,,,,,,,,,,,,,,,,,,,,,,,,,,,0,0,0,0,1,0,1,1,1,0,0,0,0,1,0,0,0,0,0,0,0,0,0,0,0,1,1,1,0,1,0,0,0,0,0,,0,0,0,0,0,0,0,0,0,0,0,0,0,0,0,0,,,,,,56-60,56-65,State route,U,Wednesday,Belt Used,PV,Not Fatal,0,1,1,0,State Route,State Patrol,Washington State Patrol,0,1,0,0,0,,,,,,0.0,0.0,0.0,,,,,,,,,,,98.0,98.0,98.0,0.0,,,,,20.0,7.0,,,,,,,,1.0,0.0,,,,,,,98387
2851,2020,350,EA63827,3.0,08/19/2020,15:16,19,8,,53,Pierce,0,10,,1,1,2,1,0,6,4,15:14,15:24,16:02,12,0,2,47.0,1,0,1,3,2,1,3,0,0,0,0,SR-7,,-122.4300917,47.079972222,0,2,98,98,7,40,14,0,0,1,2,12,1,1,5,5,1,1,1,53,0,2,403,2014,0,,12,,,,,,1,1,48,1,0.0,,0,0,3,0,11,0,,,,,0.0,0.0,0.0,3.0,1,0,,,,96,,,,,,98,,,,,,98498.0,53,69.0,250.0,6.0,1.0,0.0,0.0,1.0,0.0,,0,,,,,,0,06/15/2017,06/15/2017,8,0,0,0,8.0,9,8,,,0,,,8,8,8.0,95.0,,,96.0,,,8,95,995.0,,,,,,,,,,,,,,,,,,,,,,,,,,,,,,0,0,0,0,1,0,1,1,1,0,0,0,0,1,0,0,0,0,0,0,0,0,0,0,0,1,1,1,0,1,0,0,0,0,0,,0,0,0,0,0,0,0,0,0,0,0,0,0,0,0,0,,,,,,46-50,46-55,State route,U,Wednesday,Belt Used,PV,Not Fatal,0,1,1,0,State Route,State Patrol,Washington State Patrol,0,1,0,0,0,,,,,,0.0,0.0,0.0,,,,,,,,,,,98.0,98.0,98.0,0.0,,,,,20.0,7.0,,,,,,,,1.0,0.0,,,,,,,98387
2852,2020,350,EA63827,3.0,08/19/2020,15:16,19,8,,53,Pierce,0,10,,1,1,2,1,0,6,4,15:14,15:24,16:02,12,0,2,47.0,1,0,1,3,2,1,3,0,0,0,0,SR-7,,-122.4300917,47.079972222,0,3,98,98,7,40,4,0,0,1,2,12,1,1,5,5,1,1,1,53,0,48,34,1993,0,,12,,,,,,1,1,76,2,0.0,,0,0,3,0,11,0,,,,,0.0,0.0,3.0,3.0,1,0,,,,96,,,,,,98,,,,,,98387.0,53,60.0,145.0,6.0,1.0,0.0,0.0,0.0,0.0,,0,,,,,,0,,,20,0,0,0,8.0,9,8,,,0,,,8,8,8.0,95.0,,,96.0,,,8,95,995.0,,,,,,,,,,,,,,,,,,,,,,,,,,,,,,0,0,0,0,1,0,1,1,1,0,0,0,0,1,0,0,0,0,0,0,0,0,0,0,0,1,1,1,0,1,0,0,0,0,0,,0,0,0,0,0,0,0,0,0,0,0,0,0,0,0,0,,,,,,76-80,76+,State route,U,Wednesday,Belt Used,PV,Not Fatal,0,1,1,0,State Route,State Patrol,Washington State Patrol,0,1,0,0,0,,,,,,0.0,0.0,0.0,,,,,,,,,,,0.0,0.0,0.0,0.0,,,,,20.0,7.0,,,,,,,,1.0,0.0,,,,,,,98387