,year,case,par,repjur,crash_dt,crash_tm,accday,accmon,holiday,county,co_char,city,weather,weather2,lightcond,surfcond,surftype,numfatal,nmforms,pforms,vforms,not_tm,arr_tm,hosp_tm,fhevent,hitrun,manncol,milepnt,reljunc,reljuncinter,intersectiontype,funcsystem,landuse,ownership,route,schlbus,spejur,contdev,devfunc,trafid1,trafid2,x,y,wk_zone,vnumber,crashtype,criticalevent,criticaleventcat,spdlim,body,trailer,emerg,hazcargo,leave,mhevent,roadalgn,roadprof,traflane,trafflow,vehmanvr,numoccs,regowner,regstate,spuse,make,model,modelyr,vrf1,vrf2,seqevent1,seqevent2,seqevent3,seqevent4,seqevent5,seqevent6,pnumber,ptype,age,sex,hispanic,race,injury,diedscene,restraint,restraintmisuse,seatpos,takehosp,death_dt,death_tm,cert,cernum_wa,commlic,licendor,licrestrict,liccomp,drivpres,drf1,drf2,drf3,drf4,distract1,distract2,distract3,distract4,distract5,distract6,dricond1,dricond2,dricond3,dricond4,dricond5,dricond6,dzip,licstate,drhgt_in,weight,noncdl,noncdltype,prevdwi,prevoth,prevacc,prevspd,prevsus,driviol1,driviol2,driviol3,driviol4,driviol5,driviol6,spdrel,first_dt,last_dt,airbag,ejection,ejectpath,extricat,injurwrk,methalc,methdrug,nmlocat,strikveh,prf1,prf2,prf3,druginv,alcinvol,drugsts,drugres1,drugres2,drugres3,drugtst1,drugtst2,drugtst3,alcsts,alctst,alcres,nmact1,nmact2,nmact3,nmact4,nmact5,nmact6,nmprior1,nmprior2,nmprior3,nmprior4,nmprior5,nmprior6,nmcond1,nmcond2,nmcond3,nmcond4,nmcond5,nmcond6,nmsafe_helmet,nmsafe_pads,nmsafe_oth,nmprev_ref,nmprev_lgt,nmprev_oth,crashlocation,nmcrashtype,crosswalk,schoolzone,sidewalk,train_inv,wildlife_inv,rotr_fars,intersect_fars,dd_inv,aid_inv,dpd_inv,id_inv,mj_inv,impnm_inv,ainm_inv,dpnm_inv,speed_inv,unlic_inv,unendmc_inv,drowsy_inv,drdist_inv,nmdist_inv,fty_inv,unrestfat_inv,dr1617_inv,dr1820_inv,dr1620_inv,dr2125_inv,dr1625_inv,dr65_inv,dr70_inv,dr75_inv,mc_inv,pv_inv,ht_inv,ped_inv,bike_inv,unrest_fat,mc_fat,unhelmet_mc,pv_fat,ht_fat,ped_fat,bike_fat,dr_alc7,dr_alc8,dr_drug,dr_imp,dr_dist,dr_spd,dr_fty,dr_unlic,dr_alc7only,dr_alc8only,dr_drugonly,dr_drink,nm_imp,nm_alc7,nm_alc8,nm_drug,nm_dist,agegrp1,agegrp2,roadclass,urbrur,dayweek,restuse,vehtype,race_me,intersect,lanedep,oppdir,wrongway,rep_typ,investag,repag_long,rotr,st_rd,cty_rd,city_rd,oth_rd,drug_thc,thc_res,drug_cthc,cthc_res,drug_cann,prevpersemin,prevperse,prevsusoth,drugtst4,drugtst5,drugtst6,drugtst7,drugtst8,drugres4,drugres5,drugres6,drugres7,drugres8,adspresent,adsengaged,adslevel,race1,race2,race3,race4,race5,helmet,helmetmisuse,nmdistract1,nmdistract2,nmdistract3,nmdistract4,nmdistract5,nmdistract6,lab,isedtcase,crf1,crf2,crf3,CoRoadName,CoMP,IntCoRoadName,IntCoMP,zipcode
2853,2020,350,EA63827,3.0,08/19/2020,15:16,19,8,,53,Pierce,0,10,,1,1,2,1,0,6,4,15:14,15:24,16:02,12,0,2,47.0,1,0,1,3,2,1,3,0,0,0,0,SR-7,,-122.4300917,47.079972222,0,4,50,10,2,40,2,0,0,1,2,12,1,1,5,5,1,1,2,53,0,20,22,2008,0,,68,12.0,68.0,12.0,,,1,1,71,1,7.0,,4,7,3,0,11,0,08/19/2020,,53040044.0,40044.0,0.0,0.0,0.0,2.0,1,28,,,,96,,,,,,9,,,,,,98444.0,53,76.0,231.0,1.0,1.0,0.0,1.0,1.0,1.0,,0,,,,,,0,07/15/2017,06/15/2020,20,0,0,0,0.0,9,1,,,0,,,1,1,2.0,996.0,695.0,605.0,1.0,1.0,1.0,2,1,0.0,,,,,,,,,,,,,,,,,,,,,,,,,,,,,,0,0,0,0,1,0,1,1,1,0,0,0,0,1,0,0,0,0,0,0,0,0,0,0,0,1,1,1,0,1,0,0,0,0,0,,1,0,0,0,0,0,1,1,0,0,0,1,0,0,1,1,,,,,,71-75,66-75,State route,U,Wednesday,Belt Used,PV,White,0,1,1,0,State Route,State Patrol,Washington State Patrol,0,1,0,0,0,thc,6.2,carboxy-thc,9.7,,0.0,0.0,2.0,,,,,,,,,,,98.0,98.0,98.0,1.0,,,,,20.0,7.0,,,,,,,nms,1.0,0.0,,,,,,,98387
2854,2020,351,EA63845,303.0,09/08/2020,17:15,8,9,,53,Pierce,2337,1,,1,1,2,1,0,1,1,,,,33,0,0,0.0,1,0,1,4,2,4,6,0,0,0,0,64TH ST W/CHAMBERS CREEK RD W,,-122.5674667,47.198938889,0,1,1,13,2,30,80,0,0,1,5,1,3,1,2,1,14,1,2,53,0,53,706,2018,0,,63,33.0,1.0,,,,1,1,33,1,7.0,,4,7,20,7,11,0,09/08/2020,17:15,233753042784.0,42784.0,0.0,0.0,3.0,2.0,1,0,,,,96,,,,,,98,,,,,,98466.0,53,65.0,150.0,1.0,1.0,2.0,2.0,1.0,2.0,,0,,,,,,3,12/15/2015,12/15/2016,20,8,0,0,0.0,1,8,,,0,,,1,1,2.0,695.0,605.0,996.0,1.0,1.0,1.0,2,1,0.163,,,,,,,,,,,,,,,,,,,,,,,,,,,,,,0,0,1,0,1,1,1,1,1,0,0,0,1,1,1,0,0,0,0,0,0,0,0,0,0,0,0,0,1,0,0,0,0,0,1,0.0,0,0,0,0,0,1,1,1,0,1,0,1,0,0,0,1,,,,,,31-35,26-35,City street,U,Tuesday,,MC,White,0,0,0,0,City Street,Municipal/City Police,University Place Police Department,0,0,0,1,0,thc,17.0,carboxy-thc,160.0,,0.0,1.0,3.0,,,,,,,,,,,0.0,0.0,0.0,1.0,,,,,19.0,0.0,,,,,,,nms,1.0,0.0,,,,,,,98467
2855,2020,352,EA63250,31.0,08/22/2020,16:20,22,8,,45,Mason,0,1,,1,1,2,1,0,2,2,,,,12,0,6,1.8,2,0,2,5,1,2,4,0,0,20,3,CR-NE BELFAIR TAHUYA RD,ELFENDAHL PASS RD,-122.9142722,47.439880556,0,1,89,17,2,45,90,0,0,1,2,12,1,4,2,1,4,1,2,53,0,37,733,2005,0,,12,,,,,,1,1,22,1,7.0,,4,7,20,7,11,0,08/22/2020,16:20,53039499.0,39499.0,0.0,0.0,0.0,3.0,1,38,,,,92,,,,,,98,,,,,,89104.0,32,74.0,170.0,6.0,1.0,0.0,0.0,0.0,0.0,,0,,,,,,0,,,20,0,0,0,0.0,9,8,,,0,,,8,8,2.0,1.0,,,1.0,,,2,1,0.0,,,,,,,,,,,,,,,,,,,,,,,,,,,,,,0,0,0,1,0,0,0,0,0,0,0,0,0,0,0,0,1,0,1,0,0,0,0,1,1,0,0,0,0,0,1,0,0,0,0,,0,0,0,0,0,0,0,0,1,0,1,0,0,0,0,0,,,,,,21-25,16-25,County road,R,Saturday,,OTHVT,Black,1,0,0,0,County Road,County Sheriff,Mason County Sheriff's Office,0,0,1,0,0,,,,,,0.0,0.0,0.0,,,,,,,,,,,0.0,0.0,0.0,2.0,,,,,5.0,0.0,,,,,,,,1.0,0.0,,,BELFAIR TAHUYA RD,1.791,ELFENDAHL PASS RD,1.848,98528
2856,2020,352,EA63250,31.0,08/22/2020,16:20,22,8,,45,Mason,0,1,,1,1,2,1,0,2,2,,,,12,0,6,1.8,2,0,2,5,1,2,4,0,0,0,0,CR-NE BELFAIR TAHUYA RD,ELFENDAHL PASS RD,-122.9142722,47.439880556,0,2,88,66,4,50,61,0,0,1,2,12,1,4,2,1,1,1,3,53,0,20,881,2019,0,,12,,,,,,1,1,24,1,0.0,,0,0,3,0,11,0,,,,,0.0,0.0,0.0,3.0,1,0,,,,96,,,,,,0,,,,,,98588.0,53,74.0,170.0,6.0,1.0,0.0,0.0,0.0,1.0,,0,,,,,,0,12/15/2015,12/15/2015,99,0,0,0,8.0,9,8,,,0,,,8,8,0.0,0.0,,,0.0,,,0,0,996.0,,,,,,,,,,,,,,,,,,,,,,,,,,,,,,0,0,0,1,0,0,0,0,0,0,0,0,0,0,0,0,1,0,1,0,0,0,0,1,1,0,0,0,0,0,1,0,0,0,0,,0,0,0,0,0,0,0,0,0,0,0,0,0,0,0,0,,,,,,21-25,16-25,County road,R,Saturday,,MHTRUCK,Not Fatal,1,0,0,0,County Road,County Sheriff,Mason County Sheriff's Office,0,0,1,0,0,,,,,,0.0,0.0,0.0,,,,,,,,,,,98.0,98.0,98.0,0.0,,,,,20.0,7.0,,,,,,,,1.0,0.0,,,BELFAIR TAHUYA RD,1.791,ELFENDAHL PASS RD,1.848,98528
2857,2020,353,EA63308,6.0,09/09/2020,18:59,9,9,,25,Grant,0,5,,1,1,2,1,0,2,2,18:42,18:53,19:25,12,0,6,40.3,2,0,2,4,1,1,3,0,0,20,3,SR-28,K RD NW,-119.7250972,47.248933333,0,1,87,17,2,50,4,0,0,1,2,12,1,1,2,1,4,1,1,53,0,35,39,2002,0,,12,,,,,,1,1,59,1,1.0,,4,0,3,0,11,5,09/09/2020,19:48,53042821.0,42821.0,0.0,0.0,0.0,3.0,1,38,,,,96,,,,,,0,,,,,,99344.0,53,65.0,209.0,6.0,1.0,0.0,0.0,0.0,0.0,,46,,,,,,0,,,8,0,0,0,0.0,1,8,,,0,,,8,0,8.0,95.0,,,96.0,,,2,98,0.0,,,,,,,,,,,,,,,,,,,,,,,,,,,,,,0,0,0,1,0,0,0,0,0,0,0,0,0,0,0,0,0,0,1,0,0,0,0,0,0,0,0,0,0,1,0,0,0,0,0,,1,0,0,0,0,0,0,0,0,0,1,0,0,0,0,0,,,,,,56-60,56-65,State route,R,Wednesday,Belt Used,PV,Hispanic,1,0,0,0,State Route,State Patrol,Washington State Patrol,0,1,0,0,0,,,,,,0.0,0.0,0.0,,,,,,,,,,,98.0,98.0,98.0,98.0,,,,,20.0,7.0,,,,,,,,1.0,0.0,,,,,,,98848
2858,2020,353,EA63308,6.0,09/09/2020,18:59,9,9,,25,Grant,0,5,,1,1,2,1,0,2,2,18:42,18:53,19:25,12,0,6,40.3,2,0,2,4,1,1,3,0,0,0,0,SR-28,K RD NW,-119.7250972,47.248933333,0,2,86,66,4,60,34,0,0,1,2,12,2,1,2,1,14,1,1,53,0,12,481,1998,0,,12,,,,,,1,1,45,1,0.0,,0,0,20,7,11,0,,,,,0.0,0.0,0.0,3.0,1,0,,,,96,,,,,,98,,,,,,98823.0,53,71.0,275.0,6.0,1.0,0.0,1.0,2.0,0.0,,0,,,,,,0,08/15/2016,07/15/2019,1,0,0,0,8.0,9,8,,,0,,,8,8,8.0,95.0,,,96.0,,,8,95,995.0,,,,,,,,,,,,,,,,,,,,,,,,,,,,,,0,0,0,1,0,0,0,0,0,0,0,0,0,0,0,0,0,0,1,0,0,0,0,0,0,0,0,0,0,1,0,0,0,0,0,,0,0,0,0,0,0,0,0,0,0,0,0,0,0,0,0,,,,,,41-45,36-45,State route,R,Wednesday,Not Used,PV,Not Fatal,1,0,0,0,State Route,State Patrol,Washington State Patrol,0,1,0,0,0,,,,,,0.0,0.0,0.0,,,,,,,,,,,0.0,0.0,0.0,0.0,,,,,20.0,7.0,,,,,,,,1.0,0.0,,,,,,,98848
2859,2020,354,EA63484,40.0,09/12/2020,19:03,12,9,,63,Spokane,2110,5,,1,1,2,1,0,1,2,19:05,19:11,,33,0,0,9999.8,3,0,3,4,1,4,6,0,0,0,0,CR-S GOVERNMENT WAY,W Greenwood Rd,-117.4644056,47.656502778,0,1,2,6,1,30,80,0,0,1,2,33,2,2,2,1,14,1,1,53,0,98,705,2007,0,,63,33.0,31.0,69.0,71.0,14.0,1,1,43,1,7.0,,4,7,20,7,11,0,09/12/2020,19:03,211053043148.0,43148.0,0.0,0.0,0.0,3.0,1,0,,,,96,,,,,,98,,,,,,99205.0,53,62.0,177.0,6.0,1.0,0.0,0.0,0.0,0.0,,0,,,,,,4,,,20,8,0,0,0.0,9,8,,,0,,,8,8,2.0,695.0,605.0,996.0,1.0,1.0,1.0,2,1,0.166,,,,,,,,,,,,,,,,,,,,,,,,,,,,,,0,0,0,1,1,1,1,1,1,0,0,0,1,0,0,0,0,0,0,0,0,0,0,0,0,0,0,0,1,1,0,0,0,0,1,0.0,0,0,0,0,0,1,1,1,0,1,0,0,0,0,0,1,,,,,,41-45,36-45,City street,R,Saturday,,MC,White,1,0,0,0,City Street,County Sheriff,Spokane County Sheriff's Office,0,0,0,1,0,thc,13.0,carboxy-thc,9.7,,0.0,0.0,0.0,1.0,,,,,996.0,,,,,0.0,0.0,0.0,1.0,,,,,5.0,0.0,,,,,,,nms,1.0,0.0,,,,,,,99224
2860,2020,355,EA64491,163.0,09/01/2020,20:38,1,9,,33,King,1050,1,,1,1,2,1,0,3,3,20:56,20:56,21:08,12,0,1,0.0,3,0,2,3,2,4,6,0,0,3,3,100TH AVE NE,NE 132ND ST,-122.2077306,47.718480556,0,1,20,50,3,35,1,0,0,1,5,12,1,1,4,1,1,1,3,53,0,22,398,1966,0,,12,,,,,,1,1,58,1,7.0,,4,0,99,7,11,5,09/02/2020,8:33,196053041188.0,41188.0,0.0,0.0,3.0,3.0,1,0,,,,96,,,,,,98,,,,,,98034.0,53,70.0,170.0,6.0,1.0,3.0,3.0,3.0,0.0,,0,,,,,,4,05/15/2016,07/15/2019,20,0,0,0,0.0,9,8,,,0,,,8,8,0.0,0.0,,,0.0,,,0,0,996.0,,,,,,,,,,,,,,,,,,,,,,,,,,,,,,0,0,0,1,0,0,0,0,0,0,0,0,1,0,0,0,0,0,0,0,0,0,0,0,0,1,0,0,0,1,0,0,0,0,0,,1,0,0,0,0,0,0,0,0,1,0,0,0,0,0,0,,,,,,56-60,56-65,City street,U,Tuesday,Unknown,PV,White,1,0,0,0,City Street,Municipal/City Police,Kirkland Police Department,0,0,0,1,0,,,,,,0.0,1.0,2.0,,,,,,,,,,,0.0,0.0,0.0,1.0,,,,,20.0,7.0,,,,,,,,1.0,0.0,,,,,,,98034
2861,2020,355,EA64491,163.0,09/01/2020,20:38,1,9,,33,King,1050,1,,1,1,2,1,0,3,3,20:56,20:56,21:08,12,0,1,0.0,3,0,2,3,2,4,6,0,0,3,3,100TH AVE NE,NE 132ND ST,-122.2077306,47.718480556,0,2,21,53,3,35,6,0,0,1,5,12,1,1,4,1,5,1,1,53,0,12,24,2007,0,,12,12.0,,,,,1,1,29,1,0.0,,2,0,3,0,11,5,,,,,0.0,0.0,3.0,3.0,1,0,,,,96,,,,,,0,,,,,,98034.0,53,74.0,240.0,6.0,1.0,0.0,1.0,0.0,0.0,,0,,,,,,0,05/15/2016,05/15/2016,1,0,0,0,8.0,9,8,,,0,,,8,8,0.0,0.0,,,0.0,,,0,0,996.0,,,,,,,,,,,,,,,,,,,,,,,,,,,,,,0,0,0,1,0,0,0,0,0,0,0,0,1,0,0,0,0,0,0,0,0,0,0,0,0,1,0,0,0,1,0,0,0,0,0,,0,0,0,0,0,0,0,0,0,0,0,0,0,0,0,0,,,,,,26-30,26-35,City street,U,Tuesday,Belt Used,PV,Not Fatal,1,0,0,0,City Street,Municipal/City Police,Kirkland Police Department,0,0,0,1,0,,,,,,0.0,0.0,0.0,,,,,,,,,,,98.0,98.0,98.0,0.0,,,,,20.0,7.0,,,,,,,,1.0,0.0,,,,,,,98034
2862,2020,355,EA64491,163.0,09/01/2020,20:38,1,9,,33,King,1050,1,,1,1,2,1,0,3,3,20:56,20:56,21:08,12,0,1,0.0,3,0,2,3,2,4,6,0,0,3,3,100TH AVE NE,NE 132ND ST,-122.2077306,47.718480556,0,3,98,98,7,35,52,0,0,1,2,12,1,1,5,1,11,1,3,94,3,92,988,2018,0,,12,,,,,,1,1,66,2,0.0,,2,0,3,0,11,0,,,,,6.0,1.0,1.0,3.0,1,0,,,,96,,,,,,0,,,,,,98117.0,53,68.0,167.0,6.0,1.0,0.0,0.0,0.0,0.0,,0,,,,,,0,,,20,0,0,0,8.0,9,8,,,0,,,8,8,0.0,0.0,,,0.0,,,0,0,996.0,,,,,,,,,,,,,,,,,,,,,,,,,,,,,,0,0,0,1,0,0,0,0,0,0,0,0,1,0,0,0,0,0,0,0,0,0,0,0,0,1,0,0,0,1,0,0,0,0,0,,0,0,0,0,0,0,0,0,0,0,0,0,0,0,0,0,,,,,,66-70,66-75,City street,U,Tuesday,,BUS,Not Fatal,1,0,0,0,City Street,Municipal/City Police,Kirkland Police Department,0,0,0,1,0,,,,,,0.0,0.0,0.0,,,,,,,,,,,98.0,98.0,98.0,0.0,,,,,20.0,7.0,,,,,,,,1.0,0.0,,,,,,,98034
2863,2020,356,EA53622,6.0,06/19/2020,11:59,19,6,,25,Grant,0,1,,1,1,2,1,0,3,2,,,,12,0,6,39.6,2,0,2,3,1,1,3,0,0,20,3,SR-17,RD 2 SE,-119.1947083,47.057694444,0,1,86,17,2,55,34,0,0,1,2,12,1,1,2,1,1,2,1,53,0,20,481,2009,0,,12,,,,,,1,1,84,8,7.0,,4,0,3,0,11,4,06/19/2020,13:22,139053028279.0,28279.0,0.0,0.0,3.0,3.0,1,38,,,,96,,,,,,98,,,,,,98837.0,53,71.0,173.0,6.0,1.0,0.0,0.0,0.0,0.0,,0,,,,,,0,,,8,0,0,0,0.0,9,8,,,0,,,8,8,0.0,0.0,,,0.0,,,0,0,996.0,,,,,,,,,,,,,,,,,,,,,,,,,,,,,,0,0,0,1,0,0,0,0,0,0,0,0,0,0,0,0,0,0,1,0,0,0,0,0,0,1,1,1,0,1,1,0,0,0,0,,1,0,0,0,0,0,0,0,0,0,1,0,0,0,0,0,,,,,,81+,76+,State route,R,Friday,Belt Used,PV,White,1,0,0,0,State Route,State Patrol,Washington State Patrol,0,1,0,0,0,,,,,,0.0,0.0,0.0,,,,,,,,,,,98.0,98.0,98.0,1.0,,,,,20.0,7.0,,,,,,,,1.0,0.0,,,,,,,98837
2864,2020,356,EA53622,6.0,06/19/2020,11:59,19,6,,25,Grant,0,1,,1,1,2,1,0,3,2,,,,12,0,6,39.6,2,0,2,3,1,1,3,0,0,0,0,SR-17,RD 2 SE,-119.1947083,47.057694444,0,2,87,66,4,60,63,0,0,1,2,12,1,1,3,1,1,1,3,53,0,87,881,1996,0,,12,,,,,,1,1,27,1,0.0,,0,0,3,0,11,0,,,,,6.0,1.0,0.0,3.0,1,0,,,,96,,,,,,0,,,,,,99130.0,53,70.0,150.0,6.0,1.0,0.0,0.0,1.0,0.0,,0,,,,,,0,12/15/2015,12/15/2015,20,0,0,0,8.0,9,8,,,0,,,8,8,0.0,0.0,,,0.0,,,0,0,996.0,,,,,,,,,,,,,,,,,,,,,,,,,,,,,,0,0,0,1,0,0,0,0,0,0,0,0,0,0,0,0,0,0,1,0,0,0,0,0,0,1,1,1,0,1,1,0,0,0,0,,0,0,0,0,0,0,0,0,0,0,0,0,0,0,0,0,,,,,,26-30,26-35,State route,R,Friday,,MHTRUCK,Not Fatal,1,0,0,0,State Route,State Patrol,Washington State Patrol,0,1,0,0,0,,,,,,0.0,0.0,0.0,,,,,,,,,,,0.0,0.0,0.0,0.0,,,,,20.0,7.0,,,,,,,,1.0,0.0,,,,,,,98837
2865,2020,357,EA63817,59.0,09/14/2020,7:00,14,9,,33,King,109,5,,1,1,2,1,1,1,1,,,,8,0,0,0.0,3,0,2,4,2,4,6,0,0,3,3,140TH AVE NE,NE 20th St,-122.1537417,47.627927778,0,1,13,16,2,30,34,0,0,1,2,8,1,1,5,1,10,1,2,53,0,49,482,2017,0,,8,,,,,,1,1,55,1,0.0,,0,0,3,0,11,0,,,,,0.0,0.0,0.0,3.0,1,10,38.0,,,0,,,,,,98,,,,,,98004.0,53,72.0,189.0,6.0,1.0,0.0,1.0,0.0,1.0,,0,,,,,,0,01/15/2019,06/15/2020,20,0,0,0,8.0,9,8,,,0,,,8,8,2.0,1.0,,,1.0,,,2,1,0.0,,,,,,,,,,,,,,,,,,,,,,,,,,,,,,0,0,0,1,0,0,0,0,0,0,0,0,0,0,0,0,0,0,1,0,0,0,0,0,0,0,0,0,0,1,0,1,0,0,0,,0,0,0,0,0,0,0,0,0,0,1,0,0,0,0,0,,,,,,51-55,46-55,City street,U,Monday,Belt Used,PV,Not Fatal,1,0,0,0,City Street,Municipal/City Police,Bellevue Police Department,0,0,0,1,0,,,,,,0.0,0.0,0.0,,,,,,,,,,,98.0,98.0,98.0,0.0,,,,,20.0,7.0,,,,,,,,1.0,0.0,,,,,,,98007
2866,2020,358,EA64517,3.0,09/02/2020,12:12,2,9,,53,Pierce,1124,1,,1,1,2,1,0,7,4,,,,12,0,1,0.3,1,0,1,3,2,1,3,0,0,0,0,SR-512,,-122.4735083,47.161638889,0,1,28,52,3,45,4,0,0,1,2,12,1,1,4,3,1,1,2,53,0,49,40,2003,0,,12,12.0,,,,,1,1,28,1,0.0,,0,0,3,0,11,0,,,,,0.0,0.0,0.0,2.0,1,0,,,,96,,,,,,98,,,,,,98404.0,53,72.0,180.0,1.0,1.0,0.0,2.0,1.0,2.0,,97,,,,,,4,06/15/2017,09/15/2020,20,0,0,0,8.0,3,8,,,0,,,8,8,8.0,95.0,,,96.0,,,8,95,995.0,,,,,,,,,,,,,,,,,,,,,,,,,,,,,,0,0,0,0,0,0,1,1,0,0,0,0,1,1,0,0,0,0,0,0,0,0,0,1,1,0,0,0,0,1,0,0,0,0,0,,0,0,0,0,0,0,0,0,0,1,0,1,0,0,0,0,,,,,,26-30,26-35,State route,U,Wednesday,Belt Used,PV,Not Fatal,0,0,0,0,State Route,State Patrol,Washington State Patrol,0,1,0,0,0,,,,,,0.0,0.0,3.0,,,,,,,,,,,98.0,98.0,98.0,0.0,,,,,20.0,7.0,,,,,,,,1.0,0.0,,,,,,,98499
2867,2020,358,EA64517,3.0,09/02/2020,12:12,2,9,,53,Pierce,1124,1,,1,1,2,1,0,7,4,,,,12,0,1,0.3,1,0,1,3,2,1,3,0,0,0,0,SR-512,,-122.4735083,47.161638889,0,2,29,53,3,45,4,0,0,1,2,12,1,1,4,3,2,1,1,53,0,48,34,1999,0,,12,,,,,,1,1,23,1,7.0,,4,0,2,0,11,5,09/04/2020,8:55,223053041500.0,41500.0,0.0,0.0,3.0,3.0,1,0,,,,96,,,,,,98,,,,,,98513.0,53,77.0,155.0,6.0,1.0,0.0,0.0,1.0,0.0,,0,,,,,,0,04/15/2020,04/15/2020,20,0,0,0,0.0,9,8,,,0,,,8,8,2.0,401.0,417.0,,1.0,1.0,,2,1,0.0,,,,,,,,,,,,,,,,,,,,,,,,,,,,,,0,0,0,0,0,0,1,1,0,0,0,0,1,1,0,0,0,0,0,0,0,0,0,1,1,0,0,0,0,1,0,0,0,0,0,,1,0,0,0,0,0,1,1,0,0,0,0,0,0,1,0,,,,,,21-25,16-25,State route,U,Wednesday,Belt Used,PV,White,0,0,0,0,State Route,State Patrol,Washington State Patrol,0,1,0,0,0,,,,,,0.0,0.0,0.0,,,,,,,,,,,0.0,0.0,0.0,1.0,,,,,20.0,7.0,,,,,,,,1.0,0.0,,,,,,,98499
2868,2020,358,EA64517,3.0,09/02/2020,12:12,2,9,,53,Pierce,1124,1,,1,1,2,1,0,7,4,,,,12,0,1,0.3,1,0,1,3,2,1,3,0,0,0,0,SR-512,,-122.4735083,47.161638889,0,3,98,98,7,45,4,0,0,1,2,12,1,1,4,3,2,1,2,53,0,37,31,2002,0,,12,12.0,,,,,1,1,47,1,0.0,,1,0,3,0,11,0,,,,,0.0,0.0,0.0,3.0,1,0,,,,96,,,,,,98,,,,,,98327.0,53,64.0,180.0,6.0,1.0,0.0,0.0,0.0,0.0,,0,,,,,,0,,,20,0,0,0,8.0,9,8,,,0,,,8,8,8.0,95.0,,,96.0,,,8,95,995.0,,,,,,,,,,,,,,,,,,,,,,,,,,,,,,0,0,0,0,0,0,1,1,0,0,0,0,1,1,0,0,0,0,0,0,0,0,0,1,1,0,0,0,0,1,0,0,0,0,0,,0,0,0,0,0,0,0,0,0,0,0,0,0,0,0,0,,,,,,46-50,46-55,State route,U,Wednesday,Belt Used,PV,Not Fatal,0,0,0,0,State Route,State Patrol,Washington State Patrol,0,1,0,0,0,,,,,,0.0,0.0,0.0,,,,,,,,,,,98.0,98.0,98.0,0.0,,,,,20.0,7.0,,,,,,,,1.0,0.0,,,,,,,98499
2869,2020,358,EA64517,3.0,09/02/2020,12:12,2,9,,53,Pierce,1124,1,,1,1,2,1,0,7,4,,,,12,0,1,0.3,1,0,1,3,2,1,3,0,0,0,0,SR-512,,-122.4735083,47.161638889,0,4,98,98,7,45,34,0,0,1,2,12,1,1,4,3,1,4,1,53,0,49,472,2017,0,,12,,,,,,1,1,35,1,0.0,,0,0,3,0,11,0,,,,,0.0,0.0,3.0,3.0,1,0,,,,96,,,,,,98,,,,,,98445.0,53,69.0,185.0,6.0,1.0,0.0,0.0,1.0,0.0,,0,,,,,,0,06/15/2018,06/15/2018,20,0,0,0,8.0,9,8,,,0,,,8,8,8.0,95.0,,,96.0,,,8,95,995.0,,,,,,,,,,,,,,,,,,,,,,,,,,,,,,0,0,0,0,0,0,1,1,0,0,0,0,1,1,0,0,0,0,0,0,0,0,0,1,1,0,0,0,0,1,0,0,0,0,0,,0,0,0,0,0,0,0,0,0,0,0,0,0,0,0,0,,,,,,31-35,26-35,State route,U,Wednesday,Belt Used,PV,Not Fatal,0,0,0,0,State Route,State Patrol,Washington State Patrol,0,1,0,0,0,,,,,,0.0,0.0,0.0,,,,,,,,,,,98.0,98.0,98.0,0.0,,,,,20.0,7.0,,,,,,,,1.0,0.0,,,,,,,98499
2870,2020,359,EA64569,1.0,09/12/2020,20:56,12,9,,77,Yakima,0,5,,2,1,2,1,0,2,2,,,,12,0,2,2.5,1,0,1,5,1,1,3,0,3,0,0,SR-223,,-120.1961056,46.332616667,0,1,50,80,5,55,62,1,0,1,2,12,1,1,2,1,1,1,3,53,0,20,881,1989,0,,68,12.0,,,,,1,1,38,1,0.0,,2,0,3,0,11,0,,,,,0.0,0.0,0.0,3.0,1,28,38.0,,,12,,,,,,98,,,,,,98903.0,53,70.0,220.0,6.0,1.0,0.0,3.0,2.0,1.0,,0,,,,,,0,04/15/2016,06/15/2020,20,0,0,0,8.0,3,8,,,0,,,8,8,0.0,0.0,,,0.0,,,0,0,996.0,,,,,,,,,,,,,,,,,,,,,,,,,,,,,,0,0,0,0,1,0,0,0,0,0,0,0,0,0,0,0,1,0,1,0,0,0,0,0,0,0,0,0,0,1,1,0,0,0,0,,0,0,0,0,0,0,0,0,1,0,1,0,0,0,0,0,,,,,,36-40,36-45,State route,R,Saturday,,MHTRUCK,Not Fatal,0,1,1,0,State Route,State Patrol,Washington State Patrol,0,1,0,0,0,,,,,,0.0,0.0,5.0,,,,,,,,,,,0.0,0.0,0.0,0.0,,,,,20.0,7.0,,,,,,,,1.0,0.0,,,,,,,98932