,year,case,par,repjur,crash_dt,crash_tm,accday,accmon,holiday,county,co_char,city,weather,weather2,lightcond,surfcond,surftype,numfatal,nmforms,pforms,vforms,not_tm,arr_tm,hosp_tm,fhevent,hitrun,manncol,milepnt,reljunc,reljuncinter,intersectiontype,funcsystem,landuse,ownership,route,schlbus,spejur,contdev,devfunc,trafid1,trafid2,x,y,wk_zone,vnumber,crashtype,criticalevent,criticaleventcat,spdlim,body,trailer,emerg,hazcargo,leave,mhevent,roadalgn,roadprof,traflane,trafflow,vehmanvr,numoccs,regowner,regstate,spuse,make,model,modelyr,vrf1,vrf2,seqevent1,seqevent2,seqevent3,seqevent4,seqevent5,seqevent6,pnumber,ptype,age,sex,hispanic,race,injury,diedscene,restraint,restraintmisuse,seatpos,takehosp,death_dt,death_tm,cert,cernum_wa,commlic,licendor,licrestrict,liccomp,drivpres,drf1,drf2,drf3,drf4,distract1,distract2,distract3,distract4,distract5,distract6,dricond1,dricond2,dricond3,dricond4,dricond5,dricond6,dzip,licstate,drhgt_in,weight,noncdl,noncdltype,prevdwi,prevoth,prevacc,prevspd,prevsus,driviol1,driviol2,driviol3,driviol4,driviol5,driviol6,spdrel,first_dt,last_dt,airbag,ejection,ejectpath,extricat,injurwrk,methalc,methdrug,nmlocat,strikveh,prf1,prf2,prf3,druginv,alcinvol,drugsts,drugres1,drugres2,drugres3,drugtst1,drugtst2,drugtst3,alcsts,alctst,alcres,nmact1,nmact2,nmact3,nmact4,nmact5,nmact6,nmprior1,nmprior2,nmprior3,nmprior4,nmprior5,nmprior6,nmcond1,nmcond2,nmcond3,nmcond4,nmcond5,nmcond6,nmsafe_helmet,nmsafe_pads,nmsafe_oth,nmprev_ref,nmprev_lgt,nmprev_oth,crashlocation,nmcrashtype,crosswalk,schoolzone,sidewalk,train_inv,wildlife_inv,rotr_fars,intersect_fars,dd_inv,aid_inv,dpd_inv,id_inv,mj_inv,impnm_inv,ainm_inv,dpnm_inv,speed_inv,unlic_inv,unendmc_inv,drowsy_inv,drdist_inv,nmdist_inv,fty_inv,unrestfat_inv,dr1617_inv,dr1820_inv,dr1620_inv,dr2125_inv,dr1625_inv,dr65_inv,dr70_inv,dr75_inv,mc_inv,pv_inv,ht_inv,ped_inv,bike_inv,unrest_fat,mc_fat,unhelmet_mc,pv_fat,ht_fat,ped_fat,bike_fat,dr_alc7,dr_alc8,dr_drug,dr_imp,dr_dist,dr_spd,dr_fty,dr_unlic,dr_alc7only,dr_alc8only,dr_drugonly,dr_drink,nm_imp,nm_alc7,nm_alc8,nm_drug,nm_dist,agegrp1,agegrp2,roadclass,urbrur,dayweek,restuse,vehtype,race_me,intersect,lanedep,oppdir,wrongway,rep_typ,investag,repag_long,rotr,st_rd,cty_rd,city_rd,oth_rd,drug_thc,thc_res,drug_cthc,cthc_res,drug_cann,prevpersemin,prevperse,prevsusoth,drugtst4,drugtst5,drugtst6,drugtst7,drugtst8,drugres4,drugres5,drugres6,drugres7,drugres8,adspresent,adsengaged,adslevel,race1,race2,race3,race4,race5,helmet,helmetmisuse,nmdistract1,nmdistract2,nmdistract3,nmdistract4,nmdistract5,nmdistract6,lab,isedtcase,crf1,crf2,crf3,CoRoadName,CoMP,IntCoRoadName,IntCoMP,zipcode
2871,2020,359,EA64569,1.0,09/12/2020,20:56,12,9,,77,Yakima,0,5,,2,1,2,1,0,2,2,,,,12,0,2,2.5,1,0,1,5,1,1,3,0,3,0,0,SR-223,,-120.1961056,46.332616667,0,2,51,62,4,55,34,0,0,1,2,12,1,1,2,1,1,1,2,53,0,20,481,2004,0,,12,,,,,,1,1,37,1,1.0,,4,7,3,0,11,0,09/12/2020,20:56,53043626.0,43626.0,0.0,0.0,0.0,3.0,1,0,,,,96,,,,,,98,,,,,,98935.0,53,68.0,190.0,6.0,1.0,0.0,2.0,0.0,0.0,,0,,,,,,0,07/15/2016,04/15/2019,8,0,0,0,0.0,9,8,,,0,,,8,8,2.0,1.0,,,1.0,,,2,1,0.025,,,,,,,,,,,,,,,,,,,,,,,,,,,,,,0,0,0,0,1,0,0,0,0,0,0,0,0,0,0,0,1,0,1,0,0,0,0,0,0,0,0,0,0,1,1,0,0,0,0,,1,0,0,0,1,0,0,0,0,0,0,0,1,0,0,1,,,,,,36-40,36-45,State route,R,Saturday,Belt Used,PV,Hispanic,0,1,1,0,State Route,State Patrol,Washington State Patrol,0,1,0,0,0,,,,,,0.0,0.0,0.0,,,,,,,,,,,98.0,98.0,98.0,98.0,,,,,20.0,7.0,,,,,,,,1.0,0.0,,,,,,,98932
2872,2020,360,EA64583,290.0,09/18/2020,5:53,18,9,,53,Pierce,2230,10,,3,1,2,1,0,1,1,,,,42,0,0,0.0,3,0,3,4,2,4,6,0,0,0,0,96TH ST S,S HOSMER ST,-122.4637083,47.170166667,0,1,6,8,1,35,4,0,0,1,2,42,1,2,3,5,1,1,2,53,0,39,32,1997,0,,68,64.0,42.0,40.0,,,1,1,32,1,2.0,,4,7,3,0,11,0,09/18/2020,5:53,223053144339.0,144339.0,0.0,0.0,0.0,0.0,1,0,,,,96,,,,,,98,,,,,,98003.0,53,,999.0,0.0,0.0,0.0,0.0,0.0,0.0,,0,,,,,,3,,,1,0,0,0,0.0,9,8,,,0,,,8,8,2.0,695.0,605.0,,1.0,1.0,,2,1,0.121,,,,,,,,,,,,,,,,,,,,,,,,,,,,,,0,0,1,1,1,1,1,1,1,0,0,0,1,1,0,0,0,0,0,0,0,0,0,0,0,0,0,0,0,1,0,0,0,0,0,,1,0,0,0,0,1,1,1,0,1,0,1,0,0,0,1,,,,,,31-35,26-35,City street,U,Friday,Belt Used,PV,Hispanic,1,0,0,0,City Street,Municipal/City Police,Tacoma Police Department,0,0,0,1,0,thc,12.0,carboxy-thc,20.0,,0.0,0.0,0.0,,,,,,,,,,,0.0,0.0,0.0,98.0,,,,,20.0,7.0,,,,,,,nms,1.0,0.0,,,,,,,98447
2873,2020,362,EA64910,11.0,08/20/2020,5:28,20,8,,5,Benton,0,1,,4,0,0,1,0,2,2,5:20,5:52,6:38,12,0,6,5.5,8,0,1,5,1,2,4,0,0,20,3,CR-S PLYMOUTH RD,,-119.3542306,46.008786111,0,1,82,15,2,0,34,0,0,1,2,12,0,0,0,0,11,1,2,53,0,20,481,2003,0,,12,,,,,,1,1,32,1,1.0,,4,7,20,7,11,0,08/20/2020,5:28,53038477.0,38477.0,0.0,0.0,0.0,0.0,1,38,,,,96,,,,,,98,,,,,,97838.0,41,71.0,175.0,0.0,0.0,0.0,0.0,0.0,3.0,,0,,,,,,0,07/15/2018,01/15/2020,1,1,9,0,0.0,9,8,,,0,,,8,8,2.0,1.0,,,1.0,,,2,1,0.0,,,,,,,,,,,,,,,,,,,,,,,,,,,,,,0,0,0,0,0,0,0,0,0,0,0,0,0,1,0,0,0,0,1,1,0,0,0,1,1,0,0,0,0,1,1,0,0,1,0,,1,0,0,0,0,0,0,0,0,0,1,1,0,0,0,0,,,,,,31-35,26-35,County road,R,Thursday,Not Used,PV,Hispanic,0,0,0,0,County Road,County Sheriff,Benton County Sheriff's Office,0,0,1,0,0,,,,,,0.0,0.0,3.0,,,,,,,,,,,98.0,98.0,98.0,1.0,,,,,20.0,7.0,,,,,,,,1.0,0.0,,,PLYMOUTH RD,5.52,,,99346
2874,2020,362,EA64910,11.0,08/20/2020,5:28,20,8,,5,Benton,0,1,,4,1,2,1,0,2,2,5:20,5:52,6:38,12,0,6,5.5,8,0,1,5,1,2,4,0,0,0,0,CR-S PLYMOUTH RD,,-119.3542306,46.008786111,0,2,83,67,4,50,66,0,0,1,2,12,1,2,2,1,1,1,3,53,0,84,884,1999,0,,12,,,,,,1,1,21,1,0.0,,2,0,3,0,11,5,,,,,0.0,0.0,0.0,2.0,1,0,,,,96,,,,,,98,,,,,,98930.0,53,72.0,220.0,6.0,1.0,0.0,2.0,0.0,0.0,,0,,,,,,0,12/15/2019,12/15/2019,20,0,0,0,8.0,9,8,,,0,,,8,8,2.0,1.0,,,1.0,,,2,1,0.0,,,,,,,,,,,,,,,,,,,,,,,,,,,,,,0,0,0,0,0,0,0,0,0,0,0,0,0,1,0,0,0,0,1,1,0,0,0,1,1,0,0,0,0,1,1,0,0,0,0,,0,0,0,0,0,0,0,0,0,0,0,0,0,0,0,0,,,,,,21-25,16-25,County road,R,Thursday,,MHTRUCK,Not Fatal,0,0,0,0,County Road,County Sheriff,Benton County Sheriff's Office,0,0,1,0,0,,,,,,0.0,0.0,0.0,,,,,,,,,,,0.0,0.0,0.0,0.0,,,,,20.0,7.0,,,,,,,,1.0,0.0,,,PLYMOUTH RD,5.52,,,99346
2875,2020,363,EA64952,4.0,09/18/2020,21:20,18,9,,63,Spokane,0,5,,2,1,2,1,0,1,1,,,,1,0,0,76.5,1,0,1,5,1,1,3,0,0,0,0,SR-27,,-117.1778167,47.511927778,0,1,1,9,1,55,80,0,0,1,2,1,3,1,2,1,6,1,1,53,0,72,706,2016,0,,63,1.0,,,,,1,1,41,1,7.0,,4,7,20,7,11,0,09/18/2020,21:20,53043489.0,43489.0,0.0,0.0,3.0,3.0,1,8,33.0,,,96,,,,,,9,,,,,,99218.0,53,72.0,210.0,6.0,1.0,0.0,1.0,1.0,3.0,,0,,,,,,0,07/15/2016,05/15/2019,20,8,0,0,0.0,1,8,,,0,,,9,1,2.0,1.0,,,1.0,,,2,1,0.106,,,,,,,,,,,,,,,,,,,,,,,,,,,,,,0,0,1,0,1,1,0,1,0,0,0,0,0,0,0,0,0,0,0,0,0,0,0,0,0,0,0,0,1,0,0,0,0,0,1,1.0,0,0,0,0,0,1,0,1,0,0,0,0,0,1,0,1,,,,,,41-45,36-45,State route,R,Friday,,MC,White,0,1,0,0,State Route,State Patrol,Washington State Patrol,1,1,0,0,0,,,,,,0.0,0.0,1.0,,,,,,,,,,,0.0,0.0,0.0,1.0,,,,,16.0,0.0,,,,,,,,1.0,0.0,,,,,,,99206
2876,2020,364,EA63509,184.0,09/05/2020,10:54,5,9,,61,Snohomish,1215,1,,1,1,2,1,0,2,2,,,,12,0,6,41.1,2,0,4,3,2,1,3,0,0,20,3,SR-99,186TH PL W,-122.3072806,47.830180556,0,1,82,15,2,45,15,0,0,1,2,12,1,1,2,1,11,1,1,53,0,12,425,2019,0,,12,,,,,,1,1,73,1,0.0,,1,0,3,0,11,0,,,,,0.0,0.0,3.0,3.0,1,0,,,,96,,,,,,98,,,,,,98026.0,53,72.0,198.0,6.0,1.0,0.0,0.0,0.0,0.0,,97,,,,,,0,,,8,0,0,0,8.0,9,8,,,0,,,8,8,8.0,95.0,,,96.0,,,8,95,995.0,,,,,,,,,,,,,,,,,,,,,,,,,,,,,,0,0,0,1,0,0,1,1,1,0,0,0,0,0,0,0,0,0,0,0,0,0,0,0,0,1,1,0,1,1,0,0,0,0,0,,0,0,0,0,0,0,0,0,0,0,0,0,0,0,0,0,,,,,,71-75,66-75,State route,U,Saturday,Belt Used,PV,Not Fatal,1,0,0,0,State Route,Municipal/City Police,Lynnwood Police Department,0,1,0,0,0,,,,,,0.0,0.0,0.0,,,,,,,,,,,98.0,98.0,98.0,0.0,,,,,20.0,7.0,,,,,,,,1.0,0.0,,,,,,,98037
2877,2020,364,EA63509,184.0,09/05/2020,10:54,5,9,,61,Snohomish,1215,1,,1,1,2,1,0,2,2,,,,12,0,6,41.1,2,0,4,3,2,1,3,0,0,0,0,SR-99,186TH PL W,-122.3072806,47.830180556,0,2,83,67,4,45,80,0,0,1,2,12,1,1,7,5,1,1,2,41,0,53,706,2006,0,,12,,,,,,1,1,31,1,7.0,,4,0,20,7,11,5,09/16/2020,3:08,196053043178.0,43178.0,0.0,0.0,3.0,3.0,1,0,,,,96,,,,,,98,,,,,,98013.0,53,74.0,270.0,6.0,1.0,0.0,0.0,1.0,1.0,,0,,,,,,0,01/15/2016,06/15/2018,20,8,0,0,0.0,9,8,,,0,,,8,8,2.0,348.0,695.0,605.0,1.0,1.0,1.0,2,1,0.0,,,,,,,,,,,,,,,,,,,,,,,,,,,,,,0,0,0,1,0,0,1,1,1,0,0,0,0,0,0,0,0,0,0,0,0,0,0,0,0,1,1,0,1,1,0,0,0,0,1,0.0,0,0,0,0,0,0,1,1,0,0,0,0,0,0,1,0,,,,,,31-35,26-35,State route,U,Saturday,,MC,Black,1,0,0,0,State Route,Municipal/City Police,Lynnwood Police Department,0,1,0,0,0,thc,7.0,carboxy-thc,110.0,,0.0,0.0,1.0,1.0,,,,,151.0,,,,,0.0,0.0,0.0,2.0,,,,,5.0,0.0,,,,,,,nms,1.0,0.0,,,,,,,98037
2878,2020,365,EA65166,3.0,09/19/2020,21:36,19,9,,67,Thurston,0,2,,2,2,2,1,0,3,2,21:28,21:39,,12,1,1,16.2,1,0,1,5,1,2,4,0,0,0,0,CR-OLD HIGHWAY 99 SE,,-122.8600806,46.922205556,0,1,24,51,3,50,15,0,0,1,2,12,1,1,2,1,1,1,1,53,0,2,422,2016,0,,12,68.0,64.0,42.0,,,1,1,37,1,0.0,,0,0,3,0,11,0,,,,,0.0,0.0,3.0,3.0,1,91,,,,96,,,,,,98,,,,,,98501.0,53,68.0,155.0,6.0,1.0,0.0,0.0,0.0,0.0,,1,7.0,,,,,3,,,8,0,0,0,8.0,9,8,,,0,,,8,8,2.0,695.0,605.0,,1.0,1.0,,2,1,0.19,,,,,,,,,,,,,,,,,,,,,,,,,,,,,,0,0,0,0,1,1,1,1,1,0,0,0,1,0,0,0,0,0,0,0,0,0,0,0,0,0,0,0,0,1,0,0,0,0,0,,0,0,0,0,0,1,1,1,0,1,0,0,0,0,0,1,,,,,,36-40,36-45,County road,R,Saturday,Belt Used,PV,Not Fatal,0,0,0,0,County Road,State Patrol,Washington State Patrol,0,0,1,0,0,thc,1.0,carboxy-thc,7.5,,0.0,0.0,0.0,,,,,,,,,,,98.0,98.0,98.0,0.0,,,,,20.0,7.0,,,,,,,,1.0,0.0,,,OLD HWY 99 SW,16.222,,,98589
2879,2020,365,EA65166,3.0,09/19/2020,21:36,19,9,,67,Thurston,0,2,,2,2,2,1,0,3,2,21:28,21:39,,12,0,1,16.2,1,0,1,5,1,2,4,0,0,0,0,CR-OLD HIGHWAY 99 SE,,-122.8600806,46.922205556,0,2,25,53,3,50,4,0,0,1,2,12,1,1,2,1,1,2,1,53,0,35,47,2007,0,,12,68.0,64.0,42.0,,,1,1,51,1,0.0,,3,0,3,0,11,4,,,,,0.0,0.0,0.0,3.0,1,0,,,,96,,,,,,0,,,,,,98501.0,53,68.0,150.0,6.0,1.0,0.0,0.0,0.0,1.0,,0,,,,,,0,10/15/2016,10/15/2016,8,0,0,0,8.0,3,8,,,0,,,8,8,0.0,0.0,,,0.0,,,0,0,996.0,,,,,,,,,,,,,,,,,,,,,,,,,,,,,,0,0,0,0,1,1,1,1,1,0,0,0,1,0,0,0,0,0,0,0,0,0,0,0,0,0,0,0,0,1,0,0,0,0,0,,0,0,0,0,0,0,0,0,0,0,0,0,0,0,0,0,,,,,,51-55,46-55,County road,R,Saturday,Belt Used,PV,Not Fatal,0,0,0,0,County Road,State Patrol,Washington State Patrol,0,0,1,0,0,,,,,,0.0,0.0,0.0,,,,,,,,,,,98.0,98.0,98.0,0.0,,,,,20.0,7.0,,,,,,,,1.0,0.0,,,OLD HWY 99 SW,16.222,,,98589
2880,2020,366,EA64658,35.0,09/18/2020,21:34,18,9,,53,Pierce,0,2,,3,2,2,1,1,1,1,,,,8,0,0,4.9,1,0,1,5,2,2,4,0,0,0,0,CR-78TH AVE E,,-122.3256472,47.082658333,0,1,13,80,5,35,15,0,0,1,5,8,1,3,2,1,1,1,1,53,0,23,421,2007,0,,8,,,,,,1,1,38,1,0.0,,0,0,3,0,11,0,,,,,0.0,0.0,0.0,2.0,1,0,,,,96,,,,,,98,,,,,,98372.0,53,66.0,130.0,1.0,1.0,0.0,0.0,0.0,0.0,,0,,,,,,0,,,20,0,0,0,8.0,9,8,,,0,,,8,8,8.0,95.0,,,96.0,,,8,95,995.0,,,,,,,,,,,,,,,,,,,,,,,,,,,,,,0,0,0,0,0,0,0,0,0,0,0,0,0,1,0,0,0,0,0,0,0,0,0,0,0,0,0,0,0,1,0,1,0,0,0,,0,0,0,0,0,0,0,0,0,0,0,1,0,0,0,0,,,,,,36-40,36-45,County road,U,Friday,Belt Used,PV,Not Fatal,0,0,0,0,County Road,County Sheriff,Law Enforcement Support Agency,0,0,1,0,0,,,,,,0.0,0.0,0.0,,,,,,,,,,,98.0,98.0,98.0,0.0,,,,,20.0,7.0,,,,,,,,1.0,0.0,,,078 AVE E,4.85,,,98375
2881,2020,367,EA65523,5.0,09/07/2020,0:01,7,9,,11,Clark,0,1,,2,1,2,1,0,1,1,,,,59,0,0,26.2,1,0,1,4,1,1,3,0,0,0,0,SR-503,,-122.3690194,45.947041667,0,1,1,9,1,50,80,0,0,1,2,59,1,1,2,1,1,1,2,53,0,53,705,2007,0,,63,59.0,,,,,1,1,29,1,7.0,,4,7,20,7,11,0,09/07/2020,0:14,53041773.0,41773.0,6.0,0.0,0.0,2.0,1,0,,,,96,,,,,,98,,,,,,98601.0,53,70.0,180.0,6.0,1.0,0.0,2.0,3.0,2.0,,0,,,,,,4,12/15/2016,03/15/2018,20,8,0,0,0.0,9,8,,,0,,,8,8,2.0,605.0,,,1.0,,,2,1,0.128,,,,,,,,,,,,,,,,,,,,,,,,,,,,,,0,0,1,0,1,1,1,1,1,0,0,0,1,0,1,0,0,0,0,0,0,0,0,0,0,0,0,0,1,0,0,0,0,0,1,0.0,0,0,0,0,0,1,1,1,0,1,0,0,0,0,0,1,,,,,,26-30,26-35,State route,R,Monday,,MC,White,0,1,0,0,State Route,State Patrol,Washington State Patrol,1,1,0,0,0,thc,3.1,,,,0.0,0.0,0.0,,,,,,,,,,,0.0,0.0,0.0,1.0,,,,,99.0,7.0,,,,,,,nms,1.0,0.0,,,,,,,98601
2882,2020,368,EA65688,31.0,09/20/2020,13:30,20,9,,45,Mason,0,1,,1,1,7,1,0,2,1,13:34,13:42,14:04,35,0,0,4.3,1,0,1,5,1,2,4,0,0,0,0,CR-E MASON LAKE RD,,-123.0205194,47.295555556,0,1,6,13,2,45,2,0,0,1,2,35,3,1,2,1,14,2,1,53,0,12,3,1997,0,,63,69.0,68.0,64.0,35.0,1.0,1,1,31,1,7.0,,4,7,3,0,11,0,09/20/2020,13:30,53044086.0,44086.0,0.0,0.0,0.0,3.0,1,58,,,,96,,,,,,98,,,,,,98546.0,53,73.0,175.0,6.0,1.0,1.0,1.0,0.0,0.0,,0,,,,,,3,08/15/2018,08/15/2018,99,0,0,0,0.0,9,8,,,0,,,8,8,2.0,695.0,,,1.0,,,2,1,0.138,,,,,,,,,,,,,,,,,,,,,,,,,,,,,,0,0,1,0,1,1,1,1,1,0,0,0,1,0,0,0,0,0,0,0,0,0,0,0,0,0,0,0,0,1,0,0,0,0,0,,1,0,0,0,0,1,1,1,0,1,0,0,0,0,0,1,,,,,,31-35,26-35,County road,R,Sunday,Belt Used,PV,White,0,1,0,0,County Road,County Sheriff,Mason County Sheriff's Office,1,0,1,0,0,,,carboxy-thc,5.5,,0.0,1.0,1.0,,,,,,,,,,,0.0,0.0,0.0,1.0,,,,,20.0,7.0,,,,,,,nms,1.0,0.0,,,MASON LAKE RD,4.32,,,98584
2883,2020,369,EA65735,2.0,08/15/2020,15:43,15,8,,61,Snohomish,0,1,,1,1,2,1,0,3,2,15:52,16:10,16:29,12,0,2,20.2,1,0,1,3,2,1,3,0,0,0,0,SR-522,,-122.0550333,47.830516667,0,1,50,10,2,55,14,0,0,1,2,12,2,2,1,2,14,1,1,53,0,63,402,2019,0,,68,12.0,1.0,2.0,,,1,1,54,2,0.0,,3,0,3,0,11,5,,,,,0.0,0.0,3.0,3.0,1,58,91.0,,,92,,,,,,9,,,,,,98155.0,53,68.0,145.0,6.0,1.0,0.0,0.0,1.0,0.0,,1,,,,,,0,04/15/2019,04/15/2019,8,0,0,0,8.0,3,8,,,0,,,8,1,2.0,1.0,,,1.0,,,2,1,0.0,,,,,,,,,,,,,,,,,,,,,,,,,,,,,,0,0,0,0,1,0,0,0,0,0,0,0,0,0,0,0,1,0,0,0,0,0,0,0,0,0,0,0,0,1,0,0,0,0,0,,0,0,0,0,0,0,0,0,1,0,0,0,0,0,0,1,,,,,,51-55,46-55,State route,U,Saturday,Belt Used,PV,Not Fatal,0,1,1,0,State Route,State Patrol,Washington State Patrol,0,1,0,0,0,,,,,,0.0,0.0,0.0,,,,,,,,,,,98.0,98.0,98.0,0.0,,,,,20.0,7.0,,,,,,,,1.0,0.0,,,,,,,98296
2884,2020,369,EA65735,2.0,08/15/2020,15:43,15,8,,61,Snohomish,0,1,,1,1,2,1,0,3,2,15:52,16:10,16:29,12,0,2,20.2,1,0,1,3,2,1,3,0,0,0,0,SR-522,,-122.0550333,47.830516667,0,2,51,62,4,55,4,0,0,1,2,12,3,2,1,2,14,2,1,53,0,32,59,2017,0,,12,1.0,,,,,1,1,27,1,0.0,,3,0,3,0,11,5,,,,,0.0,0.0,0.0,3.0,1,0,,,,96,,,,,,0,,,,,,98296.0,53,72.0,165.0,6.0,1.0,0.0,0.0,2.0,2.0,,0,,,,,,0,12/15/2015,12/15/2018,8,0,0,0,8.0,9,8,,,0,,,8,8,8.0,95.0,,,96.0,,,8,95,995.0,,,,,,,,,,,,,,,,,,,,,,,,,,,,,,0,0,0,0,1,0,0,0,0,0,0,0,0,0,0,0,1,0,0,0,0,0,0,0,0,0,0,0,0,1,0,0,0,0,0,,0,0,0,0,0,0,0,0,0,0,0,0,0,0,0,0,,,,,,26-30,26-35,State route,U,Saturday,Belt Used,PV,Not Fatal,0,1,1,0,State Route,State Patrol,Washington State Patrol,0,1,0,0,0,,,,,,0.0,0.0,0.0,,,,,,,,,,,98.0,98.0,98.0,0.0,,,,,20.0,7.0,,,,,,,,1.0,0.0,,,,,,,98296
2885,2020,370,EA65822,1.0,09/22/2020,3:20,22,9,,77,Yakima,2590,1,,2,1,2,2,0,4,3,3:27,3:31,4:08,12,0,2,33.7,1,0,1,1,2,1,1,0,0,0,0,I-82,,-120.4803056,46.598627778,0,1,52,54,3,60,14,0,0,1,2,12,1,1,2,3,1,2,2,53,0,20,401,1995,0,,12,,,,,,1,1,35,1,7.0,,4,7,3,0,11,0,09/22/2020,3:20,259053044417.0,44417.0,0.0,0.0,0.0,3.0,1,50,,,,96,,,,,,98,,,,,,98948.0,53,75.0,299.0,6.0,1.0,0.0,0.0,0.0,0.0,,0,,,,,,0,,,1,0,0,0,0.0,9,8,,,0,,,8,8,2.0,401.0,417.0,151.0,1.0,1.0,1.0,2,1,0.0,,,,,,,,,,,,,,,,,,,,,,,,,,,,,,0,0,0,0,0,0,1,1,0,0,0,0,0,0,0,0,0,0,0,0,0,0,0,0,0,0,0,0,0,1,0,0,0,0,0,,1,0,0,0,0,0,1,1,0,0,0,0,0,0,1,0,,,,,,31-35,26-35,Interstate,U,Tuesday,Belt Used,PV,AIAN,0,0,0,1,State Route,State Patrol,Washington State Patrol,0,1,0,0,0,,,,,,0.0,0.0,0.0,1.0,,,,,996.0,,,,,0.0,0.0,0.0,3.0,,,,,20.0,7.0,,,,,,,,1.0,0.0,,,,,,,98901
2886,2020,370,EA65822,1.0,09/22/2020,3:20,22,9,,77,Yakima,2590,1,,2,1,2,2,0,4,3,3:27,3:31,4:08,12,0,2,33.7,1,0,1,1,2,1,1,0,0,0,0,I-82,,-120.4803056,46.598627778,0,2,52,54,3,60,34,0,0,1,2,12,1,1,2,3,1,1,1,53,0,7,482,2017,0,,12,12.0,,,,,1,1,60,1,0.0,,3,0,3,0,11,5,,,,,6.0,0.0,3.0,3.0,1,0,,,,96,,,,,,0,,,,,,98936.0,53,69.0,206.0,6.0,1.0,1.0,1.0,0.0,2.0,,0,,,,,,0,08/15/2016,11/15/2017,1,0,0,0,8.0,9,8,,,0,,,8,8,0.0,0.0,,,0.0,,,0,0,996.0,,,,,,,,,,,,,,,,,,,,,,,,,,,,,,0,0,0,0,0,0,1,1,0,0,0,0,0,0,0,0,0,0,0,0,0,0,0,0,0,0,0,0,0,1,0,0,0,0,0,,0,0,0,0,0,0,0,0,0,0,0,0,0,0,0,0,,,,,,56-60,56-65,Interstate,U,Tuesday,Belt Used,PV,Not Fatal,0,0,0,1,State Route,State Patrol,Washington State Patrol,0,1,0,0,0,,,,,,0.0,1.0,0.0,,,,,,,,,,,98.0,98.0,98.0,0.0,,,,,20.0,7.0,,,,,,,,1.0,0.0,,,,,,,98901
2887,2020,370,EA65822,1.0,09/22/2020,3:20,22,9,,77,Yakima,2590,1,,2,1,2,2,0,4,3,3:27,3:31,4:08,12,0,2,33.7,1,0,1,1,2,1,1,0,0,0,0,I-82,,-120.4803056,46.598627778,0,3,98,60,4,60,34,0,0,1,2,12,1,1,2,3,1,1,1,53,0,49,472,2009,0,,12,,,,,,1,1,62,1,0.0,,0,0,3,0,11,0,,,,,6.0,0.0,0.0,3.0,1,0,,,,96,,,,,,0,,,,,,98903.0,53,71.0,180.0,6.0,1.0,0.0,0.0,0.0,0.0,,0,,,,,,0,,,1,0,0,0,8.0,9,8,,,0,,,8,8,0.0,0.0,,,0.0,,,0,0,996.0,,,,,,,,,,,,,,,,,,,,,,,,,,,,,,0,0,0,0,0,0,1,1,0,0,0,0,0,0,0,0,0,0,0,0,0,0,0,0,0,0,0,0,0,1,0,0,0,0,0,,0,0,0,0,0,0,0,0,0,0,0,0,0,0,0,0,,,,,,61-65,56-65,Interstate,U,Tuesday,Belt Used,PV,Not Fatal,0,0,0,1,State Route,State Patrol,Washington State Patrol,0,1,0,0,0,,,,,,0.0,0.0,0.0,,,,,,,,,,,98.0,98.0,98.0,0.0,,,,,20.0,7.0,,,,,,,,1.0,0.0,,,,,,,98901
2888,2020,371,EA67030,122.0,09/26/2020,20:54,26,9,,61,Snohomish,690,10,,3,2,2,1,0,2,2,20:57,21:04,21:11,12,0,6,0.2,2,0,2,3,2,1,3,0,0,3,3,SR-529,HEWITT AVE,-122.1909944,47.979105556,0,1,86,17,2,35,80,0,0,1,5,12,1,1,5,1,1,1,2,53,0,72,706,2005,0,,12,,,,,,1,1,39,1,7.0,,4,0,20,7,11,5,09/26/2020,22:39,69053045218.0,45218.0,0.0,0.0,0.0,2.0,1,39,,,,96,,,,,,9,,,,,,98201.0,53,71.0,180.0,6.0,1.0,0.0,1.0,0.0,0.0,,0,,,,,,0,06/15/2016,06/15/2016,20,8,0,0,0.0,9,8,,,0,,,8,1,2.0,695.0,605.0,,1.0,1.0,,2,1,0.181,,,,,,,,,,,,,,,,,,,,,,,,,,,,,,0,0,0,1,1,1,1,1,1,0,0,0,0,0,1,0,0,0,0,0,0,0,0,0,0,0,0,0,1,1,0,0,0,0,1,0.0,0,0,0,0,0,1,1,1,0,0,0,0,0,0,0,1,,,,,,36-40,36-45,State route,U,Saturday,,MC,White,1,0,0,0,State Route,Municipal/City Police,Everett Police Department,0,1,0,0,0,thc,11.0,carboxy-thc,33.0,,0.0,0.0,0.0,,,,,,,,,,,0.0,0.0,0.0,1.0,,,,,19.0,0.0,,,,,,,nms,1.0,0.0,,,,,,,98120
2889,2020,371,EA67030,122.0,09/26/2020,20:54,26,9,,61,Snohomish,690,10,,3,2,2,1,0,2,2,20:57,21:04,21:11,12,0,6,0.2,2,0,2,3,2,1,3,0,0,3,3,SR-529,HEWITT AVE,-122.1909944,47.979105556,0,2,87,66,4,35,15,0,0,1,5,12,1,1,5,1,1,1,1,53,0,20,421,2005,0,,12,,,,,,1,1,41,2,0.0,,0,0,3,0,11,0,,,,,0.0,0.0,0.0,3.0,1,0,,,,96,,,,,,0,,,,,,98208.0,53,67.0,173.0,6.0,1.0,0.0,0.0,0.0,0.0,,0,,,,,,0,,,20,0,0,0,8.0,9,8,,,0,,,8,8,0.0,0.0,,,0.0,,,0,0,996.0,,,,,,,,,,,,,,,,,,,,,,,,,,,,,,0,0,0,1,1,1,1,1,1,0,0,0,0,0,1,0,0,0,0,0,0,0,0,0,0,0,0,0,1,1,0,0,0,0,0,,0,0,0,0,0,0,0,0,0,0,0,0,0,0,0,0,,,,,,41-45,36-45,State route,U,Saturday,Belt Used,PV,Not Fatal,1,0,0,0,State Route,Municipal/City Police,Everett Police Department,0,1,0,0,0,,,,,,0.0,0.0,0.0,,,,,,,,,,,98.0,98.0,98.0,0.0,,,,,20.0,7.0,,,,,,,,1.0,0.0,,,,,,,98120