,year,case,par,repjur,crash_dt,crash_tm,accday,accmon,holiday,county,co_char,city,weather,weather2,lightcond,surfcond,surftype,numfatal,nmforms,pforms,vforms,not_tm,arr_tm,hosp_tm,fhevent,hitrun,manncol,milepnt,reljunc,reljuncinter,intersectiontype,funcsystem,landuse,ownership,route,schlbus,spejur,contdev,devfunc,trafid1,trafid2,x,y,wk_zone,vnumber,crashtype,criticalevent,criticaleventcat,spdlim,body,trailer,emerg,hazcargo,leave,mhevent,roadalgn,roadprof,traflane,trafflow,vehmanvr,numoccs,regowner,regstate,spuse,make,model,modelyr,vrf1,vrf2,seqevent1,seqevent2,seqevent3,seqevent4,seqevent5,seqevent6,pnumber,ptype,age,sex,hispanic,race,injury,diedscene,restraint,restraintmisuse,seatpos,takehosp,death_dt,death_tm,cert,cernum_wa,commlic,licendor,licrestrict,liccomp,drivpres,drf1,drf2,drf3,drf4,distract1,distract2,distract3,distract4,distract5,distract6,dricond1,dricond2,dricond3,dricond4,dricond5,dricond6,dzip,licstate,drhgt_in,weight,noncdl,noncdltype,prevdwi,prevoth,prevacc,prevspd,prevsus,driviol1,driviol2,driviol3,driviol4,driviol5,driviol6,spdrel,first_dt,last_dt,airbag,ejection,ejectpath,extricat,injurwrk,methalc,methdrug,nmlocat,strikveh,prf1,prf2,prf3,druginv,alcinvol,drugsts,drugres1,drugres2,drugres3,drugtst1,drugtst2,drugtst3,alcsts,alctst,alcres,nmact1,nmact2,nmact3,nmact4,nmact5,nmact6,nmprior1,nmprior2,nmprior3,nmprior4,nmprior5,nmprior6,nmcond1,nmcond2,nmcond3,nmcond4,nmcond5,nmcond6,nmsafe_helmet,nmsafe_pads,nmsafe_oth,nmprev_ref,nmprev_lgt,nmprev_oth,crashlocation,nmcrashtype,crosswalk,schoolzone,sidewalk,train_inv,wildlife_inv,rotr_fars,intersect_fars,dd_inv,aid_inv,dpd_inv,id_inv,mj_inv,impnm_inv,ainm_inv,dpnm_inv,speed_inv,unlic_inv,unendmc_inv,drowsy_inv,drdist_inv,nmdist_inv,fty_inv,unrestfat_inv,dr1617_inv,dr1820_inv,dr1620_inv,dr2125_inv,dr1625_inv,dr65_inv,dr70_inv,dr75_inv,mc_inv,pv_inv,ht_inv,ped_inv,bike_inv,unrest_fat,mc_fat,unhelmet_mc,pv_fat,ht_fat,ped_fat,bike_fat,dr_alc7,dr_alc8,dr_drug,dr_imp,dr_dist,dr_spd,dr_fty,dr_unlic,dr_alc7only,dr_alc8only,dr_drugonly,dr_drink,nm_imp,nm_alc7,nm_alc8,nm_drug,nm_dist,agegrp1,agegrp2,roadclass,urbrur,dayweek,restuse,vehtype,race_me,intersect,lanedep,oppdir,wrongway,rep_typ,investag,repag_long,rotr,st_rd,cty_rd,city_rd,oth_rd,drug_thc,thc_res,drug_cthc,cthc_res,drug_cann,prevpersemin,prevperse,prevsusoth,drugtst4,drugtst5,drugtst6,drugtst7,drugtst8,drugres4,drugres5,drugres6,drugres7,drugres8,adspresent,adsengaged,adslevel,race1,race2,race3,race4,race5,helmet,helmetmisuse,nmdistract1,nmdistract2,nmdistract3,nmdistract4,nmdistract5,nmdistract6,lab,isedtcase,crf1,crf2,crf3,CoRoadName,CoMP,IntCoRoadName,IntCoMP,zipcode
2927,2020,403,EA72111,122.0,10/09/2020,20:42,9,10,,61,Snohomish,690,2,,3,2,2,1,0,1,1,20:45,20:53,,39,0,0,0.0,3,0,3,3,2,1,3,0,0,3,3,SR-526 RAMP 526X00143,AIRPORT RD,-122.2718611,47.922305556,0,1,14,14,2,45,15,0,0,1,2,39,1,1,4,1,1,1,2,53,0,23,421,2001,0,,71,39.0,,,,,1,1,37,2,7.0,,4,7,20,7,11,0,10/09/2020,20:42,69053048211.0,48211.0,0.0,0.0,0.0,3.0,1,0,,,,92,,,,,,98,,,,,,98294.0,53,70.0,165.0,6.0,1.0,0.0,0.0,1.0,0.0,,0,,,,,,0,11/15/2018,11/15/2018,1,0,0,0,0.0,9,8,,,0,,,8,8,2.0,695.0,605.0,,1.0,1.0,,2,1,0.171,,,,,,,,,,,,,,,,,,,,,,,,,,,,,,0,0,0,1,1,1,1,1,1,0,0,0,0,0,0,0,1,0,0,1,0,0,0,0,0,0,0,0,0,1,0,0,0,1,0,,1,0,0,0,0,1,1,1,1,0,0,0,0,0,0,1,,,,,,36-40,36-45,State route,U,Friday,Not Used,PV,White,1,0,0,0,State Route,Municipal/City Police,Everett Police Department,0,1,0,0,0,thc,34.0,carboxy-thc,41.0,,0.0,0.0,0.0,,,,,,,,,,,98.0,98.0,98.0,1.0,,,,,20.0,7.0,,,,,,,nms,1.0,0.0,,,,,,,98204
2928,2020,404,3854580,263.0,05/20/2020,8:49,20,5,,33,King,1960,10,,1,1,1,1,0,2,2,,,,12,1,6,0.0,2,0,3,3,2,4,6,0,0,20,3,15TH AVE NE,NE 130th St,-122.3126583,47.723041667,0,1,82,15,2,98,4,0,0,1,2,12,1,2,2,4,11,1,2,53,0,64,32,2000,0,,12,,,,,,1,1,26,1,0.0,,2,0,99,7,11,0,,,,,0.0,0.0,3.0,2.0,1,38,,,,96,,,,,,9,,,,,,98258.0,53,68.0,150.0,1.0,1.0,0.0,1.0,2.0,0.0,,1,7.0,,,,,0,08/15/2016,11/15/2017,20,0,0,0,8.0,3,2,,,0,,,1,8,2.0,401.0,417.0,,1.0,1.0,,2,1,0.0,,,,,,,,,,,,,,,,,,,,,,,,,,,,,,0,0,0,1,1,0,1,1,1,0,0,0,0,1,0,0,0,0,1,0,0,0,0,0,0,0,0,0,1,1,0,0,0,0,0,,0,0,0,0,0,0,1,1,0,0,1,1,0,0,1,0,,,,,,26-30,26-35,City street,U,Wednesday,Unknown,PV,Not Fatal,1,0,0,0,City Street,Municipal/City Police,Seattle Police Department,0,0,0,1,0,,,,,,0.0,0.0,2.0,,,,,,,,,,,98.0,98.0,98.0,0.0,,,,,20.0,7.0,,,,,,,,1.0,0.0,,,,,,,98125
2929,2020,404,3854580,263.0,05/20/2020,8:49,20,5,,33,King,1960,10,,1,1,1,1,0,2,2,,,,12,0,6,0.0,2,0,3,3,2,4,6,0,0,0,0,15TH AVE NE,NE 130th St,-122.3126583,47.723041667,0,2,83,67,4,98,80,0,0,1,2,12,1,2,2,1,1,1,1,53,0,73,706,2014,0,,12,,,,,,1,1,61,1,7.0,,4,0,20,7,11,5,05/20/2020,9:44,196053024028.0,24028.0,0.0,0.0,0.0,3.0,1,0,,,,96,,,,,,0,,,,,,98258.0,53,73.0,250.0,6.0,1.0,0.0,0.0,1.0,0.0,,0,,,,,,0,10/15/2017,10/15/2017,20,8,0,0,0.0,9,8,,,0,,,8,8,2.0,695.0,605.0,,1.0,1.0,,2,1,0.069,,,,,,,,,,,,,,,,,,,,,,,,,,,,,,0,0,0,1,1,0,1,1,1,0,0,0,0,1,0,0,0,0,1,0,0,0,0,0,0,0,0,0,1,1,0,0,0,0,1,1.0,0,0,0,0,1,0,1,1,0,0,0,0,0,0,0,1,,,,,,61-65,56-65,City street,U,Wednesday,,MC,White,1,0,0,0,City Street,Municipal/City Police,Seattle Police Department,0,0,0,1,0,thc,11.0,carboxy-thc,62.0,,0.0,0.0,0.0,,,,,,,,,,,0.0,0.0,0.0,1.0,,,,,17.0,7.0,,,,,,,,1.0,0.0,,,,,,,98125
2930,2020,405,3836479,263.0,10/02/2020,19:59,2,10,,33,King,1960,1,,3,1,1,1,1,1,1,,,,8,1,0,0.0,1,0,1,3,2,4,6,0,0,0,0,RAINIER AVE S,,-122.2959889,47.575486111,0,1,13,80,5,25,4,0,0,1,5,8,1,1,4,1,1,1,1,53,0,6,51,2010,0,,8,,,,,,1,1,32,1,0.0,,9,0,99,7,11,0,,,,,0.0,0.0,0.0,3.0,1,38,,,,0,,,,,,1,,,,,,98144.0,53,67.0,195.0,6.0,1.0,0.0,0.0,0.0,0.0,,97,,,,,,3,,,99,9,0,0,8.0,9,8,,,0,,,8,8,8.0,95.0,,,96.0,,,8,95,995.0,,,,,,,,,,,,,,,,,,,,,,,,,,,,,,0,0,0,0,0,0,0,0,0,1,0,1,1,0,0,0,0,0,1,0,0,0,0,0,0,0,0,0,0,1,0,1,0,0,0,,0,0,0,0,0,0,0,0,0,1,1,0,0,0,0,0,,,,,,31-35,26-35,City street,U,Friday,Unknown,PV,Not Fatal,0,0,0,0,City Street,Municipal/City Police,Seattle Police Department,0,0,0,1,0,,,,,,0.0,0.0,0.0,,,,,,,,,,,98.0,98.0,98.0,0.0,,,,,20.0,7.0,,,,,,,,1.0,0.0,,,,,,,98144
2931,2020,406,EA71988,262.0,10/13/2020,5:16,13,10,,33,King,1958,2,,3,2,2,1,1,1,1,,,,8,0,0,0.0,1,0,1,3,2,4,6,0,0,0,0,S 188TH ST,,-122.2907444,47.434477778,0,1,13,80,5,40,34,0,0,1,5,8,1,3,5,5,1,1,3,53,0,23,481,2004,0,,8,,,,,,1,1,54,1,0.0,,0,0,3,0,11,0,,,,,0.0,0.0,3.0,3.0,1,10,,,,0,,,,,,98,,,,,,98166.0,53,76.0,220.0,6.0,1.0,0.0,0.0,0.0,0.0,,0,,,,,,0,,,20,0,0,0,8.0,9,8,,,0,,,8,8,8.0,95.0,,,96.0,,,8,95,995.0,,,,,,,,,,,,,,,,,,,,,,,,,,,,,,0,0,0,0,0,0,0,0,0,1,1,1,0,0,0,0,0,0,0,0,0,0,0,0,0,0,0,0,0,1,0,1,0,0,0,,0,0,0,0,0,0,0,0,0,0,0,0,0,0,0,0,,,,,,51-55,46-55,City street,U,Tuesday,Belt Used,PV,Not Fatal,0,0,0,0,City Street,Municipal/City Police,SeaTac Police Department,0,0,0,1,0,,,,,,0.0,0.0,0.0,,,,,,,,,,,98.0,98.0,98.0,0.0,,,,,20.0,7.0,,,,,,,,1.0,0.0,,,,,,,98188
2932,2020,407,EA72523,6.0,09/19/2020,17:51,19,9,,25,Grant,0,1,,1,1,2,1,0,3,2,17:51,18:02,19:02,12,0,6,15.1,2,0,3,4,1,1,3,0,0,20,3,SR-243,RD 23 SW,-119.9267583,46.752522222,0,1,82,15,2,50,15,0,0,1,2,12,1,2,2,1,11,2,2,53,0,37,421,2006,0,,12,,,,,,1,1,24,1,0.0,,3,0,3,0,11,1,,,,,0.0,0.0,0.0,0.0,1,38,,,,96,,,,,,98,,,,,,99349.0,53,,999.0,0.0,0.0,0.0,1.0,0.0,0.0,,97,,,,,,0,10/15/2019,10/15/2019,8,0,0,0,8.0,9,8,,,0,,,8,8,8.0,95.0,,,96.0,,,8,95,995.0,,,,,,,,,,,,,,,,,,,,,,,,,,,,,,0,0,0,1,0,0,0,0,0,0,0,0,0,1,0,0,0,0,1,1,0,0,0,1,1,0,0,0,0,1,1,0,0,0,0,,0,0,0,0,0,0,0,0,0,0,1,1,0,0,0,0,,,,,,21-25,16-25,State route,R,Saturday,Belt Used,PV,Not Fatal,1,0,0,0,State Route,State Patrol,Washington State Patrol,0,1,0,0,0,,,,,,0.0,0.0,0.0,,,,,,,,,,,98.0,98.0,98.0,0.0,,,,,20.0,7.0,,,,,,,,1.0,0.0,,,,,,,99349
2933,2020,407,EA72523,6.0,09/19/2020,17:51,19,9,,25,Grant,0,1,,1,1,2,1,0,3,2,17:51,18:02,19:02,12,0,6,15.1,2,0,3,4,1,1,3,0,0,0,0,SR-243,RD 23 SW,-119.9267583,46.752522222,0,2,83,67,4,60,66,1,0,1,2,12,1,2,2,1,1,1,3,53,0,87,881,2016,0,,12,,,,,,1,1,53,1,0.0,,0,0,2,0,11,0,,,,,6.0,1.0,0.0,3.0,1,0,,,,96,,,,,,0,,,,,,99357.0,53,73.0,180.0,6.0,1.0,0.0,0.0,0.0,1.0,,0,,,,,,0,04/15/2019,04/15/2019,20,0,0,0,8.0,9,8,,,0,,,8,8,0.0,0.0,,,0.0,,,0,0,996.0,,,,,,,,,,,,,,,,,,,,,,,,,,,,,,0,0,0,1,0,0,0,0,0,0,0,0,0,1,0,0,0,0,1,1,0,0,0,1,1,0,0,0,0,1,1,0,0,0,0,,0,0,0,0,0,0,0,0,0,0,0,0,0,0,0,0,,,,,,51-55,46-55,State route,R,Saturday,,MHTRUCK,Not Fatal,1,0,0,0,State Route,State Patrol,Washington State Patrol,0,1,0,0,0,,,,,,0.0,0.0,0.0,,,,,,,,,,,98.0,98.0,98.0,0.0,,,,,20.0,7.0,,,,,,,,1.0,0.0,,,,,,,99349
2934,2020,409,EA72701,29.0,10/09/2020,22:25,9,10,,41,Lewis,0,1,,2,1,2,1,1,2,2,22:25,22:46,,8,0,0,7.0,1,0,1,6,1,64,8,0,0,0,0,NFD ROAD 23,,-121.7626278,46.430719444,0,1,13,80,5,35,34,0,0,1,5,8,2,2,2,1,14,1,2,53,0,49,471,1993,0,,8,,,,,,1,1,17,1,0.0,,0,0,3,0,11,0,,,,,0.0,0.0,0.0,3.0,1,0,,,,92,,,,,,0,,,,,,98512.0,53,67.0,120.0,6.0,2.0,0.0,0.0,0.0,0.0,,0,,,,,,0,,,20,0,0,0,8.0,3,8,,,0,,,8,8,8.0,95.0,,,96.0,,,2,95,0.0,,,,,,,,,,,,,,,,,,,,,,,,,,,,,,0,0,0,0,0,0,0,0,0,0,0,0,0,0,0,0,1,0,0,0,1,0,1,1,1,0,0,0,0,1,0,1,0,0,0,,0,0,0,0,0,0,0,0,1,0,0,0,0,0,0,0,,,,,,16-17,16-25,Other,R,Friday,Belt Used,PV,Not Fatal,0,1,0,0,Other,County Sheriff,Lewis County Sheriff's Office,1,0,0,0,1,,,,,,0.0,0.0,0.0,,,,,,,,,,,0.0,0.0,0.0,0.0,,,,,20.0,7.0,,,,,,,,1.0,0.0,,,,,,,
2935,2020,409,EA72701,29.0,10/09/2020,22:25,9,10,,41,Lewis,0,1,,2,1,2,1,1,2,2,22:25,22:46,,8,0,0,7.0,1,0,1,6,1,64,8,0,0,0,0,NFD ROAD 23,,-121.7626278,46.430719444,0,2,98,80,5,35,34,0,0,1,5,8,2,2,2,1,14,1,1,53,0,12,481,1998,0,,8,,,,,,1,1,23,1,0.0,,0,0,3,0,11,0,,,,,0.0,0.0,0.0,3.0,1,0,,,,96,,,,,,0,,,,,,98336.0,53,71.0,140.0,6.0,1.0,0.0,1.0,0.0,0.0,,0,,,,,,0,02/15/2018,02/15/2018,20,0,0,0,8.0,3,8,,,0,,,8,8,8.0,95.0,,,96.0,,,2,98,0.0,,,,,,,,,,,,,,,,,,,,,,,,,,,,,,0,0,0,0,0,0,0,0,0,0,0,0,0,0,0,0,1,0,0,0,1,0,1,1,1,0,0,0,0,1,0,1,0,0,0,,0,0,0,0,0,0,0,0,0,0,0,0,0,0,0,0,,,,,,21-25,16-25,Other,R,Friday,Belt Used,PV,Not Fatal,0,1,0,0,Other,County Sheriff,Lewis County Sheriff's Office,1,0,0,0,1,,,,,,0.0,0.0,0.0,,,,,,,,,,,0.0,0.0,0.0,0.0,,,,,20.0,7.0,,,,,,,,1.0,0.0,,,,,,,
2936,2020,410,EA72959,6.0,10/13/2020,18:37,13,10,,25,Grant,0,8,,2,1,2,1,0,3,3,18:36,18:46,19:23,12,0,2,3.9,1,0,1,3,1,1,3,0,0,0,0,SR-281,,-119.8535056,47.137283333,0,1,50,10,2,60,4,0,0,1,2,12,1,1,2,1,1,1,1,53,0,37,32,2005,0,,68,12.0,12.0,2.0,,,1,1,41,2,1.0,,4,0,3,0,11,5,10/16/2020,12:14,211053049947.0,49947.0,0.0,0.0,0.0,0.0,1,0,,,,96,,,,,,98,,,,,,98902.0,53,66.0,150.0,0.0,0.0,0.0,0.0,0.0,0.0,,0,,,,,,0,,,8,1,9,0,0.0,9,8,,,0,,,8,8,2.0,522.0,996.0,,1.0,1.0,,2,1,0.0,,,,,,,,,,,,,,,,,,,,,,,,,,,,,,0,0,0,0,0,0,1,1,0,0,0,0,0,1,0,0,0,0,0,0,0,0,0,0,0,0,0,0,0,1,0,0,0,0,0,,1,0,0,0,0,0,1,1,0,0,0,1,0,0,1,0,,,,,,41-45,36-45,State route,R,Tuesday,Belt Used,PV,Hispanic,0,1,1,0,State Route,State Patrol,Washington State Patrol,0,1,0,0,0,,,,,,0.0,0.0,0.0,,,,,,,,,,,98.0,98.0,98.0,298.0,,,,,20.0,7.0,,,,,,,,1.0,0.0,,,,,,,98848
2937,2020,410,EA72959,6.0,10/13/2020,18:37,13,10,,25,Grant,0,8,,2,1,2,1,0,3,3,18:36,18:46,19:23,12,0,2,3.9,1,0,1,3,1,1,3,0,0,0,0,SR-281,,-119.8535056,47.137283333,0,2,51,62,4,60,1,0,0,1,2,12,1,1,2,1,1,1,1,53,0,12,3,1999,0,,12,,,,,,1,1,41,1,0.0,,0,0,3,0,11,0,,,,,0.0,0.0,0.0,3.0,1,0,,,,96,,,,,,98,,,,,,93257.0,6,66.0,180.0,6.0,1.0,0.0,0.0,0.0,1.0,,0,,,,,,0,07/15/2020,07/15/2020,1,0,0,0,8.0,9,8,,,0,,,8,8,8.0,95.0,,,96.0,,,8,95,995.0,,,,,,,,,,,,,,,,,,,,,,,,,,,,,,0,0,0,0,0,0,1,1,0,0,0,0,0,1,0,0,0,0,0,0,0,0,0,0,0,0,0,0,0,1,0,0,0,0,0,,0,0,0,0,0,0,0,0,0,0,0,0,0,0,0,0,,,,,,41-45,36-45,State route,R,Tuesday,Belt Used,PV,Not Fatal,0,1,1,0,State Route,State Patrol,Washington State Patrol,0,1,0,0,0,,,,,,0.0,0.0,0.0,,,,,,,,,,,0.0,0.0,0.0,0.0,,,,,20.0,7.0,,,,,,,,1.0,0.0,,,,,,,98848
2938,2020,410,EA72959,6.0,10/13/2020,18:37,13,10,,25,Grant,0,8,,2,1,2,1,0,3,3,18:36,18:46,19:23,12,0,2,3.9,1,0,1,3,1,1,3,0,0,0,0,SR-281,,-119.8535056,47.137283333,0,3,98,62,4,60,20,0,0,1,2,12,1,1,2,1,1,1,1,53,0,35,443,2001,0,,12,,,,,,1,1,49,2,0.0,,3,0,3,0,11,8,,,,,0.0,0.0,0.0,3.0,1,0,,,,96,,,,,,98,,,,,,98824.0,53,64.0,158.0,6.0,1.0,0.0,1.0,0.0,0.0,,0,,,,,,0,01/15/2016,01/15/2016,1,0,0,0,8.0,9,8,,,0,,,8,8,8.0,95.0,,,96.0,,,8,95,995.0,,,,,,,,,,,,,,,,,,,,,,,,,,,,,,0,0,0,0,0,0,1,1,0,0,0,0,0,1,0,0,0,0,0,0,0,0,0,0,0,0,0,0,0,1,0,0,0,0,0,,0,0,0,0,0,0,0,0,0,0,0,0,0,0,0,0,,,,,,46-50,46-55,State route,R,Tuesday,Belt Used,PV,Not Fatal,0,1,1,0,State Route,State Patrol,Washington State Patrol,0,1,0,0,0,,,,,,0.0,0.0,0.0,,,,,,,,,,,98.0,98.0,98.0,0.0,,,,,20.0,7.0,,,,,,,,1.0,0.0,,,,,,,98848
2939,2020,411,EA73033,2.0,10/16/2020,20:50,16,10,,57,Skagit,0,2,,3,2,2,1,0,3,2,,,,12,0,6,4.1,2,0,2,5,1,1,3,0,0,3,3,SR-11,FIELD RD,-122.3913917,48.530391667,0,1,89,17,2,35,4,0,0,1,2,12,1,1,2,1,1,1,1,53,0,49,51,2008,0,,12,,,,,,1,1,23,2,7.0,,4,0,3,0,11,5,10/16/2020,23:11,141053002050.0,2050.0,0.0,0.0,0.0,3.0,1,39,,,,96,,,,,,98,,,,,,98237.0,53,62.0,155.0,6.0,1.0,0.0,0.0,1.0,1.0,,0,,,,,,0,10/15/2020,10/15/2020,8,0,0,0,0.0,3,2,,,0,,,8,8,2.0,128.0,177.0,,1.0,1.0,,2,1,0.0,,,,,,,,,,,,,,,,,,,,,,,,,,,,,,0,0,0,1,0,0,1,1,0,0,0,0,0,0,0,0,0,0,0,0,0,0,0,1,1,0,0,0,0,1,0,0,0,0,0,,1,0,0,0,0,0,1,1,0,0,0,0,0,0,1,0,,,,,,21-25,16-25,State route,R,Friday,Belt Used,PV,White,1,0,0,0,State Route,State Patrol,Washington State Patrol,0,1,0,0,0,,,,,,0.0,0.0,0.0,,,,,,,,,,,98.0,98.0,98.0,1.0,,,,,20.0,7.0,,,,,,,,1.0,0.0,,,,,,,98232
2940,2020,411,EA73033,2.0,10/16/2020,20:50,16,10,,57,Skagit,0,2,,3,2,2,1,0,3,2,,,,12,0,6,4.1,2,0,2,5,1,1,3,0,0,0,0,SR-11,FIELD RD,-122.3913917,48.530391667,0,2,88,66,4,55,34,0,0,1,2,12,1,1,2,1,1,2,2,53,0,7,472,1997,0,,12,,,,,,1,1,21,8,0.0,,0,0,3,0,11,0,,,,,0.0,0.0,3.0,3.0,1,0,,,,96,,,,,,0,,,,,,98020.0,53,75.0,150.0,6.0,2.0,0.0,0.0,0.0,0.0,,0,,,,,,0,,,8,0,0,0,8.0,3,2,,,0,,,8,8,8.0,95.0,,,96.0,,,2,95,0.0,,,,,,,,,,,,,,,,,,,,,,,,,,,,,,0,0,0,1,0,0,1,1,0,0,0,0,0,0,0,0,0,0,0,0,0,0,0,1,1,0,0,0,0,1,0,0,0,0,0,,0,0,0,0,0,0,0,0,0,0,0,0,0,0,0,0,,,,,,21-25,16-25,State route,R,Friday,Belt Used,PV,Not Fatal,1,0,0,0,State Route,State Patrol,Washington State Patrol,0,1,0,0,0,,,,,,0.0,0.0,0.0,,,,,,,,,,,0.0,0.0,0.0,0.0,,,,,20.0,7.0,,,,,,,,1.0,0.0,,,,,,,98232
2941,2020,412,EA73174,40.0,10/11/2020,2:12,11,10,,63,Spokane,0,1,,2,1,2,1,0,4,1,2:24,2:39,3:14,35,0,0,0.2,3,0,10,5,2,2,4,0,0,9,3,CR-N FORKER RD,E FORKER RIDGE LN,-117.2076056,47.712255556,0,1,14,11,2,98,34,0,0,1,2,35,1,8,2,1,1,4,0,53,0,12,481,2014,0,,71,35.0,1.0,,,,1,1,35,1,7.0,,4,7,99,7,11,0,10/11/2020,2:12,53047382.0,47382.0,0.0,0.0,0.0,3.0,1,39,,,,96,,,,,,9,,,,,,99006.0,53,72.0,200.0,6.0,1.0,0.0,2.0,0.0,3.0,,0,,,,,,4,11/15/2015,11/15/2019,99,0,0,0,0.0,9,8,,,0,,,8,1,2.0,1.0,,,1.0,,,2,1,0.144,,,,,,,,,,,,,,,,,,,,,,,,,,,,,,0,0,0,1,1,1,0,1,0,0,0,0,1,0,0,0,0,0,0,0,0,0,0,0,0,0,0,0,0,1,0,0,0,0,0,,1,0,0,0,0,1,0,1,0,1,0,0,0,1,0,1,,,,,,31-35,26-35,County road,U,Sunday,Unknown,PV,White,0,1,0,0,County Road,County Sheriff,Spokane County Sheriff's Office,1,0,1,0,0,,,,,,0.0,0.0,0.0,,,,,,,,,,,98.0,98.0,98.0,1.0,,,,,20.0,7.0,,,,,,,,1.0,0.0,,,FORKER RD,0.167,,,99216
2942,2020,413,EA73251,339.0,10/06/2020,23:37,6,10,,63,Spokane,2113,1,,2,1,2,1,1,1,1,23:54,0:00,0:39,8,1,0,0.0,99,0,1,4,2,4,6,0,0,0,0,N PARK RD,,-117.3040222,47.677269444,0,1,13,99,9,35,34,0,0,1,5,8,1,1,2,1,1,99,1,53,0,20,481,2011,0,,8,,,,,,1,1,35,2,0.0,,0,0,99,7,11,0,,,,,0.0,0.0,0.0,3.0,1,0,,,,96,,,,,,98,,,,,,99212.0,53,65.0,170.0,6.0,1.0,0.0,0.0,0.0,0.0,,2,,,,,,0,,,20,0,0,0,8.0,9,8,,,0,,,8,8,8.0,95.0,,,96.0,,,8,95,995.0,,,,,,,,,,,,,,,,,,,,,,,,,,,,,,0,0,0,0,0,0,0,0,0,1,1,0,0,0,0,0,0,0,0,0,0,0,0,0,0,0,0,0,0,1,0,1,0,0,0,,0,0,0,0,0,0,0,0,0,0,0,0,0,0,0,0,,,,,,31-35,26-35,City street,U,Tuesday,Unknown,PV,Not Fatal,0,0,0,0,City Street,Municipal/City Police,Spokane Valley Police Department,0,0,0,1,0,,,,,,0.0,0.0,0.0,,,,,,,,,,,98.0,98.0,98.0,0.0,,,,,20.0,7.0,,,,,,,,1.0,18.0,,,,,,,99212
2943,2020,414,EA73265,2.0,10/17/2020,4:30,17,10,,57,Skagit,0,10,,2,2,2,1,0,1,1,,,,52,0,0,69.1,3,0,4,4,1,1,3,0,0,0,0,SR-20,SIMMS RD,-122.1572028,48.529602778,0,1,1,13,2,55,80,0,0,1,2,52,1,1,2,1,1,1,1,53,0,98,706,2016,0,,63,52.0,,,,,1,1,59,1,7.0,,4,7,20,7,11,0,10/17/2020,4:30,53048801.0,48801.0,0.0,0.0,3.0,3.0,1,0,,,,96,,,,,,99,,,,,,98230.0,53,71.0,202.0,6.0,1.0,0.0,2.0,0.0,1.0,,0,,,,,,4,07/15/2017,11/15/2019,20,8,0,0,0.0,9,8,,,0,,,8,8,2.0,695.0,605.0,,1.0,1.0,,2,1,0.121,,,,,,,,,,,,,,,,,,,,,,,,,,,,,,0,0,1,1,1,1,1,1,1,0,0,0,1,0,0,0,0,0,0,0,0,0,0,0,0,0,0,0,1,0,0,0,0,0,1,0.0,0,0,0,0,0,1,1,1,0,1,0,0,0,0,0,1,,,,,,56-60,56-65,State route,R,Saturday,,MC,White,0,1,0,0,State Route,State Patrol,Washington State Patrol,1,1,0,0,0,thc,14.0,,,,0.0,0.0,0.0,,,,,,,,,,,0.0,0.0,0.0,1.0,,,,,5.0,0.0,,,,,,,nms,1.0,0.0,,,,,,,98284
2944,2020,415,EA73989,7.0,10/16/2020,3:51,16,10,,33,King,1830,1,,3,1,2,1,0,2,2,,,,12,1,1,2.3,1,0,1,1,2,1,1,0,0,0,0,I-405,,-122.2177861,47.46795,0,1,24,51,3,60,21,0,0,1,5,12,1,1,3,3,1,1,2,53,0,20,461,2006,0,,12,,,,,,1,1,51,1,0.0,,0,0,3,0,11,0,,,,,0.0,0.0,3.0,3.0,1,26,91.0,,,96,,,,,,98,,,,,,98386.0,53,68.0,180.0,6.0,1.0,0.0,1.0,1.0,1.0,,1,,,,,,0,10/15/2016,03/15/2019,20,0,0,0,8.0,9,8,,,0,,,8,8,8.0,95.0,,,96.0,,,8,95,995.0,,,,,,,,,,,,,,,,,,,,,,,,,,,,,,0,0,0,0,0,0,0,0,0,0,0,0,0,0,0,0,0,0,0,0,1,0,1,0,1,0,0,0,1,1,0,0,0,0,0,,0,0,0,0,0,0,0,0,0,0,0,0,0,0,0,0,,,,,,51-55,46-55,Interstate,U,Friday,Belt Used,PV,Not Fatal,0,0,0,0,State Route,State Patrol,Washington State Patrol,0,1,0,0,0,,,,,,0.0,0.0,0.0,,,,,,,,,,,98.0,98.0,98.0,0.0,,,,,20.0,7.0,,,,,,,,1.0,0.0,,,,,,,98057
2945,2020,415,EA73989,7.0,10/16/2020,3:51,16,10,,33,King,1830,1,,3,1,2,1,0,2,2,,,,12,0,1,2.3,1,0,1,1,2,1,1,0,0,0,0,I-405,,-122.2177861,47.46795,0,2,25,53,3,60,83,0,0,1,5,12,1,1,3,3,1,1,2,53,0,37,702,1999,0,,12,,,,,,1,1,16,1,7.0,,4,7,20,7,11,0,10/16/2020,3:53,183053048670.0,48670.0,99.0,9.0,9.0,9.0,1,23,,,,96,,,,,,98,,,,,,99998.0,99,,999.0,9.0,9.0,99.0,99.0,99.0,99.0,,0,,,,,,0,,,20,8,0,0,0.0,9,8,,,0,,,8,8,2.0,1.0,,,1.0,,,2,1,0.0,,,,,,,,,,,,,,,,,,,,,,,,,,,,,,0,0,0,0,0,0,0,0,0,0,0,0,0,0,0,0,0,0,0,0,1,0,1,0,1,0,0,0,1,1,0,0,0,0,1,0.0,0,0,0,0,0,0,0,0,0,0,0,0,0,0,0,0,,,,,,16-17,16-25,Interstate,U,Friday,,MC,White,0,0,0,0,State Route,State Patrol,Washington State Patrol,0,1,0,0,0,,,,,,99.0,99.0,99.0,,,,,,,,,,,0.0,0.0,0.0,1.0,,,,,5.0,0.0,,,,,,,,1.0,0.0,,,,,,,98057