,year,case,par,repjur,crash_dt,crash_tm,accday,accmon,holiday,county,co_char,city,weather,weather2,lightcond,surfcond,surftype,numfatal,nmforms,pforms,vforms,not_tm,arr_tm,hosp_tm,fhevent,hitrun,manncol,milepnt,reljunc,reljuncinter,intersectiontype,funcsystem,landuse,ownership,route,schlbus,spejur,contdev,devfunc,trafid1,trafid2,x,y,wk_zone,vnumber,crashtype,criticalevent,criticaleventcat,spdlim,body,trailer,emerg,hazcargo,leave,mhevent,roadalgn,roadprof,traflane,trafflow,vehmanvr,numoccs,regowner,regstate,spuse,make,model,modelyr,vrf1,vrf2,seqevent1,seqevent2,seqevent3,seqevent4,seqevent5,seqevent6,pnumber,ptype,age,sex,hispanic,race,injury,diedscene,restraint,restraintmisuse,seatpos,takehosp,death_dt,death_tm,cert,cernum_wa,commlic,licendor,licrestrict,liccomp,drivpres,drf1,drf2,drf3,drf4,distract1,distract2,distract3,distract4,distract5,distract6,dricond1,dricond2,dricond3,dricond4,dricond5,dricond6,dzip,licstate,drhgt_in,weight,noncdl,noncdltype,prevdwi,prevoth,prevacc,prevspd,prevsus,driviol1,driviol2,driviol3,driviol4,driviol5,driviol6,spdrel,first_dt,last_dt,airbag,ejection,ejectpath,extricat,injurwrk,methalc,methdrug,nmlocat,strikveh,prf1,prf2,prf3,druginv,alcinvol,drugsts,drugres1,drugres2,drugres3,drugtst1,drugtst2,drugtst3,alcsts,alctst,alcres,nmact1,nmact2,nmact3,nmact4,nmact5,nmact6,nmprior1,nmprior2,nmprior3,nmprior4,nmprior5,nmprior6,nmcond1,nmcond2,nmcond3,nmcond4,nmcond5,nmcond6,nmsafe_helmet,nmsafe_pads,nmsafe_oth,nmprev_ref,nmprev_lgt,nmprev_oth,crashlocation,nmcrashtype,crosswalk,schoolzone,sidewalk,train_inv,wildlife_inv,rotr_fars,intersect_fars,dd_inv,aid_inv,dpd_inv,id_inv,mj_inv,impnm_inv,ainm_inv,dpnm_inv,speed_inv,unlic_inv,unendmc_inv,drowsy_inv,drdist_inv,nmdist_inv,fty_inv,unrestfat_inv,dr1617_inv,dr1820_inv,dr1620_inv,dr2125_inv,dr1625_inv,dr65_inv,dr70_inv,dr75_inv,mc_inv,pv_inv,ht_inv,ped_inv,bike_inv,unrest_fat,mc_fat,unhelmet_mc,pv_fat,ht_fat,ped_fat,bike_fat,dr_alc7,dr_alc8,dr_drug,dr_imp,dr_dist,dr_spd,dr_fty,dr_unlic,dr_alc7only,dr_alc8only,dr_drugonly,dr_drink,nm_imp,nm_alc7,nm_alc8,nm_drug,nm_dist,agegrp1,agegrp2,roadclass,urbrur,dayweek,restuse,vehtype,race_me,intersect,lanedep,oppdir,wrongway,rep_typ,investag,repag_long,rotr,st_rd,cty_rd,city_rd,oth_rd,drug_thc,thc_res,drug_cthc,cthc_res,drug_cann,prevpersemin,prevperse,prevsusoth,drugtst4,drugtst5,drugtst6,drugtst7,drugtst8,drugres4,drugres5,drugres6,drugres7,drugres8,adspresent,adsengaged,adslevel,race1,race2,race3,race4,race5,helmet,helmetmisuse,nmdistract1,nmdistract2,nmdistract3,nmdistract4,nmdistract5,nmdistract6,lab,isedtcase,crf1,crf2,crf3,CoRoadName,CoMP,IntCoRoadName,IntCoMP,zipcode
2946,2020,416,EA73990,21.0,10/13/2020,15:46,13,10,,25,Grant,0,7,,1,1,7,1,0,2,2,,,,12,0,1,8.4,1,0,1,5,1,2,4,0,0,0,0,CR-ROAD W NE,,-119.0010528,47.252569444,0,1,25,53,3,60,14,0,0,1,2,12,1,3,2,1,1,1,1,53,0,2,404,2020,0,,12,,,,,,1,1,71,2,7.0,,4,7,3,0,11,0,10/13/2020,15:46,53047990.0,47990.0,0.0,0.0,3.0,3.0,1,0,,,,96,,,,,,98,,,,,,99159.0,53,67.0,170.0,6.0,1.0,0.0,0.0,0.0,0.0,,0,,,,,,0,,,20,0,0,0,0.0,9,8,,,0,,,8,8,8.0,95.0,,,96.0,,,8,95,995.0,,,,,,,,,,,,,,,,,,,,,,,,,,,,,,0,0,0,0,0,0,0,0,0,0,0,0,0,0,0,0,0,0,0,0,0,0,0,0,0,1,1,0,0,1,1,0,0,0,0,,1,0,0,0,0,0,0,0,0,0,0,0,0,0,0,0,,,,,,71-75,66-75,County road,R,Tuesday,Belt Used,PV,White,0,0,0,0,County Road,County Sheriff,Grant County Sheriff's Office,0,0,1,0,0,,,,,,0.0,0.0,0.0,,,,,,,,,,,98.0,98.0,98.0,1.0,,,,,20.0,7.0,,,,,,,,1.0,0.0,,,W NE,8.44,,,98832
2947,2020,416,EA73990,21.0,10/13/2020,15:46,13,10,,25,Grant,0,7,,1,1,7,1,0,2,2,,,,12,0,1,8.4,1,0,1,5,1,2,4,0,0,0,0,CR-ROAD W NE,,-119.0010528,47.252569444,0,2,24,51,3,60,66,0,0,1,2,12,1,3,2,1,1,1,3,53,0,87,881,1997,0,,12,,,,,,1,1,28,1,0.0,,0,0,3,0,11,0,,,,,6.0,3.0,3.0,3.0,1,0,,,,96,,,,,,0,,,,,,98832.0,53,68.0,190.0,6.0,1.0,0.0,1.0,0.0,0.0,,0,,,,,,0,01/15/2017,01/15/2017,20,0,0,0,8.0,3,2,,,0,,,8,8,0.0,0.0,,,0.0,,,0,0,996.0,,,,,,,,,,,,,,,,,,,,,,,,,,,,,,0,0,0,0,0,0,0,0,0,0,0,0,0,0,0,0,0,0,0,0,0,0,0,0,0,1,1,0,0,1,1,0,0,0,0,,0,0,0,0,0,0,0,0,0,0,0,0,0,0,0,0,,,,,,26-30,26-35,County road,R,Tuesday,,MHTRUCK,Not Fatal,0,0,0,0,County Road,County Sheriff,Grant County Sheriff's Office,0,0,1,0,0,,,,,,0.0,0.0,0.0,,,,,,,,,,,0.0,0.0,0.0,0.0,,,,,20.0,7.0,,,,,,,,1.0,0.0,,,W NE,8.44,,,98832
2948,2020,417,EA74128,290.0,10/15/2020,22:32,15,10,,53,Pierce,2230,1,,3,1,2,1,0,1,1,,,,30,0,0,0.0,3,0,2,3,2,1,3,0,0,0,0,SR-509,S 28TH ST,-122.4347417,47.236130556,0,1,6,6,1,25,2,0,0,1,2,30,1,2,5,5,6,1,2,53,0,18,5,1997,0,,68,64.0,30.0,,,,1,1,62,1,7.0,,4,7,3,0,11,0,10/15/2020,22:32,223053048674.0,48674.0,0.0,0.0,0.0,0.0,1,0,,,,96,,,,,,98,,,,,,98444.0,53,68.0,160.0,0.0,0.0,0.0,0.0,0.0,0.0,,0,,,,,,4,,,1,0,0,0,0.0,9,8,,,0,,,8,8,2.0,407.0,402.0,,1.0,1.0,,2,1,0.0,,,,,,,,,,,,,,,,,,,,,,,,,,,,,,0,0,1,1,0,0,1,1,0,0,0,0,1,1,0,0,0,0,0,0,0,0,0,0,0,0,0,0,0,1,0,0,0,0,0,,1,0,0,0,0,0,1,1,0,1,0,1,0,0,1,0,,,,,,61-65,56-65,State route,U,Thursday,Belt Used,PV,Black,1,0,0,0,State Route,Municipal/City Police,Tacoma Police Department,0,1,0,0,0,,,,,,0.0,0.0,0.0,,,,,,,,,,,0.0,0.0,0.0,2.0,,,,,20.0,7.0,,,,,,,,1.0,0.0,,,,,,,98402
2949,2020,418,EA74901,6.0,10/17/2020,14:27,17,10,,37,Kittitas,0,1,,1,1,2,1,0,1,1,14:25,14:48,,1,0,0,128.7,1,0,1,1,1,1,1,0,0,0,0,I-90,,-120.1112806,46.944191667,0,1,6,12,2,70,80,0,0,1,2,1,3,2,3,2,15,1,1,53,0,72,706,2019,0,,64,1.0,,,,,1,1,78,1,7.0,,4,7,20,7,11,0,10/17/2020,14:27,53048393.0,48393.0,0.0,0.0,0.0,0.0,1,0,,,,92,,,,,,98,,,,,,98837.0,53,72.0,204.0,4.0,1.0,0.0,0.0,1.0,2.0,,0,,,,,,0,03/15/2016,11/15/2018,20,8,0,0,0.0,9,8,,,0,,,8,8,8.0,95.0,,,96.0,,,8,95,995.0,,,,,,,,,,,,,,,,,,,,,,,,,,,,,,0,0,1,0,0,0,0,0,0,0,0,0,0,1,1,0,1,0,0,0,0,0,0,0,0,1,1,1,1,0,0,0,0,0,1,0.0,0,0,0,0,0,0,0,0,1,0,0,1,0,0,0,0,,,,,,76-80,76+,Interstate,R,Saturday,,MC,White,0,1,0,0,State Route,State Patrol,Washington State Patrol,1,1,0,0,0,,,,,,0.0,0.0,1.0,,,,,,,,,,,0.0,0.0,0.0,1.0,,,,,5.0,0.0,,,,,,,,1.0,0.0,,,,,,,
2950,2020,419,EA74949,29.0,10/24/2020,19:42,24,10,,41,Lewis,0,1,,2,1,2,1,0,1,1,19:45,19:46,,1,0,0,5.9,1,0,1,5,1,2,4,0,0,0,0,CR-HIGHWAY 603,,-122.9354056,46.593425,0,1,98,9,1,50,34,0,0,1,2,1,1,1,2,1,6,1,1,53,0,23,481,2004,0,,68,64.0,69.0,1.0,,,1,1,18,1,7.0,,4,7,99,7,11,0,10/24/2020,19:42,53050313.0,50313.0,0.0,0.0,0.0,3.0,1,0,,,,96,,,,,,98,,,,,,98591.0,53,73.0,160.0,6.0,2.0,0.0,0.0,0.0,0.0,,0,,,,,,3,,,8,1,9,0,0.0,9,8,,,0,,,8,8,2.0,1.0,,,1.0,,,2,1,0.16,,,,,,,,,,,,,,,,,,,,,,,,,,,,,,0,0,0,0,1,1,0,1,0,0,0,0,1,0,0,0,0,0,0,0,0,1,1,0,1,0,0,0,0,1,0,0,0,0,0,,1,0,0,0,0,1,0,1,0,1,0,0,0,1,0,1,,,,,,18-20,16-25,County road,R,Saturday,Unknown,PV,White,0,0,0,0,County Road,County Sheriff,Lewis County Sheriff's Office,0,0,1,0,0,,,,,,0.0,0.0,0.0,,,,,,,,,,,98.0,98.0,98.0,1.0,,,,,20.0,7.0,,,,,,,,1.0,0.0,,,HWY 603,5.903,,,98532
2951,2020,420,EA74969,42.0,10/24/2020,22:52,24,10,,67,Thurston,0,1,,2,1,2,2,0,3,2,,,,12,0,2,3.2,1,0,1,5,1,2,4,0,0,0,0,CR-BALD HILL RD SE,,-122.5420722,46.900205556,0,1,51,62,4,98,4,0,0,1,5,12,3,1,2,1,14,1,1,53,0,49,40,2009,0,,12,,,,,,1,1,72,2,0.0,,2,0,3,0,11,0,,,,,0.0,0.0,3.0,3.0,1,0,,,,96,,,,,,0,,,,,,98328.0,53,61.0,105.0,6.0,1.0,0.0,0.0,0.0,1.0,,0,,,,,,0,05/15/2018,05/15/2018,1,0,0,0,8.0,9,8,,,0,,,8,8,0.0,0.0,,,0.0,,,0,0,996.0,,,,,,,,,,,,,,,,,,,,,,,,,,,,,,0,0,0,0,0,0,0,0,0,0,0,0,0,0,0,0,0,0,0,0,0,0,0,0,0,1,1,0,1,1,0,0,0,0,0,,0,0,0,0,0,0,0,0,0,0,0,0,0,0,0,0,,,,,,71-75,66-75,County road,R,Saturday,Belt Used,PV,Not Fatal,0,1,1,0,County Road,County Sheriff,Thurston County Sheriff's Office,0,0,1,0,0,,,,,,0.0,0.0,0.0,,,,,,,,,,,98.0,98.0,98.0,0.0,,,,,20.0,7.0,,,,,,,,1.0,0.0,,,BALD HILL RD SE,3.2,,,98597
2952,2020,420,EA74969,42.0,10/24/2020,22:52,24,10,,67,Thurston,0,1,,2,1,2,2,0,3,2,,,,12,0,2,3.2,1,0,1,5,1,2,4,0,0,0,0,CR-BALD HILL RD SE,,-122.5420722,46.900205556,0,2,50,10,2,98,80,0,0,1,5,12,2,1,2,1,14,2,1,53,0,72,706,2017,0,,68,12.0,,,,,1,1,40,1,7.0,,4,7,20,7,11,0,10/24/2020,23:08,53051261.0,51261.0,0.0,0.0,0.0,3.0,1,28,,,,96,,,,,,98,,,,,,98597.0,53,73.0,170.0,6.0,1.0,0.0,0.0,0.0,0.0,,0,,,,,,0,,,20,8,0,0,0.0,9,8,,,0,,,8,8,2.0,1.0,,,1.0,,,2,1,0.0,,,,,,,,,,,,,,,,,,,,,,,,,,,,,,0,0,0,0,0,0,0,0,0,0,0,0,0,0,0,0,0,0,0,0,0,0,0,0,0,1,1,0,1,1,0,0,0,0,1,0.0,0,0,0,0,0,0,0,0,0,0,0,0,0,0,0,0,,,,,,36-40,36-45,County road,R,Saturday,,MC,White,0,1,1,0,County Road,County Sheriff,Thurston County Sheriff's Office,0,0,1,0,0,,,,,,0.0,0.0,0.0,,,,,,,,,,,0.0,0.0,0.0,1.0,,,,,5.0,0.0,,,,,,,,1.0,0.0,,,BALD HILL RD SE,3.2,,,98597
2953,2020,421,EA75128,159.0,10/04/2020,1:02,4,10,,5,Benton,1020,1,,3,1,2,1,0,3,2,1:02,1:09,,5,0,0,0.0,2,0,2,3,2,4,6,0,0,0,0,W CLEARWATER AVE,N MORAIN ST,-119.1693861,46.21235,0,1,0,98,7,35,4,0,0,1,2,5,1,1,4,1,11,2,2,53,0,49,40,2012,0,,5,73.0,,,,,1,1,20,2,0.0,,0,0,99,7,11,0,,,,,0.0,0.0,0.0,0.0,1,0,,,,96,,,,,,98,,,,,,99337.0,53,62.0,160.0,0.0,0.0,0.0,0.0,0.0,0.0,,0,,,,,,0,,,20,0,0,0,8.0,9,8,,,0,,,8,8,8.0,95.0,,,96.0,,,8,95,995.0,,,,,,,,,,,,,,,,,,,,,,,,,,,,,,0,0,0,1,0,0,0,0,0,0,0,0,0,1,0,0,0,0,1,1,0,1,1,1,1,0,0,0,0,1,0,0,0,0,0,,0,0,0,0,0,0,0,0,0,0,0,1,0,0,0,0,,,,,,18-20,16-25,City street,U,Sunday,Unknown,PV,Not Fatal,1,0,0,0,City Street,Municipal/City Police,Kennewick Police Department,0,0,0,1,0,,,,,,0.0,0.0,0.0,,,,,,,,,,,98.0,98.0,98.0,0.0,,,,,20.0,7.0,,,,,,,,1.0,0.0,,,,,,,99336
2954,2020,421,EA75128,159.0,10/04/2020,1:02,4,10,,5,Benton,1020,1,,3,1,2,1,0,3,2,1:02,1:09,,5,1,0,0.0,2,0,2,3,2,4,6,0,0,3,3,W CLEARWATER AVE,N MORAIN ST,-119.1693861,46.21235,0,2,98,90,6,35,4,0,0,1,2,73,1,1,5,1,1,1,2,53,0,7,43,2006,0,,73,,,,,,1,1,23,1,0.0,,0,0,99,7,11,0,,,,,0.0,0.0,3.0,3.0,1,38,,,,96,,,,,,98,,,,,,99336.0,53,68.0,145.0,6.0,1.0,0.0,1.0,0.0,1.0,,97,,,,,,0,05/15/2019,01/15/2019,20,0,0,0,8.0,9,8,,,0,,,8,8,8.0,95.0,,,96.0,,,8,95,995.0,,,,,,,,,,,,,,,,,,,,,,,,,,,,,,0,0,0,1,0,0,0,0,0,0,0,0,0,1,0,0,0,0,1,1,0,1,1,1,1,0,0,0,0,1,0,0,0,0,0,,0,0,0,0,0,0,0,0,0,0,1,0,0,0,0,0,,,,,,21-25,16-25,City street,U,Sunday,Unknown,PV,Not Fatal,1,0,0,0,City Street,Municipal/City Police,Kennewick Police Department,0,0,0,1,0,,,,,,0.0,0.0,1.0,,,,,,,,,,,98.0,98.0,98.0,0.0,,,,,20.0,7.0,,,,,,,,1.0,0.0,,,,,,,99336
2955,2020,422,EA75227,3.0,10/17/2020,21:36,17,10,,33,King,1960,1,,3,1,1,1,1,2,2,,,,8,0,0,164.6,1,0,1,1,2,1,1,0,0,0,0,I-5,,-122.3205917,47.595280556,0,1,13,80,5,60,14,0,0,1,5,8,1,4,3,3,1,1,1,53,0,49,401,1997,0,,8,,,,,,1,1,37,1,0.0,,0,0,3,0,11,0,,,,,0.0,0.0,0.0,3.0,1,0,,,,96,,,,,,98,,,,,,98107.0,53,72.0,190.0,6.0,1.0,0.0,0.0,1.0,0.0,,0,,,,,,0,08/15/2016,08/15/2016,20,0,0,0,8.0,9,8,,,0,,,8,8,8.0,95.0,,,96.0,,,8,95,995.0,,,,,,,,,,,,,,,,,,,,,,,,,,,,,,0,0,0,0,0,0,0,0,0,1,0,1,0,0,0,0,0,0,0,0,0,0,0,0,0,0,0,0,0,1,0,1,0,0,0,,0,0,0,0,0,0,0,0,0,0,0,0,0,0,0,0,,,,,,36-40,36-45,Interstate,U,Saturday,Belt Used,PV,Not Fatal,0,0,0,0,State Route,State Patrol,Washington State Patrol,0,1,0,0,0,,,,,,0.0,0.0,0.0,,,,,,,,,,,0.0,0.0,0.0,0.0,,,,,20.0,7.0,,,,,,,,1.0,0.0,,,,,,,98104
2956,2020,422,EA75227,3.0,10/17/2020,21:36,17,10,,33,King,1960,1,,3,1,1,1,1,2,2,,,,8,0,0,164.6,1,0,1,1,2,1,1,0,0,0,0,I-5,,-122.3205917,47.595280556,0,2,98,80,5,60,14,0,0,1,5,8,1,4,3,3,1,1,1,53,0,18,404,2016,0,,8,,,,,,1,1,27,2,0.0,,0,0,3,0,11,0,,,,,0.0,0.0,3.0,3.0,1,0,,,,96,,,,,,98,,,,,,98032.0,53,62.0,185.0,6.0,1.0,0.0,2.0,0.0,0.0,,0,,,,,,0,01/15/2017,03/15/2019,20,0,0,0,8.0,9,8,,,0,,,8,8,8.0,95.0,,,96.0,,,8,95,995.0,,,,,,,,,,,,,,,,,,,,,,,,,,,,,,0,0,0,0,0,0,0,0,0,1,0,1,0,0,0,0,0,0,0,0,0,0,0,0,0,0,0,0,0,1,0,1,0,0,0,,0,0,0,0,0,0,0,0,0,0,0,0,0,0,0,0,,,,,,26-30,26-35,Interstate,U,Saturday,Belt Used,PV,Not Fatal,0,0,0,0,State Route,State Patrol,Washington State Patrol,0,1,0,0,0,,,,,,0.0,0.0,0.0,,,,,,,,,,,98.0,98.0,98.0,0.0,,,,,20.0,7.0,,,,,,,,1.0,0.0,,,,,,,98104
2957,2020,423,EA76737,4.0,10/30/2020,13:01,30,10,,63,Spokane,2110,1,,1,1,2,1,0,6,3,,,,12,0,7,280.9,1,0,1,1,2,1,1,0,0,0,0,I-90,,-117.3706806,47.654033333,0,1,47,10,2,60,49,0,0,1,2,25,1,1,4,3,15,2,1,53,0,2,999,1968,0,,12,64.0,25.0,1.0,2.0,54.0,1,1,40,1,0.0,,3,0,20,7,11,5,,,,,0.0,0.0,0.0,3.0,1,33,,,,0,,,,,,8,,,,,,99026.0,53,72.0,195.0,6.0,1.0,0.0,3.0,1.0,1.0,,1,,,,,,0,08/15/2017,11/15/2020,99,1,9,0,8.0,9,8,,,0,,,8,8,8.0,95.0,,,96.0,,,8,95,995.0,,,,,,,,,,,,,,,,,,,,,,,,,,,,,,0,0,0,0,0,0,0,0,0,0,0,0,0,0,0,0,0,0,0,1,0,0,0,0,0,0,0,0,0,1,0,0,0,0,0,,0,0,0,0,0,0,0,0,0,0,0,0,0,0,0,0,,,,,,36-40,36-45,Interstate,U,Friday,Not Used,PV,Not Fatal,0,0,0,0,State Route,State Patrol,Washington State Patrol,0,1,0,0,0,,,,,,0.0,0.0,1.0,,,,,,,,,,,0.0,0.0,0.0,0.0,,,,,20.0,7.0,,,,,,,,1.0,14.0,,,,,,,99202
2958,2020,423,EA76737,4.0,10/30/2020,13:01,30,10,,63,Spokane,2110,1,,1,1,2,1,0,6,3,,,,12,0,7,280.9,1,0,1,1,2,1,1,0,0,0,0,I-90,,-117.3706806,47.654033333,0,2,45,61,4,60,34,0,0,1,2,12,1,1,4,3,1,2,1,53,0,7,482,2005,0,,12,,,,,,1,1,43,1,0.0,,0,0,3,0,11,0,,,,,0.0,0.0,0.0,3.0,1,0,,,,96,,,,,,0,,,,,,99016.0,53,69.0,193.0,6.0,1.0,0.0,0.0,2.0,1.0,,0,,,,,,0,01/15/2016,04/15/2018,20,0,0,0,8.0,9,8,,,0,,,8,8,0.0,0.0,,,0.0,,,0,0,996.0,,,,,,,,,,,,,,,,,,,,,,,,,,,,,,0,0,0,0,0,0,0,0,0,0,0,0,0,0,0,0,0,0,0,1,0,0,0,0,0,0,0,0,0,1,0,0,0,0,0,,0,0,0,0,0,0,0,0,0,0,0,0,0,0,0,0,,,,,,41-45,36-45,Interstate,U,Friday,Belt Used,PV,Not Fatal,0,0,0,0,State Route,State Patrol,Washington State Patrol,0,1,0,0,0,,,,,,0.0,0.0,0.0,,,,,,,,,,,98.0,98.0,98.0,0.0,,,,,20.0,7.0,,,,,,,,1.0,14.0,,,,,,,99202
2959,2020,423,EA76737,4.0,10/30/2020,13:01,30,10,,63,Spokane,2110,1,,1,1,2,1,0,6,3,,,,12,0,7,280.9,1,0,1,1,2,1,1,0,0,0,0,I-90,,-117.3706806,47.654033333,0,3,98,98,7,60,14,0,0,1,5,54,1,1,4,3,1,2,3,53,0,12,401,2011,0,,54,,,,,,1,1,39,2,0.0,,0,0,3,0,11,0,,,,,0.0,0.0,0.0,3.0,1,0,,,,96,,,,,,0,,,,,,99217.0,53,62.0,220.0,6.0,1.0,0.0,0.0,0.0,1.0,,0,,,,,,0,07/15/2016,07/15/2016,20,0,0,0,8.0,9,8,,,0,,,8,8,0.0,0.0,,,0.0,,,0,0,996.0,,,,,,,,,,,,,,,,,,,,,,,,,,,,,,0,0,0,0,0,0,0,0,0,0,0,0,0,0,0,0,0,0,0,1,0,0,0,0,0,0,0,0,0,1,0,0,0,0,0,,0,0,0,0,0,0,0,0,0,0,0,0,0,0,0,0,,,,,,36-40,36-45,Interstate,U,Friday,Belt Used,PV,Not Fatal,0,0,0,0,State Route,State Patrol,Washington State Patrol,0,1,0,0,0,,,,,,0.0,0.0,0.0,,,,,,,,,,,98.0,98.0,98.0,0.0,,,,,20.0,7.0,,,,,,,,1.0,14.0,,,,,,,99202
2960,2020,424,EA76853,1.0,10/31/2020,22:04,31,10,,77,Yakima,0,1,,2,1,2,1,1,2,1,,,,8,0,0,1.4,3,0,2,5,1,2,4,0,3,0,0,CR-FORT ROAD,BECKER RD,-120.3569917,46.375252778,0,1,13,80,5,55,15,0,0,1,5,8,1,1,2,1,1,2,3,53,0,20,421,2019,0,,8,,,,,,1,1,36,1,0.0,,0,0,3,0,11,0,,,,,0.0,0.0,3.0,3.0,1,0,,,,96,,,,,,0,,,,,,98902.0,53,69.0,170.0,6.0,1.0,0.0,0.0,1.0,0.0,,0,,,,,,0,03/15/2019,03/15/2019,20,0,0,0,8.0,3,8,,,0,,,8,8,0.0,0.0,,,0.0,,,0,0,996.0,,,,,,,,,,,,,,,,,,,,,,,,,,,,,,0,0,0,1,0,0,0,0,0,0,0,0,0,0,0,0,0,0,0,0,0,0,0,0,0,0,0,0,0,1,0,1,0,0,0,,0,0,0,0,0,0,0,0,0,0,0,0,0,0,0,0,,,,,,36-40,36-45,County road,R,Saturday,Belt Used,PV,Not Fatal,1,0,0,0,County Road,State Patrol,Washington State Patrol,0,0,1,0,0,,,,,,0.0,0.0,0.0,,,,,,,,,,,98.0,98.0,98.0,0.0,,,,,20.0,7.0,,,,,,,,1.0,0.0,,,FORT RD.,1.35,,,98948
2961,2020,425,EA76881,122.0,10/31/2020,18:25,31,10,,61,Snohomish,690,1,,3,1,2,1,1,1,1,,,,15,0,0,0.7,3,0,2,3,2,1,3,0,0,0,0,SR-529,RAINER AVE,-122.198625,47.981852778,0,1,13,83,5,30,4,0,0,1,5,15,1,1,4,1,1,1,1,53,0,37,32,2006,0,,15,,,,,,1,1,60,2,0.0,,0,0,3,0,11,0,,,,,0.0,0.0,3.0,3.0,1,10,,,,0,,,,,,0,,,,,,98258.0,53,65.0,150.0,6.0,1.0,0.0,0.0,0.0,0.0,,0,,,,,,0,,,20,0,0,0,8.0,9,8,,,0,,,8,8,0.0,0.0,,,0.0,,,0,0,996.0,,,,,,,,,,,,,,,,,,,,,,,,,,,,,,0,0,0,1,0,0,0,0,0,1,0,1,0,0,0,0,0,0,0,0,0,0,0,0,0,0,0,0,0,1,0,1,0,0,0,,0,0,0,0,0,0,0,0,0,0,0,0,0,0,0,0,,,,,,56-60,56-65,State route,U,Saturday,Belt Used,PV,Not Fatal,1,0,0,0,State Route,Municipal/City Police,Everett Police Department,0,1,0,0,0,,,,,,0.0,0.0,0.0,,,,,,,,,,,98.0,98.0,98.0,0.0,,,,,20.0,7.0,,,,,,,,1.0,0.0,,,,,,,98201
2962,2020,426,EA77147,1.0,10/30/2020,15:43,30,10,,77,Yakima,0,1,,1,1,2,1,0,2,2,15:56,16:41,17:05,12,0,2,54.1,1,0,1,3,1,1,2,0,3,0,0,US-97,,-120.3647778,46.283613889,0,1,50,10,2,65,5,0,0,1,2,12,1,2,3,1,6,1,1,41,0,20,29,2020,0,,68,12.0,,,,,1,1,55,1,7.0,,4,7,3,0,11,0,10/30/2020,15:43,53051124.0,51124.0,0.0,0.0,0.0,3.0,1,33,,,,96,,,,,,9,,,,,,97214.0,41,70.0,194.0,6.0,1.0,0.0,0.0,1.0,0.0,,0,,,,,,0,02/15/2020,02/15/2020,8,0,0,0,0.0,9,8,,,0,,,1,8,2.0,996.0,996.0,695.0,1.0,1.0,1.0,2,1,0.0,,,,,,,,,,,,,,,,,,,,,,,,,,,,,,0,0,0,0,0,0,1,1,1,0,0,0,0,0,0,0,0,0,0,0,0,0,0,0,0,0,0,0,0,1,0,0,0,0,0,,1,0,0,0,0,0,1,1,0,0,0,0,0,0,1,0,,,,,,51-55,46-55,US highway,R,Friday,Belt Used,PV,White,0,1,1,0,State Route,State Patrol,Washington State Patrol,0,1,0,0,0,thc,10.0,carboxy-thc,7.4,,0.0,0.0,0.0,1.0,1.0,1.0,,,605.0,996.0,996.0,,,98.0,98.0,98.0,1.0,,,,,20.0,7.0,,,,,,,nms,1.0,0.0,,,,,,,
2963,2020,426,EA77147,1.0,10/30/2020,15:43,30,10,,77,Yakima,0,1,,1,1,2,1,0,2,2,15:56,16:41,17:05,12,0,2,54.1,1,0,1,3,1,1,2,0,3,0,0,US-97,,-120.3647778,46.283613889,0,2,51,62,4,65,20,0,0,1,2,12,1,2,3,1,1,1,3,53,0,7,442,2000,0,,12,,,,,,1,1,48,1,0.0,,3,0,3,0,11,5,,,,,0.0,0.0,0.0,3.0,1,0,,,,96,,,,,,0,,,,,,98620.0,53,69.0,180.0,6.0,1.0,0.0,0.0,0.0,0.0,,0,,,,,,0,,,1,0,0,0,8.0,3,2,,,0,,,8,8,0.0,0.0,,,0.0,,,0,0,996.0,,,,,,,,,,,,,,,,,,,,,,,,,,,,,,0,0,0,0,0,0,1,1,1,0,0,0,0,0,0,0,0,0,0,0,0,0,0,0,0,0,0,0,0,1,0,0,0,0,0,,0,0,0,0,0,0,0,0,0,0,0,0,0,0,0,0,,,,,,46-50,46-55,US highway,R,Friday,Belt Used,PV,Not Fatal,0,1,1,0,State Route,State Patrol,Washington State Patrol,0,1,0,0,0,,,,,,0.0,0.0,0.0,,,,,,,,,,,98.0,98.0,98.0,0.0,,,,,20.0,7.0,,,,,,,,1.0,0.0,,,,,,,
2964,2020,427,EA77202,290.0,11/03/2020,0:13,3,11,,53,Pierce,2230,1,,3,1,2,1,0,1,3,,,,14,0,0,0.0,1,0,1,5,2,4,6,0,0,0,0,S SHERIDAN AVE,,-122.4525389,47.186708333,1,1,98,13,2,30,4,0,0,1,2,14,1,1,2,1,1,1,3,53,0,35,47,2018,0,,63,14.0,69.0,68.0,64.0,14.0,1,1,27,2,7.0,,4,7,20,7,11,0,11/03/2020,0:13,223053051201.0,51201.0,0.0,0.0,0.0,2.0,1,0,,,,96,,,,,,98,,,,,,98387.0,53,66.0,130.0,1.0,1.0,0.0,0.0,0.0,0.0,,0,,,,,,4,,,8,0,0,0,0.0,9,8,,,0,,,8,8,8.0,95.0,,,96.0,,,8,95,995.0,,,,,,,,,,,,,,,,,,,,,,,,,,,,,,0,0,0,0,0,0,0,0,0,0,0,0,1,1,0,0,0,0,0,1,0,0,0,0,0,0,0,0,0,1,0,0,0,1,0,,1,0,0,0,0,0,0,0,0,1,0,1,0,0,0,0,,,,,,26-30,26-35,City street,U,Tuesday,Not Used,PV,Multiracial,0,1,0,0,City Street,Municipal/City Police,Tacoma Police Department,1,0,0,1,0,,,,,,0.0,0.0,0.0,,,,,,,,,,,98.0,98.0,98.0,201.0,202.0,,,,20.0,7.0,,,,,,,,1.0,0.0,,,,,,,98408