,year,case,par,repjur,crash_dt,crash_tm,accday,accmon,holiday,county,co_char,city,weather,weather2,lightcond,surfcond,surftype,numfatal,nmforms,pforms,vforms,not_tm,arr_tm,hosp_tm,fhevent,hitrun,manncol,milepnt,reljunc,reljuncinter,intersectiontype,funcsystem,landuse,ownership,route,schlbus,spejur,contdev,devfunc,trafid1,trafid2,x,y,wk_zone,vnumber,crashtype,criticalevent,criticaleventcat,spdlim,body,trailer,emerg,hazcargo,leave,mhevent,roadalgn,roadprof,traflane,trafflow,vehmanvr,numoccs,regowner,regstate,spuse,make,model,modelyr,vrf1,vrf2,seqevent1,seqevent2,seqevent3,seqevent4,seqevent5,seqevent6,pnumber,ptype,age,sex,hispanic,race,injury,diedscene,restraint,restraintmisuse,seatpos,takehosp,death_dt,death_tm,cert,cernum_wa,commlic,licendor,licrestrict,liccomp,drivpres,drf1,drf2,drf3,drf4,distract1,distract2,distract3,distract4,distract5,distract6,dricond1,dricond2,dricond3,dricond4,dricond5,dricond6,dzip,licstate,drhgt_in,weight,noncdl,noncdltype,prevdwi,prevoth,prevacc,prevspd,prevsus,driviol1,driviol2,driviol3,driviol4,driviol5,driviol6,spdrel,first_dt,last_dt,airbag,ejection,ejectpath,extricat,injurwrk,methalc,methdrug,nmlocat,strikveh,prf1,prf2,prf3,druginv,alcinvol,drugsts,drugres1,drugres2,drugres3,drugtst1,drugtst2,drugtst3,alcsts,alctst,alcres,nmact1,nmact2,nmact3,nmact4,nmact5,nmact6,nmprior1,nmprior2,nmprior3,nmprior4,nmprior5,nmprior6,nmcond1,nmcond2,nmcond3,nmcond4,nmcond5,nmcond6,nmsafe_helmet,nmsafe_pads,nmsafe_oth,nmprev_ref,nmprev_lgt,nmprev_oth,crashlocation,nmcrashtype,crosswalk,schoolzone,sidewalk,train_inv,wildlife_inv,rotr_fars,intersect_fars,dd_inv,aid_inv,dpd_inv,id_inv,mj_inv,impnm_inv,ainm_inv,dpnm_inv,speed_inv,unlic_inv,unendmc_inv,drowsy_inv,drdist_inv,nmdist_inv,fty_inv,unrestfat_inv,dr1617_inv,dr1820_inv,dr1620_inv,dr2125_inv,dr1625_inv,dr65_inv,dr70_inv,dr75_inv,mc_inv,pv_inv,ht_inv,ped_inv,bike_inv,unrest_fat,mc_fat,unhelmet_mc,pv_fat,ht_fat,ped_fat,bike_fat,dr_alc7,dr_alc8,dr_drug,dr_imp,dr_dist,dr_spd,dr_fty,dr_unlic,dr_alc7only,dr_alc8only,dr_drugonly,dr_drink,nm_imp,nm_alc7,nm_alc8,nm_drug,nm_dist,agegrp1,agegrp2,roadclass,urbrur,dayweek,restuse,vehtype,race_me,intersect,lanedep,oppdir,wrongway,rep_typ,investag,repag_long,rotr,st_rd,cty_rd,city_rd,oth_rd,drug_thc,thc_res,drug_cthc,cthc_res,drug_cann,prevpersemin,prevperse,prevsusoth,drugtst4,drugtst5,drugtst6,drugtst7,drugtst8,drugres4,drugres5,drugres6,drugres7,drugres8,adspresent,adsengaged,adslevel,race1,race2,race3,race4,race5,helmet,helmetmisuse,nmdistract1,nmdistract2,nmdistract3,nmdistract4,nmdistract5,nmdistract6,lab,isedtcase,crf1,crf2,crf3,CoRoadName,CoMP,IntCoRoadName,IntCoMP,zipcode
2965,2020,428,EA67096,39.0,09/25/2020,19:51,25,9,,61,Snohomish,0,2,,2,2,2,1,0,1,1,19:54,20:05,20:55,42,0,0,8.5,1,0,1,5,1,2,4,0,0,0,0,CR-311TH AVE SE,,-121.8147083,47.852469444,0,1,6,12,2,35,15,0,0,1,2,42,1,2,2,1,1,1,1,53,0,20,421,2004,0,,68,64.0,42.0,,,,1,1,20,2,7.0,,4,0,20,7,11,5,09/26/2020,1:50,69053044837.0,44837.0,0.0,0.0,0.0,3.0,1,0,,,,92,,,,,,98,,,,,,98394.0,53,69.0,135.0,6.0,1.0,0.0,1.0,1.0,2.0,,0,,,,,,0,01/15/2017,05/15/2019,20,2,1,1,0.0,9,8,,,0,,,8,8,2.0,401.0,417.0,,1.0,1.0,,2,1,0.0,,,,,,,,,,,,,,,,,,,,,,,,,,,,,,0,0,1,0,0,0,1,1,0,0,0,0,0,0,0,0,1,0,0,1,0,1,1,0,1,0,0,0,0,1,0,0,0,1,0,,1,0,0,0,0,0,1,1,1,0,0,0,0,0,1,0,,,,,,18-20,16-25,County road,R,Friday,Not Used,PV,White,0,1,0,0,County Road,County Sheriff,Snohomish County Sheriff's Office,1,0,1,0,0,,,,,,0.0,0.0,1.0,,,,,,,,,,,98.0,98.0,98.0,1.0,,,,,20.0,7.0,,,,,,,,1.0,0.0,,,311TH AVE SE,8.54,,,98294
2966,2020,429,EA77303,25.0,10/26/2020,13:13,26,10,,33,King,0,10,,1,1,2,1,0,2,1,13:26,13:34,14:23,42,0,0,0.2,1,0,1,3,1,2,4,0,0,0,0,CR-78TH AVE S,,-122.23725,47.366405556,0,1,1,13,2,35,4,0,0,1,5,42,3,1,2,1,14,2,1,53,0,58,37,2010,0,,63,42.0,2.0,,,,1,1,25,1,0.0,,3,0,3,0,11,5,,,,,0.0,0.0,3.0,2.0,1,0,,,,96,,,,,,0,,,,,,98058.0,53,67.0,168.0,1.0,1.0,2.0,1.0,1.0,0.0,,97,,,,,,3,10/15/2018,09/15/2018,8,0,0,0,8.0,9,8,,,0,,,8,8,8.0,95.0,,,96.0,,,8,95,995.0,,,,,,,,,,,,,,,,,,,,,,,,,,,,,,0,0,1,0,0,0,0,0,0,0,0,0,1,1,0,0,0,0,0,0,0,0,0,1,1,0,0,0,0,1,0,0,0,0,0,,0,0,0,0,0,0,0,0,0,1,0,1,0,0,0,0,,,,,,21-25,16-25,County road,R,Monday,Belt Used,PV,Not Fatal,0,1,0,0,County Road,County Sheriff,King County Police,1,0,1,0,0,,,,,,0.0,0.0,3.0,,,,,,,,,,,98.0,98.0,98.0,0.0,,,,,20.0,7.0,,,,,,,,1.0,0.0,,,78 AVE S,0.163,,,98032
2967,2020,430,EA77640,120.0,10/31/2020,0:15,31,10,,33,King,670,1,,3,1,2,1,0,4,1,0:41,1:04,1:48,30,0,0,0.0,1,0,1,4,2,4,6,0,0,0,0,ROOSEVELT AVE,,-121.9925889,47.199227778,0,1,6,13,2,40,34,0,0,1,2,30,4,1,2,1,14,4,1,53,0,12,481,2013,0,,63,69.0,64.0,30.0,,,1,1,29,1,0.0,,3,0,99,7,11,5,,,,,0.0,0.0,0.0,3.0,1,0,,,,96,,,,,,9,,,,,,98391.0,53,72.0,250.0,6.0,1.0,0.0,0.0,0.0,1.0,,97,,,,,,3,04/15/2017,04/15/2017,8,9,0,0,8.0,3,2,,,0,,,8,1,2.0,402.0,,,1.0,,,2,1,0.17,,,,,,,,,,,,,,,,,,,,,,,,,,,,,,0,0,1,0,1,1,1,1,0,0,0,0,1,0,0,0,0,0,0,0,0,0,0,0,0,0,0,0,0,1,0,0,0,0,0,,0,0,0,0,0,1,1,1,0,1,0,0,0,0,0,1,,,,,,26-30,26-35,City street,U,Saturday,Unknown,PV,Not Fatal,0,1,0,0,City Street,Municipal/City Police,Enumclaw Police Department,1,0,0,1,0,,,,,,0.0,0.0,0.0,,,,,,,,,,,98.0,98.0,98.0,0.0,,,,,20.0,7.0,,,,,,,,1.0,0.0,,,,,,,98022
2968,2020,431,EA78019,5.0,10/26/2020,6:35,26,10,,41,Lewis,0,1,,2,1,2,1,0,3,2,6:41,7:13,7:43,24,0,0,91.9,1,0,1,2,1,1,2,0,0,0,0,US-12,,-122.3822639,46.534113889,0,1,1,13,2,55,6,0,0,1,2,12,1,2,2,1,1,1,1,53,0,49,46,2016,0,,63,24.0,69.0,68.0,12.0,,1,1,43,1,0.0,,3,0,3,0,11,5,,,,,0.0,0.0,0.0,3.0,1,8,,,,96,,,,,,98,,,,,,98502.0,53,71.0,175.0,6.0,1.0,0.0,0.0,0.0,0.0,,97,,,,,,0,,,8,0,0,0,8.0,3,8,,,0,,,8,8,0.0,0.0,,,0.0,,,0,0,996.0,,,,,,,,,,,,,,,,,,,,,,,,,,,,,,0,0,1,0,0,0,0,0,0,0,0,0,0,1,0,0,0,0,0,0,0,0,0,1,1,0,0,0,0,1,0,0,0,0,0,,0,0,0,0,0,0,0,0,0,0,0,0,0,0,0,0,,,,,,41-45,36-45,US highway,R,Monday,Belt Used,PV,Not Fatal,0,1,0,0,State Route,State Patrol,Washington State Patrol,1,1,0,0,0,,,,,,0.0,0.0,0.0,,,,,,,,,,,98.0,98.0,98.0,0.0,,,,,20.0,7.0,,,,,,,,1.0,0.0,,,,,,,98356
2969,2020,431,EA78019,5.0,10/26/2020,6:35,26,10,,41,Lewis,0,1,,2,1,2,1,0,3,2,6:41,7:13,7:43,24,0,0,91.9,1,0,1,2,1,1,2,0,0,0,0,US-12,,-122.3822639,46.534113889,0,2,98,62,4,55,4,0,0,1,2,12,1,2,2,1,1,2,1,41,0,35,47,2000,0,,12,,,,,,1,1,25,1,0.0,,3,0,3,0,11,5,,,,,0.0,0.0,0.0,2.0,1,0,,,,96,,,,,,0,,,,,,98629.0,53,72.0,166.0,1.0,1.0,0.0,1.0,1.0,0.0,,71,76.0,,,,,0,02/15/2015,11/15/2017,8,0,0,0,8.0,9,8,,,0,,,0,8,0.0,0.0,,,0.0,,,0,0,996.0,,,,,,,,,,,,,,,,,,,,,,,,,,,,,,0,0,1,0,0,0,0,0,0,0,0,0,0,1,0,0,0,0,0,0,0,0,0,1,1,0,0,0,0,1,0,0,0,0,0,,0,0,0,0,0,0,0,0,0,0,0,1,0,0,0,0,,,,,,21-25,16-25,US highway,R,Monday,Belt Used,PV,Not Fatal,0,1,0,0,State Route,State Patrol,Washington State Patrol,1,1,0,0,0,,,,,,0.0,0.0,9.0,,,,,,,,,,,98.0,98.0,98.0,0.0,,,,,20.0,7.0,,,,,,,,1.0,0.0,,,,,,,98356
2970,2020,432,EA78212,7.0,11/04/2020,23:22,4,11,,33,King,0,10,,2,2,2,1,0,3,2,23:36,23:46,0:16,12,0,2,32.7,1,0,1,3,2,1,3,0,0,0,0,SR-509,,-122.3247056,47.503730556,0,1,52,54,3,60,84,0,0,1,2,12,1,2,2,3,1,1,2,53,0,98,703,2009,0,,12,,,,,,1,1,38,2,7.0,,4,7,20,7,11,0,11/04/2020,23:22,53052755.0,52755.0,0.0,0.0,0.0,2.0,1,51,,,,96,,,,,,98,,,,,,98367.0,53,64.0,100.0,6.0,1.0,2.0,0.0,1.0,0.0,,0,,,,,,0,01/15/2017,01/15/2017,20,8,0,0,0.0,9,8,,,0,,,8,8,2.0,996.0,695.0,605.0,1.0,1.0,1.0,2,1,0.252,,,,,,,,,,,,,,,,,,,,,,,,,,,,,,0,0,0,0,1,1,1,1,1,0,0,0,0,1,1,0,0,0,0,0,0,0,0,0,0,0,0,0,1,1,0,0,0,0,1,0.0,0,0,0,0,0,1,1,1,0,0,0,0,0,0,0,1,,,,,,36-40,36-45,State route,U,Wednesday,,OTHMC,White,0,0,0,1,State Route,State Patrol,Washington State Patrol,0,1,0,0,0,thc,0.53,carboxy-thc,14.0,,0.0,1.0,1.0,1.0,1.0,1.0,,,996.0,996.0,401.0,,,0.0,0.0,0.0,1.0,,,,,5.0,0.0,,,,,,,nms,1.0,0.0,,,,,,,98168
2971,2020,432,EA78212,7.0,11/04/2020,23:22,4,11,,33,King,0,10,,2,2,2,1,0,3,2,23:36,23:46,0:16,12,0,2,32.7,1,0,1,3,2,1,3,0,0,0,0,SR-509,,-122.3247056,47.503730556,0,2,52,54,3,60,4,0,0,1,2,12,1,2,2,3,1,2,2,53,0,41,35,1997,0,,12,,,,,,1,1,28,2,0.0,,2,0,3,0,11,5,,,,,0.0,0.0,0.0,0.0,1,0,,,,96,,,,,,0,,,,,,98148.0,53,63.0,200.0,0.0,0.0,0.0,4.0,2.0,2.0,,97,,,,,,0,09/15/2017,06/15/2019,1,0,0,0,8.0,3,2,,,0,,,8,8,0.0,0.0,,,0.0,,,0,0,996.0,,,,,,,,,,,,,,,,,,,,,,,,,,,,,,0,0,0,0,1,1,1,1,1,0,0,0,0,1,1,0,0,0,0,0,0,0,0,0,0,0,0,0,1,1,0,0,0,0,0,,0,0,0,0,0,0,0,0,0,0,0,1,0,0,0,0,,,,,,26-30,26-35,State route,U,Wednesday,Belt Used,PV,Not Fatal,0,0,0,1,State Route,State Patrol,Washington State Patrol,0,1,0,0,0,,,,,,0.0,0.0,3.0,,,,,,,,,,,0.0,0.0,0.0,0.0,,,,,20.0,7.0,,,,,,,,1.0,0.0,,,,,,,98168
2972,2020,434,EA78864,75.0,11/05/2020,11:35,5,11,,11,Clark,240,2,,1,2,1,1,0,4,2,,,,12,0,2,0.0,1,0,1,4,2,4,6,0,0,0,0,NW LAKE RD,,-122.4167028,45.607544444,0,1,50,6,1,35,14,0,0,1,2,12,3,2,2,1,14,2,2,53,0,34,402,2021,0,,68,12.0,,,,,1,1,30,1,0.0,,2,0,3,0,11,5,,,,,0.0,0.0,0.0,3.0,1,58,,,,96,,,,,,0,,,,,,98684.0,53,69.0,175.0,6.0,1.0,0.0,0.0,0.0,0.0,,97,,,,,,0,,,8,0,0,0,8.0,9,8,,,0,,,8,8,0.0,0.0,,,0.0,,,0,0,996.0,,,,,,,,,,,,,,,,,,,,,,,,,,,,,,0,0,0,0,0,0,0,0,0,0,0,0,0,0,0,0,0,0,0,0,0,0,0,0,0,0,0,0,0,1,0,0,0,0,0,,0,0,0,0,0,0,0,0,0,0,0,0,0,0,0,0,,,,,,26-30,26-35,City street,U,Thursday,Belt Used,PV,Not Fatal,0,0,0,1,City Street,Municipal/City Police,Camas Police Department,0,0,0,1,0,,,,,,0.0,0.0,0.0,,,,,,,,,,,98.0,98.0,98.0,0.0,,,,,20.0,7.0,,,,,,,,1.0,0.0,,,,,,,98607
2973,2020,434,EA78864,75.0,11/05/2020,11:35,5,11,,11,Clark,240,2,,1,2,1,1,0,4,2,,,,12,0,2,0.0,1,0,1,4,2,4,6,0,0,0,0,NW LAKE RD,,-122.4167028,45.607544444,0,2,51,62,4,35,14,0,0,1,2,12,2,2,2,1,14,2,2,53,0,63,401,2020,0,,12,,,,,,1,1,36,2,0.0,,3,0,99,7,11,5,,,,,0.0,0.0,3.0,3.0,1,0,,,,96,,,,,,0,,,,,,97209.0,41,61.0,150.0,6.0,1.0,0.0,0.0,0.0,0.0,,0,,,,,,0,,,8,0,0,0,8.0,9,8,,,0,,,8,8,0.0,0.0,,,0.0,,,0,0,996.0,,,,,,,,,,,,,,,,,,,,,,,,,,,,,,0,0,0,0,0,0,0,0,0,0,0,0,0,0,0,0,0,0,0,0,0,0,0,0,0,0,0,0,0,1,0,0,0,0,0,,0,0,0,0,0,0,0,0,0,0,0,0,0,0,0,0,,,,,,36-40,36-45,City street,U,Thursday,Unknown,PV,Not Fatal,0,0,0,1,City Street,Municipal/City Police,Camas Police Department,0,0,0,1,0,,,,,,0.0,0.0,0.0,,,,,,,,,,,98.0,98.0,98.0,0.0,,,,,20.0,7.0,,,,,,,,1.0,0.0,,,,,,,98607
2974,2020,435,EA79102,39.0,11/07/2020,3:09,7,11,,61,Snohomish,0,1,,2,1,2,2,0,2,1,,,,43,0,0,0.7,1,0,1,6,1,1,8,0,0,0,0,20TH ST SE,,-122.1494056,47.977988889,0,1,2,6,1,30,2,0,0,1,2,43,1,1,1,4,1,2,2,42,0,32,50,2017,0,,63,43.0,,,,,1,1,45,1,1.0,,4,7,3,0,11,0,11/07/2020,3:09,53051881.0,51881.0,0.0,0.0,3.0,3.0,1,8,58.0,,,96,,,,,,98,,,,,,98223.0,53,70.0,215.0,6.0,1.0,0.0,1.0,0.0,0.0,,0,,,,,,4,06/15/2017,06/15/2017,8,0,0,0,0.0,9,8,,,0,,,8,8,2.0,996.0,996.0,695.0,1.0,1.0,1.0,2,1,0.068,,,,,,,,,,,,,,,,,,,,,,,,,,,,,,0,0,0,0,1,0,1,1,1,0,0,0,1,0,0,0,0,0,0,0,0,0,0,0,0,0,0,0,0,1,0,0,0,0,0,,1,0,0,0,1,0,1,1,0,1,0,0,0,0,0,1,,,,,,41-45,36-45,Other,R,Saturday,Belt Used,PV,Hispanic,0,1,0,0,State Route,County Sheriff,Snohomish County Sheriff's Office,1,1,0,0,0,thc,19.0,carboxy-thc,28.0,,0.0,0.0,0.0,1.0,,,,,605.0,,,,,98.0,98.0,98.0,1.0,,,,,20.0,7.0,,,,,,,nms,1.0,0.0,,,,,,,98120
2975,2020,436,EA79152,3.0,10/30/2020,10:24,30,10,,67,Thurston,0,2,,1,2,2,1,0,2,2,,,,1,0,0,95.2,5,1,1,1,1,1,1,0,0,0,0,I-5,,-122.9608667,46.896111111,0,1,98,61,4,60,66,1,0,1,5,12,1,2,3,3,1,1,3,95,0,82,881,2013,0,,12,,,,,,1,1,37,1,0.0,,0,0,3,0,11,0,,,,,99.0,9.0,9.0,9.0,1,0,,,,96,,,,,,0,,,,,,0.0,95,,999.0,9.0,9.0,99.0,99.0,99.0,99.0,,0,,,,,,0,,,20,0,0,0,8.0,3,8,,,0,,,8,8,2.0,997.0,,,96.0,,,2,95,997.0,,,,,,,,,,,,,,,,,,,,,,,,,,,,,,0,0,0,0,0,0,0,0,0,0,0,0,1,0,0,0,0,0,0,0,0,0,0,0,0,0,0,0,1,0,1,0,0,0,0,,0,0,0,0,0,0,0,0,0,0,0,0,0,0,0,0,,,,,,36-40,36-45,Interstate,R,Friday,,MHTRUCK,Not Fatal,1,0,0,0,State Route,State Patrol,Washington State Patrol,0,1,0,0,0,,,,,,99.0,99.0,99.0,,,,,,,,,,,98.0,98.0,98.0,0.0,,,,,20.0,7.0,,,,,,,,1.0,0.0,,,,,,,
2976,2020,436,EA79152,3.0,10/30/2020,10:24,30,10,,67,Thurston,0,2,,1,2,2,1,0,2,2,,,,1,0,0,95.2,5,1,1,1,1,1,1,0,0,0,0,I-5,,-122.9608667,46.896111111,0,2,98,6,1,98,80,0,0,1,2,12,2,2,1,6,16,1,1,53,0,37,705,2001,0,,1,12.0,,,,,1,1,29,1,7.0,,4,7,20,7,11,0,10/30/2020,10:24,53053150.0,53150.0,0.0,0.0,3.0,3.0,1,0,,,,96,,,,,,98,,,,,,98516.0,53,67.0,160.0,6.0,1.0,1.0,0.0,0.0,1.0,,0,,,,,,4,01/15/2016,01/15/2020,20,8,0,0,0.0,9,8,,,0,,,8,8,2.0,1.0,,,1.0,,,2,1,0.0,,,,,,,,,,,,,,,,,,,,,,,,,,,,,,0,0,0,0,0,0,0,0,0,0,0,0,1,0,0,0,0,0,0,0,0,0,0,0,0,0,0,0,1,0,1,0,0,0,1,0.0,0,0,0,0,0,0,0,0,0,1,0,0,0,0,0,0,,,,,,26-30,26-35,Interstate,R,Friday,,MC,Multiracial,1,0,0,0,State Route,State Patrol,Washington State Patrol,0,1,0,0,0,,,,,,0.0,1.0,0.0,,,,,,,,,,,0.0,0.0,0.0,201.0,268.0,,,,5.0,0.0,,,,,,,,1.0,0.0,,,,,,,
2977,2020,437,EA79203,1.0,11/04/2020,6:33,4,11,,5,Benton,0,1,,4,2,2,2,0,5,3,,,,12,0,1,35.4,3,0,3,4,1,1,3,0,0,0,0,SR-24,N COLD CREEK RD,-119.7910806,46.569302778,0,1,20,50,3,65,34,0,0,1,2,12,2,1,2,1,14,1,1,53,0,20,481,2003,0,,12,,,,,,1,1,32,1,0.0,,0,0,3,0,11,0,,,,,0.0,0.0,0.0,3.0,1,0,,,,92,,,,,,0,,,,,,98901.0,53,65.0,130.0,6.0,1.0,0.0,0.0,0.0,1.0,,97,,,,,,0,11/15/2017,11/15/2017,20,0,0,0,8.0,3,2,,,0,,,8,8,0.0,0.0,,,0.0,,,0,0,996.0,,,,,,,,,,,,,,,,,,,,,,,,,,,,,,0,0,0,1,0,0,0,0,0,0,0,0,0,0,0,0,1,0,0,0,0,0,0,0,0,0,0,0,0,1,1,0,0,0,0,,0,0,0,0,0,0,0,0,1,0,0,0,0,0,0,0,,,,,,31-35,26-35,State route,R,Wednesday,Belt Used,PV,Not Fatal,1,0,0,0,State Route,State Patrol,Washington State Patrol,0,1,0,0,0,,,,,,0.0,0.0,0.0,,,,,,,,,,,98.0,98.0,98.0,0.0,,,,,20.0,7.0,,,,,,,,1.0,0.0,,,,,,,
2978,2020,437,EA79203,1.0,11/04/2020,6:33,4,11,,5,Benton,0,1,,4,2,2,2,0,5,3,,,,12,0,1,35.4,3,0,3,4,1,1,3,0,0,0,0,SR-24,N COLD CREEK RD,-119.7910806,46.569302778,0,2,21,53,3,65,5,0,0,1,2,12,2,1,2,1,5,2,1,53,0,30,42,2006,0,,12,68.0,12.0,,,,1,1,61,2,1.0,,4,7,3,0,11,0,11/04/2020,6:33,53051779.0,51779.0,0.0,0.0,3.0,3.0,1,0,,,,96,,,,,,98,,,,,,98944.0,53,64.0,268.0,6.0,1.0,0.0,0.0,0.0,0.0,,0,,,,,,0,,,20,1,9,0,0.0,9,8,,,0,,,8,8,2.0,1.0,,,1.0,,,2,1,0.0,,,,,,,,,,,,,,,,,,,,,,,,,,,,,,0,0,0,1,0,0,0,0,0,0,0,0,0,0,0,0,1,0,0,0,0,0,0,0,0,0,0,0,0,1,1,0,0,0,0,,1,0,0,0,0,0,0,0,0,0,0,0,0,0,0,0,,,,,,61-65,56-65,State route,R,Wednesday,Belt Used,PV,Hispanic,1,0,0,0,State Route,State Patrol,Washington State Patrol,0,1,0,0,0,,,,,,0.0,0.0,0.0,,,,,,,,,,,98.0,98.0,98.0,298.0,,,,,20.0,7.0,,,,,,,,1.0,0.0,,,,,,,
2979,2020,437,EA79203,1.0,11/04/2020,6:33,4,11,,5,Benton,0,1,,4,2,2,2,0,5,3,,,,12,0,1,35.4,3,0,3,4,1,1,3,0,0,0,0,SR-24,N COLD CREEK RD,-119.7910806,46.569302778,0,3,98,62,4,65,67,1,0,1,2,12,3,1,2,1,14,2,1,53,0,12,880,2016,0,,12,,,,,,1,1,44,1,0.0,,0,0,3,0,11,0,,,,,0.0,0.0,0.0,3.0,1,0,,,,96,,,,,,0,,,,,,99349.0,53,67.0,215.0,6.0,1.0,0.0,0.0,0.0,0.0,,0,,,,,,0,,,8,0,0,0,8.0,9,8,,,0,,,8,8,0.0,0.0,,,0.0,,,0,0,996.0,,,,,,,,,,,,,,,,,,,,,,,,,,,,,,0,0,0,1,0,0,0,0,0,0,0,0,0,0,0,0,1,0,0,0,0,0,0,0,0,0,0,0,0,1,1,0,0,0,0,,0,0,0,0,0,0,0,0,0,0,0,0,0,0,0,0,,,,,,41-45,36-45,State route,R,Wednesday,,MHTRUCK,Not Fatal,1,0,0,0,State Route,State Patrol,Washington State Patrol,0,1,0,0,0,,,,,,0.0,0.0,0.0,,,,,,,,,,,98.0,98.0,98.0,0.0,,,,,20.0,7.0,,,,,,,,1.0,0.0,,,,,,,
2980,2020,438,EA79638,297.0,11/06/2020,5:55,6,11,,33,King,2310,1,,3,1,2,1,1,1,1,,,,8,1,0,0.0,1,0,1,4,2,4,6,0,0,0,0,SOUTHCENTER BLVD,,-122.2608611,47.464088889,0,1,13,80,5,35,49,0,0,1,5,8,1,1,7,5,1,99,9,99,0,99,999,9999,0,,8,,,,,,1,1,999,8,0.0,,9,0,99,7,11,8,,,,,99.0,9.0,9.0,9.0,1,0,,,,96,,,,,,98,,,,,,99999.0,99,,999.0,9.0,9.0,99.0,99.0,99.0,99.0,,97,,,,,,0,,,99,9,0,0,8.0,9,8,,,0,,,8,8,0.0,0.0,,,0.0,,,0,0,996.0,,,,,,,,,,,,,,,,,,,,,,,,,,,,,,0,0,0,0,0,0,0,0,0,0,0,0,0,0,0,0,0,0,0,0,0,0,0,0,0,0,0,0,0,1,0,1,0,0,0,,0,0,0,0,0,0,0,0,0,0,0,0,0,0,0,0,,,,,,,,City street,U,Friday,Unknown,PV,Not Fatal,0,0,0,0,City Street,Municipal/City Police,Tukwila Police Department,0,0,0,1,0,,,,,,99.0,99.0,99.0,,,,,,,,,,,98.0,98.0,98.0,0.0,,,,,20.0,7.0,,,,,,,,1.0,0.0,,,,,,,98188
2981,2020,439,EA80250,25.0,11/08/2020,21:09,8,11,,33,King,0,1,,3,1,2,1,0,1,1,,,,59,0,0,1.7,1,0,1,5,2,2,4,0,0,0,0,CR-MILITARY RD S,,-122.2753722,47.278738889,0,1,1,13,2,45,14,0,0,1,2,1,1,1,2,1,1,1,1,53,0,49,403,2004,0,,63,59.0,32.0,1.0,30.0,,1,1,23,1,7.0,,4,7,20,7,11,0,11/08/2020,21:09,53052580.0,52580.0,0.0,0.0,0.0,3.0,1,8,,,,96,,,,,,9,,,,,,98001.0,53,65.0,135.0,6.0,1.0,0.0,0.0,0.0,0.0,,0,,,,,,0,,,8,1,9,0,0.0,1,1,,,0,,,1,1,2.0,695.0,605.0,,1.0,1.0,,2,1,0.247,,,,,,,,,,,,,,,,,,,,,,,,,,,,,,0,0,1,0,1,1,1,1,1,0,0,0,0,0,0,0,0,0,0,1,0,0,0,1,1,0,0,0,0,1,0,0,0,1,0,,1,0,0,0,0,1,1,1,0,0,0,0,0,0,0,1,,,,,,21-25,16-25,County road,U,Sunday,Not Used,PV,White,0,1,0,0,County Road,County Sheriff,King County Police,1,0,1,0,0,thc,49.0,carboxy-thc,220.0,,0.0,0.0,0.0,,,,,,,,,,,98.0,98.0,98.0,1.0,,,,,20.0,7.0,,,,,,,nms,1.0,0.0,,,MILITARY RD S,1.679,,,98001
2982,2020,440,EA80482,1.0,11/07/2020,1:56,7,11,,21,Franklin,1660,1,,3,1,2,1,0,3,2,1:56,2:02,2:30,12,0,2,13.2,1,0,1,1,2,1,1,0,0,0,0,I-182,,-119.1062389,46.248466667,0,1,52,54,3,60,34,0,0,1,2,12,1,1,2,3,1,2,3,53,0,20,481,2019,0,,12,,,,,,1,1,25,1,0.0,,1,0,3,0,11,5,,,,,0.0,0.0,0.0,3.0,1,51,,,,96,,,,,,9,,,,,,99301.0,53,70.0,280.0,6.0,1.0,0.0,0.0,1.0,0.0,,1,,,,,,0,05/15/2020,05/15/2020,8,0,0,0,8.0,9,8,,,0,,,8,1,8.0,95.0,,,96.0,,,2,98,997.0,,,,,,,,,,,,,,,,,,,,,,,,,,,,,,0,0,0,0,1,0,0,0,0,0,0,0,0,0,0,0,0,0,0,1,0,0,0,1,1,0,0,0,0,1,0,0,0,0,0,,0,0,0,0,0,0,0,0,0,0,0,0,0,0,0,1,,,,,,21-25,16-25,Interstate,U,Saturday,Belt Used,PV,Not Fatal,0,0,0,1,State Route,State Patrol,Washington State Patrol,0,1,0,0,0,,,,,,0.0,0.0,0.0,,,,,,,,,,,98.0,98.0,98.0,0.0,,,,,20.0,7.0,,,,,,,,1.0,0.0,,,,,,,99301