,year,case,par,repjur,crash_dt,crash_tm,accday,accmon,holiday,county,co_char,city,weather,weather2,lightcond,surfcond,surftype,numfatal,nmforms,pforms,vforms,not_tm,arr_tm,hosp_tm,fhevent,hitrun,manncol,milepnt,reljunc,reljuncinter,intersectiontype,funcsystem,landuse,ownership,route,schlbus,spejur,contdev,devfunc,trafid1,trafid2,x,y,wk_zone,vnumber,crashtype,criticalevent,criticaleventcat,spdlim,body,trailer,emerg,hazcargo,leave,mhevent,roadalgn,roadprof,traflane,trafflow,vehmanvr,numoccs,regowner,regstate,spuse,make,model,modelyr,vrf1,vrf2,seqevent1,seqevent2,seqevent3,seqevent4,seqevent5,seqevent6,pnumber,ptype,age,sex,hispanic,race,injury,diedscene,restraint,restraintmisuse,seatpos,takehosp,death_dt,death_tm,cert,cernum_wa,commlic,licendor,licrestrict,liccomp,drivpres,drf1,drf2,drf3,drf4,distract1,distract2,distract3,distract4,distract5,distract6,dricond1,dricond2,dricond3,dricond4,dricond5,dricond6,dzip,licstate,drhgt_in,weight,noncdl,noncdltype,prevdwi,prevoth,prevacc,prevspd,prevsus,driviol1,driviol2,driviol3,driviol4,driviol5,driviol6,spdrel,first_dt,last_dt,airbag,ejection,ejectpath,extricat,injurwrk,methalc,methdrug,nmlocat,strikveh,prf1,prf2,prf3,druginv,alcinvol,drugsts,drugres1,drugres2,drugres3,drugtst1,drugtst2,drugtst3,alcsts,alctst,alcres,nmact1,nmact2,nmact3,nmact4,nmact5,nmact6,nmprior1,nmprior2,nmprior3,nmprior4,nmprior5,nmprior6,nmcond1,nmcond2,nmcond3,nmcond4,nmcond5,nmcond6,nmsafe_helmet,nmsafe_pads,nmsafe_oth,nmprev_ref,nmprev_lgt,nmprev_oth,crashlocation,nmcrashtype,crosswalk,schoolzone,sidewalk,train_inv,wildlife_inv,rotr_fars,intersect_fars,dd_inv,aid_inv,dpd_inv,id_inv,mj_inv,impnm_inv,ainm_inv,dpnm_inv,speed_inv,unlic_inv,unendmc_inv,drowsy_inv,drdist_inv,nmdist_inv,fty_inv,unrestfat_inv,dr1617_inv,dr1820_inv,dr1620_inv,dr2125_inv,dr1625_inv,dr65_inv,dr70_inv,dr75_inv,mc_inv,pv_inv,ht_inv,ped_inv,bike_inv,unrest_fat,mc_fat,unhelmet_mc,pv_fat,ht_fat,ped_fat,bike_fat,dr_alc7,dr_alc8,dr_drug,dr_imp,dr_dist,dr_spd,dr_fty,dr_unlic,dr_alc7only,dr_alc8only,dr_drugonly,dr_drink,nm_imp,nm_alc7,nm_alc8,nm_drug,nm_dist,agegrp1,agegrp2,roadclass,urbrur,dayweek,restuse,vehtype,race_me,intersect,lanedep,oppdir,wrongway,rep_typ,investag,repag_long,rotr,st_rd,cty_rd,city_rd,oth_rd,drug_thc,thc_res,drug_cthc,cthc_res,drug_cann,prevpersemin,prevperse,prevsusoth,drugtst4,drugtst5,drugtst6,drugtst7,drugtst8,drugres4,drugres5,drugres6,drugres7,drugres8,adspresent,adsengaged,adslevel,race1,race2,race3,race4,race5,helmet,helmetmisuse,nmdistract1,nmdistract2,nmdistract3,nmdistract4,nmdistract5,nmdistract6,lab,isedtcase,crf1,crf2,crf3,CoRoadName,CoMP,IntCoRoadName,IntCoMP,zipcode
2983,2020,440,EA80482,1.0,11/07/2020,1:56,7,11,,21,Franklin,1660,1,,3,1,2,1,0,3,2,1:56,2:02,2:30,12,0,2,13.2,1,0,1,1,2,1,1,0,0,0,0,I-182,,-119.1062389,46.248466667,0,2,52,54,3,60,4,0,0,1,2,12,1,1,2,3,1,1,1,53,0,49,32,2014,0,,12,,,,,,1,1,37,1,7.0,,4,7,20,7,11,0,11/07/2020,1:56,166053052676.0,52676.0,0.0,0.0,0.0,3.0,1,0,,,,96,,,,,,98,,,,,,99301.0,53,75.0,250.0,6.0,1.0,0.0,2.0,1.0,0.0,,0,,,,,,0,05/15/2018,02/15/2018,8,0,0,0,0.0,9,8,,,0,,,8,8,0.0,0.0,,,0.0,,,0,0,996.0,,,,,,,,,,,,,,,,,,,,,,,,,,,,,,0,0,0,0,1,0,0,0,0,0,0,0,0,0,0,0,0,0,0,1,0,0,0,1,1,0,0,0,0,1,0,0,0,1,0,,1,0,0,0,0,0,0,0,0,0,0,0,0,0,0,0,,,,,,36-40,36-45,Interstate,U,Saturday,Not Used,PV,White,0,0,0,1,State Route,State Patrol,Washington State Patrol,0,1,0,0,0,,,,,,0.0,0.0,0.0,,,,,,,,,,,98.0,98.0,98.0,1.0,,,,,20.0,7.0,,,,,,,,1.0,0.0,,,,,,,99301
2984,2020,441,EA80866,127.0,11/08/2020,17:26,8,11,,33,King,735,1,,3,1,2,1,1,2,2,17:29,17:33,,8,0,0,6.8,1,0,1,3,2,1,3,0,0,0,0,SR-99,,-122.3132639,47.322983333,0,1,13,80,5,40,14,0,0,1,5,8,1,1,4,2,1,1,1,53,0,20,404,2020,0,,8,,,,,,1,1,47,2,0.0,,0,0,3,0,11,0,,,,,0.0,0.0,3.0,3.0,1,0,,,,96,,,,,,0,,,,,,98032.0,53,67.0,150.0,6.0,1.0,1.0,1.0,0.0,0.0,,0,,,,,,0,01/15/2016,02/15/2019,20,0,0,0,8.0,9,8,,,0,,,0,0,0.0,0.0,,,0.0,,,0,0,996.0,,,,,,,,,,,,,,,,,,,,,,,,,,,,,,0,0,0,0,0,0,0,0,0,1,1,0,0,0,0,0,0,0,0,0,0,0,0,0,0,0,0,0,0,1,0,1,0,0,0,,0,0,0,0,0,0,0,0,0,0,0,0,0,0,0,0,,,,,,46-50,46-55,State route,U,Sunday,Belt Used,PV,Not Fatal,0,0,0,0,State Route,Municipal/City Police,Federal Way Dept of Public Safety,0,1,0,0,0,,,,,,0.0,1.0,4.0,,,,,,,,,,,98.0,98.0,98.0,0.0,,,,,20.0,7.0,,,,,,,,1.0,0.0,,,,,,,98003
2985,2020,441,EA80866,127.0,11/08/2020,17:26,8,11,,33,King,735,1,,3,1,2,1,1,2,2,17:29,17:33,,8,1,0,6.8,1,0,1,3,2,1,3,0,0,0,0,SR-99,,-122.3132639,47.322983333,0,2,98,80,5,40,99,0,0,1,5,8,1,1,4,2,1,99,9,99,0,99,999,9999,0,,8,,,,,,1,1,999,8,0.0,,9,0,99,7,11,8,,,,,99.0,9.0,9.0,9.0,1,0,,,,96,,,,,,98,,,,,,99999.0,99,,999.0,9.0,9.0,99.0,99.0,99.0,99.0,,97,,,,,,0,,,99,9,0,0,8.0,9,8,,,0,,,8,8,0.0,0.0,,,0.0,,,0,0,996.0,,,,,,,,,,,,,,,,,,,,,,,,,,,,,,0,0,0,0,0,0,0,0,0,1,1,0,0,0,0,0,0,0,0,0,0,0,0,0,0,0,0,0,0,1,0,1,0,0,0,,0,0,0,0,0,0,0,0,0,0,0,0,0,0,0,0,,,,,,,,State route,U,Sunday,,NR-U,Not Fatal,0,0,0,0,State Route,Municipal/City Police,Federal Way Dept of Public Safety,0,1,0,0,0,,,,,,99.0,99.0,99.0,,,,,,,,,,,98.0,98.0,98.0,0.0,,,,,20.0,7.0,,,,,,,,1.0,0.0,,,,,,,98003
2986,2020,442,EA80874,2.0,11/12/2020,17:25,12,11,,57,Skagit,0,10,,2,1,2,1,1,1,2,17:23,17:44,18:06,12,0,1,221.5,1,0,1,1,1,1,1,0,0,0,0,I-5,,-122.3362806,48.347105556,0,1,98,50,3,70,34,0,0,1,2,8,1,1,3,3,1,1,3,53,0,12,481,2000,0,,12,8.0,,,,,1,1,37,1,0.0,,2,0,3,0,11,5,,,,,0.0,0.0,0.0,3.0,1,91,,,,96,,,,,,9,,,,,,98270.0,53,70.0,220.0,6.0,1.0,0.0,0.0,0.0,2.0,,1,,,,,,0,05/15/2016,03/15/2019,1,0,0,0,8.0,9,8,,,0,,,8,1,8.0,95.0,,,96.0,,,8,95,995.0,,,,,,,,,,,,,,,,,,,,,,,,,,,,,,0,0,0,0,1,0,0,0,0,0,0,0,0,0,0,0,0,0,0,0,0,0,0,0,0,0,0,0,0,1,0,1,0,0,0,,0,0,0,0,0,0,0,0,0,0,0,0,0,0,0,1,,,,,,36-40,36-45,Interstate,R,Thursday,Belt Used,PV,Not Fatal,0,0,0,0,State Route,State Patrol,Washington State Patrol,0,1,0,0,0,,,,,,0.0,0.0,0.0,,,,,,,,,,,98.0,98.0,98.0,0.0,,,,,20.0,7.0,,,,,,,,1.0,23.0,,,,,,,98238
2987,2020,443,EA80947,146.0,11/12/2020,14:41,12,11,,77,Yakima,1440,1,,1,1,2,1,0,2,2,14:42,14:58,15:22,12,0,6,0.0,2,0,2,5,2,4,6,0,0,0,0,E 2ND ST,SINCLAIR AVE,-120.6976917,46.730941667,0,1,68,15,2,25,84,0,0,1,5,12,1,1,2,1,11,1,1,53,0,76,701,2006,0,,12,,,,,,1,1,55,1,7.0,,4,0,20,7,11,5,11/12/2020,16:10,259053053060.0,53060.0,0.0,0.0,0.0,0.0,1,48,,,,96,,,,,,0,,,,,,98937.0,53,62.0,285.0,0.0,0.0,99.0,99.0,99.0,99.0,,0,,,,,,0,,,20,8,0,0,0.0,9,8,,,0,,,8,8,2.0,1.0,,,1.0,,,2,1,0.0,,,,,,,,,,,,,,,,,,,,,,,,,,,,,,0,0,0,1,0,0,0,0,0,0,0,0,0,1,1,0,0,0,0,0,0,0,0,0,0,0,0,0,1,1,0,0,0,0,1,0.0,0,0,0,0,0,0,0,0,0,0,0,1,0,0,0,0,,,,,,51-55,46-55,City street,U,Thursday,,OTHMC,White,1,0,0,0,City Street,County Sheriff,Yakima County Sheriff's Office,0,0,0,1,0,,,,,,99.0,99.0,99.0,,,,,,,,,,,0.0,0.0,0.0,1.0,,,,,5.0,0.0,,,,,,,,1.0,0.0,,,,,,,98937
2988,2020,443,EA80947,146.0,11/12/2020,14:41,12,11,,77,Yakima,1440,1,,1,1,2,1,0,2,2,14:42,14:58,15:22,12,0,6,0.0,2,0,2,5,2,4,6,0,0,0,0,E 2ND ST,SINCLAIR AVE,-120.6976917,46.730941667,0,2,69,62,4,25,34,0,0,1,5,12,1,1,2,1,1,1,3,53,0,12,481,2018,0,,12,,,,,,1,1,45,1,0.0,,0,0,3,0,11,0,,,,,6.0,0.0,0.0,3.0,1,0,,,,96,,,,,,0,,,,,,98937.0,53,67.0,245.0,6.0,1.0,0.0,2.0,0.0,0.0,,0,,,,,,0,05/15/2016,02/15/2016,20,0,0,0,8.0,9,8,,,0,,,8,8,0.0,0.0,,,0.0,,,0,0,996.0,,,,,,,,,,,,,,,,,,,,,,,,,,,,,,0,0,0,1,0,0,0,0,0,0,0,0,0,1,1,0,0,0,0,0,0,0,0,0,0,0,0,0,1,1,0,0,0,0,0,,0,0,0,0,0,0,0,0,0,0,0,0,0,0,0,0,,,,,,41-45,36-45,City street,U,Thursday,Belt Used,PV,Not Fatal,1,0,0,0,City Street,County Sheriff,Yakima County Sheriff's Office,0,0,0,1,0,,,,,,0.0,0.0,0.0,,,,,,,,,,,98.0,98.0,98.0,0.0,,,,,20.0,7.0,,,,,,,,1.0,0.0,,,,,,,98937
2989,2020,444,EA81605,26.0,11/10/2020,17:01,10,11,,35,Kitsap,0,2,,3,2,2,1,1,1,1,,,,8,1,0,1.2,1,0,1,5,1,2,4,0,3,0,0,CR-SUQUAMISH WAY NE,,-122.5606806,47.728311111,0,1,13,11,2,40,34,0,0,1,5,8,3,2,8,1,14,1,1,53,0,41,471,1996,0,,63,8.0,,,,,1,1,75,1,0.0,,0,0,99,7,11,0,,,,,0.0,0.0,3.0,3.0,1,0,,,,96,,,,,,98,,,,,,98370.0,53,67.0,170.0,6.0,1.0,0.0,1.0,0.0,1.0,,7,,,,,,0,02/15/2019,02/15/2020,1,0,0,0,8.0,9,8,,,0,,,8,8,0.0,0.0,,,0.0,,,0,0,996.0,,,,,,,,,,,,,,,,,,,,,,,,,,,,,,0,0,0,0,0,0,0,0,0,1,0,1,0,0,0,0,0,0,0,0,0,0,0,0,0,1,1,1,0,1,0,1,0,0,0,,0,0,0,0,0,0,0,0,0,0,0,0,0,0,0,0,,,,,,71-75,66-75,County road,R,Tuesday,Unknown,PV,Not Fatal,0,0,0,0,County Road,County Sheriff,Kitsap County Sheriff's Office,0,0,1,0,0,,,,,,0.0,0.0,0.0,,,,,,,,,,,0.0,0.0,0.0,0.0,,,,,20.0,7.0,,,,,,,,1.0,0.0,,,SUQUAMISH WAY NE,1.161,,,98392
2990,2020,445,EA81764,25.0,11/14/2020,9:18,14,11,,33,King,0,10,,1,1,1,1,1,1,1,9:26,9:42,10:05,8,0,0,0.6,3,0,2,5,1,2,4,0,0,0,0,CR-SW BANK RD,100TH AVE SW,-122.4618194,47.447430556,0,1,13,80,5,25,34,0,0,1,5,8,1,1,2,1,11,1,2,53,0,49,472,2001,0,,8,,,,,,1,1,75,2,0.0,,0,0,99,7,11,0,,,,,0.0,0.0,3.0,3.0,1,10,38.0,,,0,,,,,,0,,,,,,98070.0,53,65.0,140.0,6.0,1.0,0.0,0.0,0.0,0.0,,0,,,,,,0,,,20,0,0,0,8.0,9,8,,,0,,,8,8,8.0,95.0,,,96.0,,,8,95,995.0,,,,,,,,,,,,,,,,,,,,,,,,,,,,,,0,0,0,1,0,0,0,0,0,1,0,1,0,0,0,0,0,0,1,0,0,0,0,0,0,1,1,1,0,1,0,1,0,0,0,,0,0,0,0,0,0,0,0,0,0,1,0,0,0,0,0,,,,,,71-75,66-75,County road,R,Saturday,Unknown,PV,Not Fatal,1,0,0,0,County Road,County Sheriff,King County Police,0,0,1,0,0,,,,,,0.0,0.0,0.0,,,,,,,,,,,98.0,98.0,98.0,0.0,,,,,20.0,7.0,,,,,,,,1.0,0.0,,,SW BANK RD,0.551,100 AVE SW,0.12,98070
2991,2020,446,EA82357,4.0,11/18/2020,7:18,18,11,,65,Stevens,0,1,,4,4,2,1,0,2,2,,,,12,0,6,199.8,1,0,1,2,1,1,2,0,0,0,0,US-395,,-117.6491222,48.1208,0,1,66,5,1,60,34,0,0,1,2,12,1,1,2,1,1,1,1,53,0,12,471,2003,0,,68,12.0,,,,,1,1,80,1,7.0,,4,7,3,0,11,0,11/18/2020,7:18,53054522.0,54522.0,0.0,0.0,0.0,3.0,1,28,87.0,,,96,,,,,,0,,,,,,99101.0,53,69.0,185.0,6.0,1.0,0.0,0.0,0.0,2.0,,0,,,,,,4,03/15/2017,12/15/2020,1,0,0,0,0.0,9,8,,,0,,,8,8,2.0,1.0,,,14.0,,,2,4,0.0,,,,,,,,,,,,,,,,,,,,,,,,,,,,,,0,0,0,0,0,0,0,0,0,0,0,0,1,0,0,0,0,0,0,0,0,0,0,0,0,1,1,1,0,1,0,0,0,0,0,,1,0,0,0,0,0,0,0,0,1,0,0,0,0,0,0,,,,,,76-80,76+,US highway,R,Wednesday,Belt Used,PV,White,0,1,1,0,State Route,State Patrol,Washington State Patrol,0,1,0,0,0,,,,,,0.0,0.0,0.0,,,,,,,,,,,98.0,98.0,98.0,1.0,,,,,20.0,7.0,,,,,,,,1.0,0.0,,,,,,,99181
2992,2020,446,EA82357,4.0,11/18/2020,7:18,18,11,,65,Stevens,0,1,,4,4,2,1,0,2,2,,,,12,0,6,199.8,1,0,1,2,1,1,2,0,0,0,0,US-395,,-117.6491222,48.1208,0,2,66,62,4,60,14,0,0,1,2,12,1,1,2,1,1,1,3,53,0,12,401,2018,0,,12,,,,,,1,1,39,1,0.0,,3,0,3,0,11,5,,,,,0.0,0.0,0.0,3.0,1,16,,,,96,,,,,,0,,,,,,99006.0,53,71.0,215.0,6.0,1.0,0.0,0.0,1.0,0.0,,0,,,,,,0,01/15/2018,01/15/2018,8,0,0,0,8.0,9,8,,,0,,,8,8,0.0,0.0,,,0.0,,,0,0,996.0,,,,,,,,,,,,,,,,,,,,,,,,,,,,,,0,0,0,0,0,0,0,0,0,0,0,0,1,0,0,0,0,0,0,0,0,0,0,0,0,1,1,1,0,1,0,0,0,0,0,,0,0,0,0,0,0,0,0,0,0,0,0,0,0,0,0,,,,,,36-40,36-45,US highway,R,Wednesday,Belt Used,PV,Not Fatal,0,1,1,0,State Route,State Patrol,Washington State Patrol,0,1,0,0,0,,,,,,0.0,0.0,0.0,,,,,,,,,,,98.0,98.0,98.0,0.0,,,,,20.0,7.0,,,,,,,,1.0,0.0,,,,,,,99181
2993,2020,447,EA82464,122.0,11/18/2020,10:07,18,11,,61,Snohomish,690,2,,1,2,2,1,0,4,1,10:10,10:12,10:39,20,0,0,0.1,5,0,1,1,2,1,1,0,0,0,0,I-5 RAMP,,-122.225425,47.922905556,0,1,1,51,3,60,61,0,5,1,2,20,1,2,1,6,1,4,3,53,6,12,870,2017,0,,63,20.0,,,,,1,1,25,1,0.0,,0,0,3,0,11,0,,,,,0.0,0.0,0.0,3.0,1,94,,,,12,,,,,,98,,,,,,98107.0,53,74.0,185.0,6.0,1.0,0.0,0.0,0.0,0.0,,97,,,,,,0,,,8,0,0,0,8.0,9,8,,,0,,,8,8,8.0,95.0,,,96.0,,,8,95,995.0,,,,,,,,,,,,,,,,,,,,,,,,,,,,,,0,0,1,0,0,0,0,0,0,0,0,0,0,0,0,0,1,0,0,0,0,0,0,1,1,0,0,0,0,0,1,0,0,0,0,,0,0,0,0,0,0,0,0,1,0,0,0,0,0,0,0,,,,,,21-25,16-25,Interstate,U,Wednesday,,MHTRUCK,Not Fatal,0,1,0,0,State Route,Municipal/City Police,Everett Police Department,1,1,0,0,0,,,,,,0.0,0.0,0.0,,,,,,,,,,,98.0,98.0,98.0,0.0,,,,,20.0,7.0,,,,,,,,1.0,0.0,,,,,,,98202
2994,2020,448,3876903,263.0,10/31/2020,19:45,31,10,,33,King,1960,1,,3,1,2,1,1,1,1,19:46,19:51,20:22,8,0,0,0.0,3,0,2,3,2,4,6,0,0,3,3,RAINIER AVE S,S ALASKA ST,-122.2870778,47.560791667,0,1,13,80,5,25,14,0,0,1,5,8,1,1,5,1,1,1,1,41,0,48,403,2016,0,,8,,,,,,1,1,28,1,0.0,,0,0,3,0,11,0,,,,,0.0,0.0,3.0,3.0,1,0,,,,96,,,,,,98,,,,,,97211.0,41,67.0,150.0,6.0,1.0,0.0,0.0,0.0,0.0,,0,,,,,,0,,,20,0,0,0,8.0,5,8,,,0,,,0,0,8.0,95.0,,,96.0,,,8,95,995.0,,,,,,,,,,,,,,,,,,,,,,,,,,,,,,0,0,0,1,0,0,0,0,0,1,1,0,0,0,0,0,0,1,0,0,0,0,0,0,0,0,0,0,0,1,0,1,0,0,0,,0,0,0,0,0,0,0,0,0,0,0,0,0,0,0,0,,,,,,26-30,26-35,City street,U,Saturday,Belt Used,PV,Not Fatal,0,0,0,0,City Street,Municipal/City Police,Seattle Police Department,0,0,0,1,0,,,,,,0.0,0.0,0.0,,,,,,,,,,,98.0,98.0,98.0,0.0,,,,,20.0,7.0,,,,,,,,1.0,0.0,,,,,,,98118
2995,2020,449,EA82611,278.0,11/19/2020,20:00,19,11,,63,Spokane,2110,1,,2,1,2,1,1,1,1,,,,8,0,0,0.0,3,0,2,3,2,4,6,0,0,0,0,W WELLESLEY AVE,N BELT ST,-117.4432306,47.700755556,0,1,13,80,5,30,14,0,0,1,5,8,1,1,5,1,11,1,2,53,0,49,401,2019,0,,8,,,,,,1,1,20,2,0.0,,0,0,3,0,11,0,,,,,0.0,0.0,0.0,3.0,1,0,,,,96,,,,,,0,,,,,,99202.0,53,69.0,192.0,6.0,1.0,0.0,0.0,1.0,3.0,,0,,,,,,0,07/15/2016,10/15/2018,20,0,0,0,8.0,3,2,,,0,,,8,8,0.0,0.0,,,0.0,,,0,0,996.0,,,,,,,,,,,,,,,,,,,,,,,,,,,,,,0,0,0,1,0,0,0,0,0,1,0,1,0,0,0,0,0,0,0,0,0,1,1,0,1,0,0,0,0,1,0,1,0,0,0,,0,0,0,0,0,0,0,0,0,0,0,0,0,0,0,0,,,,,,18-20,16-25,City street,U,Thursday,Belt Used,PV,Not Fatal,1,0,0,0,City Street,Municipal/City Police,Spokane Police Department,0,0,0,1,0,,,,,,0.0,0.0,2.0,,,,,,,,,,,98.0,98.0,98.0,0.0,,,,,20.0,7.0,,,,,,,,1.0,0.0,,,,,,,99205
2996,2020,450,3888029,263.0,11/04/2020,17:49,4,11,,33,King,1960,2,,3,2,2,1,1,1,1,17:50,17:58,,8,0,0,33.7,3,0,2,3,2,1,3,0,0,0,0,SR-099,N 137TH ST,-122.3450556,47.728730556,0,1,13,80,5,40,4,0,0,1,5,8,1,1,5,5,1,1,1,4,0,55,33,2005,0,,8,,,,,,1,1,24,2,0.0,,0,0,3,0,11,0,,,,,0.0,0.0,3.0,3.0,1,0,,,,96,,,,,,0,,,,,,85213.0,4,62.0,142.0,6.0,1.0,0.0,0.0,0.0,0.0,,97,,,,,,4,,,20,0,0,0,8.0,3,2,,,0,,,8,8,0.0,0.0,,,0.0,,,0,0,996.0,,,,,,,,,,,,,,,,,,,,,,,,,,,,,,0,0,0,1,0,0,0,0,0,1,0,1,1,0,0,0,0,0,0,0,0,0,0,1,1,0,0,0,0,1,0,1,0,0,0,,0,0,0,0,0,0,0,0,0,1,0,0,0,0,0,0,,,,,,21-25,16-25,State route,U,Wednesday,Belt Used,PV,Not Fatal,0,0,0,0,State Route,Municipal/City Police,Seattle Police Department,0,1,0,0,0,,,,,,0.0,0.0,0.0,,,,,,,,,,,98.0,98.0,98.0,0.0,,,,,20.0,7.0,,,,,,,,1.0,0.0,,,,,,,98133
2997,2020,451,EA82572,7.0,11/18/2020,4:25,18,11,,33,King,0,2,,3,2,2,1,0,4,2,4:54,5:07,,12,0,1,10.9,1,0,1,3,2,1,3,0,0,0,0,SR-18,,-122.1377083,47.348416667,0,1,20,50,3,60,34,0,0,1,5,12,1,2,2,3,1,1,5,53,0,12,481,2015,0,,12,,,,,,1,1,66,1,0.0,,0,0,3,0,11,0,,,,,6.0,0.0,0.0,3.0,1,0,,,,96,,,,,,0,,,,,,98367.0,53,70.0,250.0,6.0,1.0,0.0,0.0,2.0,0.0,,0,,,,,,0,12/15/2016,02/15/2017,8,0,0,0,8.0,9,8,,,0,,,8,8,0.0,0.0,,,0.0,,,0,0,996.0,,,,,,,,,,,,,,,,,,,,,,,,,,,,,,0,0,0,0,0,0,0,0,0,0,0,0,0,1,0,0,0,0,0,0,0,0,0,0,0,1,0,0,0,1,0,0,0,0,0,,0,0,0,0,0,0,0,0,0,0,0,0,0,0,0,0,,,,,,66-70,66-75,State route,U,Wednesday,Belt Used,PV,Not Fatal,0,0,0,0,State Route,State Patrol,Washington State Patrol,0,1,0,0,0,,,,,,0.0,0.0,0.0,,,,,,,,,,,98.0,98.0,98.0,0.0,,,,,20.0,7.0,,,,,,,,1.0,23.0,,,,,,,98042
2998,2020,451,EA82572,7.0,11/18/2020,4:25,18,11,,33,King,0,2,,3,2,2,1,0,4,2,4:54,5:07,,12,0,1,10.9,1,0,1,3,2,1,3,0,0,0,0,SR-18,,-122.1377083,47.348416667,0,2,21,53,3,60,4,0,0,1,5,12,1,2,2,3,5,3,5,53,0,37,32,1998,0,,12,,,,,,1,1,47,1,0.0,,1,0,99,7,11,5,,,,,0.0,0.0,0.0,2.0,1,54,91.0,,,96,,,,,,98,,,,,,98501.0,53,72.0,200.0,1.0,1.0,1.0,1.0,0.0,1.0,,1,,,,,,0,05/15/2015,12/15/2020,8,0,0,0,8.0,3,8,,,0,,,8,8,0.0,0.0,,,0.0,,,0,0,996.0,,,,,,,,,,,,,,,,,,,,,,,,,,,,,,0,0,0,0,0,0,0,0,0,0,0,0,0,1,0,0,0,0,0,0,0,0,0,0,0,1,0,0,0,1,0,0,0,0,0,,0,0,0,0,0,0,0,0,0,0,0,1,0,0,0,0,,,,,,46-50,46-55,State route,U,Wednesday,Unknown,PV,Not Fatal,0,0,0,0,State Route,State Patrol,Washington State Patrol,0,1,0,0,0,,,,,,0.0,0.0,6.0,,,,,,,,,,,0.0,0.0,0.0,0.0,,,,,20.0,7.0,,,,,,,,1.0,23.0,,,,,,,98042
2999,2020,452,EA82776,14.0,11/14/2020,20:55,14,11,,11,Clark,0,2,,2,2,2,1,0,3,2,,,,12,0,6,4.3,2,0,2,5,2,2,4,0,0,20,3,CR-NE 72ND AVE,NE 139TH ST,-122.5994222,45.722305556,0,1,89,17,2,40,2,0,0,1,2,12,1,1,2,1,4,2,2,53,0,37,31,2007,0,,12,63.0,18.0,,,,1,1,16,1,0.0,,3,0,3,0,11,5,,,,,0.0,0.0,2.0,3.0,1,38,73.0,,,96,,,,,,0,,,,,,98682.0,53,70.0,145.0,6.0,2.0,0.0,0.0,0.0,0.0,,97,,,,,,0,,,20,0,0,0,8.0,9,8,,,0,,,8,8,0.0,0.0,,,0.0,,,0,0,996.0,,,,,,,,,,,,,,,,,,,,,,,,,,,,,,0,0,0,1,0,0,0,0,0,0,0,0,0,0,0,0,0,0,1,0,1,0,1,0,1,0,0,0,0,1,0,0,0,0,0,,0,0,0,0,0,0,0,0,0,0,1,0,0,0,0,0,,,,,,16-17,16-25,County road,U,Saturday,Belt Used,PV,Not Fatal,1,0,0,0,County Road,County Sheriff,Clark County Sheriff's Office,0,0,1,0,0,,,,,,0.0,0.0,0.0,,,,,,,,,,,98.0,98.0,98.0,0.0,,,,,20.0,7.0,,,,,,,,1.0,0.0,,,NE 72ND AVE,4.27,NE 139TH ST,1.75,98686
3000,2020,452,EA82776,14.0,11/14/2020,20:55,14,11,,11,Clark,0,2,,2,2,2,1,0,3,2,,,,12,0,6,4.3,2,0,2,5,2,2,4,0,0,0,0,CR-NE 72ND AVE,NE 139TH ST,-122.5994222,45.722305556,0,2,88,66,4,50,34,0,0,1,2,12,1,1,2,1,1,1,1,53,0,23,481,2007,0,,12,,,,,,1,1,37,1,0.0,,0,0,99,7,11,0,,,,,0.0,0.0,3.0,3.0,1,0,,,,96,,,,,,0,,,,,,98604.0,53,74.0,190.0,6.0,1.0,0.0,1.0,0.0,0.0,,0,,,,,,0,07/15/2020,07/15/2020,1,0,0,0,8.0,9,8,,,0,,,8,8,0.0,0.0,,,0.0,,,0,0,996.0,,,,,,,,,,,,,,,,,,,,,,,,,,,,,,0,0,0,1,0,0,0,0,0,0,0,0,0,0,0,0,0,0,1,0,1,0,1,0,1,0,0,0,0,1,0,0,0,0,0,,0,0,0,0,0,0,0,0,0,0,0,0,0,0,0,0,,,,,,36-40,36-45,County road,U,Saturday,Unknown,PV,Not Fatal,1,0,0,0,County Road,County Sheriff,Clark County Sheriff's Office,0,0,1,0,0,,,,,,0.0,0.0,0.0,,,,,,,,,,,98.0,98.0,98.0,0.0,,,,,20.0,7.0,,,,,,,,1.0,0.0,,,NE 72ND AVE,4.27,NE 139TH ST,1.75,98686
3001,2020,453,EA82947,8.0,11/12/2020,17:15,12,11,,29,Island,1550,1,,2,1,2,1,0,3,2,17:30,17:35,,12,0,6,0.0,2,0,3,4,2,4,6,0,0,20,3,SE REGATTA DR,SE 8th Ave,-122.6358222,48.292002778,0,1,82,15,2,30,4,0,0,1,2,12,1,2,2,1,11,2,1,53,0,42,43,1998,0,,12,,,,,,1,1,93,1,7.0,,4,0,20,7,11,0,11/12/2020,22:57,47053053127.0,53127.0,0.0,0.0,3.0,3.0,1,38,,,,96,,,,,,98,,,,,,98277.0,53,72.0,204.0,6.0,1.0,0.0,0.0,0.0,0.0,,46,,,,,,0,,,20,0,0,0,0.0,9,8,,,0,,,8,8,8.0,95.0,,,96.0,,,8,95,995.0,,,,,,,,,,,,,,,,,,,,,,,,,,,,,,0,0,0,1,0,0,0,0,0,0,0,0,0,0,0,0,0,0,1,1,0,0,0,0,0,1,1,1,0,1,0,0,0,1,0,,1,0,0,0,0,0,0,0,0,0,1,0,0,0,0,0,,,,,,81+,76+,City street,U,Thursday,Not Used,PV,White,1,0,0,0,City Street,State Patrol,Washington State Patrol,0,0,0,1,0,,,,,,0.0,0.0,0.0,,,,,,,,,,,0.0,0.0,0.0,1.0,,,,,20.0,7.0,,,,,,,,1.0,0.0,,,,,,,98277