,year,case,par,repjur,crash_dt,crash_tm,accday,accmon,holiday,county,co_char,city,weather,weather2,lightcond,surfcond,surftype,numfatal,nmforms,pforms,vforms,not_tm,arr_tm,hosp_tm,fhevent,hitrun,manncol,milepnt,reljunc,reljuncinter,intersectiontype,funcsystem,landuse,ownership,route,schlbus,spejur,contdev,devfunc,trafid1,trafid2,x,y,wk_zone,vnumber,crashtype,criticalevent,criticaleventcat,spdlim,body,trailer,emerg,hazcargo,leave,mhevent,roadalgn,roadprof,traflane,trafflow,vehmanvr,numoccs,regowner,regstate,spuse,make,model,modelyr,vrf1,vrf2,seqevent1,seqevent2,seqevent3,seqevent4,seqevent5,seqevent6,pnumber,ptype,age,sex,hispanic,race,injury,diedscene,restraint,restraintmisuse,seatpos,takehosp,death_dt,death_tm,cert,cernum_wa,commlic,licendor,licrestrict,liccomp,drivpres,drf1,drf2,drf3,drf4,distract1,distract2,distract3,distract4,distract5,distract6,dricond1,dricond2,dricond3,dricond4,dricond5,dricond6,dzip,licstate,drhgt_in,weight,noncdl,noncdltype,prevdwi,prevoth,prevacc,prevspd,prevsus,driviol1,driviol2,driviol3,driviol4,driviol5,driviol6,spdrel,first_dt,last_dt,airbag,ejection,ejectpath,extricat,injurwrk,methalc,methdrug,nmlocat,strikveh,prf1,prf2,prf3,druginv,alcinvol,drugsts,drugres1,drugres2,drugres3,drugtst1,drugtst2,drugtst3,alcsts,alctst,alcres,nmact1,nmact2,nmact3,nmact4,nmact5,nmact6,nmprior1,nmprior2,nmprior3,nmprior4,nmprior5,nmprior6,nmcond1,nmcond2,nmcond3,nmcond4,nmcond5,nmcond6,nmsafe_helmet,nmsafe_pads,nmsafe_oth,nmprev_ref,nmprev_lgt,nmprev_oth,crashlocation,nmcrashtype,crosswalk,schoolzone,sidewalk,train_inv,wildlife_inv,rotr_fars,intersect_fars,dd_inv,aid_inv,dpd_inv,id_inv,mj_inv,impnm_inv,ainm_inv,dpnm_inv,speed_inv,unlic_inv,unendmc_inv,drowsy_inv,drdist_inv,nmdist_inv,fty_inv,unrestfat_inv,dr1617_inv,dr1820_inv,dr1620_inv,dr2125_inv,dr1625_inv,dr65_inv,dr70_inv,dr75_inv,mc_inv,pv_inv,ht_inv,ped_inv,bike_inv,unrest_fat,mc_fat,unhelmet_mc,pv_fat,ht_fat,ped_fat,bike_fat,dr_alc7,dr_alc8,dr_drug,dr_imp,dr_dist,dr_spd,dr_fty,dr_unlic,dr_alc7only,dr_alc8only,dr_drugonly,dr_drink,nm_imp,nm_alc7,nm_alc8,nm_drug,nm_dist,agegrp1,agegrp2,roadclass,urbrur,dayweek,restuse,vehtype,race_me,intersect,lanedep,oppdir,wrongway,rep_typ,investag,repag_long,rotr,st_rd,cty_rd,city_rd,oth_rd,drug_thc,thc_res,drug_cthc,cthc_res,drug_cann,prevpersemin,prevperse,prevsusoth,drugtst4,drugtst5,drugtst6,drugtst7,drugtst8,drugres4,drugres5,drugres6,drugres7,drugres8,adspresent,adsengaged,adslevel,race1,race2,race3,race4,race5,helmet,helmetmisuse,nmdistract1,nmdistract2,nmdistract3,nmdistract4,nmdistract5,nmdistract6,lab,isedtcase,crf1,crf2,crf3,CoRoadName,CoMP,IntCoRoadName,IntCoMP,zipcode
3002,2020,453,EA82947,8.0,11/12/2020,17:15,12,11,,29,Island,1550,1,,2,1,2,1,0,3,2,17:30,17:35,,12,0,6,0.0,2,0,3,4,2,4,6,0,0,0,0,SE REGATTA DR,SE 8th Ave,-122.6358222,48.292002778,0,2,83,67,4,30,34,0,0,1,5,12,1,2,2,1,1,1,1,53,0,20,481,2003,0,,12,,,,,,1,1,52,1,0.0,,0,0,3,0,11,0,,,,,0.0,0.0,0.0,3.0,1,0,,,,96,,,,,,98,,,,,,98277.0,53,68.0,132.0,6.0,1.0,0.0,0.0,1.0,1.0,,0,,,,,,0,11/15/2016,11/15/2018,20,0,0,0,8.0,9,8,,,0,,,8,8,8.0,95.0,,,96.0,,,8,95,995.0,,,,,,,,,,,,,,,,,,,,,,,,,,,,,,0,0,0,1,0,0,0,0,0,0,0,0,0,0,0,0,0,0,1,1,0,0,0,0,0,1,1,1,0,1,0,0,0,0,0,,0,0,0,0,0,0,0,0,0,0,0,0,0,0,0,0,,,,,,51-55,46-55,City street,U,Thursday,Belt Used,PV,Not Fatal,1,0,0,0,City Street,State Patrol,Washington State Patrol,0,0,0,1,0,,,,,,0.0,0.0,0.0,,,,,,,,,,,98.0,98.0,98.0,0.0,,,,,20.0,7.0,,,,,,,,1.0,0.0,,,,,,,98277
3003,2020,454,EA83012,8.0,11/13/2020,15:08,13,11,,9,Clallam,0,10,,1,2,2,1,0,7,3,15:11,15:14,15:39,12,0,6,260.5,2,0,2,3,2,1,2,0,0,3,3,US-101,CARLSBORG RD,-123.1729667,48.079633333,0,1,79,17,2,45,5,0,0,1,2,12,1,1,4,2,6,1,1,53,0,41,35,2002,0,,12,12.0,,,,,1,1,23,1,7.0,,4,0,20,7,11,1,11/22/2020,0:33,69053056266.0,56266.0,0.0,0.0,0.0,3.0,1,39,,,,96,,,,,,98,,,,,,98382.0,53,71.0,165.0,6.0,1.0,0.0,0.0,0.0,0.0,,2,,,,,,3,,,1,0,0,0,0.0,9,8,,,0,,,8,8,8.0,95.0,,,96.0,,,8,95,995.0,,,,,,,,,,,,,,,,,,,,,,,,,,,,,,0,0,0,1,0,0,0,0,0,0,0,0,1,0,0,0,0,0,0,1,0,0,0,1,1,0,0,0,0,1,0,0,0,1,0,,1,0,0,0,0,0,0,0,0,1,0,0,0,0,0,0,,,,,,21-25,16-25,US highway,U,Friday,Not Used,PV,White,1,0,0,0,State Route,State Patrol,Washington State Patrol,0,1,0,0,0,,,,,,0.0,0.0,0.0,,,,,,,,,,,98.0,98.0,98.0,1.0,,,,,20.0,7.0,,,,,,,,1.0,0.0,,,,,,,98382
3004,2020,454,EA83012,8.0,11/13/2020,15:08,13,11,,9,Clallam,0,10,,1,2,2,1,0,7,3,15:11,15:14,15:39,12,0,6,260.5,2,0,2,3,2,1,2,0,0,3,3,US-101,CARLSBORG RD,-123.1729667,48.079633333,0,2,78,67,4,35,14,0,0,1,2,12,1,1,3,1,10,2,2,53,0,20,404,2017,0,,12,,,,,,1,1,32,2,0.0,,1,0,3,0,11,5,,,,,0.0,0.0,0.0,3.0,1,0,,,,96,,,,,,98,,,,,,98382.0,53,65.0,135.0,6.0,1.0,0.0,0.0,0.0,0.0,,0,,,,,,0,,,8,0,0,0,8.0,9,8,,,0,,,8,8,8.0,95.0,,,96.0,,,8,95,995.0,,,,,,,,,,,,,,,,,,,,,,,,,,,,,,0,0,0,1,0,0,0,0,0,0,0,0,1,0,0,0,0,0,0,1,0,0,0,1,1,0,0,0,0,1,0,0,0,0,0,,0,0,0,0,0,0,0,0,0,0,0,0,0,0,0,0,,,,,,31-35,26-35,US highway,U,Friday,Belt Used,PV,Not Fatal,1,0,0,0,State Route,State Patrol,Washington State Patrol,0,1,0,0,0,,,,,,0.0,0.0,0.0,,,,,,,,,,,98.0,98.0,98.0,0.0,,,,,20.0,7.0,,,,,,,,1.0,0.0,,,,,,,98382
3005,2020,454,EA83012,8.0,11/13/2020,15:08,13,11,,9,Clallam,0,10,,1,2,2,1,0,7,3,15:11,15:14,15:39,12,0,6,260.5,2,0,2,3,2,1,2,0,0,3,3,US-101,CARLSBORG RD,-123.1729667,48.079633333,0,3,98,98,7,45,14,0,0,1,2,12,1,1,2,2,1,4,1,53,0,23,402,2011,0,,12,,,,,,1,1,30,2,0.0,,2,0,20,7,11,5,,,,,0.0,0.0,0.0,3.0,1,0,,,,96,,,,,,98,,,,,,98363.0,53,66.0,160.0,6.0,1.0,0.0,1.0,0.0,3.0,,0,,,,,,0,07/15/2016,03/15/2018,20,0,0,0,8.0,9,8,,,0,,,8,8,8.0,95.0,,,96.0,,,8,95,995.0,,,,,,,,,,,,,,,,,,,,,,,,,,,,,,0,0,0,1,0,0,0,0,0,0,0,0,1,0,0,0,0,0,0,1,0,0,0,1,1,0,0,0,0,1,0,0,0,0,0,,0,0,0,0,0,0,0,0,0,0,0,0,0,0,0,0,,,,,,26-30,26-35,US highway,U,Friday,Not Used,PV,Not Fatal,1,0,0,0,State Route,State Patrol,Washington State Patrol,0,1,0,0,0,,,,,,0.0,0.0,0.0,,,,,,,,,,,98.0,98.0,98.0,0.0,,,,,20.0,7.0,,,,,,,,1.0,0.0,,,,,,,98382
3006,2020,455,EA83045,290.0,11/21/2020,14:28,21,11,,53,Pierce,2230,10,,1,1,2,1,0,3,2,14:46,14:57,15:18,12,0,6,5.2,1,0,1,3,2,1,3,0,3,0,0,SR-509,,-122.3709083,47.270216667,0,1,66,6,1,40,4,0,0,1,2,12,1,1,4,1,6,1,1,53,0,35,47,2008,0,,68,12.0,,,,,1,1,38,1,7.0,,4,7,20,7,11,0,11/21/2020,14:28,223053054621.0,54621.0,6.0,0.0,0.0,3.0,1,28,,,,96,,,,,,98,,,,,,98023.0,53,73.0,195.0,6.0,1.0,0.0,0.0,2.0,0.0,,0,,,,,,3,12/15/2016,06/15/2016,8,0,0,0,0.0,9,8,,,0,,,8,8,2.0,695.0,,,1.0,,,2,1,0.0,,,,,,,,,,,,,,,,,,,,,,,,,,,,,,0,0,0,0,0,0,1,1,1,0,0,0,1,0,0,0,0,0,0,1,0,0,0,0,0,0,0,0,0,1,0,0,0,1,0,,1,0,0,0,0,0,1,1,0,1,0,0,0,0,1,0,,,,,,36-40,36-45,State route,U,Saturday,Not Used,PV,Black,0,1,1,0,State Route,Municipal/City Police,Tacoma Police Department,0,1,0,0,0,,,carboxy-thc,14.0,,0.0,0.0,0.0,,,,,,,,,,,98.0,98.0,98.0,2.0,,,,,20.0,7.0,,,,,,,nms,1.0,0.0,,,,,,,98422
3007,2020,455,EA83045,290.0,11/21/2020,14:28,21,11,,53,Pierce,2230,10,,1,1,2,1,0,3,2,14:46,14:57,15:18,12,0,6,5.2,1,0,1,3,2,1,3,0,3,0,0,SR-509,,-122.3709083,47.270216667,0,2,66,62,4,40,6,0,0,1,2,12,1,1,4,1,1,2,1,53,0,63,37,2013,0,,12,,,,,,1,1,56,2,0.0,,3,0,3,0,11,5,,,,,0.0,0.0,0.0,3.0,1,0,,,,96,,,,,,98,,,,,,98023.0,53,68.0,200.0,6.0,1.0,0.0,0.0,0.0,0.0,,0,,,,,,0,,,8,0,0,0,8.0,9,8,,,0,,,8,8,0.0,0.0,,,0.0,,,8,95,995.0,,,,,,,,,,,,,,,,,,,,,,,,,,,,,,0,0,0,0,0,0,1,1,1,0,0,0,1,0,0,0,0,0,0,1,0,0,0,0,0,0,0,0,0,1,0,0,0,0,0,,0,0,0,0,0,0,0,0,0,0,0,0,0,0,0,0,,,,,,56-60,56-65,State route,U,Saturday,Belt Used,PV,Not Fatal,0,1,1,0,State Route,Municipal/City Police,Tacoma Police Department,0,1,0,0,0,,,,,,0.0,0.0,0.0,,,,,,,,,,,98.0,98.0,98.0,0.0,,,,,20.0,7.0,,,,,,,,1.0,0.0,,,,,,,98422
3008,2020,456,EA83702,1.0,11/18/2020,20:49,18,11,,77,Yakima,0,1,,2,1,2,1,0,2,2,20:54,21:15,22:02,12,0,1,66.8,1,0,1,4,1,1,2,0,3,0,0,US-97,,-120.4083306,46.426025,0,1,24,51,3,55,4,0,0,1,2,12,1,1,2,3,1,1,2,53,0,20,37,2014,0,,12,1.0,,,,,1,1,32,1,0.0,,2,0,99,7,11,5,,,,,0.0,0.0,2.0,2.0,1,74,91.0,,,96,,,,,,9,,,,,,98944.0,53,69.0,230.0,1.0,1.0,2.0,0.0,1.0,0.0,,1,,,,,,0,06/15/2016,06/15/2019,1,0,0,0,8.0,1,8,,,0,,,8,1,2.0,1.0,,,1.0,,,2,1,0.23,,,,,,,,,,,,,,,,,,,,,,,,,,,,,,0,0,0,0,1,1,0,1,0,0,0,0,0,1,0,0,0,0,0,0,0,0,0,0,0,0,0,0,0,1,0,0,0,0,0,,0,0,0,0,0,1,0,1,0,0,0,1,0,1,0,1,,,,,,31-35,26-35,US highway,R,Wednesday,Unknown,PV,Not Fatal,0,0,0,0,State Route,State Patrol,Washington State Patrol,0,1,0,0,0,,,,,,0.0,1.0,5.0,,,,,,,,,,,98.0,98.0,98.0,0.0,,,,,20.0,7.0,,,,,,,,1.0,0.0,,,,,,,98951
3009,2020,456,EA83702,1.0,11/18/2020,20:49,18,11,,77,Yakima,0,1,,2,1,2,1,0,2,2,20:54,21:15,22:02,12,0,1,66.8,1,0,1,4,1,1,2,0,3,0,0,US-97,,-120.4083306,46.426025,0,2,25,53,3,55,4,0,0,1,2,12,1,1,2,3,1,1,2,53,0,20,37,2005,0,,12,63.0,24.0,1.0,,,1,1,60,2,7.0,,4,7,3,0,11,0,11/18/2020,20:49,53053891.0,53891.0,0.0,0.0,0.0,0.0,1,0,,,,96,,,,,,0,,,,,,98948.0,53,65.0,210.0,0.0,0.0,0.0,0.0,0.0,0.0,,0,,,,,,0,11/15/2016,11/15/2016,20,0,0,0,0.0,9,8,,,0,,,8,8,2.0,1.0,,,14.0,,,2,4,0.14,,,,,,,,,,,,,,,,,,,,,,,,,,,,,,0,0,0,0,1,1,0,1,0,0,0,0,0,1,0,0,0,0,0,0,0,0,0,0,0,0,0,0,0,1,0,0,0,0,0,,1,0,0,0,0,1,0,1,0,0,0,1,0,1,0,1,,,,,,56-60,56-65,US highway,R,Wednesday,Belt Used,PV,AIAN,0,0,0,0,State Route,State Patrol,Washington State Patrol,0,1,0,0,0,,,,,,0.0,0.0,1.0,,,,,,,,,,,98.0,98.0,98.0,3.0,,,,,20.0,7.0,,,,,,,,1.0,0.0,,,,,,,98951
3010,2020,457,EA83720,5.0,11/13/2020,15:37,13,11,,11,Clark,2370,10,,1,2,1,1,0,1,1,,,,42,0,0,5.3,1,0,1,1,2,1,1,0,0,0,0,I-205,,-122.58065,45.668980556,0,1,6,12,2,60,14,0,0,1,2,42,1,1,2,2,1,1,1,41,0,49,403,2019,0,,64,42.0,,,,,1,1,60,2,7.0,,4,0,3,0,11,4,11/13/2020,18:06,237053054420.0,54420.0,0.0,0.0,0.0,3.0,1,0,,,,96,,,,,,98,,,,,,97023.0,41,67.0,220.0,6.0,1.0,0.0,0.0,0.0,3.0,,0,,,,,,0,07/15/2019,08/15/2020,8,0,0,0,0.0,9,8,,,0,,,8,8,2.0,996.0,321.0,151.0,1.0,1.0,1.0,2,1,0.0,,,,,,,,,,,,,,,,,,,,,,,,,,,,,,0,0,1,0,0,0,1,1,0,0,0,0,0,0,0,0,0,0,0,0,0,0,0,0,0,0,0,0,0,1,0,0,0,0,0,,1,0,0,0,0,0,1,1,0,0,0,0,0,0,1,0,,,,,,56-60,56-65,Interstate,U,Friday,Belt Used,PV,White,0,1,0,0,State Route,State Patrol,Washington State Patrol,1,1,0,0,0,,,,,,0.0,0.0,0.0,1.0,1.0,,,,996.0,996.0,,,,98.0,98.0,98.0,1.0,,,,,20.0,7.0,,,,,,,,1.0,0.0,,,,,,,98662
3011,2020,458,EA83757,297.0,11/22/2020,22:46,22,11,,33,King,2310,2,,3,2,2,1,0,1,1,,,,43,0,0,0.0,1,0,1,7,2,4,6,0,0,0,0,48TH AVE S,,-122.2665028,47.488480556,0,1,14,14,2,25,4,0,0,1,2,3,1,1,2,1,1,1,1,53,0,49,32,2015,0,,71,43.0,67.0,3.0,,,1,1,20,1,7.0,,4,7,99,7,11,0,11/22/2020,22:46,231053055302.0,55302.0,0.0,0.0,0.0,3.0,1,0,,,,96,,,,,,98,,,,,,85138.0,4,65.0,115.0,6.0,1.0,0.0,0.0,0.0,1.0,,0,,,,,,0,09/15/2018,09/15/2018,8,0,0,0,0.0,9,8,,,0,,,8,8,2.0,1.0,,,1.0,,,2,1,0.244,,,,,,,,,,,,,,,,,,,,,,,,,,,,,,0,0,0,0,1,1,0,1,0,0,0,0,0,0,0,0,0,0,0,0,0,1,1,0,1,0,0,0,0,1,0,0,0,0,0,,1,0,0,0,0,1,0,1,0,0,0,0,0,1,0,1,,,,,,18-20,16-25,City street,U,Sunday,Unknown,PV,White,0,1,0,0,City Street,Municipal/City Police,Tukwila Police Department,1,0,0,1,0,,,,,,0.0,0.0,0.0,,,,,,,,,,,98.0,98.0,98.0,1.0,,,,,20.0,7.0,,,,,,,,1.0,0.0,,,,,,,98168
3012,2020,459,EA83966,2.0,11/19/2020,20:10,19,11,,73,Whatcom,0,1,,2,1,2,1,1,2,1,20:13,20:16,,8,0,0,3.2,3,0,3,5,1,2,4,0,0,0,0,CR-BIRCH BAY LYNDEN RD,PERCIE RD,-122.6769167,48.935544444,0,1,13,80,5,50,20,0,0,1,2,8,1,1,2,1,1,2,2,53,0,37,441,2001,0,,8,,,,,,1,1,61,1,0.0,,0,0,3,0,11,0,,,,,0.0,0.0,0.0,3.0,1,0,,,,96,,,,,,0,,,,,,98203.0,53,69.0,200.0,6.0,1.0,0.0,1.0,0.0,4.0,,0,,,,,,0,07/15/2016,05/15/2020,20,0,0,0,8.0,3,2,,,0,,,8,8,0.0,0.0,,,0.0,,,0,0,996.0,,,,,,,,,,,,,,,,,,,,,,,,,,,,,,0,0,0,1,0,0,0,0,0,1,0,1,0,0,0,0,0,0,0,0,0,0,0,0,0,0,0,0,0,1,0,1,0,0,0,,0,0,0,0,0,0,0,0,0,0,0,0,0,0,0,0,,,,,,61-65,56-65,County road,R,Thursday,Belt Used,PV,Not Fatal,1,0,0,0,County Road,State Patrol,Washington State Patrol,0,0,1,0,0,,,,,,0.0,0.0,0.0,,,,,,,,,,,98.0,98.0,98.0,0.0,,,,,20.0,7.0,,,,,,,,1.0,0.0,,,BIRCH BAY LYNDEN RD,3.24,PERCIE RD,0.0,98240
3013,2020,460,EA84145,12.0,11/21/2020,6:41,21,11,,7,Chelan,0,10,,4,4,2,1,0,4,4,,,,12,0,8,0.6,2,0,3,5,2,2,4,0,0,0,0,CR-MALAGA ALCOA HWY,APPLEYARD DR,-120.2899833,47.389863889,0,1,64,6,1,40,4,0,0,1,2,12,2,1,2,1,14,1,2,53,0,48,38,2008,0,,68,12.0,68.0,68.0,12.0,68.0,1,1,26,1,1.0,,4,7,3,0,11,0,11/21/2020,6:41,53054861.0,54861.0,0.0,0.0,0.0,3.0,1,87,,,,96,,,,,,0,,,,,,98801.0,53,71.0,310.0,6.0,1.0,0.0,0.0,1.0,0.0,,0,,,,,,4,11/15/2020,11/15/2020,1,0,0,0,0.0,9,8,,,0,,,8,8,2.0,1.0,,,1.0,,,2,1,0.0,,,,,,,,,,,,,,,,,,,,,,,,,,,,,,0,0,0,1,0,0,0,0,0,0,0,0,1,0,0,0,0,0,0,0,0,0,0,0,0,0,0,0,0,1,0,0,0,0,0,,1,0,0,0,0,0,0,0,0,1,0,0,0,0,0,0,,,,,,26-30,26-35,County road,U,Saturday,Belt Used,PV,Hispanic,0,1,1,0,County Road,County Sheriff,Chelan County Sheriff's Office,0,0,1,0,0,,,,,,0.0,0.0,0.0,,,,,,,,,,,98.0,98.0,98.0,1.0,,,,,20.0,7.0,,,,,,,,1.0,0.0,,,MALAGA ALCOA HWY,0.55,,,98801
3014,2020,460,EA84145,12.0,11/21/2020,6:41,21,11,,7,Chelan,0,10,,4,4,2,1,0,4,4,,,,12,0,8,0.6,2,0,3,5,2,2,4,0,0,0,0,CR-MALAGA ALCOA HWY,APPLEYARD DR,-120.2899833,47.389863889,0,2,65,62,4,40,6,0,0,1,5,12,3,1,2,1,14,1,2,53,0,48,34,1996,0,,63,12.0,,,,,1,1,55,1,0.0,,0,0,3,0,11,0,,,,,0.0,0.0,0.0,3.0,1,0,,,,96,,,,,,0,,,,,,98828.0,53,63.0,120.0,6.0,1.0,0.0,0.0,0.0,0.0,,0,,,,,,0,,,20,0,0,0,8.0,9,8,,,0,,,8,8,0.0,0.0,,,0.0,,,0,0,996.0,,,,,,,,,,,,,,,,,,,,,,,,,,,,,,0,0,0,1,0,0,0,0,0,0,0,0,1,0,0,0,0,0,0,0,0,0,0,0,0,0,0,0,0,1,0,0,0,0,0,,0,0,0,0,0,0,0,0,0,0,0,0,0,0,0,0,,,,,,51-55,46-55,County road,U,Saturday,Belt Used,PV,Not Fatal,0,1,1,0,County Road,County Sheriff,Chelan County Sheriff's Office,0,0,1,0,0,,,,,,0.0,0.0,0.0,,,,,,,,,,,0.0,0.0,0.0,0.0,,,,,20.0,7.0,,,,,,,,1.0,0.0,,,MALAGA ALCOA HWY,0.55,,,98801
3015,2020,460,EA84145,12.0,11/21/2020,6:41,21,11,,7,Chelan,0,10,,4,4,2,1,0,4,4,,,,12,0,8,0.6,2,0,3,5,2,2,4,0,0,0,0,CR-MALAGA ALCOA HWY,APPLEYARD DR,-120.2899833,47.389863889,0,3,98,62,4,40,6,0,0,1,2,12,3,1,2,1,14,1,1,53,0,35,49,2004,0,,63,12.0,,,,,1,1,31,1,0.0,,2,0,3,0,11,8,,,,,0.0,0.0,3.0,3.0,1,0,,,,96,,,,,,0,,,,,,98802.0,53,65.0,180.0,6.0,1.0,0.0,0.0,0.0,0.0,,0,,,,,,0,,,8,0,0,0,8.0,9,8,,,0,,,8,8,0.0,0.0,,,0.0,,,0,0,996.0,,,,,,,,,,,,,,,,,,,,,,,,,,,,,,0,0,0,1,0,0,0,0,0,0,0,0,1,0,0,0,0,0,0,0,0,0,0,0,0,0,0,0,0,1,0,0,0,0,0,,0,0,0,0,0,0,0,0,0,0,0,0,0,0,0,0,,,,,,31-35,26-35,County road,U,Saturday,Belt Used,PV,Not Fatal,0,1,1,0,County Road,County Sheriff,Chelan County Sheriff's Office,0,0,1,0,0,,,,,,0.0,0.0,0.0,,,,,,,,,,,98.0,98.0,98.0,0.0,,,,,20.0,7.0,,,,,,,,1.0,0.0,,,MALAGA ALCOA HWY,0.55,,,98801
3016,2020,460,EA84145,12.0,11/21/2020,6:41,21,11,,7,Chelan,0,10,,4,4,2,1,0,4,4,,,,12,0,8,0.6,2,0,3,5,2,2,4,0,0,0,0,CR-MALAGA ALCOA HWY,APPLEYARD DR,-120.2899833,47.389863889,0,4,98,62,4,40,14,0,0,1,5,12,3,1,2,1,14,1,1,53,0,37,403,2004,0,,68,12.0,,,,,1,1,35,1,0.0,,0,0,3,0,11,0,,,,,0.0,0.0,0.0,3.0,1,0,,,,96,,,,,,0,,,,,,98801.0,53,65.0,198.0,6.0,1.0,0.0,0.0,0.0,0.0,,0,,,,,,0,,,20,0,0,0,8.0,9,8,,,0,,,8,8,0.0,0.0,,,0.0,,,0,0,996.0,,,,,,,,,,,,,,,,,,,,,,,,,,,,,,0,0,0,1,0,0,0,0,0,0,0,0,1,0,0,0,0,0,0,0,0,0,0,0,0,0,0,0,0,1,0,0,0,0,0,,0,0,0,0,0,0,0,0,0,0,0,0,0,0,0,0,,,,,,31-35,26-35,County road,U,Saturday,Belt Used,PV,Not Fatal,0,1,1,0,County Road,County Sheriff,Chelan County Sheriff's Office,0,0,1,0,0,,,,,,0.0,0.0,0.0,,,,,,,,,,,98.0,98.0,98.0,0.0,,,,,20.0,7.0,,,,,,,,1.0,0.0,,,MALAGA ALCOA HWY,0.55,,,98801
3017,2020,461,EA50369,242.0,07/23/2020,10:41,23,7,,53,Pierce,1770,1,,1,1,2,1,0,2,2,,,,12,0,6,0.0,2,0,3,5,2,4,6,0,0,0,0,5TH ST NE,5th Ave NE,-122.2876806,47.195491667,0,1,83,67,4,30,80,0,0,1,2,12,1,1,2,1,1,1,2,53,0,37,706,1998,0,,12,,,,,,1,1,40,1,7.0,,4,0,20,7,11,5,07/29/2020,21:30,196053035755.0,35755.0,0.0,0.0,3.0,2.0,1,0,,,,96,,,,,,98,,,,,,98372.0,53,68.0,200.0,1.0,1.0,0.0,2.0,0.0,3.0,,0,,,,,,3,12/15/2015,08/15/2019,20,8,0,0,0.0,9,8,,,0,,,8,8,8.0,95.0,,,96.0,,,8,95,995.0,,,,,,,,,,,,,,,,,,,,,,,,,,,,,,0,0,0,1,0,0,0,0,0,0,0,0,1,1,1,0,0,0,0,0,0,0,0,0,0,0,0,0,1,1,0,0,0,0,1,1.0,0,0,0,0,0,0,0,0,0,1,0,1,0,0,0,0,,,,,,36-40,36-45,City street,U,Thursday,,MC,White,1,0,0,0,City Street,Municipal/City Police,Puyallup Police Department,0,0,0,1,0,,,,,,0.0,0.0,6.0,,,,,,,,,,,0.0,0.0,0.0,1.0,,,,,16.0,0.0,,,,,,,,1.0,0.0,,,,,,,98372
3018,2020,461,EA50369,242.0,07/23/2020,10:41,23,7,,53,Pierce,1770,1,,1,1,2,1,0,2,2,,,,12,0,6,0.0,2,0,3,5,2,4,6,0,0,20,3,5TH ST NE,5th Ave NE,-122.2876806,47.195491667,0,2,82,66,4,30,4,0,0,1,2,12,1,1,2,1,11,1,1,53,0,55,35,2017,0,,12,,,,,,1,1,54,1,0.0,,0,0,3,0,11,0,,,,,0.0,0.0,3.0,3.0,1,10,,,,0,,,,,,0,,,,,,98208.0,53,66.0,155.0,6.0,1.0,0.0,0.0,0.0,1.0,,0,,,,,,0,06/15/2019,06/15/2019,2,0,0,0,8.0,9,8,,,0,,,8,8,8.0,95.0,,,96.0,,,8,95,995.0,,,,,,,,,,,,,,,,,,,,,,,,,,,,,,0,0,0,1,0,0,0,0,0,0,0,0,1,1,1,0,0,0,0,0,0,0,0,0,0,0,0,0,1,1,0,0,0,0,0,,0,0,0,0,0,0,0,0,0,0,0,0,0,0,0,0,,,,,,51-55,46-55,City street,U,Thursday,Belt Used,PV,Not Fatal,1,0,0,0,City Street,Municipal/City Police,Puyallup Police Department,0,0,0,1,0,,,,,,0.0,0.0,0.0,,,,,,,,,,,98.0,98.0,98.0,0.0,,,,,20.0,7.0,,,,,,,,1.0,0.0,,,,,,,98372
3019,2020,462,EA71532,4.0,10/06/2020,19:00,6,10,,19,Ferry,0,1,,2,1,2,1,0,1,1,19:00,19:19,19:43,35,0,0,308.6,1,0,1,4,1,1,3,0,0,0,0,SR-20,,-118.6512,48.599019444,0,1,2,13,2,55,34,0,0,1,2,1,3,1,2,1,14,1,1,53,0,20,481,1995,0,,63,69.0,68.0,68.0,63.0,35.0,1,1,64,1,7.0,,4,0,20,7,11,5,10/06/2020,21:32,184053047645.0,47645.0,0.0,0.0,0.0,3.0,1,0,,,,96,,,,,,9,,,,,,99166.0,53,66.0,185.0,6.0,1.0,0.0,0.0,0.0,0.0,,0,,,,,,3,,,20,1,9,0,0.0,9,8,,,0,,,8,1,8.0,95.0,,,96.0,,,2,1,0.29,,,,,,,,,,,,,,,,,,,,,,,,,,,,,,0,0,0,0,1,1,0,1,0,0,0,0,1,0,0,0,0,0,0,1,0,0,0,0,0,0,0,0,0,1,0,0,0,1,0,,1,0,0,0,0,1,0,1,0,1,0,0,0,1,0,1,,,,,,61-65,56-65,State route,R,Tuesday,Not Used,PV,White,0,1,0,0,State Route,State Patrol,Washington State Patrol,1,1,0,0,0,,,,,,0.0,0.0,0.0,,,,,,,,,,,0.0,0.0,0.0,1.0,,,,,20.0,7.0,,,,,,,,1.0,0.0,,,,,,,