,year,case,par,repjur,crash_dt,crash_tm,accday,accmon,holiday,county,co_char,city,weather,weather2,lightcond,surfcond,surftype,numfatal,nmforms,pforms,vforms,not_tm,arr_tm,hosp_tm,fhevent,hitrun,manncol,milepnt,reljunc,reljuncinter,intersectiontype,funcsystem,landuse,ownership,route,schlbus,spejur,contdev,devfunc,trafid1,trafid2,x,y,wk_zone,vnumber,crashtype,criticalevent,criticaleventcat,spdlim,body,trailer,emerg,hazcargo,leave,mhevent,roadalgn,roadprof,traflane,trafflow,vehmanvr,numoccs,regowner,regstate,spuse,make,model,modelyr,vrf1,vrf2,seqevent1,seqevent2,seqevent3,seqevent4,seqevent5,seqevent6,pnumber,ptype,age,sex,hispanic,race,injury,diedscene,restraint,restraintmisuse,seatpos,takehosp,death_dt,death_tm,cert,cernum_wa,commlic,licendor,licrestrict,liccomp,drivpres,drf1,drf2,drf3,drf4,distract1,distract2,distract3,distract4,distract5,distract6,dricond1,dricond2,dricond3,dricond4,dricond5,dricond6,dzip,licstate,drhgt_in,weight,noncdl,noncdltype,prevdwi,prevoth,prevacc,prevspd,prevsus,driviol1,driviol2,driviol3,driviol4,driviol5,driviol6,spdrel,first_dt,last_dt,airbag,ejection,ejectpath,extricat,injurwrk,methalc,methdrug,nmlocat,strikveh,prf1,prf2,prf3,druginv,alcinvol,drugsts,drugres1,drugres2,drugres3,drugtst1,drugtst2,drugtst3,alcsts,alctst,alcres,nmact1,nmact2,nmact3,nmact4,nmact5,nmact6,nmprior1,nmprior2,nmprior3,nmprior4,nmprior5,nmprior6,nmcond1,nmcond2,nmcond3,nmcond4,nmcond5,nmcond6,nmsafe_helmet,nmsafe_pads,nmsafe_oth,nmprev_ref,nmprev_lgt,nmprev_oth,crashlocation,nmcrashtype,crosswalk,schoolzone,sidewalk,train_inv,wildlife_inv,rotr_fars,intersect_fars,dd_inv,aid_inv,dpd_inv,id_inv,mj_inv,impnm_inv,ainm_inv,dpnm_inv,speed_inv,unlic_inv,unendmc_inv,drowsy_inv,drdist_inv,nmdist_inv,fty_inv,unrestfat_inv,dr1617_inv,dr1820_inv,dr1620_inv,dr2125_inv,dr1625_inv,dr65_inv,dr70_inv,dr75_inv,mc_inv,pv_inv,ht_inv,ped_inv,bike_inv,unrest_fat,mc_fat,unhelmet_mc,pv_fat,ht_fat,ped_fat,bike_fat,dr_alc7,dr_alc8,dr_drug,dr_imp,dr_dist,dr_spd,dr_fty,dr_unlic,dr_alc7only,dr_alc8only,dr_drugonly,dr_drink,nm_imp,nm_alc7,nm_alc8,nm_drug,nm_dist,agegrp1,agegrp2,roadclass,urbrur,dayweek,restuse,vehtype,race_me,intersect,lanedep,oppdir,wrongway,rep_typ,investag,repag_long,rotr,st_rd,cty_rd,city_rd,oth_rd,drug_thc,thc_res,drug_cthc,cthc_res,drug_cann,prevpersemin,prevperse,prevsusoth,drugtst4,drugtst5,drugtst6,drugtst7,drugtst8,drugres4,drugres5,drugres6,drugres7,drugres8,adspresent,adsengaged,adslevel,race1,race2,race3,race4,race5,helmet,helmetmisuse,nmdistract1,nmdistract2,nmdistract3,nmdistract4,nmdistract5,nmdistract6,lab,isedtcase,crf1,crf2,crf3,CoRoadName,CoMP,IntCoRoadName,IntCoMP,zipcode
3039,2020,472,EA86312,7.0,12/01/2020,23:35,1,12,,33,King,1640,1,,3,1,2,2,0,7,7,,,,12,0,2,13.2,1,0,1,3,2,1,3,0,0,0,0,SR-167,,-122.2607278,47.268891667,0,6,98,98,7,60,4,0,0,1,2,54,1,1,2,3,1,1,1,53,0,37,31,2006,0,,54,,,,,,1,1,21,1,0.0,,0,0,3,0,11,0,,,,,0.0,0.0,0.0,3.0,1,0,,,,96,,,,,,0,,,,,,98144.0,53,70.0,190.0,6.0,1.0,0.0,0.0,0.0,0.0,,0,,,,,,0,,,20,0,0,0,8.0,9,8,,,0,,,8,8,0.0,0.0,,,0.0,,,0,0,996.0,,,,,,,,,,,,,,,,,,,,,,,,,,,,,,0,0,0,0,1,0,0,0,0,0,0,0,0,0,0,0,0,0,0,0,0,0,0,1,1,0,0,0,1,1,1,0,0,0,0,,0,0,0,0,0,0,0,0,0,0,0,0,0,0,0,0,,,,,,21-25,16-25,State route,U,Tuesday,Belt Used,PV,Not Fatal,0,0,0,1,State Route,State Patrol,Washington State Patrol,0,1,0,0,0,,,,,,0.0,0.0,0.0,,,,,,,,,,,98.0,98.0,98.0,0.0,,,,,20.0,7.0,,,,,,,,1.0,14.0,,,,,,,98047
3040,2020,472,EA86312,7.0,12/01/2020,23:35,1,12,,33,King,1640,1,,3,1,2,2,0,7,7,,,,12,0,2,13.2,1,0,1,3,2,1,3,0,0,0,0,SR-167,,-122.2607278,47.268891667,0,7,98,98,7,60,4,0,0,1,5,54,1,1,2,3,1,1,2,53,0,34,35,2014,0,,54,,,,,,1,1,34,1,0.0,,0,0,3,0,11,0,,,,,0.0,0.0,0.0,3.0,1,0,,,,96,,,,,,0,,,,,,98056.0,53,67.0,160.0,6.0,1.0,0.0,0.0,0.0,0.0,,0,,,,,,0,,,20,0,0,0,8.0,9,8,,,0,,,8,8,0.0,0.0,,,0.0,,,0,0,996.0,,,,,,,,,,,,,,,,,,,,,,,,,,,,,,0,0,0,0,1,0,0,0,0,0,0,0,0,0,0,0,0,0,0,0,0,0,0,1,1,0,0,0,1,1,1,0,0,0,0,,0,0,0,0,0,0,0,0,0,0,0,0,0,0,0,0,,,,,,31-35,26-35,State route,U,Tuesday,Belt Used,PV,Not Fatal,0,0,0,1,State Route,State Patrol,Washington State Patrol,0,1,0,0,0,,,,,,0.0,0.0,0.0,,,,,,,,,,,98.0,98.0,98.0,0.0,,,,,20.0,7.0,,,,,,,,1.0,14.0,,,,,,,98047
3041,2020,473,EA86405,31.0,12/01/2020,9:10,1,12,,45,Mason,0,5,,1,4,2,1,0,2,2,9:29,9:32,10:17,12,0,2,11.3,1,0,1,5,1,2,4,0,0,0,0,CR-W SHELTON MATLOCK RD,,-123.3028556,47.243047222,0,1,50,10,2,98,2,0,0,1,2,12,3,2,2,1,14,1,1,53,0,37,33,2000,0,,68,12.0,,,,,1,1,51,2,7.0,,4,7,3,0,11,0,12/01/2020,9:10,53057071.0,57071.0,0.0,0.0,0.0,3.0,1,28,87.0,,,96,,,,,,98,,,,,,98584.0,53,64.0,175.0,6.0,1.0,0.0,1.0,0.0,0.0,,0,,,,,,0,11/15/2017,11/15/2017,20,0,0,0,0.0,9,8,,,0,,,8,8,2.0,695.0,605.0,,1.0,1.0,,2,1,0.0,,,,,,,,,,,,,,,,,,,,,,,,,,,,,,0,0,0,0,0,0,1,1,1,0,0,0,0,0,0,0,0,0,0,0,0,0,0,0,0,0,0,0,0,1,1,0,0,0,0,,1,0,0,0,0,0,1,1,0,0,0,0,0,0,1,0,,,,,,51-55,46-55,County road,R,Tuesday,Belt Used,PV,White,0,1,1,0,County Road,County Sheriff,Mason County Sheriff's Office,0,0,1,0,0,thc,5.1,carboxy-thc,36.0,,0.0,0.0,0.0,,,,,,,,,,,98.0,98.0,98.0,1.0,,,,,20.0,7.0,,,,,,,nms,1.0,0.0,,,SHELTON MATLOCK RD,11.3,,,98584
3042,2020,473,EA86405,31.0,12/01/2020,9:10,1,12,,45,Mason,0,5,,1,4,2,1,0,2,2,9:29,9:32,10:17,12,0,2,11.3,1,0,1,5,1,2,4,0,0,0,0,CR-W SHELTON MATLOCK RD,,-123.3028556,47.243047222,0,2,51,62,4,98,63,1,0,1,2,12,2,2,2,1,14,1,3,53,0,85,881,2020,0,,12,1.0,,,,,1,1,36,1,0.0,,1,0,3,0,11,5,,,,,6.0,1.0,3.0,3.0,1,0,,,,96,,,,,,0,,,,,,98592.0,53,68.0,140.0,6.0,1.0,0.0,0.0,1.0,0.0,,0,,,,,,0,10/15/2016,10/15/2016,1,0,0,0,8.0,9,8,,,0,,,8,8,0.0,0.0,,,0.0,,,0,0,996.0,,,,,,,,,,,,,,,,,,,,,,,,,,,,,,0,0,0,0,0,0,1,1,1,0,0,0,0,0,0,0,0,0,0,0,0,0,0,0,0,0,0,0,0,1,1,0,0,0,0,,0,0,0,0,0,0,0,0,0,0,0,0,0,0,0,0,,,,,,36-40,36-45,County road,R,Tuesday,,MHTRUCK,Not Fatal,0,1,1,0,County Road,County Sheriff,Mason County Sheriff's Office,0,0,1,0,0,,,,,,0.0,0.0,0.0,,,,,,,,,,,98.0,98.0,98.0,0.0,,,,,20.0,7.0,,,,,,,,1.0,0.0,,,SHELTON MATLOCK RD,11.3,,,98584
3043,2020,474,EA86958,3.0,12/04/2020,5:04,4,12,,67,Thurston,0,10,,2,2,2,1,0,2,2,,,,12,0,2,358.9,1,0,1,3,2,1,2,0,0,0,0,US-101,,-123.0187972,47.066566667,0,1,52,54,3,60,34,0,0,1,2,12,2,2,2,3,14,1,1,53,0,35,472,2008,0,,12,,,,,,1,1,53,1,0.0,,1,0,3,0,11,5,,,,,0.0,0.0,3.0,3.0,1,51,91.0,,,96,,,,,,9,,,,,,98335.0,53,72.0,179.0,6.0,1.0,0.0,3.0,2.0,1.0,,1,,,,,,0,06/15/2016,06/15/2018,1,0,0,0,8.0,9,8,,,0,,,1,8,2.0,695.0,605.0,,1.0,1.0,,2,1,0.0,,,,,,,,,,,,,,,,,,,,,,,,,,,,,,0,0,0,0,0,0,1,1,1,0,0,0,0,0,0,0,0,0,0,1,0,0,0,0,0,0,0,0,0,1,0,0,0,0,0,,0,0,0,0,0,0,1,1,0,0,0,0,0,0,1,0,,,,,,51-55,46-55,US highway,U,Friday,Belt Used,PV,Not Fatal,0,0,0,1,State Route,State Patrol,Washington State Patrol,0,1,0,0,0,thc,16.0,carboxy-thc,75.0,,0.0,0.0,3.0,,,,,,,,,,,98.0,98.0,98.0,0.0,,,,,20.0,7.0,,,,,,,,1.0,0.0,,,,,,,98502
3044,2020,474,EA86958,3.0,12/04/2020,5:04,4,12,,67,Thurston,0,10,,2,2,2,1,0,2,2,,,,12,0,2,358.9,1,0,1,3,2,1,2,0,0,0,0,US-101,,-123.0187972,47.066566667,0,2,52,54,3,60,4,0,0,1,2,12,3,2,2,3,14,1,2,53,0,24,1,1999,0,,12,,,,,,1,1,47,1,7.0,,4,7,20,7,11,0,12/04/2020,5:04,53062435.0,62435.0,0.0,0.0,0.0,3.0,1,0,,,,96,,,,,,0,,,,,,23803.0,51,70.0,280.0,6.0,1.0,0.0,1.0,2.0,1.0,,0,,,,,,0,03/15/2018,02/15/2019,8,0,0,0,0.0,9,8,,,0,,,8,8,2.0,1.0,,,1.0,,,2,1,0.0,,,,,,,,,,,,,,,,,,,,,,,,,,,,,,0,0,0,0,0,0,1,1,1,0,0,0,0,0,0,0,0,0,0,1,0,0,0,0,0,0,0,0,0,1,0,0,0,1,0,,1,0,0,0,0,0,0,0,0,0,0,0,0,0,0,0,,,,,,46-50,46-55,US highway,U,Friday,Not Used,PV,White,0,0,0,1,State Route,State Patrol,Washington State Patrol,0,1,0,0,0,,,,,,0.0,0.0,0.0,,,,,,,,,,,0.0,0.0,0.0,1.0,,,,,20.0,7.0,,,,,,,,1.0,0.0,,,,,,,98502
3045,2020,475,EA87208,39.0,12/01/2020,8:24,1,12,,61,Snohomish,0,1,,1,1,2,1,1,1,1,,,,8,1,0,0.4,1,0,1,5,2,2,4,0,0,0,0,CR-35TH AVE W,,-122.2802556,47.855877778,0,1,13,11,2,35,34,0,0,1,2,8,1,1,2,1,1,1,2,53,0,20,481,1988,0,,63,8.0,,,,,1,1,53,1,0.0,,0,0,99,7,11,0,,,,,0.0,0.0,0.0,3.0,1,0,,,,96,,,,,,9,,,,,,98087.0,53,70.0,245.0,6.0,1.0,0.0,0.0,0.0,0.0,,97,,,,,,0,,,20,0,0,0,8.0,9,8,,,0,,,1,8,2.0,996.0,695.0,605.0,1.0,1.0,1.0,2,1,0.0,,,,,,,,,,,,,,,,,,,,,,,,,,,,,,0,0,0,0,0,0,1,1,1,0,0,0,0,0,0,0,0,0,0,0,0,0,0,0,0,0,0,0,0,1,0,1,0,0,0,,0,0,0,0,0,0,1,1,0,0,0,0,0,0,1,0,,,,,,51-55,46-55,County road,U,Tuesday,Unknown,PV,Not Fatal,0,0,0,0,County Road,County Sheriff,Snohomish County Sheriff's Office,0,0,1,0,0,thc,5.5,carboxy-thc,180.0,,0.0,0.0,0.0,,,,,,,,,,,0.0,0.0,0.0,0.0,,,,,20.0,7.0,,,,,,,nms,1.0,0.0,,,35TH AVE W,0.413,,,98087
3046,2020,476,EA87388,290.0,12/07/2020,20:27,7,12,,53,Pierce,2230,10,,3,1,2,1,0,3,2,,,,42,0,0,55.4,1,0,1,3,2,1,3,0,0,0,0,SR-7,,-122.4338667,47.199886111,0,1,1,13,2,35,34,0,0,1,5,42,1,1,5,5,1,2,2,53,0,20,481,1995,0,,63,42.0,69.0,12.0,,,1,1,56,1,0.0,,3,0,3,0,11,5,,,,,0.0,0.0,3.0,2.0,1,0,,,,96,,,,,,9,,,,,,98407.0,53,69.0,165.0,1.0,1.0,0.0,1.0,0.0,0.0,,97,,,,,,0,08/15/2016,08/15/2018,1,0,0,0,8.0,9,8,,,0,,,1,8,8.0,95.0,,,96.0,,,8,95,995.0,,,,,,,,,,,,,,,,,,,,,,,,,,,,,,0,0,1,0,0,0,0,0,0,0,0,0,0,1,0,0,0,0,0,0,0,0,0,0,0,1,0,0,0,1,1,0,0,0,0,,0,0,0,0,0,0,0,0,0,0,0,1,0,0,0,0,,,,,,56-60,56-65,State route,U,Monday,Belt Used,PV,Not Fatal,0,1,0,0,State Route,Municipal/City Police,Tacoma Police Department,1,1,0,0,0,,,,,,0.0,0.0,2.0,,,,,,,,,,,0.0,0.0,0.0,0.0,,,,,20.0,7.0,,,,,,,,1.0,0.0,,,,,,,98408
3047,2020,476,EA87388,290.0,12/07/2020,20:27,7,12,,53,Pierce,2230,10,,3,1,2,1,0,3,2,,,,42,0,0,55.4,1,0,1,3,2,1,3,0,0,0,0,SR-7,,-122.4338667,47.199886111,0,2,98,61,4,35,67,0,0,1,5,12,1,1,5,5,1,1,1,53,0,12,880,2018,0,,12,,,,,,1,1,67,1,0.0,,0,0,3,0,11,0,,,,,0.0,0.0,0.0,3.0,1,0,,,,96,,,,,,98,,,,,,98446.0,53,71.0,240.0,6.0,1.0,0.0,0.0,0.0,0.0,,0,,,,,,0,,,20,0,0,0,8.0,9,8,,,0,,,8,8,8.0,95.0,,,96.0,,,8,95,995.0,,,,,,,,,,,,,,,,,,,,,,,,,,,,,,0,0,1,0,0,0,0,0,0,0,0,0,0,1,0,0,0,0,0,0,0,0,0,0,0,1,0,0,0,1,1,0,0,0,0,,0,0,0,0,0,0,0,0,0,0,0,0,0,0,0,0,,,,,,66-70,66-75,State route,U,Monday,,MHTRUCK,Not Fatal,0,1,0,0,State Route,Municipal/City Police,Tacoma Police Department,1,1,0,0,0,,,,,,0.0,0.0,0.0,,,,,,,,,,,98.0,98.0,98.0,0.0,,,,,20.0,7.0,,,,,,,,1.0,0.0,,,,,,,98408
3048,2020,477,EA87877,188.0,12/06/2020,16:03,6,12,,33,King,1264,1,,1,1,2,1,0,2,2,16:05,16:14,,12,0,2,15.4,2,0,2,4,2,1,3,0,0,3,3,SR-516,WITTE RD SE,-122.0435306,47.357966667,0,1,68,15,2,98,4,0,0,1,2,12,1,2,3,1,11,1,1,53,0,7,24,2012,0,,12,63.0,24.0,,,,1,1,45,1,0.0,,0,0,3,0,11,0,,,,,0.0,0.0,0.0,3.0,1,38,,,,96,,,,,,9,,,,,,98058.0,53,69.0,168.0,6.0,1.0,0.0,0.0,0.0,0.0,,97,,,,,,0,,,8,0,0,0,8.0,1,1,,,0,,,1,1,2.0,695.0,605.0,,1.0,1.0,,2,1,0.33,,,,,,,,,,,,,,,,,,,,,,,,,,,,,,0,0,0,1,1,1,1,1,1,0,0,0,0,0,1,0,0,0,1,0,0,0,0,0,0,0,0,0,1,1,0,0,0,0,0,,0,0,0,0,0,1,1,1,0,0,1,0,0,0,0,1,,,,,,41-45,36-45,State route,U,Sunday,Belt Used,PV,Not Fatal,1,0,0,0,State Route,Municipal/City Police,Maple Valley Police Dept,0,1,0,0,0,thc,9.6,carboxy-thc,34.0,,0.0,0.0,0.0,,,,,,,,,,,98.0,98.0,98.0,0.0,,,,,20.0,7.0,,,,,,,,1.0,0.0,,,,,,,98038
3049,2020,477,EA87877,188.0,12/06/2020,16:03,6,12,,33,King,1264,1,,1,1,2,1,0,2,2,16:05,16:14,,12,0,2,15.4,2,0,2,4,2,1,3,0,0,3,3,SR-516,WITTE RD SE,-122.0435306,47.357966667,0,2,69,62,4,40,80,0,0,1,2,12,1,2,3,1,1,1,1,53,0,37,703,2015,0,,12,,,,,,1,1,28,1,7.0,,4,7,20,7,11,0,12/06/2020,16:03,126453057364.0,57364.0,0.0,0.0,0.0,2.0,1,0,,,,96,,,,,,98,,,,,,98042.0,53,72.0,200.0,6.0,1.0,0.0,1.0,2.0,4.0,,0,,,,,,0,11/15/2017,07/15/2019,20,8,0,0,0.0,9,8,,,0,,,8,8,2.0,695.0,605.0,,1.0,1.0,,2,1,0.0,,,,,,,,,,,,,,,,,,,,,,,,,,,,,,0,0,0,1,1,1,1,1,1,0,0,0,0,0,1,0,0,0,1,0,0,0,0,0,0,0,0,0,1,1,0,0,0,0,1,0.0,0,0,0,0,0,0,1,1,0,0,0,0,0,0,1,0,,,,,,26-30,26-35,State route,U,Sunday,,MC,White,1,0,0,0,State Route,Municipal/City Police,Maple Valley Police Dept,0,1,0,0,0,thc,50.0,carboxy-thc,28.0,,0.0,0.0,1.0,,,,,,,,,,,0.0,0.0,0.0,1.0,,,,,5.0,0.0,,,,,,,nms,1.0,0.0,,,,,,,98038
3050,2020,478,EA88054,35.0,12/08/2020,17:50,8,12,,53,Pierce,0,2,,3,2,2,1,1,2,1,17:50,17:55,,8,0,0,6.2,1,0,1,3,2,2,4,0,0,0,0,CR-112TH ST E,,-122.4235667,47.155277778,0,1,13,80,5,35,20,0,0,1,5,8,1,1,5,5,1,2,1,53,0,23,441,1994,0,,8,,,,,,1,1,77,1,0.0,,0,0,3,0,11,0,,,,,0.0,0.0,0.0,3.0,1,0,,,,96,,,,,,0,,,,,,98445.0,53,72.0,220.0,6.0,1.0,0.0,0.0,0.0,0.0,,0,,,,,,0,,,20,0,0,0,8.0,9,8,,,0,,,8,8,8.0,95.0,,,96.0,,,8,95,995.0,,,,,,,,,,,,,,,,,,,,,,,,,,,,,,0,0,0,0,0,0,0,0,0,1,1,0,0,0,0,0,0,0,0,0,0,0,0,0,0,1,1,1,0,1,0,1,0,0,0,,0,0,0,0,0,0,0,0,0,0,0,0,0,0,0,0,,,,,,76-80,76+,County road,U,Tuesday,Belt Used,PV,Not Fatal,0,0,0,0,County Road,County Sheriff,Law Enforcement Support Agency,0,0,1,0,0,,,,,,0.0,0.0,0.0,,,,,,,,,,,0.0,0.0,0.0,0.0,,,,,20.0,7.0,,,,,,,,1.0,0.0,,,112 ST E,6.18,,,98445
3051,2020,479,EA88326,150.0,12/10/2020,0:00,10,12,,27,Grays Harbor,930,5,,3,2,2,1,0,1,1,,,,24,0,0,0.0,1,0,1,5,2,4,6,0,0,0,0,ENDRESEN RD,,-123.9008778,46.989002778,0,1,1,13,2,25,80,0,0,1,2,24,3,1,2,1,14,1,2,53,0,37,705,2003,0,,63,24.0,,,,,1,1,26,1,7.0,,4,7,20,7,11,0,12/10/2020,0:00,93053058211.0,58211.0,0.0,0.0,0.0,2.0,1,0,,,,92,,,,,,98,,,,,,98584.0,53,73.0,250.0,6.0,1.0,0.0,1.0,0.0,1.0,,0,,,,,,0,11/15/2017,02/15/2020,20,8,0,0,0.0,9,8,,,0,,,8,8,2.0,605.0,,,1.0,,,2,1,0.055,,,,,,,,,,,,,,,,,,,,,,,,,,,,,,0,0,1,0,1,0,1,1,1,0,0,0,0,0,1,0,1,0,0,0,0,0,0,0,0,0,0,0,1,0,0,0,0,0,1,1.0,0,0,0,0,1,0,1,1,1,0,0,0,0,0,0,1,,,,,,26-30,26-35,City street,U,Thursday,,MC,White,0,1,0,0,City Street,Municipal/City Police,Hoquiam Police Department,1,0,0,1,0,thc,3.1,,,,0.0,0.0,0.0,,,,,,,,,,,0.0,0.0,0.0,1.0,,,,,17.0,7.0,,,,,,,nms,1.0,0.0,,,,,,,98550
3052,2020,480,EA88404,278.0,12/09/2020,19:49,9,12,,63,Spokane,2110,1,,3,1,2,1,1,1,1,19:51,19:56,,8,0,0,0.0,3,0,2,4,2,4,6,0,0,0,0,S HOWARD ST,W 3rd Ave,-117.4210556,47.653480556,0,1,13,80,5,30,14,0,0,1,5,8,8,8,2,4,10,1,1,53,0,18,401,2003,0,,8,,,,,,1,1,50,1,0.0,,0,0,3,0,11,0,,,,,0.0,0.0,0.0,0.0,1,0,,,,96,,,,,,9,,,,,,99202.0,53,69.0,165.0,0.0,0.0,0.0,0.0,0.0,0.0,,97,,,,,,0,,,20,0,0,0,8.0,3,2,,,0,,,1,8,2.0,401.0,417.0,,1.0,1.0,,2,1,0.0,,,,,,,,,,,,,,,,,,,,,,,,,,,,,,0,0,0,1,0,0,1,1,0,1,0,1,0,1,0,0,0,0,0,0,0,0,0,0,0,0,0,0,0,1,0,1,0,0,0,,0,0,0,0,0,0,1,1,0,0,0,1,0,0,1,0,,,,,,46-50,46-55,City street,U,Wednesday,Belt Used,PV,Not Fatal,1,0,0,0,City Street,Municipal/City Police,Spokane Police Department,0,0,0,1,0,,,,,,0.0,0.0,0.0,,,,,,,,,,,98.0,98.0,98.0,0.0,,,,,20.0,7.0,,,,,,,,1.0,0.0,,,,,,,99204
3053,2020,481,EA88409,146.0,12/09/2020,15:32,9,12,,77,Yakima,0,1,,1,1,2,1,0,1,1,15:43,15:46,,1,0,0,9.0,1,0,1,6,1,2,4,0,3,0,0,CR-N TRACK RD,,-120.3519528,46.405358333,0,1,2,9,1,50,4,0,0,1,2,1,1,1,2,1,1,1,2,53,0,55,33,2004,0,,68,68.0,63.0,1.0,,,1,1,56,2,7.0,,4,7,20,7,11,0,12/09/2020,15:32,53059257.0,59257.0,0.0,0.0,3.0,2.0,1,0,,,,96,,,,,,9,,,,,,98948.0,53,70.0,220.0,1.0,1.0,0.0,0.0,0.0,0.0,,0,,,,,,4,,,20,1,9,0,0.0,9,8,,,0,,,8,1,2.0,996.0,996.0,,1.0,1.0,,2,1,0.231,,,,,,,,,,,,,,,,,,,,,,,,,,,,,,0,0,0,0,1,1,1,1,0,0,0,0,1,1,0,0,0,0,0,1,0,0,0,0,0,0,0,0,0,1,0,0,0,1,0,,1,0,0,0,0,1,1,1,0,1,0,1,0,0,0,1,,,,,,56-60,56-65,County road,R,Wednesday,Not Used,PV,White,0,1,0,0,County Road,County Sheriff,Yakima County Sheriff's Office,1,0,1,0,0,,,,,,0.0,0.0,0.0,,,,,,,,,,,98.0,98.0,98.0,1.0,,,,,20.0,7.0,,,,,,,,1.0,0.0,,,TRACK RD. N.,9.0,,,98951
3054,2020,482,EA88450,4.0,12/10/2020,17:58,10,12,,63,Spokane,0,1,,3,0,0,1,0,2,2,18:05,18:09,,12,0,6,268.7,8,0,1,3,2,1,2,0,0,20,3,US-2,,-117.6141556,47.642944444,0,1,82,15,2,0,14,0,0,1,2,12,0,0,0,0,11,1,2,53,0,23,401,2003,0,,12,,,,,,1,1,40,2,7.0,,4,0,3,0,11,0,12/10/2020,19:11,211053058048.0,58048.0,0.0,0.0,3.0,3.0,1,38,,,,96,,,,,,98,,,,,,99001.0,53,65.0,240.0,6.0,1.0,0.0,0.0,0.0,0.0,,0,,,,,,0,,,20,0,0,0,0.0,9,8,,,0,,,8,8,2.0,605.0,,,1.0,,,2,1,0.0,,,,,,,,,,,,,,,,,,,,,,,,,,,,,,0,0,0,0,0,0,1,1,1,0,0,0,0,0,0,0,0,0,1,0,0,0,0,0,0,0,0,0,0,1,0,0,0,0,0,,1,0,0,0,0,0,1,1,0,0,1,0,0,0,1,0,,,,,,36-40,36-45,US highway,U,Thursday,Belt Used,PV,White,0,0,0,0,State Route,State Patrol,Washington State Patrol,0,1,0,0,0,thc,0.53,,,,0.0,0.0,0.0,,,,,,,,,,,98.0,98.0,98.0,1.0,,,,,20.0,7.0,,,,,,,nms,1.0,0.0,,,,,,,99022
3055,2020,482,EA88450,4.0,12/10/2020,17:58,10,12,,63,Spokane,0,1,,3,1,2,1,0,2,2,18:05,18:09,,12,0,6,268.7,8,0,1,3,2,1,2,0,0,0,0,US-2,,-117.6141556,47.642944444,0,2,83,72,4,55,65,0,0,1,5,12,1,1,5,5,1,1,1,41,0,98,850,1990,0,,12,,,,,,1,1,35,1,0.0,,0,0,2,0,11,0,,,,,0.0,0.0,0.0,3.0,1,0,,,,96,,,,,,98,,,,,,97862.0,41,70.0,140.0,6.0,1.0,0.0,0.0,0.0,0.0,,0,,,,,,0,,,20,0,0,0,8.0,3,2,,,0,,,8,8,8.0,95.0,,,96.0,,,8,95,995.0,,,,,,,,,,,,,,,,,,,,,,,,,,,,,,0,0,0,0,0,0,1,1,1,0,0,0,0,0,0,0,0,0,1,0,0,0,0,0,0,0,0,0,0,1,0,0,0,0,0,,0,0,0,0,0,0,0,0,0,0,0,0,0,0,0,0,,,,,,31-35,26-35,US highway,U,Thursday,,MHOME,Not Fatal,0,0,0,0,State Route,State Patrol,Washington State Patrol,0,1,0,0,0,,,,,,0.0,0.0,0.0,,,,,,,,,,,0.0,0.0,0.0,0.0,,,,,20.0,7.0,,,,,,,,1.0,0.0,,,,,,,99022
3056,2020,483,EA88463,288.0,11/05/2020,16:36,5,11,,53,Pierce,2210,2,,1,2,2,1,0,2,2,16:35,16:45,17:45,12,0,2,9999.8,1,0,1,4,2,4,6,0,0,0,0,E VALLEY HWY E,,-122.2269194,47.226808333,0,1,50,10,2,35,4,0,0,1,2,12,3,1,2,1,14,1,1,53,0,20,37,2004,0,,68,12.0,,,,,1,1,51,2,7.0,,4,0,99,7,11,5,11/10/2020,14:28,223053052650.0,52650.0,0.0,0.0,0.0,3.0,1,28,58.0,,,92,,,,,,98,,,,,,98390.0,53,67.0,160.0,6.0,1.0,0.0,0.0,0.0,0.0,,0,,,,,,0,,,20,0,0,1,0.0,9,8,,,0,,,8,8,2.0,1.0,,,1.0,,,2,1,0.0,,,,,,,,,,,,,,,,,,,,,,,,,,,,,,0,0,0,0,0,0,0,0,0,0,0,0,0,0,0,0,1,0,0,0,0,0,0,0,0,0,0,0,0,1,0,0,0,0,0,,1,0,0,0,0,0,0,0,1,0,0,0,0,0,0,0,,,,,,51-55,46-55,City street,U,Thursday,Unknown,PV,White,0,1,1,0,City Street,Municipal/City Police,Sumner Police Department,0,0,0,1,0,,,,,,0.0,0.0,0.0,,,,,,,,,,,98.0,98.0,98.0,1.0,,,,,20.0,7.0,,,,,,,,1.0,0.0,,,,,,,98390