,year,case,par,repjur,crash_dt,crash_tm,accday,accmon,holiday,county,co_char,city,weather,weather2,lightcond,surfcond,surftype,numfatal,nmforms,pforms,vforms,not_tm,arr_tm,hosp_tm,fhevent,hitrun,manncol,milepnt,reljunc,reljuncinter,intersectiontype,funcsystem,landuse,ownership,route,schlbus,spejur,contdev,devfunc,trafid1,trafid2,x,y,wk_zone,vnumber,crashtype,criticalevent,criticaleventcat,spdlim,body,trailer,emerg,hazcargo,leave,mhevent,roadalgn,roadprof,traflane,trafflow,vehmanvr,numoccs,regowner,regstate,spuse,make,model,modelyr,vrf1,vrf2,seqevent1,seqevent2,seqevent3,seqevent4,seqevent5,seqevent6,pnumber,ptype,age,sex,hispanic,race,injury,diedscene,restraint,restraintmisuse,seatpos,takehosp,death_dt,death_tm,cert,cernum_wa,commlic,licendor,licrestrict,liccomp,drivpres,drf1,drf2,drf3,drf4,distract1,distract2,distract3,distract4,distract5,distract6,dricond1,dricond2,dricond3,dricond4,dricond5,dricond6,dzip,licstate,drhgt_in,weight,noncdl,noncdltype,prevdwi,prevoth,prevacc,prevspd,prevsus,driviol1,driviol2,driviol3,driviol4,driviol5,driviol6,spdrel,first_dt,last_dt,airbag,ejection,ejectpath,extricat,injurwrk,methalc,methdrug,nmlocat,strikveh,prf1,prf2,prf3,druginv,alcinvol,drugsts,drugres1,drugres2,drugres3,drugtst1,drugtst2,drugtst3,alcsts,alctst,alcres,nmact1,nmact2,nmact3,nmact4,nmact5,nmact6,nmprior1,nmprior2,nmprior3,nmprior4,nmprior5,nmprior6,nmcond1,nmcond2,nmcond3,nmcond4,nmcond5,nmcond6,nmsafe_helmet,nmsafe_pads,nmsafe_oth,nmprev_ref,nmprev_lgt,nmprev_oth,crashlocation,nmcrashtype,crosswalk,schoolzone,sidewalk,train_inv,wildlife_inv,rotr_fars,intersect_fars,dd_inv,aid_inv,dpd_inv,id_inv,mj_inv,impnm_inv,ainm_inv,dpnm_inv,speed_inv,unlic_inv,unendmc_inv,drowsy_inv,drdist_inv,nmdist_inv,fty_inv,unrestfat_inv,dr1617_inv,dr1820_inv,dr1620_inv,dr2125_inv,dr1625_inv,dr65_inv,dr70_inv,dr75_inv,mc_inv,pv_inv,ht_inv,ped_inv,bike_inv,unrest_fat,mc_fat,unhelmet_mc,pv_fat,ht_fat,ped_fat,bike_fat,dr_alc7,dr_alc8,dr_drug,dr_imp,dr_dist,dr_spd,dr_fty,dr_unlic,dr_alc7only,dr_alc8only,dr_drugonly,dr_drink,nm_imp,nm_alc7,nm_alc8,nm_drug,nm_dist,agegrp1,agegrp2,roadclass,urbrur,dayweek,restuse,vehtype,race_me,intersect,lanedep,oppdir,wrongway,rep_typ,investag,repag_long,rotr,st_rd,cty_rd,city_rd,oth_rd,drug_thc,thc_res,drug_cthc,cthc_res,drug_cann,prevpersemin,prevperse,prevsusoth,drugtst4,drugtst5,drugtst6,drugtst7,drugtst8,drugres4,drugres5,drugres6,drugres7,drugres8,adspresent,adsengaged,adslevel,race1,race2,race3,race4,race5,helmet,helmetmisuse,nmdistract1,nmdistract2,nmdistract3,nmdistract4,nmdistract5,nmdistract6,lab,isedtcase,crf1,crf2,crf3,CoRoadName,CoMP,IntCoRoadName,IntCoMP,zipcode
3057,2020,483,EA88463,288.0,11/05/2020,16:36,5,11,,53,Pierce,2210,2,,1,2,2,1,0,2,2,16:35,16:45,17:45,12,0,2,9999.8,1,0,1,4,2,4,6,0,0,0,0,E VALLEY HWY E,,-122.2269194,47.226808333,0,2,51,62,4,35,6,0,0,1,2,12,2,1,2,1,14,1,1,53,0,63,37,2013,0,,12,,,,,,1,1,40,2,0.0,,2,0,3,0,11,8,,,,,0.0,0.0,0.0,3.0,1,0,,,,96,,,,,,98,,,,,,98360.0,53,63.0,110.0,6.0,1.0,0.0,0.0,1.0,0.0,,0,,,,,,0,06/15/2017,06/15/2017,1,0,0,0,8.0,9,8,,,0,,,8,8,8.0,95.0,,,96.0,,,8,95,995.0,,,,,,,,,,,,,,,,,,,,,,,,,,,,,,0,0,0,0,0,0,0,0,0,0,0,0,0,0,0,0,1,0,0,0,0,0,0,0,0,0,0,0,0,1,0,0,0,0,0,,0,0,0,0,0,0,0,0,0,0,0,0,0,0,0,0,,,,,,36-40,36-45,City street,U,Thursday,Belt Used,PV,Not Fatal,0,1,1,0,City Street,Municipal/City Police,Sumner Police Department,0,0,0,1,0,,,,,,0.0,0.0,0.0,,,,,,,,,,,98.0,98.0,98.0,0.0,,,,,20.0,7.0,,,,,,,,1.0,0.0,,,,,,,98390
3058,2020,484,EA88613,31.0,12/09/2020,0:01,9,12,,45,Mason,0,2,,3,2,2,1,0,1,1,,,,35,0,0,0.1,1,0,1,5,1,2,4,0,0,0,0,CR-E HARSTINE BRIDGE RD,,-122.9304333,47.247066667,0,1,6,12,2,40,4,0,0,1,2,35,2,4,2,1,14,1,1,53,0,41,50,2013,0,,68,64.0,35.0,67.0,30.0,,1,1,24,1,7.0,,4,7,20,7,11,0,12/09/2020,0:01,53057938.0,57938.0,0.0,0.0,0.0,3.0,1,0,,,,96,,,,,,98,,,,,,98584.0,53,66.0,135.0,6.0,1.0,0.0,1.0,0.0,1.0,,0,,,,,,4,10/15/2019,01/15/2020,8,2,1,0,0.0,9,8,,,0,,,8,8,2.0,996.0,996.0,,1.0,1.0,,2,1,0.0,,,,,,,,,,,,,,,,,,,,,,,,,,,,,,0,0,1,0,0,0,1,1,0,0,0,0,1,0,0,0,0,0,0,1,0,0,0,1,1,0,0,0,0,1,0,0,0,1,0,,1,0,0,0,0,0,1,1,0,1,0,0,0,0,1,0,,,,,,21-25,16-25,County road,R,Wednesday,Not Used,PV,AIAN,0,1,0,0,County Road,County Sheriff,Mason County Sheriff's Office,1,0,1,0,0,,,,,,0.0,0.0,1.0,,,,,,,,,,,98.0,98.0,98.0,3.0,,,,,20.0,7.0,,,,,,,,1.0,0.0,,,HARSTINE BRIDGE RD,0.077,,,98584
3059,2020,485,EA88710,41.0,12/02/2020,19:59,2,12,,65,Stevens,0,1,,2,4,2,1,0,1,1,20:03,20:17,20:55,1,0,0,3.0,1,0,1,6,1,2,4,0,0,0,0,CR-ONION CREEK RD,,-117.9150972,48.672325,0,1,2,6,1,50,34,0,0,1,2,1,3,2,2,1,14,1,1,53,0,7,472,1993,0,,63,1.0,42.0,,,,1,1,91,1,7.0,,4,0,20,7,11,5,12/02/2020,21:08,41053056287.0,56287.0,0.0,0.0,0.0,3.0,1,87,,,,96,,,,,,98,,,,,,99114.0,53,72.0,165.0,6.0,1.0,0.0,0.0,0.0,0.0,,0,,,,,,4,,,20,0,0,0,0.0,9,8,,,0,,,8,8,2.0,1.0,,,1.0,,,2,1,0.0,,,,,,,,,,,,,,,,,,,,,,,,,,,,,,0,0,0,0,0,0,0,0,0,0,0,0,1,0,0,0,0,0,0,1,0,0,0,0,0,1,1,1,0,1,0,0,0,1,0,,1,0,0,0,0,0,0,0,0,1,0,0,0,0,0,0,,,,,,81+,76+,County road,R,Wednesday,Not Used,PV,White,0,1,0,0,County Road,County Sheriff,Stevens County Sheriff's Office,1,0,1,0,0,,,,,,0.0,0.0,0.0,,,,,,,,,,,0.0,0.0,0.0,1.0,,,,,20.0,7.0,,,,,,,,1.0,0.0,,,CLUGSTON-ONION CR,3.0,,,
3060,2020,486,EA88835,6.0,10/26/2020,17:58,26,10,,25,Grant,0,10,,3,1,2,1,0,2,2,,,,12,0,6,25.3,2,0,2,3,1,1,3,0,0,20,3,SR-26,SR-262,-119.4753278,46.862530556,0,1,86,17,2,98,4,0,0,1,2,12,1,1,2,1,1,1,2,53,0,49,40,1997,0,,12,,,,,,1,1,31,1,1.0,,4,7,99,7,11,0,10/26/2020,17:58,53050711.0,50711.0,0.0,0.0,0.0,0.0,1,39,,,,96,,,,,,9,,,,,,98344.0,53,,999.0,0.0,0.0,1.0,1.0,0.0,0.0,,0,,,,,,0,07/15/2017,07/15/2017,8,0,0,0,0.0,1,8,,,0,,,8,1,8.0,95.0,,,96.0,,,2,1,0.2,,,,,,,,,,,,,,,,,,,,,,,,,,,,,,0,0,0,1,1,1,0,1,0,0,0,0,0,1,0,0,0,0,0,0,0,0,0,0,0,0,0,0,0,1,1,0,0,0,0,,1,0,0,0,0,1,0,1,0,0,0,1,0,1,0,1,,,,,,31-35,26-35,State route,R,Monday,Unknown,PV,Hispanic,1,0,0,0,State Route,State Patrol,Washington State Patrol,0,1,0,0,0,,,,,,0.0,1.0,0.0,,,,,,,,,,,0.0,0.0,0.0,298.0,,,,,20.0,7.0,,,,,,,,1.0,0.0,,,,,,,99357
3061,2020,486,EA88835,6.0,10/26/2020,17:58,26,10,,25,Grant,0,10,,3,1,2,1,0,2,2,,,,12,0,6,25.3,2,0,2,3,1,1,3,0,0,0,0,SR-26,SR-262,-119.4753278,46.862530556,0,2,87,66,4,98,66,2,0,1,5,12,1,1,3,1,1,1,3,53,0,85,881,2020,0,,12,,,,,,1,1,45,1,0.0,,0,0,3,0,11,0,,,,,6.0,1.0,0.0,3.0,1,0,,,,96,,,,,,0,,,,,,98837.0,53,68.0,150.0,6.0,1.0,0.0,0.0,0.0,0.0,,0,,,,,,0,,,20,0,0,0,8.0,9,8,,,0,,,8,8,8.0,95.0,,,96.0,,,8,95,995.0,,,,,,,,,,,,,,,,,,,,,,,,,,,,,,0,0,0,1,1,1,0,1,0,0,0,0,0,1,0,0,0,0,0,0,0,0,0,0,0,0,0,0,0,1,1,0,0,0,0,,0,0,0,0,0,0,0,0,0,0,0,0,0,0,0,0,,,,,,41-45,36-45,State route,R,Monday,,MHTRUCK,Not Fatal,1,0,0,0,State Route,State Patrol,Washington State Patrol,0,1,0,0,0,,,,,,0.0,0.0,0.0,,,,,,,,,,,98.0,98.0,98.0,0.0,,,,,20.0,7.0,,,,,,,,1.0,0.0,,,,,,,99357
3062,2020,487,EA88903,2.0,12/07/2020,17:10,7,12,,73,Whatcom,0,2,,2,2,2,1,1,1,1,,,,8,0,0,1.3,1,0,1,5,1,2,4,0,0,0,0,CR-ENTERPRISE RD,,-122.5745917,48.924491667,0,1,13,80,5,50,34,0,0,1,5,8,1,1,2,1,1,1,2,53,0,7,472,2000,0,,8,,,,,,1,1,55,1,0.0,,0,0,3,0,11,0,,,,,0.0,0.0,0.0,3.0,1,0,,,,96,,,,,,0,,,,,,98248.0,53,69.0,150.0,6.0,1.0,0.0,1.0,0.0,0.0,,0,,,,,,0,04/15/2016,04/15/2016,20,0,0,0,8.0,3,2,,,0,,,8,8,8.0,95.0,,,96.0,,,2,98,997.0,,,,,,,,,,,,,,,,,,,,,,,,,,,,,,0,0,0,0,0,0,0,0,0,1,0,1,0,0,0,0,0,1,0,0,0,0,0,0,0,0,0,0,0,1,0,1,0,0,0,,0,0,0,0,0,0,0,0,0,0,0,0,0,0,0,0,,,,,,51-55,46-55,County road,R,Monday,Belt Used,PV,Not Fatal,0,0,0,0,County Road,State Patrol,Washington State Patrol,0,0,1,0,0,,,,,,0.0,0.0,0.0,,,,,,,,,,,98.0,98.0,98.0,0.0,,,,,20.0,7.0,,,,,,,,1.0,0.0,,,ENTERPRISE RD N,1.25,,,98248
3063,2020,488,EA89281,8.0,12/08/2020,2:01,8,12,,45,Mason,0,2,,2,2,2,1,0,2,1,2:00,2:13,2:40,42,0,0,338.6,1,0,1,3,1,1,2,0,0,0,0,US-101,,-123.1815028,47.299191667,0,1,1,9,1,55,2,0,0,1,2,42,1,2,2,1,1,2,1,53,0,54,37,1999,0,,63,42.0,,,,,1,1,56,1,7.0,,4,7,20,7,11,0,12/08/2020,2:01,53057321.0,57321.0,6.0,0.0,3.0,3.0,1,0,,,,96,,,,,,9,,,,,,98584.0,53,70.0,180.0,6.0,8.0,1.0,0.0,0.0,2.0,,0,,,,,,0,05/15/2017,12/15/2019,1,0,0,0,0.0,9,8,,,0,,,8,1,2.0,401.0,417.0,,1.0,1.0,,2,1,0.334,,,,,,,,,,,,,,,,,,,,,,,,,,,,,,0,0,1,0,1,1,1,1,0,0,0,0,0,0,0,0,0,0,0,1,0,0,0,0,0,0,0,0,0,1,0,0,0,1,0,,1,0,0,0,0,1,1,1,0,0,0,0,0,0,0,1,,,,,,56-60,56-65,US highway,R,Tuesday,Not Used,PV,White,0,1,0,0,State Route,State Patrol,Washington State Patrol,1,1,0,0,0,,,,,,0.0,1.0,2.0,,,,,,,,,,,0.0,0.0,0.0,1.0,,,,,20.0,7.0,,,,,,,,1.0,0.0,,,,,,,98584
3064,2020,489,EA89307,52.0,12/14/2020,15:38,14,12,,57,Skagit,50,1,,1,1,2,1,1,1,1,15:37,15:45,15:52,8,0,0,3.5,3,0,2,3,2,1,3,0,0,3,3,SR-20,22ND ST,-122.6127167,48.504516667,0,1,13,80,5,25,34,0,0,1,5,8,1,2,3,1,11,1,1,53,0,20,481,2001,0,,8,,,,,,1,1,66,8,0.0,,0,0,3,0,11,0,,,,,0.0,0.0,3.0,3.0,1,10,38.0,,,0,,,,,,0,,,,,,98221.0,53,69.0,240.0,6.0,1.0,0.0,0.0,0.0,0.0,,46,,,,,,0,,,20,0,0,0,8.0,9,8,,,0,,,8,8,0.0,0.0,,,0.0,,,0,0,996.0,,,,,,,,,,,,,,,,,,,,,,,,,,,,,,0,0,0,1,0,0,0,0,0,1,0,1,0,0,0,0,0,0,1,0,0,0,0,0,0,1,0,0,0,1,0,1,0,0,0,,0,0,0,0,0,0,0,0,0,0,1,0,0,0,0,0,,,,,,66-70,66-75,State route,U,Monday,Belt Used,PV,Not Fatal,1,0,0,0,State Route,Municipal/City Police,Anacortes Police Department,0,1,0,0,0,,,,,,0.0,0.0,0.0,,,,,,,,,,,98.0,98.0,98.0,0.0,,,,,20.0,7.0,,,,,,,,1.0,0.0,,,,,,,98221
3065,2020,490,EA87538,263.0,12/08/2020,10:30,8,12,,33,King,1960,2,,1,2,2,1,1,1,1,,,,8,0,0,0.0,3,0,2,4,2,4,6,0,0,20,3,QUEEN ANNE AVE N,W BLAINE ST,-122.3569806,47.634744444,0,1,13,80,5,25,34,0,0,1,5,8,1,1,2,1,11,1,3,53,0,20,481,2014,0,,8,,,,,,1,1,27,1,0.0,,0,0,3,0,11,0,,,,,0.0,0.0,3.0,3.0,1,10,38.0,,,0,,,,,,0,,,,,,98115.0,53,77.0,215.0,6.0,1.0,0.0,0.0,0.0,3.0,,46,,,,,,0,10/15/2019,10/15/2020,20,0,0,0,8.0,3,2,,,0,,,0,8,0.0,0.0,,,0.0,,,0,0,996.0,,,,,,,,,,,,,,,,,,,,,,,,,,,,,,0,0,0,1,0,0,0,0,0,1,0,1,0,0,0,0,0,0,1,0,0,0,0,0,0,0,0,0,0,1,0,1,0,0,0,,0,0,0,0,0,0,0,0,0,0,1,0,0,0,0,0,,,,,,26-30,26-35,City street,U,Tuesday,Belt Used,PV,Not Fatal,1,0,0,0,City Street,Municipal/City Police,Seattle Police Department,0,0,0,1,0,,,,,,0.0,0.0,0.0,,,,,,,,,,,98.0,98.0,98.0,0.0,,,,,20.0,7.0,,,,,,,,1.0,0.0,,,,,,,98119
3066,2020,491,EA89833,2.0,12/14/2020,17:32,14,12,,29,Island,0,1,,2,2,2,1,0,1,1,,,,1,0,0,36.8,1,0,1,3,2,1,3,0,0,0,0,SR-20,,-122.6176139,48.358061111,0,1,1,13,2,50,4,0,0,1,2,1,3,2,2,1,14,1,1,53,0,37,31,2001,0,,63,1.0,,,,,1,1,43,2,7.0,,4,7,3,0,11,0,12/14/2020,17:32,53058825.0,58825.0,0.0,0.0,3.0,3.0,1,0,,,,92,,,,,,98,,,,,,98277.0,53,68.0,180.0,6.0,1.0,0.0,0.0,0.0,0.0,,0,,,,,,0,,,20,0,0,0,0.0,9,8,,,0,,,8,8,8.0,95.0,,,96.0,,,8,95,995.0,,,,,,,,,,,,,,,,,,,,,,,,,,,,,,0,0,1,0,0,0,0,0,0,0,0,0,0,0,0,0,1,0,0,0,0,0,0,0,0,0,0,0,0,1,0,0,0,0,0,,1,0,0,0,0,0,0,0,1,0,0,0,0,0,0,0,,,,,,41-45,36-45,State route,U,Monday,Belt Used,PV,White,0,1,0,0,State Route,State Patrol,Washington State Patrol,1,1,0,0,0,,,,,,0.0,0.0,0.0,,,,,,,,,,,98.0,98.0,98.0,1.0,,,,,20.0,7.0,,,,,,,,1.0,0.0,,,,,,,98277
3067,2020,492,EA90144,1.0,12/10/2020,15:30,10,12,,21,Franklin,1660,10,,1,1,2,1,0,6,5,15:32,15:53,,12,0,2,13.5,5,1,1,1,2,1,1,0,0,0,0,I-182,,-119.1003083,46.248655556,0,1,52,54,3,98,34,0,0,1,2,12,2,1,1,6,98,1,3,53,0,7,482,2016,0,,12,,,,,,1,1,79,1,7.0,,4,7,3,0,11,0,12/10/2020,15:30,166053058103.0,58103.0,6.0,0.0,0.0,3.0,1,51,,,,96,,,,,,0,,,,,,99349.0,53,68.0,210.0,6.0,1.0,0.0,1.0,1.0,0.0,,0,,,,,,0,02/15/2019,02/15/2019,8,0,0,0,0.0,9,8,,,0,,,8,8,0.0,0.0,,,0.0,,,0,0,996.0,,,,,,,,,,,,,,,,,,,,,,,,,,,,,,0,0,0,0,0,0,0,0,0,0,0,0,0,0,0,0,0,0,0,0,0,0,0,0,0,1,1,1,0,1,1,0,0,0,0,,1,0,0,0,0,0,0,0,0,0,0,0,0,0,0,0,,,,,,76-80,76+,Interstate,U,Thursday,Belt Used,PV,White,0,0,0,1,State Route,State Patrol,Washington State Patrol,0,1,0,0,0,,,,,,0.0,0.0,0.0,,,,,,,,,,,98.0,98.0,98.0,1.0,,,,,20.0,7.0,,,,,,,,1.0,14.0,,,,,,,99301
3068,2020,492,EA90144,1.0,12/10/2020,15:30,10,12,,21,Franklin,1660,10,,1,1,2,1,0,6,5,15:32,15:53,,12,0,2,13.5,5,1,1,1,2,1,1,0,0,0,0,I-182,,-119.1003083,46.248655556,0,2,52,63,4,60,66,1,0,1,2,12,3,1,2,3,14,1,3,53,0,86,881,2021,0,,12,12.0,54.0,54.0,,,1,1,51,1,0.0,,0,0,3,0,11,0,,,,,6.0,1.0,0.0,3.0,1,0,,,,96,,,,,,0,,,,,,99336.0,53,63.0,160.0,6.0,1.0,0.0,0.0,0.0,0.0,,0,,,,,,0,,,20,0,0,0,8.0,3,2,,,0,,,8,8,0.0,0.0,,,0.0,,,0,0,996.0,,,,,,,,,,,,,,,,,,,,,,,,,,,,,,0,0,0,0,0,0,0,0,0,0,0,0,0,0,0,0,0,0,0,0,0,0,0,0,0,1,1,1,0,1,1,0,0,0,0,,0,0,0,0,0,0,0,0,0,0,0,0,0,0,0,0,,,,,,51-55,46-55,Interstate,U,Thursday,,MHTRUCK,Not Fatal,0,0,0,1,State Route,State Patrol,Washington State Patrol,0,1,0,0,0,,,,,,0.0,0.0,0.0,,,,,,,,,,,98.0,98.0,98.0,0.0,,,,,20.0,7.0,,,,,,,,1.0,14.0,,,,,,,99301
3069,2020,492,EA90144,1.0,12/10/2020,15:30,10,12,,21,Franklin,1660,10,,1,1,2,1,0,6,5,15:32,15:53,,12,0,2,13.5,5,1,1,1,2,1,1,0,0,0,0,I-182,,-119.1003083,46.248655556,0,3,98,61,4,60,34,0,0,1,2,12,3,1,2,3,14,1,1,53,0,7,472,2006,0,,12,64.0,57.0,,,,1,1,44,1,0.0,,1,0,3,0,11,0,,,,,0.0,0.0,0.0,3.0,1,0,,,,96,,,,,,0,,,,,,99301.0,53,69.0,200.0,6.0,1.0,0.0,1.0,0.0,2.0,,0,,,,,,0,04/15/2016,11/15/2019,8,0,0,0,8.0,3,2,,,0,,,8,8,0.0,0.0,,,0.0,,,0,0,996.0,,,,,,,,,,,,,,,,,,,,,,,,,,,,,,0,0,0,0,0,0,0,0,0,0,0,0,0,0,0,0,0,0,0,0,0,0,0,0,0,1,1,1,0,1,1,0,0,0,0,,0,0,0,0,0,0,0,0,0,0,0,0,0,0,0,0,,,,,,41-45,36-45,Interstate,U,Thursday,Belt Used,PV,Not Fatal,0,0,0,1,State Route,State Patrol,Washington State Patrol,0,1,0,0,0,,,,,,0.0,0.0,0.0,,,,,,,,,,,98.0,98.0,98.0,0.0,,,,,20.0,7.0,,,,,,,,1.0,14.0,,,,,,,99301
3070,2020,492,EA90144,1.0,12/10/2020,15:30,10,12,,21,Franklin,1660,10,,1,1,2,1,0,6,5,15:32,15:53,,12,0,2,13.5,5,1,1,1,2,1,1,0,0,0,0,I-182,,-119.1003083,46.248655556,0,4,98,90,6,60,4,0,0,1,2,54,2,1,2,3,14,2,1,53,0,34,34,2009,0,,54,,,,,,1,1,46,1,0.0,,0,0,3,0,11,0,,,,,6.0,0.0,0.0,3.0,1,0,,,,96,,,,,,0,,,,,,99301.0,53,69.0,200.0,6.0,1.0,0.0,0.0,0.0,0.0,,0,,,,,,0,,,20,0,0,0,8.0,9,8,,,0,,,8,8,0.0,0.0,,,0.0,,,0,0,996.0,,,,,,,,,,,,,,,,,,,,,,,,,,,,,,0,0,0,0,0,0,0,0,0,0,0,0,0,0,0,0,0,0,0,0,0,0,0,0,0,1,1,1,0,1,1,0,0,0,0,,0,0,0,0,0,0,0,0,0,0,0,0,0,0,0,0,,,,,,46-50,46-55,Interstate,U,Thursday,Belt Used,PV,Not Fatal,0,0,0,1,State Route,State Patrol,Washington State Patrol,0,1,0,0,0,,,,,,0.0,0.0,0.0,,,,,,,,,,,98.0,98.0,98.0,0.0,,,,,20.0,7.0,,,,,,,,1.0,14.0,,,,,,,99301
3071,2020,492,EA90144,1.0,12/10/2020,15:30,10,12,,21,Franklin,1660,10,,1,1,2,1,0,6,5,15:32,15:53,,12,0,2,13.5,5,1,1,1,2,1,1,0,0,0,0,I-182,,-119.1003083,46.248655556,0,5,98,90,6,60,4,0,0,1,5,54,2,1,2,3,14,1,1,53,0,49,40,2007,0,,54,,,,,,1,1,38,1,0.0,,0,0,3,0,11,0,,,,,0.0,0.0,0.0,3.0,1,0,,,,96,,,,,,0,,,,,,99301.0,53,68.0,145.0,6.0,1.0,0.0,0.0,0.0,0.0,,0,,,,,,0,,,20,0,0,0,8.0,9,8,,,0,,,8,8,0.0,0.0,,,0.0,,,0,0,996.0,,,,,,,,,,,,,,,,,,,,,,,,,,,,,,0,0,0,0,0,0,0,0,0,0,0,0,0,0,0,0,0,0,0,0,0,0,0,0,0,1,1,1,0,1,1,0,0,0,0,,0,0,0,0,0,0,0,0,0,0,0,0,0,0,0,0,,,,,,36-40,36-45,Interstate,U,Thursday,Belt Used,PV,Not Fatal,0,0,0,1,State Route,State Patrol,Washington State Patrol,0,1,0,0,0,,,,,,0.0,0.0,0.0,,,,,,,,,,,98.0,98.0,98.0,0.0,,,,,20.0,7.0,,,,,,,,1.0,14.0,,,,,,,99301
3072,2020,493,EA90535,19.0,12/09/2020,21:35,9,12,,21,Franklin,0,5,,2,4,2,1,0,1,1,21:47,21:59,,35,0,0,7.9,1,0,1,5,1,2,4,0,0,0,0,CR-PASCO KAHLOTUS RD,,-118.9120444,46.284355556,0,1,2,10,2,55,34,0,0,1,2,35,1,2,2,1,1,1,1,53,0,23,481,2009,0,,68,68.0,63.0,35.0,1.0,,1,1,37,1,7.0,,4,7,20,7,11,0,12/09/2020,21:35,53058299.0,58299.0,0.0,0.0,0.0,3.0,1,58,87.0,,,96,,,,,,9,,,,,,99301.0,53,71.0,165.0,6.0,1.0,1.0,0.0,0.0,0.0,,0,,,,,,3,12/15/2017,12/15/2017,20,1,9,0,0.0,1,8,,,0,,,8,1,8.0,95.0,,,96.0,,,2,1,0.17,,,,,,,,,,,,,,,,,,,,,,,,,,,,,,0,0,0,0,1,1,0,1,0,0,0,0,1,0,0,0,0,0,0,1,0,0,0,0,0,0,0,0,0,1,0,0,0,1,0,,1,0,0,0,0,1,0,1,0,1,0,0,0,1,0,1,,,,,,36-40,36-45,County road,R,Wednesday,Not Used,PV,White,0,1,0,0,County Road,County Sheriff,Franklin County Sheriff's Office,1,0,1,0,0,,,,,,0.0,1.0,0.0,,,,,,,,,,,98.0,98.0,98.0,1.0,,,,,20.0,7.0,,,,,,,,1.0,0.0,,,PASCO-KAHLOTUS ROAD,7.85,,,99301
3073,2020,494,EA90642,2.0,12/04/2020,15:18,4,12,,61,Snohomish,690,1,,1,1,2,1,0,2,2,15:17,15:27,15:42,12,0,7,187.4,1,0,1,1,2,1,1,0,0,0,0,I-5,,-122.2195417,47.892277778,0,1,47,10,2,60,80,0,0,1,2,12,1,1,4,3,15,1,1,53,0,98,706,2019,0,,12,,,,,,1,1,63,2,7.0,,4,0,20,7,11,5,12/12/2020,22:52,69053059444.0,59444.0,0.0,0.0,3.0,3.0,1,35,,,,96,,,,,,98,,,,,,98208.0,53,69.0,195.0,6.0,1.0,0.0,0.0,0.0,0.0,,0,,,,,,0,,,20,8,0,0,0.0,9,8,,,0,,,8,8,0.0,0.0,,,0.0,,,0,0,996.0,,,,,,,,,,,,,,,,,,,,,,,,,,,,,,0,0,0,0,0,0,0,0,0,0,0,0,0,0,0,0,0,0,0,0,0,0,0,0,0,0,0,0,1,1,0,0,0,0,1,0.0,0,0,0,0,0,0,0,0,0,0,0,0,0,0,0,0,,,,,,61-65,56-65,Interstate,U,Friday,,MC,White,0,0,0,0,State Route,State Patrol,Washington State Patrol,0,1,0,0,0,,,,,,0.0,0.0,0.0,,,,,,,,,,,0.0,0.0,0.0,1.0,,,,,5.0,0.0,,,,,,,,1.0,0.0,,,,,,,98204
3074,2020,494,EA90642,2.0,12/04/2020,15:18,4,12,,61,Snohomish,690,1,,1,1,2,1,0,2,2,15:17,15:27,15:42,12,0,7,187.4,1,0,1,1,2,1,1,0,0,0,0,I-5,,-122.2195417,47.892277778,0,2,45,60,4,60,4,0,0,1,5,12,1,1,4,3,15,1,1,53,0,19,21,2005,0,,12,,,,,,1,1,58,1,0.0,,0,0,3,0,11,0,,,,,0.0,0.0,0.0,3.0,1,0,,,,96,,,,,,0,,,,,,98223.0,53,67.0,200.0,6.0,1.0,0.0,1.0,2.0,1.0,,0,,,,,,0,07/15/2016,06/15/2019,20,0,0,0,8.0,9,8,,,0,,,8,8,0.0,0.0,,,0.0,,,0,0,996.0,,,,,,,,,,,,,,,,,,,,,,,,,,,,,,0,0,0,0,0,0,0,0,0,0,0,0,0,0,0,0,0,0,0,0,0,0,0,0,0,0,0,0,1,1,0,0,0,0,0,,0,0,0,0,0,0,0,0,0,0,0,0,0,0,0,0,,,,,,56-60,56-65,Interstate,U,Friday,Belt Used,PV,Not Fatal,0,0,0,0,State Route,State Patrol,Washington State Patrol,0,1,0,0,0,,,,,,0.0,0.0,0.0,,,,,,,,,,,98.0,98.0,98.0,0.0,,,,,20.0,7.0,,,,,,,,1.0,0.0,,,,,,,98204
3075,2020,495,EA85731,2.0,11/29/2020,17:12,29,11,,73,Whatcom,0,1,,2,1,2,1,1,2,1,,,,8,0,0,0.9,1,0,1,6,1,2,4,0,3,0,0,CR-SLATER RD,,-122.6892917,48.819527778,0,1,13,80,5,25,34,0,0,1,5,8,1,1,2,1,1,2,1,53,0,20,481,2002,0,,8,,,,,,1,1,44,1,0.0,,0,0,3,0,11,0,,,,,0.0,0.0,2.0,2.0,1,74,,,,96,,,,,,0,,,,,,98148.0,53,65.0,130.0,1.0,1.0,0.0,1.0,0.0,0.0,,71,89.0,,,,,0,02/15/2017,08/15/2018,20,0,0,0,8.0,9,8,,,0,,,8,8,0.0,0.0,,,0.0,,,0,0,996.0,,,,,,,,,,,,,,,,,,,,,,,,,,,,,,0,0,0,0,0,0,0,0,0,0,0,0,0,1,0,0,0,0,0,0,0,0,0,0,0,0,0,0,0,1,0,1,0,0,0,,0,0,0,0,0,0,0,0,0,0,0,1,0,0,0,0,,,,,,41-45,36-45,County road,R,Sunday,Belt Used,PV,Not Fatal,0,0,0,0,County Road,State Patrol,Washington State Patrol,0,0,1,0,0,,,,,,0.0,0.0,1.0,,,,,,,,,,,98.0,98.0,98.0,0.0,,,,,20.0,7.0,,,,,,,,1.0,0.0,,,SLATER RD,0.89,,,98248