,year,case,par,repjur,crash_dt,crash_tm,accday,accmon,holiday,county,co_char,city,weather,weather2,lightcond,surfcond,surftype,numfatal,nmforms,pforms,vforms,not_tm,arr_tm,hosp_tm,fhevent,hitrun,manncol,milepnt,reljunc,reljuncinter,intersectiontype,funcsystem,landuse,ownership,route,schlbus,spejur,contdev,devfunc,trafid1,trafid2,x,y,wk_zone,vnumber,crashtype,criticalevent,criticaleventcat,spdlim,body,trailer,emerg,hazcargo,leave,mhevent,roadalgn,roadprof,traflane,trafflow,vehmanvr,numoccs,regowner,regstate,spuse,make,model,modelyr,vrf1,vrf2,seqevent1,seqevent2,seqevent3,seqevent4,seqevent5,seqevent6,pnumber,ptype,age,sex,hispanic,race,injury,diedscene,restraint,restraintmisuse,seatpos,takehosp,death_dt,death_tm,cert,cernum_wa,commlic,licendor,licrestrict,liccomp,drivpres,drf1,drf2,drf3,drf4,distract1,distract2,distract3,distract4,distract5,distract6,dricond1,dricond2,dricond3,dricond4,dricond5,dricond6,dzip,licstate,drhgt_in,weight,noncdl,noncdltype,prevdwi,prevoth,prevacc,prevspd,prevsus,driviol1,driviol2,driviol3,driviol4,driviol5,driviol6,spdrel,first_dt,last_dt,airbag,ejection,ejectpath,extricat,injurwrk,methalc,methdrug,nmlocat,strikveh,prf1,prf2,prf3,druginv,alcinvol,drugsts,drugres1,drugres2,drugres3,drugtst1,drugtst2,drugtst3,alcsts,alctst,alcres,nmact1,nmact2,nmact3,nmact4,nmact5,nmact6,nmprior1,nmprior2,nmprior3,nmprior4,nmprior5,nmprior6,nmcond1,nmcond2,nmcond3,nmcond4,nmcond5,nmcond6,nmsafe_helmet,nmsafe_pads,nmsafe_oth,nmprev_ref,nmprev_lgt,nmprev_oth,crashlocation,nmcrashtype,crosswalk,schoolzone,sidewalk,train_inv,wildlife_inv,rotr_fars,intersect_fars,dd_inv,aid_inv,dpd_inv,id_inv,mj_inv,impnm_inv,ainm_inv,dpnm_inv,speed_inv,unlic_inv,unendmc_inv,drowsy_inv,drdist_inv,nmdist_inv,fty_inv,unrestfat_inv,dr1617_inv,dr1820_inv,dr1620_inv,dr2125_inv,dr1625_inv,dr65_inv,dr70_inv,dr75_inv,mc_inv,pv_inv,ht_inv,ped_inv,bike_inv,unrest_fat,mc_fat,unhelmet_mc,pv_fat,ht_fat,ped_fat,bike_fat,dr_alc7,dr_alc8,dr_drug,dr_imp,dr_dist,dr_spd,dr_fty,dr_unlic,dr_alc7only,dr_alc8only,dr_drugonly,dr_drink,nm_imp,nm_alc7,nm_alc8,nm_drug,nm_dist,agegrp1,agegrp2,roadclass,urbrur,dayweek,restuse,vehtype,race_me,intersect,lanedep,oppdir,wrongway,rep_typ,investag,repag_long,rotr,st_rd,cty_rd,city_rd,oth_rd,drug_thc,thc_res,drug_cthc,cthc_res,drug_cann,prevpersemin,prevperse,prevsusoth,drugtst4,drugtst5,drugtst6,drugtst7,drugtst8,drugres4,drugres5,drugres6,drugres7,drugres8,adspresent,adsengaged,adslevel,race1,race2,race3,race4,race5,helmet,helmetmisuse,nmdistract1,nmdistract2,nmdistract3,nmdistract4,nmdistract5,nmdistract6,lab,isedtcase,crf1,crf2,crf3,CoRoadName,CoMP,IntCoRoadName,IntCoMP,zipcode
3076,2020,496,EA90757,290.0,12/19/2020,0:40,19,12,,53,Pierce,2230,2,,3,2,2,1,1,1,1,,,,8,1,0,0.0,2,0,3,3,2,4,6,0,0,0,0,S 72ND ST,S I St,-122.4455806,47.191916667,0,1,13,80,5,35,99,0,0,1,5,8,1,1,4,1,1,99,9,99,0,99,999,9999,0,,8,,,,,,1,1,999,9,0.0,,9,0,99,7,11,0,,,,,99.0,9.0,9.0,9.0,1,0,,,,96,,,,,,98,,,,,,99999.0,99,,999.0,9.0,9.0,99.0,99.0,99.0,99.0,,0,,,,,,0,,,99,0,0,0,8.0,9,8,,,0,,,8,8,0.0,0.0,,,0.0,,,0,0,996.0,,,,,,,,,,,,,,,,,,,,,,,,,,,,,,0,0,0,1,0,0,0,0,0,0,0,0,0,0,0,0,0,0,0,0,0,0,0,0,0,0,0,0,0,0,0,1,0,0,0,,0,0,0,0,0,0,0,0,0,0,0,0,0,0,0,0,,,,,,,,City street,U,Saturday,,NR-U,Not Fatal,1,0,0,0,City Street,Municipal/City Police,Tacoma Police Department,0,0,0,1,0,,,,,,99.0,99.0,99.0,,,,,,,,,,,98.0,98.0,98.0,0.0,,,,,20.0,7.0,,,,,,,,1.0,0.0,,,,,,,98408
3077,2020,497,EA91148,290.0,12/20/2020,1:13,20,12,,53,Pierce,2230,2,,3,2,2,1,0,4,1,1:43,2:00,2:33,30,0,0,7.2,1,0,1,4,2,1,3,0,3,0,0,SR-509,,-122.4052944,47.284608333,0,1,6,12,2,35,3,0,0,1,2,30,2,1,2,1,14,4,2,53,0,30,42,2008,0,,68,64.0,30.0,1.0,2.0,,1,1,18,1,0.0,,2,0,3,0,11,5,,,,,0.0,0.0,3.0,3.0,1,0,,,,96,,,,,,9,,,,,,98042.0,53,71.0,155.0,6.0,1.0,1.0,1.0,2.0,0.0,,97,,,,,,0,06/15/2018,06/15/2019,8,0,0,0,8.0,9,8,,,0,,,1,8,8.0,95.0,,,96.0,,,8,95,995.0,,,,,,,,,,,,,,,,,,,,,,,,,,,,,,0,0,1,0,0,0,0,0,0,0,0,0,0,0,0,0,0,0,0,1,0,1,1,0,1,0,0,0,0,1,0,0,0,0,0,,0,0,0,0,0,0,0,0,0,0,0,0,0,0,0,0,,,,,,18-20,16-25,State route,U,Sunday,Belt Used,PV,Not Fatal,0,1,0,0,State Route,Municipal/City Police,Tacoma Police Department,1,1,0,0,0,,,,,,0.0,0.0,0.0,,,,,,,,,,,98.0,98.0,98.0,0.0,,,,,20.0,7.0,,,,,,,,1.0,0.0,,,,,,,98422
3078,2020,498,EA83726,163.0,11/20/2020,12:33,20,11,,33,King,1050,1,,1,2,2,1,0,3,2,12:39,12:40,13:09,12,0,6,0.0,2,0,3,3,2,4,6,0,0,20,3,124TH AVE NE,NE 104TH ST,-122.1757667,47.693169444,0,1,82,15,2,35,4,0,0,1,5,12,1,1,3,1,11,1,2,53,0,37,38,2018,0,,12,,,,,,1,1,18,1,0.0,,0,0,3,0,11,0,,,,,0.0,0.0,0.0,3.0,1,48,,,,96,,,,,,0,,,,,,98005.0,53,72.0,165.0,6.0,2.0,0.0,0.0,0.0,1.0,,46,,,,,,0,08/15/2019,08/15/2019,8,0,0,0,8.0,9,8,,,0,,,8,8,0.0,0.0,,,0.0,,,0,0,996.0,,,,,,,,,,,,,,,,,,,,,,,,,,,,,,0,0,0,1,0,0,0,0,0,0,0,0,0,0,0,0,0,0,0,0,0,1,1,0,1,1,1,1,0,1,0,0,0,0,0,,0,0,0,0,0,0,0,0,0,0,0,0,0,0,0,0,,,,,,18-20,16-25,City street,U,Friday,Belt Used,PV,Not Fatal,1,0,0,0,City Street,Municipal/City Police,Kirkland Police Department,0,0,0,1,0,,,,,,0.0,0.0,0.0,,,,,,,,,,,98.0,98.0,98.0,0.0,,,,,20.0,7.0,,,,,,,,1.0,0.0,,,,,,,98033
3079,2020,498,EA83726,163.0,11/20/2020,12:33,20,11,,33,King,1050,1,,1,2,2,1,0,3,2,12:39,12:40,13:09,12,0,6,0.0,2,0,3,3,2,4,6,0,0,0,0,124TH AVE NE,NE 104TH ST,-122.1757667,47.693169444,0,2,83,67,4,35,4,0,0,1,5,12,1,1,3,5,1,2,1,53,0,37,32,2010,0,,12,68.0,64.0,38.0,,,1,1,80,2,0.0,,2,0,3,0,11,4,,,,,0.0,0.0,0.0,3.0,1,0,,,,96,,,,,,0,,,,,,98012.0,53,62.0,120.0,6.0,1.0,0.0,0.0,0.0,0.0,,0,,,,,,0,,,1,0,0,0,8.0,9,8,,,0,,,8,8,0.0,0.0,,,0.0,,,0,0,996.0,,,,,,,,,,,,,,,,,,,,,,,,,,,,,,0,0,0,1,0,0,0,0,0,0,0,0,0,0,0,0,0,0,0,0,0,1,1,0,1,1,1,1,0,1,0,0,0,0,0,,0,0,0,0,0,0,0,0,0,0,0,0,0,0,0,0,,,,,,76-80,76+,City street,U,Friday,Belt Used,PV,Not Fatal,1,0,0,0,City Street,Municipal/City Police,Kirkland Police Department,0,0,0,1,0,,,,,,0.0,0.0,0.0,,,,,,,,,,,98.0,98.0,98.0,0.0,,,,,20.0,7.0,,,,,,,,1.0,0.0,,,,,,,98033
3080,2020,499,EA87920,184.0,12/02/2020,14:20,2,12,,61,Snohomish,590,1,,1,1,2,1,1,1,1,14:22,14:26,14:49,8,1,0,39.0,3,0,2,3,2,1,3,0,0,3,3,SR-99,174TH PL SW,-122.2979389,47.841044444,0,1,13,80,5,45,14,0,0,1,2,8,1,1,3,1,11,1,2,53,0,2,404,2013,0,,8,,,,,,1,1,20,2,0.0,,0,0,3,0,11,0,,,,,0.0,0.0,0.0,0.0,1,0,,,,96,,,,,,98,,,,,,98101.0,53,65.0,126.0,0.0,0.0,0.0,0.0,0.0,0.0,,0,,,,,,0,,,20,0,0,0,8.0,9,8,,,0,,,8,8,8.0,95.0,,,96.0,,,8,95,995.0,,,,,,,,,,,,,,,,,,,,,,,,,,,,,,0,0,0,1,0,0,0,0,0,1,0,1,0,1,0,0,0,0,0,0,0,1,1,0,1,0,0,0,0,1,0,1,0,0,0,,0,0,0,0,0,0,0,0,0,0,0,1,0,0,0,0,,,,,,18-20,16-25,State route,U,Wednesday,Belt Used,PV,Not Fatal,1,0,0,0,State Route,Municipal/City Police,Lynnwood Police Department,0,1,0,0,0,,,,,,0.0,0.0,0.0,,,,,,,,,,,98.0,98.0,98.0,0.0,,,,,20.0,7.0,,,,,,,,1.0,0.0,,,,,,,98037
3081,2020,500,EA89052,26.0,12/11/2020,0:54,11,12,,35,Kitsap,0,1,,2,2,2,1,0,3,1,0:57,1:13,1:56,1,0,0,3.5,1,0,1,5,1,2,4,0,0,0,0,CR-BANNER RD SE,,-122.5458667,47.463763889,0,1,6,9,1,45,4,0,0,1,5,1,1,2,2,1,1,3,1,53,0,55,35,2009,0,,68,64.0,1.0,,,,1,1,19,1,0.0,,3,0,99,7,11,0,,,,,0.0,0.0,0.0,3.0,1,0,,,,96,,,,,,9,,,,,,98366.0,53,75.0,160.0,6.0,1.0,0.0,0.0,0.0,1.0,,97,,,,,,4,09/15/2020,09/15/2020,20,0,0,0,8.0,9,8,,,0,,,8,1,8.0,95.0,,,96.0,,,8,95,995.0,,,,,,,,,,,,,,,,,,,,,,,,,,,,,,0,0,1,0,1,0,0,0,0,0,0,0,1,0,0,0,0,0,0,0,0,1,1,0,1,0,0,0,0,1,0,0,0,0,0,,0,0,0,0,0,0,0,0,0,1,0,0,0,0,0,1,,,,,,18-20,16-25,County road,R,Friday,Unknown,PV,Not Fatal,0,1,0,0,County Road,County Sheriff,Kitsap County Sheriff's Office,1,0,1,0,0,,,,,,0.0,0.0,0.0,,,,,,,,,,,98.0,98.0,98.0,0.0,,,,,20.0,7.0,,,,,,,,1.0,0.0,,,BANNER RD SE,3.452,,,98367
3082,2020,501,EA91837,303.0,12/20/2020,0:56,20,12,,53,Pierce,2337,10,,2,2,2,1,0,2,2,,,,12,1,2,0.0,1,0,1,5,2,4,6,0,0,0,0,35TH ST W,,-122.5298361,47.228208333,0,1,50,10,2,35,4,0,0,1,2,12,1,2,2,1,1,1,2,53,0,19,21,2006,0,,68,12.0,,,,,1,1,17,1,0.0,,1,0,3,0,11,0,,,,,0.0,0.0,3.0,3.0,1,8,28.0,,,96,,,,,,98,,,,,,98409.0,53,67.0,240.0,6.0,2.0,0.0,1.0,0.0,1.0,,97,,,,,,0,01/15/2020,01/15/2020,8,0,0,0,8.0,9,8,,,0,,,8,8,2.0,695.0,605.0,,1.0,1.0,,2,1,0.018,,,,,,,,,,,,,,,,,,,,,,,,,,,,,,0,0,0,0,1,0,1,1,1,0,0,0,0,0,0,0,0,0,0,0,1,1,1,0,1,0,0,0,0,1,0,0,0,0,0,,0,0,0,0,1,0,1,1,0,0,0,0,0,0,0,1,,,,,,16-17,16-25,City street,U,Sunday,Belt Used,PV,Not Fatal,0,1,1,0,City Street,Municipal/City Police,University Place Police Department,0,0,0,1,0,thc,15.0,carboxy-thc,888.0,,0.0,0.0,0.0,,,,,,,,,,,98.0,98.0,98.0,0.0,,,,,20.0,7.0,,,,,,,,1.0,0.0,,,,,,,98466
3083,2020,501,EA91837,303.0,12/20/2020,0:56,20,12,,53,Pierce,2337,10,,2,2,2,1,0,2,2,,,,12,0,2,0.0,1,0,1,5,2,4,6,0,0,0,0,35TH ST W,,-122.5298361,47.228208333,0,2,51,62,4,35,4,0,0,1,2,12,1,2,2,1,1,1,1,53,0,41,51,2008,0,,12,,,,,,1,1,19,2,2.0,,4,7,3,0,11,0,12/20/2020,0:56,233753062687.0,62687.0,0.0,0.0,3.0,3.0,1,0,,,,96,,,,,,98,,,,,,98444.0,53,64.0,165.0,6.0,1.0,0.0,0.0,0.0,0.0,,0,,,,,,0,,,1,0,0,0,0.0,9,8,,,0,,,8,8,2.0,695.0,605.0,,1.0,1.0,,2,1,0.0,,,,,,,,,,,,,,,,,,,,,,,,,,,,,,0,0,0,0,1,0,1,1,1,0,0,0,0,0,0,0,0,0,0,0,1,1,1,0,1,0,0,0,0,1,0,0,0,0,0,,1,0,0,0,0,0,1,1,0,0,0,0,0,0,1,0,,,,,,18-20,16-25,City street,U,Sunday,Belt Used,PV,Hispanic,0,1,1,0,City Street,Municipal/City Police,University Place Police Department,0,0,0,1,0,thc,10.0,carboxy-thc,48.0,,0.0,0.0,0.0,,,,,,,,,,,98.0,98.0,98.0,2.0,,,,,20.0,7.0,,,,,,,nms,1.0,0.0,,,,,,,98466
3084,2020,502,EA91879,3.0,12/10/2020,2:58,10,12,,53,Pierce,800,5,,3,2,2,1,1,2,1,,,,8,0,0,12.9,1,0,1,3,2,1,3,0,0,0,0,SR-16,,-122.6157,47.360786111,0,1,13,80,5,60,21,0,0,1,5,8,1,1,2,3,1,2,3,53,0,12,461,2013,0,,8,,,,,,1,1,32,1,0.0,,0,0,3,0,11,0,,,,,0.0,0.0,0.0,3.0,1,0,,,,96,,,,,,0,,,,,,98032.0,53,68.0,195.0,6.0,1.0,0.0,0.0,0.0,1.0,,0,,,,,,0,02/15/2018,02/15/2018,20,0,0,0,8.0,3,2,,,0,,,8,8,0.0,0.0,,,0.0,,,0,0,996.0,,,,,,,,,,,,,,,,,,,,,,,,,,,,,,0,0,0,0,0,0,0,0,0,1,0,1,0,0,0,0,0,0,0,0,0,0,0,0,0,0,0,0,0,1,0,1,0,0,0,,0,0,0,0,0,0,0,0,0,0,0,0,0,0,0,0,,,,,,31-35,26-35,State route,U,Thursday,Belt Used,PV,Not Fatal,0,0,0,0,State Route,State Patrol,Washington State Patrol,0,1,0,0,0,,,,,,0.0,0.0,1.0,,,,,,,,,,,98.0,98.0,98.0,0.0,,,,,20.0,7.0,,,,,,,,1.0,0.0,,,,,,,98335
3085,2020,503,EA91976,4.0,12/21/2020,10:39,21,12,,51,Pend Oreille,0,2,,1,2,2,1,0,2,2,10:42,10:54,11:25,12,0,6,420.3,2,0,2,4,1,1,3,0,0,20,3,SR-20,MCKENZIE,-117.2872389,48.310180556,0,1,82,15,2,35,34,0,0,1,2,12,1,1,2,1,11,1,1,53,0,20,481,1999,0,,12,63.0,3.0,,,,1,1,90,1,7.0,,4,7,3,0,11,0,12/21/2020,10:39,53060614.0,60614.0,0.0,0.0,3.0,3.0,1,38,,,,96,,,,,,9,,,,,,99156.0,53,68.0,120.0,6.0,1.0,0.0,0.0,0.0,0.0,,0,,,,,,0,,,8,0,0,0,0.0,9,8,,,0,,,8,8,2.0,1.0,,,1.0,,,2,1,0.0,,,,,,,,,,,,,,,,,,,,,,,,,,,,,,0,0,0,1,0,0,0,0,0,0,0,0,0,0,0,0,0,0,1,0,0,0,0,0,0,1,1,1,0,1,1,0,0,0,0,,1,0,0,0,0,0,0,0,0,0,1,0,0,0,0,0,,,,,,81+,76+,State route,R,Monday,Belt Used,PV,White,1,0,0,0,State Route,State Patrol,Washington State Patrol,0,1,0,0,0,,,,,,0.0,0.0,0.0,,,,,,,,,,,0.0,0.0,0.0,1.0,,,,,20.0,7.0,,,,,,,,1.0,0.0,,,,,,,99119
3086,2020,503,EA91976,4.0,12/21/2020,10:39,21,12,,51,Pend Oreille,0,2,,1,2,2,1,0,2,2,10:42,10:54,11:25,12,0,6,420.3,2,0,2,4,1,1,3,0,0,0,0,SR-20,MCKENZIE,-117.2872389,48.310180556,0,2,83,67,4,55,61,0,0,1,2,12,1,1,2,1,1,1,2,53,0,12,881,2004,0,,12,64.0,2.0,,,,1,1,82,1,0.0,,3,0,99,7,11,5,,,,,6.0,0.0,3.0,3.0,1,0,,,,96,,,,,,0,,,,,,99152.0,53,72.0,200.0,6.0,1.0,0.0,0.0,0.0,1.0,,0,,,,,,0,04/15/2017,04/15/2017,1,0,0,0,8.0,9,8,,,0,,,8,8,0.0,0.0,,,0.0,,,0,0,996.0,,,,,,,,,,,,,,,,,,,,,,,,,,,,,,0,0,0,1,0,0,0,0,0,0,0,0,0,0,0,0,0,0,1,0,0,0,0,0,0,1,1,1,0,1,1,0,0,0,0,,0,0,0,0,0,0,0,0,0,0,0,0,0,0,0,0,,,,,,81+,76+,State route,R,Monday,,MHTRUCK,Not Fatal,1,0,0,0,State Route,State Patrol,Washington State Patrol,0,1,0,0,0,,,,,,0.0,0.0,0.0,,,,,,,,,,,98.0,98.0,98.0,0.0,,,,,20.0,7.0,,,,,,,,1.0,0.0,,,,,,,99119
3087,2020,504,EA92060,2.0,12/16/2020,15:59,16,12,,61,Snohomish,0,1,,1,2,2,2,0,3,2,16:01,16:07,,12,0,6,4.3,8,0,1,3,2,1,3,0,0,0,0,SR-9,,-122.12165,47.84145,0,1,68,15,2,45,4,0,0,1,2,12,1,1,3,1,11,2,1,53,0,37,31,1998,0,,12,,,,,,1,1,49,2,7.0,,4,0,99,7,11,5,12/16/2020,22:28,196053060357.0,60357.0,0.0,0.0,0.0,3.0,1,38,48.0,,,96,,,,,,98,,,,,,98296.0,53,59.0,120.0,6.0,1.0,0.0,0.0,0.0,0.0,,0,,,,,,0,,,8,0,0,0,0.0,9,8,,,0,,,8,8,2.0,695.0,605.0,,1.0,1.0,,2,1,0.0,,,,,,,,,,,,,,,,,,,,,,,,,,,,,,0,0,0,0,0,0,1,1,1,0,0,0,0,0,0,0,0,0,1,0,0,0,0,0,0,0,0,0,0,1,0,0,0,0,0,,1,0,0,0,0,0,1,1,0,0,1,0,0,0,1,0,,,,,,46-50,46-55,State route,U,Wednesday,Unknown,PV,White,1,0,0,0,State Route,State Patrol,Washington State Patrol,0,1,0,0,0,thc,6.0,carboxy-thc,67.0,,0.0,0.0,0.0,,,,,,,,,,,0.0,0.0,0.0,1.0,,,,,20.0,7.0,,,,,,,nms,1.0,0.0,,,,,,,98296
3088,2020,504,EA92060,2.0,12/16/2020,15:59,16,12,,61,Snohomish,0,1,,1,2,2,2,0,3,2,16:01,16:07,,12,0,6,4.3,8,0,1,3,2,1,3,0,0,0,0,SR-9,,-122.12165,47.84145,0,2,69,62,4,45,34,1,0,1,2,12,1,1,3,1,1,1,1,53,0,20,481,2011,0,,12,,,,,,1,1,58,1,0.0,,2,0,3,0,11,0,,,,,0.0,0.0,3.0,3.0,1,0,,,,96,,,,,,0,,,,,,98296.0,53,75.0,225.0,6.0,1.0,0.0,1.0,0.0,0.0,,0,,,,,,0,03/15/2020,03/15/2020,8,0,0,0,8.0,9,8,,,0,,,8,8,8.0,95.0,,,96.0,,,2,95,997.0,,,,,,,,,,,,,,,,,,,,,,,,,,,,,,0,0,0,0,0,0,1,1,1,0,0,0,0,0,0,0,0,0,1,0,0,0,0,0,0,0,0,0,0,1,0,0,0,0,0,,0,0,0,0,0,0,0,0,0,0,0,0,0,0,0,0,,,,,,56-60,56-65,State route,U,Wednesday,Belt Used,PV,Not Fatal,1,0,0,0,State Route,State Patrol,Washington State Patrol,0,1,0,0,0,,,,,,0.0,0.0,0.0,,,,,,,,,,,98.0,98.0,98.0,0.0,,,,,20.0,7.0,,,,,,,,1.0,0.0,,,,,,,98296
3089,2020,505,EA92348,2.0,12/18/2020,19:37,18,12,,57,Skagit,0,2,,2,2,2,1,0,2,2,19:58,,21:23,12,0,2,44.9,1,0,1,3,2,1,3,0,0,0,0,SR-20,,-122.6074417,48.436066667,0,1,50,10,2,50,4,0,0,1,2,12,1,1,2,1,1,1,1,53,0,22,16,1997,0,,68,12.0,,,,,1,1,35,2,7.0,,4,7,3,0,11,0,12/18/2020,19:37,53059857.0,59857.0,0.0,0.0,3.0,3.0,1,28,,,,96,,,,,,98,,,,,,98226.0,53,64.0,212.0,6.0,1.0,0.0,1.0,0.0,1.0,,0,,,,,,0,07/15/2017,06/15/2017,8,0,0,0,0.0,9,8,,,0,,,8,8,2.0,1.0,,,1.0,,,2,1,0.0,,,,,,,,,,,,,,,,,,,,,,,,,,,,,,0,0,0,0,0,0,0,0,0,0,0,0,0,0,0,0,0,0,0,0,0,0,0,0,0,0,0,0,0,1,0,0,0,0,0,,1,0,0,0,0,0,0,0,0,0,0,0,0,0,0,0,,,,,,31-35,26-35,State route,U,Friday,Belt Used,PV,Multiracial,0,1,1,0,State Route,State Patrol,Washington State Patrol,0,1,0,0,0,,,,,,0.0,0.0,0.0,,,,,,,,,,,0.0,0.0,0.0,298.0,,,,,20.0,7.0,,,,,,,,1.0,0.0,,,,,,,98221
3090,2020,505,EA92348,2.0,12/18/2020,19:37,18,12,,57,Skagit,0,2,,2,2,2,1,0,2,2,19:58,,21:23,12,0,2,44.9,1,0,1,3,2,1,3,0,0,0,0,SR-20,,-122.6074417,48.436066667,0,2,51,62,4,50,4,0,0,1,2,12,1,1,2,1,1,1,1,53,0,37,32,2014,0,,12,,,,,,1,1,45,2,0.0,,3,0,3,0,11,5,,,,,0.0,0.0,3.0,3.0,1,0,,,,96,,,,,,0,,,,,,98221.0,53,66.0,130.0,6.0,1.0,0.0,0.0,0.0,1.0,,0,,,,,,0,03/15/2019,03/15/2019,8,0,0,0,8.0,9,8,,,0,,,8,8,0.0,0.0,,,0.0,,,0,0,996.0,,,,,,,,,,,,,,,,,,,,,,,,,,,,,,0,0,0,0,0,0,0,0,0,0,0,0,0,0,0,0,0,0,0,0,0,0,0,0,0,0,0,0,0,1,0,0,0,0,0,,0,0,0,0,0,0,0,0,0,0,0,0,0,0,0,0,,,,,,41-45,36-45,State route,U,Friday,Belt Used,PV,Not Fatal,0,1,1,0,State Route,State Patrol,Washington State Patrol,0,1,0,0,0,,,,,,0.0,0.0,0.0,,,,,,,,,,,98.0,98.0,98.0,0.0,,,,,20.0,7.0,,,,,,,,1.0,0.0,,,,,,,98221
3091,2020,506,EA92704,2.0,12/20/2020,14:22,20,12,,61,Snohomish,0,10,,1,2,2,1,0,1,1,,,,30,0,0,17.7,1,0,1,4,1,1,3,0,0,0,0,SR-530,,-121.8906917,48.272130556,0,1,7,6,1,50,2,0,0,1,2,30,3,1,2,1,14,1,1,53,0,37,31,1998,0,,68,64.0,30.0,,,,1,1,26,2,7.0,,4,7,3,0,11,0,12/20/2020,14:22,53060167.0,60167.0,0.0,0.0,0.0,3.0,1,0,,,,96,,,,,,0,,,,,,98026.0,53,68.0,120.0,6.0,1.0,0.0,0.0,1.0,1.0,,0,,,,,,4,11/15/2018,05/15/2018,1,0,0,0,0.0,9,8,,,0,,,8,8,2.0,1.0,,,1.0,,,2,1,0.0,,,,,,,,,,,,,,,,,,,,,,,,,,,,,,0,0,0,0,0,0,0,0,0,0,0,0,1,0,0,0,0,0,0,0,0,0,0,0,0,0,0,0,0,1,0,0,0,0,0,,1,0,0,0,0,0,0,0,0,1,0,0,0,0,0,0,,,,,,26-30,26-35,State route,R,Sunday,Belt Used,PV,White,0,1,0,0,State Route,State Patrol,Washington State Patrol,1,1,0,0,0,,,,,,0.0,0.0,0.0,,,,,,,,,,,0.0,0.0,0.0,1.0,,,,,20.0,7.0,,,,,,,,1.0,0.0,,,,,,,98223
3092,2020,507,EA93632,2.0,12/24/2020,4:20,24,12,,61,Snohomish,0,1,,2,1,2,1,1,1,1,,,,8,0,0,210.5,1,0,1,1,1,1,1,0,0,0,0,I-5,,-122.2176556,48.212691667,0,1,13,80,5,60,14,0,0,1,5,8,1,2,3,3,1,1,1,53,0,55,402,2018,0,,8,,,,,,1,1,50,2,0.0,,0,0,3,0,11,0,,,,,0.0,0.0,0.0,3.0,1,0,,,,96,,,,,,0,,,,,,98282.0,53,67.0,185.0,6.0,1.0,0.0,0.0,0.0,0.0,,0,,,,,,0,,,20,0,0,0,8.0,3,2,,,0,,,8,8,0.0,0.0,,,0.0,,,0,0,996.0,,,,,,,,,,,,,,,,,,,,,,,,,,,,,,0,0,0,0,0,0,0,0,0,1,0,1,0,0,0,0,0,0,0,0,0,0,0,0,0,0,0,0,0,1,0,1,0,0,0,,0,0,0,0,0,0,0,0,0,0,0,0,0,0,0,0,,,,,,46-50,46-55,Interstate,R,Thursday,Belt Used,PV,Not Fatal,0,0,0,0,State Route,State Patrol,Washington State Patrol,0,1,0,0,0,,,,,,0.0,0.0,0.0,,,,,,,,,,,98.0,98.0,98.0,0.0,,,,,20.0,7.0,,,,,,,,1.0,0.0,,,,,,,
3093,2020,508,EA93821,2.0,12/24/2020,6:39,24,12,,61,Snohomish,690,1,,2,4,2,1,0,4,4,6:45,6:57,,25,0,0,195.0,1,0,1,1,2,1,1,0,0,0,0,I-5,,-122.1788028,47.993830556,0,1,7,6,1,60,4,0,0,1,2,25,1,2,3,3,1,1,2,53,0,49,32,1998,0,,64,25.0,12.0,12.0,,,1,1,30,1,1.0,,4,7,20,7,11,0,12/24/2020,6:39,69053061066.0,61066.0,0.0,0.0,0.0,0.0,1,87,,,,96,,,,,,98,,,,,,98204.0,53,68.0,200.0,0.0,0.0,0.0,0.0,0.0,0.0,,0,,,,,,4,,,20,1,9,0,0.0,9,8,,,0,,,8,8,2.0,1.0,,,1.0,,,2,1,0.0,,,,,,,,,,,,,,,,,,,,,,,,,,,,,,0,0,0,0,0,0,0,0,0,0,0,0,1,1,0,0,0,0,0,1,0,0,0,0,0,0,0,0,0,1,0,0,0,1,0,,1,0,0,0,0,0,0,0,0,1,0,1,0,0,0,0,,,,,,26-30,26-35,Interstate,U,Thursday,Not Used,PV,Hispanic,0,1,0,0,State Route,State Patrol,Washington State Patrol,1,1,0,0,0,,,,,,0.0,0.0,0.0,,,,,,,,,,,0.0,0.0,0.0,298.0,,,,,20.0,7.0,,,,,,,,1.0,0.0,,,,,,,98201
3094,2020,508,EA93821,2.0,12/24/2020,6:39,24,12,,61,Snohomish,690,1,,2,4,2,1,0,4,4,6:45,6:57,,25,0,0,195.0,1,0,1,1,2,1,1,0,0,0,0,I-5,,-122.1788028,47.993830556,0,2,98,98,7,60,14,0,0,1,5,12,1,2,3,3,5,1,1,53,0,2,404,2019,0,,12,,,,,,1,1,28,2,0.0,,0,0,3,0,11,0,,,,,0.0,0.0,0.0,3.0,1,0,,,,96,,,,,,98,,,,,,98223.0,53,63.0,120.0,6.0,1.0,0.0,0.0,1.0,1.0,,0,,,,,,0,05/15/2018,05/15/2018,20,0,0,0,8.0,9,8,,,0,,,8,8,8.0,95.0,,,96.0,,,8,95,995.0,,,,,,,,,,,,,,,,,,,,,,,,,,,,,,0,0,0,0,0,0,0,0,0,0,0,0,1,1,0,0,0,0,0,1,0,0,0,0,0,0,0,0,0,1,0,0,0,0,0,,0,0,0,0,0,0,0,0,0,0,0,0,0,0,0,0,,,,,,26-30,26-35,Interstate,U,Thursday,Belt Used,PV,Not Fatal,0,1,0,0,State Route,State Patrol,Washington State Patrol,1,1,0,0,0,,,,,,0.0,0.0,0.0,,,,,,,,,,,98.0,98.0,98.0,0.0,,,,,20.0,7.0,,,,,,,,1.0,0.0,,,,,,,98201