,year,case,par,repjur,crash_dt,crash_tm,accday,accmon,holiday,county,co_char,city,weather,weather2,lightcond,surfcond,surftype,numfatal,nmforms,pforms,vforms,not_tm,arr_tm,hosp_tm,fhevent,hitrun,manncol,milepnt,reljunc,reljuncinter,intersectiontype,funcsystem,landuse,ownership,route,schlbus,spejur,contdev,devfunc,trafid1,trafid2,x,y,wk_zone,vnumber,crashtype,criticalevent,criticaleventcat,spdlim,body,trailer,emerg,hazcargo,leave,mhevent,roadalgn,roadprof,traflane,trafflow,vehmanvr,numoccs,regowner,regstate,spuse,make,model,modelyr,vrf1,vrf2,seqevent1,seqevent2,seqevent3,seqevent4,seqevent5,seqevent6,pnumber,ptype,age,sex,hispanic,race,injury,diedscene,restraint,restraintmisuse,seatpos,takehosp,death_dt,death_tm,cert,cernum_wa,commlic,licendor,licrestrict,liccomp,drivpres,drf1,drf2,drf3,drf4,distract1,distract2,distract3,distract4,distract5,distract6,dricond1,dricond2,dricond3,dricond4,dricond5,dricond6,dzip,licstate,drhgt_in,weight,noncdl,noncdltype,prevdwi,prevoth,prevacc,prevspd,prevsus,driviol1,driviol2,driviol3,driviol4,driviol5,driviol6,spdrel,first_dt,last_dt,airbag,ejection,ejectpath,extricat,injurwrk,methalc,methdrug,nmlocat,strikveh,prf1,prf2,prf3,druginv,alcinvol,drugsts,drugres1,drugres2,drugres3,drugtst1,drugtst2,drugtst3,alcsts,alctst,alcres,nmact1,nmact2,nmact3,nmact4,nmact5,nmact6,nmprior1,nmprior2,nmprior3,nmprior4,nmprior5,nmprior6,nmcond1,nmcond2,nmcond3,nmcond4,nmcond5,nmcond6,nmsafe_helmet,nmsafe_pads,nmsafe_oth,nmprev_ref,nmprev_lgt,nmprev_oth,crashlocation,nmcrashtype,crosswalk,schoolzone,sidewalk,train_inv,wildlife_inv,rotr_fars,intersect_fars,dd_inv,aid_inv,dpd_inv,id_inv,mj_inv,impnm_inv,ainm_inv,dpnm_inv,speed_inv,unlic_inv,unendmc_inv,drowsy_inv,drdist_inv,nmdist_inv,fty_inv,unrestfat_inv,dr1617_inv,dr1820_inv,dr1620_inv,dr2125_inv,dr1625_inv,dr65_inv,dr70_inv,dr75_inv,mc_inv,pv_inv,ht_inv,ped_inv,bike_inv,unrest_fat,mc_fat,unhelmet_mc,pv_fat,ht_fat,ped_fat,bike_fat,dr_alc7,dr_alc8,dr_drug,dr_imp,dr_dist,dr_spd,dr_fty,dr_unlic,dr_alc7only,dr_alc8only,dr_drugonly,dr_drink,nm_imp,nm_alc7,nm_alc8,nm_drug,nm_dist,agegrp1,agegrp2,roadclass,urbrur,dayweek,restuse,vehtype,race_me,intersect,lanedep,oppdir,wrongway,rep_typ,investag,repag_long,rotr,st_rd,cty_rd,city_rd,oth_rd,drug_thc,thc_res,drug_cthc,cthc_res,drug_cann,prevpersemin,prevperse,prevsusoth,drugtst4,drugtst5,drugtst6,drugtst7,drugtst8,drugres4,drugres5,drugres6,drugres7,drugres8,adspresent,adsengaged,adslevel,race1,race2,race3,race4,race5,helmet,helmetmisuse,nmdistract1,nmdistract2,nmdistract3,nmdistract4,nmdistract5,nmdistract6,lab,isedtcase,crf1,crf2,crf3,CoRoadName,CoMP,IntCoRoadName,IntCoMP,zipcode
3095,2020,508,EA93821,2.0,12/24/2020,6:39,24,12,,61,Snohomish,690,1,,2,4,2,1,0,4,4,6:45,6:57,,25,0,0,195.0,1,0,1,1,2,1,1,0,0,0,0,I-5,,-122.1788028,47.993830556,0,3,98,50,3,60,14,0,0,1,2,12,1,2,3,3,1,1,1,41,0,37,402,2007,0,,12,,,,,,1,1,50,2,0.0,,1,0,3,0,11,5,,,,,0.0,0.0,0.0,3.0,1,0,,,,96,,,,,,98,,,,,,98444.0,53,66.0,160.0,6.0,1.0,0.0,0.0,1.0,0.0,,0,,,,,,0,08/15/2019,08/15/2019,20,0,0,0,8.0,9,8,,,0,,,8,8,8.0,95.0,,,96.0,,,8,95,995.0,,,,,,,,,,,,,,,,,,,,,,,,,,,,,,0,0,0,0,0,0,0,0,0,0,0,0,1,1,0,0,0,0,0,1,0,0,0,0,0,0,0,0,0,1,0,0,0,0,0,,0,0,0,0,0,0,0,0,0,0,0,0,0,0,0,0,,,,,,46-50,46-55,Interstate,U,Thursday,Belt Used,PV,Not Fatal,0,1,0,0,State Route,State Patrol,Washington State Patrol,1,1,0,0,0,,,,,,0.0,0.0,0.0,,,,,,,,,,,98.0,98.0,98.0,0.0,,,,,20.0,7.0,,,,,,,,1.0,0.0,,,,,,,98201
3096,2020,508,EA93821,2.0,12/24/2020,6:39,24,12,,61,Snohomish,690,1,,2,4,2,1,0,4,4,6:45,6:57,,25,0,0,195.0,1,0,1,1,2,1,1,0,0,0,0,I-5,,-122.1788028,47.993830556,0,4,98,50,3,60,4,0,0,1,5,25,1,2,3,3,1,1,1,53,0,49,32,2017,0,,64,25.0,,,,,1,1,40,1,0.0,,0,0,3,0,11,0,,,,,0.0,0.0,0.0,3.0,1,0,,,,96,,,,,,98,,,,,,98233.0,53,71.0,275.0,6.0,1.0,0.0,0.0,2.0,0.0,,0,,,,,,0,04/15/2016,06/15/2019,20,0,0,0,8.0,9,8,,,0,,,8,8,8.0,95.0,,,96.0,,,8,95,995.0,,,,,,,,,,,,,,,,,,,,,,,,,,,,,,0,0,0,0,0,0,0,0,0,0,0,0,1,1,0,0,0,0,0,1,0,0,0,0,0,0,0,0,0,1,0,0,0,0,0,,0,0,0,0,0,0,0,0,0,0,0,0,0,0,0,0,,,,,,36-40,36-45,Interstate,U,Thursday,Belt Used,PV,Not Fatal,0,1,0,0,State Route,State Patrol,Washington State Patrol,1,1,0,0,0,,,,,,0.0,0.0,0.0,,,,,,,,,,,98.0,98.0,98.0,0.0,,,,,20.0,7.0,,,,,,,,1.0,0.0,,,,,,,98201
3097,2020,509,EA93964,2.0,12/15/2020,1:35,15,12,,61,Snohomish,690,2,,3,2,2,1,0,1,1,,,,1,0,0,0.6,5,1,1,1,2,1,1,0,0,0,0,I-5,,-122.20975,47.910080556,0,1,6,12,2,98,34,0,0,1,2,1,1,2,2,6,1,1,1,53,0,49,471,1993,0,,64,1.0,,,,,1,1,40,1,7.0,,4,7,3,0,11,0,12/15/2020,1:35,69053059057.0,59057.0,0.0,0.0,0.0,3.0,1,0,,,,96,,,,,,98,,,,,,98117.0,53,70.0,170.0,6.0,1.0,0.0,1.0,0.0,0.0,,0,,,,,,4,03/15/2019,03/15/2019,20,2,9,0,0.0,9,8,,,0,,,8,8,2.0,996.0,407.0,402.0,1.0,1.0,1.0,2,1,0.0,,,,,,,,,,,,,,,,,,,,,,,,,,,,,,0,0,1,0,0,0,1,1,0,0,0,0,1,0,0,0,0,0,0,0,0,0,0,0,0,0,0,0,0,1,0,0,0,0,0,,1,0,0,0,0,0,1,1,0,1,0,0,0,0,1,0,,,,,,36-40,36-45,Interstate,U,Tuesday,Belt Used,PV,White,0,1,0,0,State Route,State Patrol,Washington State Patrol,1,1,0,0,0,,,,,,0.0,0.0,0.0,1.0,1.0,1.0,,,996.0,343.0,996.0,404.0,417.0,0.0,0.0,0.0,1.0,,,,,20.0,7.0,,,,,,,,1.0,0.0,,,,,,,98203
3098,2020,510,EA94341,39.0,12/02/2020,22:22,2,12,,61,Snohomish,0,1,,2,2,2,1,0,2,1,,,,31,0,0,1.7,1,0,1,7,1,2,4,0,0,0,0,CR-HIGH ROCK RD,,-121.9615389,47.802355556,0,1,1,13,2,35,4,0,0,1,2,31,3,2,2,1,14,2,2,34,0,34,35,2021,0,,63,31.0,42.0,,,,1,1,34,1,0.0,,1,0,3,0,11,5,,,,,0.0,0.0,0.0,3.0,1,0,,,,96,,,,,,9,,,,,,98272.0,53,76.0,185.0,6.0,1.0,0.0,1.0,2.0,1.0,,97,,,,,,4,11/15/2018,07/15/2020,8,0,0,0,8.0,9,8,,,0,,,8,1,0.0,0.0,,,0.0,,,0,0,996.0,,,,,,,,,,,,,,,,,,,,,,,,,,,,,,0,0,1,0,1,0,0,0,0,0,0,0,1,0,0,0,0,0,0,0,0,0,0,0,0,0,0,0,0,1,0,0,0,0,0,,0,0,0,0,0,0,0,0,0,1,0,0,0,0,0,1,,,,,,31-35,26-35,County road,R,Wednesday,Belt Used,PV,Not Fatal,0,1,0,0,County Road,County Sheriff,Snohomish County Sheriff's Office,1,0,1,0,0,,,,,,0.0,0.0,7.0,,,,,,,,,,,98.0,98.0,98.0,0.0,,,,,20.0,7.0,,,,,,,,1.0,0.0,,,HIGH ROCK RD,1.685,,,98272
3099,2020,511,EA94737,8.0,12/26/2020,13:27,26,12,,9,Clallam,1990,10,,1,1,2,2,0,4,2,13:32,13:55,14:45,12,0,2,266.1,1,0,1,3,2,1,2,0,0,0,0,US-101,,-123.0560417,48.062019444,0,1,50,10,2,55,6,0,0,1,2,12,1,2,2,1,1,2,2,53,0,6,52,2001,0,,68,12.0,,,,,1,1,40,2,7.0,,4,7,20,7,11,0,12/26/2020,13:27,199053062559.0,62559.0,0.0,0.0,3.0,3.0,1,28,,,,92,,,,,,98,,,,,,98365.0,53,66.0,190.0,6.0,1.0,0.0,1.0,0.0,1.0,,0,,,,,,0,02/15/2018,04/15/2019,8,0,0,0,0.0,9,8,,,0,,,8,8,2.0,1.0,,,1.0,,,2,1,0.015,,,,,,,,,,,,,,,,,,,,,,,,,,,,,,0,0,0,0,1,0,0,0,0,0,0,0,0,0,0,0,1,0,0,1,0,0,0,0,0,0,0,0,0,1,1,0,0,1,0,,1,0,0,0,1,0,0,0,1,0,0,0,1,0,0,1,,,,,,36-40,36-45,US highway,U,Saturday,Not Used,PV,White,0,1,1,0,State Route,State Patrol,Washington State Patrol,0,1,0,0,0,,,,,,0.0,0.0,1.0,,,,,,,,,,,98.0,98.0,98.0,1.0,,,,,20.0,7.0,,,,,,,,1.0,0.0,,,,,,,
3100,2020,511,EA94737,8.0,12/26/2020,13:27,26,12,,9,Clallam,1990,10,,1,1,2,2,0,4,2,13:32,13:55,14:45,12,0,2,266.1,1,0,1,3,2,1,2,0,0,0,0,US-101,,-123.0560417,48.062019444,0,2,51,62,4,55,67,0,0,1,2,12,1,2,2,1,1,2,1,53,0,7,880,2018,0,,12,,,,,,1,1,62,1,0.0,,3,0,3,0,11,5,,,,,0.0,0.0,0.0,3.0,1,0,,,,96,,,,,,0,,,,,,98370.0,53,70.0,160.0,6.0,1.0,0.0,0.0,0.0,0.0,,0,,,,,,0,,,8,0,0,0,8.0,9,8,,,0,,,8,8,0.0,0.0,,,0.0,,,0,0,996.0,,,,,,,,,,,,,,,,,,,,,,,,,,,,,,0,0,0,0,1,0,0,0,0,0,0,0,0,0,0,0,1,0,0,1,0,0,0,0,0,0,0,0,0,1,1,0,0,0,0,,0,0,0,0,0,0,0,0,0,0,0,0,0,0,0,0,,,,,,61-65,56-65,US highway,U,Saturday,,MHTRUCK,Not Fatal,0,1,1,0,State Route,State Patrol,Washington State Patrol,0,1,0,0,0,,,,,,0.0,0.0,0.0,,,,,,,,,,,98.0,98.0,98.0,0.0,,,,,20.0,7.0,,,,,,,,1.0,0.0,,,,,,,
3101,2020,512,EA95217,122.0,12/19/2020,19:51,19,12,,61,Snohomish,690,2,,3,2,2,1,1,1,1,,,,8,0,0,0.0,3,0,2,3,2,4,6,0,0,3,3,EVERGREEN WAY,75TH ST SE,-122.2207806,47.930091667,0,1,13,80,5,35,14,0,0,1,5,8,1,1,3,1,11,1,1,53,0,37,402,2012,0,,8,,,,,,1,1,27,1,0.0,,0,0,99,7,11,0,,,,,0.0,0.0,3.0,3.0,1,10,38.0,,,0,,,,,,0,,,,,,98275.0,53,74.0,185.0,6.0,1.0,0.0,0.0,0.0,0.0,,97,,,,,,0,,,20,0,0,0,8.0,9,8,,,0,,,8,8,0.0,0.0,,,0.0,,,0,0,996.0,,,,,,,,,,,,,,,,,,,,,,,,,,,,,,0,0,0,1,0,0,0,0,0,1,1,1,0,0,0,0,0,0,1,0,0,0,0,0,0,0,0,0,0,1,0,1,0,0,0,,0,0,0,0,0,0,0,0,0,0,1,0,0,0,0,0,,,,,,26-30,26-35,City street,U,Saturday,Unknown,PV,Not Fatal,1,0,0,0,City Street,Municipal/City Police,Everett Police Department,0,0,0,1,0,,,,,,0.0,0.0,0.0,,,,,,,,,,,98.0,98.0,98.0,0.0,,,,,20.0,7.0,,,,,,,,1.0,0.0,,,,,,,98203
3102,2020,513,3840330,344.0,01/14/2020,3:53,14,1,,77,Yakima,0,4,,2,10,2,1,0,4,1,3:53,4:12,4:53,1,0,0,5.0,1,0,1,6,1,2,4,0,3,0,0,CR-MCDONALD RD,,-120.4606222,46.390144444,0,1,7,6,1,35,4,0,0,1,2,1,1,1,8,1,1,4,2,53,0,7,20,2004,0,,68,64.0,1.0,,,,1,1,20,2,7.0,,4,7,20,7,11,0,01/14/2020,3:53,53001535.0,1535.0,0.0,0.0,0.0,0.0,1,0,,,,96,,,,,,9,,,,,,98920.0,53,,999.0,0.0,0.0,0.0,0.0,0.0,0.0,,0,,,,,,4,,,20,1,9,0,0.0,9,8,,,0,,,8,1,2.0,1.0,,,1.0,,,2,1,0.084,,,,,,,,,,,,,,,,,,,,,,,,,,,,,,0,0,0,0,1,1,0,1,0,0,0,0,1,1,0,0,0,0,0,1,0,1,1,0,1,0,0,0,0,1,0,0,0,1,0,,1,0,0,0,0,1,0,1,0,1,0,1,0,1,0,1,,,,,,18-20,16-25,County road,R,Tuesday,Not Used,PV,AIAN,0,1,0,0,County Road,Other Law Enforcement,Yakama Tribal Police Department,1,0,1,0,0,,,,,,0.0,0.0,0.0,,,,,,,,,,,98.0,98.0,98.0,3.0,,,,,20.0,7.0,,,,,,,,1.0,0.0,,,MCDONALD RD.,4.95,,,98951
3103,2020,514,EA86530,42.0,12/02/2020,12:11,2,12,,67,Thurston,0,1,,1,1,2,1,1,1,1,,,,18,0,0,11.4,3,0,3,5,2,2,4,0,0,98,3,CR-LITTLEROCK RD SW,93RD AVE SW,-122.9724083,46.952869444,1,1,98,98,7,50,34,0,0,1,5,8,1,1,2,1,1,1,1,53,0,12,471,2011,0,,63,18.0,8.0,,,,1,1,74,1,0.0,,0,0,3,0,11,0,,,,,0.0,0.0,3.0,3.0,1,10,,,,0,,,,,,0,,,,,,98512.0,53,72.0,200.0,6.0,1.0,0.0,0.0,0.0,0.0,,97,,,,,,0,03/15/2020,03/15/2020,1,0,0,0,8.0,9,8,,,0,,,8,8,0.0,0.0,,,0.0,,,0,0,996.0,,,,,,,,,,,,,,,,,,,,,,,,,,,,,,0,0,0,1,0,0,0,0,0,1,0,1,0,0,0,0,0,1,0,0,0,0,0,0,0,1,1,0,0,1,0,1,0,0,0,,0,0,0,0,0,0,0,0,0,0,0,0,0,0,0,0,,,,,,71-75,66-75,County road,U,Wednesday,Belt Used,PV,Not Fatal,0,0,0,0,County Road,County Sheriff,Thurston County Sheriff's Office,0,0,1,0,0,,,,,,0.0,0.0,1.0,,,,,,,,,,,98.0,98.0,98.0,0.0,,,,,20.0,7.0,,,,,,,,1.0,0.0,,,LITTLEROCK RD SW,11.42,93RD AVE SW,10.96,98512
3104,2020,515,3840261,344.0,12/22/2020,21:30,22,12,,77,Yakima,0,1,,2,1,2,1,0,1,1,21:38,21:44,22:10,1,0,0,0.8,1,0,1,5,1,2,4,0,3,0,0,CR-CURTIS ST,,-120.7289278,46.376316667,0,1,7,12,2,35,14,0,0,1,2,1,2,2,2,1,14,1,2,41,0,12,401,2003,0,,68,64.0,1.0,,,,1,1,49,1,7.0,,4,0,99,7,11,5,12/22/2020,23:21,259053060574.0,60574.0,0.0,0.0,0.0,0.0,1,0,,,,96,,,,,,9,,,,,,98952.0,53,68.0,156.0,0.0,0.0,0.0,0.0,0.0,0.0,,0,,,,,,3,06/15/2017,06/15/2017,20,0,0,0,0.0,3,2,,,0,,,8,1,2.0,522.0,695.0,605.0,1.0,1.0,1.0,2,1,0.156,,,,,,,,,,,,,,,,,,,,,,,,,,,,,,0,0,0,0,1,1,1,1,1,0,0,0,1,1,0,0,0,0,0,0,0,0,0,0,0,0,0,0,0,1,0,0,0,0,0,,1,0,0,0,0,1,1,1,0,1,0,1,0,0,0,1,,,,,,46-50,46-55,County road,R,Tuesday,Unknown,PV,AIAN,0,1,0,0,County Road,Other Law Enforcement,Yakama Tribal Police Department,1,0,1,0,0,thc,9.6,carboxy-thc,19.0,,0.0,0.0,1.0,,,,,,,,,,,98.0,98.0,98.0,3.0,,,,,20.0,7.0,,,,,,,nms,1.0,0.0,,,CURTIS ST.,0.75,,,
3105,2020,516,EB00058,13.0,06/06/2020,15:35,6,6,,9,Clallam,0,10,,1,2,5,1,0,2,1,15:49,16:53,17:32,1,0,0,1.5,1,0,1,96,6,96,8,0,0,0,0,LOGGING ROAD,,-123.2280333,48.008133333,0,1,98,6,1,98,96,0,0,1,2,1,3,2,8,8,14,2,1,53,0,98,734,2017,0,,1,,,,,,1,1,26,1,7.0,,4,7,20,7,11,0,06/06/2020,15:35,199053026224.0,26224.0,6.0,0.0,0.0,1.0,1,0,,,,96,,,,,,0,,,,,,98362.0,53,69.0,180.0,6.0,1.0,0.0,3.0,0.0,0.0,,0,,,,,,4,06/15/2017,12/15/2019,20,1,9,0,0.0,1,8,,,0,,,8,1,2.0,1.0,,,1.0,,,2,1,0.067,,,,,,,,,,,,,,,,,,,,,,,,,,,,,,0,0,0,0,1,0,0,0,0,0,0,0,1,0,0,0,0,0,0,0,0,0,0,0,0,0,0,0,0,0,0,0,0,0,0,,0,0,0,0,1,0,0,0,0,1,0,0,1,0,0,1,,,,,,26-30,26-35,Other,,Saturday,,OTHVT,White,0,1,0,0,Other,County Sheriff,Clallam County Sheriff's Office,1,0,0,0,1,,,,,,0.0,0.0,0.0,,,,,,,,,,,0.0,0.0,0.0,1.0,,,,,17.0,7.0,,,,,,,,1.0,0.0,,,,,,,
3106,2020,517,EB00484,6.0,12/06/2020,20:40,6,12,,25,Grant,0,1,,2,2,2,1,0,7,3,20:46,20:56,,12,0,8,4.5,1,0,1,4,1,1,3,0,0,0,0,SR-243,,-119.8268861,46.633194444,0,1,64,10,2,60,62,0,0,1,2,12,1,1,2,1,1,1,3,53,0,82,881,2013,0,,68,12.0,12.0,,,,1,1,43,1,0.0,,2,0,3,0,11,5,,,,,0.0,0.0,0.0,2.0,1,28,60.0,,,0,,,,,,2,,,,,,98052.0,53,68.0,175.0,6.0,1.0,0.0,1.0,0.0,0.0,,97,,,,,,0,01/15/2019,01/15/2019,20,0,0,0,8.0,3,2,,,0,,,8,8,0.0,0.0,,,0.0,,,0,0,996.0,,,,,,,,,,,,,,,,,,,,,,,,,,,,,,0,0,0,0,0,0,0,0,0,0,0,0,0,0,0,1,0,0,0,0,0,0,0,0,0,0,0,0,0,1,1,0,0,0,0,,0,0,0,0,0,0,0,0,0,0,0,0,0,0,0,0,,,,,,41-45,36-45,State route,R,Sunday,,MHTRUCK,Not Fatal,0,1,1,0,State Route,State Patrol,Washington State Patrol,0,1,0,0,0,,,,,,0.0,0.0,0.0,,,,,,,,,,,98.0,98.0,98.0,0.0,,,,,20.0,7.0,,,,,,,,1.0,0.0,,,,,,,99349
3107,2020,517,EB00484,6.0,12/06/2020,20:40,6,12,,25,Grant,0,1,,2,2,2,1,0,7,3,20:46,20:56,,12,0,8,4.5,1,0,1,4,1,1,3,0,0,0,0,SR-243,,-119.8268861,46.633194444,0,2,65,62,4,60,4,0,0,1,2,12,1,1,2,1,1,4,1,53,0,12,17,2008,0,,12,,,,,,1,1,40,1,0.0,,0,0,3,0,11,0,,,,,0.0,0.0,0.0,3.0,1,0,,,,96,,,,,,0,,,,,,99349.0,53,65.0,127.0,6.0,1.0,0.0,0.0,0.0,0.0,,0,,,,,,0,,,20,0,0,0,8.0,9,8,,,0,,,8,8,0.0,0.0,,,0.0,,,0,0,996.0,,,,,,,,,,,,,,,,,,,,,,,,,,,,,,0,0,0,0,0,0,0,0,0,0,0,0,0,0,0,1,0,0,0,0,0,0,0,0,0,0,0,0,0,1,1,0,0,0,0,,0,0,0,0,0,0,0,0,0,0,0,0,0,0,0,0,,,,,,36-40,36-45,State route,R,Sunday,Belt Used,PV,Not Fatal,0,1,1,0,State Route,State Patrol,Washington State Patrol,0,1,0,0,0,,,,,,0.0,0.0,0.0,,,,,,,,,,,98.0,98.0,98.0,0.0,,,,,20.0,7.0,,,,,,,,1.0,0.0,,,,,,,99349
3108,2020,517,EB00484,6.0,12/06/2020,20:40,6,12,,25,Grant,0,1,,2,2,2,1,0,7,3,20:46,20:56,,12,0,8,4.5,1,0,1,4,1,1,3,0,0,0,0,SR-243,,-119.8268861,46.633194444,0,3,98,62,4,60,15,0,0,1,2,12,1,1,2,1,1,2,2,53,0,20,421,2001,0,,12,1.0,,,,,1,1,54,2,1.0,,4,7,3,0,11,0,12/06/2020,20:40,129353058021.0,58021.0,0.0,0.0,0.0,3.0,1,0,,,,96,,,,,,98,,,,,,99349.0,53,60.0,182.0,6.0,1.0,0.0,0.0,1.0,0.0,,0,,,,,,0,02/15/2017,02/15/2017,8,0,0,0,0.0,9,8,,,0,,,8,8,0.0,0.0,,,0.0,,,0,0,996.0,,,,,,,,,,,,,,,,,,,,,,,,,,,,,,0,0,0,0,0,0,0,0,0,0,0,0,0,0,0,1,0,0,0,0,0,0,0,0,0,0,0,0,0,1,1,0,0,0,0,,1,0,0,0,0,0,0,0,0,0,0,0,0,0,0,0,,,,,,51-55,46-55,State route,R,Sunday,Belt Used,PV,Hispanic,0,1,1,0,State Route,State Patrol,Washington State Patrol,0,1,0,0,0,,,,,,0.0,0.0,0.0,,,,,,,,,,,98.0,98.0,98.0,298.0,,,,,20.0,7.0,,,,,,,,1.0,0.0,,,,,,,99349
3109,2020,518,EB04925,39.0,11/21/2020,20:38,21,11,,61,Snohomish,0,1,,2,1,2,1,0,1,1,20:40,20:46,,42,0,0,0.4,1,0,1,6,1,2,4,0,0,0,0,CR-TROMBLEY,,-121.985825,47.914883333,0,1,1,13,2,35,4,0,0,1,2,42,4,2,8,1,14,1,1,53,0,52,46,2006,0,,63,42.0,,,,,1,1,26,1,7.0,,4,7,3,0,11,0,11/21/2020,20:38,53056753.0,56753.0,0.0,0.0,0.0,3.0,1,0,,,,96,,,,,,9,,,,,,98290.0,53,72.0,200.0,6.0,1.0,0.0,1.0,1.0,2.0,,0,,,,,,4,05/15/2016,01/15/2016,8,0,0,0,0.0,9,8,,,0,,,1,1,2.0,695.0,605.0,,1.0,1.0,,2,1,0.202,,,,,,,,,,,,,,,,,,,,,,,,,,,,,,0,0,1,0,1,1,1,1,1,0,0,0,1,0,0,0,0,0,0,0,0,0,0,0,0,0,0,0,0,1,0,0,0,0,0,,1,0,0,0,0,1,1,1,0,1,0,0,0,0,0,1,,,,,,26-30,26-35,County road,R,Saturday,Belt Used,PV,White,0,1,0,0,County Road,County Sheriff,Snohomish County Sheriff's Office,1,0,1,0,0,thc,31.0,carboxy-thc,14.0,,0.0,0.0,0.0,,,,,,,,,,,98.0,98.0,98.0,1.0,,,,,20.0,7.0,,,,,,,nms,1.0,0.0,,,TROMBLEY RD,0.373,,,
3110,2020,519,EA74442,4.0,09/02/2020,6:57,2,9,,1,Adams,0,1,,4,1,2,1,0,2,2,,,,12,0,6,46.8,2,0,2,3,1,1,3,0,0,20,3,SR-26,BOOKER RD,-119.0482028,46.799541667,0,1,89,17,2,55,34,0,0,1,2,12,1,1,2,1,1,1,1,41,0,49,472,2015,0,,12,,,,,,1,1,20,1,7.0,,4,0,3,0,11,4,09/04/2020,19:40,211053041477.0,41477.0,0.0,0.0,0.0,3.0,1,38,,,,96,,,,,,98,,,,,,97827.0,41,73.0,150.0,6.0,1.0,0.0,0.0,0.0,0.0,,0,,,,,,0,,,8,0,0,0,0.0,9,8,,,0,,,8,8,2.0,522.0,996.0,,1.0,1.0,,2,1,0.0,,,,,,,,,,,,,,,,,,,,,,,,,,,,,,0,0,0,1,0,0,1,1,0,0,0,0,0,0,0,0,0,0,1,0,0,1,1,0,1,0,0,0,0,1,0,0,0,0,0,,1,0,0,0,0,0,1,1,0,0,1,0,0,0,1,0,,,,,,18-20,16-25,State route,R,Wednesday,Belt Used,PV,White,1,0,0,0,State Route,State Patrol,Washington State Patrol,0,1,0,0,0,,,,,,0.0,0.0,0.0,,,,,,,,,,,98.0,98.0,98.0,1.0,,,,,20.0,7.0,,,,,,,,1.0,0.0,,,,,,,99344
3111,2020,519,EA74442,4.0,09/02/2020,6:57,2,9,,1,Adams,0,1,,4,1,2,1,0,2,2,,,,12,0,6,46.8,2,0,2,3,1,1,3,0,0,0,0,SR-26,BOOKER RD,-119.0482028,46.799541667,0,2,88,66,4,60,34,1,0,1,2,12,1,1,2,1,1,1,1,53,0,20,481,2015,0,,12,,,,,,1,1,63,1,0.0,,1,0,3,0,11,5,,,,,0.0,0.0,3.0,3.0,1,0,,,,96,,,,,,98,,,,,,98146.0,53,71.0,170.0,6.0,1.0,0.0,0.0,0.0,1.0,,0,,,,,,0,01/15/2020,01/15/2020,8,0,0,0,8.0,9,8,,,0,,,8,8,8.0,95.0,,,96.0,,,8,95,995.0,,,,,,,,,,,,,,,,,,,,,,,,,,,,,,0,0,0,1,0,0,1,1,0,0,0,0,0,0,0,0,0,0,1,0,0,1,1,0,1,0,0,0,0,1,0,0,0,0,0,,0,0,0,0,0,0,0,0,0,0,0,0,0,0,0,0,,,,,,61-65,56-65,State route,R,Wednesday,Belt Used,PV,Not Fatal,1,0,0,0,State Route,State Patrol,Washington State Patrol,0,1,0,0,0,,,,,,0.0,0.0,0.0,,,,,,,,,,,98.0,98.0,98.0,0.0,,,,,20.0,7.0,,,,,,,,1.0,0.0,,,,,,,99344
3112,2020,521,EB12223,39.0,10/30/2020,21:31,30,10,,61,Snohomish,0,1,,3,1,2,1,0,2,1,,,,38,0,0,0.3,1,0,1,5,2,2,4,0,0,0,0,CR-E GIBSON RD,,-122.2495694,47.883497222,0,1,1,8,1,35,20,0,0,1,2,38,1,2,2,1,1,2,1,53,0,7,442,1998,0,,63,38.0,,,,,1,1,44,1,0.0,,0,0,3,0,11,0,,,,,0.0,0.0,0.0,2.0,1,0,,,,3,,,,,,98,,,,,,98204.0,53,64.0,150.0,1.0,1.0,0.0,0.0,0.0,0.0,,97,,,,,,0,07/15/2016,07/15/2016,20,0,0,0,8.0,9,8,,,0,,,8,8,8.0,95.0,,,96.0,,,2,95,997.0,,,,,,,,,,,,,,,,,,,,,,,,,,,,,,0,0,1,0,0,0,0,0,0,0,0,0,0,1,0,0,1,0,0,1,0,0,0,0,0,0,0,0,0,1,0,0,0,0,0,,0,0,0,0,0,0,0,0,1,0,0,1,0,0,0,0,,,,,,41-45,36-45,County road,U,Friday,Belt Used,PV,Not Fatal,0,1,0,0,County Road,County Sheriff,Snohomish County Sheriff's Office,1,0,1,0,0,,,,,,0.0,0.0,1.0,,,,,,,,,,,0.0,0.0,0.0,0.0,,,,,20.0,7.0,,,,,,,,1.0,0.0,,,E GIBSON RD,0.255,,,98204