,year,case,par,repjur,crash_dt,crash_tm,accday,accmon,holiday,county,co_char,city,weather,weather2,lightcond,surfcond,surftype,numfatal,nmforms,pforms,vforms,not_tm,arr_tm,hosp_tm,fhevent,hitrun,manncol,milepnt,reljunc,reljuncinter,intersectiontype,funcsystem,landuse,ownership,route,schlbus,spejur,contdev,devfunc,trafid1,trafid2,x,y,wk_zone,vnumber,crashtype,criticalevent,criticaleventcat,spdlim,body,trailer,emerg,hazcargo,leave,mhevent,roadalgn,roadprof,traflane,trafflow,vehmanvr,numoccs,regowner,regstate,spuse,make,model,modelyr,vrf1,vrf2,seqevent1,seqevent2,seqevent3,seqevent4,seqevent5,seqevent6,pnumber,ptype,age,sex,hispanic,race,injury,diedscene,restraint,restraintmisuse,seatpos,takehosp,death_dt,death_tm,cert,cernum_wa,commlic,licendor,licrestrict,liccomp,drivpres,drf1,drf2,drf3,drf4,distract1,distract2,distract3,distract4,distract5,distract6,dricond1,dricond2,dricond3,dricond4,dricond5,dricond6,dzip,licstate,drhgt_in,weight,noncdl,noncdltype,prevdwi,prevoth,prevacc,prevspd,prevsus,driviol1,driviol2,driviol3,driviol4,driviol5,driviol6,spdrel,first_dt,last_dt,airbag,ejection,ejectpath,extricat,injurwrk,methalc,methdrug,nmlocat,strikveh,prf1,prf2,prf3,druginv,alcinvol,drugsts,drugres1,drugres2,drugres3,drugtst1,drugtst2,drugtst3,alcsts,alctst,alcres,nmact1,nmact2,nmact3,nmact4,nmact5,nmact6,nmprior1,nmprior2,nmprior3,nmprior4,nmprior5,nmprior6,nmcond1,nmcond2,nmcond3,nmcond4,nmcond5,nmcond6,nmsafe_helmet,nmsafe_pads,nmsafe_oth,nmprev_ref,nmprev_lgt,nmprev_oth,crashlocation,nmcrashtype,crosswalk,schoolzone,sidewalk,train_inv,wildlife_inv,rotr_fars,intersect_fars,dd_inv,aid_inv,dpd_inv,id_inv,mj_inv,impnm_inv,ainm_inv,dpnm_inv,speed_inv,unlic_inv,unendmc_inv,drowsy_inv,drdist_inv,nmdist_inv,fty_inv,unrestfat_inv,dr1617_inv,dr1820_inv,dr1620_inv,dr2125_inv,dr1625_inv,dr65_inv,dr70_inv,dr75_inv,mc_inv,pv_inv,ht_inv,ped_inv,bike_inv,unrest_fat,mc_fat,unhelmet_mc,pv_fat,ht_fat,ped_fat,bike_fat,dr_alc7,dr_alc8,dr_drug,dr_imp,dr_dist,dr_spd,dr_fty,dr_unlic,dr_alc7only,dr_alc8only,dr_drugonly,dr_drink,nm_imp,nm_alc7,nm_alc8,nm_drug,nm_dist,agegrp1,agegrp2,roadclass,urbrur,dayweek,restuse,vehtype,race_me,intersect,lanedep,oppdir,wrongway,rep_typ,investag,repag_long,rotr,st_rd,cty_rd,city_rd,oth_rd,drug_thc,thc_res,drug_cthc,cthc_res,drug_cann,prevpersemin,prevperse,prevsusoth,drugtst4,drugtst5,drugtst6,drugtst7,drugtst8,drugres4,drugres5,drugres6,drugres7,drugres8,adspresent,adsengaged,adslevel,race1,race2,race3,race4,race5,helmet,helmetmisuse,nmdistract1,nmdistract2,nmdistract3,nmdistract4,nmdistract5,nmdistract6,lab,isedtcase,crf1,crf2,crf3,CoRoadName,CoMP,IntCoRoadName,IntCoMP,zipcode
3113,2020,522,3854898,263.0,09/27/2020,17:47,27,9,,33,King,1960,1,,1,1,1,1,1,1,1,17:48,17:52,18:21,9,0,0,0.0,2,0,3,3,2,4,6,0,0,0,0,12TH AVE NE,NE 73RD ST,-122.3153306,47.681558333,0,1,13,83,5,98,4,0,0,1,5,9,1,2,2,4,1,1,1,53,0,47,35,2006,0,,9,,,,,,1,1,24,1,0.0,,0,0,3,0,11,0,,,,,0.0,0.0,0.0,3.0,1,0,,,,96,,,,,,9,,,,,,98155.0,53,69.0,172.0,6.0,1.0,0.0,0.0,0.0,1.0,,11,,,,,,0,04/15/2018,04/15/2018,20,0,0,0,8.0,9,8,,,0,,,8,1,8.0,95.0,,,96.0,,,2,98,997.0,,,,,,,,,,,,,,,,,,,,,,,,,,,,,,0,0,0,1,1,0,0,0,0,1,0,1,0,0,0,0,0,1,0,0,0,0,0,1,1,0,0,0,0,1,0,0,1,0,0,,0,0,0,0,0,0,0,0,0,0,0,0,0,0,0,1,,,,,,21-25,16-25,City street,U,Sunday,Belt Used,PV,Not Fatal,0,0,0,0,City Street,Municipal/City Police,Seattle Police Department,0,0,0,1,0,,,,,,0.0,0.0,1.0,,,,,,,,,,,98.0,98.0,98.0,0.0,,,,,20.0,7.0,,,,,,,,1.0,0.0,,,,,,,98115
3114,2020,523,EB16319,39.0,11/09/2020,15:47,9,11,,61,Snohomish,1120,10,,1,1,2,1,0,2,2,15:49,16:03,,12,0,6,9999.8,8,0,1,4,1,4,6,0,0,0,0,CR-N MACHIAS RD,,-122.0458667,48.010808333,0,1,89,17,2,35,4,0,0,1,2,12,1,1,2,1,1,1,1,53,0,20,16,2000,0,,12,,,,,,1,1,86,2,7.0,,4,7,3,0,11,0,11/09/2020,15:47,112053052742.0,52742.0,0.0,0.0,3.0,3.0,1,38,,,,96,,,,,,98,,,,,,98258.0,53,66.0,200.0,6.0,1.0,0.0,0.0,0.0,0.0,,0,,,,,,0,,,20,0,0,0,0.0,9,8,,,0,,,8,8,2.0,155.0,996.0,996.0,1.0,1.0,1.0,2,1,0.0,,,,,,,,,,,,,,,,,,,,,,,,,,,,,,0,0,0,0,0,0,1,1,0,0,0,0,0,0,0,0,0,0,1,0,0,0,0,0,0,1,1,1,0,1,0,0,0,0,0,,1,0,0,0,0,0,1,1,0,0,1,0,0,0,1,0,,,,,,81+,76+,City street,R,Monday,Belt Used,PV,White,0,0,0,0,City Street,County Sheriff,Snohomish County Sheriff's Office,0,0,0,1,0,,,,,,0.0,0.0,0.0,,,,,,,,,,,98.0,98.0,98.0,1.0,,,,,20.0,7.0,,,,,,,,1.0,0.0,,,,,,,98258
3115,2020,523,EB16319,39.0,11/09/2020,15:47,9,11,,61,Snohomish,1120,10,,1,1,2,1,0,2,2,15:49,16:03,,12,0,6,9999.8,8,0,1,4,1,4,6,0,0,0,0,CR-N MACHIAS RD,,-122.0458667,48.010808333,0,2,88,66,4,35,34,0,0,1,2,12,3,1,2,1,14,1,3,53,0,12,481,1999,0,,12,,,,,,1,1,41,1,0.0,,0,0,3,0,11,0,,,,,0.0,0.0,0.0,3.0,1,0,,,,96,,,,,,0,,,,,,98252.0,53,73.0,245.0,6.0,1.0,0.0,0.0,1.0,0.0,,0,,,,,,0,12/15/2017,12/15/2017,20,0,0,0,8.0,9,8,,,0,,,8,8,0.0,0.0,,,0.0,,,0,0,996.0,,,,,,,,,,,,,,,,,,,,,,,,,,,,,,0,0,0,0,0,0,1,1,0,0,0,0,0,0,0,0,0,0,1,0,0,0,0,0,0,1,1,1,0,1,0,0,0,0,0,,0,0,0,0,0,0,0,0,0,0,0,0,0,0,0,0,,,,,,41-45,36-45,City street,R,Monday,Belt Used,PV,Not Fatal,0,0,0,0,City Street,County Sheriff,Snohomish County Sheriff's Office,0,0,0,1,0,,,,,,0.0,0.0,0.0,,,,,,,,,,,0.0,0.0,0.0,0.0,,,,,20.0,7.0,,,,,,,,1.0,0.0,,,,,,,98258
3116,2020,524,EB14704,39.0,12/22/2020,0:01,22,12,,61,Snohomish,0,1,,2,10,2,1,1,1,1,,,,8,1,0,1.2,1,0,1,5,1,2,4,0,0,0,0,CR-PIONEER HWY E,,-122.2270806,48.188580556,0,1,13,11,2,50,99,0,0,1,5,8,1,1,2,1,1,99,9,99,0,99,999,9999,0,,63,8.0,,,,,1,1,999,9,0.0,,9,0,99,7,11,8,,,,,99.0,9.0,9.0,9.0,1,0,,,,96,,,,,,98,,,,,,99999.0,99,,999.0,9.0,9.0,99.0,99.0,99.0,99.0,,97,,,,,,0,,,99,9,0,0,8.0,9,8,,,0,,,8,8,0.0,0.0,,,0.0,,,0,0,996.0,,,,,,,,,,,,,,,,,,,,,,,,,,,,,,0,0,0,0,0,0,0,0,0,1,0,1,0,0,0,0,0,0,0,0,0,0,0,0,0,0,0,0,0,0,0,1,0,0,0,,0,0,0,0,0,0,0,0,0,0,0,0,0,0,0,0,,,,,,,,County road,R,Tuesday,,NR-U,Not Fatal,0,0,0,0,County Road,County Sheriff,Snohomish County Sheriff's Office,0,0,1,0,0,,,,,,99.0,99.0,99.0,,,,,,,,,,,98.0,98.0,98.0,0.0,,,,,20.0,7.0,,,,,,,,1.0,0.0,,,PIONEER HWY EAST,1.231,,,98223
3117,2020,525,3854920,263.0,07/12/2020,20:00,12,7,,33,King,1960,10,,5,1,1,1,1,2,2,,,,12,1,6,33.2,2,0,2,3,2,1,3,0,0,0,0,SR-99,N 128TH,-122.3449639,47.722291667,0,1,88,17,2,25,34,0,0,1,2,12,1,1,8,1,1,1,0,53,0,12,481,2005,0,,12,,,,,,1,1,24,2,0.0,,0,0,98,7,11,0,,,,,0.0,0.0,0.0,0.0,1,91,,,,96,,,,,,9,,,,,,98103.0,53,64.0,125.0,0.0,0.0,0.0,1.0,0.0,0.0,,2,7.0,,,,,0,06/15/2016,06/15/2016,99,9,0,0,8.0,3,2,,,0,,,1,8,2.0,401.0,417.0,,1.0,1.0,,2,1,0.0,,,,,,,,,,,,,,,,,,,,,,,,,,,,,,0,0,0,1,0,0,1,1,0,1,0,1,0,1,0,0,0,0,0,0,0,0,0,1,1,0,0,0,0,1,0,1,0,0,0,,0,0,0,0,0,0,1,1,0,0,0,1,0,0,1,0,,,,,,21-25,16-25,State route,U,Sunday,Unknown,PV,Not Fatal,1,0,0,0,State Route,Municipal/City Police,Seattle Police Department,0,1,0,0,0,,,,,,0.0,0.0,0.0,,,,,,,,,,,98.0,98.0,98.0,0.0,,,,,20.0,7.0,,,,,,,,1.0,0.0,,,,,,,98133
3118,2020,525,3854920,263.0,07/12/2020,20:00,12,7,,33,King,1960,10,,5,1,1,1,1,2,2,,,,12,0,6,33.2,2,0,2,3,2,1,3,0,0,0,0,SR-99,N 128TH,-122.3449639,47.722291667,0,2,89,66,4,40,2,0,0,1,2,8,1,1,5,5,1,1,2,53,0,7,28,2019,0,,12,63.0,8.0,,,,1,1,28,2,0.0,,0,0,99,7,11,0,,,,,0.0,0.0,0.0,3.0,1,0,,,,96,,,,,,0,,,,,,98108.0,53,61.0,160.0,6.0,1.0,0.0,0.0,1.0,6.0,,0,,,,,,0,11/15/2016,11/15/2018,99,9,0,0,8.0,9,8,,,0,,,8,8,8.0,95.0,,,96.0,,,8,95,995.0,,,,,,,,,,,,,,,,,,,,,,,,,,,,,,0,0,0,1,0,0,1,1,0,1,0,1,0,1,0,0,0,0,0,0,0,0,0,1,1,0,0,0,0,1,0,1,0,0,0,,0,0,0,0,0,0,0,0,0,0,0,0,0,0,0,0,,,,,,26-30,26-35,State route,U,Sunday,Unknown,PV,Not Fatal,1,0,0,0,State Route,Municipal/City Police,Seattle Police Department,0,1,0,0,0,,,,,,0.0,0.0,3.0,,,,,,,,,,,98.0,98.0,98.0,0.0,,,,,20.0,7.0,,,,,,,,1.0,0.0,,,,,,,98133
3119,2020,526,EA16333,127.0,02/03/2020,9:26,3,2,,33,King,735,1,,1,2,2,1,0,4,4,9:40,9:44,10:02,12,0,11,2.8,1,0,1,3,2,1,3,0,0,0,0,SR-99,,-122.3332,47.26825,0,1,32,8,1,50,66,1,0,1,2,12,1,2,4,1,1,1,3,53,0,87,881,1991,0,,12,68.0,12.0,12.0,,,1,1,51,1,0.0,,1,0,3,0,11,5,,,,,6.0,1.0,0.0,3.0,1,28,,,,96,,,,,,98,,,,,,98360.0,53,69.0,210.0,6.0,1.0,0.0,2.0,5.0,2.0,,97,,,,,,0,12/15/2016,03/15/2019,20,0,0,0,8.0,9,8,,,0,,,8,8,2.0,402.0,,,1.0,,,2,1,0.0,,,,,,,,,,,,,,,,,,,,,,,,,,,,,,0,0,0,0,0,0,1,1,0,0,0,0,0,0,0,0,0,0,0,0,0,0,0,0,0,0,0,0,0,1,1,0,0,0,0,,0,0,0,0,0,0,1,1,0,0,0,0,0,0,1,0,,,,,,51-55,46-55,State route,U,Monday,,MHTRUCK,Not Fatal,0,0,0,0,State Route,Municipal/City Police,Federal Way Dept of Public Safety,0,1,0,0,0,,,,,,0.0,0.0,2.0,,,,,,,,,,,0.0,0.0,0.0,0.0,,,,,20.0,7.0,,,,,,,,0.0,0.0,,,,,,,98003
3120,2020,526,EA16333,127.0,02/03/2020,9:26,3,2,,33,King,735,1,,1,2,2,1,0,4,4,9:40,9:44,10:02,12,0,11,2.8,1,0,1,3,2,1,3,0,0,0,0,SR-99,,-122.3332,47.26825,0,2,32,53,3,50,66,0,0,1,2,12,1,2,4,1,5,1,3,53,0,51,881,2012,0,,12,,,,,,1,1,59,1,0.0,,0,0,2,0,11,0,,,,,6.0,0.0,0.0,3.0,1,0,,,,96,,,,,,0,,,,,,98030.0,53,72.0,200.0,6.0,1.0,0.0,0.0,0.0,0.0,,0,,,,,,0,,,20,0,0,0,8.0,9,8,,,0,,,8,8,8.0,95.0,,,96.0,,,8,95,995.0,,,,,,,,,,,,,,,,,,,,,,,,,,,,,,0,0,0,0,0,0,1,1,0,0,0,0,0,0,0,0,0,0,0,0,0,0,0,0,0,0,0,0,0,1,1,0,0,0,0,,0,0,0,0,0,0,0,0,0,0,0,0,0,0,0,0,,,,,,56-60,56-65,State route,U,Monday,,MHTRUCK,Not Fatal,0,0,0,0,State Route,Municipal/City Police,Federal Way Dept of Public Safety,0,1,0,0,0,,,,,,0.0,0.0,0.0,,,,,,,,,,,98.0,98.0,98.0,0.0,,,,,20.0,7.0,,,,,,,,0.0,0.0,,,,,,,98003
3121,2020,526,EA16333,127.0,02/03/2020,9:26,3,2,,33,King,735,1,,1,2,2,1,0,4,4,9:40,9:44,10:02,12,0,11,2.8,1,0,1,3,2,1,3,0,0,0,0,SR-99,,-122.3332,47.26825,0,3,98,62,4,50,15,0,0,1,5,12,1,2,4,1,1,1,1,53,0,37,421,2017,0,,12,,,,,,1,1,50,2,7.0,,4,7,3,0,11,0,02/03/2020,9:26,73553005644.0,5644.0,0.0,0.0,0.0,3.0,1,0,,,,96,,,,,,0,,,,,,98354.0,53,63.0,125.0,6.0,1.0,0.0,0.0,0.0,0.0,,0,,,,,,0,,,8,0,0,1,0.0,9,8,,,0,,,8,8,2.0,1.0,,,1.0,,,2,1,0.0,,,,,,,,,,,,,,,,,,,,,,,,,,,,,,0,0,0,0,0,0,1,1,0,0,0,0,0,0,0,0,0,0,0,0,0,0,0,0,0,0,0,0,0,1,1,0,0,0,0,,1,0,0,0,0,0,0,0,0,0,0,0,0,0,0,0,,,,,,46-50,46-55,State route,U,Monday,Belt Used,PV,White,0,0,0,0,State Route,Municipal/City Police,Federal Way Dept of Public Safety,0,1,0,0,0,,,,,,0.0,0.0,0.0,,,,,,,,,,,98.0,98.0,98.0,1.0,,,,,20.0,7.0,,,,,,,,0.0,0.0,,,,,,,98003
3122,2020,526,EA16333,127.0,02/03/2020,9:26,3,2,,33,King,735,1,,1,2,2,1,0,4,4,9:40,9:44,10:02,12,0,11,2.8,1,0,1,3,2,1,3,0,0,0,0,SR-99,,-122.3332,47.26825,0,4,98,62,4,50,4,0,0,1,5,12,1,2,4,1,1,1,1,53,0,22,18,2004,0,,12,63.0,34.0,,,,1,1,26,2,0.0,,2,0,3,0,11,5,,,,,0.0,0.0,3.0,3.0,1,0,,,,96,,,,,,0,,,,,,98047.0,53,64.0,330.0,6.0,1.0,0.0,1.0,1.0,0.0,,0,,,,,,0,07/15/2016,08/15/2018,8,0,0,0,8.0,9,8,,,0,,,8,8,8.0,95.0,,,96.0,,,8,95,995.0,,,,,,,,,,,,,,,,,,,,,,,,,,,,,,0,0,0,0,0,0,1,1,0,0,0,0,0,0,0,0,0,0,0,0,0,0,0,0,0,0,0,0,0,1,1,0,0,0,0,,0,0,0,0,0,0,0,0,0,0,0,0,0,0,0,0,,,,,,26-30,26-35,State route,U,Monday,Belt Used,PV,Not Fatal,0,0,0,0,State Route,Municipal/City Police,Federal Way Dept of Public Safety,0,1,0,0,0,,,,,,0.0,0.0,0.0,,,,,,,,,,,98.0,98.0,98.0,0.0,,,,,20.0,7.0,,,,,,,,0.0,0.0,,,,,,,98003
3123,2020,527,EB10973,199.0,01/03/2020,16:47,3,1,,53,Pierce,1350,2,,5,2,2,1,1,1,1,,,,8,0,0,2.0,1,0,1,3,2,1,3,0,3,0,0,SR-99,,-122.3362278,47.256963889,0,1,13,80,5,45,6,0,0,1,5,8,1,1,5,5,1,1,1,53,0,48,45,2016,0,,8,,,,,,1,1,51,1,0.0,,0,0,3,0,11,0,,,,,0.0,0.0,3.0,3.0,1,0,,,,96,,,,,,98,,,,,,98406.0,53,72.0,205.0,6.0,1.0,0.0,0.0,0.0,1.0,,0,,,,,,0,02/15/2019,02/15/2019,20,0,0,0,8.0,9,8,,,0,,,8,8,8.0,95.0,,,96.0,,,2,98,0.0,,,,,,,,,,,,,,,,,,,,,,,,,,,,,,0,0,0,0,0,0,0,0,0,1,0,1,0,0,0,0,0,0,0,0,0,0,0,0,0,0,0,0,0,1,0,1,0,0,0,,0,0,0,0,0,0,0,0,0,0,0,0,0,0,0,0,,,,,,51-55,46-55,State route,U,Friday,Belt Used,PV,Not Fatal,0,0,0,0,State Route,Municipal/City Police,Milton Police Department,0,1,0,0,0,,,,,,0.0,0.0,0.0,,,,,,,,,,,98.0,98.0,98.0,0.0,,,,,20.0,7.0,,,,,,,,0.0,0.0,,,,,,,98354
3124,2020,528,EA82050,242.0,11/12/2020,16:04,12,11,,53,Pierce,1770,2,,1,2,2,1,0,2,2,16:04,16:16,16:37,12,0,6,5.4,8,0,1,3,2,1,3,0,0,0,0,SR-167,,-122.2945028,47.198955556,0,1,68,15,2,35,10,0,0,1,5,12,1,1,5,5,11,1,1,53,0,48,44,2003,0,,12,,,,,,1,1,76,2,0.0,,1,0,3,0,11,5,,,,,0.0,0.0,0.0,3.0,1,38,48.0,,,96,,,,,,9,,,,,,98371.0,53,67.0,125.0,6.0,1.0,0.0,0.0,0.0,0.0,,97,,,,,,0,,,20,0,0,0,8.0,9,8,,,0,,,1,8,8.0,95.0,,,96.0,,,8,95,995.0,,,,,,,,,,,,,,,,,,,,,,,,,,,,,,0,0,0,0,0,0,1,1,0,0,0,0,0,0,0,0,0,0,1,0,0,0,0,0,0,1,1,1,1,1,0,0,0,0,0,,0,0,0,0,0,0,0,0,0,0,1,0,0,0,0,0,,,,,,76-80,76+,State route,U,Thursday,Belt Used,PV,Not Fatal,0,0,0,0,State Route,Municipal/City Police,Puyallup Police Department,0,1,0,0,0,,,,,,0.0,0.0,0.0,,,,,,,,,,,98.0,98.0,98.0,0.0,,,,,20.0,7.0,,,,,,,,0.0,0.0,,,,,,,98371
3125,2020,528,EA82050,242.0,11/12/2020,16:04,12,11,,53,Pierce,1770,2,,1,2,2,1,0,2,2,16:04,16:16,16:37,12,0,6,5.4,8,0,1,3,2,1,3,0,0,0,0,SR-167,,-122.2945028,47.198955556,0,2,69,62,4,35,80,0,0,1,5,12,1,1,5,5,1,1,1,53,0,72,706,2017,0,,12,,,,,,1,1,61,1,7.0,,4,0,20,7,11,5,11/13/2020,3:43,196053053444.0,53444.0,0.0,0.0,0.0,3.0,1,0,,,,96,,,,,,0,,,,,,98070.0,53,73.0,210.0,6.0,1.0,0.0,0.0,0.0,0.0,,0,,,,,,0,,,20,8,0,0,0.0,9,8,,,0,,,8,8,2.0,996.0,,,1.0,,,2,1,0.0,,,,,,,,,,,,,,,,,,,,,,,,,,,,,,0,0,0,0,0,0,1,1,0,0,0,0,0,0,0,0,0,0,1,0,0,0,0,0,0,1,1,1,1,1,0,0,0,0,1,0.0,0,0,0,0,0,0,1,1,0,0,0,0,0,0,1,0,,,,,,61-65,56-65,State route,U,Thursday,,MC,White,0,0,0,0,State Route,Municipal/City Police,Puyallup Police Department,0,1,0,0,0,,,,,,0.0,0.0,0.0,,,,,,,,,,,0.0,0.0,0.0,1.0,,,,,5.0,0.0,,,,,,,,0.0,0.0,,,,,,,98371
3126,2020,530,EA63825,55.0,09/14/2020,12:50,14,9,,33,King,100,1,,1,1,2,1,1,1,1,13:13,13:13,,9,0,0,0.0,1,0,1,5,2,4,6,0,0,0,0,M ST SE,,-122.2125333,47.281972222,0,1,92,83,5,98,15,0,0,1,5,9,1,1,8,8,13,1,1,53,0,54,421,2011,0,,9,,,,,,1,1,45,2,0.0,,0,0,3,0,11,0,,,,,0.0,0.0,0.0,3.0,1,0,,,,96,,,,,,0,,,,,,98002.0,53,65.0,160.0,6.0,1.0,0.0,0.0,0.0,1.0,,0,,,,,,0,04/15/2019,04/15/2019,20,0,0,0,8.0,9,8,,,0,,,8,8,0.0,0.0,,,0.0,,,0,0,996.0,,,,,,,,,,,,,,,,,,,,,,,,,,,,,,0,0,0,0,0,0,0,0,0,0,0,0,0,0,0,0,0,0,0,0,0,0,0,0,0,0,0,0,0,1,0,0,1,0,0,,0,0,0,0,0,0,0,0,0,0,0,0,0,0,0,0,,,,,,41-45,36-45,City street,U,Monday,Belt Used,PV,Not Fatal,0,0,0,0,City Street,Municipal/City Police,Auburn Police Department,0,0,0,1,0,,,,,,0.0,0.0,0.0,,,,,,,,,,,98.0,98.0,98.0,0.0,,,,,20.0,7.0,,,,,,,,0.0,0.0,,,,,,,98002
3127,2020,531,EA09539,189.0,01/24/2020,18:05,24,1,,61,Snohomish,1280,1,,3,1,2,1,1,1,1,18:04,18:13,18:33,8,0,0,0.1,3,1,2,1,2,1,1,0,0,3,3,I-5 RAMP,SR-528,-122.1836056,48.051852778,0,1,13,15,2,98,5,0,0,1,5,8,1,1,2,6,11,1,3,53,0,48,38,2018,0,,8,,,,,,1,1,42,2,0.0,,0,0,3,0,11,0,,,,,0.0,0.0,3.0,3.0,1,38,,,,96,,,,,,0,,,,,,98023.0,53,67.0,150.0,6.0,1.0,0.0,0.0,0.0,0.0,,46,,,,,,0,,,20,0,0,0,8.0,9,8,,,0,,,8,8,8.0,95.0,,,96.0,,,8,95,995.0,,,,,,,,,,,,,,,,,,,,,,,,,,,,,,0,0,0,1,0,0,0,0,0,0,0,0,0,0,0,0,0,0,1,0,0,0,0,0,0,0,0,0,0,1,0,1,0,0,0,,0,0,0,0,0,0,0,0,0,0,1,0,0,0,0,0,,,,,,41-45,36-45,Interstate,U,Friday,Belt Used,PV,Not Fatal,1,0,0,0,State Route,Municipal/City Police,Marysville Police Department,0,1,0,0,0,,,,,,0.0,0.0,0.0,,,,,,,,,,,98.0,98.0,98.0,0.0,,,,,20.0,7.0,,,,,,,,1.0,0.0,,,,,,,98270
3128,2020,532,EA19824,146.0,02/28/2020,19:16,28,2,,77,Yakima,0,1,,2,1,2,1,0,2,2,19:18,19:22,20:08,12,0,6,1.4,2,0,2,5,1,1,3,0,3,20,3,SR-220,BECKER RD,-120.3569917,46.375252778,0,1,82,15,2,50,80,0,0,1,2,12,1,1,2,1,11,1,2,53,0,98,705,2007,0,,12,,,,,,1,1,65,1,7.0,,4,0,20,7,11,0,03/05/2020,6:35,196053012237.0,12237.0,0.0,0.0,3.0,2.0,1,38,,,,96,,,,,,0,,,,,,98936.0,53,69.0,175.0,1.0,1.0,0.0,1.0,0.0,0.0,,46,71.0,79.0,,,,0,12/15/2019,12/15/2019,20,8,0,0,0.0,9,8,,,0,,,8,8,0.0,0.0,,,0.0,,,0,0,996.0,,,,,,,,,,,,,,,,,,,,,,,,,,,,,,0,0,0,1,0,0,0,0,0,0,0,0,0,1,1,0,0,0,1,0,0,0,0,0,0,1,0,0,1,1,0,0,0,0,1,0.0,0,0,0,0,0,0,0,0,0,0,1,1,0,0,0,0,,,,,,61-65,56-65,State route,R,Friday,,MC,White,1,0,0,0,County Road,County Sheriff,Yakima County Sheriff's Office,0,0,1,0,0,,,,,,0.0,0.0,2.0,,,,,,,,,,,0.0,0.0,0.0,1.0,,,,,5.0,0.0,,,,,,,,1.0,0.0,,,FORT RD.,1.35,BECKER RD.,0.99,98948
3129,2020,532,EA19824,146.0,02/28/2020,19:16,28,2,,77,Yakima,0,1,,2,1,2,1,0,2,2,19:18,19:22,20:08,12,0,6,1.4,2,0,2,5,1,1,3,0,3,0,0,SR-220,BECKER RD,-120.3569917,46.375252778,0,2,83,67,4,55,4,0,0,1,5,12,1,1,2,1,1,1,1,53,0,20,2,2006,0,,12,,,,,,1,1,64,2,0.0,,1,0,3,0,11,5,,,,,0.0,0.0,0.0,3.0,1,0,,,,96,,,,,,0,,,,,,98951.0,53,68.0,152.0,6.0,1.0,0.0,0.0,0.0,0.0,,0,,,,,,0,,,1,0,0,0,8.0,9,8,,,0,,,8,8,0.0,0.0,,,0.0,,,0,0,996.0,,,,,,,,,,,,,,,,,,,,,,,,,,,,,,0,0,0,1,0,0,0,0,0,0,0,0,0,1,1,0,0,0,1,0,0,0,0,0,0,1,0,0,1,1,0,0,0,0,0,,0,0,0,0,0,0,0,0,0,0,0,0,0,0,0,0,,,,,,61-65,56-65,State route,R,Friday,Belt Used,PV,Not Fatal,1,0,0,0,County Road,County Sheriff,Yakima County Sheriff's Office,0,0,1,0,0,,,,,,0.0,0.0,0.0,,,,,,,,,,,98.0,98.0,98.0,0.0,,,,,20.0,7.0,,,,,,,,1.0,0.0,,,FORT RD.,1.35,BECKER RD.,0.99,98948
3130,2020,533,3841241,40.0,01/23/2020,12:17,23,1,,63,Spokane,0,2,,1,2,2,1,0,1,1,,,,42,0,0,1.4,3,0,3,6,1,2,4,0,0,0,0,CR-S BALTIMORE RD,S FREYA,-117.3582972,47.556088889,0,1,6,12,2,45,4,0,0,1,2,42,1,2,2,1,1,1,1,53,0,22,18,2005,0,,68,64.0,42.0,,,,1,1,19,1,7.0,,4,7,20,7,11,0,01/23/2020,12:17,53003596.0,3596.0,0.0,0.0,0.0,3.0,1,0,,,,92,,,,,,98,,,,,,99223.0,53,68.0,125.0,6.0,2.0,0.0,0.0,0.0,1.0,,0,,,,,,0,04/15/2018,04/15/2018,1,2,9,0,0.0,9,8,,,0,,,8,8,8.0,95.0,,,96.0,,,8,95,995.0,,,,,,,,,,,,,,,,,,,,,,,,,,,,,,0,0,1,1,0,0,0,0,0,0,0,0,0,0,0,0,1,0,0,1,0,1,1,0,1,0,0,0,0,1,0,0,0,1,0,,1,0,0,0,0,0,0,0,1,0,0,0,0,0,0,0,,,,,,18-20,16-25,County road,R,Thursday,Not Used,PV,White,0,1,0,0,County Road,County Sheriff,Spokane County Sheriff's Office,1,0,1,0,0,,,,,,0.0,0.0,0.0,,,,,,,,,,,98.0,98.0,98.0,1.0,,,,,20.0,7.0,,,,,,,,1.0,0.0,,,BALTIMORE RD,1.35,,,99223
3131,2020,534,3837909,263.0,04/16/2020,21:15,16,4,,33,King,1960,1,,3,1,2,1,1,1,1,21:16,21:32,21:43,8,0,0,0.0,3,0,2,3,2,4,6,0,0,3,3,RAINIER AVE S,MARTIN LUTHER KING JR WAY S,-122.2966056,47.576330556,0,1,13,80,5,25,21,0,0,1,5,8,1,1,6,1,1,1,1,53,0,20,461,1990,0,,8,,,,,,1,1,61,1,0.0,,0,0,3,0,11,0,,,,,0.0,0.0,0.0,3.0,1,0,,,,96,,,,,,0,,,,,,98122.0,53,73.0,260.0,6.0,1.0,0.0,1.0,0.0,0.0,,0,,,,,,0,03/15/2019,03/15/2019,20,0,0,0,8.0,9,8,,,0,,,8,8,0.0,0.0,,,0.0,,,0,0,996.0,,,,,,,,,,,,,,,,,,,,,,,,,,,,,,0,0,0,1,0,0,0,0,0,1,1,1,0,0,0,0,0,0,0,0,0,0,0,0,0,0,0,0,0,1,0,1,0,0,0,,0,0,0,0,0,0,0,0,0,0,0,0,0,0,0,0,,,,,,61-65,56-65,City street,U,Thursday,Belt Used,PV,Not Fatal,1,0,0,0,City Street,Municipal/City Police,Seattle Police Department,0,0,0,1,0,,,,,,0.0,0.0,0.0,,,,,,,,,,,0.0,0.0,0.0,0.0,,,,,20.0,7.0,,,,,,,,1.0,0.0,,,,,,,98144