,year,case,par,repjur,crash_dt,crash_tm,accday,accmon,holiday,county,co_char,city,weather,weather2,lightcond,surfcond,surftype,numfatal,nmforms,pforms,vforms,not_tm,arr_tm,hosp_tm,fhevent,hitrun,manncol,milepnt,reljunc,reljuncinter,intersectiontype,funcsystem,landuse,ownership,route,schlbus,spejur,contdev,devfunc,trafid1,trafid2,x,y,wk_zone,vnumber,crashtype,criticalevent,criticaleventcat,spdlim,body,trailer,emerg,hazcargo,leave,mhevent,roadalgn,roadprof,traflane,trafflow,vehmanvr,numoccs,regowner,regstate,spuse,make,model,modelyr,vrf1,vrf2,seqevent1,seqevent2,seqevent3,seqevent4,seqevent5,seqevent6,pnumber,ptype,age,sex,hispanic,race,injury,diedscene,restraint,restraintmisuse,seatpos,takehosp,death_dt,death_tm,cert,cernum_wa,commlic,licendor,licrestrict,liccomp,drivpres,drf1,drf2,drf3,drf4,distract1,distract2,distract3,distract4,distract5,distract6,dricond1,dricond2,dricond3,dricond4,dricond5,dricond6,dzip,licstate,drhgt_in,weight,noncdl,noncdltype,prevdwi,prevoth,prevacc,prevspd,prevsus,driviol1,driviol2,driviol3,driviol4,driviol5,driviol6,spdrel,first_dt,last_dt,airbag,ejection,ejectpath,extricat,injurwrk,methalc,methdrug,nmlocat,strikveh,prf1,prf2,prf3,druginv,alcinvol,drugsts,drugres1,drugres2,drugres3,drugtst1,drugtst2,drugtst3,alcsts,alctst,alcres,nmact1,nmact2,nmact3,nmact4,nmact5,nmact6,nmprior1,nmprior2,nmprior3,nmprior4,nmprior5,nmprior6,nmcond1,nmcond2,nmcond3,nmcond4,nmcond5,nmcond6,nmsafe_helmet,nmsafe_pads,nmsafe_oth,nmprev_ref,nmprev_lgt,nmprev_oth,crashlocation,nmcrashtype,crosswalk,schoolzone,sidewalk,train_inv,wildlife_inv,rotr_fars,intersect_fars,dd_inv,aid_inv,dpd_inv,id_inv,mj_inv,impnm_inv,ainm_inv,dpnm_inv,speed_inv,unlic_inv,unendmc_inv,drowsy_inv,drdist_inv,nmdist_inv,fty_inv,unrestfat_inv,dr1617_inv,dr1820_inv,dr1620_inv,dr2125_inv,dr1625_inv,dr65_inv,dr70_inv,dr75_inv,mc_inv,pv_inv,ht_inv,ped_inv,bike_inv,unrest_fat,mc_fat,unhelmet_mc,pv_fat,ht_fat,ped_fat,bike_fat,dr_alc7,dr_alc8,dr_drug,dr_imp,dr_dist,dr_spd,dr_fty,dr_unlic,dr_alc7only,dr_alc8only,dr_drugonly,dr_drink,nm_imp,nm_alc7,nm_alc8,nm_drug,nm_dist,agegrp1,agegrp2,roadclass,urbrur,dayweek,restuse,vehtype,race_me,intersect,lanedep,oppdir,wrongway,rep_typ,investag,repag_long,rotr,st_rd,cty_rd,city_rd,oth_rd,drug_thc,thc_res,drug_cthc,cthc_res,drug_cann,prevpersemin,prevperse,prevsusoth,drugtst4,drugtst5,drugtst6,drugtst7,drugtst8,drugres4,drugres5,drugres6,drugres7,drugres8,adspresent,adsengaged,adslevel,race1,race2,race3,race4,race5,helmet,helmetmisuse,nmdistract1,nmdistract2,nmdistract3,nmdistract4,nmdistract5,nmdistract6,lab,isedtcase,crf1,crf2,crf3,CoRoadName,CoMP,IntCoRoadName,IntCoMP,zipcode
3132,2020,535,3838326,263.0,05/03/2020,0:52,3,5,,33,King,1960,1,,3,1,1,1,1,1,1,0:58,1:08,1:22,8,1,0,0.0,3,0,4,5,2,4,6,0,0,0,0,14TH AVE S,GOLG DR S,-122.3148556,47.593005556,0,1,13,80,5,25,9,0,0,1,5,8,1,1,1,4,10,99,9,99,0,99,399,9999,0,,8,,,,,,1,1,998,8,0.0,,9,0,99,7,11,8,,,,,99.0,9.0,9.0,9.0,1,0,,,,92,,,,,,98,,,,,,99998.0,98,,999.0,9.0,9.0,99.0,99.0,99.0,99.0,,97,,,,,,0,,,98,0,0,0,8.0,9,8,,,0,,,8,8,0.0,0.0,,,0.0,,,0,0,996.0,,,,,,,,,,,,,,,,,,,,,,,,,,,,,,0,0,0,1,0,0,0,0,0,1,0,1,0,0,0,0,1,0,0,0,0,0,0,0,0,0,0,0,0,1,0,1,0,0,0,,0,0,0,0,0,0,0,0,1,0,0,0,0,0,0,0,,,,,,,,City street,U,Sunday,Unknown,PV,Not Fatal,0,0,0,0,City Street,Municipal/City Police,Seattle Police Department,0,0,0,1,0,,,,,,99.0,99.0,99.0,,,,,,,,,,,98.0,98.0,98.0,0.0,,,,,20.0,7.0,,,,,,,,1.0,0.0,,,,,,,98144
3133,2020,536,EA39149,25.0,06/09/2020,23:14,9,6,,33,King,0,10,,2,1,2,1,0,1,1,23:14,23:22,0:25,42,0,0,0.7,1,0,1,3,1,2,4,0,0,0,0,CR-NE 143RD ST,,-122.1242917,47.728361111,0,1,1,13,2,35,4,0,0,1,2,2,3,2,2,1,14,1,4,41,0,12,23,2019,0,,63,42.0,1.0,2.0,,,1,1,78,1,1.0,,4,0,3,0,11,5,06/30/2020,13:26,196053031830.0,31830.0,0.0,0.0,3.0,3.0,1,0,,,,92,,,,,,98,,,,,,98272.0,53,69.0,165.0,6.0,1.0,0.0,0.0,0.0,0.0,,0,,,,,,0,,,8,0,0,0,0.0,9,8,,,0,,,8,8,8.0,95.0,,,96.0,,,8,95,995.0,,,,,,,,,,,,,,,,,,,,,,,,,,,,,,0,0,1,0,0,0,0,0,0,0,0,0,0,0,0,0,1,0,0,0,0,0,0,0,0,1,1,1,0,1,0,0,0,0,0,,1,0,0,0,0,0,0,0,1,0,0,0,0,0,0,0,,,,,,76-80,76+,County road,R,Tuesday,Belt Used,PV,Hispanic,0,1,0,0,County Road,County Sheriff,King County Police,1,0,1,0,0,,,,,,0.0,0.0,0.0,,,,,,,,,,,98.0,98.0,98.0,1.0,,,,,20.0,7.0,,,,,,,,1.0,0.0,,,NE 143 ST,0.668,,,98072
3134,2020,537,EA20154,160.0,02/29/2020,1:33,29,2,,33,King,1030,10,,3,2,2,1,0,1,1,,,,33,0,0,0.0,1,0,1,4,2,4,6,0,0,0,0,84TH AVE S,,-122.2280667,47.425802778,0,1,2,13,2,40,4,0,0,1,2,42,1,1,5,5,98,1,2,53,0,58,32,1994,0,,63,33.0,69.0,68.0,64.0,42.0,1,1,24,1,2.0,,4,0,20,7,11,5,03/01/2020,13:33,196053012041.0,12041.0,0.0,0.0,2.0,2.0,1,74,,,,96,,,,,,98,,,,,,98038.0,53,67.0,140.0,1.0,1.0,2.0,1.0,1.0,1.0,,97,,,,,,4,01/15/2016,07/15/2019,20,0,0,0,0.0,9,8,,,0,,,8,8,2.0,1.0,,,1.0,,,2,1,0.169,,,,,,,,,,,,,,,,,,,,,,,,,,,,,,0,0,0,0,1,1,0,1,0,0,0,0,1,1,0,0,0,0,0,1,0,0,0,1,1,0,0,0,0,1,0,0,0,1,0,,1,0,0,0,0,1,0,1,0,1,0,1,0,1,0,1,,,,,,21-25,16-25,City street,U,Saturday,Not Used,PV,Hispanic,0,1,0,0,City Street,Municipal/City Police,Kent Police Department,1,0,0,1,0,,,,,,0.0,1.0,2.0,,,,,,,,,,,0.0,0.0,0.0,1.0,,,,,20.0,7.0,,,,,,,,1.0,0.0,,,,,,,98055
3135,2020,538,EA24009,250.0,03/13/2020,19:05,13,3,,5,Benton,1850,2,,2,2,2,1,0,3,2,16:10,16:12,16:35,12,0,6,0.0,2,0,3,4,2,4,6,0,0,20,3,JADWIN AVE,COAST ST,-119.2846056,46.30725,0,1,82,15,2,35,5,0,0,1,2,12,4,1,2,1,11,1,1,53,0,49,46,2007,0,,12,,,,,,1,1,78,1,7.0,,4,0,3,0,11,5,03/18/2020,15:25,185053012770.0,12770.0,0.0,0.0,3.0,3.0,1,38,,,,0,,,,,,1,,,,,,99354.0,53,73.0,165.0,6.0,1.0,0.0,0.0,0.0,0.0,,46,,,,,,0,,,8,0,0,0,0.0,9,8,,,0,,,8,8,0.0,0.0,,,0.0,,,0,0,996.0,,,,,,,,,,,,,,,,,,,,,,,,,,,,,,0,0,0,1,0,0,0,0,0,0,0,0,0,0,0,0,0,0,1,0,0,0,0,0,0,1,1,1,0,1,0,0,0,0,0,,1,0,0,0,0,0,0,0,0,0,1,0,0,0,0,0,,,,,,76-80,76+,City street,U,Friday,Belt Used,PV,White,0,0,0,0,City Street,Municipal/City Police,Richland Police Department,0,0,0,1,0,,,,,,0.0,0.0,0.0,,,,,,,,,,,98.0,98.0,98.0,1.0,,,,,20.0,7.0,,,,,,,,1.0,0.0,,,,,,,99354
3136,2020,538,EA24009,250.0,03/13/2020,19:05,13,3,,5,Benton,1850,2,,2,2,2,1,0,3,2,16:10,16:12,16:35,12,0,6,0.0,2,0,3,4,2,4,6,0,0,0,0,JADWIN AVE,COAST ST,-119.2846056,46.30725,0,2,83,67,4,35,4,0,0,1,2,12,3,1,2,2,14,2,1,53,0,49,32,2015,0,,12,,,,,,1,1,27,1,0.0,,0,0,3,0,11,0,,,,,0.0,0.0,3.0,3.0,1,0,,,,96,,,,,,0,,,,,,99354.0,53,68.0,160.0,6.0,1.0,1.0,0.0,0.0,1.0,,0,,,,,,0,06/15/2016,02/15/2018,8,0,0,0,8.0,9,8,,,0,,,8,8,0.0,0.0,,,0.0,,,0,0,996.0,,,,,,,,,,,,,,,,,,,,,,,,,,,,,,0,0,0,1,0,0,0,0,0,0,0,0,0,0,0,0,0,0,1,0,0,0,0,0,0,1,1,1,0,1,0,0,0,0,0,,0,0,0,0,0,0,0,0,0,0,0,0,0,0,0,0,,,,,,26-30,26-35,City street,U,Friday,Belt Used,PV,Not Fatal,0,0,0,0,City Street,Municipal/City Police,Richland Police Department,0,0,0,1,0,,,,,,0.0,1.0,1.0,,,,,,,,,,,98.0,98.0,98.0,0.0,,,,,20.0,7.0,,,,,,,,1.0,0.0,,,,,,,99354
3137,2020,539,EA26160,2.0,03/21/2020,14:11,21,3,,29,Island,0,1,,1,1,2,1,0,2,2,14:17,14:24,15:33,12,0,1,23.6,3,0,3,3,1,1,3,0,0,0,0,SR-525,PLANTATION DR,-122.5674194,48.073644444,0,1,20,50,3,50,34,0,0,1,2,12,1,1,2,1,1,1,1,53,0,12,481,1982,0,,12,,,,,,1,1,58,1,7.0,,4,0,3,0,11,5,03/31/2020,11:54,196053016223.0,16223.0,0.0,0.0,0.0,3.0,1,26,,,,96,,,,,,0,,,,,,98253.0,53,72.0,260.0,6.0,1.0,0.0,1.0,0.0,0.0,,58,,,,,,0,12/15/2016,12/15/2016,20,0,0,0,0.0,9,8,,,0,,,8,8,0.0,0.0,,,0.0,,,0,0,996.0,,,,,,,,,,,,,,,,,,,,,,,,,,,,,,0,0,0,1,0,0,0,0,0,0,0,0,0,0,0,0,0,0,0,0,0,0,0,0,0,0,0,0,0,1,0,0,0,0,0,,1,0,0,0,0,0,0,0,0,0,0,0,0,0,0,0,,,,,,56-60,56-65,State route,R,Saturday,Belt Used,PV,White,1,0,0,0,State Route,State Patrol,Washington State Patrol,0,1,0,0,0,,,,,,0.0,0.0,0.0,,,,,,,,,,,0.0,0.0,0.0,1.0,,,,,20.0,7.0,,,,,,,,1.0,0.0,,,,,,,98253
3138,2020,539,EA26160,2.0,03/21/2020,14:11,21,3,,29,Island,0,1,,1,1,2,1,0,2,2,14:17,14:24,15:33,12,0,1,23.6,3,0,3,3,1,1,3,0,0,0,0,SR-525,PLANTATION DR,-122.5674194,48.073644444,0,2,21,53,3,50,15,0,0,1,5,12,1,1,2,1,5,1,3,51,0,20,421,2005,0,,12,,,,,,1,1,44,1,0.0,,1,0,3,0,11,0,,,,,6.0,0.0,3.0,3.0,1,0,,,,96,,,,,,0,,,,,,98253.0,53,73.0,200.0,6.0,1.0,0.0,0.0,0.0,0.0,,0,,,,,,0,,,20,0,0,0,8.0,9,8,,,0,,,8,8,0.0,0.0,,,0.0,,,0,0,996.0,,,,,,,,,,,,,,,,,,,,,,,,,,,,,,0,0,0,1,0,0,0,0,0,0,0,0,0,0,0,0,0,0,0,0,0,0,0,0,0,0,0,0,0,1,0,0,0,0,0,,0,0,0,0,0,0,0,0,0,0,0,0,0,0,0,0,,,,,,41-45,36-45,State route,R,Saturday,Belt Used,PV,Not Fatal,1,0,0,0,State Route,State Patrol,Washington State Patrol,0,1,0,0,0,,,,,,0.0,0.0,0.0,,,,,,,,,,,98.0,98.0,98.0,0.0,,,,,20.0,7.0,,,,,,,,1.0,0.0,,,,,,,98253
3139,2020,540,EA30827,297.0,04/23/2020,18:25,23,4,,33,King,2310,10,,1,2,2,1,0,2,1,17:48,17:54,19:59,1,0,0,0.0,3,0,3,5,2,4,6,0,0,20,3,S 124TH ST,42nd Ave S,-122.2800944,47.492377778,0,1,1,13,2,25,4,0,0,1,2,3,1,1,2,1,11,2,1,53,0,20,25,2017,0,,63,1.0,3.0,,,,1,1,25,8,0.0,,2,0,99,7,11,5,,,,,0.0,0.0,0.0,3.0,1,39,91.0,,,96,,,,,,9,,,,,,98103.0,53,72.0,180.0,6.0,1.0,0.0,1.0,0.0,2.0,,1,2.0,11.0,,,,0,06/15/2016,06/15/2016,99,9,0,0,8.0,2,8,,,0,,,8,1,2.0,605.0,,,1.0,,,2,1,0.11,,,,,,,,,,,,,,,,,,,,,,,,,,,,,,0,0,1,1,1,1,1,1,1,0,0,0,0,0,0,0,0,0,0,0,0,0,0,1,1,0,0,0,0,1,0,0,0,0,0,,0,0,0,0,0,1,1,1,0,0,0,0,0,0,0,1,,,,,,21-25,16-25,City street,U,Thursday,Unknown,PV,Not Fatal,1,0,0,0,City Street,Municipal/City Police,Tukwila Police Department,0,0,0,1,0,thc,19.0,carboxy-thc,888.0,,0.0,0.0,0.0,,,,,,,,,,,98.0,98.0,98.0,0.0,,,,,20.0,7.0,,,,,,,,1.0,0.0,,,,,,,98168
3140,2020,541,EA38472,40.0,06/03/2020,4:29,3,6,,63,Spokane,0,1,,4,1,2,1,0,2,1,4:24,5:00,6:38,42,0,0,2.7,1,0,1,5,1,2,4,0,0,0,0,CR-W LONG LAKE RD,,-117.7673028,47.800338889,0,1,7,6,1,45,34,0,0,1,2,1,3,1,2,1,14,2,9,99,0,20,482,2003,0,,68,64.0,42.0,35.0,1.0,,1,1,33,1,7.0,,4,0,99,7,11,5,06/15/2020,16:30,211053028120.0,28120.0,99.0,9.0,9.0,9.0,1,0,,,,92,,,,,,98,,,,,,99999.0,99,68.0,165.0,9.0,9.0,99.0,99.0,99.0,99.0,,0,,,,,,4,,,8,1,9,0,0.0,9,8,,,0,,,8,8,2.0,695.0,605.0,,1.0,1.0,,2,1,0.181,,,,,,,,,,,,,,,,,,,,,,,,,,,,,,0,0,0,0,1,1,1,1,1,0,0,0,1,0,0,0,1,0,0,0,0,0,0,0,0,0,0,0,0,1,0,0,0,0,0,,1,0,0,0,0,1,1,1,1,1,0,0,0,0,0,1,,,,,,31-35,26-35,County road,R,Wednesday,Unknown,PV,White,0,1,0,0,County Road,County Sheriff,Spokane County Sheriff's Office,1,0,1,0,0,,,,,,99.0,99.0,99.0,,,,,,,,,,,98.0,98.0,98.0,1.0,,,,,20.0,7.0,,,,,,,,1.0,0.0,,,LONG LAKE RD,2.72,,,99013
3141,2020,542,EA42544,35.0,06/25/2020,1:46,25,6,,53,Pierce,0,1,,3,1,2,1,0,3,2,1:46,1:52,2:17,12,0,6,3.3,2,0,2,5,2,2,4,0,0,3,3,CR-84TH ST E,WALLER RD,-122.3891306,47.180877778,0,1,68,15,2,35,4,0,0,1,2,12,1,1,2,1,11,1,9,99,0,20,2,2010,0,,12,,,,,,1,1,32,2,0.0,,1,0,3,0,11,0,,,,,0.0,0.0,0.0,0.0,1,38,48.0,,,96,,,,,,98,,,,,,98371.0,53,,999.0,0.0,0.0,99.0,99.0,99.0,99.0,,97,,,,,,0,,,8,0,0,0,8.0,9,8,,,0,,,8,8,8.0,95.0,,,96.0,,,8,95,995.0,,,,,,,,,,,,,,,,,,,,,,,,,,,,,,0,0,0,1,0,0,0,0,0,0,0,0,0,1,0,0,0,0,1,1,0,0,0,0,0,0,0,0,0,1,0,0,0,0,0,,0,0,0,0,0,0,0,0,0,0,1,1,0,0,0,0,,,,,,31-35,26-35,County road,U,Thursday,Belt Used,PV,Not Fatal,1,0,0,0,County Road,County Sheriff,Law Enforcement Support Agency,0,0,1,0,0,,,,,,99.0,99.0,99.0,,,,,,,,,,,98.0,98.0,98.0,0.0,,,,,20.0,7.0,,,,,,,,1.0,0.0,,,WALLER RD E,3.31,084 ST E,1.5,98446
3142,2020,542,EA42544,35.0,06/25/2020,1:46,25,6,,53,Pierce,0,1,,3,1,2,1,0,3,2,1:46,1:52,2:17,12,0,6,3.3,2,0,2,5,2,2,4,0,0,3,3,CR-84TH ST E,WALLER RD,-122.3891306,47.180877778,0,2,69,62,4,35,8,0,0,1,2,12,1,1,2,1,1,2,9,99,0,35,43,2001,0,,12,,,,,,1,1,60,1,7.0,,4,0,20,7,11,5,06/30/2020,15:06,223053030765.0,30765.0,0.0,0.0,0.0,2.0,1,0,,,,96,,,,,,0,,,,,,98446.0,53,68.0,280.0,1.0,1.0,0.0,1.0,2.0,0.0,,0,,,,,,0,08/15/2016,02/15/2018,8,0,0,0,0.0,9,8,,,0,,,8,8,8.0,95.0,,,96.0,,,8,95,995.0,,,,,,,,,,,,,,,,,,,,,,,,,,,,,,0,0,0,1,0,0,0,0,0,0,0,0,0,1,0,0,0,0,1,1,0,0,0,0,0,0,0,0,0,1,0,0,0,1,0,,1,0,0,0,0,0,0,0,0,0,0,1,0,0,0,0,,,,,,56-60,56-65,County road,U,Thursday,Not Used,PV,Multiracial,1,0,0,0,County Road,County Sheriff,Law Enforcement Support Agency,0,0,1,0,0,,,,,,0.0,0.0,6.0,,,,,,,,,,,98.0,98.0,98.0,202.0,201.0,,,,20.0,7.0,,,,,,,,1.0,0.0,,,WALLER RD E,3.31,084 ST E,1.5,98446
3143,2020,543,EA44374,122.0,06/25/2020,18:42,25,6,,61,Snohomish,690,1,,1,1,2,1,0,8,3,19:02,19:07,19:22,33,0,0,1.1,1,0,1,3,2,1,3,0,0,0,0,SR-526,,-122.2795611,47.922430556,0,1,6,12,2,45,2,0,0,1,5,12,2,1,3,2,14,2,2,53,0,37,33,1992,0,,64,33.0,69.0,12.0,,,1,1,17,1,7.0,,4,0,3,0,11,5,06/29/2020,22:13,69053030029.0,30029.0,0.0,0.0,3.0,3.0,1,28,,,,96,,,,,,98,,,,,,98270.0,53,66.0,120.0,6.0,2.0,0.0,0.0,0.0,0.0,,0,,,,,,4,,,99,2,9,0,0.0,9,8,,,0,,,8,8,2.0,348.0,,,1.0,,,2,1,0.0,,,,,,,,,,,,,,,,,,,,,,,,,,,,,,0,0,1,0,0,0,1,1,0,0,0,0,1,0,0,0,0,0,0,0,1,0,1,0,1,0,0,0,0,1,0,0,0,0,0,,1,0,0,0,0,0,1,1,0,1,0,0,0,0,1,0,,,,,,16-17,16-25,State route,U,Thursday,Belt Used,PV,API,0,1,1,0,State Route,Municipal/City Police,Everett Police Department,0,1,0,0,0,,,,,,0.0,0.0,0.0,,,,,,,,,,,0.0,0.0,0.0,48.0,,,,,20.0,7.0,,,,,,,,1.0,0.0,,,,,,,98204
3144,2020,543,EA44374,122.0,06/25/2020,18:42,25,6,,61,Snohomish,690,1,,1,1,2,1,0,8,3,19:02,19:07,19:22,33,0,0,1.1,1,0,1,3,2,1,3,0,0,0,0,SR-526,,-122.2795611,47.922430556,0,2,98,62,4,60,34,0,0,1,5,12,3,1,2,2,14,5,1,53,0,12,481,2019,0,,12,12.0,,,,,1,1,36,1,0.0,,1,0,3,0,11,5,,,,,0.0,0.0,0.0,3.0,1,0,,,,96,,,,,,0,,,,,,98275.0,53,66.0,175.0,6.0,1.0,0.0,1.0,0.0,1.0,,0,,,,,,0,06/15/2020,03/15/2020,99,0,0,0,8.0,9,8,,,0,,,8,8,0.0,0.0,,,0.0,,,0,0,996.0,,,,,,,,,,,,,,,,,,,,,,,,,,,,,,0,0,1,0,0,0,1,1,0,0,0,0,1,0,0,0,0,0,0,0,1,0,1,0,1,0,0,0,0,1,0,0,0,0,0,,0,0,0,0,0,0,0,0,0,0,0,0,0,0,0,0,,,,,,36-40,36-45,State route,U,Thursday,Belt Used,PV,Not Fatal,0,1,1,0,State Route,Municipal/City Police,Everett Police Department,0,1,0,0,0,,,,,,0.0,0.0,0.0,,,,,,,,,,,98.0,98.0,98.0,0.0,,,,,20.0,7.0,,,,,,,,1.0,0.0,,,,,,,98204
3145,2020,543,EA44374,122.0,06/25/2020,18:42,25,6,,61,Snohomish,690,1,,1,1,2,1,0,8,3,19:02,19:07,19:22,33,0,0,1.1,1,0,1,3,2,1,3,0,0,0,0,SR-526,,-122.2795611,47.922430556,0,3,98,98,7,60,34,0,0,1,2,12,3,1,2,3,14,1,1,53,0,12,471,2004,0,,12,,,,,,1,1,39,1,0.0,,0,0,99,7,11,0,,,,,0.0,0.0,0.0,3.0,1,0,,,,96,,,,,,0,,,,,,98271.0,53,68.0,140.0,6.0,1.0,0.0,0.0,0.0,0.0,,0,,,,,,0,,,99,0,0,0,8.0,9,8,,,0,,,8,8,0.0,0.0,,,0.0,,,0,0,996.0,,,,,,,,,,,,,,,,,,,,,,,,,,,,,,0,0,1,0,0,0,1,1,0,0,0,0,1,0,0,0,0,0,0,0,1,0,1,0,1,0,0,0,0,1,0,0,0,0,0,,0,0,0,0,0,0,0,0,0,0,0,0,0,0,0,0,,,,,,36-40,36-45,State route,U,Thursday,Unknown,PV,Not Fatal,0,1,1,0,State Route,Municipal/City Police,Everett Police Department,0,1,0,0,0,,,,,,0.0,0.0,0.0,,,,,,,,,,,98.0,98.0,98.0,0.0,,,,,20.0,7.0,,,,,,,,1.0,0.0,,,,,,,98204
3146,2020,544,EA45610,305.0,07/05/2020,17:47,5,7,,11,Clark,2370,1,,1,1,2,1,0,1,1,17:48,17:54,18:17,42,0,0,0.0,1,0,1,3,2,4,6,0,0,0,0,SE 192ND AVE,,-122.4758556,45.603466667,0,1,1,13,2,40,4,0,0,1,2,42,3,2,2,2,14,1,1,53,0,55,33,2009,0,,63,42.0,30.0,38.0,,,1,1,82,1,7.0,,4,0,3,0,11,5,07/08/2020,10:40,237053031228.0,31228.0,0.0,0.0,3.0,3.0,1,28,,,,92,,,,,,0,,,,,,98683.0,53,71.0,150.0,6.0,1.0,0.0,0.0,0.0,0.0,,69,,,,,,0,,,8,0,0,0,0.0,9,8,,,0,,,8,8,2.0,177.0,,,1.0,,,2,1,0.0,,,,,,,,,,,,,,,,,,,,,,,,,,,,,,0,0,1,0,0,0,1,1,0,0,0,0,0,0,0,0,1,0,0,0,0,0,0,0,0,1,1,1,0,1,0,0,0,0,0,,1,0,0,0,0,0,1,1,1,0,0,0,0,0,1,0,,,,,,81+,76+,City street,U,Sunday,Belt Used,PV,White,0,1,0,0,City Street,Municipal/City Police,Vancouver Police Department,1,0,0,1,0,,,,,,0.0,0.0,0.0,,,,,,,,,,,98.0,98.0,98.0,1.0,,,,,20.0,7.0,,,,,,,,1.0,0.0,,,,,,,98683
3147,2020,545,EA50520,3.0,07/24/2020,16:40,24,7,,53,Pierce,2230,1,,1,1,2,1,0,1,1,,,,1,0,0,0.9,20,1,1,1,2,1,1,0,0,0,0,I-5,,-122.4626361,47.226655556,0,1,98,9,1,98,80,0,0,1,2,1,2,2,3,6,15,1,1,53,0,72,706,2012,0,,1,,,,,,1,1,51,1,7.0,,4,0,20,7,11,5,08/06/2020,14:42,223053037570.0,37570.0,0.0,0.0,0.0,3.0,1,28,,,,96,,,,,,0,,,,,,98503.0,53,73.0,350.0,6.0,1.0,0.0,0.0,0.0,0.0,,69,,,,,,0,,,20,8,0,0,0.0,9,8,,,0,,,8,8,0.0,0.0,,,0.0,,,0,0,996.0,,,,,,,,,,,,,,,,,,,,,,,,,,,,,,0,0,0,0,0,0,0,0,0,0,0,0,0,0,0,0,0,0,0,0,0,0,0,0,0,0,0,0,1,0,0,0,0,0,1,0.0,0,0,0,0,0,0,0,0,0,0,0,0,0,0,0,0,,,,,,51-55,46-55,Interstate,U,Friday,,MC,White,1,0,0,0,State Route,State Patrol,Washington State Patrol,0,1,0,0,0,,,,,,0.0,0.0,0.0,,,,,,,,,,,0.0,0.0,0.0,1.0,,,,,19.0,0.0,,,,,,,,1.0,0.0,,,,,,,98405
3148,2020,546,EA51551,14.0,07/22/2020,19:05,22,7,,11,Clark,0,1,,1,1,2,1,0,1,1,,,,42,0,0,0.3,1,0,1,6,1,2,4,0,0,0,0,CR-NE PUP CREEK RD,,-122.5319528,45.934208333,0,1,1,13,2,50,2,0,0,1,2,42,3,1,2,1,14,1,1,53,0,14,4,1997,0,,63,42.0,,,,,1,1,89,8,7.0,,4,0,2,0,11,8,07/26/2020,4:51,237053034957.0,34957.0,0.0,0.0,3.0,3.0,1,0,,,,92,,,,,,0,,,,,,98674.0,53,65.0,120.0,6.0,1.0,0.0,1.0,0.0,0.0,,0,,,,,,0,04/15/2016,04/15/2016,1,0,0,0,0.0,9,8,,,0,,,8,8,0.0,0.0,,,0.0,,,0,0,996.0,,,,,,,,,,,,,,,,,,,,,,,,,,,,,,0,0,1,0,0,0,0,0,0,0,0,0,0,0,0,0,1,0,0,0,0,0,0,0,0,1,1,1,0,1,0,0,0,0,0,,1,0,0,0,0,0,0,0,1,0,0,0,0,0,0,0,,,,,,81+,76+,County road,R,Wednesday,Belt Used,PV,White,0,1,0,0,County Road,County Sheriff,Clark County Sheriff's Office,1,0,1,0,0,,,,,,0.0,0.0,0.0,,,,,,,,,,,0.0,0.0,0.0,1.0,,,,,20.0,7.0,,,,,,,,1.0,0.0,,,NE PUP CREEK RD,0.28,,,
3149,2020,547,EA51909,31.0,07/21/2020,17:56,21,7,,45,Mason,0,1,,1,1,2,1,0,1,1,18:01,18:18,18:47,42,0,0,2.0,1,0,1,5,1,2,4,0,0,0,0,CR-SE LYNCH RD,,-123.0569889,47.153838889,0,1,7,13,2,35,4,0,0,1,2,42,3,1,2,1,14,1,1,53,0,12,16,2011,0,,63,69.0,68.0,64.0,42.0,,1,1,82,1,7.0,,4,0,3,0,11,1,08/07/2020,18:42,196053036852.0,36852.0,0.0,0.0,3.0,3.0,1,0,,,,92,,,,,,1,,,,,,98501.0,53,72.0,210.0,6.0,1.0,0.0,1.0,1.0,0.0,,0,,,,,,0,05/15/2016,08/15/2019,8,0,0,0,0.0,5,8,,,0,,,8,0,8.0,95.0,,,96.0,,,8,95,995.0,,,,,,,,,,,,,,,,,,,,,,,,,,,,,,0,0,0,0,0,0,0,0,0,0,0,0,0,0,0,0,1,0,0,0,0,0,0,0,0,1,1,1,0,1,0,0,0,0,0,,1,0,0,0,0,0,0,0,1,0,0,0,0,0,0,0,,,,,,81+,76+,County road,R,Tuesday,Belt Used,PV,White,0,1,0,0,County Road,County Sheriff,Mason County Sheriff's Office,1,0,1,0,0,,,,,,0.0,0.0,0.0,,,,,,,,,,,98.0,98.0,98.0,1.0,,,,,20.0,7.0,,,,,,,,1.0,0.0,,,LYNCH RD,2.0,,,98584