,year,case,par,repjur,crash_dt,crash_tm,accday,accmon,holiday,county,co_char,city,weather,weather2,lightcond,surfcond,surftype,numfatal,nmforms,pforms,vforms,not_tm,arr_tm,hosp_tm,fhevent,hitrun,manncol,milepnt,reljunc,reljuncinter,intersectiontype,funcsystem,landuse,ownership,route,schlbus,spejur,contdev,devfunc,trafid1,trafid2,x,y,wk_zone,vnumber,crashtype,criticalevent,criticaleventcat,spdlim,body,trailer,emerg,hazcargo,leave,mhevent,roadalgn,roadprof,traflane,trafflow,vehmanvr,numoccs,regowner,regstate,spuse,make,model,modelyr,vrf1,vrf2,seqevent1,seqevent2,seqevent3,seqevent4,seqevent5,seqevent6,pnumber,ptype,age,sex,hispanic,race,injury,diedscene,restraint,restraintmisuse,seatpos,takehosp,death_dt,death_tm,cert,cernum_wa,commlic,licendor,licrestrict,liccomp,drivpres,drf1,drf2,drf3,drf4,distract1,distract2,distract3,distract4,distract5,distract6,dricond1,dricond2,dricond3,dricond4,dricond5,dricond6,dzip,licstate,drhgt_in,weight,noncdl,noncdltype,prevdwi,prevoth,prevacc,prevspd,prevsus,driviol1,driviol2,driviol3,driviol4,driviol5,driviol6,spdrel,first_dt,last_dt,airbag,ejection,ejectpath,extricat,injurwrk,methalc,methdrug,nmlocat,strikveh,prf1,prf2,prf3,druginv,alcinvol,drugsts,drugres1,drugres2,drugres3,drugtst1,drugtst2,drugtst3,alcsts,alctst,alcres,nmact1,nmact2,nmact3,nmact4,nmact5,nmact6,nmprior1,nmprior2,nmprior3,nmprior4,nmprior5,nmprior6,nmcond1,nmcond2,nmcond3,nmcond4,nmcond5,nmcond6,nmsafe_helmet,nmsafe_pads,nmsafe_oth,nmprev_ref,nmprev_lgt,nmprev_oth,crashlocation,nmcrashtype,crosswalk,schoolzone,sidewalk,train_inv,wildlife_inv,rotr_fars,intersect_fars,dd_inv,aid_inv,dpd_inv,id_inv,mj_inv,impnm_inv,ainm_inv,dpnm_inv,speed_inv,unlic_inv,unendmc_inv,drowsy_inv,drdist_inv,nmdist_inv,fty_inv,unrestfat_inv,dr1617_inv,dr1820_inv,dr1620_inv,dr2125_inv,dr1625_inv,dr65_inv,dr70_inv,dr75_inv,mc_inv,pv_inv,ht_inv,ped_inv,bike_inv,unrest_fat,mc_fat,unhelmet_mc,pv_fat,ht_fat,ped_fat,bike_fat,dr_alc7,dr_alc8,dr_drug,dr_imp,dr_dist,dr_spd,dr_fty,dr_unlic,dr_alc7only,dr_alc8only,dr_drugonly,dr_drink,nm_imp,nm_alc7,nm_alc8,nm_drug,nm_dist,agegrp1,agegrp2,roadclass,urbrur,dayweek,restuse,vehtype,race_me,intersect,lanedep,oppdir,wrongway,rep_typ,investag,repag_long,rotr,st_rd,cty_rd,city_rd,oth_rd,drug_thc,thc_res,drug_cthc,cthc_res,drug_cann,prevpersemin,prevperse,prevsusoth,drugtst4,drugtst5,drugtst6,drugtst7,drugtst8,drugres4,drugres5,drugres6,drugres7,drugres8,adspresent,adsengaged,adslevel,race1,race2,race3,race4,race5,helmet,helmetmisuse,nmdistract1,nmdistract2,nmdistract3,nmdistract4,nmdistract5,nmdistract6,lab,isedtcase,crf1,crf2,crf3,CoRoadName,CoMP,IntCoRoadName,IntCoMP,zipcode
3150,2020,548,EA59236,278.0,08/28/2020,16:06,28,8,,63,Spokane,2110,1,,1,1,2,1,1,1,1,16:07,16:11,16:30,15,0,0,0.0,8,0,1,3,2,4,6,0,0,0,0,W 3RD AVE,,-117.4267556,47.653494444,0,1,13,83,5,98,14,0,0,1,5,15,1,1,3,4,11,1,3,53,0,59,403,2017,0,,15,,,,,,1,1,19,1,0.0,,0,0,3,0,11,0,,,,,0.0,0.0,3.0,3.0,1,0,,,,96,,,,,,0,,,,,,99205.0,53,72.0,170.0,6.0,2.0,0.0,0.0,0.0,0.0,,0,,,,,,0,,,20,0,0,0,8.0,3,2,,,0,,,8,0,0.0,0.0,,,0.0,,,2,95,0.0,,,,,,,,,,,,,,,,,,,,,,,,,,,,,,0,0,0,0,0,0,0,0,0,1,0,1,0,0,0,0,0,0,0,0,0,1,1,0,1,0,0,0,0,1,0,1,0,0,0,,0,0,0,0,0,0,0,0,0,0,0,0,0,0,0,0,,,,,,18-20,16-25,City street,U,Friday,Belt Used,PV,Not Fatal,0,0,0,0,City Street,Municipal/City Police,Spokane Police Department,0,0,0,1,0,,,,,,0.0,0.0,0.0,,,,,,,,,,,98.0,98.0,98.0,0.0,,,,,20.0,7.0,,,,,,,,1.0,0.0,,,,,,,99201
3151,2020,549,EA60897,160.0,09/02/2020,5:53,2,9,,33,King,1030,1,,1,1,2,1,0,2,2,5:54,6:03,6:59,12,0,6,1.4,2,0,2,3,2,1,3,0,0,3,3,SR-181,S 228TH ST,-122.2493333,47.397611111,0,1,83,17,2,35,14,0,0,1,2,12,1,1,5,1,1,1,1,53,0,35,401,2016,0,,12,,,,,,1,1,66,1,7.0,,4,0,20,7,11,5,09/11/2020,15:40,196053042658.0,42658.0,0.0,0.0,0.0,3.0,1,39,,,,96,,,,,,98,,,,,,98055.0,53,72.0,240.0,6.0,1.0,0.0,0.0,1.0,1.0,,0,,,,,,0,09/15/2017,09/15/2017,8,0,0,0,0.0,9,8,,,0,,,8,8,2.0,348.0,,,1.0,,,2,1,0.0,,,,,,,,,,,,,,,,,,,,,,,,,,,,,,0,0,0,1,0,0,1,1,0,0,0,0,0,0,0,0,0,0,0,1,0,0,0,0,0,1,0,0,0,1,1,0,0,1,0,,1,0,0,0,0,0,1,1,0,0,0,0,0,0,1,0,,,,,,66-70,66-75,State route,U,Wednesday,Not Used,PV,White,1,0,0,0,State Route,Municipal/City Police,Kent Police Department,0,1,0,0,0,,,,,,0.0,0.0,0.0,,,,,,,,,,,98.0,98.0,98.0,1.0,,,,,20.0,7.0,,,,,,,,1.0,0.0,,,,,,,98032
3152,2020,549,EA60897,160.0,09/02/2020,5:53,2,9,,33,King,1030,1,,1,1,2,1,0,2,2,5:54,6:03,6:59,12,0,6,1.4,2,0,2,3,2,1,3,0,0,3,3,SR-181,S 228TH ST,-122.2493333,47.397611111,0,2,82,66,4,50,66,1,0,1,5,12,1,1,8,1,11,1,3,6,0,82,881,2017,0,,12,,,,,,1,1,36,1,0.0,,0,0,3,0,11,0,,,,,6.0,1.0,0.0,3.0,1,0,,,,96,,,,,,0,,,,,,95993.0,6,66.0,180.0,6.0,1.0,0.0,0.0,0.0,0.0,,0,,,,,,0,,,20,0,0,0,8.0,9,8,,,0,,,8,8,0.0,0.0,,,0.0,,,0,0,996.0,,,,,,,,,,,,,,,,,,,,,,,,,,,,,,0,0,0,1,0,0,1,1,0,0,0,0,0,0,0,0,0,0,0,1,0,0,0,0,0,1,0,0,0,1,1,0,0,0,0,,0,0,0,0,0,0,0,0,0,0,0,0,0,0,0,0,,,,,,36-40,36-45,State route,U,Wednesday,,MHTRUCK,Not Fatal,1,0,0,0,State Route,Municipal/City Police,Kent Police Department,0,1,0,0,0,,,,,,0.0,0.0,0.0,,,,,,,,,,,98.0,98.0,98.0,0.0,,,,,20.0,7.0,,,,,,,,1.0,0.0,,,,,,,98032
3153,2020,550,3888076,263.0,10/20/2020,22:41,20,10,,33,King,1960,10,,3,98,8,1,1,1,1,,,,15,1,0,0.0,1,0,1,7,2,4,6,0,0,0,0,NE 127TH ST,,-122.2961083,47.721102778,0,1,13,83,5,98,98,0,0,1,5,15,1,1,2,1,1,99,9,91,0,97,997,9998,0,,15,,,,,,1,1,998,8,0.0,,9,0,98,7,11,8,,,,,99.0,9.0,9.0,9.0,1,0,,,,96,,,,,,98,,,,,,99998.0,98,,999.0,9.0,9.0,99.0,99.0,99.0,99.0,,97,,,,,,0,,,20,0,0,0,8.0,9,8,,,0,,,8,8,0.0,0.0,,,0.0,,,0,0,996.0,,,,,,,,,,,,,,,,,,,,,,,,,,,,,,0,0,0,0,0,0,0,0,0,1,1,1,0,0,0,0,0,1,0,0,0,0,0,0,0,0,0,0,0,0,0,1,0,0,0,,0,0,0,0,0,0,0,0,0,0,0,0,0,0,0,0,,,,,,,,City street,U,Tuesday,,NR-U,Not Fatal,0,0,0,0,City Street,Municipal/City Police,Seattle Police Department,0,0,0,1,0,,,,,,99.0,99.0,99.0,,,,,,,,,,,98.0,98.0,98.0,0.0,,,,,20.0,7.0,,,,,,,,1.0,0.0,,,,,,,98125
3154,2020,551,000TECH,158.0,06/03/2020,22:31,3,6,,15,Cowlitz,1010,1,,2,1,2,1,0,2,1,22:31,22:47,23:03,30,0,0,0.0,1,0,1,4,2,4,6,0,0,0,0,PACIFIC AVE,,-122.7434472,45.906511111,0,1,1,13,2,35,4,0,0,1,2,30,3,1,2,1,14,2,1,53,0,37,31,1998,0,,63,30.0,,,,,1,1,35,2,0.0,,3,0,3,0,11,1,,,,,0.0,0.0,0.0,3.0,1,91,,,,96,,,,,,9,,,,,,98632.0,53,65.0,160.0,6.0,1.0,0.0,0.0,0.0,0.0,,1,,,,,,3,,,20,0,0,0,8.0,1,1,,,0,,,1,1,2.0,605.0,996.0,,1.0,1.0,,2,1,0.084,,,,,,,,,,,,,,,,,,,,,,,,,,,,,,0,0,1,0,1,1,1,1,1,0,0,0,1,0,0,0,0,0,0,0,0,0,0,0,0,0,0,0,0,1,0,0,0,0,0,,0,0,0,0,0,1,1,1,0,1,0,0,0,0,0,1,,,,,,31-35,26-35,City street,U,Wednesday,Belt Used,PV,Not Fatal,0,0,0,0,City Street,,,0,0,0,1,0,thc,2.7,carboxy-thc,7.2,,0.0,0.0,0.0,,,,,,,,,,,0.0,0.0,0.0,0.0,,,,,20.0,7.0,,,,,,,,0.0,0.0,,,,,,,98674
3155,2020,552,3847800,263.0,07/26/2020,16:40,26,7,,33,King,1960,1,,1,1,2,1,0,4,2,16:41,16:51,17:10,14,0,0,0.0,1,0,1,7,2,4,6,0,0,0,0,30TH AVE,,-122.2937861,47.618655556,0,1,11,11,2,98,61,0,0,1,8,14,1,2,8,1,1,1,3,53,0,38,883,2016,0,,14,,,,,,1,1,32,1,0.0,,0,0,99,7,11,0,,,,,0.0,0.0,0.0,3.0,1,0,,,,96,,,,,,98,,,,,,98444.0,53,62.0,130.0,6.0,1.0,0.0,0.0,0.0,0.0,,97,,,,,,0,,,99,0,0,0,8.0,9,8,,,0,,,8,8,8.0,95.0,,,96.0,,,8,95,995.0,,,,,,,,,,,,,,,,,,,,,,,,,,,,,,0,0,0,0,0,0,0,0,0,0,0,0,0,0,0,0,0,0,0,0,0,0,0,0,0,0,0,0,0,1,1,0,0,0,0,,0,0,0,0,0,0,0,0,0,0,0,0,0,0,0,0,,,,,,31-35,26-35,City street,U,Sunday,,MHTRUCK,Not Fatal,0,1,0,0,City Street,Municipal/City Police,Seattle Police Department,1,0,0,1,0,,,,,,0.0,0.0,0.0,,,,,,,,,,,98.0,98.0,98.0,0.0,,,,,20.0,7.0,,,,,,,,0.0,0.0,,,,,,,98122
3156,2020,553,TECH RE,288.0,04/18/2020,12:08,18,4,,53,Pierce,2210,1,,1,1,2,1,0,3,1,12:11,12:28,12:58,43,0,0,0.0,1,0,1,4,2,4,6,0,0,0,0,E VALLEY HWY E,,-122.2252583,47.238352778,0,1,1,13,2,98,4,0,0,1,2,3,4,8,2,1,14,3,1,53,0,63,34,2015,0,,63,43.0,3.0,1.0,,,1,1,31,2,7.0,,4,0,3,0,11,5,04/18/2020,14:27,223053018882.0,18882.0,0.0,0.0,3.0,3.0,1,0,,,,96,,,,,,98,,,,,,98032.0,53,63.0,134.0,6.0,1.0,0.0,1.0,1.0,1.0,,0,,,,,,0,08/15/2019,07/15/2019,98,0,0,1,0.0,5,8,,,0,,,8,1,8.0,95.0,,,96.0,,,2,1,0.016,,,,,,,,,,,,,,,,,,,,,,,,,,,,,,0,0,1,0,1,0,0,0,0,0,0,0,0,0,0,0,0,0,0,0,0,0,0,0,0,0,0,0,0,1,0,0,0,0,0,,1,0,0,0,1,0,0,0,0,0,0,0,1,0,0,1,,,,,,31-35,26-35,City street,U,Saturday,Belt Used,PV,White,0,0,0,0,City Street,,,0,0,0,1,0,,,,,,0.0,0.0,0.0,,,,,,,,,,,98.0,98.0,98.0,1.0,,,,,20.0,7.0,,,,,,,,0.0,0.0,,,,,,,98390
3157,2020,554,3267505,34.0,01/04/2020,1:40,4,1,,51,Pend Oreille,0,5,,3,4,2,1,0,1,1,1:40,1:53,,32,0,0,9999.8,1,0,1,5,1,2,4,0,0,0,0,CR-LECLERC RD S,,-117.0442,48.210775,0,1,7,5,1,55,14,0,0,1,2,1,3,1,2,1,14,1,1,53,0,53,405,2006,0,,68,64.0,32.0,1.0,,,1,1,63,2,7.0,,4,7,3,0,11,0,01/04/2020,1:40,53000471.0,471.0,0.0,0.0,0.0,3.0,1,87,,,,96,,,,,,98,,,,,,99156.0,53,71.0,150.0,6.0,1.0,0.0,0.0,0.0,0.0,,0,,,,,,4,,,20,0,0,1,0.0,9,8,,,0,,,8,8,8.0,95.0,,,96.0,,,8,95,995.0,,,,,,,,,,,,,,,,,,,,,,,,,,,,,,0,0,0,0,0,0,0,0,0,0,0,0,1,0,0,0,0,0,0,0,0,0,0,0,0,0,0,0,0,1,0,0,0,0,0,,1,0,0,0,0,0,0,0,0,1,0,0,0,0,0,0,,,,,,61-65,56-65,County road,R,Saturday,Belt Used,PV,White,0,1,0,0,County Road,County Sheriff,Pend Oreille County Sheriff's Offic,1,0,1,0,0,,,,,,0.0,0.0,0.0,,,,,,,,,,,98.0,98.0,98.0,1.0,,,,,20.0,7.0,,,,,,,,0.0,0.0,,,,,,,99156
3158,2020,555,EA04849,127.0,01/19/2020,22:06,19,1,,33,King,735,1,,3,1,2,1,0,4,2,22:15,22:23,23:04,12,0,6,0.0,2,0,2,5,2,4,6,0,0,20,3,10TH AVE SW,SW 334th St,-122.3477083,47.302975,0,1,78,16,2,25,34,0,0,1,5,12,8,8,2,1,10,1,1,53,0,7,482,2014,0,,12,,,,,,1,1,49,1,0.0,,2,0,3,0,11,0,,,,,0.0,0.0,3.0,2.0,1,48,,,,96,,,,,,98,,,,,,98023.0,53,72.0,240.0,1.0,1.0,1.0,3.0,1.0,0.0,,37,,,,,,0,01/15/2017,03/15/2020,8,0,0,0,8.0,9,8,,,0,,,8,8,8.0,95.0,,,96.0,,,8,95,995.0,,,,,,,,,,,,,,,,,,,,,,,,,,,,,,0,0,0,1,0,0,0,0,0,0,0,0,0,1,0,0,0,0,0,0,0,0,0,0,0,1,1,1,0,1,0,0,0,0,0,,0,0,0,0,0,0,0,0,0,0,0,1,0,0,0,0,,,,,,46-50,46-55,City street,U,Sunday,Belt Used,PV,Not Fatal,1,0,0,0,City Street,Municipal/City Police,Federal Way Dept of Public Safety,0,0,0,1,0,,,,,,0.0,1.0,3.0,,,,,,,,,,,98.0,98.0,98.0,0.0,,,,,20.0,7.0,,,,,,,,1.0,0.0,,,,,,,98023
3159,2020,555,EA04849,127.0,01/19/2020,22:06,19,1,,33,King,735,1,,3,1,2,1,0,4,2,22:15,22:23,23:04,12,0,6,0.0,2,0,2,5,2,4,6,0,0,0,0,10TH AVE SW,SW 334th St,-122.3477083,47.302975,0,2,79,65,4,35,14,0,0,1,5,12,8,8,3,5,1,3,1,53,0,42,403,2015,0,,12,,,,,,1,1,80,2,0.0,,1,0,3,0,11,0,,,,,0.0,0.0,0.0,3.0,1,0,,,,96,,,,,,98,,,,,,98023.0,53,62.0,140.0,6.0,1.0,0.0,0.0,0.0,0.0,,0,,,,,,0,,,8,0,0,0,8.0,9,8,,,0,,,8,8,8.0,95.0,,,96.0,,,8,95,995.0,,,,,,,,,,,,,,,,,,,,,,,,,,,,,,0,0,0,1,0,0,0,0,0,0,0,0,0,1,0,0,0,0,0,0,0,0,0,0,0,1,1,1,0,1,0,0,0,0,0,,0,0,0,0,0,0,0,0,0,0,0,0,0,0,0,0,,,,,,76-80,76+,City street,U,Sunday,Belt Used,PV,Not Fatal,1,0,0,0,City Street,Municipal/City Police,Federal Way Dept of Public Safety,0,0,0,1,0,,,,,,0.0,0.0,0.0,,,,,,,,,,,98.0,98.0,98.0,0.0,,,,,20.0,7.0,,,,,,,,1.0,0.0,,,,,,,98023
3160,2020,556,EA56133,290.0,08/12/2020,8:47,12,8,,53,Pierce,2230,10,,1,1,2,1,1,1,1,8:47,8:53,9:05,9,0,0,0.0,8,0,1,3,2,4,6,0,0,0,0,S UNION AVE,,-122.4820722,47.240094444,0,1,13,83,5,30,1,0,0,1,2,9,1,1,2,2,1,1,1,53,0,12,4,2003,0,,9,,,,,,1,1,62,2,0.0,,0,0,3,0,11,0,,,,,0.0,0.0,0.0,3.0,1,0,,,,96,,,,,,98,,,,,,98335.0,53,65.0,145.0,6.0,1.0,0.0,0.0,0.0,0.0,,0,,,,,,0,,,20,0,0,0,8.0,9,8,,,0,,,8,8,8.0,95.0,,,96.0,,,8,95,995.0,,,,,,,,,,,,,,,,,,,,,,,,,,,,,,0,0,0,0,0,0,0,0,0,0,0,0,0,0,0,0,0,0,0,0,0,0,0,0,0,0,0,0,0,1,0,0,1,0,0,,0,0,0,0,0,0,0,0,0,0,0,0,0,0,0,0,,,,,,61-65,56-65,City street,U,Wednesday,Belt Used,PV,Not Fatal,0,0,0,0,City Street,Municipal/City Police,Tacoma Police Department,0,0,0,1,0,,,,,,0.0,0.0,0.0,,,,,,,,,,,98.0,98.0,98.0,0.0,,,,,20.0,7.0,,,,,,,,1.0,0.0,,,,,,,98405
3161,2020,557,EA59797,83.0,08/26/2020,20:48,26,8,,41,Lewis,310,1,,5,1,2,1,1,1,1,,,,8,0,0,0.0,3,0,2,3,2,4,6,0,0,3,3,W MAIN ST,SW Chehalis Ave,-122.9697806,46.661441667,0,1,13,80,5,25,34,0,0,1,5,8,1,1,3,1,1,1,1,53,0,20,481,2019,0,,8,,,,,,1,1,69,1,0.0,,0,0,3,0,11,0,,,,,0.0,0.0,0.0,3.0,1,0,,,,96,,,,,,9,,,,,,98532.0,53,71.0,240.0,6.0,1.0,0.0,0.0,1.0,0.0,,2,,,,,,0,12/15/2019,12/15/2019,20,0,0,0,8.0,9,8,,,0,,,1,1,8.0,95.0,,,96.0,,,2,95,997.0,,,,,,,,,,,,,,,,,,,,,,,,,,,,,,0,0,0,1,1,0,0,0,0,0,0,0,0,0,0,0,0,0,0,0,0,0,0,0,0,1,0,0,0,1,0,1,0,0,0,,0,0,0,0,0,0,0,0,0,0,0,0,0,0,0,1,,,,,,66-70,66-75,City street,U,Wednesday,Belt Used,PV,Not Fatal,1,0,0,0,City Street,Municipal/City Police,Chehalis Police Department,0,0,0,1,0,,,,,,0.0,0.0,0.0,,,,,,,,,,,98.0,98.0,98.0,0.0,,,,,20.0,7.0,,,,,,,,1.0,0.0,,,,,,,98532
3162,2020,558,EA67727,290.0,09/29/2020,18:30,29,9,,53,Pierce,2230,1,,5,1,2,1,0,6,3,,,,12,0,6,0.0,2,0,2,7,2,4,6,0,0,0,0,S 7TH ST,S Madison St,-122.4904639,47.254422222,0,1,88,17,2,25,34,0,0,1,5,12,1,1,8,1,1,3,9,99,0,7,482,2015,0,,12,14.0,,,,,1,1,18,1,0.0,,1,0,3,0,11,0,,,,,0.0,0.0,0.0,0.0,1,0,,,,96,,,,,,98,,,,,,98404.0,53,74.0,320.0,0.0,0.0,0.0,0.0,0.0,0.0,,97,,,,,,3,,,8,0,0,0,8.0,9,8,,,0,,,8,8,8.0,95.0,,,96.0,,,8,95,995.0,,,,,,,,,,,,,,,,,,,,,,,,,,,,,,0,0,0,1,0,0,0,0,0,0,0,0,1,1,0,0,1,0,0,0,0,1,1,0,1,0,0,0,0,1,1,0,0,0,0,,0,0,0,0,0,0,0,0,0,1,0,1,0,0,0,0,,,,,,18-20,16-25,City street,U,Tuesday,Belt Used,PV,Not Fatal,1,0,0,0,City Street,Municipal/City Police,Tacoma Police Department,0,0,0,1,0,,,,,,0.0,0.0,0.0,,,,,,,,,,,98.0,98.0,98.0,0.0,,,,,20.0,7.0,,,,,,,,1.0,0.0,,,,,,,98416
3163,2020,558,EA67727,290.0,09/29/2020,18:30,29,9,,53,Pierce,2230,1,,5,1,2,1,0,6,3,,,,12,0,6,0.0,2,0,2,7,2,4,6,0,0,0,0,S 7TH ST,S Madison St,-122.4904639,47.254422222,0,2,89,17,2,25,6,0,0,1,5,12,1,1,8,1,1,3,2,53,0,48,34,1997,0,,12,,,,,,1,1,45,1,7.0,,4,0,3,0,11,5,10/05/2020,19:30,196053048968.0,48968.0,0.0,0.0,3.0,2.0,1,0,,,,92,,,,,,98,,,,,,98404.0,53,69.0,150.0,1.0,1.0,0.0,1.0,0.0,0.0,,97,,,,,,0,02/15/2018,02/15/2018,8,0,0,0,0.0,9,8,,,0,,,8,8,8.0,95.0,,,96.0,,,8,95,995.0,,,,,,,,,,,,,,,,,,,,,,,,,,,,,,0,0,0,1,0,0,0,0,0,0,0,0,1,1,0,0,1,0,0,0,0,1,1,0,1,0,0,0,0,1,1,0,0,0,0,,1,0,0,0,0,0,0,0,1,0,0,1,0,0,0,0,,,,,,41-45,36-45,City street,U,Tuesday,Belt Used,PV,Black,1,0,0,0,City Street,Municipal/City Police,Tacoma Police Department,0,0,0,1,0,,,,,,0.0,0.0,1.0,,,,,,,,,,,0.0,0.0,0.0,2.0,,,,,20.0,7.0,,,,,,,,1.0,0.0,,,,,,,98416
3164,2020,559,EA70015,330.0,10/05/2020,16:10,5,10,,77,Yakima,2590,1,,1,1,2,1,0,2,2,16:18,16:25,16:57,12,0,6,0.0,2,0,3,4,2,4,6,0,0,20,3,W WASHINGTON AVE,S 48th Ave,-120.5712806,46.576644444,0,1,82,15,2,40,4,0,0,1,2,12,1,1,2,1,11,1,2,53,0,35,47,2016,0,,12,,,,,,1,1,25,2,0.0,,2,0,3,0,11,5,,,,,0.0,0.0,0.0,3.0,1,10,38.0,39.0,,0,,,,,,98,,,,,,98901.0,53,62.0,145.0,6.0,1.0,0.0,1.0,0.0,0.0,,37,,,,,,0,10/15/2020,10/15/2020,1,0,0,0,8.0,9,8,,,0,,,8,8,0.0,0.0,,,0.0,,,0,0,996.0,,,,,,,,,,,,,,,,,,,,,,,,,,,,,,0,0,0,1,0,0,0,0,0,0,0,0,0,0,0,0,0,0,1,0,0,0,0,1,1,1,1,1,0,1,0,0,0,0,0,,0,0,0,0,0,0,0,0,0,0,1,0,0,0,0,0,,,,,,21-25,16-25,City street,U,Monday,Belt Used,PV,Not Fatal,1,0,0,0,City Street,Municipal/City Police,Yakima Police Department,0,0,0,1,0,,,,,,0.0,0.0,0.0,,,,,,,,,,,98.0,98.0,98.0,0.0,,,,,20.0,7.0,,,,,,,,1.0,0.0,,,,,,,98908
3165,2020,559,EA70015,330.0,10/05/2020,16:10,5,10,,77,Yakima,2590,1,,1,1,2,1,0,2,2,16:18,16:25,16:57,12,0,6,0.0,2,0,3,4,2,4,6,0,0,0,0,W WASHINGTON AVE,S 48th Ave,-120.5712806,46.576644444,0,2,83,67,4,40,20,0,0,1,2,12,1,1,5,5,1,1,1,53,0,7,442,1999,0,,12,,,,,,1,1,90,2,7.0,,4,0,3,0,11,5,10/13/2020,15:30,196053047636.0,47636.0,0.0,0.0,3.0,3.0,1,0,,,,96,,,,,,98,,,,,,98903.0,53,63.0,160.0,6.0,1.0,0.0,0.0,0.0,0.0,,0,,,,,,0,,,1,0,0,0,0.0,9,8,,,0,,,8,8,0.0,0.0,,,0.0,,,0,0,996.0,,,,,,,,,,,,,,,,,,,,,,,,,,,,,,0,0,0,1,0,0,0,0,0,0,0,0,0,0,0,0,0,0,1,0,0,0,0,1,1,1,1,1,0,1,0,0,0,0,0,,1,0,0,0,0,0,0,0,0,0,0,0,0,0,0,0,,,,,,81+,76+,City street,U,Monday,Belt Used,PV,White,1,0,0,0,City Street,Municipal/City Police,Yakima Police Department,0,0,0,1,0,,,,,,0.0,0.0,0.0,,,,,,,,,,,0.0,0.0,0.0,1.0,,,,,20.0,7.0,,,,,,,,1.0,0.0,,,,,,,98908
3166,2020,560,EA70533,248.0,10/10/2020,2:11,10,10,,33,King,1830,2,,3,2,2,1,1,1,1,2:19,2:26,3:03,8,0,0,28.5,3,0,2,3,2,1,3,0,0,3,3,SR-167,S 3RD ST,-122.2171694,47.479788889,0,1,13,80,5,35,6,0,0,1,2,8,1,1,8,1,1,1,1,53,0,49,46,2014,0,,8,,,,,,1,1,54,1,0.0,,0,0,3,0,11,0,,,,,0.0,0.0,3.0,3.0,1,0,,,,96,,,,,,0,,,,,,98125.0,53,66.0,155.0,6.0,1.0,0.0,0.0,0.0,0.0,,0,,,,,,0,,,20,0,0,0,8.0,2,8,,,0,,,8,0,0.0,0.0,,,0.0,,,2,10,0.0,,,,,,,,,,,,,,,,,,,,,,,,,,,,,,0,0,0,1,0,0,0,0,0,0,0,0,0,0,0,0,0,0,0,0,0,0,0,0,0,0,0,0,0,1,0,1,0,0,0,,0,0,0,0,0,0,0,0,0,0,0,0,0,0,0,0,,,,,,51-55,46-55,State route,U,Saturday,Belt Used,PV,Not Fatal,1,0,0,0,State Route,Municipal/City Police,Renton Police Department,0,1,0,0,0,,,,,,0.0,0.0,0.0,,,,,,,,,,,98.0,98.0,98.0,0.0,,,,,20.0,7.0,,,,,,,,1.0,0.0,,,,,,,98057
3167,2020,561,EA75144,7.0,10/26/2020,12:56,26,10,,33,King,1958,1,,1,1,2,1,1,1,1,13:08,13:14,,8,0,0,0.0,3,0,3,4,2,4,6,0,0,0,0,MILITARY RD S,S 220th St,-122.2901167,47.404925,0,1,13,12,2,35,2,0,0,1,5,8,1,2,2,1,10,1,2,53,0,7,28,2016,0,,68,64.0,8.0,42.0,,,1,1,32,1,0.0,,0,0,99,7,11,0,,,,,0.0,0.0,0.0,2.0,1,0,,,,96,,,,,,98,,,,,,98112.0,53,69.0,195.0,1.0,1.0,1.0,1.0,1.0,7.0,,97,,,,,,3,06/15/2017,08/15/2020,20,0,0,0,8.0,9,8,,,0,,,8,8,8.0,95.0,,,96.0,,,8,95,995.0,,,,,,,,,,,,,,,,,,,,,,,,,,,,,,0,0,0,1,0,0,0,0,0,0,0,0,1,1,0,0,0,0,0,0,0,0,0,0,0,0,0,0,0,1,0,1,0,0,0,,0,0,0,0,0,0,0,0,0,1,0,1,0,0,0,0,,,,,,31-35,26-35,City street,U,Monday,Unknown,PV,Not Fatal,1,0,0,0,City Street,State Patrol,Washington State Patrol,0,0,0,1,0,,,,,,0.0,0.0,4.0,,,,,,,,,,,98.0,98.0,98.0,0.0,,,,,20.0,7.0,,,,,,,,1.0,0.0,,,,,,,98198
3168,2020,562,EA76827,35.0,10/30/2020,22:03,30,10,,53,Pierce,0,2,,2,2,2,1,0,2,1,,,,42,0,0,9999.8,1,0,1,98,1,64,8,0,0,0,0,NF RD 70,,-121.5799556,47.118163889,0,1,1,13,2,25,34,0,0,1,2,42,3,1,2,2,14,2,2,53,0,20,481,2006,0,,63,42.0,,,,,1,1,21,1,0.0,,0,0,3,0,11,0,,,,,0.0,0.0,0.0,3.0,1,0,,,,96,,,,,,98,,,,,,98321.0,53,68.0,130.0,6.0,1.0,0.0,0.0,0.0,0.0,,97,,,,,,4,,,20,0,0,0,8.0,9,8,,,0,,,8,8,8.0,95.0,,,96.0,,,8,95,995.0,,,,,,,,,,,,,,,,,,,,,,,,,,,,,,0,0,1,0,0,0,0,0,0,0,0,0,1,0,0,0,0,0,0,0,0,0,0,1,1,0,0,0,0,1,0,0,0,0,0,,0,0,0,0,0,0,0,0,0,1,0,0,0,0,0,0,,,,,,21-25,16-25,Other,R,Friday,Belt Used,PV,Not Fatal,0,1,0,0,Other,County Sheriff,Law Enforcement Support Agency,1,0,0,0,1,,,,,,0.0,0.0,0.0,,,,,,,,,,,98.0,98.0,98.0,0.0,,,,,20.0,7.0,,,,,,,,1.0,0.0,,,,,,,