,year,case,par,repjur,crash_dt,crash_tm,accday,accmon,holiday,county,co_char,city,weather,weather2,lightcond,surfcond,surftype,numfatal,nmforms,pforms,vforms,not_tm,arr_tm,hosp_tm,fhevent,hitrun,manncol,milepnt,reljunc,reljuncinter,intersectiontype,funcsystem,landuse,ownership,route,schlbus,spejur,contdev,devfunc,trafid1,trafid2,x,y,wk_zone,vnumber,crashtype,criticalevent,criticaleventcat,spdlim,body,trailer,emerg,hazcargo,leave,mhevent,roadalgn,roadprof,traflane,trafflow,vehmanvr,numoccs,regowner,regstate,spuse,make,model,modelyr,vrf1,vrf2,seqevent1,seqevent2,seqevent3,seqevent4,seqevent5,seqevent6,pnumber,ptype,age,sex,hispanic,race,injury,diedscene,restraint,restraintmisuse,seatpos,takehosp,death_dt,death_tm,cert,cernum_wa,commlic,licendor,licrestrict,liccomp,drivpres,drf1,drf2,drf3,drf4,distract1,distract2,distract3,distract4,distract5,distract6,dricond1,dricond2,dricond3,dricond4,dricond5,dricond6,dzip,licstate,drhgt_in,weight,noncdl,noncdltype,prevdwi,prevoth,prevacc,prevspd,prevsus,driviol1,driviol2,driviol3,driviol4,driviol5,driviol6,spdrel,first_dt,last_dt,airbag,ejection,ejectpath,extricat,injurwrk,methalc,methdrug,nmlocat,strikveh,prf1,prf2,prf3,druginv,alcinvol,drugsts,drugres1,drugres2,drugres3,drugtst1,drugtst2,drugtst3,alcsts,alctst,alcres,nmact1,nmact2,nmact3,nmact4,nmact5,nmact6,nmprior1,nmprior2,nmprior3,nmprior4,nmprior5,nmprior6,nmcond1,nmcond2,nmcond3,nmcond4,nmcond5,nmcond6,nmsafe_helmet,nmsafe_pads,nmsafe_oth,nmprev_ref,nmprev_lgt,nmprev_oth,crashlocation,nmcrashtype,crosswalk,schoolzone,sidewalk,train_inv,wildlife_inv,rotr_fars,intersect_fars,dd_inv,aid_inv,dpd_inv,id_inv,mj_inv,impnm_inv,ainm_inv,dpnm_inv,speed_inv,unlic_inv,unendmc_inv,drowsy_inv,drdist_inv,nmdist_inv,fty_inv,unrestfat_inv,dr1617_inv,dr1820_inv,dr1620_inv,dr2125_inv,dr1625_inv,dr65_inv,dr70_inv,dr75_inv,mc_inv,pv_inv,ht_inv,ped_inv,bike_inv,unrest_fat,mc_fat,unhelmet_mc,pv_fat,ht_fat,ped_fat,bike_fat,dr_alc7,dr_alc8,dr_drug,dr_imp,dr_dist,dr_spd,dr_fty,dr_unlic,dr_alc7only,dr_alc8only,dr_drugonly,dr_drink,nm_imp,nm_alc7,nm_alc8,nm_drug,nm_dist,agegrp1,agegrp2,roadclass,urbrur,dayweek,restuse,vehtype,race_me,intersect,lanedep,oppdir,wrongway,rep_typ,investag,repag_long,rotr,st_rd,cty_rd,city_rd,oth_rd,drug_thc,thc_res,drug_cthc,cthc_res,drug_cann,prevpersemin,prevperse,prevsusoth,drugtst4,drugtst5,drugtst6,drugtst7,drugtst8,drugres4,drugres5,drugres6,drugres7,drugres8,adspresent,adsengaged,adslevel,race1,race2,race3,race4,race5,helmet,helmetmisuse,nmdistract1,nmdistract2,nmdistract3,nmdistract4,nmdistract5,nmdistract6,lab,isedtcase,crf1,crf2,crf3,CoRoadName,CoMP,IntCoRoadName,IntCoMP,zipcode
3245,2021,44,3881326,263.0,01/24/2021,2:30,24,1,,33,King,1960,10,,3,2,2,1,0,2,1,,,,20,0,0,0.0,19,1,1,3,2,4,6,0,0,0,0,4TH AVE S,,-122.3290028,47.588791667,0,1,6,60,4,30,34,0,0,1,2,20,1,1,2,3,1,2,3,4,0,7,482,2020,0,,64,20.0,,,,,1,1,29,1,0.0,,1,0,99,7,11,0,,,,,0.0,0.0,0.0,2.0,1,58,,,,96,,,,,,0,,,,,,98023.0,53,68.0,147.0,1.0,1.0,0.0,3.0,1.0,4.0,,97,,,,,,0,01/15/2017,01/15/2020,8,0,0,0,8.0,5,3,,,0,,,0,0,0.0,0.0,,,0.0,,,0,0,996.0,,,,,,,,,,,,,,,,,,,,,,,,,,,,,,0,0,1,0,0,0,0,0,0,0,0,0,0,1,0,0,0,0,0,0,0,0,0,0,0,0,0,0,0,1,0,0,0,0,0,,0,0,0,0,0,0,0,0,0,0,0,1,0,0,0,0,,,,,,26-30,26-35,City street,U,Sunday,Unknown,PV,Not Fatal,0,1,0,0,State Route,Municipal/City Police,Seattle Police Department,1,1,0,0,0,,,,,,0.0,0.0,2.0,,,,,,,,,,,98.0,98.0,98.0,0.0,,,,,20.0,,,,,,,,,1.0,0.0,,,,,,,98134
3246,2021,45,EB07892,29.0,02/01/2021,0:00,1,2,,41,Lewis,0,2,,2,2,2,1,0,1,1,,,,24,0,0,0.6,1,0,1,5,1,2,4,0,0,0,0,CR-CENTRALIA ALPHA RD,,-122.9293056,46.693266667,0,1,6,12,2,35,83,0,0,1,2,24,3,2,2,1,14,1,2,53,0,37,704,2005,0,,68,64.0,24.0,,,,1,1,37,1,7.0,,4,7,20,7,11,0,02/01/2021,0:00,53007458.0,7458.0,0.0,0.0,3.0,2.0,1,23,,,,96,,,,,,98,,,,,,98585.0,53,72.0,220.0,6.0,1.0,2.0,1.0,1.0,0.0,,0,,,,,,4,07/15/2017,08/15/2020,20,8,0,0,0.0,9,8,,,0,,,9,9,2.0,1.0,,,1.0,,,2,1,0.245,,,,,,,,,,,,,,,,,,,,,,,,,,,,,,0,0,1,0,1,1,0,1,0,0,0,0,1,0,1,0,0,0,0,0,0,0,0,0,0,0,0,0,1,0,0,0,0,0,1,0.0,0,0,0,0,0,1,0,1,0,1,0,0,0,1,0,1,,,,,,36-40,36-45,County road,R,Monday,,MC,White,0,1,0,0,County Road,County Sheriff,Lewis County Sheriff's Office,1,0,1,0,0,,,,,,0.0,2.0,0.0,,,,,,,,,,,0.0,0.0,0.0,1.0,,,,,5.0,,,,,,,,,1.0,0.0,,,CENTRALIA ALPHA RD,0.6,,,98531
3247,2021,46,EB10266,1.0,02/26/2021,10:44,26,2,,77,Yakima,0,1,,1,1,2,1,0,2,2,,,,12,0,7,0.2,20,1,1,1,2,1,1,0,0,0,0,I-82 RAMP,,-120.4753694,46.540455556,0,1,98,21,2,35,6,0,0,1,2,12,1,1,1,6,12,1,1,53,0,2,1,2007,0,,12,,,,,,1,1,22,2,0.0,,2,0,3,0,11,5,,,,,0.0,0.0,0.0,0.0,1,48,,,,96,,,,,,0,,,,,,98908.0,53,63.0,140.0,0.0,0.0,0.0,1.0,1.0,1.0,,97,,,,,,0,02/15/2020,09/15/2021,20,0,0,0,8.0,9,8,,,0,,,0,8,0.0,0.0,,,0.0,,,0,0,996.0,,,,,,,,,,,,,,,,,,,,,,,,,,,,,,0,0,0,0,1,0,1,1,0,0,0,0,0,1,0,0,0,0,0,0,0,0,0,1,1,0,0,0,0,1,0,0,0,0,0,,0,0,0,0,0,0,0,0,0,0,0,1,0,0,0,0,,,,,,21-25,16-25,Interstate,U,Friday,Belt Used,PV,Not Fatal,0,0,0,0,State Route,State Patrol,Washington State Patrol,0,1,0,0,0,,,,,,0.0,0.0,0.0,,,,,,,,,,,98.0,98.0,98.0,0.0,,,,,20.0,,,,,,,,,1.0,0.0,,,,,,,98939
3248,2021,46,EB10266,1.0,02/26/2021,10:44,26,2,,77,Yakima,0,1,,1,1,2,1,0,2,2,,,,12,0,7,0.2,20,1,1,1,2,1,1,0,0,0,0,I-82 RAMP,,-120.4753694,46.540455556,0,2,98,98,7,35,6,0,0,1,2,3,1,1,1,6,1,1,1,53,0,48,45,2012,0,,12,68.0,64.0,1.0,3.0,,1,1,60,1,7.0,,4,0,3,0,11,5,02/27/2021,20:08,259053010220.0,10220.0,0.0,0.0,3.0,3.0,1,0,,,,0,,,,,,98,,,,,,98953.0,53,74.0,200.0,6.0,1.0,0.0,0.0,1.0,0.0,,0,,,,,,0,10/15/2017,10/15/2017,8,0,0,0,0.0,1,8,,,0,,,9,1,2.0,348.0,996.0,151.0,1.0,1.0,1.0,2,1,0.036,,,,,,,,,,,,,,,,,,,,,,,,,,,,,,0,0,0,0,1,0,1,1,0,0,0,0,0,1,0,0,0,0,0,0,0,0,0,1,1,0,0,0,0,1,0,0,0,0,0,,1,0,0,0,1,0,1,1,0,0,0,0,0,0,0,1,,,,,,56-60,56-65,Interstate,U,Friday,Belt Used,PV,White,0,0,0,0,State Route,State Patrol,Washington State Patrol,0,1,0,0,0,,,,,,0.0,0.0,0.0,1.0,,,,,996.0,,,,,98.0,98.0,98.0,1.0,,,,,20.0,,,,,,,,,1.0,0.0,,,,,,,98939
3249,2021,47,EB10644,8.0,02/19/2021,18:05,19,2,,35,Kitsap,0,10,,2,2,2,1,1,2,3,,,,12,0,6,3.2,8,0,1,4,1,1,3,0,0,0,0,SR-160,,-122.5814528,47.505086111,0,2,98,50,3,45,6,0,0,1,2,12,1,1,2,1,1,1,1,53,0,55,35,2009,0,,12,8.0,68.0,12.0,,,1,1,74,1,0.0,,1,0,3,0,11,5,,,,,0.0,0.0,3.0,3.0,1,0,,,,0,,,,,,98,,,,,,98366.0,53,69.0,180.0,6.0,1.0,0.0,0.0,0.0,0.0,,0,,,,,,0,,,1,0,0,0,8.0,9,8,,,0,,,8,8,8.0,95.0,,,96.0,,,8,95,995.0,,,,,,,,,,,,,,,,,,,,,,,,,,,,,,0,0,0,0,0,0,0,0,0,0,0,0,0,0,0,0,0,0,0,0,0,0,0,0,0,1,1,0,0,1,0,1,0,0,0,,0,0,0,0,0,0,0,0,0,0,0,0,0,0,0,0,,,,,,71-75,66-75,State route,R,Friday,Belt Used,PV,Not Fatal,0,1,1,0,State Route,State Patrol,Washington State Patrol,0,1,0,0,0,,,,,,0.0,0.0,0.0,,,,,,,,,,,98.0,98.0,98.0,0.0,,,,,20.0,,,,,,,,,1.0,0.0,,,,,,,98366
3250,2021,47,EB10644,8.0,02/19/2021,18:05,19,2,,35,Kitsap,0,10,,2,2,2,1,1,2,3,,,,12,0,6,3.2,8,0,1,4,1,1,3,0,0,0,0,SR-160,,-122.5814528,47.505086111,0,3,98,62,4,45,4,0,0,1,2,12,1,1,2,1,5,1,3,53,0,12,17,2009,0,,12,,,,,,1,1,29,1,0.0,,0,0,3,0,11,0,,,,,0.0,0.0,3.0,3.0,1,0,,,,0,,,,,,98,,,,,,98367.0,53,68.0,136.0,6.0,1.0,0.0,0.0,0.0,0.0,,0,,,,,,0,,,1,0,0,0,8.0,9,8,,,0,,,8,8,8.0,95.0,,,96.0,,,8,95,995.0,,,,,,,,,,,,,,,,,,,,,,,,,,,,,,0,0,0,0,0,0,0,0,0,0,0,0,0,0,0,0,0,0,0,0,0,0,0,0,0,1,1,0,0,1,0,1,0,0,0,,0,0,0,0,0,0,0,0,0,0,0,0,0,0,0,0,,,,,,26-30,26-35,State route,R,Friday,Belt Used,PV,Not Fatal,0,1,1,0,State Route,State Patrol,Washington State Patrol,0,1,0,0,0,,,,,,0.0,0.0,0.0,,,,,,,,,,,98.0,98.0,98.0,0.0,,,,,20.0,,,,,,,,,1.0,0.0,,,,,,,98366
3251,2021,48,EB10945,5.0,02/23/2021,3:08,23,2,,11,Clark,0,10,,2,1,2,1,1,5,4,,,,8,0,0,9.1,1,0,1,1,2,1,1,0,0,0,0,I-5,,-122.6611306,45.744991667,0,1,13,80,5,60,66,1,0,1,2,8,1,1,4,3,1,1,3,18,0,85,881,2013,0,,8,,,,,,1,1,42,1,0.0,,0,0,3,0,11,0,,,,,6.0,0.0,0.0,3.0,1,0,,,,96,,,,,,98,,,,,,98374.0,53,68.0,178.0,6.0,1.0,0.0,0.0,2.0,0.0,,0,,,,,,0,12/15/2017,06/15/2018,20,0,0,0,8.0,9,8,,,0,,,8,8,0.0,0.0,,,0.0,,,0,0,996.0,,,,,,,,,,,,,,,,,,,,,,,,,,,,,,0,0,0,0,0,0,0,0,0,1,0,1,0,0,0,0,0,0,0,0,0,0,0,0,0,0,0,0,0,1,1,1,0,0,0,,0,0,0,0,0,0,0,0,0,0,0,0,0,0,0,0,,,,,,41-45,36-45,Interstate,U,Tuesday,,MHTRUCK,Not Fatal,0,0,0,0,State Route,State Patrol,Washington State Patrol,0,1,0,0,0,,,,,,0.0,0.0,0.0,,,,,,,,,,,98.0,98.0,98.0,0.0,,,,,20.0,,,,,,,,,1.0,0.0,,,,,,,98642
3252,2021,48,EB10945,5.0,02/23/2021,3:08,23,2,,11,Clark,0,10,,2,1,2,1,1,5,4,,,,8,0,0,9.1,1,0,1,1,2,1,1,0,0,0,0,I-5,,-122.6611306,45.744991667,0,2,98,80,5,60,4,0,0,1,2,8,1,1,4,3,1,1,9,13,0,34,34,2017,0,,8,,,,,,1,1,37,1,0.0,,0,0,3,0,11,0,,,,,0.0,0.0,0.0,3.0,1,0,,,,96,,,,,,98,,,,,,97267.0,41,70.0,170.0,6.0,1.0,0.0,1.0,1.0,1.0,,0,,,,,,0,01/15/2019,12/15/2020,20,0,0,0,8.0,9,8,,,0,,,8,8,0.0,0.0,,,0.0,,,0,0,996.0,,,,,,,,,,,,,,,,,,,,,,,,,,,,,,0,0,0,0,0,0,0,0,0,1,0,1,0,0,0,0,0,0,0,0,0,0,0,0,0,0,0,0,0,1,1,1,0,0,0,,0,0,0,0,0,0,0,0,0,0,0,0,0,0,0,0,,,,,,36-40,36-45,Interstate,U,Tuesday,Belt Used,PV,Not Fatal,0,0,0,0,State Route,State Patrol,Washington State Patrol,0,1,0,0,0,,,,,,0.0,0.0,0.0,,,,,,,,,,,98.0,98.0,98.0,0.0,,,,,20.0,,,,,,,,,1.0,0.0,,,,,,,98642
3253,2021,48,EB10945,5.0,02/23/2021,3:08,23,2,,11,Clark,0,10,,2,1,2,1,1,5,4,,,,8,0,0,9.1,1,0,1,1,2,1,1,0,0,0,0,I-5,,-122.6611306,45.744991667,0,3,98,80,5,60,66,1,0,1,2,8,1,1,4,3,1,1,3,18,0,82,881,2020,0,,8,,,,,,1,1,31,2,0.0,,0,0,3,0,11,0,,,,,6.0,1.0,3.0,3.0,1,0,,,,96,,,,,,98,,,,,,97322.0,41,61.0,215.0,6.0,1.0,0.0,2.0,1.0,0.0,,0,,,,,,0,06/15/2018,05/15/2019,20,0,0,0,8.0,9,8,,,0,,,0,8,0.0,0.0,,,0.0,,,0,0,996.0,,,,,,,,,,,,,,,,,,,,,,,,,,,,,,0,0,0,0,0,0,0,0,0,1,0,1,0,0,0,0,0,0,0,0,0,0,0,0,0,0,0,0,0,1,1,1,0,0,0,,0,0,0,0,0,0,0,0,0,0,0,0,0,0,0,0,,,,,,31-35,26-35,Interstate,U,Tuesday,,MHTRUCK,Not Fatal,0,0,0,0,State Route,State Patrol,Washington State Patrol,0,1,0,0,0,,,,,,0.0,0.0,0.0,,,,,,,,,,,98.0,98.0,98.0,0.0,,,,,20.0,,,,,,,,,1.0,0.0,,,,,,,98642
3254,2021,48,EB10945,5.0,02/23/2021,3:08,23,2,,11,Clark,0,10,,2,1,2,1,1,5,4,,,,8,0,0,9.1,1,0,1,1,2,1,1,0,0,0,0,I-5,,-122.6611306,45.744991667,0,4,98,80,5,60,4,0,0,1,5,8,1,1,4,3,1,2,1,53,0,37,31,2008,0,,8,,,,,,1,1,47,2,0.0,,0,0,99,7,11,0,,,,,0.0,0.0,0.0,3.0,1,0,,,,96,,,,,,98,,,,,,98665.0,53,61.0,210.0,6.0,1.0,0.0,0.0,0.0,0.0,,0,,,,,,0,08/15/2016,02/15/2017,20,0,0,0,8.0,9,8,,,0,,,8,8,0.0,0.0,,,0.0,,,0,0,996.0,,,,,,,,,,,,,,,,,,,,,,,,,,,,,,0,0,0,0,0,0,0,0,0,1,0,1,0,0,0,0,0,0,0,0,0,0,0,0,0,0,0,0,0,1,1,1,0,0,0,,0,0,0,0,0,0,0,0,0,0,0,0,0,0,0,0,,,,,,46-50,46-55,Interstate,U,Tuesday,Unknown,PV,Not Fatal,0,0,0,0,State Route,State Patrol,Washington State Patrol,0,1,0,0,0,,,,,,0.0,0.0,3.0,,,,,,,,,,,98.0,98.0,98.0,0.0,,,,,20.0,,,,,,,,,1.0,0.0,,,,,,,98642
3255,2021,49,EB11024,38.0,02/21/2021,11:30,21,2,,59,Skamania,0,2,,1,2,2,1,0,1,1,,,,1,0,0,11.2,1,0,1,5,1,2,4,0,0,0,0,CR-COOK UNDERWOOD RD,,-121.5576306,45.732180556,0,1,1,13,2,40,15,0,0,1,2,1,3,2,2,1,14,1,1,53,0,37,421,2012,0,,63,67.0,1.0,,,,1,1,67,1,7.0,,4,7,20,7,11,0,02/21/2021,11:30,53010560.0,10560.0,0.0,0.0,3.0,3.0,1,0,,,,0,,,,,,2,,,,,,98605.0,53,72.0,240.0,6.0,1.0,0.0,0.0,0.0,0.0,,0,,,,,,0,,,1,0,0,0,0.0,9,8,,,0,,,9,9,2.0,1.0,,,1.0,,,2,1,0.0,,,,,,,,,,,,,,,,,,,,,,,,,,,,,,0,0,1,0,0,0,0,0,0,0,0,0,0,0,0,1,0,0,0,1,0,0,0,0,0,1,0,0,0,1,0,0,0,1,0,,1,0,0,0,0,0,0,0,0,0,0,0,0,0,0,0,,,,,,66-70,66-75,County road,R,Sunday,Not Used,PV,White,0,1,0,0,County Road,County Sheriff,Skamania County Sheriff's Office,1,0,1,0,0,,,,,,0.0,0.0,0.0,,,,,,,,,,,98.0,98.0,98.0,1.0,,,,,20.0,,,,,,,,,1.0,0.0,,,COOK-UNDERWOOD ROAD,11.2,,,98651
3256,2021,51,EB11532,7.0,02/25/2021,19:25,25,2,,33,King,100,10,,3,1,1,1,0,2,2,,,,12,0,2,6.8,1,0,1,2,2,1,3,0,0,0,0,SR-18,,-122.1838972,47.298605556,0,1,52,54,3,60,14,0,0,1,2,12,4,1,2,3,14,1,1,53,0,20,403,2005,0,,12,,,,,,1,1,39,1,0.0,,3,0,99,7,11,5,,,,,0.0,0.0,0.0,2.0,1,6,51.0,,,96,,,,,,9,,,,,,98349.0,53,68.0,175.0,1.0,1.0,0.0,4.0,0.0,1.0,,97,,,,,,0,01/15/2017,04/15/2021,1,0,0,0,8.0,9,8,,,0,,,1,0,2.0,401.0,417.0,695.0,1.0,1.0,1.0,2,1,0.0,,,,,,,,,,,,,,,,,,,,,,,,,,,,,,0,0,0,0,0,0,1,1,1,0,0,0,0,1,0,0,0,0,0,0,0,0,0,0,0,0,0,0,0,1,0,0,0,0,0,,0,0,0,0,0,0,1,1,0,0,0,1,0,0,1,0,,,,,,36-40,36-45,State route,U,Thursday,Unknown,PV,Not Fatal,0,0,0,1,State Route,State Patrol,Washington State Patrol,0,1,0,0,0,thc,4.7,carboxy-thc,63.0,,0.0,0.0,1.0,1.0,1.0,1.0,,,605.0,321.0,351.0,,,98.0,98.0,98.0,0.0,,,,,20.0,,,,,,,,,1.0,0.0,,,,,,,98002
3257,2021,51,EB11532,7.0,02/25/2021,19:25,25,2,,33,King,100,10,,3,1,1,1,0,2,2,,,,12,0,2,6.8,1,0,1,2,2,1,3,0,0,0,0,SR-18,,-122.1838972,47.298605556,0,2,52,54,3,60,20,0,0,1,2,2,3,1,2,3,14,1,1,53,0,37,441,2007,0,,12,63.0,2.0,,,,1,1,36,1,7.0,,4,7,99,7,11,0,02/25/2021,19:25,10053011622.0,11622.0,0.0,0.0,3.0,3.0,1,0,,,,0,,,,,,98,,,,,,98042.0,53,69.0,200.0,6.0,1.0,0.0,0.0,0.0,0.0,,0,,,,,,0,,,99,0,0,0,0.0,9,8,,,0,,,9,9,2.0,402.0,407.0,,1.0,1.0,,2,1,0.0,,,,,,,,,,,,,,,,,,,,,,,,,,,,,,0,0,0,0,0,0,1,1,1,0,0,0,0,1,0,0,0,0,0,0,0,0,0,0,0,0,0,0,0,1,0,0,0,0,0,,1,0,0,0,0,0,1,1,0,0,0,0,0,0,1,0,,,,,,36-40,36-45,State route,U,Thursday,Unknown,PV,API,0,0,0,1,State Route,State Patrol,Washington State Patrol,0,1,0,0,0,,,,,,0.0,0.0,0.0,,,,,,,,,,,98.0,98.0,98.0,68.0,,,,,20.0,,,,,,,,,1.0,0.0,,,,,,,98002
3258,2021,52,EB11683,1.0,03/05/2021,23:54,5,3,,5,Benton,0,1,,2,1,2,1,0,2,2,,,,12,0,2,172.8,1,0,1,4,1,1,3,0,0,0,0,SR-14,,-119.4871667,45.945586111,0,1,50,10,2,65,34,0,0,1,2,12,1,1,2,1,1,1,2,53,0,23,481,2007,0,,68,12.0,,,,,1,1,42,1,0.0,,3,0,3,0,11,5,,,,,0.0,0.0,0.0,0.0,1,28,,,,96,,,,,,9,,,,,,99362.0,53,65.0,180.0,0.0,0.0,0.0,0.0,0.0,1.0,,1,,,,,,0,09/15/2018,09/15/2018,99,0,0,0,8.0,9,8,,,0,,,8,1,8.0,95.0,,,96.0,,,2,98,997.0,,,,,,,,,,,,,,,,,,,,,,,,,,,,,,0,0,0,0,1,0,0,0,0,0,0,0,0,1,0,0,0,0,0,0,0,0,0,0,0,1,0,0,0,1,0,0,0,0,0,,0,0,0,0,0,0,0,0,0,0,0,1,0,0,0,1,,,,,,41-45,36-45,State route,R,Friday,Belt Used,PV,Not Fatal,0,1,1,0,State Route,State Patrol,Washington State Patrol,0,1,0,0,0,,,,,,0.0,0.0,0.0,,,,,,,,,,,98.0,98.0,98.0,0.0,,,,,20.0,,,,,,,,,1.0,0.0,,,,,,,99345
3259,2021,52,EB11683,1.0,03/05/2021,23:54,5,3,,5,Benton,0,1,,2,1,2,1,0,2,2,,,,12,0,2,172.8,1,0,1,4,1,1,3,0,0,0,0,SR-14,,-119.4871667,45.945586111,0,2,51,62,4,65,3,0,0,1,2,12,1,1,2,1,1,1,2,53,0,30,47,2000,0,,12,,,,,,1,1,68,1,1.0,,4,7,3,0,11,0,03/05/2021,23:54,53011360.0,11360.0,0.0,0.0,0.0,3.0,1,0,,,,0,,,,,,98,,,,,,99336.0,53,68.0,185.0,6.0,1.0,0.0,0.0,0.0,1.0,,0,,,,,,0,03/15/2019,03/15/2019,8,0,0,0,0.0,9,8,,,0,,,9,9,8.0,95.0,,,96.0,,,2,98,997.0,,,,,,,,,,,,,,,,,,,,,,,,,,,,,,0,0,0,0,1,0,0,0,0,0,0,0,0,1,0,0,0,0,0,0,0,0,0,0,0,1,0,0,0,1,0,0,0,0,0,,1,0,0,0,0,0,0,0,0,0,0,0,0,0,0,0,,,,,,66-70,66-75,State route,R,Friday,Belt Used,PV,Hispanic,0,1,1,0,State Route,State Patrol,Washington State Patrol,0,1,0,0,0,,,,,,0.0,0.0,0.0,,,,,,,,,,,98.0,98.0,98.0,98.0,,,,,20.0,,,,,,,,,1.0,0.0,,,,,,,99345
3260,2021,53,EB11738,7.0,02/19/2021,16:45,19,2,,33,King,1960,10,,1,2,1,1,0,1,1,,,,25,0,0,0.3,5,1,1,1,2,1,1,0,0,0,0,I-5,,-122.3209139,47.680811111,0,1,6,12,2,98,4,0,0,1,2,20,2,2,1,6,14,1,2,53,0,7,26,2008,0,,64,25.0,69.0,63.0,25.0,69.0,1,1,23,1,7.0,,4,7,20,7,11,0,02/19/2021,16:45,196053009859.0,9859.0,0.0,0.0,0.0,3.0,1,0,,,,96,,,,,,99,,,,,,76712.0,48,,999.0,6.0,1.0,1.0,1.0,1.0,0.0,,0,,,,,,3,11/15/2017,03/15/2019,8,2,9,0,0.0,9,8,,,0,,,1,9,2.0,996.0,401.0,417.0,1.0,1.0,1.0,2,1,0.0,,,,,,,,,,,,,,,,,,,,,,,,,,,,,,0,0,1,0,0,0,1,1,0,0,0,0,1,0,0,0,0,0,0,1,0,0,0,1,1,0,0,0,0,1,0,0,0,1,0,,1,0,0,0,0,0,1,1,0,1,0,0,0,0,1,0,,,,,,21-25,16-25,Interstate,U,Friday,Not Used,PV,Multiracial,0,1,0,0,State Route,State Patrol,Washington State Patrol,1,1,0,0,0,,,,,,2.0,0.0,0.0,,,,,,,,,,,98.0,98.0,98.0,202.0,201.0,,,,20.0,,,,,,,,,1.0,0.0,,,,,,,98015
3261,2021,54,EB11756,7.0,02/21/2021,9:59,21,2,,33,King,1960,10,,1,1,1,1,0,1,1,,,,1,0,0,0.1,5,1,1,1,2,1,1,0,0,0,0,I-5 RAMP,,-122.3221472,47.641447222,0,1,6,12,2,98,4,0,0,1,2,1,2,1,1,6,14,1,1,53,0,30,40,2001,0,,64,1.0,24.0,,,,1,1,44,2,7.0,,4,0,20,7,11,5,02/21/2021,11:39,196053009358.0,9358.0,0.0,0.0,3.0,3.0,1,0,,,,96,,,,,,99,,,,,,98121.0,53,69.0,140.0,6.0,1.0,0.0,0.0,0.0,0.0,,0,,,,,,4,,,20,1,9,0,0.0,9,8,,,0,,,9,9,2.0,996.0,522.0,605.0,1.0,1.0,1.0,2,1,0.226,,,,,,,,,,,,,,,,,,,,,,,,,,,,,,0,0,1,0,1,1,1,1,1,0,0,0,1,0,0,0,0,0,0,1,0,0,0,0,0,0,0,0,0,1,0,0,0,1,0,,1,0,0,0,0,1,1,1,0,1,0,0,0,0,0,1,,,,,,41-45,36-45,Interstate,U,Sunday,Not Used,PV,White,0,1,0,0,State Route,State Patrol,Washington State Patrol,1,1,0,0,0,thc,1.0,,,,0.0,0.0,0.0,,,,,,,,,,,98.0,98.0,98.0,1.0,,,,,20.0,,,,,,,,nms,1.0,0.0,,,,,,,98102
3262,2021,55,EB11869,3.0,03/05/2021,22:21,5,3,,67,Thurston,0,10,,2,1,2,1,1,1,2,,,,12,0,1,97.0,1,0,1,1,1,1,1,0,0,0,0,I-5,,-122.9479306,46.919461111,0,2,98,50,3,70,4,0,0,1,2,8,1,1,4,3,1,1,9,99,0,41,35,2002,0,,12,8.0,64.0,25.0,,,1,1,22,1,0.0,,0,0,3,0,11,0,,,,,0.0,0.0,0.0,3.0,1,0,,,,96,,,,,,98,,,,,,98531.0,53,68.0,164.0,6.0,1.0,0.0,0.0,0.0,0.0,,0,,,,,,0,,,1,0,0,0,8.0,9,2,,,0,,,8,8,0.0,0.0,,,0.0,,,0,0,996.0,,,,,,,,,,,,,,,,,,,,,,,,,,,,,,0,0,0,0,0,0,0,0,0,1,1,0,0,0,0,0,0,0,0,0,0,0,0,1,1,0,0,0,0,1,0,1,0,0,0,,0,0,0,0,0,0,0,0,0,0,0,0,0,0,0,0,,,,,,21-25,16-25,Interstate,R,Friday,Belt Used,PV,Not Fatal,0,0,0,0,State Route,State Patrol,Washington State Patrol,0,1,0,0,0,,,,,,0.0,0.0,0.0,,,,,,,,,,,98.0,98.0,98.0,0.0,,,,,20.0,,,,,,,,,1.0,23.0,,,,,,,98512
3263,2021,56,EB11870,35.0,03/07/2021,11:07,7,3,,53,Pierce,0,10,,1,99,2,1,0,2,2,,,,12,0,2,7.8,2,0,2,4,2,2,4,0,0,3,3,CR-128TH ST E,CANYON RD E,-122.3574028,47.139880556,0,1,79,17,2,35,4,0,0,1,2,12,1,1,3,1,1,1,1,53,0,55,33,2017,0,,12,,,,,,1,1,32,1,0.0,,1,0,99,7,11,5,,,,,0.0,0.0,3.0,3.0,1,8,,,,96,,,,,,9,,,,,,98402.0,53,73.0,240.0,6.0,1.0,0.0,0.0,0.0,0.0,,97,,,,,,3,,,99,0,0,0,8.0,9,8,,,0,,,1,8,2.0,337.0,401.0,417.0,1.0,1.0,1.0,2,1,0.0,,,,,,,,,,,,,,,,,,,,,,,,,,,,,,0,0,0,1,0,0,1,1,0,0,0,0,1,0,0,0,0,0,0,0,0,0,0,0,0,0,0,0,0,1,0,0,0,0,0,,0,0,0,0,0,0,1,1,0,1,0,0,0,0,1,0,,,,,,31-35,26-35,County road,U,Sunday,Unknown,PV,Not Fatal,1,0,0,0,County Road,County Sheriff,Law Enforcement Support Agency,0,0,1,0,0,thc,5.4,carboxy-thc,45.0,,0.0,0.0,0.0,,,,,,,,,,,98.0,98.0,98.0,0.0,,,,,20.0,,,,,,,,,1.0,0.0,,,CANYON RD E,7.77,128 ST E,3.15,98445