,year,case,par,repjur,crash_dt,crash_tm,accday,accmon,holiday,county,co_char,city,weather,weather2,lightcond,surfcond,surftype,numfatal,nmforms,pforms,vforms,not_tm,arr_tm,hosp_tm,fhevent,hitrun,manncol,milepnt,reljunc,reljuncinter,intersectiontype,funcsystem,landuse,ownership,route,schlbus,spejur,contdev,devfunc,trafid1,trafid2,x,y,wk_zone,vnumber,crashtype,criticalevent,criticaleventcat,spdlim,body,trailer,emerg,hazcargo,leave,mhevent,roadalgn,roadprof,traflane,trafflow,vehmanvr,numoccs,regowner,regstate,spuse,make,model,modelyr,vrf1,vrf2,seqevent1,seqevent2,seqevent3,seqevent4,seqevent5,seqevent6,pnumber,ptype,age,sex,hispanic,race,injury,diedscene,restraint,restraintmisuse,seatpos,takehosp,death_dt,death_tm,cert,cernum_wa,commlic,licendor,licrestrict,liccomp,drivpres,drf1,drf2,drf3,drf4,distract1,distract2,distract3,distract4,distract5,distract6,dricond1,dricond2,dricond3,dricond4,dricond5,dricond6,dzip,licstate,drhgt_in,weight,noncdl,noncdltype,prevdwi,prevoth,prevacc,prevspd,prevsus,driviol1,driviol2,driviol3,driviol4,driviol5,driviol6,spdrel,first_dt,last_dt,airbag,ejection,ejectpath,extricat,injurwrk,methalc,methdrug,nmlocat,strikveh,prf1,prf2,prf3,druginv,alcinvol,drugsts,drugres1,drugres2,drugres3,drugtst1,drugtst2,drugtst3,alcsts,alctst,alcres,nmact1,nmact2,nmact3,nmact4,nmact5,nmact6,nmprior1,nmprior2,nmprior3,nmprior4,nmprior5,nmprior6,nmcond1,nmcond2,nmcond3,nmcond4,nmcond5,nmcond6,nmsafe_helmet,nmsafe_pads,nmsafe_oth,nmprev_ref,nmprev_lgt,nmprev_oth,crashlocation,nmcrashtype,crosswalk,schoolzone,sidewalk,train_inv,wildlife_inv,rotr_fars,intersect_fars,dd_inv,aid_inv,dpd_inv,id_inv,mj_inv,impnm_inv,ainm_inv,dpnm_inv,speed_inv,unlic_inv,unendmc_inv,drowsy_inv,drdist_inv,nmdist_inv,fty_inv,unrestfat_inv,dr1617_inv,dr1820_inv,dr1620_inv,dr2125_inv,dr1625_inv,dr65_inv,dr70_inv,dr75_inv,mc_inv,pv_inv,ht_inv,ped_inv,bike_inv,unrest_fat,mc_fat,unhelmet_mc,pv_fat,ht_fat,ped_fat,bike_fat,dr_alc7,dr_alc8,dr_drug,dr_imp,dr_dist,dr_spd,dr_fty,dr_unlic,dr_alc7only,dr_alc8only,dr_drugonly,dr_drink,nm_imp,nm_alc7,nm_alc8,nm_drug,nm_dist,agegrp1,agegrp2,roadclass,urbrur,dayweek,restuse,vehtype,race_me,intersect,lanedep,oppdir,wrongway,rep_typ,investag,repag_long,rotr,st_rd,cty_rd,city_rd,oth_rd,drug_thc,thc_res,drug_cthc,cthc_res,drug_cann,prevpersemin,prevperse,prevsusoth,drugtst4,drugtst5,drugtst6,drugtst7,drugtst8,drugres4,drugres5,drugres6,drugres7,drugres8,adspresent,adsengaged,adslevel,race1,race2,race3,race4,race5,helmet,helmetmisuse,nmdistract1,nmdistract2,nmdistract3,nmdistract4,nmdistract5,nmdistract6,lab,isedtcase,crf1,crf2,crf3,CoRoadName,CoMP,IntCoRoadName,IntCoMP,zipcode
3302,2021,78,EB18166,1.0,03/24/2021,2:58,24,3,,77,Yakima,0,10,,2,1,2,4,0,5,2,,,,12,0,2,8.2,1,0,1,5,1,1,3,0,3,0,0,SR-22,,-120.2405611,46.325591667,0,1,50,10,2,60,20,0,0,1,2,12,1,1,2,1,1,4,2,53,0,6,441,2002,0,,68,12.0,,,,,1,1,29,1,7.0,,4,7,3,0,11,0,03/24/2021,2:58,53014304.0,14304.0,0.0,0.0,3.0,2.0,1,28,,,,92,,,,,,98,,,,,,98952.0,53,71.0,220.0,1.0,1.0,0.0,0.0,0.0,0.0,,0,,,,,,0,,,1,0,0,0,0.0,9,8,,,0,,,8,8,2.0,1.0,,,1.0,,,2,1,0.341,,,,,,,,,,,,,,,,,,,,,,,,,,,,,,0,0,0,0,1,1,0,1,0,0,0,0,0,1,0,0,1,0,0,1,0,1,1,0,1,0,0,0,0,1,0,0,0,0,0,,1,0,0,0,0,1,0,1,1,0,0,1,0,1,0,1,,,,,,26-30,26-35,State route,R,Wednesday,Belt Used,PV,AIAN,0,1,1,0,State Route,State Patrol,Washington State Patrol,0,1,0,0,0,,,,,,0.0,0.0,0.0,,,,,,,,,,,98.0,98.0,98.0,3.0,,,,,20.0,,,,,,,,,1.0,0.0,,,,,,,98948
3303,2021,78,EB18166,1.0,03/24/2021,2:58,24,3,,77,Yakima,0,10,,2,1,2,4,0,5,2,,,,12,0,2,8.2,1,0,1,5,1,1,3,0,3,0,0,SR-22,,-120.2405611,46.325591667,0,2,51,62,4,60,14,0,0,1,2,12,1,1,2,1,1,1,2,53,0,2,404,1997,0,,12,1.0,,,,,1,1,19,2,7.0,,4,7,3,0,11,0,03/24/2021,2:58,53014370.0,14370.0,0.0,0.0,0.0,2.0,1,0,,,,96,,,,,,98,,,,,,98948.0,53,62.0,114.0,3.0,7.0,0.0,0.0,1.0,0.0,,0,,,,,,0,02/15/2020,02/15/2020,1,2,9,0,0.0,9,8,,,0,,,8,8,2.0,1.0,,,1.0,,,2,1,0.0,,,,,,,,,,,,,,,,,,,,,,,,,,,,,,0,0,0,0,1,1,0,1,0,0,0,0,0,1,0,0,1,0,0,1,0,1,1,0,1,0,0,0,0,1,0,0,0,0,0,,1,0,0,0,0,0,0,0,0,0,0,1,0,0,0,0,,,,,,18-20,16-25,State route,R,Wednesday,Belt Used,PV,AIAN,0,1,1,0,State Route,State Patrol,Washington State Patrol,0,1,0,0,0,,,,,,0.0,0.0,0.0,,,,,,,,,,,0.0,0.0,0.0,3.0,,,,,20.0,,,,,,,,,1.0,0.0,,,,,,,98948
3304,2021,79,EB18517,35.0,03/31/2021,13:49,31,3,,53,Pierce,0,1,,1,1,2,1,0,4,1,,,,30,0,0,0.5,3,0,3,4,2,2,4,0,3,0,0,CR-PIONEER WAY E,STEWART AVE E,-122.3518667,47.201461111,0,1,7,8,1,40,4,0,0,1,2,30,1,1,2,1,6,4,3,94,0,37,32,2002,0,,68,64.0,30.0,,,,1,1,17,1,0.0,,3,0,3,0,11,5,,,,,0.0,0.0,3.0,3.0,1,33,,,,96,,,,,,98,,,,,,98338.0,53,63.0,170.0,6.0,2.0,0.0,0.0,0.0,0.0,,97,,,,,,3,,,1,0,0,0,8.0,9,8,,,0,,,8,8,8.0,95.0,,,96.0,,,8,95,995.0,,,,,,,,,,,,,,,,,,,,,,,,,,,,,,0,0,0,1,0,0,0,0,0,0,0,0,1,0,0,0,0,0,0,0,1,0,1,0,1,0,0,0,0,1,0,0,0,0,0,,0,0,0,0,0,0,0,0,0,1,0,0,0,0,0,0,,,,,,16-17,16-25,County road,U,Wednesday,Belt Used,PV,Not Fatal,1,0,0,0,County Road,County Sheriff,Law Enforcement Support Agency,0,0,1,0,0,,,,,,0.0,0.0,0.0,,,,,,,,,,,98.0,98.0,98.0,0.0,,,,,20.0,,,,,,,,,1.0,0.0,,,PIONEER WAY E,0.45,STEWART AVE E,0.0,98371
3305,2021,80,EB18553,7.0,03/19/2021,3:23,19,3,,33,King,0,10,,6,1,1,1,1,1,1,,,,8,0,0,10.8,1,0,1,2,2,1,3,0,0,0,0,SR-018,,-122.1395194,47.347708333,0,1,13,80,5,60,66,1,0,1,2,8,1,2,2,3,1,1,3,18,0,82,881,2018,0,,8,,,,,,1,1,64,1,0.0,,0,0,3,0,11,0,,,,,6.0,1.0,3.0,3.0,1,0,,,,96,,,,,,98,,,,,,98335.0,53,71.0,190.0,6.0,1.0,0.0,0.0,0.0,0.0,,0,,,,,,0,,,20,0,0,0,8.0,9,8,,,0,,,8,8,8.0,95.0,,,96.0,,,8,95,995.0,,,,,,,,,,,,,,,,,,,,,,,,,,,,,,0,0,0,0,0,0,0,0,0,0,0,0,0,0,0,0,0,0,0,0,0,0,0,0,0,0,0,0,0,0,1,1,0,0,0,,0,0,0,0,0,0,0,0,0,0,0,0,0,0,0,0,,,,,,61-65,56-65,State route,U,Friday,,MHTRUCK,Not Fatal,0,0,0,0,State Route,State Patrol,Washington State Patrol,0,1,0,0,0,,,,,,0.0,0.0,0.0,,,,,,,,,,,98.0,98.0,98.0,0.0,,,,,20.0,,,,,,,,,1.0,0.0,,,,,,,98027
3306,2021,81,EB18722,2.0,03/31/2021,11:20,31,3,,29,Island,0,1,,1,1,2,1,0,4,2,,,,12,0,6,23.2,1,0,1,3,1,1,3,0,0,0,0,SR-20,,-122.7225194,48.210022222,0,1,66,8,1,55,14,0,0,1,2,12,3,1,4,1,6,2,1,53,0,63,402,2008,0,,68,12.0,,,,,1,1,44,2,7.0,,4,0,3,0,11,0,03/31/2021,13:29,53016673.0,16673.0,0.0,0.0,0.0,3.0,1,33,58.0,,,96,,,,,,98,,,,,,98277.0,53,66.0,125.0,6.0,1.0,0.0,0.0,0.0,0.0,,0,,,,,,3,,,1,0,0,0,0.0,9,8,,,0,,,8,8,2.0,316.0,996.0,996.0,1.0,1.0,1.0,2,1,0.0,,,,,,,,,,,,,,,,,,,,,,,,,,,,,,0,0,0,0,0,0,1,1,1,0,0,0,1,0,0,0,0,0,0,0,1,0,1,0,1,0,0,0,0,1,0,0,0,0,0,,1,0,0,0,0,0,1,1,0,1,0,0,0,0,1,0,,,,,,41-45,36-45,State route,R,Wednesday,Belt Used,PV,White,0,1,1,0,State Route,State Patrol,Washington State Patrol,0,1,0,0,0,thc,36.0,,,,0.0,0.0,0.0,1.0,1.0,1.0,,,695.0,605.0,996.0,996.0,,98.0,98.0,98.0,1.0,,,,,20.0,,,,,,,,nms,1.0,0.0,,,,,,,
3307,2021,81,EB18722,2.0,03/31/2021,11:20,31,3,,29,Island,0,1,,1,1,2,1,0,4,2,,,,12,0,6,23.2,1,0,1,3,1,1,3,0,0,0,0,SR-20,,-122.7225194,48.210022222,0,2,66,62,4,55,34,0,0,1,2,12,2,1,4,1,14,2,2,53,0,20,481,2009,0,,12,,,,,,1,1,16,1,0.0,,2,0,3,0,11,0,,,,,0.0,0.0,1.0,3.0,1,0,,,,96,,,,,,98,,,,,,98382.0,53,68.0,140.0,6.0,2.0,0.0,0.0,0.0,0.0,,0,,,,,,0,,,1,0,0,0,8.0,9,8,,,0,,,8,8,0.0,0.0,,,0.0,,,0,0,996.0,,,,,,,,,,,,,,,,,,,,,,,,,,,,,,0,0,0,0,0,0,1,1,1,0,0,0,1,0,0,0,0,0,0,0,1,0,1,0,1,0,0,0,0,1,0,0,0,0,0,,0,0,0,0,0,0,0,0,0,0,0,0,0,0,0,0,,,,,,16-17,16-25,State route,R,Wednesday,Belt Used,PV,Not Fatal,0,1,1,0,State Route,State Patrol,Washington State Patrol,0,1,0,0,0,,,,,,0.0,0.0,0.0,,,,,,,,,,,98.0,98.0,98.0,0.0,,,,,20.0,,,,,,,,,1.0,0.0,,,,,,,
3308,2021,82,EB18684,197.0,04/01/2021,16:35,1,4,,61,Snohomish,1338,1,,1,1,2,1,0,2,2,,,,12,0,6,3.4,1,0,1,3,2,1,3,0,0,0,0,SR-527,,-122.2154833,47.840827778,0,1,66,9,1,40,10,0,0,1,2,12,1,1,5,5,1,1,1,53,0,48,44,2005,0,,68,12.0,,,,,1,1,22,1,7.0,,4,7,3,0,11,0,04/01/2021,16:35,133853016381.0,16381.0,0.0,0.0,0.0,3.0,1,28,,,,96,,,,,,98,,,,,,98208.0,53,69.0,138.0,6.0,1.0,0.0,0.0,0.0,0.0,,0,,,,,,0,,,1,0,0,0,0.0,9,8,,,0,,,8,8,2.0,996.0,695.0,605.0,1.0,1.0,1.0,2,1,0.0,,,,,,,,,,,,,,,,,,,,,,,,,,,,,,0,0,0,0,0,0,1,1,1,0,0,0,0,1,0,0,0,0,0,0,0,0,0,1,1,0,0,0,0,1,0,0,0,0,0,,1,0,0,0,0,0,1,1,0,0,0,0,0,0,1,0,,,,,,21-25,16-25,State route,U,Thursday,Belt Used,PV,White,0,1,1,0,State Route,Municipal/City Police,Mill Creek Police Department,0,1,0,0,0,thc,17.0,carboxy-thc,44.0,,0.0,0.0,0.0,,,,,,,,,,,98.0,98.0,98.0,1.0,,,,,20.0,,,,,,,,nms,1.0,0.0,,,,,,,98012
3309,2021,82,EB18684,197.0,04/01/2021,16:35,1,4,,61,Snohomish,1338,1,,1,1,2,1,0,2,2,,,,12,0,6,3.4,1,0,1,3,2,1,3,0,0,0,0,SR-527,,-122.2154833,47.840827778,0,2,66,62,4,40,14,0,0,1,2,12,1,1,5,5,1,1,1,53,0,12,401,2003,0,,12,,,,,,1,1,41,1,0.0,,3,0,3,0,11,0,,,,,0.0,0.0,0.0,0.0,1,0,,,,96,,,,,,98,,,,,,98204.0,53,67.0,150.0,0.0,0.0,0.0,1.0,0.0,0.0,,0,,,,,,0,08/15/2019,08/15/2019,8,0,0,0,8.0,9,8,,,0,,,8,8,8.0,95.0,,,96.0,,,8,95,995.0,,,,,,,,,,,,,,,,,,,,,,,,,,,,,,0,0,0,0,0,0,1,1,1,0,0,0,0,1,0,0,0,0,0,0,0,0,0,1,1,0,0,0,0,1,0,0,0,0,0,,0,0,0,0,0,0,0,0,0,0,0,1,0,0,0,0,,,,,,41-45,36-45,State route,U,Thursday,Belt Used,PV,Not Fatal,0,1,1,0,State Route,Municipal/City Police,Mill Creek Police Department,0,1,0,0,0,,,,,,0.0,0.0,0.0,,,,,,,,,,,98.0,98.0,98.0,0.0,,,,,20.0,,,,,,,,,1.0,0.0,,,,,,,98012
3310,2021,83,EB18792,14.0,04/02/2021,13:00,2,4,,11,Clark,0,1,,1,1,2,1,0,2,2,,,,12,0,6,0.2,2,0,3,5,2,2,4,0,0,0,0,CR-NE 25TH AVE,NE 81ST ST,-122.6462639,45.680936111,0,1,68,15,2,30,4,0,0,1,2,12,1,2,3,5,11,1,2,53,0,35,47,2010,0,,12,,,,,,1,1,18,2,0.0,,0,0,3,0,11,0,,,,,0.0,0.0,1.0,3.0,1,48,,,,96,,,,,,98,,,,,,98604.0,53,66.0,145.0,6.0,2.0,0.0,0.0,0.0,1.0,,97,,,,,,0,09/15/2019,09/15/2019,20,0,0,0,8.0,9,8,,,0,,,8,8,0.0,0.0,,,0.0,,,2,98,997.0,,,,,,,,,,,,,,,,,,,,,,,,,,,,,,0,0,0,1,0,0,1,1,0,0,0,0,0,1,1,0,0,0,0,0,0,1,1,0,1,0,0,0,1,1,0,0,0,0,0,,0,0,0,0,0,0,0,0,0,0,0,0,0,0,0,0,,,,,,18-20,16-25,County road,U,Friday,Belt Used,PV,Not Fatal,0,0,0,0,County Road,County Sheriff,Clark County Sheriff's Office,0,0,1,0,0,,,,,,0.0,0.0,0.0,,,,,,,,,,,98.0,98.0,98.0,0.0,,,,,20.0,,,,,,,,,1.0,0.0,,,NE 25TH AVE,0.15,NE 81ST ST,0.0,98665
3311,2021,83,EB18792,14.0,04/02/2021,13:00,2,4,,11,Clark,0,1,,1,1,2,1,0,2,2,,,,12,0,6,0.2,2,0,3,5,2,2,4,0,0,0,0,CR-NE 25TH AVE,NE 81ST ST,-122.6462639,45.680936111,0,2,69,62,4,30,80,0,0,1,2,12,1,2,3,3,1,1,9,99,0,73,705,2008,0,,12,,,,,,1,1,47,1,7.0,,4,7,20,7,11,0,04/02/2021,13:00,53017129.0,17129.0,0.0,0.0,0.0,2.0,1,0,,,,96,,,,,,98,,,,,,99998.0,41,67.0,175.0,1.0,1.0,0.0,4.0,0.0,3.0,,0,,,,,,0,03/15/2017,06/15/2021,20,8,0,0,0.0,9,8,,,0,,,8,8,2.0,401.0,417.0,,1.0,1.0,,2,1,0.0,,,,,,,,,,,,,,,,,,,,,,,,,,,,,,0,0,0,1,0,0,1,1,0,0,0,0,0,1,1,0,0,0,0,0,0,1,1,0,1,0,0,0,1,1,0,0,0,0,1,0.0,0,0,0,0,0,0,1,1,0,0,0,1,0,0,1,0,,,,,,46-50,46-55,County road,U,Friday,,MC,White,0,0,0,0,County Road,County Sheriff,Clark County Sheriff's Office,0,0,1,0,0,,,,,,0.0,0.0,8.0,,,,,,,,,,,0.0,0.0,0.0,1.0,,,,,5.0,,,,,,,,,1.0,0.0,,,NE 25TH AVE,0.15,NE 81ST ST,0.0,98665
3312,2021,84,EB18960,1.0,03/31/2021,12:20,31,3,,21,Franklin,0,1,,1,1,1,1,0,1,1,,,,1,0,0,59.9,1,0,1,2,1,1,2,0,0,0,0,US-395,,-118.8773333,46.632819444,0,1,2,12,2,70,34,0,0,1,2,1,2,1,2,2,14,1,1,53,0,12,481,2001,0,,64,69.0,63.0,1.0,,,1,1,54,1,7.0,,4,7,3,0,11,0,03/31/2021,12:20,53016454.0,16454.0,0.0,0.0,3.0,3.0,1,58,,,,96,,,,,,98,,,,,,99336.0,53,58.0,165.0,6.0,1.0,0.0,4.0,1.0,4.0,,0,,,,,,0,06/15/2016,10/15/2020,8,0,0,0,0.0,9,8,,,0,,,8,8,0.0,0.0,,,0.0,,,0,0,996.0,,,,,,,,,,,,,,,,,,,,,,,,,,,,,,0,0,0,0,0,0,0,0,0,0,0,0,0,0,0,0,0,0,0,0,0,0,0,0,0,0,0,0,0,1,0,0,0,0,0,,1,0,0,0,0,0,0,0,0,0,0,0,0,0,0,0,,,,,,51-55,46-55,US highway,R,Wednesday,Belt Used,PV,White,0,1,0,0,State Route,State Patrol,Washington State Patrol,1,1,0,0,0,,,,,,0.0,0.0,4.0,,,,,,,,,,,98.0,98.0,98.0,1.0,,,,,20.0,,,,,,,,,1.0,0.0,,,,,,,99326
3313,2021,85,EB19556,6.0,04/01/2021,13:35,1,4,,17,Douglas,0,1,,1,0,0,1,0,3,2,,,,12,0,6,205.1,8,0,1,3,1,1,2,0,0,0,0,US-97,,-120.2017833,47.714991667,0,1,80,10,2,0,90,0,0,1,5,12,0,0,0,0,10,1,0,0,0,37,733,2013,0,,12,1.0,,,,,1,1,30,1,1.0,,4,7,20,7,11,0,04/01/2021,13:35,53015983.0,15983.0,0.0,0.0,0.0,1.0,1,38,,,,96,,,,,,98,,,,,,98843.0,53,66.0,170.0,6.0,1.0,0.0,0.0,0.0,1.0,,0,,,,,,0,11/15/2020,11/15/2020,20,1,9,0,0.0,9,8,,,0,,,8,8,8.0,95.0,,,96.0,,,2,98,997.0,,,,,,,,,,,,,,,,,,,,,,,,,,,,,,0,0,0,0,0,0,0,0,0,0,0,0,0,0,0,0,0,0,1,0,0,0,0,0,0,0,0,0,0,1,0,0,0,0,0,,0,0,0,0,0,0,0,0,0,0,1,0,0,0,0,0,,,,,,26-30,26-35,US highway,R,Thursday,,OTHVT,Hispanic,0,0,0,0,State Route,State Patrol,Washington State Patrol,0,1,0,0,0,,,,,,0.0,0.0,0.0,,,,,,,,,,,0.0,0.0,0.0,98.0,,,,,17.0,,,,,,,,,1.0,0.0,,,,,,,
3314,2021,85,EB19556,6.0,04/01/2021,13:35,1,4,,17,Douglas,0,1,,1,1,2,1,0,3,2,,,,12,0,6,205.1,8,0,1,3,1,1,2,0,0,0,0,US-97,,-120.2017833,47.714991667,0,2,81,72,4,60,34,1,0,1,5,12,2,2,2,1,14,2,3,53,0,7,482,2003,0,,12,,,,,,1,1,36,1,0.0,,0,0,3,0,11,0,,,,,0.0,0.0,0.0,3.0,1,0,,,,96,,,,,,98,,,,,,98814.0,53,72.0,185.0,6.0,1.0,0.0,0.0,1.0,0.0,,0,,,,,,0,08/15/2019,08/15/2019,20,0,0,0,8.0,9,8,,,0,,,8,8,2.0,1.0,,,1.0,,,2,1,0.0,,,,,,,,,,,,,,,,,,,,,,,,,,,,,,0,0,0,0,0,0,0,0,0,0,0,0,0,0,0,0,0,0,1,0,0,0,0,0,0,0,0,0,0,1,0,0,0,0,0,,0,0,0,0,0,0,0,0,0,0,0,0,0,0,0,0,,,,,,36-40,36-45,US highway,R,Thursday,Belt Used,PV,Not Fatal,0,0,0,0,State Route,State Patrol,Washington State Patrol,0,1,0,0,0,,,,,,0.0,0.0,0.0,,,,,,,,,,,98.0,98.0,98.0,0.0,,,,,20.0,,,,,,,,,1.0,0.0,,,,,,,
3315,2021,87,EB19641,248.0,04/05/2021,11:24,5,4,,33,King,1830,1,,1,1,2,1,1,1,1,,,,8,0,0,0.0,1,0,1,7,2,4,6,0,0,0,0,OLYMPIC CT SE,,-122.1736222,47.462291667,0,1,92,80,5,25,63,0,0,1,5,8,1,1,2,1,13,1,3,53,0,87,881,2021,0,,8,,,,,,1,1,30,1,0.0,,0,0,3,0,11,0,,,,,6.0,1.0,3.0,3.0,1,31,,,,96,,,,,,98,,,,,,98012.0,53,70.0,225.0,6.0,1.0,0.0,0.0,0.0,0.0,,0,,,,,,0,,,20,0,0,0,8.0,9,8,,,0,,,8,8,0.0,0.0,,,0.0,,,0,0,996.0,,,,,,,,,,,,,,,,,,,,,,,,,,,,,,0,0,0,0,0,0,0,0,0,0,0,0,0,0,0,0,0,0,0,0,0,0,0,0,0,0,0,0,0,0,1,1,0,0,0,,0,0,0,0,0,0,0,0,0,0,0,0,0,0,0,0,,,,,,26-30,26-35,City street,U,Monday,,MHTRUCK,Not Fatal,0,0,0,0,City Street,Municipal/City Police,Renton Police Department,0,0,0,1,0,,,,,,0.0,0.0,0.0,,,,,,,,,,,98.0,98.0,98.0,0.0,,,,,20.0,,,,,,,,,1.0,0.0,,,,,,,98058
3316,2021,88,EB19651,35.0,04/05/2021,7:29,5,4,,53,Pierce,0,1,,1,1,1,1,0,1,1,,,,1,0,0,0.8,3,0,2,4,2,2,4,0,3,3,3,CR-WALLER RD E,PIONEER WAY E,-122.3891056,47.228091667,0,1,98,9,1,35,66,1,0,1,2,1,3,2,3,1,2,1,3,53,0,86,884,1978,0,,1,79.0,18.0,18.0,18.0,19.0,1,1,45,1,7.0,,4,7,99,7,11,0,04/05/2021,7:29,53016848.0,16848.0,6.0,1.0,0.0,3.0,1,0,,,,96,,,,,,98,,,,,,98374.0,53,76.0,330.0,6.0,1.0,0.0,1.0,4.0,0.0,,0,,,,,,0,08/15/2016,08/15/2020,99,0,0,1,1.0,9,8,,,0,,,8,8,2.0,401.0,,,1.0,,,2,1,0.0,,,,,,,,,,,,,,,,,,,,,,,,,,,,,,0,0,0,1,0,0,1,1,0,0,0,0,0,0,0,0,0,0,0,0,0,0,0,0,0,0,0,0,0,0,1,0,0,0,0,,0,1,0,0,0,0,1,1,0,0,0,0,0,0,1,0,,,,,,41-45,36-45,County road,U,Monday,,MHTRUCK,White,0,1,0,0,County Road,County Sheriff,Law Enforcement Support Agency,1,0,1,0,0,,,,,,0.0,0.0,0.0,,,,,,,,,,,0.0,0.0,0.0,1.0,,,,,20.0,,,,,,,,,1.0,0.0,,,WALLER RD E,0.07,,,98443
3317,2021,89,EB19893,6.0,03/26/2021,4:42,26,3,,25,Grant,0,1,,2,1,2,1,0,3,3,,,,12,0,1,35.7,3,0,3,2,1,1,3,0,0,0,0,SR-17,RD5 SE,-119.1427222,47.013541667,0,1,28,52,3,60,66,1,0,1,5,12,1,1,2,1,2,1,3,53,0,87,881,2005,0,,12,68.0,12.0,,,,1,1,30,1,0.0,,0,0,3,0,11,0,,,,,6.0,1.0,0.0,3.0,1,26,,,,96,,,,,,98,,,,,,99326.0,53,68.0,200.0,6.0,1.0,0.0,1.0,0.0,2.0,,58,,,,,,0,03/15/2016,05/15/2019,20,0,0,0,8.0,9,8,,,0,,,8,8,2.0,996.0,996.0,,1.0,1.0,,2,1,0.0,,,,,,,,,,,,,,,,,,,,,,,,,,,,,,0,0,0,1,0,0,1,1,0,0,0,0,0,0,0,0,0,0,0,0,0,0,0,0,0,0,0,0,0,1,1,0,0,0,0,,0,0,0,0,0,0,1,1,0,0,0,0,0,0,1,0,,,,,,26-30,26-35,State route,R,Friday,,MHTRUCK,Not Fatal,1,0,0,0,State Route,State Patrol,Washington State Patrol,0,1,0,0,0,,,,,,0.0,0.0,0.0,,,,,,,,,,,98.0,98.0,98.0,0.0,,,,,20.0,,,,,,,,,1.0,0.0,,,,,,,98837
3318,2021,89,EB19893,6.0,03/26/2021,4:42,26,3,,25,Grant,0,1,,2,1,2,1,0,3,3,,,,12,0,1,35.7,3,0,3,2,1,1,3,0,0,0,0,SR-17,RD5 SE,-119.1427222,47.013541667,0,2,29,53,3,60,34,0,0,1,2,12,1,1,2,1,2,1,3,53,0,20,471,2000,0,,12,,,,,,1,1,57,1,7.0,,4,7,3,0,11,0,03/26/2021,4:42,53015310.0,15310.0,0.0,0.0,1.0,3.0,1,0,,,,96,,,,,,98,,,,,,99326.0,53,69.0,180.0,6.0,1.0,0.0,0.0,1.0,1.0,,0,,,,,,0,12/15/2016,12/15/2016,20,0,0,0,1.0,9,8,,,0,,,8,8,2.0,996.0,996.0,,1.0,1.0,,2,1,0.0,,,,,,,,,,,,,,,,,,,,,,,,,,,,,,0,0,0,1,0,0,1,1,0,0,0,0,0,0,0,0,0,0,0,0,0,0,0,0,0,0,0,0,0,1,1,0,0,0,0,,1,0,0,0,0,0,1,1,0,0,0,0,0,0,1,0,,,,,,56-60,56-65,State route,R,Friday,Belt Used,PV,White,1,0,0,0,State Route,State Patrol,Washington State Patrol,0,1,0,0,0,,,,,,0.0,0.0,0.0,,,,,,,,,,,98.0,98.0,98.0,1.0,,,,,20.0,,,,,,,,,1.0,0.0,,,,,,,98837
3319,2021,89,EB19893,6.0,03/26/2021,4:42,26,3,,25,Grant,0,1,,2,1,2,1,0,3,3,,,,12,0,1,35.7,3,0,3,2,1,1,3,0,0,0,0,SR-17,RD5 SE,-119.1427222,47.013541667,0,3,98,62,4,60,67,0,0,1,2,12,1,1,2,1,1,1,3,53,0,12,880,2017,0,,12,,,,,,1,1,26,1,0.0,,3,0,3,0,11,5,,,,,6.0,0.0,0.0,3.0,1,0,,,,96,,,,,,98,,,,,,98823.0,53,73.0,280.0,6.0,1.0,0.0,2.0,0.0,1.0,,0,,,,,,0,11/15/2016,11/15/2017,8,0,0,0,8.0,9,8,,,0,,,8,8,0.0,0.0,,,0.0,,,0,0,996.0,,,,,,,,,,,,,,,,,,,,,,,,,,,,,,0,0,0,1,0,0,1,1,0,0,0,0,0,0,0,0,0,0,0,0,0,0,0,0,0,0,0,0,0,1,1,0,0,0,0,,0,0,0,0,0,0,0,0,0,0,0,0,0,0,0,0,,,,,,26-30,26-35,State route,R,Friday,,MHTRUCK,Not Fatal,1,0,0,0,State Route,State Patrol,Washington State Patrol,0,1,0,0,0,,,,,,0.0,0.0,0.0,,,,,,,,,,,98.0,98.0,98.0,0.0,,,,,20.0,,,,,,,,,1.0,0.0,,,,,,,98837
3320,2021,90,EB20162,248.0,01/29/2021,19:33,29,1,,33,King,1830,1,,3,1,2,1,0,7,4,,,,12,0,7,5.9,1,0,1,4,2,1,3,0,0,0,0,SR-515,,-122.2048222,47.454458333,0,1,45,61,4,40,6,0,0,1,2,12,1,1,4,1,6,3,2,53,0,12,24,2014,0,,12,12.0,2.0,12.0,,,1,1,23,1,0.0,,3,0,20,7,11,8,,,,,0.0,0.0,0.0,3.0,1,8,,,,96,,,,,,98,,,,,,98118.0,53,67.0,155.0,6.0,1.0,0.0,1.0,0.0,0.0,,97,,,,,,2,02/15/2020,02/15/2020,1,0,0,0,8.0,9,8,,,0,,,8,8,0.0,0.0,,,0.0,,,0,0,996.0,,,,,,,,,,,,,,,,,,,,,,,,,,,,,,0,0,0,0,0,0,0,0,0,0,0,0,1,0,0,0,0,0,0,1,0,0,0,1,1,1,0,0,0,1,1,0,0,0,0,,0,0,0,0,0,0,0,0,0,1,0,0,0,0,0,0,,,,,,21-25,16-25,State route,U,Friday,Not Used,PV,Not Fatal,0,0,0,0,State Route,Municipal/City Police,Renton Police Department,0,1,0,0,0,,,,,,0.0,0.0,0.0,,,,,,,,,,,98.0,98.0,98.0,0.0,,,,,20.0,,,,,,,,,1.0,0.0,,,,,,,98055