,year,case,par,repjur,crash_dt,crash_tm,accday,accmon,holiday,county,co_char,city,weather,weather2,lightcond,surfcond,surftype,numfatal,nmforms,pforms,vforms,not_tm,arr_tm,hosp_tm,fhevent,hitrun,manncol,milepnt,reljunc,reljuncinter,intersectiontype,funcsystem,landuse,ownership,route,schlbus,spejur,contdev,devfunc,trafid1,trafid2,x,y,wk_zone,vnumber,crashtype,criticalevent,criticaleventcat,spdlim,body,trailer,emerg,hazcargo,leave,mhevent,roadalgn,roadprof,traflane,trafflow,vehmanvr,numoccs,regowner,regstate,spuse,make,model,modelyr,vrf1,vrf2,seqevent1,seqevent2,seqevent3,seqevent4,seqevent5,seqevent6,pnumber,ptype,age,sex,hispanic,race,injury,diedscene,restraint,restraintmisuse,seatpos,takehosp,death_dt,death_tm,cert,cernum_wa,commlic,licendor,licrestrict,liccomp,drivpres,drf1,drf2,drf3,drf4,distract1,distract2,distract3,distract4,distract5,distract6,dricond1,dricond2,dricond3,dricond4,dricond5,dricond6,dzip,licstate,drhgt_in,weight,noncdl,noncdltype,prevdwi,prevoth,prevacc,prevspd,prevsus,driviol1,driviol2,driviol3,driviol4,driviol5,driviol6,spdrel,first_dt,last_dt,airbag,ejection,ejectpath,extricat,injurwrk,methalc,methdrug,nmlocat,strikveh,prf1,prf2,prf3,druginv,alcinvol,drugsts,drugres1,drugres2,drugres3,drugtst1,drugtst2,drugtst3,alcsts,alctst,alcres,nmact1,nmact2,nmact3,nmact4,nmact5,nmact6,nmprior1,nmprior2,nmprior3,nmprior4,nmprior5,nmprior6,nmcond1,nmcond2,nmcond3,nmcond4,nmcond5,nmcond6,nmsafe_helmet,nmsafe_pads,nmsafe_oth,nmprev_ref,nmprev_lgt,nmprev_oth,crashlocation,nmcrashtype,crosswalk,schoolzone,sidewalk,train_inv,wildlife_inv,rotr_fars,intersect_fars,dd_inv,aid_inv,dpd_inv,id_inv,mj_inv,impnm_inv,ainm_inv,dpnm_inv,speed_inv,unlic_inv,unendmc_inv,drowsy_inv,drdist_inv,nmdist_inv,fty_inv,unrestfat_inv,dr1617_inv,dr1820_inv,dr1620_inv,dr2125_inv,dr1625_inv,dr65_inv,dr70_inv,dr75_inv,mc_inv,pv_inv,ht_inv,ped_inv,bike_inv,unrest_fat,mc_fat,unhelmet_mc,pv_fat,ht_fat,ped_fat,bike_fat,dr_alc7,dr_alc8,dr_drug,dr_imp,dr_dist,dr_spd,dr_fty,dr_unlic,dr_alc7only,dr_alc8only,dr_drugonly,dr_drink,nm_imp,nm_alc7,nm_alc8,nm_drug,nm_dist,agegrp1,agegrp2,roadclass,urbrur,dayweek,restuse,vehtype,race_me,intersect,lanedep,oppdir,wrongway,rep_typ,investag,repag_long,rotr,st_rd,cty_rd,city_rd,oth_rd,drug_thc,thc_res,drug_cthc,cthc_res,drug_cann,prevpersemin,prevperse,prevsusoth,drugtst4,drugtst5,drugtst6,drugtst7,drugtst8,drugres4,drugres5,drugres6,drugres7,drugres8,adspresent,adsengaged,adslevel,race1,race2,race3,race4,race5,helmet,helmetmisuse,nmdistract1,nmdistract2,nmdistract3,nmdistract4,nmdistract5,nmdistract6,lab,isedtcase,crf1,crf2,crf3,CoRoadName,CoMP,IntCoRoadName,IntCoMP,zipcode
3321,2021,90,EB20162,248.0,01/29/2021,19:33,29,1,,33,King,1830,1,,3,1,2,1,0,7,4,,,,12,0,7,5.9,1,0,1,4,2,1,3,0,0,0,0,SR-515,,-122.2048222,47.454458333,0,2,46,11,2,40,4,0,0,1,2,12,1,1,4,1,6,2,2,53,0,59,35,2018,0,,12,68.0,,,,,1,1,23,1,0.0,,0,0,20,7,11,0,,,,,0.0,0.0,0.0,3.0,1,8,,,,96,,,,,,98,,,,,,98118.0,53,72.0,160.0,6.0,1.0,0.0,0.0,1.0,0.0,,97,,,,,,2,03/15/2017,03/15/2017,20,0,0,0,8.0,9,8,,,0,,,8,8,9.0,999.0,,,99.0,,,9,99,999.0,,,,,,,,,,,,,,,,,,,,,,,,,,,,,,0,0,0,0,0,0,0,0,0,0,0,0,1,0,0,0,0,0,0,1,0,0,0,1,1,1,0,0,0,1,1,0,0,0,0,,0,0,0,0,0,0,0,0,0,1,0,0,0,0,0,0,,,,,,21-25,16-25,State route,U,Friday,Not Used,PV,Not Fatal,0,0,0,0,State Route,Municipal/City Police,Renton Police Department,0,1,0,0,0,,,,,,0.0,0.0,0.0,,,,,,,,,,,98.0,98.0,98.0,0.0,,,,,20.0,,,,,,,,,1.0,0.0,,,,,,,98055
3322,2021,90,EB20162,248.0,01/29/2021,19:33,29,1,,33,King,1830,1,,3,1,2,1,0,7,4,,,,12,0,7,5.9,1,0,1,4,2,1,3,0,0,0,0,SR-515,,-122.2048222,47.454458333,0,3,98,62,4,40,6,0,0,1,2,12,1,1,4,1,1,1,1,53,0,35,49,2005,0,,12,2.0,63.0,30.0,,,1,1,68,2,0.0,,3,0,3,0,11,8,,,,,0.0,0.0,3.0,3.0,1,0,,,,96,,,,,,98,,,,,,98057.0,53,69.0,155.0,6.0,1.0,0.0,0.0,0.0,0.0,,0,,,,,,0,,,8,0,0,0,8.0,9,8,,,0,,,0,0,0.0,0.0,,,0.0,,,0,0,996.0,,,,,,,,,,,,,,,,,,,,,,,,,,,,,,0,0,0,0,0,0,0,0,0,0,0,0,1,0,0,0,0,0,0,1,0,0,0,1,1,1,0,0,0,1,1,0,0,0,0,,0,0,0,0,0,0,0,0,0,0,0,0,0,0,0,0,,,,,,66-70,66-75,State route,U,Friday,Belt Used,PV,Not Fatal,0,0,0,0,State Route,Municipal/City Police,Renton Police Department,0,1,0,0,0,,,,,,0.0,0.0,0.0,,,,,,,,,,,98.0,98.0,98.0,0.0,,,,,20.0,,,,,,,,,1.0,0.0,,,,,,,98055
3323,2021,90,EB20162,248.0,01/29/2021,19:33,29,1,,33,King,1830,1,,3,1,2,1,0,7,4,,,,12,0,7,5.9,1,0,1,4,2,1,3,0,0,0,0,SR-515,,-122.2048222,47.454458333,0,4,98,98,7,40,61,0,0,1,5,12,1,1,4,1,1,1,3,53,0,38,882,2014,0,,12,,,,,,1,1,23,1,0.0,,2,0,3,0,11,8,,,,,0.0,0.0,0.0,3.0,1,0,,,,96,,,,,,98,,,,,,98087.0,53,66.0,160.0,6.0,1.0,0.0,0.0,0.0,0.0,,0,,,,,,0,,,20,0,0,0,8.0,9,8,,,0,,,8,8,8.0,95.0,,,96.0,,,8,95,995.0,,,,,,,,,,,,,,,,,,,,,,,,,,,,,,0,0,0,0,0,0,0,0,0,0,0,0,1,0,0,0,0,0,0,1,0,0,0,1,1,1,0,0,0,1,1,0,0,0,0,,0,0,0,0,0,0,0,0,0,0,0,0,0,0,0,0,,,,,,21-25,16-25,State route,U,Friday,,MHTRUCK,Not Fatal,0,0,0,0,State Route,Municipal/City Police,Renton Police Department,0,1,0,0,0,,,,,,0.0,0.0,0.0,,,,,,,,,,,98.0,98.0,98.0,0.0,,,,,20.0,,,,,,,,,1.0,0.0,,,,,,,98055
3324,2021,91,EB20373,31.0,04/06/2021,20:20,6,4,,45,Mason,0,1,,2,1,2,1,0,2,1,,,,53,0,0,3.0,1,0,1,5,2,2,4,0,0,0,0,CR-E JOHNS PRAIRIE RD,,-123.0657194,47.247652778,0,1,1,6,1,40,20,0,0,1,2,1,3,1,2,1,14,2,1,53,0,6,441,1999,0,,63,53.0,1.0,,,,1,1,24,1,2.0,,4,7,20,7,11,0,04/06/2021,20:20,53016911.0,16911.0,0.0,0.0,0.0,2.0,1,0,,,,92,,,,,,98,,,,,,34689.0,12,73.0,999.0,2.0,1.0,1.0,0.0,0.0,1.0,,0,,,,,,0,09/15/2018,12/15/2020,20,2,9,0,0.0,9,8,,,0,,,8,8,2.0,300.0,996.0,695.0,1.0,1.0,1.0,2,1,0.0,,,,,,,,,,,,,,,,,,,,,,,,,,,,,,0,0,1,0,0,0,1,1,1,0,0,0,0,1,0,0,1,0,0,1,0,0,0,1,1,0,0,0,0,1,0,0,0,1,0,,1,0,0,0,0,0,1,1,1,0,0,1,0,0,1,0,,,,,,21-25,16-25,County road,U,Tuesday,Not Used,PV,Hispanic,0,1,0,0,County Road,County Sheriff,Mason County Sheriff's Office,1,0,1,0,0,thc,28.0,carboxy-thc,110.0,,0.0,0.0,1.0,1.0,1.0,1.0,,,605.0,405.0,229.0,996.0,,0.0,0.0,0.0,2.0,,,,,20.0,,,,,,,,nms,1.0,0.0,,,JOHNS PRAIRIE RD,2.964,,,98555
3325,2021,92,EB20502,73.0,04/06/2021,15:16,6,4,,33,King,229,1,,1,1,2,2,0,6,4,,,,12,1,7,0.0,1,0,1,3,2,4,6,0,0,0,0,AMBAUM BLVD SW,,-122.3510056,47.495936111,0,1,46,11,2,35,4,0,0,1,2,12,3,2,4,1,15,1,1,53,0,49,40,2011,0,,12,12.0,,,,,1,1,25,2,0.0,,0,0,3,0,11,0,,,,,0.0,0.0,0.0,3.0,1,28,,,,96,,,,,,9,,,,,,98146.0,53,59.0,135.0,6.0,1.0,0.0,1.0,0.0,0.0,,1,,,,,,3,10/15/2017,10/15/2017,1,0,0,0,8.0,9,8,,,0,,,8,1,8.0,95.0,,,96.0,,,2,98,997.0,,,,,,,,,,,,,,,,,,,,,,,,,,,,,,0,0,0,0,1,0,0,0,0,0,0,0,1,0,0,0,0,0,0,0,1,0,1,1,1,0,0,0,0,1,0,0,0,0,0,,0,0,0,0,0,0,0,0,0,1,0,0,0,0,0,1,,,,,,21-25,16-25,City street,U,Tuesday,Belt Used,PV,Not Fatal,0,0,0,0,City Street,Municipal/City Police,Burien Police Department,0,0,0,1,0,,,,,,0.0,0.0,0.0,,,,,,,,,,,98.0,98.0,98.0,0.0,,,,,20.0,,,,,,,,,1.0,0.0,,,,,,,98146
3326,2021,92,EB20502,73.0,04/06/2021,15:16,6,4,,33,King,229,1,,1,1,2,2,0,6,4,,,,12,0,7,0.0,1,0,1,3,2,4,6,0,0,0,0,AMBAUM BLVD SW,,-122.3510056,47.495936111,0,2,98,53,3,35,5,0,0,1,2,12,1,2,4,1,1,2,2,53,0,49,51,2012,0,,12,68.0,12.0,,,,1,1,35,1,7.0,,4,7,3,0,11,0,04/06/2021,15:16,22953017087.0,17087.0,0.0,0.0,3.0,3.0,1,0,,,,96,,,,,,98,,,,,,98146.0,53,66.0,145.0,6.0,1.0,0.0,0.0,0.0,0.0,,0,,,,,,0,,,20,0,0,0,0.0,9,8,,,0,,,8,8,2.0,1.0,,,1.0,,,2,1,0.0,,,,,,,,,,,,,,,,,,,,,,,,,,,,,,0,0,0,0,1,0,0,0,0,0,0,0,1,0,0,0,0,0,0,0,1,0,1,1,1,0,0,0,0,1,0,0,0,0,0,,1,0,0,0,0,0,0,0,0,0,0,0,0,0,0,0,,,,,,31-35,26-35,City street,U,Tuesday,Belt Used,PV,White,0,0,0,0,City Street,Municipal/City Police,Burien Police Department,0,0,0,1,0,,,,,,0.0,0.0,0.0,,,,,,,,,,,98.0,98.0,98.0,1.0,,,,,20.0,,,,,,,,,1.0,0.0,,,,,,,98146
3327,2021,92,EB20502,73.0,04/06/2021,15:16,6,4,,33,King,229,1,,1,1,2,2,0,6,4,,,,12,0,7,0.0,1,0,1,3,2,4,6,0,0,0,0,AMBAUM BLVD SW,,-122.3510056,47.495936111,0,3,98,62,4,35,34,0,0,1,2,12,3,2,4,1,14,1,2,53,0,7,482,2004,0,,12,,,,,,1,1,35,2,0.0,,2,0,3,0,11,0,,,,,0.0,0.0,0.0,3.0,1,0,,,,96,,,,,,98,,,,,,98146.0,53,60.0,148.0,6.0,1.0,0.0,0.0,0.0,0.0,,0,,,,,,0,,,1,0,0,0,8.0,9,8,,,0,,,8,8,0.0,0.0,,,0.0,,,0,0,996.0,,,,,,,,,,,,,,,,,,,,,,,,,,,,,,0,0,0,0,1,0,0,0,0,0,0,0,1,0,0,0,0,0,0,0,1,0,1,1,1,0,0,0,0,1,0,0,0,0,0,,0,0,0,0,0,0,0,0,0,0,0,0,0,0,0,0,,,,,,31-35,26-35,City street,U,Tuesday,Belt Used,PV,Not Fatal,0,0,0,0,City Street,Municipal/City Police,Burien Police Department,0,0,0,1,0,,,,,,0.0,0.0,0.0,,,,,,,,,,,98.0,98.0,98.0,0.0,,,,,20.0,,,,,,,,,1.0,0.0,,,,,,,98146
3328,2021,92,EB20502,73.0,04/06/2021,15:16,6,4,,33,King,229,1,,1,1,2,2,0,6,4,,,,12,0,7,0.0,1,0,1,3,2,4,6,0,0,0,0,AMBAUM BLVD SW,,-122.3510056,47.495936111,0,4,45,61,4,35,4,0,0,1,2,12,3,2,4,1,14,2,2,53,0,37,31,2010,0,,12,,,,,,1,1,16,2,0.0,,2,0,3,0,11,0,,,,,0.0,0.0,1.0,3.0,1,0,,,,96,,,,,,98,,,,,,98146.0,53,61.0,160.0,6.0,2.0,0.0,0.0,0.0,0.0,,0,,,,,,0,,,1,0,0,0,8.0,9,8,,,0,,,8,8,0.0,0.0,,,0.0,,,0,0,996.0,,,,,,,,,,,,,,,,,,,,,,,,,,,,,,0,0,0,0,1,0,0,0,0,0,0,0,1,0,0,0,0,0,0,0,1,0,1,1,1,0,0,0,0,1,0,0,0,0,0,,0,0,0,0,0,0,0,0,0,0,0,0,0,0,0,0,,,,,,16-17,16-25,City street,U,Tuesday,Belt Used,PV,Not Fatal,0,0,0,0,City Street,Municipal/City Police,Burien Police Department,0,0,0,1,0,,,,,,0.0,0.0,0.0,,,,,,,,,,,98.0,98.0,98.0,0.0,,,,,20.0,,,,,,,,,1.0,0.0,,,,,,,98146
3329,2021,93,EB20896,26.0,04/06/2021,17:11,6,4,,35,Kitsap,0,10,,1,1,2,1,2,1,1,,,,8,0,0,1.5,3,0,4,4,2,2,4,0,3,0,0,CR-SUQUAMISH WAY NE,NE SOUTH ST,-122.5531694,47.729691667,0,1,13,80,5,20,20,0,0,1,5,8,1,2,2,1,1,1,1,53,0,6,441,2003,0,,8,8.0,,,,,1,1,81,1,0.0,,0,0,3,0,11,0,,,,,0.0,0.0,3.0,3.0,1,10,,,,0,,,,,,98,,,,,,98370.0,53,70.0,221.0,6.0,1.0,0.0,1.0,0.0,0.0,,0,,,,,,0,01/15/2017,01/15/2017,20,0,0,0,8.0,3,2,,,0,,,8,8,2.0,1.0,,,1.0,,,2,1,0.0,,,,,,,,,,,,,,,,,,,,,,,,,,,,,,0,0,0,1,0,0,0,0,0,0,0,0,0,0,0,0,0,0,0,0,0,0,0,0,0,1,1,1,0,1,0,1,0,0,0,,0,0,0,0,0,0,0,0,0,0,0,0,0,0,0,0,,,,,,81+,76+,County road,U,Tuesday,Belt Used,PV,Not Fatal,1,0,0,0,County Road,County Sheriff,Kitsap County Sheriff's Office,0,0,1,0,0,,,,,,0.0,0.0,0.0,,,,,,,,,,,98.0,98.0,98.0,0.0,,,,,20.0,,,,,,,,,1.0,0.0,,,SUQUAMISH WAY NE,1.538,,,98392
3330,2021,94,EB21078,39.0,04/02/2021,19:44,2,4,,61,Snohomish,0,1,,1,1,2,1,0,5,3,,,,12,0,2,0.9,1,0,1,5,2,2,4,0,0,0,0,CR-NORTH RD,,-122.2368556,47.837575,0,1,50,10,2,35,4,0,0,1,2,12,2,2,3,3,6,3,1,53,0,30,40,2013,0,,68,12.0,54.0,,,,1,1,34,1,0.0,,3,0,99,7,11,5,,,,,0.0,0.0,3.0,3.0,1,33,,,,96,,,,,,98,,,,,,98208.0,53,71.0,195.0,6.0,7.0,0.0,0.0,0.0,0.0,,97,,,,,,3,,,8,0,0,0,8.0,9,8,,,0,,,8,8,2.0,401.0,151.0,417.0,1.0,1.0,1.0,2,1,0.0,,,,,,,,,,,,,,,,,,,,,,,,,,,,,,0,0,0,0,0,0,1,1,0,0,0,0,1,0,0,0,0,0,0,0,0,0,0,0,0,0,0,0,0,1,0,0,0,0,0,,0,0,0,0,0,0,1,1,0,1,0,0,0,0,1,0,,,,,,31-35,26-35,County road,U,Friday,Unknown,PV,Not Fatal,0,1,1,0,County Road,County Sheriff,Snohomish County Sheriff's Office,0,0,1,0,0,,,,,,0.0,0.0,0.0,1.0,,,,,996.0,,,,,98.0,98.0,98.0,0.0,,,,,20.0,,,,,,,,,1.0,14.0,,,NORTH RD,0.931,,,98012
3331,2021,94,EB21078,39.0,04/02/2021,19:44,2,4,,61,Snohomish,0,1,,1,1,2,1,0,5,3,,,,12,0,2,0.9,1,0,1,5,2,2,4,0,0,0,0,CR-NORTH RD,,-122.2368556,47.837575,0,2,51,62,4,35,34,0,0,1,2,12,3,2,3,3,14,1,1,53,0,20,481,2020,0,,12,,,,,,1,1,42,1,0.0,,2,0,3,0,11,5,,,,,0.0,0.0,3.0,3.0,1,0,,,,96,,,,,,98,,,,,,98036.0,53,74.0,220.0,6.0,1.0,0.0,0.0,0.0,1.0,,0,,,,,,0,09/15/2020,09/15/2020,8,0,0,0,8.0,9,8,,,0,,,8,8,2.0,1.0,,,1.0,,,2,1,0.0,,,,,,,,,,,,,,,,,,,,,,,,,,,,,,0,0,0,0,0,0,1,1,0,0,0,0,1,0,0,0,0,0,0,0,0,0,0,0,0,0,0,0,0,1,0,0,0,0,0,,0,0,0,0,0,0,0,0,0,0,0,0,0,0,0,0,,,,,,41-45,36-45,County road,U,Friday,Belt Used,PV,Not Fatal,0,1,1,0,County Road,County Sheriff,Snohomish County Sheriff's Office,0,0,1,0,0,,,,,,0.0,0.0,0.0,,,,,,,,,,,98.0,98.0,98.0,0.0,,,,,20.0,,,,,,,,,1.0,14.0,,,NORTH RD,0.931,,,98012
3332,2021,94,EB21078,39.0,04/02/2021,19:44,2,4,,61,Snohomish,0,1,,1,1,2,1,0,5,3,,,,12,0,2,0.9,1,0,1,5,2,2,4,0,0,0,0,CR-NORTH RD,,-122.2368556,47.837575,0,3,98,98,7,35,14,0,0,1,5,54,3,2,3,3,14,1,1,53,0,30,402,2019,0,,54,,,,,,1,1,60,2,0.0,,0,0,3,0,11,0,,,,,0.0,0.0,0.0,3.0,1,0,,,,96,,,,,,98,,,,,,98012.0,53,61.0,150.0,6.0,1.0,0.0,0.0,0.0,0.0,,0,,,,,,0,,,20,0,0,0,8.0,9,8,,,0,,,8,8,8.0,95.0,,,96.0,,,8,95,995.0,,,,,,,,,,,,,,,,,,,,,,,,,,,,,,0,0,0,0,0,0,1,1,0,0,0,0,1,0,0,0,0,0,0,0,0,0,0,0,0,0,0,0,0,1,0,0,0,0,0,,0,0,0,0,0,0,0,0,0,0,0,0,0,0,0,0,,,,,,56-60,56-65,County road,U,Friday,Belt Used,PV,Not Fatal,0,1,1,0,County Road,County Sheriff,Snohomish County Sheriff's Office,0,0,1,0,0,,,,,,0.0,0.0,0.0,,,,,,,,,,,98.0,98.0,98.0,0.0,,,,,20.0,,,,,,,,,1.0,14.0,,,NORTH RD,0.931,,,98012
3333,2021,96,3881451,263.0,03/24/2021,16:49,24,3,,33,King,1960,2,,1,2,2,1,1,1,1,,,,9,0,0,0.0,2,0,2,7,2,4,6,0,0,3,3,CORSON AVE S,S Michigan St,-122.3214806,47.547505556,0,1,13,83,5,25,66,1,0,1,5,9,1,1,4,1,10,1,3,53,0,84,881,2020,0,,9,,,,,,1,1,64,1,0.0,,0,0,3,0,11,0,,,,,6.0,1.0,3.0,3.0,1,0,,,,96,,,,,,98,,,,,,98292.0,53,68.0,170.0,6.0,1.0,0.0,1.0,0.0,1.0,,0,,,,,,0,10/15/2019,05/15/2019,20,0,0,0,8.0,9,8,,,0,,,8,8,0.0,0.0,,,0.0,,,0,0,996.0,,,,,,,,,,,,,,,,,,,,,,,,,,,,,,0,0,0,1,0,0,0,0,0,1,0,1,0,0,0,0,0,1,0,0,0,0,0,0,0,0,0,0,0,0,1,0,1,0,0,,0,0,0,0,0,0,0,0,0,0,0,0,0,0,0,0,,,,,,61-65,56-65,City street,U,Wednesday,,MHTRUCK,Not Fatal,1,0,0,0,City Street,Municipal/City Police,Seattle Police Department,0,0,0,1,0,,,,,,0.0,0.0,0.0,,,,,,,,,,,98.0,98.0,98.0,0.0,,,,,20.0,,,,,,,,,1.0,0.0,,,,,,,98108
3334,2021,97,EB18345,3.0,03/24/2021,12:47,24,3,,53,Pierce,0,10,,1,2,2,1,0,2,2,,,,12,0,2,19.9,3,0,3,3,2,1,3,0,0,0,0,SR-161,196TH ST E,-122.2940528,47.077633333,0,1,68,15,2,45,34,0,0,1,2,12,1,2,5,5,11,1,2,53,0,49,472,2006,0,,68,12.0,,,,,1,1,47,2,0.0,,2,0,3,0,11,5,,,,,0.0,0.0,0.0,3.0,1,38,,,,96,,,,,,98,,,,,,98338.0,53,64.0,115.0,6.0,1.0,0.0,0.0,0.0,1.0,,49,,,,,,0,04/15/2016,09/15/2018,1,0,0,0,8.0,9,8,,,0,,,8,8,8.0,95.0,,,96.0,,,8,95,995.0,,,,,,,,,,,,,,,,,,,,,,,,,,,,,,0,0,0,1,0,0,0,0,0,0,0,0,0,0,0,0,0,0,1,0,0,0,0,0,0,1,1,0,0,1,0,0,0,0,0,,0,0,0,0,0,0,0,0,0,0,1,0,0,0,0,0,,,,,,46-50,46-55,State route,U,Wednesday,Belt Used,PV,Not Fatal,0,0,0,0,State Route,State Patrol,Washington State Patrol,0,1,0,0,0,,,,,,0.0,0.0,1.0,,,,,,,,,,,98.0,98.0,98.0,0.0,,,,,20.0,,,,,,,,,1.0,0.0,,,,,,,98338
3335,2021,97,EB18345,3.0,03/24/2021,12:47,24,3,,53,Pierce,0,10,,1,2,2,1,0,2,2,,,,12,0,2,19.9,3,0,3,3,2,1,3,0,0,0,0,SR-161,196TH ST E,-122.2940528,47.077633333,0,2,69,62,4,45,20,0,0,1,2,12,1,2,5,5,1,1,1,53,0,20,444,2006,0,,12,,,,,,1,1,70,2,7.0,,4,0,3,0,11,5,04/11/2021,17:13,223053017341.0,17341.0,0.0,0.0,0.0,3.0,1,0,,,,96,,,,,,98,,,,,,98338.0,53,63.0,143.0,6.0,1.0,0.0,0.0,0.0,0.0,,0,,,,,,0,,,8,0,0,0,0.0,9,8,,,0,,,8,8,8.0,95.0,,,96.0,,,8,95,995.0,,,,,,,,,,,,,,,,,,,,,,,,,,,,,,0,0,0,1,0,0,0,0,0,0,0,0,0,0,0,0,0,0,1,0,0,0,0,0,0,1,1,0,0,1,0,0,0,0,0,,1,0,0,0,0,0,0,0,0,0,0,0,0,0,0,0,,,,,,66-70,66-75,State route,U,Wednesday,Belt Used,PV,White,0,0,0,0,State Route,State Patrol,Washington State Patrol,0,1,0,0,0,,,,,,0.0,0.0,0.0,,,,,,,,,,,98.0,98.0,98.0,1.0,,,,,20.0,,,,,,,,,1.0,0.0,,,,,,,98338
3336,2021,98,EB21496,36.0,04/12/2021,2:29,12,4,,55,San Juan,0,1,,2,1,7,1,0,1,1,,,,1,0,0,,1,0,1,6,1,2,4,0,0,0,0,CR-CROW VALLEY RD,,-122.9443444,48.673519444,0,1,98,13,2,35,80,0,0,1,2,1,3,2,2,1,14,1,2,53,0,53,705,2008,0,,63,69.0,1.0,,,,1,1,39,1,7.0,,4,7,20,7,11,0,04/12/2021,2:29,53018167.0,18167.0,0.0,0.0,0.0,2.0,1,0,,,,96,,,,,,98,,,,,,94520.0,6,70.0,195.0,1.0,1.0,0.0,0.0,0.0,0.0,,0,,,,,,4,,,20,8,0,0,0.0,9,8,,,0,,,8,8,2.0,605.0,,,1.0,,,2,1,0.219,,,,,,,,,,,,,,,,,,,,,,,,,,,,,,0,0,0,0,1,1,1,1,1,0,0,0,1,1,1,0,0,0,0,0,0,0,0,0,0,0,0,0,1,0,0,0,0,0,1,0.0,0,0,0,0,0,1,1,1,0,1,0,1,0,0,0,1,,,,,,36-40,36-45,County road,R,Monday,,MC,Black,0,0,0,0,County Road,County Sheriff,San Juan County Sheriff's Office,0,0,1,0,0,thc,3.3,,,,0.0,0.0,0.0,,,,,,,,,,,0.0,0.0,0.0,2.0,,,,,5.0,,,,,,,,nms,1.0,0.0,,,CROW VALLEY RD,3.21,,,98245
3337,2021,99,EB21651,197.0,04/10/2021,6:00,10,4,,61,Snohomish,1338,10,,4,2,2,1,0,2,2,,,,12,0,2,0.0,1,0,1,4,2,4,6,0,0,0,0,35TH AVE SE,,-122.1855083,47.864983333,0,1,50,10,2,35,4,0,0,1,2,12,1,1,3,3,1,1,1,53,0,49,32,2004,0,,68,12.0,,,,,1,1,31,1,7.0,,4,0,20,7,11,5,04/10/2021,7:10,69053018070.0,18070.0,0.0,0.0,3.0,3.0,1,28,,,,96,,,,,,98,,,,,,98012.0,53,69.0,165.0,6.0,1.0,0.0,0.0,1.0,1.0,,0,,,,,,0,11/15/2017,09/15/2020,8,0,0,0,0.0,9,8,,,0,,,8,8,2.0,695.0,605.0,996.0,1.0,1.0,1.0,2,1,0.255,,,,,,,,,,,,,,,,,,,,,,,,,,,,,,0,0,0,0,1,1,1,1,1,0,0,0,0,0,0,0,0,0,0,1,0,0,0,1,1,0,0,0,0,1,0,0,0,1,0,,1,0,0,0,0,1,1,1,0,0,0,0,0,0,0,1,,,,,,31-35,26-35,City street,U,Saturday,Not Used,PV,White,0,1,1,0,City Street,Municipal/City Police,Mill Creek Police Department,0,0,0,1,0,thc,1.1,carboxy-thc,25.0,,0.0,0.0,0.0,,,,,,,,,,,98.0,98.0,98.0,1.0,,,,,20.0,,,,,,,,nms,1.0,0.0,,,,,,,98012
3338,2021,99,EB21651,197.0,04/10/2021,6:00,10,4,,61,Snohomish,1338,10,,4,2,2,1,0,2,2,,,,12,0,2,0.0,1,0,1,4,2,4,6,0,0,0,0,35TH AVE SE,,-122.1855083,47.864983333,0,2,51,62,4,35,4,0,0,1,2,12,1,1,3,3,1,1,1,53,0,30,40,2009,0,,12,,,,,,1,1,22,2,0.0,,1,0,3,0,11,5,,,,,0.0,0.0,1.0,3.0,1,0,,,,96,,,,,,98,,,,,,98296.0,53,65.0,130.0,6.0,2.0,0.0,0.0,0.0,0.0,,0,,,,,,0,,,8,0,0,0,8.0,9,8,,,0,,,8,8,8.0,95.0,,,96.0,,,8,95,995.0,,,,,,,,,,,,,,,,,,,,,,,,,,,,,,0,0,0,0,1,1,1,1,1,0,0,0,0,0,0,0,0,0,0,1,0,0,0,1,1,0,0,0,0,1,0,0,0,0,0,,0,0,0,0,0,0,0,0,0,0,0,0,0,0,0,0,,,,,,21-25,16-25,City street,U,Saturday,Belt Used,PV,Not Fatal,0,1,1,0,City Street,Municipal/City Police,Mill Creek Police Department,0,0,0,1,0,,,,,,0.0,0.0,0.0,,,,,,,,,,,98.0,98.0,98.0,0.0,,,,,20.0,,,,,,,,,1.0,0.0,,,,,,,98012
3339,2021,100,EB21855,35.0,04/08/2021,12:15,8,4,,53,Pierce,0,1,,1,1,2,1,0,2,2,,,,12,0,2,7.4,1,0,1,3,2,2,4,0,0,0,0,CR-CANYON RD E,,-122.3573667,47.146341667,0,1,52,54,3,45,4,0,0,1,2,12,1,1,6,1,1,1,2,53,0,14,21,2007,0,,12,,,,,,1,1,42,2,7.0,,4,7,3,0,11,0,04/08/2021,12:15,53017480.0,17480.0,0.0,0.0,3.0,2.0,1,51,,,,96,,,,,,9,,,,,,98507.0,53,69.0,230.0,1.0,1.0,0.0,0.0,4.0,3.0,,0,,,,,,0,01/15/2016,08/15/2021,1,0,0,0,0.0,9,8,,,0,,,1,8,2.0,996.0,418.0,996.0,1.0,1.0,1.0,2,1,0.0,,,,,,,,,,,,,,,,,,,,,,,,,,,,,,0,0,0,0,0,0,1,1,0,0,0,0,0,1,0,0,0,0,0,0,0,0,0,0,0,0,0,0,0,1,1,0,0,0,0,,1,0,0,0,0,0,1,1,0,0,0,1,0,0,1,0,,,,,,41-45,36-45,County road,U,Thursday,Belt Used,PV,White,0,1,1,0,County Road,County Sheriff,Law Enforcement Support Agency,0,0,1,0,0,,,,,,0.0,0.0,1.0,1.0,1.0,1.0,,,996.0,996.0,996.0,,,98.0,98.0,98.0,1.0,,,,,20.0,,,,,,,,,1.0,0.0,,,CANYON RD E,7.37,,,98446