,year,case,par,repjur,crash_dt,crash_tm,accday,accmon,holiday,county,co_char,city,weather,weather2,lightcond,surfcond,surftype,numfatal,nmforms,pforms,vforms,not_tm,arr_tm,hosp_tm,fhevent,hitrun,manncol,milepnt,reljunc,reljuncinter,intersectiontype,funcsystem,landuse,ownership,route,schlbus,spejur,contdev,devfunc,trafid1,trafid2,x,y,wk_zone,vnumber,crashtype,criticalevent,criticaleventcat,spdlim,body,trailer,emerg,hazcargo,leave,mhevent,roadalgn,roadprof,traflane,trafflow,vehmanvr,numoccs,regowner,regstate,spuse,make,model,modelyr,vrf1,vrf2,seqevent1,seqevent2,seqevent3,seqevent4,seqevent5,seqevent6,pnumber,ptype,age,sex,hispanic,race,injury,diedscene,restraint,restraintmisuse,seatpos,takehosp,death_dt,death_tm,cert,cernum_wa,commlic,licendor,licrestrict,liccomp,drivpres,drf1,drf2,drf3,drf4,distract1,distract2,distract3,distract4,distract5,distract6,dricond1,dricond2,dricond3,dricond4,dricond5,dricond6,dzip,licstate,drhgt_in,weight,noncdl,noncdltype,prevdwi,prevoth,prevacc,prevspd,prevsus,driviol1,driviol2,driviol3,driviol4,driviol5,driviol6,spdrel,first_dt,last_dt,airbag,ejection,ejectpath,extricat,injurwrk,methalc,methdrug,nmlocat,strikveh,prf1,prf2,prf3,druginv,alcinvol,drugsts,drugres1,drugres2,drugres3,drugtst1,drugtst2,drugtst3,alcsts,alctst,alcres,nmact1,nmact2,nmact3,nmact4,nmact5,nmact6,nmprior1,nmprior2,nmprior3,nmprior4,nmprior5,nmprior6,nmcond1,nmcond2,nmcond3,nmcond4,nmcond5,nmcond6,nmsafe_helmet,nmsafe_pads,nmsafe_oth,nmprev_ref,nmprev_lgt,nmprev_oth,crashlocation,nmcrashtype,crosswalk,schoolzone,sidewalk,train_inv,wildlife_inv,rotr_fars,intersect_fars,dd_inv,aid_inv,dpd_inv,id_inv,mj_inv,impnm_inv,ainm_inv,dpnm_inv,speed_inv,unlic_inv,unendmc_inv,drowsy_inv,drdist_inv,nmdist_inv,fty_inv,unrestfat_inv,dr1617_inv,dr1820_inv,dr1620_inv,dr2125_inv,dr1625_inv,dr65_inv,dr70_inv,dr75_inv,mc_inv,pv_inv,ht_inv,ped_inv,bike_inv,unrest_fat,mc_fat,unhelmet_mc,pv_fat,ht_fat,ped_fat,bike_fat,dr_alc7,dr_alc8,dr_drug,dr_imp,dr_dist,dr_spd,dr_fty,dr_unlic,dr_alc7only,dr_alc8only,dr_drugonly,dr_drink,nm_imp,nm_alc7,nm_alc8,nm_drug,nm_dist,agegrp1,agegrp2,roadclass,urbrur,dayweek,restuse,vehtype,race_me,intersect,lanedep,oppdir,wrongway,rep_typ,investag,repag_long,rotr,st_rd,cty_rd,city_rd,oth_rd,drug_thc,thc_res,drug_cthc,cthc_res,drug_cann,prevpersemin,prevperse,prevsusoth,drugtst4,drugtst5,drugtst6,drugtst7,drugtst8,drugres4,drugres5,drugres6,drugres7,drugres8,adspresent,adsengaged,adslevel,race1,race2,race3,race4,race5,helmet,helmetmisuse,nmdistract1,nmdistract2,nmdistract3,nmdistract4,nmdistract5,nmdistract6,lab,isedtcase,crf1,crf2,crf3,CoRoadName,CoMP,IntCoRoadName,IntCoMP,zipcode
3340,2021,100,EB21855,35.0,04/08/2021,12:15,8,4,,53,Pierce,0,1,,1,1,2,1,0,2,2,,,,12,0,2,7.4,1,0,1,3,2,2,4,0,0,0,0,CR-CANYON RD E,,-122.3573667,47.146341667,0,2,52,54,3,45,66,1,0,1,2,12,1,1,6,1,1,1,3,53,0,82,881,2001,0,,12,,,,,,1,1,58,1,0.0,,0,0,3,0,11,0,,,,,6.0,1.0,3.0,3.0,1,0,,,,96,,,,,,98,,,,,,98408.0,53,73.0,200.0,6.0,1.0,0.0,0.0,0.0,0.0,,0,,,,,,0,,,20,0,0,0,8.0,9,8,,,0,,,8,8,8.0,95.0,,,96.0,,,8,95,995.0,,,,,,,,,,,,,,,,,,,,,,,,,,,,,,0,0,0,0,0,0,1,1,0,0,0,0,0,1,0,0,0,0,0,0,0,0,0,0,0,0,0,0,0,1,1,0,0,0,0,,0,0,0,0,0,0,0,0,0,0,0,0,0,0,0,0,,,,,,56-60,56-65,County road,U,Thursday,,MHTRUCK,Not Fatal,0,1,1,0,County Road,County Sheriff,Law Enforcement Support Agency,0,0,1,0,0,,,,,,0.0,0.0,0.0,,,,,,,,,,,98.0,98.0,98.0,0.0,,,,,20.0,,,,,,,,,1.0,0.0,,,CANYON RD E,7.37,,,98446
3341,2021,101,EB21889,122.0,03/26/2021,23:02,26,3,,61,Snohomish,690,10,,2,1,2,1,0,1,1,,,,24,0,0,0.0,1,0,1,7,2,4,6,0,0,0,0,LOWELL SNOHOMISH RIVER RD,,-122.1778806,47.946205556,0,1,1,13,2,30,80,0,0,1,2,24,3,1,2,1,14,1,2,53,0,72,706,2017,0,,63,24.0,,,,,1,1,38,1,7.0,,4,7,20,7,11,0,03/26/2021,23:02,69053014765.0,14765.0,0.0,0.0,0.0,3.0,1,0,,,,96,,,,,,98,,,,,,98201.0,53,68.0,265.0,6.0,1.0,0.0,0.0,0.0,3.0,,0,,,,,,4,02/15/2017,02/15/2020,20,8,0,0,0.0,9,8,,,0,,,8,8,2.0,402.0,401.0,,1.0,1.0,,2,1,0.179,,,,,,,,,,,,,,,,,,,,,,,,,,,,,,0,0,1,0,1,1,1,1,0,0,0,0,1,0,0,0,0,0,0,0,0,0,0,0,0,0,0,0,1,0,0,0,0,0,1,0.0,0,0,0,0,0,1,1,1,0,1,0,0,0,0,0,1,,,,,,36-40,36-45,City street,U,Friday,,MC,White,0,1,0,0,City Street,Municipal/City Police,Everett Police Department,1,0,0,1,0,,,,,,0.0,0.0,3.0,,,,,,,,,,,0.0,0.0,0.0,1.0,,,,,5.0,,,,,,,,,1.0,0.0,,,,,,,98296
3342,2021,102,EB22729,7.0,03/30/2021,2:13,30,3,,33,King,2005,1,,3,1,1,1,0,1,1,,,,42,0,0,175.7,1,0,1,1,2,1,1,0,0,0,0,I-5,,-122.3295139,47.75,0,1,1,6,1,60,4,0,0,1,2,42,2,1,4,3,14,1,1,53,0,30,40,2013,0,,63,42.0,,,,,1,1,19,1,7.0,,4,7,3,0,11,0,03/30/2021,2:13,200553015960.0,15960.0,0.0,0.0,3.0,2.0,1,0,,,,96,,,,,,9,,,,,,98043.0,53,72.0,140.0,1.0,1.0,0.0,1.0,0.0,4.0,,0,,,,,,4,11/15/2019,08/15/2020,20,0,0,0,0.0,9,8,,,0,,,8,1,2.0,1.0,,,1.0,,,2,1,0.0,,,,,,,,,,,,,,,,,,,,,,,,,,,,,,0,0,1,0,1,0,0,0,0,0,0,0,1,1,0,0,0,0,0,0,0,1,1,0,1,0,0,0,0,1,0,0,0,0,0,,1,0,0,0,0,0,0,0,0,1,0,1,0,0,0,1,,,,,,18-20,16-25,Interstate,U,Tuesday,Belt Used,PV,Multiracial,0,1,0,0,State Route,State Patrol,Washington State Patrol,1,1,0,0,0,,,,,,0.0,0.0,1.0,,,,,,,,,,,98.0,98.0,98.0,201.0,218.0,,,,20.0,,,,,,,,,1.0,0.0,,,,,,,98155
3343,2021,103,EB22784,2.0,03/21/2021,21:02,21,3,,61,Snohomish,0,2,,2,2,2,1,0,4,2,,,,24,0,0,187.1,1,0,1,1,2,1,1,0,0,0,0,I-5,,-122.224175,47.889694444,0,1,6,9,1,60,2,0,0,1,2,24,1,1,4,3,15,2,2,53,0,49,45,2001,0,,64,24.0,1.0,54.0,,,1,1,39,1,7.0,,4,7,3,0,11,0,03/21/2021,21:02,53014395.0,14395.0,0.0,0.0,3.0,2.0,1,0,,,,96,,,,,,98,,,,,,98223.0,53,70.0,173.0,1.0,1.0,2.0,4.0,2.0,2.0,,0,,,,,,4,02/15/2018,09/15/2020,20,0,0,0,0.0,9,8,,,0,,,8,8,2.0,695.0,605.0,996.0,1.0,1.0,1.0,2,1,0.069,,,,,,,,,,,,,,,,,,,,,,,,,,,,,,0,0,1,0,1,0,1,1,1,0,0,0,1,1,0,0,0,0,0,0,0,0,0,0,0,0,0,0,0,1,0,0,0,0,0,,1,0,0,0,1,0,1,1,0,1,0,1,0,0,0,1,,,,,,36-40,36-45,Interstate,U,Sunday,Belt Used,PV,White,0,1,0,0,State Route,State Patrol,Washington State Patrol,1,1,0,0,0,thc,1.4,carboxy-thc,6.1,,0.0,0.0,5.0,1.0,1.0,,,,401.0,417.0,,,,98.0,98.0,98.0,1.0,,,,,20.0,,,,,,,,nms,1.0,14.0,,,,,,,98204
3344,2021,103,EB22784,2.0,03/21/2021,21:02,21,3,,61,Snohomish,0,2,,2,2,2,1,0,4,2,,,,24,0,0,187.1,1,0,1,1,2,1,1,0,0,0,0,I-5,,-122.224175,47.889694444,0,2,98,98,7,60,15,0,0,1,5,54,1,1,4,3,1,2,3,53,0,7,422,2017,0,,54,,,,,,1,1,61,1,0.0,,0,0,3,0,11,0,,,,,0.0,0.0,3.0,3.0,1,0,,,,96,,,,,,96,,,,,,98003.0,53,70.0,180.0,6.0,1.0,0.0,0.0,0.0,0.0,,0,,,,,,0,,,20,0,0,0,8.0,9,8,,,0,,,8,8,0.0,0.0,,,0.0,,,0,0,996.0,,,,,,,,,,,,,,,,,,,,,,,,,,,,,,0,0,1,0,1,0,1,1,1,0,0,0,1,1,0,0,0,0,0,0,0,0,0,0,0,0,0,0,0,1,0,0,0,0,0,,0,0,0,0,0,0,0,0,0,0,0,0,0,0,0,0,,,,,,61-65,56-65,Interstate,U,Sunday,Belt Used,PV,Not Fatal,0,1,0,0,State Route,State Patrol,Washington State Patrol,1,1,0,0,0,,,,,,0.0,0.0,0.0,,,,,,,,,,,98.0,98.0,98.0,0.0,,,,,20.0,,,,,,,,,1.0,14.0,,,,,,,98204
3345,2021,104,EB23200,35.0,04/17/2021,20:09,17,4,,53,Pierce,0,1,,2,1,2,2,0,2,1,,,,31,0,0,1.5,1,0,1,4,2,2,4,0,0,0,0,CR-40TH ST NW,,-122.64875,47.293655556,0,1,7,9,1,35,6,0,0,1,2,31,1,1,2,1,1,2,2,53,0,49,46,2017,0,,63,69.0,68.0,64.0,31.0,30.0,1,1,26,2,4.0,,4,7,3,0,11,0,04/17/2021,20:09,53018646.0,18646.0,0.0,0.0,0.0,0.0,1,0,,,,96,,,,,,98,,,,,,98664.0,53,,999.0,0.0,0.0,99.0,99.0,99.0,99.0,,0,,,,,,0,,,1,0,0,0,0.0,9,8,,,0,,,8,8,8.0,95.0,,,96.0,,,8,95,995.0,,,,,,,,,,,,,,,,,,,,,,,,,,,,,,0,0,0,0,0,0,0,0,0,0,0,0,0,1,0,0,0,0,0,0,0,0,0,0,0,0,0,0,0,1,0,0,0,0,0,,1,0,0,0,0,0,0,0,0,0,0,1,0,0,0,0,,,,,,26-30,26-35,County road,U,Saturday,Belt Used,PV,Hispanic,0,1,0,0,County Road,County Sheriff,Law Enforcement Support Agency,1,0,1,0,0,,,,,,99.0,99.0,99.0,,,,,,,,,,,98.0,98.0,98.0,1.0,,,,,20.0,,,,,,,,,1.0,0.0,,,040 ST NW,1.49,,,98335
3346,2021,105,EB23217,35.0,04/15/2021,23:20,15,4,,53,Pierce,0,1,,6,1,2,1,1,1,1,,,,8,1,0,2.1,1,0,1,4,2,2,4,0,0,0,0,CR-PORTLAND AVE E,,-122.4078,47.185047222,0,1,13,13,2,35,99,0,0,1,5,8,1,1,2,1,1,99,9,99,0,99,999,9999,0,,63,8.0,,,,,1,1,999,9,0.0,,9,0,99,7,11,0,,,,,99.0,9.0,9.0,9.0,1,0,,,,96,,,,,,98,,,,,,99999.0,99,,999.0,9.0,9.0,99.0,99.0,99.0,99.0,,97,,,,,,0,,,99,9,0,0,8.0,9,8,,,0,,,8,8,0.0,0.0,,,0.0,,,0,0,996.0,,,,,,,,,,,,,,,,,,,,,,,,,,,,,,0,0,0,0,0,0,0,0,0,0,0,0,0,0,0,0,0,0,0,0,0,0,0,0,0,0,0,0,0,0,0,1,0,0,0,,0,0,0,0,0,0,0,0,0,0,0,0,0,0,0,0,,,,,,,,County road,U,Thursday,,NR-U,Not Fatal,0,0,0,0,County Road,County Sheriff,Law Enforcement Support Agency,0,0,1,0,0,,,,,,99.0,99.0,99.0,,,,,,,,,,,99.0,99.0,99.0,0.0,,,,,20.0,,,,,,,,,1.0,0.0,,,PORTLAND AVE E,2.14,,,98404
3347,2021,106,EB23228,5.0,04/18/2021,0:17,18,4,,11,Clark,0,1,,3,1,2,1,0,1,1,,,,33,0,0,1.6,3,0,2,3,2,1,3,0,0,3,3,SR-502,NE 29TH AVE,-122.6410667,45.779686111,0,1,1,13,2,50,4,0,0,1,2,33,1,1,3,1,1,1,1,53,0,32,43,2006,0,,63,33.0,30.0,42.0,17.0,31.0,1,1,41,2,7.0,,4,0,20,7,11,5,04/18/2021,6:44,237053022471.0,22471.0,0.0,0.0,0.0,3.0,1,8,,,,96,,,,,,98,,,,,,98606.0,53,63.0,135.0,6.0,1.0,0.0,0.0,1.0,0.0,,0,,,,,,4,04/15/2018,04/15/2018,8,1,9,0,0.0,9,8,,,0,,,9,9,2.0,996.0,996.0,996.0,1.0,1.0,1.0,2,1,0.0,,,,,,,,,,,,,,,,,,,,,,,,,,,,,,0,0,1,1,0,0,1,1,0,0,0,0,1,0,0,0,0,0,0,1,0,0,0,0,0,0,0,0,0,1,0,0,0,1,0,,1,0,0,0,0,0,1,1,0,1,0,0,0,0,1,0,,,,,,41-45,36-45,State route,U,Sunday,Not Used,PV,White,0,1,0,0,State Route,State Patrol,WASHINGTON STATE PATROL,1,1,0,0,0,,,,,,0.0,0.0,0.0,1.0,1.0,1.0,,,177.0,996.0,401.0,417.0,,98.0,98.0,98.0,1.0,,,,,20.0,,,,,,,,,1.0,0.0,,,,,,,98642
3348,2021,107,EB23232,6.0,04/16/2021,14:40,16,4,,37,Kittitas,0,1,,1,1,1,1,0,2,1,,,,1,0,0,75.5,1,0,1,1,1,1,1,0,0,0,0,I-90,,-121.0691139,47.200102778,0,1,2,1,1,70,34,0,0,1,2,1,1,1,2,3,1,2,2,53,0,7,481,1985,0,,61,63.0,1.0,38.0,42.0,,1,1,51,1,7.0,,4,7,20,7,11,0,04/16/2021,14:40,53019870.0,19870.0,0.0,0.0,0.0,2.0,1,80,,,,96,,,,,,98,,,,,,98409.0,53,70.0,190.0,1.0,1.0,0.0,3.0,1.0,0.0,,0,,,,,,0,04/15/2017,06/15/2021,20,1,9,0,0.0,9,8,,,0,,,1,8,8.0,95.0,,,96.0,,,8,95,995.0,,,,,,,,,,,,,,,,,,,,,,,,,,,,,,0,0,0,0,0,0,0,0,0,0,0,0,0,1,0,0,0,0,0,1,0,0,0,0,0,0,0,0,0,1,0,0,0,1,0,,1,0,0,0,0,0,0,0,0,0,0,1,0,0,0,0,,,,,,51-55,46-55,Interstate,R,Friday,Not Used,PV,White,0,1,0,0,State Route,State Patrol,Washington State Patrol,1,1,0,0,0,,,,,,0.0,0.0,3.0,,,,,,,,,,,0.0,0.0,0.0,1.0,,,,,20.0,,,,,,,,,1.0,0.0,,,,,,,
3349,2021,109,EB23704,330.0,04/18/2021,14:04,18,4,,77,Yakima,2590,1,,1,0,0,1,0,3,1,,,,5,0,0,0.0,1,0,1,7,2,4,6,0,0,0,0,E SPRUCE ST,,-120.4867778,46.602016667,0,1,0,98,7,0,34,0,0,1,5,5,0,0,0,0,11,3,1,53,0,7,482,2017,0,,5,,,,,,1,1,27,1,0.0,,0,0,99,7,11,0,,,,,0.0,0.0,0.0,3.0,1,0,,,,96,,,,,,98,,,,,,98902.0,53,64.0,150.0,6.0,1.0,0.0,1.0,1.0,3.0,,0,,,,,,0,11/15/2016,10/15/2020,20,0,0,0,8.0,9,8,,,0,,,8,8,8.0,95.0,,,96.0,,,2,98,997.0,,,,,,,,,,,,,,,,,,,,,,,,,,,,,,0,0,0,0,0,0,0,0,0,0,0,0,0,0,0,0,0,0,0,1,0,0,0,0,0,0,0,0,0,1,0,0,0,0,0,,0,0,0,0,0,0,0,0,0,0,0,0,0,0,0,0,,,,,,26-30,26-35,City street,U,Sunday,Unknown,PV,Not Fatal,0,0,0,0,City Street,Municipal/City Police,Yakima Police Department,0,0,0,1,0,,,,,,0.0,0.0,0.0,,,,,,,,,,,98.0,98.0,98.0,0.0,,,,,20.0,,,,,,,,,1.0,0.0,,,,,,,98901
3350,2021,110,EB24097,4.0,04/21/2021,12:17,21,4,,63,Spokane,0,1,,1,1,2,1,0,2,2,,,,12,0,1,268.7,1,0,1,3,2,1,2,0,0,0,0,US-2,,-117.6141806,47.642933333,0,1,28,52,3,55,80,0,0,1,2,12,1,1,5,5,1,1,1,53,0,72,706,2002,0,,12,,,,,,1,1,67,1,7.0,,4,0,20,7,11,5,04/22/2021,6:33,211053020018.0,20018.0,0.0,0.0,0.0,3.0,1,0,,,,96,,,,,,98,,,,,,99122.0,53,68.0,200.0,6.0,1.0,0.0,0.0,0.0,1.0,,0,,,,,,4,08/15/2018,08/15/2018,20,8,0,0,0.0,9,8,,,0,,,8,8,2.0,1.0,,,1.0,,,2,1,0.0,,,,,,,,,,,,,,,,,,,,,,,,,,,,,,0,0,0,0,0,0,0,0,0,0,0,0,1,0,0,0,0,0,0,0,0,0,0,0,0,1,0,0,1,1,0,0,0,0,1,1.0,0,0,0,0,0,0,0,0,0,1,0,0,0,0,0,0,,,,,,66-70,66-75,US highway,U,Wednesday,,MC,Multiracial,0,0,0,0,State Route,State Patrol,Washington State Patrol,0,1,0,0,0,,,,,,0.0,0.0,0.0,,,,,,,,,,,0.0,0.0,0.0,201.0,298.0,,,,16.0,,,,,,,,,1.0,0.0,,,,,,,99022
3351,2021,110,EB24097,4.0,04/21/2021,12:17,21,4,,63,Spokane,0,1,,1,1,2,1,0,2,2,,,,12,0,1,268.7,1,0,1,3,2,1,2,0,0,0,0,US-2,,-117.6141806,47.642933333,0,2,29,53,3,55,14,0,0,1,5,12,1,1,5,5,2,1,1,53,0,37,402,2002,0,,12,,,,,,1,1,41,2,0.0,,0,0,3,0,11,0,,,,,0.0,0.0,0.0,3.0,1,0,,,,96,,,,,,98,,,,,,99022.0,53,69.0,145.0,6.0,1.0,0.0,0.0,0.0,0.0,,0,,,,,,0,,,20,0,0,0,8.0,9,8,,,0,,,8,8,0.0,0.0,,,0.0,,,2,1,997.0,,,,,,,,,,,,,,,,,,,,,,,,,,,,,,0,0,0,0,0,0,0,0,0,0,0,0,1,0,0,0,0,0,0,0,0,0,0,0,0,1,0,0,1,1,0,0,0,0,0,,0,0,0,0,0,0,0,0,0,0,0,0,0,0,0,0,,,,,,41-45,36-45,US highway,U,Wednesday,Belt Used,PV,Not Fatal,0,0,0,0,State Route,State Patrol,Washington State Patrol,0,1,0,0,0,,,,,,0.0,0.0,0.0,,,,,,,,,,,98.0,98.0,98.0,0.0,,,,,20.0,,,,,,,,,1.0,0.0,,,,,,,99022
3352,2021,111,EB24658,160.0,04/24/2021,16:28,24,4,,33,King,1030,2,,1,2,2,1,0,2,2,,,,12,0,6,0.0,1,0,1,4,2,4,6,0,0,0,0,CENTRAL AVE N,,-122.2302778,47.372341667,0,1,98,9,1,35,4,0,0,1,5,12,3,1,5,5,14,1,1,53,0,37,31,2007,0,,68,12.0,,,,,1,1,71,2,7.0,,4,7,3,0,11,0,04/24/2021,16:28,103053019915.0,19915.0,0.0,0.0,3.0,3.0,1,0,,,,96,,,,,,98,,,,,,98092.0,53,62.0,145.0,6.0,1.0,0.0,0.0,3.0,0.0,,0,,,,,,4,07/15/2017,05/15/2020,8,0,0,0,0.0,9,8,,,0,,,8,8,2.0,996.0,,,1.0,,,2,1,0.0,,,,,,,,,,,,,,,,,,,,,,,,,,,,,,0,0,0,0,0,0,1,1,0,0,0,0,1,0,0,0,0,0,0,0,0,0,0,0,0,1,1,0,0,1,0,0,0,0,0,,1,0,0,0,0,0,1,1,0,1,0,0,0,0,1,0,,,,,,71-75,66-75,City street,U,Saturday,Belt Used,PV,API,0,1,1,0,City Street,Municipal/City Police,Kent Police Department,0,0,0,1,0,,,,,,0.0,0.0,0.0,,,,,,,,,,,98.0,98.0,98.0,18.0,,,,,20.0,,,,,,,,,1.0,0.0,,,,,,,98032
3353,2021,111,EB24658,160.0,04/24/2021,16:28,24,4,,33,King,1030,2,,1,2,2,1,0,2,2,,,,12,0,6,0.0,1,0,1,4,2,4,6,0,0,0,0,CENTRAL AVE N,,-122.2302778,47.372341667,0,2,98,62,4,35,4,0,0,1,5,12,2,1,5,5,14,1,1,53,0,51,47,2006,0,,12,,,,,,1,1,32,1,0.0,,0,0,3,0,11,0,,,,,0.0,0.0,3.0,3.0,1,0,,,,96,,,,,,98,,,,,,98031.0,53,72.0,160.0,6.0,1.0,0.0,0.0,0.0,0.0,,0,,,,,,0,,,1,0,0,0,8.0,9,8,,,0,,,8,8,2.0,1.0,,,1.0,,,2,1,0.0,,,,,,,,,,,,,,,,,,,,,,,,,,,,,,0,0,0,0,0,0,1,1,0,0,0,0,1,0,0,0,0,0,0,0,0,0,0,0,0,1,1,0,0,1,0,0,0,0,0,,0,0,0,0,0,0,0,0,0,0,0,0,0,0,0,0,,,,,,31-35,26-35,City street,U,Saturday,Belt Used,PV,Not Fatal,0,1,1,0,City Street,Municipal/City Police,Kent Police Department,0,0,0,1,0,,,,,,0.0,0.0,0.0,,,,,,,,,,,98.0,98.0,98.0,0.0,,,,,20.0,,,,,,,,,1.0,0.0,,,,,,,98032
3354,2021,112,EB25401,56.0,03/16/2021,20:57,16,3,,35,Kitsap,111,1,,2,1,2,3,0,3,1,,,,41,0,0,0.0,1,0,1,5,2,4,6,0,0,0,0,SUNRISE DR NE,,-122.5103056,47.671655556,0,1,7,6,1,30,5,0,0,1,2,42,1,2,2,1,1,3,2,53,0,42,55,2017,0,,68,64.0,41.0,42.0,1.0,,1,1,16,2,7.0,,4,7,3,0,11,0,03/16/2021,20:57,11153013505.0,13505.0,0.0,0.0,3.0,2.0,1,0,,,,96,,,,,,98,,,,,,98110.0,53,64.0,140.0,6.0,2.0,0.0,0.0,0.0,0.0,,0,,,,,,4,,,8,0,0,0,0.0,9,8,,,0,,,8,8,2.0,996.0,996.0,,1.0,1.0,,2,1,0.0,,,,,,,,,,,,,,,,,,,,,,,,,,,,,,0,0,0,0,0,0,1,1,0,0,0,0,1,0,0,0,0,0,0,1,1,0,1,0,1,0,0,0,0,1,0,0,0,0,0,,1,0,0,0,0,0,1,1,0,1,0,0,0,0,1,0,,,,,,16-17,16-25,City street,U,Tuesday,Belt Used,PV,White,0,1,0,0,City Street,Municipal/City Police,Bainbridge Island Police Department,1,0,0,1,0,,,,,,0.0,0.0,0.0,,,,,,,,,,,98.0,98.0,98.0,1.0,,,,,20.0,,,,,,,,,1.0,0.0,,,,,,,98110
3355,2021,113,EB25402,25.0,04/15/2021,18:17,15,4,,33,King,0,1,,1,1,2,1,0,5,4,,,,12,0,1,4.7,2,0,4,5,1,2,4,0,0,0,0,CR-VEAZIE CUMBERLAND RD,295TH AVE SE,-121.9495611,47.264094444,0,1,20,50,3,45,80,0,0,1,2,12,2,1,2,1,14,2,1,53,0,72,706,2011,0,,12,68.0,12.0,,,,1,1,55,1,7.0,,4,0,20,7,11,5,04/15/2021,23:20,196053030129.0,30129.0,0.0,0.0,3.0,3.0,1,38,,,,96,,,,,,98,,,,,,98059.0,53,70.0,180.0,6.0,1.0,0.0,0.0,2.0,0.0,,0,,,,,,0,02/15/2016,11/15/2017,20,8,0,0,0.0,9,8,,,0,,,8,8,2.0,1.0,,,1.0,,,2,1,0.0,,,,,,,,,,,,,,,,,,,,,,,,,,,,,,0,0,0,1,0,0,0,0,0,0,0,0,0,0,0,0,0,0,1,0,0,0,0,0,0,0,0,0,1,1,0,0,0,0,1,0.0,0,0,0,0,0,0,0,0,0,0,1,0,0,0,0,0,,,,,,51-55,46-55,County road,R,Thursday,,MC,White,1,0,0,0,County Road,County Sheriff,King County Police,0,0,1,0,0,,,,,,0.0,0.0,0.0,,,,,,,,,,,0.0,0.0,0.0,1.0,,,,,5.0,,,,,,,,,1.0,0.0,,,VEAZIE-CUMBERLAND RD SE,4.66,295 AVE SE,0.0,98022
3356,2021,113,EB25402,25.0,04/15/2021,18:17,15,4,,33,King,0,1,,1,1,2,1,0,5,4,,,,12,0,1,4.7,2,0,4,5,1,2,4,0,0,0,0,CR-VEAZIE CUMBERLAND RD,295TH AVE SE,-121.9495611,47.264094444,0,2,98,50,3,45,80,0,0,1,2,12,2,1,2,1,14,1,1,53,0,72,706,2009,0,,12,,,,,,1,1,56,2,0.0,,3,0,20,7,11,5,,,,,0.0,0.0,3.0,3.0,1,38,,,,96,,,,,,98,,,,,,98059.0,53,64.0,145.0,6.0,1.0,0.0,0.0,1.0,0.0,,0,,,,,,0,07/15/2019,07/15/2019,20,8,0,0,8.0,9,8,,,0,,,8,8,8.0,95.0,,,96.0,,,8,95,995.0,,,,,,,,,,,,,,,,,,,,,,,,,,,,,,0,0,0,1,0,0,0,0,0,0,0,0,0,0,0,0,0,0,1,0,0,0,0,0,0,0,0,0,1,1,0,0,0,0,0,0.0,0,0,0,0,0,0,0,0,0,0,1,0,0,0,0,0,,,,,,56-60,56-65,County road,R,Thursday,,MC,Not Fatal,1,0,0,0,County Road,County Sheriff,King County Police,0,0,1,0,0,,,,,,0.0,0.0,0.0,,,,,,,,,,,0.0,0.0,0.0,0.0,,,,,5.0,,,,,,,,,1.0,0.0,,,VEAZIE-CUMBERLAND RD SE,4.66,295 AVE SE,0.0,98022
3357,2021,113,EB25402,25.0,04/15/2021,18:17,15,4,,33,King,0,1,,1,1,2,1,0,5,4,,,,12,0,1,4.7,2,0,4,5,1,2,4,0,0,0,0,CR-VEAZIE CUMBERLAND RD,295TH AVE SE,-121.9495611,47.264094444,0,3,21,53,3,45,14,0,0,1,2,12,2,1,2,1,5,1,1,53,0,48,401,1999,0,,12,12.0,,,,,1,1,30,1,0.0,,0,0,3,0,11,0,,,,,0.0,0.0,0.0,3.0,1,0,,,,96,,,,,,98,,,,,,98022.0,53,71.0,135.0,6.0,1.0,0.0,0.0,0.0,0.0,,0,,,,,,0,,,20,0,0,0,8.0,9,8,,,0,,,8,8,8.0,95.0,,,96.0,,,8,95,995.0,,,,,,,,,,,,,,,,,,,,,,,,,,,,,,0,0,0,1,0,0,0,0,0,0,0,0,0,0,0,0,0,0,1,0,0,0,0,0,0,0,0,0,1,1,0,0,0,0,0,,0,0,0,0,0,0,0,0,0,0,0,0,0,0,0,0,,,,,,26-30,26-35,County road,R,Thursday,Belt Used,PV,Not Fatal,1,0,0,0,County Road,County Sheriff,King County Police,0,0,1,0,0,,,,,,0.0,0.0,0.0,,,,,,,,,,,0.0,0.0,0.0,0.0,,,,,20.0,,,,,,,,,1.0,0.0,,,VEAZIE-CUMBERLAND RD SE,4.66,295 AVE SE,0.0,98022