,year,case,par,repjur,crash_dt,crash_tm,accday,accmon,holiday,county,co_char,city,weather,weather2,lightcond,surfcond,surftype,numfatal,nmforms,pforms,vforms,not_tm,arr_tm,hosp_tm,fhevent,hitrun,manncol,milepnt,reljunc,reljuncinter,intersectiontype,funcsystem,landuse,ownership,route,schlbus,spejur,contdev,devfunc,trafid1,trafid2,x,y,wk_zone,vnumber,crashtype,criticalevent,criticaleventcat,spdlim,body,trailer,emerg,hazcargo,leave,mhevent,roadalgn,roadprof,traflane,trafflow,vehmanvr,numoccs,regowner,regstate,spuse,make,model,modelyr,vrf1,vrf2,seqevent1,seqevent2,seqevent3,seqevent4,seqevent5,seqevent6,pnumber,ptype,age,sex,hispanic,race,injury,diedscene,restraint,restraintmisuse,seatpos,takehosp,death_dt,death_tm,cert,cernum_wa,commlic,licendor,licrestrict,liccomp,drivpres,drf1,drf2,drf3,drf4,distract1,distract2,distract3,distract4,distract5,distract6,dricond1,dricond2,dricond3,dricond4,dricond5,dricond6,dzip,licstate,drhgt_in,weight,noncdl,noncdltype,prevdwi,prevoth,prevacc,prevspd,prevsus,driviol1,driviol2,driviol3,driviol4,driviol5,driviol6,spdrel,first_dt,last_dt,airbag,ejection,ejectpath,extricat,injurwrk,methalc,methdrug,nmlocat,strikveh,prf1,prf2,prf3,druginv,alcinvol,drugsts,drugres1,drugres2,drugres3,drugtst1,drugtst2,drugtst3,alcsts,alctst,alcres,nmact1,nmact2,nmact3,nmact4,nmact5,nmact6,nmprior1,nmprior2,nmprior3,nmprior4,nmprior5,nmprior6,nmcond1,nmcond2,nmcond3,nmcond4,nmcond5,nmcond6,nmsafe_helmet,nmsafe_pads,nmsafe_oth,nmprev_ref,nmprev_lgt,nmprev_oth,crashlocation,nmcrashtype,crosswalk,schoolzone,sidewalk,train_inv,wildlife_inv,rotr_fars,intersect_fars,dd_inv,aid_inv,dpd_inv,id_inv,mj_inv,impnm_inv,ainm_inv,dpnm_inv,speed_inv,unlic_inv,unendmc_inv,drowsy_inv,drdist_inv,nmdist_inv,fty_inv,unrestfat_inv,dr1617_inv,dr1820_inv,dr1620_inv,dr2125_inv,dr1625_inv,dr65_inv,dr70_inv,dr75_inv,mc_inv,pv_inv,ht_inv,ped_inv,bike_inv,unrest_fat,mc_fat,unhelmet_mc,pv_fat,ht_fat,ped_fat,bike_fat,dr_alc7,dr_alc8,dr_drug,dr_imp,dr_dist,dr_spd,dr_fty,dr_unlic,dr_alc7only,dr_alc8only,dr_drugonly,dr_drink,nm_imp,nm_alc7,nm_alc8,nm_drug,nm_dist,agegrp1,agegrp2,roadclass,urbrur,dayweek,restuse,vehtype,race_me,intersect,lanedep,oppdir,wrongway,rep_typ,investag,repag_long,rotr,st_rd,cty_rd,city_rd,oth_rd,drug_thc,thc_res,drug_cthc,cthc_res,drug_cann,prevpersemin,prevperse,prevsusoth,drugtst4,drugtst5,drugtst6,drugtst7,drugtst8,drugres4,drugres5,drugres6,drugres7,drugres8,adspresent,adsengaged,adslevel,race1,race2,race3,race4,race5,helmet,helmetmisuse,nmdistract1,nmdistract2,nmdistract3,nmdistract4,nmdistract5,nmdistract6,lab,isedtcase,crf1,crf2,crf3,CoRoadName,CoMP,IntCoRoadName,IntCoMP,zipcode
3358,2021,113,EB25402,25.0,04/15/2021,18:17,15,4,,33,King,0,1,,1,1,2,1,0,5,4,,,,12,0,1,4.7,2,0,4,5,1,2,4,0,0,0,0,CR-VEAZIE CUMBERLAND RD,295TH AVE SE,-121.9495611,47.264094444,0,4,98,62,4,45,14,0,0,1,5,12,3,1,2,1,14,1,1,53,0,37,402,2003,0,,12,,,,,,1,1,53,1,0.0,,0,0,3,0,11,0,,,,,0.0,0.0,3.0,3.0,1,0,,,,96,,,,,,98,,,,,,98022.0,53,72.0,240.0,6.0,1.0,0.0,0.0,0.0,0.0,,0,,,,,,0,,,20,0,0,0,8.0,9,8,,,0,,,8,8,8.0,95.0,,,96.0,,,8,95,995.0,,,,,,,,,,,,,,,,,,,,,,,,,,,,,,0,0,0,1,0,0,0,0,0,0,0,0,0,0,0,0,0,0,1,0,0,0,0,0,0,0,0,0,1,1,0,0,0,0,0,,0,0,0,0,0,0,0,0,0,0,0,0,0,0,0,0,,,,,,51-55,46-55,County road,R,Thursday,Belt Used,PV,Not Fatal,1,0,0,0,County Road,County Sheriff,King County Police,0,0,1,0,0,,,,,,0.0,0.0,0.0,,,,,,,,,,,98.0,98.0,98.0,0.0,,,,,20.0,,,,,,,,,1.0,0.0,,,VEAZIE-CUMBERLAND RD SE,4.66,295 AVE SE,0.0,98022
3359,2021,114,3836207,263.0,03/30/2021,20:20,30,3,,33,King,1960,1,,3,1,1,1,1,1,1,,,,8,0,0,3.6,1,0,1,3,2,1,3,0,0,97,8,SR-522,,-122.2924278,47.725236111,0,1,13,80,5,35,14,0,0,1,5,8,1,4,5,5,1,1,1,53,0,37,402,2016,0,,8,,,,,,1,1,38,2,0.0,,0,0,3,0,11,0,,,,,0.0,0.0,3.0,3.0,1,10,,,,0,,,,,,98,,,,,,98177.0,53,72.0,195.0,6.0,1.0,0.0,0.0,0.0,0.0,,0,,,,,,0,,,20,0,0,0,8.0,9,8,,,0,,,8,8,8.0,95.0,,,96.0,,,8,95,995.0,,,,,,,,,,,,,,,,,,,,,,,,,,,,,,0,0,0,0,0,0,0,0,0,1,0,1,0,0,0,0,0,0,0,0,0,0,0,0,0,0,0,0,0,1,0,1,0,0,0,,0,0,0,0,0,0,0,0,0,0,0,0,0,0,0,0,,,,,,36-40,36-45,State route,U,Tuesday,Belt Used,PV,Not Fatal,0,0,0,0,State Route,Municipal/City Police,Seattle Police Department,0,1,0,0,0,,,,,,0.0,0.0,0.0,,,,,,,,,,,98.0,98.0,98.0,0.0,,,,,20.0,,,,,,,,,1.0,0.0,,,,,,,98125
3360,2021,115,3889701,344.0,01/26/2021,5:54,26,1,,77,Yakima,0,4,,2,1,2,1,1,1,1,,,,8,0,0,,1,0,1,5,1,2,4,0,3,0,0,CR-LATERAL A RD,,-120.4798972,46.396286111,0,1,13,80,5,55,61,0,0,1,5,8,1,1,2,1,6,1,9,99,0,12,881,2019,0,,8,,,,,,1,1,53,1,0.0,,0,0,2,0,11,0,,,,,6.0,0.0,0.0,3.0,1,33,,,,96,,,,,,0,,,,,,98951.0,53,68.0,212.0,6.0,1.0,0.0,0.0,0.0,0.0,,53,,,,,,0,,,20,0,0,0,8.0,9,8,,,0,,,8,8,0.0,0.0,,,0.0,,,2,98,0.0,,,,,,,,,,,,,,,,,,,,,,,,,,,,,,0,0,0,0,0,0,0,0,0,1,1,1,0,0,0,0,0,0,0,0,0,0,0,0,0,0,0,0,0,0,1,1,0,0,0,,0,0,0,0,0,0,0,0,0,0,0,0,0,0,0,0,,,,,,51-55,46-55,County road,R,Tuesday,,MHTRUCK,Not Fatal,0,0,0,0,County Road,Other Law Enforcement,Yakama Tribal Police Department,0,0,1,0,0,,,,,,0.0,0.0,0.0,,,,,,,,,,,98.0,98.0,98.0,0.0,,,,,20.0,,,,,,,,,0.0,0.0,,,LATERAL A RD.,9.26,,,98951
3361,2021,116,EB08960,4.0,02/20/2021,21:00,20,2,,51,Pend Oreille,0,10,,2,1,2,1,0,3,2,,,,12,0,2,430.4,1,0,1,4,1,1,3,0,0,0,0,SR-20,,-117.155625,48.229516667,0,1,50,10,2,55,4,0,0,1,2,12,1,8,2,1,1,1,1,53,0,12,23,2010,0,,68,12.0,,,,,1,1,24,2,7.0,,4,7,3,0,11,0,02/20/2021,21:00,53009087.0,9087.0,0.0,0.0,3.0,3.0,1,28,,,,96,,,,,,9,,,,,,99119.0,53,70.0,200.0,6.0,1.0,0.0,1.0,0.0,0.0,,0,,,,,,0,07/15/2020,07/15/2020,8,0,0,0,0.0,1,8,,,0,,,1,1,2.0,695.0,605.0,996.0,1.0,1.0,1.0,2,1,0.197,,,,,,,,,,,,,,,,,,,,,,,,,,,,,,0,0,0,0,1,1,1,1,1,0,0,0,0,0,0,0,0,0,0,0,0,0,0,1,1,0,0,0,0,1,0,0,0,0,0,,1,0,0,0,0,1,1,1,0,0,0,0,0,0,0,1,,,,,,21-25,16-25,State route,R,Saturday,Belt Used,PV,AIAN,0,1,1,0,State Route,State Patrol,Washington State Patrol,0,1,0,0,0,thc,14.0,carboxy-thc,29.0,,0.0,0.0,0.0,1.0,1.0,,,,996.0,334.0,,,,98.0,98.0,98.0,3.0,,,,,20.0,,,,,,,,nms,0.0,0.0,,,,,,,
3362,2021,116,EB08960,4.0,02/20/2021,21:00,20,2,,51,Pend Oreille,0,10,,2,1,2,1,0,3,2,,,,12,0,2,430.4,1,0,1,4,1,1,3,0,0,0,0,SR-20,,-117.155625,48.229516667,0,2,51,62,4,55,34,0,0,1,2,12,1,2,2,1,1,2,1,16,0,7,482,2012,0,,12,,,,,,1,1,36,1,0.0,,2,0,20,7,11,0,,,,,6.0,0.0,0.0,3.0,1,0,,,,96,,,,,,9,,,,,,83856.0,16,73.0,290.0,6.0,1.0,0.0,1.0,0.0,0.0,,0,,,,,,0,12/15/2018,12/15/2018,8,0,0,0,8.0,9,8,,,0,,,8,1,2.0,1.0,,,1.0,,,2,1,0.15,,,,,,,,,,,,,,,,,,,,,,,,,,,,,,0,0,0,0,1,1,1,1,1,0,0,0,0,0,0,0,0,0,0,0,0,0,0,1,1,0,0,0,0,1,0,0,0,0,0,,0,0,0,0,0,1,0,1,0,0,0,0,0,1,0,1,,,,,,36-40,36-45,State route,R,Saturday,Not Used,PV,Not Fatal,0,1,1,0,State Route,State Patrol,Washington State Patrol,0,1,0,0,0,,,,,,0.0,0.0,0.0,,,,,,,,,,,98.0,98.0,98.0,0.0,,,,,20.0,,,,,,,,,0.0,0.0,,,,,,,
3363,2021,117,EB09180,2.0,02/19/2021,5:30,19,2,,61,Snohomish,171,2,,6,2,2,2,2,1,1,,,,8,1,0,8.6,1,0,1,4,2,1,3,0,0,0,0,SR-524,,-122.2271194,47.812880556,0,1,13,11,2,35,4,0,0,1,2,8,1,2,2,1,1,1,2,53,0,20,37,2018,0,,63,8.0,8.0,,,,1,1,27,1,0.0,,0,0,99,7,11,0,,,,,0.0,0.0,0.0,2.0,1,0,,,,96,,,,,,99,,,,,,98012.0,53,69.0,195.0,1.0,1.0,0.0,1.0,1.0,1.0,,97,,,,,,0,12/15/2019,10/15/2020,99,0,0,0,8.0,9,8,,,0,,,8,8,8.0,95.0,,,96.0,,,8,95,995.0,,,,,,,,,,,,,,,,,,,,,,,,,,,,,,0,0,0,0,0,0,0,0,0,1,0,1,0,1,0,0,0,0,0,0,0,0,0,0,0,0,0,0,0,1,0,1,0,0,0,,0,0,0,0,0,0,0,0,0,0,0,1,0,0,0,0,,,,,,26-30,26-35,State route,U,Friday,Unknown,PV,Not Fatal,0,0,0,0,State Route,State Patrol,Washington State Patrol,0,1,0,0,0,,,,,,0.0,0.0,1.0,,,,,,,,,,,98.0,98.0,98.0,0.0,,,,,20.0,,,,,,,,,0.0,0.0,,,,,,,98012
3364,2021,119,EB25790,146.0,04/15/2021,0:25,15,4,,77,Yakima,0,1,,2,1,2,2,0,2,1,,,,35,0,0,0.0,1,0,1,96,6,96,8,0,0,0,0,ROZA HILL DR    PVT DR,,-120.3803111,46.606152778,0,1,7,6,1,50,4,0,0,1,2,2,1,2,2,1,1,2,2,53,0,37,32,2008,0,,68,64.0,35.0,1.0,2.0,,1,1,39,2,6.0,,4,7,99,7,11,0,04/15/2021,0:25,53018691.0,18691.0,0.0,0.0,0.0,2.0,1,0,,,,96,,,,,,98,,,,,,98901.0,53,63.0,160.0,1.0,1.0,0.0,0.0,0.0,0.0,,0,,,,,,4,,,99,0,0,0,0.0,9,8,,,0,,,8,8,0.0,0.0,,,0.0,,,0,0,996.0,,,,,,,,,,,,,,,,,,,,,,,,,,,,,,0,0,0,0,0,0,0,0,0,0,0,0,1,1,0,0,0,0,0,0,0,0,0,0,0,0,0,0,0,1,0,0,0,0,0,,1,0,0,0,0,0,0,0,0,1,0,1,0,0,0,0,,,,,,36-40,36-45,Other,,Thursday,Unknown,PV,Hispanic,0,1,0,0,Other,County Sheriff,Yakima County Sheriff's Office,1,0,0,0,1,,,,,,0.0,0.0,0.0,,,,,,,,,,,98.0,98.0,98.0,98.0,,,,,20.0,,,,,,,,,1.0,0.0,,,,,,,98901
3365,2021,120,EB26039,6.0,04/21/2021,11:07,21,4,,25,Grant,680,1,,1,1,2,1,1,2,1,,,,8,0,0,51.7,3,0,2,4,2,1,3,0,0,3,3,SR-28,FIRST AVE NW,-119.5509694,47.321658333,0,1,13,80,5,25,67,0,0,1,5,8,1,1,3,1,11,2,1,53,0,12,880,2005,0,,8,,,,,,1,1,32,2,0.0,,0,0,3,0,11,0,,,,,0.0,0.0,0.0,3.0,1,38,,,,96,,,,,,98,,,,,,98851.0,53,62.0,115.0,6.0,1.0,0.0,0.0,0.0,0.0,,46,,,,,,0,,,20,0,0,0,8.0,9,8,,,0,,,8,8,0.0,0.0,,,0.0,,,0,0,996.0,,,,,,,,,,,,,,,,,,,,,,,,,,,,,,0,0,0,1,0,0,0,0,0,0,0,0,0,0,0,0,0,0,1,0,0,0,0,0,0,0,0,0,0,0,1,1,0,0,0,,0,0,0,0,0,0,0,0,0,0,1,0,0,0,0,0,,,,,,31-35,26-35,State route,U,Wednesday,,MHTRUCK,Not Fatal,1,0,0,0,State Route,State Patrol,Washington State Patrol,0,1,0,0,0,,,,,,0.0,0.0,0.0,,,,,,,,,,,98.0,98.0,98.0,0.0,,,,,20.0,,,,,,,,,1.0,0.0,,,,,,,98823
3366,2021,121,EB26318,13.0,04/20/2021,16:09,20,4,,9,Clallam,0,1,,1,1,2,1,0,1,1,,,,38,0,0,,1,0,1,5,1,2,4,0,0,0,0,CR-MOUNT PLEASANT RD,,-123.3651111,48.086125,0,1,1,13,2,35,4,0,0,1,2,38,1,1,2,1,1,1,1,53,0,49,40,2012,0,,63,38.0,1.0,38.0,42.0,,1,1,57,1,7.0,,4,7,3,0,11,0,04/20/2021,16:09,53019264.0,19264.0,0.0,0.0,0.0,3.0,1,0,,,,6,,,,,,98,,,,,,98362.0,53,67.0,190.0,6.0,1.0,0.0,0.0,0.0,0.0,,0,,,,,,3,,,20,0,0,0,0.0,9,8,,,0,,,9,8,2.0,1.0,,,1.0,,,2,1,0.0,,,,,,,,,,,,,,,,,,,,,,,,,,,,,,0,0,1,0,0,0,0,0,0,0,0,0,1,0,0,0,1,0,0,0,0,0,0,0,0,0,0,0,0,1,0,0,0,0,0,,1,0,0,0,0,0,0,0,1,1,0,0,0,0,0,0,,,,,,56-60,56-65,County road,R,Tuesday,Belt Used,PV,AIAN,0,1,0,0,County Road,County Sheriff,Clallam County Sheriff's Office,1,0,1,0,0,,,,,,0.0,0.0,0.0,,,,,,,,,,,98.0,98.0,98.0,3.0,,,,,20.0,,,,,,,,,1.0,0.0,,,MT. PLEASANT RD.,4.4,,,98362
3367,2021,122,EB26420,11.0,04/24/2021,0:00,24,4,,5,Benton,0,10,,2,1,2,1,0,1,1,,,,1,0,0,2.8,1,0,1,5,2,2,4,0,0,0,0,CR-S CLODFELTER RD,,-119.2641528,46.171994444,0,1,6,12,2,50,4,0,0,1,2,1,2,2,2,1,14,1,0,53,0,30,40,2002,0,,68,64.0,1.0,,,,1,1,24,1,7.0,,4,0,2,0,11,5,04/24/2021,4:17,185053019991.0,19991.0,0.0,0.0,0.0,3.0,1,0,,,,96,,,,,,98,,,,,,99338.0,53,70.0,230.0,6.0,1.0,0.0,0.0,0.0,0.0,,0,,,,,,4,,,8,1,9,0,0.0,9,8,,,0,,,8,8,2.0,1.0,,,1.0,,,2,1,0.192,,,,,,,,,,,,,,,,,,,,,,,,,,,,,,0,0,1,0,1,1,0,1,0,0,0,0,1,0,0,0,0,0,0,0,0,0,0,1,1,0,0,0,0,1,0,0,0,0,0,,1,0,0,0,0,1,0,1,0,1,0,0,0,1,0,1,,,,,,21-25,16-25,County road,U,Saturday,Belt Used,PV,White,0,1,0,0,County Road,County Sheriff,Benton County Sheriff's Office,1,0,1,0,0,,,,,,0.0,0.0,0.0,,,,,,,,,,,98.0,98.0,98.0,1.0,,,,,20.0,,,,,,,,,1.0,0.0,,,CLODFELTER RD,2.77,,,99338
3368,2021,123,EB26803,3.0,04/25/2021,20:49,25,4,,53,Pierce,0,10,,5,1,2,1,0,2,2,,,,12,0,11,41.4,1,0,1,3,1,1,3,0,0,0,0,SR-7,,-122.3691556,47.012383333,0,1,98,8,1,55,4,0,0,1,2,12,1,1,2,1,6,1,1,53,0,37,31,1996,0,,68,12.0,,,,,1,1,30,1,0.0,,2,0,3,0,11,0,,,,,0.0,0.0,0.0,2.0,1,28,35.0,,,96,,,,,,9,,,,,,98387.0,53,69.0,130.0,6.0,1.0,0.0,0.0,0.0,0.0,,1,,,,,,4,,,20,0,0,0,8.0,9,8,,,0,,,1,8,8.0,95.0,,,96.0,,,8,95,995.0,,,,,,,,,,,,,,,,,,,,,,,,,,,,,,0,0,0,0,0,0,1,1,1,0,0,0,1,0,0,0,0,0,0,0,0,0,0,0,0,0,0,0,1,1,0,0,0,0,0,,0,0,0,0,0,0,0,0,0,1,0,0,0,0,0,0,,,,,,26-30,26-35,State route,R,Sunday,Belt Used,PV,Not Fatal,0,1,1,0,State Route,State Patrol,Washington State Patrol,0,1,0,0,0,,,,,,0.0,0.0,0.0,,,,,,,,,,,0.0,0.0,0.0,0.0,,,,,20.0,,,,,,,,,1.0,0.0,,,,,,,98387
3369,2021,123,EB26803,3.0,04/25/2021,20:49,25,4,,53,Pierce,0,10,,5,1,2,1,0,2,2,,,,12,0,11,41.4,1,0,1,3,1,1,3,0,0,0,0,SR-7,,-122.3691556,47.012383333,0,2,98,62,4,55,80,0,0,1,2,12,1,1,2,1,1,1,1,53,0,72,706,2004,0,,12,,,,,,1,1,58,1,7.0,,4,7,20,7,11,0,04/25/2021,20:49,53023130.0,23130.0,0.0,0.0,3.0,3.0,1,0,,,,96,,,,,,98,,,,,,98580.0,53,71.0,190.0,6.0,1.0,0.0,0.0,0.0,0.0,,0,,,,,,0,,,20,8,0,0,0.0,9,8,,,0,,,8,8,2.0,695.0,605.0,,1.0,1.0,,2,1,0.0,,,,,,,,,,,,,,,,,,,,,,,,,,,,,,0,0,0,0,0,0,1,1,1,0,0,0,1,0,0,0,0,0,0,0,0,0,0,0,0,0,0,0,1,1,0,0,0,0,1,0.0,0,0,0,0,0,0,1,1,0,0,0,0,0,0,1,0,,,,,,56-60,56-65,State route,R,Sunday,,MC,White,0,1,1,0,State Route,State Patrol,Washington State Patrol,0,1,0,0,0,thc,20.0,carboxy-thc,40.0,,0.0,0.0,0.0,,,,,,,,,,,0.0,0.0,0.0,1.0,,,,,19.0,,,,,,,,nms,1.0,0.0,,,,,,,98387
3370,2021,124,EB27240,5.0,04/24/2021,7:49,24,4,,15,Cowlitz,0,2,,1,2,2,3,1,4,3,,,,14,0,0,45.6,1,0,1,1,1,1,1,0,0,0,0,I-5,,-122.88855,46.224694444,0,1,11,11,2,70,4,0,0,1,2,14,1,1,3,3,1,1,2,53,0,34,34,2011,0,,63,14.0,8.0,14.0,,,1,1,43,2,0.0,,3,0,99,7,11,0,,,,,0.0,0.0,0.0,3.0,1,0,,,,96,,,,,,9,,,,,,98635.0,53,65.0,180.0,6.0,1.0,0.0,0.0,0.0,0.0,,1,,,,,,0,,,8,0,0,0,8.0,9,8,,,0,,,1,8,2.0,321.0,337.0,351.0,1.0,1.0,1.0,2,1,0.0,,,,,,,,,,,,,,,,,,,,,,,,,,,,,,0,0,0,0,0,0,1,1,0,1,0,1,0,0,0,0,0,0,0,0,0,0,0,0,0,0,0,0,0,1,1,1,0,0,0,,0,0,0,0,0,0,1,1,0,0,0,0,0,0,1,0,,,,,,41-45,36-45,Interstate,R,Saturday,Unknown,PV,Not Fatal,0,1,0,0,State Route,State Patrol,Washington State Patrol,1,1,0,0,0,,,,,,0.0,0.0,0.0,1.0,1.0,1.0,,,352.0,996.0,124.0,996.0,,98.0,98.0,98.0,0.0,,,,,20.0,,,,,,,,,1.0,14.0,,,,,,,98626
3371,2021,125,EB04562,14.0,02/08/2021,11:12,8,2,,11,Clark,0,10,,1,2,2,1,0,3,2,,,,12,0,6,,2,0,2,5,1,2,4,0,0,3,3,CR-NE 199TH ST,NE 72ND AVE,-122.5996028,45.765755556,0,1,82,15,2,50,14,0,0,1,2,12,1,1,2,1,11,1,1,53,0,20,404,2008,0,,12,,,,,,1,1,47,1,7.0,,4,0,3,0,11,5,02/17/2021,20:20,237053010852.0,10852.0,0.0,0.0,0.0,2.0,1,39,,,,96,,,,,,9,,,,,,98663.0,53,77.0,255.0,1.0,1.0,0.0,0.0,0.0,0.0,,0,,,,,,0,07/15/2016,06/15/2020,99,0,0,0,0.0,9,8,,,0,,,8,1,2.0,695.0,605.0,401.0,1.0,1.0,1.0,2,1,0.147,,,,,,,,,,,,,,,,,,,,,,,,,,,,,,0,0,0,1,1,1,1,1,1,0,0,0,0,1,0,0,0,0,0,0,0,0,0,0,0,0,0,0,0,1,0,0,0,0,0,,1,0,0,0,0,1,1,1,0,0,0,1,0,0,0,1,,,,,,46-50,46-55,County road,R,Monday,Belt Used,PV,White,1,0,0,0,County Road,County Sheriff,Clark County Sheriff's Office,0,0,1,0,0,thc,1.4,carboxy-thc,33.0,,0.0,0.0,6.0,1.0,,,,,417.0,,,,,98.0,98.0,98.0,1.0,,,,,20.0,,,,,,,,nms,1.0,0.0,,,NE 199TH ST,0.0,NE 72ND AVE,7.27,98604
3372,2021,125,EB04562,14.0,02/08/2021,11:12,8,2,,11,Clark,0,10,,1,2,2,1,0,3,2,,,,12,0,6,,2,0,2,5,1,2,4,0,0,3,3,CR-NE 199TH ST,NE 72ND AVE,-122.5996028,45.765755556,0,2,83,66,4,50,15,0,0,1,5,12,1,1,4,1,1,2,1,53,0,23,421,2006,0,,12,,,,,,1,1,41,8,0.0,,1,0,3,0,11,8,,,,,0.0,0.0,0.0,3.0,1,0,,,,96,,,,,,98,,,,,,98629.0,53,74.0,280.0,6.0,1.0,0.0,1.0,0.0,0.0,,0,,,,,,0,05/15/2020,05/15/2020,8,0,0,0,8.0,9,8,,,0,,,8,8,8.0,95.0,,,96.0,,,8,95,995.0,,,,,,,,,,,,,,,,,,,,,,,,,,,,,,0,0,0,1,1,1,1,1,1,0,0,0,0,1,0,0,0,0,0,0,0,0,0,0,0,0,0,0,0,1,0,0,0,0,0,,0,0,0,0,0,0,0,0,0,0,0,0,0,0,0,0,,,,,,41-45,36-45,County road,R,Monday,Belt Used,PV,Not Fatal,1,0,0,0,County Road,County Sheriff,Clark County Sheriff's Office,0,0,1,0,0,,,,,,0.0,0.0,0.0,,,,,,,,,,,98.0,98.0,98.0,0.0,,,,,20.0,,,,,,,,,1.0,0.0,,,NE 199TH ST,0.0,NE 72ND AVE,7.27,98604
3373,2021,126,EB28603,5.0,05/09/2021,0:14,9,5,,15,Cowlitz,0,1,,2,1,2,1,1,1,1,,,,8,0,0,4.2,1,0,1,3,2,1,3,0,0,0,0,SR-432,,-122.9807583,46.133663889,0,1,13,80,5,50,4,0,0,1,5,8,1,1,3,1,1,1,2,53,0,59,32,1996,0,,8,,,,,,1,1,22,1,0.0,,0,0,3,0,11,0,,,,,0.0,0.0,3.0,3.0,1,0,,,,96,,,,,,98,,,,,,98632.0,53,75.0,130.0,6.0,1.0,0.0,0.0,0.0,3.0,,0,,,,,,0,09/15/2020,05/15/2020,20,0,0,0,8.0,9,8,,,0,,,8,8,0.0,0.0,,,0.0,,,0,0,996.0,,,,,,,,,,,,,,,,,,,,,,,,,,,,,,0,0,0,0,0,0,0,0,0,0,0,0,0,0,0,0,0,0,0,0,0,0,0,1,1,0,0,0,0,1,0,1,0,0,0,,0,0,0,0,0,0,0,0,0,0,0,0,0,0,0,0,,,,,,21-25,16-25,State route,U,Sunday,Belt Used,PV,Not Fatal,0,0,0,0,State Route,State Patrol,Washington State Patrol,0,1,0,0,0,,,,,,0.0,0.0,2.0,,,,,,,,,,,0.0,0.0,0.0,0.0,,,,,20.0,,,,,,,,,1.0,0.0,,,,,,,98632
3374,2021,128,EB28873,2.0,05/05/2021,22:03,5,5,,57,Skagit,0,10,,2,1,2,1,0,1,1,,,,42,0,0,42.8,1,0,1,5,1,1,3,0,0,0,0,SR-9,,-122.2031861,48.347094444,0,1,6,12,2,50,80,0,0,1,2,42,2,1,2,1,14,1,2,53,0,76,706,2007,0,,68,64.0,42.0,2.0,,,1,1,37,1,7.0,,4,7,20,7,11,0,05/05/2021,22:03,53022012.0,22012.0,0.0,0.0,3.0,2.0,1,0,,,,96,,,,,,9,,,,,,98274.0,53,70.0,175.0,1.0,1.0,0.0,1.0,0.0,1.0,,0,,,,,,4,11/15/2019,01/15/2020,20,8,0,0,0.0,9,8,,,0,,,1,8,2.0,401.0,417.0,151.0,15.0,15.0,15.0,2,7,0.0,,,,,,,,,,,,,,,,,,,,,,,,,,,,,,0,0,1,0,0,0,1,1,0,0,0,0,1,1,1,0,0,0,0,0,0,0,0,0,0,0,0,0,1,0,0,0,0,0,1,0.0,0,0,0,0,0,0,1,1,0,1,0,1,0,0,1,0,,,,,,36-40,36-45,State route,R,Wednesday,,MC,White,0,1,0,0,State Route,State Patrol,Washington State Patrol,1,1,0,0,0,,,,,,0.0,0.0,2.0,15.0,,,,,996.0,,,,,0.0,0.0,0.0,1.0,,,,,5.0,,,,,,,,,1.0,0.0,,,,,,,98274
3375,2021,129,3835780,263.0,04/11/2021,18:59,11,4,,33,King,1960,1,,1,1,2,1,1,1,1,,,,9,1,0,0.0,1,0,1,5,2,4,6,0,0,0,0,SEWARD PARK AVE S,,-122.2638694,47.544625,0,1,13,10,2,25,8,0,0,1,5,9,1,4,2,1,1,99,9,99,0,35,399,9999,0,,68,9.0,,,,,1,1,999,9,0.0,,9,0,99,7,11,0,,,,,99.0,9.0,9.0,9.0,1,0,,,,92,,,,,,98,,,,,,99999.0,99,,999.0,9.0,9.0,99.0,99.0,99.0,99.0,,97,,,,,,0,,,99,9,0,0,8.0,9,8,,,0,,,8,8,0.0,0.0,,,0.0,,,0,0,996.0,,,,,,,,,,,,,,,,,,,,,,,,,,,,,,0,0,0,0,0,0,0,0,0,0,0,0,0,0,0,0,1,0,0,0,0,0,0,0,0,0,0,0,0,1,0,0,1,0,0,,0,0,0,0,0,0,0,0,1,0,0,0,0,0,0,0,,,,,,,,City street,U,Sunday,Unknown,PV,Not Fatal,0,0,0,0,City Street,Municipal/City Police,Seattle Police Department,0,0,0,1,0,,,,,,99.0,99.0,99.0,,,,,,,,,,,98.0,98.0,98.0,0.0,,,,,20.0,,,,,,,,,1.0,0.0,,,,,,,98118
3376,2021,130,EB29229,8.0,04/18/2021,1:15,18,4,,45,Mason,0,1,,3,1,2,1,0,1,1,,,,30,0,0,338.5,1,0,1,3,1,1,2,0,0,0,0,US-101,,-123.1812583,47.300811111,0,1,1,13,2,55,4,0,0,1,2,3,1,2,2,1,1,1,1,53,0,55,35,2010,0,,63,30.0,1.0,3.0,,,1,1,77,1,7.0,,4,7,3,0,11,0,04/18/2021,1:15,53018367.0,18367.0,0.0,0.0,0.0,3.0,1,0,,,,96,,,,,,9,,,,,,98503.0,53,62.0,125.0,6.0,1.0,0.0,0.0,0.0,0.0,,0,,,,,,0,,,20,0,0,0,0.0,9,8,,,0,,,1,1,2.0,1.0,,,1.0,,,2,1,0.0,,,,,,,,,,,,,,,,,,,,,,,,,,,,,,0,0,1,0,1,0,0,0,0,0,0,0,0,0,0,0,0,0,0,0,0,0,0,0,0,1,1,1,0,1,0,0,0,0,0,,1,0,0,0,0,0,0,0,0,0,0,0,0,0,0,1,,,,,,76-80,76+,US highway,R,Sunday,Belt Used,PV,White,0,1,0,0,State Route,State Patrol,Washington State Patrol,1,1,0,0,0,,,,,,0.0,0.0,0.0,,,,,,,,,,,98.0,98.0,98.0,1.0,,,,,20.0,,,,,,,,,1.0,0.0,,,,,,,98584