,year,case,par,repjur,crash_dt,crash_tm,accday,accmon,holiday,county,co_char,city,weather,weather2,lightcond,surfcond,surftype,numfatal,nmforms,pforms,vforms,not_tm,arr_tm,hosp_tm,fhevent,hitrun,manncol,milepnt,reljunc,reljuncinter,intersectiontype,funcsystem,landuse,ownership,route,schlbus,spejur,contdev,devfunc,trafid1,trafid2,x,y,wk_zone,vnumber,crashtype,criticalevent,criticaleventcat,spdlim,body,trailer,emerg,hazcargo,leave,mhevent,roadalgn,roadprof,traflane,trafflow,vehmanvr,numoccs,regowner,regstate,spuse,make,model,modelyr,vrf1,vrf2,seqevent1,seqevent2,seqevent3,seqevent4,seqevent5,seqevent6,pnumber,ptype,age,sex,hispanic,race,injury,diedscene,restraint,restraintmisuse,seatpos,takehosp,death_dt,death_tm,cert,cernum_wa,commlic,licendor,licrestrict,liccomp,drivpres,drf1,drf2,drf3,drf4,distract1,distract2,distract3,distract4,distract5,distract6,dricond1,dricond2,dricond3,dricond4,dricond5,dricond6,dzip,licstate,drhgt_in,weight,noncdl,noncdltype,prevdwi,prevoth,prevacc,prevspd,prevsus,driviol1,driviol2,driviol3,driviol4,driviol5,driviol6,spdrel,first_dt,last_dt,airbag,ejection,ejectpath,extricat,injurwrk,methalc,methdrug,nmlocat,strikveh,prf1,prf2,prf3,druginv,alcinvol,drugsts,drugres1,drugres2,drugres3,drugtst1,drugtst2,drugtst3,alcsts,alctst,alcres,nmact1,nmact2,nmact3,nmact4,nmact5,nmact6,nmprior1,nmprior2,nmprior3,nmprior4,nmprior5,nmprior6,nmcond1,nmcond2,nmcond3,nmcond4,nmcond5,nmcond6,nmsafe_helmet,nmsafe_pads,nmsafe_oth,nmprev_ref,nmprev_lgt,nmprev_oth,crashlocation,nmcrashtype,crosswalk,schoolzone,sidewalk,train_inv,wildlife_inv,rotr_fars,intersect_fars,dd_inv,aid_inv,dpd_inv,id_inv,mj_inv,impnm_inv,ainm_inv,dpnm_inv,speed_inv,unlic_inv,unendmc_inv,drowsy_inv,drdist_inv,nmdist_inv,fty_inv,unrestfat_inv,dr1617_inv,dr1820_inv,dr1620_inv,dr2125_inv,dr1625_inv,dr65_inv,dr70_inv,dr75_inv,mc_inv,pv_inv,ht_inv,ped_inv,bike_inv,unrest_fat,mc_fat,unhelmet_mc,pv_fat,ht_fat,ped_fat,bike_fat,dr_alc7,dr_alc8,dr_drug,dr_imp,dr_dist,dr_spd,dr_fty,dr_unlic,dr_alc7only,dr_alc8only,dr_drugonly,dr_drink,nm_imp,nm_alc7,nm_alc8,nm_drug,nm_dist,agegrp1,agegrp2,roadclass,urbrur,dayweek,restuse,vehtype,race_me,intersect,lanedep,oppdir,wrongway,rep_typ,investag,repag_long,rotr,st_rd,cty_rd,city_rd,oth_rd,drug_thc,thc_res,drug_cthc,cthc_res,drug_cann,prevpersemin,prevperse,prevsusoth,drugtst4,drugtst5,drugtst6,drugtst7,drugtst8,drugres4,drugres5,drugres6,drugres7,drugres8,adspresent,adsengaged,adslevel,race1,race2,race3,race4,race5,helmet,helmetmisuse,nmdistract1,nmdistract2,nmdistract3,nmdistract4,nmdistract5,nmdistract6,lab,isedtcase,crf1,crf2,crf3,CoRoadName,CoMP,IntCoRoadName,IntCoMP,zipcode
3414,2021,158,EB34650,5.0,05/29/2021,23:00,29,5,,11,Clark,1860,1,,3,1,2,1,0,4,4,,,,12,0,1,13.8,1,0,1,1,1,1,1,0,0,0,0,I-5,,-122.6830889,45.810177778,0,1,98,9,1,70,80,0,0,1,2,1,1,1,4,3,1,1,1,53,0,53,706,2014,0,,1,12.0,,,,,1,1,29,2,7.0,,4,7,20,7,11,0,05/29/2021,23:00,186053026469.0,26469.0,0.0,0.0,3.0,2.0,1,0,,,,96,,,,,,98,,,,,,98629.0,53,66.0,130.0,1.0,1.0,1.0,0.0,0.0,0.0,,0,,,,,,4,05/15/2021,05/15/2021,20,8,0,0,0.0,9,8,,,0,,,8,8,0.0,0.0,,,0.0,,,0,0,996.0,,,,,,,,,,,,,,,,,,,,,,,,,,,,,,0,0,0,0,0,0,0,0,0,0,0,0,1,1,1,0,0,0,0,0,0,0,0,1,1,0,0,0,1,1,0,0,0,0,1,0.0,0,0,0,0,0,0,0,0,0,1,0,1,0,0,0,0,,,,,,26-30,26-35,Interstate,R,Saturday,,MC,White,0,0,0,0,State Route,State Patrol,Washington State Patrol,0,1,0,0,0,,,,,,0.0,1.0,0.0,,,,,,,,,,,0.0,0.0,0.0,1.0,,,,,5.0,,,,,,,,,1.0,0.0,,,,,,,
3415,2021,158,EB34650,5.0,05/29/2021,23:00,29,5,,11,Clark,1860,1,,3,1,2,1,0,4,4,,,,12,0,1,13.8,1,0,1,1,1,1,1,0,0,0,0,I-5,,-122.6830889,45.810177778,0,2,24,9,1,70,80,0,0,1,2,12,1,1,4,3,1,1,1,53,0,98,706,2021,0,,12,,,,,,1,1,41,1,0.0,,3,0,20,7,11,0,,,,,0.0,0.0,0.0,3.0,1,0,,,,96,,,,,,98,,,,,,98629.0,53,65.0,120.0,6.0,1.0,0.0,0.0,0.0,0.0,,0,,,,,,4,,,20,8,0,0,8.0,9,8,,,0,,,8,8,0.0,0.0,,,0.0,,,0,0,996.0,,,,,,,,,,,,,,,,,,,,,,,,,,,,,,0,0,0,0,0,0,0,0,0,0,0,0,1,1,1,0,0,0,0,0,0,0,0,1,1,0,0,0,1,1,0,0,0,0,0,0.0,0,0,0,0,0,0,0,0,0,1,0,0,0,0,0,0,,,,,,41-45,36-45,Interstate,R,Saturday,,MC,Not Fatal,0,0,0,0,State Route,State Patrol,Washington State Patrol,0,1,0,0,0,,,,,,0.0,0.0,0.0,,,,,,,,,,,98.0,98.0,98.0,0.0,,,,,5.0,,,,,,,,,1.0,0.0,,,,,,,
3416,2021,158,EB34650,5.0,05/29/2021,23:00,29,5,,11,Clark,1860,1,,3,1,2,1,0,4,4,,,,12,0,1,13.8,1,0,1,1,1,1,1,0,0,0,0,I-5,,-122.6830889,45.810177778,0,3,25,53,3,70,4,0,0,1,5,12,1,1,4,3,1,1,1,53,0,12,23,2016,0,,12,,,,,,1,1,37,2,0.0,,0,0,2,0,11,0,,,,,0.0,0.0,0.0,3.0,1,0,,,,96,,,,,,98,,,,,,98611.0,53,65.0,120.0,6.0,1.0,0.0,0.0,0.0,1.0,,0,,,,,,0,08/15/2016,08/15/2016,20,0,0,0,8.0,9,8,,,0,,,8,8,0.0,0.0,,,0.0,,,0,0,996.0,,,,,,,,,,,,,,,,,,,,,,,,,,,,,,0,0,0,0,0,0,0,0,0,0,0,0,1,1,1,0,0,0,0,0,0,0,0,1,1,0,0,0,1,1,0,0,0,0,0,,0,0,0,0,0,0,0,0,0,0,0,0,0,0,0,0,,,,,,36-40,36-45,Interstate,R,Saturday,Belt Used,PV,Not Fatal,0,0,0,0,State Route,State Patrol,Washington State Patrol,0,1,0,0,0,,,,,,0.0,0.0,0.0,,,,,,,,,,,98.0,98.0,98.0,0.0,,,,,20.0,,,,,,,,,1.0,0.0,,,,,,,
3417,2021,158,EB34650,5.0,05/29/2021,23:00,29,5,,11,Clark,1860,1,,3,1,2,1,0,4,4,,,,12,0,1,13.8,1,0,1,1,1,1,1,0,0,0,0,I-5,,-122.6830889,45.810177778,0,4,98,98,7,70,4,0,0,1,5,12,1,1,4,3,1,1,2,53,0,30,40,2019,0,,12,,,,,,1,1,25,2,0.0,,0,0,3,0,11,0,,,,,0.0,0.0,0.0,3.0,1,0,,,,96,,,,,,98,,,,,,98611.0,53,58.0,100.0,6.0,1.0,0.0,0.0,0.0,0.0,,0,,,,,,0,,,20,0,0,0,8.0,9,8,,,0,,,8,8,0.0,0.0,,,0.0,,,0,0,996.0,,,,,,,,,,,,,,,,,,,,,,,,,,,,,,0,0,0,0,0,0,0,0,0,0,0,0,1,1,1,0,0,0,0,0,0,0,0,1,1,0,0,0,1,1,0,0,0,0,0,,0,0,0,0,0,0,0,0,0,0,0,0,0,0,0,0,,,,,,21-25,16-25,Interstate,R,Saturday,Belt Used,PV,Not Fatal,0,0,0,0,State Route,State Patrol,Washington State Patrol,0,1,0,0,0,,,,,,0.0,0.0,0.0,,,,,,,,,,,98.0,98.0,98.0,0.0,,,,,20.0,,,,,,,,,1.0,0.0,,,,,,,
3418,2021,159,EB34721,3.0,05/28/2021,22:14,28,5,,53,Pierce,0,1,,2,1,2,1,0,1,1,,,,42,0,0,42.7,1,0,1,4,1,1,3,0,0,0,0,SR-507,,-122.4434806,47.067555556,0,1,6,12,2,55,4,0,0,1,2,42,2,1,2,1,14,1,1,53,0,32,43,2005,0,,68,64.0,42.0,38.0,,,1,1,39,1,7.0,,4,7,3,0,11,0,05/28/2021,22:14,53026187.0,26187.0,0.0,0.0,0.0,3.0,1,0,,,,96,,,,,,9,,,,,,98580.0,53,73.0,185.0,6.0,1.0,0.0,0.0,0.0,0.0,,0,,,,,,4,,,99,0,0,0,0.0,1,8,,,0,,,1,1,2.0,1.0,,,1.0,,,2,1,0.204,,,,,,,,,,,,,,,,,,,,,,,,,,,,,,0,0,1,0,1,1,0,1,0,0,0,0,1,0,0,0,0,0,0,0,0,0,0,0,0,0,0,0,0,1,0,0,0,0,0,,1,0,0,0,0,1,0,1,0,1,0,0,0,1,0,1,,,,,,36-40,36-45,State route,R,Friday,Belt Used,PV,White,0,1,0,0,State Route,State Patrol,Washington State Patrol,1,1,0,0,0,,,,,,0.0,0.0,0.0,,,,,,,,,,,98.0,98.0,98.0,1.0,,,,,20.0,,,,,,,,,1.0,0.0,,,,,,,98404
3419,2021,160,EB35004,5.0,05/30/2021,21:48,30,5,,59,Skamania,0,1,,2,1,2,1,0,1,1,,,,39,0,0,25.6,1,0,1,3,1,1,3,0,0,0,0,SR-14,,-122.1888056,45.586741667,0,1,2,9,1,50,4,0,0,1,2,39,3,2,2,1,14,1,1,53,0,63,34,2008,0,,63,39.0,67.0,1.0,68.0,64.0,1,1,27,1,7.0,,4,7,3,0,11,0,05/30/2021,21:48,53026338.0,26338.0,0.0,0.0,0.0,2.0,1,0,,,,96,,,,,,98,,,,,,98610.0,53,68.0,145.0,1.0,1.0,0.0,2.0,1.0,0.0,,0,,,,,,4,12/15/2017,11/15/2019,1,2,9,0,0.0,9,8,,,0,,,8,8,2.0,1.0,,,1.0,,,2,1,0.173,,,,,,,,,,,,,,,,,,,,,,,,,,,,,,0,0,0,0,1,1,0,1,0,0,0,0,1,1,0,0,0,0,0,0,0,0,0,0,0,0,0,0,0,1,0,0,0,0,0,,1,0,0,0,0,1,0,1,0,1,0,1,0,1,0,1,,,,,,26-30,26-35,State route,R,Sunday,Belt Used,PV,White,0,1,0,0,State Route,State Patrol,Washington State Patrol,1,1,0,0,0,,,,,,0.0,0.0,3.0,,,,,,,,,,,98.0,98.0,98.0,1.0,,,,,20.0,,,,,,,,,1.0,0.0,,,,,,,98671
3420,2021,161,EB35140,278.0,05/29/2021,23:41,29,5,,63,Spokane,2110,1,,3,1,2,2,0,5,3,,,,12,0,6,273.3,1,0,1,3,2,1,2,0,0,0,0,US-2,,-117.5159528,47.643088889,0,1,66,10,2,55,14,0,0,1,5,12,1,1,4,1,1,2,1,30,0,48,401,2008,0,,68,12.0,1.0,12.0,,,1,1,41,2,7.0,,4,7,20,7,11,0,05/29/2021,23:41,211053026822.0,26822.0,99.0,9.0,9.0,9.0,1,28,,,,92,,,,,,98,,,,,,59829.0,30,,999.0,9.0,9.0,99.0,99.0,99.0,99.0,,0,,,,,,0,,,20,2,9,0,0.0,9,8,,,0,,,8,8,0.0,0.0,,,0.0,,,0,0,996.0,,,,,,,,,,,,,,,,,,,,,,,,,,,,,,0,0,0,0,0,0,0,0,0,0,0,0,0,0,0,0,1,0,0,1,0,0,0,0,0,1,0,0,0,1,0,0,0,1,0,,1,0,0,0,0,0,0,0,1,0,0,0,0,0,0,0,,,,,,41-45,36-45,US highway,U,Saturday,Not Used,PV,White,0,1,1,0,State Route,Municipal/City Police,Spokane Police Department,0,1,0,0,0,,,,,,99.0,99.0,99.0,,,,,,,,,,,98.0,98.0,98.0,1.0,,,,,20.0,,,,,,,,,1.0,0.0,,,,,,,99224
3421,2021,161,EB35140,278.0,05/29/2021,23:41,29,5,,63,Spokane,2110,1,,3,1,2,2,0,5,3,,,,12,0,6,273.3,1,0,1,3,2,1,2,0,0,0,0,US-2,,-117.5159528,47.643088889,0,2,66,62,4,55,4,0,0,1,2,12,1,1,4,1,1,1,2,53,0,42,48,2011,0,,12,,,,,,1,1,41,1,0.0,,2,0,3,0,11,0,,,,,0.0,0.0,0.0,3.0,1,0,,,,96,,,,,,98,,,,,,99216.0,53,75.0,214.0,6.0,1.0,0.0,0.0,0.0,1.0,,0,,,,,,0,10/15/2019,10/15/2019,8,0,0,0,8.0,9,8,,,0,,,8,8,0.0,0.0,,,0.0,,,0,0,996.0,,,,,,,,,,,,,,,,,,,,,,,,,,,,,,0,0,0,0,0,0,0,0,0,0,0,0,0,0,0,0,1,0,0,1,0,0,0,0,0,1,0,0,0,1,0,0,0,0,0,,0,0,0,0,0,0,0,0,0,0,0,0,0,0,0,0,,,,,,41-45,36-45,US highway,U,Saturday,Belt Used,PV,Not Fatal,0,1,1,0,State Route,Municipal/City Police,Spokane Police Department,0,1,0,0,0,,,,,,0.0,0.0,0.0,,,,,,,,,,,98.0,98.0,98.0,0.0,,,,,20.0,,,,,,,,,1.0,0.0,,,,,,,99224
3422,2021,161,EB35140,278.0,05/29/2021,23:41,29,5,,63,Spokane,2110,1,,3,1,2,2,0,5,3,,,,12,0,6,273.3,1,0,1,3,2,1,2,0,0,0,0,US-2,,-117.5159528,47.643088889,0,3,98,62,4,55,14,0,0,1,2,12,1,1,4,1,1,2,1,53,0,52,402,2011,0,,12,,,,,,1,1,65,1,0.0,,2,0,3,0,11,5,,,,,0.0,0.0,0.0,3.0,1,0,,,,96,,,,,,98,,,,,,98387.0,53,62.0,186.0,6.0,1.0,0.0,0.0,0.0,0.0,,0,,,,,,0,,,8,0,0,0,8.0,9,8,,,0,,,8,8,0.0,0.0,,,0.0,,,0,0,996.0,,,,,,,,,,,,,,,,,,,,,,,,,,,,,,0,0,0,0,0,0,0,0,0,0,0,0,0,0,0,0,1,0,0,1,0,0,0,0,0,1,0,0,0,1,0,0,0,0,0,,0,0,0,0,0,0,0,0,0,0,0,0,0,0,0,0,,,,,,61-65,56-65,US highway,U,Saturday,Belt Used,PV,Not Fatal,0,1,1,0,State Route,Municipal/City Police,Spokane Police Department,0,1,0,0,0,,,,,,0.0,0.0,0.0,,,,,,,,,,,98.0,98.0,98.0,0.0,,,,,20.0,,,,,,,,,1.0,0.0,,,,,,,99224
3423,2021,162,EB35883,22.0,05/31/2021,15:22,31,5,,45,Mason,0,1,,1,1,2,1,1,1,1,,,,8,0,0,,1,0,1,6,1,2,4,0,0,0,0,CR-E SATSOP RD W,,-123.4723972,47.088969444,0,1,13,80,5,45,34,1,0,1,5,8,4,2,2,1,14,1,1,53,0,20,481,2018,0,,8,,,,,,1,1,45,1,0.0,,0,0,3,0,11,0,,,,,0.0,0.0,0.0,3.0,1,0,,,,96,,,,,,98,,,,,,98563.0,53,76.0,220.0,6.0,1.0,0.0,0.0,0.0,1.0,,0,,,,,,0,10/15/2019,10/15/2019,20,0,0,0,8.0,9,8,,,0,,,8,8,0.0,0.0,,,0.0,,,0,0,996.0,,,,,,,,,,,,,,,,,,,,,,,,,,,,,,0,0,0,0,0,0,0,0,0,0,0,0,0,0,0,0,0,0,0,0,0,0,0,0,0,0,0,0,0,1,0,1,0,0,0,,0,0,0,0,0,0,0,0,0,0,0,0,0,0,0,0,,,,,,41-45,36-45,County road,R,Monday,Belt Used,PV,Not Fatal,0,0,0,0,County Road,County Sheriff,Grays Harbor County Sheriff's Offic,0,0,1,0,0,,,,,,0.0,0.0,0.0,,,,,,,,,,,98.0,98.0,98.0,0.0,,,,,20.0,,,,,,,,,1.0,0.0,,,MIDDLE SATSOP RD,7.1,,,
3424,2021,163,EB35531,1.0,05/15/2021,1:30,15,5,,77,Yakima,0,1,,3,1,7,1,1,4,3,,,,12,0,1,5.3,1,0,1,4,2,1,3,0,0,50,3,SR-823,,-120.4884333,46.679797222,1,1,20,50,3,55,4,0,0,1,2,8,1,2,1,1,1,3,1,53,0,30,46,2006,0,,12,63.0,8.0,14.0,,,1,1,21,8,0.0,,1,0,3,0,11,0,,,,,0.0,0.0,0.0,0.0,1,0,,,,96,,,,,,9,,,,,,98948.0,53,,999.0,0.0,0.0,0.0,0.0,0.0,0.0,,97,,,,,,0,,,1,0,0,0,8.0,1,8,,,0,,,8,1,2.0,695.0,,,1.0,,,2,1,0.21,,,,,,,,,,,,,,,,,,,,,,,,,,,,,,0,0,0,0,1,1,1,1,1,1,0,1,0,1,0,0,0,0,0,0,0,0,0,1,1,0,0,0,0,1,1,1,0,0,0,,0,0,0,0,0,1,1,1,0,0,0,1,0,0,0,1,,,,,,21-25,16-25,State route,U,Saturday,Belt Used,PV,Not Fatal,0,0,0,0,State Route,State Patrol,Washington State Patrol,0,1,0,0,0,thc,1.3,carboxy-thc,17.0,,0.0,0.0,0.0,,,,,,,,,,,98.0,98.0,98.0,0.0,,,,,20.0,,,,,,,,nms,1.0,19.0,,,,,,,98942
3425,2021,163,EB35531,1.0,05/15/2021,1:30,15,5,,77,Yakima,0,1,,3,1,2,1,1,4,3,,,,12,0,1,5.3,1,0,1,4,2,1,3,0,0,50,3,SR-823,,-120.4884333,46.679797222,1,2,21,53,3,35,63,0,0,1,5,12,1,2,1,1,5,1,3,53,0,87,881,2013,0,,12,,,,,,1,1,55,1,0.0,,0,0,3,0,11,0,,,,,6.0,1.0,3.0,3.0,1,0,,,,96,,,,,,98,,,,,,98903.0,53,71.0,295.0,6.0,1.0,0.0,0.0,0.0,0.0,,0,,,,,,0,,,20,0,0,0,8.0,9,8,,,0,,,8,8,8.0,95.0,,,96.0,,,8,95,995.0,,,,,,,,,,,,,,,,,,,,,,,,,,,,,,0,0,0,0,1,1,1,1,1,1,0,1,0,1,0,0,0,0,0,0,0,0,0,1,1,0,0,0,0,1,1,1,0,0,0,,0,0,0,0,0,0,0,0,0,0,0,0,0,0,0,0,,,,,,51-55,46-55,State route,U,Saturday,,MHTRUCK,Not Fatal,0,0,0,0,State Route,State Patrol,Washington State Patrol,0,1,0,0,0,,,,,,0.0,0.0,0.0,,,,,,,,,,,98.0,98.0,98.0,0.0,,,,,20.0,,,,,,,,,1.0,19.0,,,,,,,98942
3426,2021,165,EB37724,2.0,06/01/2021,22:26,1,6,,61,Snohomish,0,1,,3,1,2,1,1,2,1,,,,8,0,0,3.6,1,0,1,3,2,1,3,0,0,0,0,SR-525,,-122.2789833,47.881275,0,1,13,80,5,40,4,0,0,1,5,8,1,1,5,1,1,2,1,53,0,34,37,1983,0,,8,,,,,,1,1,21,2,0.0,,0,0,3,0,11,0,,,,,0.0,0.0,0.0,3.0,1,0,,,,96,,,,,,98,,,,,,98204.0,53,67.0,145.0,6.0,1.0,0.0,1.0,1.0,2.0,,76,,,,,,0,06/15/2017,02/15/2019,20,0,0,0,8.0,9,8,,,0,,,8,8,0.0,0.0,,,0.0,,,0,0,996.0,,,,,,,,,,,,,,,,,,,,,,,,,,,,,,0,0,0,0,0,0,0,0,0,1,1,1,0,0,0,0,0,0,0,0,0,0,0,1,1,0,0,0,0,1,0,1,0,0,0,,0,0,0,0,0,0,0,0,0,0,0,0,0,0,0,0,,,,,,21-25,16-25,State route,U,Tuesday,Belt Used,PV,Not Fatal,0,0,0,0,State Route,State Patrol,Washington State Patrol,0,1,0,0,0,,,,,,0.0,0.0,1.0,,,,,,,,,,,0.0,0.0,0.0,0.0,,,,,20.0,,,,,,,,,1.0,0.0,,,,,,,98087
3427,2021,166,EB37822,35.0,06/09/2021,0:36,9,6,,53,Pierce,0,1,,2,1,2,1,1,2,1,,,,8,0,0,4.4,1,0,1,3,2,2,4,0,0,0,0,CR-224TH ST E,,-122.3102861,47.053258333,0,1,13,80,5,45,4,0,0,1,5,8,1,1,2,1,1,2,2,53,0,63,34,2009,0,,8,,,,,,1,1,16,1,0.0,,0,0,3,0,11,0,,,,,0.0,0.0,0.0,3.0,1,0,,,,96,,,,,,98,,,,,,98374.0,53,73.0,170.0,6.0,7.0,0.0,0.0,0.0,0.0,,0,,,,,,0,,,20,0,0,0,8.0,9,8,,,0,,,8,8,0.0,0.0,,,0.0,,,0,0,996.0,,,,,,,,,,,,,,,,,,,,,,,,,,,,,,0,0,0,0,0,0,0,0,0,1,0,1,0,0,0,0,0,0,0,0,1,0,1,0,1,0,0,0,0,1,0,1,0,0,0,,0,0,0,0,0,0,0,0,0,0,0,0,0,0,0,0,,,,,,16-17,16-25,County road,U,Wednesday,Belt Used,PV,Not Fatal,0,0,0,0,County Road,County Sheriff,Law Enforcement Support Agency,0,0,1,0,0,,,,,,0.0,0.0,0.0,,,,,,,,,,,98.0,98.0,98.0,0.0,,,,,20.0,,,,,,,,,1.0,0.0,,,224 ST E,4.38,,,98338
3428,2021,167,EB37833,160.0,06/08/2021,14:18,8,6,,33,King,1030,1,,1,1,2,1,1,1,1,,,,15,0,0,0.2,2,0,2,3,2,1,3,0,0,3,3,SR-181,WASHINGTON AVE N,-122.2473611,47.381347222,0,1,13,83,5,30,66,1,0,1,5,15,1,1,5,3,10,1,3,53,0,84,881,2000,0,,15,,,,,,1,1,72,1,0.0,,0,0,3,0,11,0,,,,,6.0,1.0,3.0,3.0,1,10,,,,0,,,,,,98,,,,,,98030.0,53,64.0,161.0,6.0,1.0,0.0,0.0,2.0,0.0,,0,,,,,,0,11/15/2017,05/15/2018,20,0,0,0,8.0,9,8,,,0,,,8,8,2.0,695.0,605.0,,1.0,1.0,,2,1,0.0,,,,,,,,,,,,,,,,,,,,,,,,,,,,,,0,0,0,1,0,0,1,1,1,1,0,1,0,0,0,0,0,0,0,0,0,0,0,0,0,1,1,0,0,0,1,1,0,0,0,,0,0,0,0,0,0,1,1,0,0,0,0,0,0,1,0,,,,,,71-75,66-75,State route,U,Tuesday,,MHTRUCK,Not Fatal,1,0,0,0,State Route,Municipal/City Police,Kent Police Department,0,1,0,0,0,thc,1.1,carboxy-thc,7.0,,1.0,0.0,0.0,,,,,,,,,,,98.0,98.0,98.0,0.0,,,,,20.0,,,,,,,,nms,1.0,0.0,,,,,,,98032
3429,2021,168,EB38015,250.0,06/09/2021,16:12,9,6,,5,Benton,1850,1,,1,1,2,1,0,4,3,,,,12,0,7,0.0,1,0,1,4,2,4,6,0,0,0,0,LESLIE RD,,-119.2607028,46.23605,0,1,47,10,2,35,4,0,0,1,5,12,2,3,3,1,6,2,1,41,0,24,7,2006,0,,12,68.0,12.0,,,,1,1,61,1,0.0,,1,0,99,7,11,0,,,,,0.0,0.0,3.0,3.0,1,33,58.0,,,96,,,,,,98,,,,,,99352.0,53,68.0,225.0,6.0,1.0,1.0,0.0,0.0,0.0,,97,,,,,,0,05/15/2019,05/15/2019,20,0,0,0,8.0,9,8,,,0,,,8,8,2.0,1.0,,,1.0,,,2,1,0.0,,,,,,,,,,,,,,,,,,,,,,,,,,,,,,0,0,0,0,0,0,0,0,0,0,0,0,0,0,0,0,0,0,0,0,0,0,0,1,1,0,0,0,0,1,0,0,0,0,0,,0,0,0,0,0,0,0,0,0,0,0,0,0,0,0,0,,,,,,61-65,56-65,City street,U,Wednesday,Unknown,PV,Not Fatal,0,0,0,0,City Street,Municipal/City Police,Richland Police Department,0,0,0,1,0,,,,,,0.0,1.0,0.0,,,,,,,,,,,98.0,98.0,98.0,0.0,,,,,20.0,,,,,,,,,1.0,0.0,,,,,,,99352
3430,2021,168,EB38015,250.0,06/09/2021,16:12,9,6,,5,Benton,1850,1,,1,1,2,1,0,4,3,,,,12,0,7,0.0,1,0,1,4,2,4,6,0,0,0,0,LESLIE RD,,-119.2607028,46.23605,0,2,98,62,4,35,14,0,0,1,5,12,3,3,3,1,14,1,1,53,0,34,402,2017,0,,12,,,,,,1,1,25,1,0.0,,0,0,99,7,11,0,,,,,0.0,0.0,3.0,3.0,1,0,,,,96,,,,,,98,,,,,,99301.0,53,63.0,178.0,6.0,1.0,0.0,1.0,1.0,0.0,,0,,,,,,0,04/15/2019,04/15/2019,20,0,0,0,8.0,9,8,,,0,,,8,8,8.0,95.0,,,96.0,,,2,1,997.0,,,,,,,,,,,,,,,,,,,,,,,,,,,,,,0,0,0,0,0,0,0,0,0,0,0,0,0,0,0,0,0,0,0,0,0,0,0,1,1,0,0,0,0,1,0,0,0,0,0,,0,0,0,0,0,0,0,0,0,0,0,0,0,0,0,0,,,,,,21-25,16-25,City street,U,Wednesday,Unknown,PV,Not Fatal,0,0,0,0,City Street,Municipal/City Police,Richland Police Department,0,0,0,1,0,,,,,,0.0,0.0,0.0,,,,,,,,,,,98.0,98.0,98.0,0.0,,,,,20.0,,,,,,,,,1.0,0.0,,,,,,,99352
3431,2021,168,EB38015,250.0,06/09/2021,16:12,9,6,,5,Benton,1850,1,,1,1,2,1,0,4,3,,,,12,0,7,0.0,1,0,1,4,2,4,6,0,0,0,0,LESLIE RD,,-119.2607028,46.23605,0,3,45,61,4,35,34,0,0,1,5,12,2,3,3,1,14,1,1,53,0,12,481,2013,0,,12,,,,,,1,1,37,2,0.0,,1,0,3,0,11,0,,,,,0.0,0.0,3.0,3.0,1,0,,,,96,,,,,,98,,,,,,99352.0,53,68.0,140.0,6.0,1.0,0.0,3.0,0.0,0.0,,0,,,,,,0,02/15/2016,10/15/2017,8,0,0,0,8.0,9,8,,,0,,,8,8,0.0,0.0,,,0.0,,,0,0,996.0,,,,,,,,,,,,,,,,,,,,,,,,,,,,,,0,0,0,0,0,0,0,0,0,0,0,0,0,0,0,0,0,0,0,0,0,0,0,1,1,0,0,0,0,1,0,0,0,0,0,,0,0,0,0,0,0,0,0,0,0,0,0,0,0,0,0,,,,,,36-40,36-45,City street,U,Wednesday,Belt Used,PV,Not Fatal,0,0,0,0,City Street,Municipal/City Police,Richland Police Department,0,0,0,1,0,,,,,,0.0,0.0,0.0,,,,,,,,,,,98.0,98.0,98.0,0.0,,,,,20.0,,,,,,,,,1.0,0.0,,,,,,,99352
3432,2021,169,EB38080,6.0,06/09/2021,10:09,9,6,,25,Grant,0,1,,1,1,2,1,0,1,1,,,,38,0,0,54.8,1,0,1,4,1,1,3,0,0,0,0,SR-28,,-119.5120694,47.357883333,0,1,6,12,2,60,1,0,0,1,2,1,1,1,4,5,1,1,1,53,0,6,43,1999,0,,68,64.0,38.0,17.0,67.0,1.0,1,1,55,1,7.0,,4,7,2,0,11,0,06/09/2021,10:09,53028351.0,28351.0,6.0,0.0,0.0,3.0,1,0,,,,96,,,,,,98,,,,,,98823.0,53,72.0,200.0,6.0,1.0,0.0,1.0,0.0,0.0,,0,,,,,,3,12/15/2020,12/15/2020,20,2,9,0,0.0,9,8,,,0,,,8,8,9.0,999.0,,,99.0,,,9,99,999.0,,,,,,,,,,,,,,,,,,,,,,,,,,,,,,0,0,1,0,0,0,0,0,0,0,0,0,1,0,0,0,0,0,0,0,0,0,0,0,0,0,0,0,0,1,0,0,0,0,0,,1,0,0,0,0,0,0,0,0,1,0,0,0,0,0,0,,,,,,51-55,46-55,State route,R,Wednesday,Belt Used,PV,White,0,1,0,0,State Route,State Patrol,Washington State Patrol,1,1,0,0,0,,,,,,0.0,0.0,0.0,,,,,,,,,,,0.0,0.0,0.0,1.0,,,,,20.0,,,,,,,,,1.0,0.0,,,,,,,98851