,year,case,par,repjur,crash_dt,crash_tm,accday,accmon,holiday,county,co_char,city,weather,weather2,lightcond,surfcond,surftype,numfatal,nmforms,pforms,vforms,not_tm,arr_tm,hosp_tm,fhevent,hitrun,manncol,milepnt,reljunc,reljuncinter,intersectiontype,funcsystem,landuse,ownership,route,schlbus,spejur,contdev,devfunc,trafid1,trafid2,x,y,wk_zone,vnumber,crashtype,criticalevent,criticaleventcat,spdlim,body,trailer,emerg,hazcargo,leave,mhevent,roadalgn,roadprof,traflane,trafflow,vehmanvr,numoccs,regowner,regstate,spuse,make,model,modelyr,vrf1,vrf2,seqevent1,seqevent2,seqevent3,seqevent4,seqevent5,seqevent6,pnumber,ptype,age,sex,hispanic,race,injury,diedscene,restraint,restraintmisuse,seatpos,takehosp,death_dt,death_tm,cert,cernum_wa,commlic,licendor,licrestrict,liccomp,drivpres,drf1,drf2,drf3,drf4,distract1,distract2,distract3,distract4,distract5,distract6,dricond1,dricond2,dricond3,dricond4,dricond5,dricond6,dzip,licstate,drhgt_in,weight,noncdl,noncdltype,prevdwi,prevoth,prevacc,prevspd,prevsus,driviol1,driviol2,driviol3,driviol4,driviol5,driviol6,spdrel,first_dt,last_dt,airbag,ejection,ejectpath,extricat,injurwrk,methalc,methdrug,nmlocat,strikveh,prf1,prf2,prf3,druginv,alcinvol,drugsts,drugres1,drugres2,drugres3,drugtst1,drugtst2,drugtst3,alcsts,alctst,alcres,nmact1,nmact2,nmact3,nmact4,nmact5,nmact6,nmprior1,nmprior2,nmprior3,nmprior4,nmprior5,nmprior6,nmcond1,nmcond2,nmcond3,nmcond4,nmcond5,nmcond6,nmsafe_helmet,nmsafe_pads,nmsafe_oth,nmprev_ref,nmprev_lgt,nmprev_oth,crashlocation,nmcrashtype,crosswalk,schoolzone,sidewalk,train_inv,wildlife_inv,rotr_fars,intersect_fars,dd_inv,aid_inv,dpd_inv,id_inv,mj_inv,impnm_inv,ainm_inv,dpnm_inv,speed_inv,unlic_inv,unendmc_inv,drowsy_inv,drdist_inv,nmdist_inv,fty_inv,unrestfat_inv,dr1617_inv,dr1820_inv,dr1620_inv,dr2125_inv,dr1625_inv,dr65_inv,dr70_inv,dr75_inv,mc_inv,pv_inv,ht_inv,ped_inv,bike_inv,unrest_fat,mc_fat,unhelmet_mc,pv_fat,ht_fat,ped_fat,bike_fat,dr_alc7,dr_alc8,dr_drug,dr_imp,dr_dist,dr_spd,dr_fty,dr_unlic,dr_alc7only,dr_alc8only,dr_drugonly,dr_drink,nm_imp,nm_alc7,nm_alc8,nm_drug,nm_dist,agegrp1,agegrp2,roadclass,urbrur,dayweek,restuse,vehtype,race_me,intersect,lanedep,oppdir,wrongway,rep_typ,investag,repag_long,rotr,st_rd,cty_rd,city_rd,oth_rd,drug_thc,thc_res,drug_cthc,cthc_res,drug_cann,prevpersemin,prevperse,prevsusoth,drugtst4,drugtst5,drugtst6,drugtst7,drugtst8,drugres4,drugres5,drugres6,drugres7,drugres8,adspresent,adsengaged,adslevel,race1,race2,race3,race4,race5,helmet,helmetmisuse,nmdistract1,nmdistract2,nmdistract3,nmdistract4,nmdistract5,nmdistract6,lab,isedtcase,crf1,crf2,crf3,CoRoadName,CoMP,IntCoRoadName,IntCoMP,zipcode
3433,2021,170,EB38174,8.0,06/07/2021,16:38,7,6,,27,Grays Harbor,0,1,,1,1,2,2,0,2,2,,,,12,0,2,39.6,1,0,1,4,1,1,3,0,0,0,0,SR-105,,-123.9581083,46.917725,0,1,50,10,2,55,4,0,0,1,2,12,1,1,2,1,1,1,1,53,0,35,47,2009,0,,68,12.0,,,,,1,1,29,1,6.0,,4,7,20,7,11,0,06/07/2021,16:38,53029632.0,29632.0,0.0,0.0,0.0,3.0,1,28,,,,92,,,,,,98,,,,,,98520.0,53,63.0,160.0,6.0,1.0,0.0,0.0,1.0,0.0,,0,,,,,,0,01/15/2021,01/15/2021,8,0,0,0,0.0,9,8,,,0,,,8,8,2.0,996.0,,,1.0,,,2,1,0.0,,,,,,,,,,,,,,,,,,,,,,,,,,,,,,0,0,0,0,0,0,1,1,0,0,0,0,0,0,0,0,1,0,0,1,0,0,0,0,0,0,0,0,0,1,0,0,0,1,0,,1,0,0,0,0,0,1,1,1,0,0,0,0,0,1,0,,,,,,26-30,26-35,State route,R,Monday,Not Used,PV,Hispanic,0,1,1,0,State Route,State Patrol,Washington State Patrol,0,1,0,0,0,,,,,,0.0,0.0,0.0,,,,,,,,,,,98.0,98.0,98.0,98.0,,,,,20.0,,,,,,,,,1.0,0.0,,,,,,,
3434,2021,170,EB38174,8.0,06/07/2021,16:38,7,6,,27,Grays Harbor,0,1,,1,1,2,2,0,2,2,,,,12,0,2,39.6,1,0,1,4,1,1,3,0,0,0,0,SR-105,,-123.9581083,46.917725,0,2,51,62,4,50,4,0,0,1,2,12,1,1,2,1,1,1,1,53,0,37,31,2009,0,,12,,,,,,1,1,45,2,7.0,,4,7,3,0,11,0,06/07/2021,16:38,53027932.0,27932.0,0.0,0.0,0.0,3.0,1,0,,,,96,,,,,,98,,,,,,98595.0,53,62.0,260.0,6.0,1.0,0.0,0.0,0.0,0.0,,0,,,,,,0,,,8,0,0,0,0.0,9,8,,,0,,,8,8,2.0,996.0,996.0,,1.0,1.0,,2,1,0.0,,,,,,,,,,,,,,,,,,,,,,,,,,,,,,0,0,0,0,0,0,1,1,0,0,0,0,0,0,0,0,1,0,0,1,0,0,0,0,0,0,0,0,0,1,0,0,0,0,0,,1,0,0,0,0,0,1,1,0,0,0,0,0,0,1,0,,,,,,41-45,36-45,State route,R,Monday,Belt Used,PV,AIAN,0,1,1,0,State Route,State Patrol,Washington State Patrol,0,1,0,0,0,,,,,,0.0,0.0,0.0,,,,,,,,,,,98.0,98.0,98.0,3.0,,,,,20.0,,,,,,,,,1.0,0.0,,,,,,,
3435,2021,171,EB38291,3.0,06/02/2021,11:23,2,6,,67,Thurston,0,1,,1,1,2,1,1,2,1,,,,9,0,0,13.4,3,0,2,2,1,1,3,0,0,0,0,SR-8,SUMMIIT LAKE RD NW,-123.1454611,47.048394444,0,1,13,83,5,60,4,0,0,1,5,9,1,1,3,2,1,2,1,53,0,49,40,2012,0,,9,,,,,,1,1,50,1,0.0,,0,0,3,0,11,0,,,,,0.0,0.0,0.0,3.0,1,0,,,,96,,,,,,98,,,,,,98226.0,53,70.0,200.0,6.0,1.0,0.0,0.0,0.0,0.0,,0,,,,,,0,,,20,0,0,0,8.0,9,8,,,0,,,8,8,0.0,0.0,,,0.0,,,0,0,996.0,,,,,,,,,,,,,,,,,,,,,,,,,,,,,,0,0,0,1,0,0,0,0,0,0,0,0,0,0,0,0,0,0,0,0,0,0,0,0,0,0,0,0,0,1,0,0,1,0,0,,0,0,0,0,0,0,0,0,0,0,0,0,0,0,0,0,,,,,,46-50,46-55,State route,R,Wednesday,Belt Used,PV,Not Fatal,1,0,0,0,State Route,State Patrol,Washington State Patrol,0,1,0,0,0,,,,,,0.0,0.0,0.0,,,,,,,,,,,98.0,98.0,98.0,0.0,,,,,20.0,,,,,,,,,1.0,0.0,,,,,,,98502
3436,2021,172,EB38485,127.0,06/08/2021,17:19,8,6,,33,King,735,1,,1,1,2,1,0,2,2,,,,12,0,1,2.7,3,0,4,3,2,1,3,0,0,0,0,SR-99,1ST AVE S,-122.3347944,47.266063889,0,1,24,51,3,50,67,0,0,1,2,12,1,8,4,1,1,1,1,53,0,12,880,2011,0,,12,,,,,,1,1,64,1,7.0,,4,7,3,0,11,0,06/08/2021,17:19,73553027114.0,27114.0,0.0,0.0,0.0,3.0,1,0,,,,92,,,,,,98,,,,,,98422.0,53,70.0,250.0,6.0,1.0,0.0,0.0,0.0,0.0,,0,,,,,,0,,,20,0,0,0,0.0,9,8,,,0,,,8,8,2.0,1.0,,,1.0,,,2,1,0.214,,,,,,,,,,,,,,,,,,,,,,,,,,,,,,0,0,0,1,1,1,0,1,0,0,0,0,0,0,0,0,1,0,0,0,0,0,0,0,0,1,1,1,0,0,1,0,0,0,0,,0,1,0,0,0,1,0,1,1,0,0,0,0,1,0,1,,,,,,61-65,56-65,State route,U,Tuesday,,MHTRUCK,White,1,0,0,0,State Route,Municipal/City Police,Federal Way Dept of Public Safety,0,1,0,0,0,,,,,,0.0,0.0,0.0,,,,,,,,,,,98.0,98.0,98.0,1.0,,,,,20.0,,,,,,,,,1.0,0.0,,,,,,,98003
3437,2021,172,EB38485,127.0,06/08/2021,17:19,8,6,,33,King,735,1,,1,1,2,1,0,2,2,,,,12,0,1,2.7,3,0,4,3,2,1,3,0,0,0,0,SR-99,1ST AVE S,-122.3347944,47.266063889,0,2,25,53,3,50,67,1,0,1,5,12,1,8,4,1,3,1,2,53,0,7,880,1997,0,,12,,,,,,1,1,85,1,0.0,,0,0,3,0,11,0,,,,,6.0,0.0,0.0,3.0,1,0,,,,96,,,,,,98,,,,,,98007.0,53,67.0,200.0,6.0,1.0,0.0,0.0,1.0,0.0,,0,,,,,,0,09/15/2020,09/15/2020,20,0,0,0,8.0,9,8,,,0,,,8,8,8.0,95.0,,,96.0,,,8,95,995.0,,,,,,,,,,,,,,,,,,,,,,,,,,,,,,0,0,0,1,1,1,0,1,0,0,0,0,0,0,0,0,1,0,0,0,0,0,0,0,0,1,1,1,0,0,1,0,0,0,0,,0,0,0,0,0,0,0,0,0,0,0,0,0,0,0,0,,,,,,81+,76+,State route,U,Tuesday,,MHTRUCK,Not Fatal,1,0,0,0,State Route,Municipal/City Police,Federal Way Dept of Public Safety,0,1,0,0,0,,,,,,0.0,0.0,0.0,,,,,,,,,,,0.0,0.0,0.0,0.0,,,,,20.0,,,,,,,,,1.0,0.0,,,,,,,98003
3438,2021,173,EB38704,35.0,06/12/2021,23:20,12,6,,53,Pierce,0,2,,3,2,2,1,0,3,2,,,,12,0,1,3.5,1,0,1,3,2,2,4,0,0,0,0,CR-SPANAWAY LOOP RD S,,-122.4590444,47.137883333,0,1,24,51,3,40,14,0,0,1,2,12,1,1,4,1,1,1,1,53,0,34,402,2011,0,,12,,,,,,1,1,22,1,0.0,,1,0,3,0,11,5,,,,,0.0,0.0,0.0,3.0,1,0,,,,96,,,,,,9,,,,,,98444.0,53,72.0,160.0,6.0,1.0,0.0,1.0,0.0,1.0,,1,,,,,,0,09/15/2019,02/15/2019,1,0,0,0,8.0,9,8,,,0,,,8,1,2.0,695.0,605.0,,1.0,1.0,,2,1,0.24,,,,,,,,,,,,,,,,,,,,,,,,,,,,,,0,0,0,0,1,1,1,1,1,0,0,0,0,0,0,0,0,0,0,0,0,0,0,1,1,1,1,0,0,1,0,0,0,0,0,,0,0,0,0,0,1,1,1,0,0,0,0,0,0,0,1,,,,,,21-25,16-25,County road,U,Saturday,Belt Used,PV,Not Fatal,0,0,0,0,County Road,County Sheriff,Law Enforcement Support Agency,0,0,1,0,0,thc,1.1,carboxy-thc,9.5,,0.0,0.0,1.0,,,,,,,,,,,98.0,98.0,98.0,0.0,,,,,20.0,,,,,,,,,1.0,0.0,,,SPANAWAY LOOP RD S,3.46,,,98444
3439,2021,173,EB38704,35.0,06/12/2021,23:20,12,6,,53,Pierce,0,2,,3,2,2,1,0,3,2,,,,12,0,1,3.5,1,0,1,3,2,2,4,0,0,0,0,CR-SPANAWAY LOOP RD S,,-122.4590444,47.137883333,0,2,25,53,3,40,4,0,0,1,2,12,1,1,4,1,1,2,2,53,0,42,48,1998,0,,12,,,,,,1,1,72,1,7.0,,4,0,3,0,11,5,06/13/2021,0:04,223053028466.0,28466.0,0.0,0.0,0.0,3.0,1,0,,,,96,,,,,,98,,,,,,98328.0,53,73.0,240.0,6.0,1.0,0.0,0.0,0.0,0.0,,0,,,,,,0,,,1,0,0,0,0.0,9,8,,,0,,,8,8,2.0,996.0,996.0,996.0,1.0,1.0,1.0,2,1,0.067,,,,,,,,,,,,,,,,,,,,,,,,,,,,,,0,0,0,0,1,1,1,1,1,0,0,0,0,0,0,0,0,0,0,0,0,0,0,1,1,1,1,0,0,1,0,0,0,0,0,,1,0,0,0,1,0,1,1,0,0,0,0,0,0,0,1,,,,,,71-75,66-75,County road,U,Saturday,Belt Used,PV,White,0,0,0,0,County Road,County Sheriff,Law Enforcement Support Agency,0,0,1,0,0,,,,,,0.0,0.0,0.0,1.0,,,,,423.0,,,,,0.0,0.0,0.0,1.0,,,,,20.0,,,,,,,,,1.0,0.0,,,SPANAWAY LOOP RD S,3.46,,,98444
3440,2021,174,EB38875,40.0,06/10/2021,19:04,10,6,,63,Spokane,0,1,,1,1,2,1,0,2,1,,,,38,0,0,2.2,1,0,1,7,1,2,4,0,0,0,0,CR-S THOMAS MALLEN RD,,-117.5402222,47.595127778,0,1,1,9,1,35,4,0,0,1,5,1,1,8,2,1,1,2,2,53,0,29,5,2018,0,,63,38.0,1.0,,,,1,1,31,1,7.0,,4,7,20,7,11,0,06/10/2021,19:04,53028086.0,28086.0,0.0,0.0,0.0,0.0,1,0,,,,96,,,,,,98,,,,,,99203.0,53,67.0,145.0,0.0,0.0,0.0,0.0,0.0,0.0,,0,,,,,,4,,,8,1,9,0,0.0,9,8,,,0,,,8,8,2.0,1.0,,,1.0,,,2,1,0.122,,,,,,,,,,,,,,,,,,,,,,,,,,,,,,0,0,1,0,1,1,0,1,0,0,0,0,1,1,0,0,0,0,0,1,0,0,0,0,0,0,0,0,0,1,0,0,0,1,0,,1,0,0,0,0,1,0,1,0,1,0,1,0,1,0,1,,,,,,31-35,26-35,County road,R,Thursday,Not Used,PV,White,0,1,0,0,County Road,County Sheriff,Spokane County Sheriff's Office,1,0,1,0,0,,,,,,0.0,0.0,0.0,,,,,,,,,,,98.0,98.0,98.0,1.0,,,,,20.0,,,,,,,,,1.0,0.0,,,THOMAS MALLEN RD,2.15,,,99004
3441,2021,175,EB38877,40.0,06/13/2021,19:04,13,6,,63,Spokane,0,1,,1,1,2,1,0,1,1,,,,42,0,0,3.1,1,0,1,7,1,2,4,0,0,0,0,CR-E BELMONT RD,,-117.1578056,47.568733333,0,1,1,11,2,35,34,0,0,1,2,42,3,1,8,1,14,1,1,53,0,12,481,2006,0,,63,42.0,1.0,,,,1,1,38,1,7.0,,4,7,20,7,11,0,06/13/2021,19:04,53027704.0,27704.0,0.0,0.0,0.0,3.0,1,0,,,,96,,,,,,98,,,,,,99204.0,53,74.0,210.0,6.0,1.0,0.0,0.0,0.0,0.0,,0,,,,,,3,,,20,2,9,0,0.0,9,8,,,0,,,8,8,2.0,1.0,,,1.0,,,2,1,0.247,,,,,,,,,,,,,,,,,,,,,,,,,,,,,,0,0,1,0,1,1,0,1,0,0,0,0,1,0,0,0,0,0,0,1,0,0,0,0,0,0,0,0,0,1,0,0,0,1,0,,1,0,0,0,0,1,0,1,0,1,0,0,0,1,0,1,,,,,,36-40,36-45,County road,R,Sunday,Not Used,PV,Multiracial,0,1,0,0,County Road,County Sheriff,Spokane County Sheriff's Office,1,0,1,0,0,,,,,,0.0,0.0,0.0,,,,,,,,,,,98.0,98.0,98.0,201.0,207.0,258.0,,,20.0,,,,,,,,,1.0,0.0,,,BELMONT RD,3.06,,,99023
3442,2021,176,EB39123,7.0,06/13/2021,1:19,13,6,,33,King,1960,2,,3,2,1,1,4,1,2,,,,25,0,0,163.2,1,0,1,1,2,1,1,0,0,0,0,I-5,,-122.3199611,47.575397222,0,1,6,50,3,60,14,0,0,1,2,8,4,2,4,3,14,1,1,53,0,48,401,1998,0,,64,25.0,8.0,69.0,14.0,8.0,1,1,30,1,0.0,,1,0,3,0,11,0,,,,,0.0,0.0,3.0,3.0,1,0,,,,96,,,,,,98,,,,,,98133.0,53,75.0,170.0,6.0,1.0,0.0,0.0,0.0,0.0,,97,,,,,,4,,,1,0,0,0,8.0,9,8,,,0,,,8,8,0.0,0.0,,,0.0,,,0,0,996.0,,,,,,,,,,,,,,,,,,,,,,,,,,,,,,0,0,1,0,0,0,0,0,0,1,0,1,1,0,0,0,0,0,0,0,0,0,0,0,0,0,0,0,0,1,0,1,0,0,0,,0,0,0,0,0,0,0,0,0,1,0,0,0,0,0,0,,,,,,26-30,26-35,Interstate,U,Sunday,Belt Used,PV,Not Fatal,0,1,0,0,State Route,State Patrol,Washington State Patrol,1,1,0,0,0,,,,,,0.0,0.0,0.0,,,,,,,,,,,0.0,0.0,0.0,0.0,,,,,20.0,,,,,,,,,1.0,19.0,,,,,,,98134
3443,2021,178,EB39544,36.0,05/31/2021,17:16,31,5,,55,San Juan,0,1,,1,1,2,1,0,2,2,,,,12,0,6,,1,0,1,5,1,2,4,0,0,0,0,CR-BEAVERTON VALLEY RD,,-123.0785833,48.544925,0,1,66,10,2,45,6,0,0,1,2,12,2,1,2,1,14,1,2,53,0,48,45,2006,0,,68,68.0,68.0,12.0,,,1,1,20,2,6.0,,4,7,3,0,11,0,05/31/2021,17:16,53026556.0,26556.0,0.0,0.0,0.0,3.0,1,58,,,,96,,,,,,98,,,,,,98250.0,53,61.0,125.0,6.0,2.0,0.0,0.0,0.0,0.0,,0,,,,,,4,,,8,0,0,0,0.0,9,8,,,0,,,8,8,2.0,695.0,605.0,,1.0,1.0,,2,1,0.0,,,,,,,,,,,,,,,,,,,,,,,,,,,,,,0,0,0,0,0,0,1,1,1,0,0,0,1,0,0,0,0,0,0,0,0,1,1,0,1,0,0,0,0,1,0,0,0,0,0,,1,0,0,0,0,0,1,1,0,1,0,0,0,0,1,0,,,,,,18-20,16-25,County road,R,Monday,Belt Used,PV,Hispanic,0,1,1,0,County Road,County Sheriff,San Juan County Sheriff's Office,0,0,1,0,0,thc,14.0,carboxy-thc,24.0,,0.0,0.0,0.0,,,,,,,,,,,98.0,98.0,98.0,98.0,,,,,20.0,,,,,,,,nms,1.0,0.0,,,BEAVERTON VALLEY RD,3.13,,,
3444,2021,178,EB39544,36.0,05/31/2021,17:16,31,5,,55,San Juan,0,1,,1,1,2,1,0,2,2,,,,12,0,6,,1,0,1,5,1,2,4,0,0,0,0,CR-BEAVERTON VALLEY RD,,-123.0785833,48.544925,0,2,66,62,4,45,14,0,0,1,2,12,3,1,2,1,14,1,1,53,0,2,403,1994,0,,12,,,,,,1,1,19,2,0.0,,3,0,3,0,11,0,,,,,6.0,0.0,3.0,3.0,1,0,,,,96,,,,,,98,,,,,,98250.0,53,67.0,120.0,6.0,1.0,0.0,0.0,0.0,0.0,,0,,,,,,0,,,20,0,0,0,8.0,9,8,,,0,,,8,8,8.0,95.0,,,96.0,,,8,95,995.0,,,,,,,,,,,,,,,,,,,,,,,,,,,,,,0,0,0,0,0,0,1,1,1,0,0,0,1,0,0,0,0,0,0,0,0,1,1,0,1,0,0,0,0,1,0,0,0,0,0,,0,0,0,0,0,0,0,0,0,0,0,0,0,0,0,0,,,,,,18-20,16-25,County road,R,Monday,Belt Used,PV,Not Fatal,0,1,1,0,County Road,County Sheriff,San Juan County Sheriff's Office,0,0,1,0,0,,,,,,0.0,0.0,0.0,,,,,,,,,,,0.0,0.0,0.0,0.0,,,,,20.0,,,,,,,,,1.0,0.0,,,BEAVERTON VALLEY RD,3.13,,,
3445,2021,179,EB39662,39.0,06/06/2021,0:02,6,6,,61,Snohomish,0,2,,3,2,2,1,1,1,1,,,,8,1,0,0.9,3,0,2,3,2,2,4,0,0,3,3,CR-128TH ST SW,8TH AVE W,-122.2442167,47.8819,0,1,13,80,5,35,99,0,0,1,5,8,1,1,5,1,1,99,9,99,0,99,999,9999,0,,8,,,,,,1,1,999,9,0.0,,9,0,99,7,11,8,,,,,99.0,9.0,9.0,9.0,1,0,,,,96,,,,,,98,,,,,,99999.0,99,,999.0,9.0,9.0,99.0,99.0,99.0,99.0,,0,,,,,,0,,,99,0,0,0,8.0,9,8,,,0,,,8,8,0.0,0.0,,,0.0,,,0,0,996.0,,,,,,,,,,,,,,,,,,,,,,,,,,,,,,0,0,0,1,0,0,0,0,0,1,0,1,0,0,0,0,0,1,0,0,0,0,0,0,0,0,0,0,0,0,0,1,0,0,0,,0,0,0,0,0,0,0,0,0,0,0,0,0,0,0,0,,,,,,,,County road,U,Sunday,,NR-U,Not Fatal,1,0,0,0,County Road,County Sheriff,Snohomish County Sheriff's Office,0,0,1,0,0,,,,,,99.0,99.0,99.0,,,,,,,,,,,98.0,98.0,98.0,0.0,,,,,20.0,,,,,,,,,1.0,0.0,,,128TH ST SW,0.94,8TH AVE W,0.22,98204
3446,2021,180,EB39743,71.0,06/10/2021,0:01,10,6,,53,Pierce,210,1,,3,1,2,1,0,2,1,,,,59,0,0,11.9,3,0,3,3,2,1,3,0,0,3,3,SR-410,SR-165,-122.0363639,47.158061111,0,1,7,9,1,35,2,0,0,1,2,59,3,2,2,1,14,2,2,53,0,37,32,1995,0,,68,64.0,59.0,,,,1,1,26,2,0.0,,1,0,20,7,11,0,,,,,0.0,0.0,0.0,0.0,1,0,,,,96,,,,,,9,,,,,,98038.0,53,63.0,127.0,0.0,0.0,1.0,0.0,0.0,1.0,,0,,,,,,0,06/15/2020,04/15/2021,1,0,0,0,8.0,9,8,,,0,,,1,8,2.0,401.0,417.0,,1.0,1.0,,2,1,0.0,,,,,,,,,,,,,,,,,,,,,,,,,,,,,,0,0,0,1,0,0,1,1,0,0,0,0,0,1,0,0,0,0,0,1,0,0,0,0,0,0,0,0,0,1,0,0,0,0,0,,0,0,0,0,0,0,1,1,0,0,0,1,0,0,1,0,,,,,,26-30,26-35,State route,U,Thursday,Not Used,PV,Not Fatal,0,1,0,0,State Route,Municipal/City Police,Buckley Police Department,1,1,0,0,0,,,,,,0.0,0.0,1.0,,,,,,,,,,,0.0,0.0,0.0,0.0,,,,,20.0,,,,,,,,,1.0,0.0,,,,,,,
3447,2021,181,EB38096,1.0,06/06/2021,4:08,6,6,,71,Walla Walla,2390,10,,2,1,2,1,0,1,1,,,,1,0,0,0.0,1,0,1,7,2,4,6,0,0,0,0,S HOWARD ST,,-118.3251194,46.065375,0,1,98,9,1,25,84,0,0,1,5,1,1,1,2,1,1,1,1,53,0,98,701,2014,0,,1,,,,,,1,1,65,1,7.0,,4,7,20,7,11,0,06/06/2021,4:08,239053027905.0,27905.0,0.0,0.0,0.0,3.0,1,0,,,,96,,,,,,98,,,,,,99362.0,53,67.0,135.0,6.0,1.0,0.0,1.0,0.0,0.0,,0,,,,,,0,05/15/2020,05/15/2020,20,8,0,0,0.0,9,8,,,0,,,8,8,8.0,95.0,,,96.0,,,8,95,995.0,,,,,,,,,,,,,,,,,,,,,,,,,,,,,,0,0,0,0,0,0,0,0,0,0,0,0,0,0,0,0,0,0,0,0,0,0,0,0,0,1,0,0,1,0,0,0,0,0,1,1.0,0,0,0,0,0,0,0,0,0,0,0,0,0,0,0,0,,,,,,61-65,56-65,City street,U,Sunday,,OTHMC,White,0,0,0,0,City Street,Municipal/City Police,Walla Walla Police Department,0,0,0,1,0,,,,,,0.0,0.0,0.0,,,,,,,,,,,0.0,0.0,0.0,1.0,,,,,17.0,,,,,,,,,1.0,0.0,,,,,,,99362
3448,2021,183,EB41199,5.0,06/18/2021,15:45,18,6,,41,Lewis,0,1,,1,1,2,1,0,2,2,,,,12,0,1,117.1,2,0,2,3,1,1,2,0,0,0,0,US-12,YOUNG RD,-121.9078,46.534072222,0,1,24,51,3,45,80,0,0,1,5,12,1,1,2,1,6,1,1,53,0,72,706,2003,0,,12,,,,,,1,1,67,1,7.0,,4,0,20,7,11,1,06/18/2021,21:10,196053031044.0,31044.0,0.0,0.0,0.0,3.0,1,33,,,,96,,,,,,98,,,,,,98146.0,53,75.0,205.0,6.0,1.0,0.0,0.0,0.0,1.0,,0,,,,,,0,07/15/2017,07/15/2017,20,8,0,0,0.0,9,8,,,0,,,8,8,2.0,522.0,124.0,996.0,1.0,1.0,1.0,2,1,0.0,,,,,,,,,,,,,,,,,,,,,,,,,,,,,,0,0,0,1,0,0,1,1,0,0,0,0,0,0,0,0,0,0,0,0,0,0,0,0,0,1,0,0,1,1,0,0,0,0,1,1.0,0,0,0,0,0,0,1,1,0,0,0,0,0,0,1,0,,,,,,66-70,66-75,US highway,R,Friday,,MC,White,1,0,0,0,State Route,State Patrol,Washington State Patrol,0,1,0,0,0,,,,,,0.0,0.0,0.0,,,,,,,,,,,0.0,0.0,0.0,1.0,,,,,16.0,,,,,,,,,1.0,0.0,,,,,,,98377
3449,2021,183,EB41199,5.0,06/18/2021,15:45,18,6,,41,Lewis,0,1,,1,1,2,1,0,2,2,,,,12,0,1,117.1,2,0,2,3,1,1,2,0,0,0,0,US-12,YOUNG RD,-121.9078,46.534072222,0,2,25,53,3,45,14,0,0,1,5,12,1,1,2,1,11,1,1,53,0,35,401,2006,0,,12,,,,,,1,1,27,2,0.0,,0,0,3,0,11,0,,,,,0.0,0.0,0.0,3.0,1,0,,,,96,,,,,,98,,,,,,98499.0,53,61.0,170.0,6.0,1.0,0.0,0.0,1.0,1.0,,0,,,,,,0,08/15/2017,06/15/2020,20,0,0,0,8.0,9,8,,,0,,,8,8,0.0,0.0,,,0.0,,,0,0,996.0,,,,,,,,,,,,,,,,,,,,,,,,,,,,,,0,0,0,1,0,0,1,1,0,0,0,0,0,0,0,0,0,0,0,0,0,0,0,0,0,1,0,0,1,1,0,0,0,0,0,,0,0,0,0,0,0,0,0,0,0,0,0,0,0,0,0,,,,,,26-30,26-35,US highway,R,Friday,Belt Used,PV,Not Fatal,1,0,0,0,State Route,State Patrol,Washington State Patrol,0,1,0,0,0,,,,,,0.0,0.0,0.0,,,,,,,,,,,98.0,98.0,98.0,0.0,,,,,20.0,,,,,,,,,1.0,0.0,,,,,,,98377
3450,2021,184,EB41231,5.0,06/14/2021,13:28,14,6,,11,Clark,0,2,,1,2,2,3,0,5,2,,,,12,0,2,14.6,1,0,1,4,1,1,3,0,0,0,0,SR-503,,-122.516425,45.871461111,0,1,50,10,2,50,34,0,0,1,2,12,2,2,2,1,14,1,1,53,0,12,481,2011,0,,68,12.0,,,,,1,1,46,1,0.0,,1,0,3,0,11,5,,,,,0.0,0.0,3.0,3.0,1,28,,,,96,,,,,,9,,,,,,98601.0,53,76.0,235.0,6.0,1.0,0.0,0.0,0.0,1.0,,1,,,,,,0,11/15/2018,11/15/2018,8,0,0,0,8.0,9,8,,,0,,,8,1,2.0,695.0,605.0,,1.0,1.0,,2,1,0.23,,,,,,,,,,,,,,,,,,,,,,,,,,,,,,0,0,0,0,1,1,1,1,1,0,0,0,0,0,0,0,0,0,0,0,0,0,0,0,0,0,0,0,0,1,0,0,0,0,0,,0,0,0,0,0,1,1,1,0,0,0,0,0,0,0,1,,,,,,46-50,46-55,State route,R,Monday,Belt Used,PV,Not Fatal,0,1,1,0,State Route,State Patrol,Washington State Patrol,0,1,0,0,0,thc,13.0,carboxy-thc,170.0,,0.0,0.0,0.0,,,,,,,,,,,98.0,98.0,98.0,0.0,,,,,20.0,,,,,,,,,1.0,0.0,,,,,,,98675
3451,2021,184,EB41231,5.0,06/14/2021,13:28,14,6,,11,Clark,0,2,,1,2,2,3,0,5,2,,,,12,0,2,14.6,1,0,1,4,1,1,3,0,0,0,0,SR-503,,-122.516425,45.871461111,0,2,51,62,4,50,5,0,0,1,2,12,3,2,2,1,14,4,2,53,0,41,51,2015,0,,12,,,,,,1,1,15,2,99.0,,4,0,3,0,11,0,06/20/2021,10:45,999953090693.0,90693.0,0.0,0.0,3.0,3.0,1,0,,,,96,,,,,,98,,,,,,98675.0,53,63.0,125.0,6.0,7.0,0.0,0.0,0.0,0.0,,0,,,,,,0,,,8,0,0,0,0.0,9,8,,,0,,,8,8,8.0,95.0,,,96.0,,,8,95,995.0,,,,,,,,,,,,,,,,,,,,,,,,,,,,,,0,0,0,0,1,1,1,1,1,0,0,0,0,0,0,0,0,0,0,0,0,0,0,0,0,0,0,0,0,1,0,0,0,0,0,,1,0,0,0,0,0,0,0,0,0,0,0,0,0,0,0,,,,,,10-15,0-15,State route,R,Monday,Belt Used,PV,Multiracial,0,1,1,0,State Route,State Patrol,Washington State Patrol,0,1,0,0,0,,,,,,0.0,0.0,0.0,,,,,,,,,,,98.0,98.0,98.0,201.0,205.0,,,,20.0,,,,,,,,,1.0,0.0,,,,,,,98675