,year,case,par,repjur,crash_dt,crash_tm,accday,accmon,holiday,county,co_char,city,weather,weather2,lightcond,surfcond,surftype,numfatal,nmforms,pforms,vforms,not_tm,arr_tm,hosp_tm,fhevent,hitrun,manncol,milepnt,reljunc,reljuncinter,intersectiontype,funcsystem,landuse,ownership,route,schlbus,spejur,contdev,devfunc,trafid1,trafid2,x,y,wk_zone,vnumber,crashtype,criticalevent,criticaleventcat,spdlim,body,trailer,emerg,hazcargo,leave,mhevent,roadalgn,roadprof,traflane,trafflow,vehmanvr,numoccs,regowner,regstate,spuse,make,model,modelyr,vrf1,vrf2,seqevent1,seqevent2,seqevent3,seqevent4,seqevent5,seqevent6,pnumber,ptype,age,sex,hispanic,race,injury,diedscene,restraint,restraintmisuse,seatpos,takehosp,death_dt,death_tm,cert,cernum_wa,commlic,licendor,licrestrict,liccomp,drivpres,drf1,drf2,drf3,drf4,distract1,distract2,distract3,distract4,distract5,distract6,dricond1,dricond2,dricond3,dricond4,dricond5,dricond6,dzip,licstate,drhgt_in,weight,noncdl,noncdltype,prevdwi,prevoth,prevacc,prevspd,prevsus,driviol1,driviol2,driviol3,driviol4,driviol5,driviol6,spdrel,first_dt,last_dt,airbag,ejection,ejectpath,extricat,injurwrk,methalc,methdrug,nmlocat,strikveh,prf1,prf2,prf3,druginv,alcinvol,drugsts,drugres1,drugres2,drugres3,drugtst1,drugtst2,drugtst3,alcsts,alctst,alcres,nmact1,nmact2,nmact3,nmact4,nmact5,nmact6,nmprior1,nmprior2,nmprior3,nmprior4,nmprior5,nmprior6,nmcond1,nmcond2,nmcond3,nmcond4,nmcond5,nmcond6,nmsafe_helmet,nmsafe_pads,nmsafe_oth,nmprev_ref,nmprev_lgt,nmprev_oth,crashlocation,nmcrashtype,crosswalk,schoolzone,sidewalk,train_inv,wildlife_inv,rotr_fars,intersect_fars,dd_inv,aid_inv,dpd_inv,id_inv,mj_inv,impnm_inv,ainm_inv,dpnm_inv,speed_inv,unlic_inv,unendmc_inv,drowsy_inv,drdist_inv,nmdist_inv,fty_inv,unrestfat_inv,dr1617_inv,dr1820_inv,dr1620_inv,dr2125_inv,dr1625_inv,dr65_inv,dr70_inv,dr75_inv,mc_inv,pv_inv,ht_inv,ped_inv,bike_inv,unrest_fat,mc_fat,unhelmet_mc,pv_fat,ht_fat,ped_fat,bike_fat,dr_alc7,dr_alc8,dr_drug,dr_imp,dr_dist,dr_spd,dr_fty,dr_unlic,dr_alc7only,dr_alc8only,dr_drugonly,dr_drink,nm_imp,nm_alc7,nm_alc8,nm_drug,nm_dist,agegrp1,agegrp2,roadclass,urbrur,dayweek,restuse,vehtype,race_me,intersect,lanedep,oppdir,wrongway,rep_typ,investag,repag_long,rotr,st_rd,cty_rd,city_rd,oth_rd,drug_thc,thc_res,drug_cthc,cthc_res,drug_cann,prevpersemin,prevperse,prevsusoth,drugtst4,drugtst5,drugtst6,drugtst7,drugtst8,drugres4,drugres5,drugres6,drugres7,drugres8,adspresent,adsengaged,adslevel,race1,race2,race3,race4,race5,helmet,helmetmisuse,nmdistract1,nmdistract2,nmdistract3,nmdistract4,nmdistract5,nmdistract6,lab,isedtcase,crf1,crf2,crf3,CoRoadName,CoMP,IntCoRoadName,IntCoMP,zipcode
3471,2021,198,EB43551,35.0,06/28/2021,21:14,28,6,,53,Pierce,0,1,,5,1,2,1,0,5,1,,,,42,0,0,0.6,1,0,1,5,1,2,4,0,0,0,0,CR-BLISS COCHRANE ROAD,,-122.7799528,47.362441667,0,1,6,12,2,35,34,0,0,1,2,1,1,2,2,1,1,5,2,53,0,12,471,2003,0,,68,64.0,42.0,1.0,,,1,1,17,1,0.0,,1,0,3,0,11,0,,,,,0.0,0.0,2.0,3.0,1,73,,,,96,,,,,,98,,,,,,98332.0,53,73.0,275.0,6.0,2.0,0.0,0.0,0.0,0.0,,97,,,,,,0,,,8,0,0,0,8.0,9,8,,,0,,,8,8,8.0,95.0,,,96.0,,,8,95,995.0,,,,,,,,,,,,,,,,,,,,,,,,,,,,,,0,0,1,0,0,0,0,0,0,0,0,0,0,0,0,0,0,0,0,1,1,0,1,0,1,0,0,0,0,1,0,0,0,0,0,,0,0,0,0,0,0,0,0,0,0,0,0,0,0,0,0,,,,,,16-17,16-25,County road,R,Monday,Belt Used,PV,Not Fatal,0,1,0,0,County Road,County Sheriff,Law Enforcement Support Agency,1,0,1,0,0,,,,,,0.0,0.0,0.0,,,,,,,,,,,98.0,98.0,98.0,0.0,,,,,20.0,,,,,,,,,1.0,0.0,,,BLISS COCHRANE RD NW,0.61,,,98329
3472,2021,199,EB43845,2.0,06/26/2021,19:55,26,6,,57,Skagit,0,1,,1,11,4,1,0,2,1,,,,35,0,0,,1,0,1,7,1,2,4,0,0,0,0,CR-CONCRETE SAUK VALLEY,,-121.5639639,48.398380556,0,1,7,9,1,98,15,0,0,1,2,1,1,2,8,1,1,2,2,53,0,20,421,2001,0,,68,64.0,35.0,1.0,,,1,1,24,2,7.0,,4,7,20,7,11,0,06/26/2021,19:55,53031064.0,31064.0,0.0,0.0,0.0,3.0,1,0,,,,96,,,,,,9,,,,,,98241.0,53,70.0,160.0,6.0,1.0,0.0,0.0,0.0,0.0,,0,,,,,,4,,,20,2,9,0,0.0,1,8,,,0,,,8,1,2.0,1.0,,,1.0,,,2,1,0.066,,,,,,,,,,,,,,,,,,,,,,,,,,,,,,0,0,0,0,1,0,0,0,0,0,0,0,1,0,0,0,0,0,0,1,0,0,0,1,1,0,0,0,0,1,0,0,0,1,0,,1,0,0,0,1,0,0,0,0,1,0,0,1,0,0,1,,,,,,21-25,16-25,County road,R,Saturday,Not Used,PV,White,0,1,0,0,County Road,State Patrol,Washington State Patrol,1,0,1,0,0,,,,,,0.0,0.0,0.0,,,,,,,,,,,98.0,98.0,98.0,1.0,,,,,20.0,,,,,,,,,1.0,0.0,,,OLD CONCRETE SAUK VALLEY ROAD,0.55,,,
3473,2021,200,EB43874,5.0,06/15/2021,9:39,15,6,,11,Clark,0,10,,1,1,1,1,0,3,2,,,,12,0,6,6.7,2,0,2,3,2,1,3,0,0,3,3,SR-503,NE 76TH ST,-122.5525444,45.677825,0,1,68,15,2,40,34,0,0,1,2,12,1,2,6,1,11,2,1,53,0,12,481,1973,0,,12,,,,,,1,1,62,1,0.0,,2,0,3,0,11,0,,,,,0.0,0.0,0.0,3.0,1,38,,,,96,,,,,,98,,,,,,98582.0,53,65.0,185.0,6.0,1.0,0.0,0.0,0.0,0.0,,97,,,,,,0,,,20,0,0,0,8.0,9,2,,,0,,,8,0,0.0,0.0,,,0.0,,,2,98,0.0,,,,,,,,,,,,,,,,,,,,,,,,,,,,,,0,0,0,1,0,0,0,0,0,0,0,0,0,0,0,0,0,0,1,0,0,0,0,0,0,0,0,0,0,1,1,0,0,0,0,,0,0,0,0,0,0,0,0,0,0,1,0,0,0,0,0,,,,,,61-65,56-65,State route,U,Tuesday,Belt Used,PV,Not Fatal,1,0,0,0,State Route,State Patrol,Washington State Patrol,0,1,0,0,0,,,,,,0.0,0.0,0.0,,,,,,,,,,,0.0,0.0,0.0,0.0,,,,,20.0,,,,,,,,,1.0,0.0,,,,,,,98662
3474,2021,200,EB43874,5.0,06/15/2021,9:39,15,6,,11,Clark,0,10,,1,1,1,1,0,3,2,,,,12,0,6,6.7,2,0,2,3,2,1,3,0,0,3,3,SR-503,NE 76TH ST,-122.5525444,45.677825,0,2,69,62,4,40,66,0,0,1,2,12,1,2,5,1,1,1,3,41,0,51,881,2009,0,,12,,,,,,1,1,48,1,0.0,,0,0,3,0,11,0,,,,,6.0,1.0,0.0,3.0,1,0,,,,96,,,,,,98,,,,,,98682.0,53,68.0,255.0,6.0,1.0,0.0,1.0,0.0,0.0,,0,,,,,,0,12/15/2016,12/15/2016,20,0,0,0,8.0,9,2,,,0,,,8,0,0.0,0.0,,,0.0,,,2,98,0.0,,,,,,,,,,,,,,,,,,,,,,,,,,,,,,0,0,0,1,0,0,0,0,0,0,0,0,0,0,0,0,0,0,1,0,0,0,0,0,0,0,0,0,0,1,1,0,0,0,0,,0,0,0,0,0,0,0,0,0,0,0,0,0,0,0,0,,,,,,46-50,46-55,State route,U,Tuesday,,MHTRUCK,Not Fatal,1,0,0,0,State Route,State Patrol,Washington State Patrol,0,1,0,0,0,,,,,,0.0,0.0,0.0,,,,,,,,,,,98.0,98.0,98.0,0.0,,,,,20.0,,,,,,,,,1.0,0.0,,,,,,,98662
3475,2021,201,EB43920,7.0,06/07/2021,3:54,7,6,,33,King,0,2,,2,2,2,1,0,3,2,,,,12,0,2,11.0,1,0,1,3,1,1,3,0,0,0,0,SR-900,,-122.0771333,47.513919444,0,1,50,10,2,40,4,0,0,1,2,12,2,2,2,1,14,2,2,53,0,12,37,2013,0,,68,12.0,,,,,1,1,36,1,7.0,,4,7,3,0,11,0,06/07/2021,3:54,53028880.0,28880.0,0.0,0.0,0.0,3.0,1,28,,,,96,,,,,,98,,,,,,98006.0,53,73.0,260.0,6.0,1.0,0.0,0.0,0.0,1.0,,0,,,,,,4,05/15/2017,06/15/2018,1,0,0,0,0.0,9,8,,,0,,,8,8,2.0,996.0,128.0,157.0,1.0,1.0,1.0,2,1,0.0,,,,,,,,,,,,,,,,,,,,,,,,,,,,,,0,0,0,0,0,0,1,1,0,0,0,0,1,0,0,0,0,0,0,0,0,0,0,0,0,0,0,0,0,1,1,0,0,0,0,,1,0,0,0,0,0,1,1,0,1,0,0,0,0,1,0,,,,,,36-40,36-45,State route,R,Monday,Belt Used,PV,White,0,1,1,0,State Route,State Patrol,Washington State Patrol,0,1,0,0,0,,,,,,0.0,0.0,1.0,1.0,1.0,,,,401.0,417.0,,,,98.0,98.0,98.0,1.0,,,,,20.0,,,,,,,,,1.0,0.0,,,,,,,98059
3476,2021,201,EB43920,7.0,06/07/2021,3:54,7,6,,33,King,0,2,,2,2,2,1,0,3,2,,,,12,0,2,11.0,1,0,1,3,1,1,3,0,0,0,0,SR-900,,-122.0771333,47.513919444,0,2,51,62,4,40,63,0,0,1,2,12,3,2,2,1,14,1,3,53,0,82,898,2021,0,,12,,,,,,1,1,48,1,0.0,,0,0,3,0,11,0,,,,,6.0,1.0,3.0,3.0,1,0,,,,96,,,,,,98,,,,,,98391.0,53,70.0,169.0,6.0,1.0,0.0,0.0,0.0,0.0,,0,,,,,,0,,,20,0,0,0,8.0,9,8,,,0,,,8,8,0.0,0.0,,,0.0,,,0,0,996.0,,,,,,,,,,,,,,,,,,,,,,,,,,,,,,0,0,0,0,0,0,1,1,0,0,0,0,1,0,0,0,0,0,0,0,0,0,0,0,0,0,0,0,0,1,1,0,0,0,0,,0,0,0,0,0,0,0,0,0,0,0,0,0,0,0,0,,,,,,46-50,46-55,State route,R,Monday,,MHTRUCK,Not Fatal,0,1,1,0,State Route,State Patrol,Washington State Patrol,0,1,0,0,0,,,,,,0.0,0.0,0.0,,,,,,,,,,,98.0,98.0,98.0,0.0,,,,,20.0,,,,,,,,,1.0,0.0,,,,,,,98059
3477,2021,202,EB43981,3.0,06/18/2021,13:32,18,6,,53,Pierce,0,1,,1,1,2,1,0,3,3,,,,12,0,1,8.2,1,0,1,2,2,1,3,0,0,0,0,SR-167,,-122.2579111,47.202244444,0,1,20,50,3,60,67,0,0,1,2,12,1,1,2,2,1,1,1,53,0,12,880,2012,0,,12,12.0,,,,,1,1,81,2,7.0,,4,7,3,0,11,0,06/18/2021,13:32,53029902.0,29902.0,0.0,0.0,0.0,3.0,1,26,,,,96,,,,,,98,,,,,,98274.0,53,67.0,190.0,6.0,1.0,0.0,0.0,2.0,0.0,,0,,,,,,4,01/15/2017,12/15/2018,8,0,0,0,0.0,9,8,,,0,,,8,8,2.0,1.0,,,1.0,,,2,1,0.0,,,,,,,,,,,,,,,,,,,,,,,,,,,,,,0,0,0,0,0,0,0,0,0,0,0,0,1,0,0,0,0,0,0,0,0,0,0,0,0,1,1,1,0,1,1,0,0,0,0,,0,1,0,0,0,0,0,0,0,1,0,0,0,0,0,0,,,,,,81+,76+,State route,U,Friday,,MHTRUCK,White,0,0,0,0,State Route,State Patrol,Washington State Patrol,0,1,0,0,0,,,,,,0.0,0.0,0.0,,,,,,,,,,,98.0,98.0,98.0,1.0,,,,,20.0,,,,,,,,,1.0,0.0,,,,,,,98390
3478,2021,202,EB43981,3.0,06/18/2021,13:32,18,6,,53,Pierce,0,1,,1,1,2,1,0,3,3,,,,12,0,1,8.2,1,0,1,2,2,1,3,0,0,0,0,SR-167,,-122.2579111,47.202244444,0,2,21,53,3,60,14,0,0,1,2,12,1,1,2,2,5,1,1,53,0,41,403,2020,0,,12,63.0,1.0,,,,1,1,55,1,0.0,,0,0,3,0,11,0,,,,,0.0,0.0,3.0,3.0,1,0,,,,0,,,,,,98,,,,,,98443.0,53,67.0,165.0,6.0,1.0,0.0,0.0,0.0,0.0,,0,,,,,,0,,,8,0,0,0,8.0,9,8,,,0,,,8,8,8.0,95.0,,,96.0,,,2,1,997.0,,,,,,,,,,,,,,,,,,,,,,,,,,,,,,0,0,0,0,0,0,0,0,0,0,0,0,1,0,0,0,0,0,0,0,0,0,0,0,0,1,1,1,0,1,1,0,0,0,0,,0,0,0,0,0,0,0,0,0,0,0,0,0,0,0,0,,,,,,51-55,46-55,State route,U,Friday,Belt Used,PV,Not Fatal,0,0,0,0,State Route,State Patrol,Washington State Patrol,0,1,0,0,0,,,,,,0.0,0.0,0.0,,,,,,,,,,,98.0,98.0,98.0,0.0,,,,,20.0,,,,,,,,,1.0,0.0,,,,,,,98390
3479,2021,202,EB43981,3.0,06/18/2021,13:32,18,6,,53,Pierce,0,1,,1,1,2,1,0,3,3,,,,12,0,1,8.2,1,0,1,2,2,1,3,0,0,0,0,SR-167,,-122.2579111,47.202244444,0,3,98,53,3,60,66,1,0,1,2,12,1,1,2,2,5,1,3,18,0,82,881,2019,0,,12,,,,,,1,1,51,1,0.0,,0,0,3,0,11,0,,,,,6.0,3.0,0.0,3.0,1,0,,,,0,,,,,,98,,,,,,98377.0,53,73.0,220.0,6.0,1.0,0.0,0.0,0.0,0.0,,0,,,,,,0,,,20,0,0,0,8.0,9,8,,,0,,,8,8,2.0,1.0,,,1.0,,,2,1,0.0,,,,,,,,,,,,,,,,,,,,,,,,,,,,,,0,0,0,0,0,0,0,0,0,0,0,0,1,0,0,0,0,0,0,0,0,0,0,0,0,1,1,1,0,1,1,0,0,0,0,,0,0,0,0,0,0,0,0,0,0,0,0,0,0,0,0,,,,,,51-55,46-55,State route,U,Friday,,MHTRUCK,Not Fatal,0,0,0,0,State Route,State Patrol,Washington State Patrol,0,1,0,0,0,,,,,,0.0,0.0,0.0,,,,,,,,,,,98.0,98.0,98.0,0.0,,,,,20.0,,,,,,,,,1.0,0.0,,,,,,,98390
3480,2021,204,EB44679,1.0,07/01/2021,5:00,1,7,,5,Benton,0,10,,9,1,2,2,0,2,1,,,,24,0,0,121.2,1,0,1,1,1,1,1,0,0,0,0,I-82,,-119.2245417,46.046811111,0,1,1,12,2,70,14,0,0,1,2,24,1,1,2,2,1,2,1,41,0,14,401,2004,0,,64,69.0,63.0,24.0,1.0,,1,1,63,2,1.0,,4,7,3,0,11,0,07/01/2021,5:00,53032371.0,32371.0,0.0,0.0,0.0,3.0,1,58,,,,96,,,,,,9,,,,,,97882.0,41,61.0,175.0,6.0,1.0,0.0,0.0,1.0,0.0,,0,,,,,,0,07/15/2020,07/15/2020,20,0,0,0,0.0,1,8,,,0,,,8,1,2.0,1.0,,,1.0,,,2,1,0.071,,,,,,,,,,,,,,,,,,,,,,,,,,,,,,0,0,1,0,1,0,0,0,0,0,0,0,0,0,0,0,0,0,0,0,0,0,0,0,0,0,0,0,0,1,0,0,0,0,0,,1,0,0,0,1,0,0,0,0,0,0,0,1,0,0,1,,,,,,61-65,56-65,Interstate,R,Thursday,Belt Used,PV,Hispanic,0,1,0,0,State Route,State Patrol,Washington State Patrol,1,1,0,0,0,,,,,,0.0,0.0,0.0,,,,,,,,,,,98.0,98.0,98.0,1.0,,,,,20.0,,,,,,,,,1.0,0.0,,,,,,,
3481,2021,205,3889576,344.0,04/29/2021,15:58,29,4,,77,Yakima,0,1,,1,1,2,1,0,4,2,,,,12,0,2,50.9,1,0,1,3,1,1,2,0,3,97,8,US-97,,-120.4096056,46.256638889,0,1,50,10,2,65,6,0,0,1,2,12,1,2,3,1,1,1,1,53,0,6,52,2001,0,,68,12.0,,,,,1,1,20,1,7.0,,4,7,99,7,11,0,04/29/2021,15:58,53021651.0,21651.0,0.0,0.0,0.0,3.0,1,28,,,,92,,,,,,98,,,,,,98673.0,53,71.0,179.0,6.0,2.0,0.0,0.0,0.0,0.0,,0,,,,,,0,,,20,0,0,0,0.0,9,8,,,0,,,8,8,2.0,1.0,,,1.0,,,2,1,0.0,,,,,,,,,,,,,,,,,,,,,,,,,,,,,,0,0,0,0,0,0,0,0,0,0,0,0,0,1,0,0,1,0,0,0,0,1,1,0,1,0,0,0,0,1,0,0,0,0,0,,1,0,0,0,0,0,0,0,1,0,0,0,0,0,0,0,,,,,,18-20,16-25,US highway,R,Thursday,Unknown,PV,AIAN,0,1,1,0,State Route,Other Law Enforcement,Yakama Tribal Police Department,0,1,0,0,0,,,,,,0.0,0.0,0.0,,,,,,,,,,,98.0,98.0,98.0,3.0,,,,,20.0,,,,,,,,,1.0,0.0,,,,,,,
3482,2021,205,3889576,344.0,04/29/2021,15:58,29,4,,77,Yakima,0,1,,1,1,2,1,0,4,2,,,,12,0,2,50.9,1,0,1,3,1,1,2,0,3,97,8,US-97,,-120.4096056,46.256638889,0,2,51,62,4,65,14,0,0,1,2,12,1,2,3,1,1,3,1,53,0,2,404,2011,0,,12,,,,,,1,1,29,2,0.0,,3,0,3,0,11,5,,,,,0.0,0.0,0.0,0.0,1,0,,,,96,,,,,,98,,,,,,98951.0,53,66.0,175.0,0.0,0.0,0.0,0.0,0.0,0.0,,97,,,,,,0,,,1,7,0,0,8.0,9,8,,,0,,,8,8,8.0,95.0,,,96.0,,,8,95,995.0,,,,,,,,,,,,,,,,,,,,,,,,,,,,,,0,0,0,0,0,0,0,0,0,0,0,0,0,1,0,0,1,0,0,0,0,1,1,0,1,0,0,0,0,1,0,0,0,0,0,,0,0,0,0,0,0,0,0,0,0,0,1,0,0,0,0,,,,,,26-30,26-35,US highway,R,Thursday,Belt Used,PV,Not Fatal,0,1,1,0,State Route,Other Law Enforcement,Yakama Tribal Police Department,0,1,0,0,0,,,,,,0.0,0.0,0.0,,,,,,,,,,,98.0,98.0,98.0,0.0,,,,,20.0,,,,,,,,,1.0,0.0,,,,,,,
3483,2021,206,EB44992,7.0,06/29/2021,4:36,29,6,,33,King,1830,1,,4,1,1,1,1,1,1,,,,8,0,0,25.9,1,0,1,2,2,1,3,0,0,0,0,SR-167,,-122.2167139,47.443894444,0,1,13,80,5,60,4,0,0,1,5,8,1,1,3,3,1,1,1,49,0,55,35,2008,0,,8,,,,,,1,1,58,1,0.0,,0,0,3,0,11,0,,,,,6.0,0.0,0.0,3.0,1,0,,,,96,,,,,,98,,,,,,84003.0,49,71.0,208.0,6.0,1.0,0.0,0.0,98.0,3.0,,0,,,,,,0,10/15/2016,11/15/2019,20,0,0,0,8.0,9,8,,,0,,,8,8,0.0,0.0,,,0.0,,,0,0,996.0,,,,,,,,,,,,,,,,,,,,,,,,,,,,,,0,0,0,0,0,0,0,0,0,0,0,0,0,0,0,0,0,0,0,0,0,0,0,0,0,0,0,0,0,1,0,1,0,0,0,,0,0,0,0,0,0,0,0,0,0,0,0,0,0,0,0,,,,,,56-60,56-65,State route,U,Tuesday,Belt Used,PV,Not Fatal,0,0,0,0,State Route,State Patrol,Washington State Patrol,0,1,0,0,0,,,,,,0.0,0.0,0.0,,,,,,,,,,,98.0,98.0,98.0,0.0,,,,,20.0,,,,,,,,,1.0,0.0,,,,,,,98055
3484,2021,207,EB45515,290.0,07/04/2021,13:48,4,7,,53,Pierce,2230,1,,1,1,2,1,0,2,2,,,,12,0,6,0.0,2,0,3,3,2,1,6,0,0,20,3,S HOSMER,S 82ND ST,-122.4632111,47.182852778,0,1,82,15,2,35,14,0,0,1,5,12,1,1,2,1,11,1,2,53,0,23,402,2012,0,,12,,,,,,1,1,36,1,0.0,,0,0,3,0,11,0,,,,,0.0,0.0,0.0,0.0,1,0,,,,96,,,,,,98,,,,,,98444.0,53,66.0,170.0,0.0,0.0,0.0,1.0,0.0,0.0,,97,,,,,,0,01/15/2018,01/15/2018,8,0,0,0,8.0,9,8,,,0,,,8,8,8.0,95.0,,,96.0,,,8,95,995.0,,,,,,,,,,,,,,,,,,,,,,,,,,,,,,0,0,0,1,0,0,1,1,1,0,0,0,0,1,1,0,0,0,0,0,0,0,0,0,0,0,0,0,1,1,0,0,0,0,0,,0,0,0,0,0,0,0,0,0,0,0,1,0,0,0,0,,,,,,36-40,36-45,City street,U,Sunday,Belt Used,PV,Not Fatal,1,0,0,0,State Route,Municipal/City Police,Tacoma Police Department,0,1,0,0,0,,,,,,0.0,0.0,0.0,,,,,,,,,,,98.0,98.0,98.0,0.0,,,,,20.0,,,,,,,,,1.0,0.0,,,,,,,98408
3485,2021,207,EB45515,290.0,07/04/2021,13:48,4,7,,53,Pierce,2230,1,,1,1,2,1,0,2,2,,,,12,0,6,0.0,2,0,3,3,2,1,6,0,0,0,0,S HOSMER,S 82ND ST,-122.4632111,47.182852778,0,2,83,67,4,35,80,0,0,1,5,12,1,1,5,5,1,1,1,53,0,53,706,2020,0,,12,,,,,,1,1,42,1,7.0,,4,7,20,7,11,0,07/04/2021,13:48,223053032296.0,32296.0,0.0,0.0,0.0,2.0,1,0,,,,96,,,,,,98,,,,,,98498.0,53,68.0,163.0,1.0,1.0,1.0,2.0,0.0,1.0,,0,,,,,,0,06/15/2017,12/15/2021,20,8,0,0,0.0,9,8,,,0,,,8,8,2.0,695.0,605.0,,1.0,1.0,,2,1,0.0,,,,,,,,,,,,,,,,,,,,,,,,,,,,,,0,0,0,1,0,0,1,1,1,0,0,0,0,1,1,0,0,0,0,0,0,0,0,0,0,0,0,0,1,1,0,0,0,0,1,0.0,0,0,0,0,0,0,1,1,0,0,0,1,0,0,1,0,,,,,,41-45,36-45,City street,U,Sunday,,MC,Black,1,0,0,0,State Route,Municipal/City Police,Tacoma Police Department,0,1,0,0,0,thc,8.4,carboxy-thc,12.0,,0.0,1.0,0.0,,,,,,,,,,,0.0,0.0,0.0,2.0,,,,,5.0,,,,,,,,nms,1.0,0.0,,,,,,,98408
3486,2021,208,3857337,263.0,06/06/2021,22:39,6,6,,33,King,1960,2,,3,2,2,1,1,2,2,,,,8,1,0,0.0,3,0,2,3,2,4,6,0,0,3,3,MARTIN LUTHER KING JR WAY S,S Edmunds St,-122.2918694,47.558677778,0,1,98,80,5,25,16,0,0,1,5,8,1,1,2,3,1,99,9,99,0,19,431,9999,0,,8,,,,,,1,1,999,9,0.0,,9,0,99,7,11,0,,,,,99.0,9.0,9.0,9.0,1,0,,,,92,,,,,,98,,,,,,99999.0,99,,999.0,9.0,9.0,99.0,99.0,99.0,99.0,,97,,,,,,0,,,99,0,0,0,8.0,9,8,,,0,,,8,8,0.0,0.0,,,0.0,,,0,0,996.0,,,,,,,,,,,,,,,,,,,,,,,,,,,,,,0,0,0,1,0,0,0,0,0,1,0,1,0,0,0,0,1,0,0,0,0,0,0,0,0,0,0,0,0,1,0,1,0,0,0,,0,0,0,0,0,0,0,0,1,0,0,0,0,0,0,0,,,,,,,,City street,U,Sunday,Unknown,PV,Not Fatal,1,0,0,0,City Street,Municipal/City Police,Seattle Police Department,0,0,0,1,0,,,,,,99.0,99.0,99.0,,,,,,,,,,,98.0,98.0,98.0,0.0,,,,,20.0,,,,,,,,,1.0,0.0,,,,,,,98108
3487,2021,208,3857337,263.0,06/06/2021,22:39,6,6,,33,King,1960,2,,3,2,2,1,1,2,2,,,,8,0,0,0.0,3,0,2,3,2,4,6,0,0,3,3,MARTIN LUTHER KING JR WAY S,S Edmunds St,-122.2918694,47.558677778,0,2,13,80,5,25,5,0,0,1,5,8,1,1,2,3,1,1,2,53,0,49,46,2015,0,,8,,,,,,1,1,49,2,0.0,,0,0,3,0,11,0,,,,,0.0,0.0,0.0,3.0,1,0,,,,96,,,,,,98,,,,,,98105.0,53,62.0,155.0,6.0,1.0,0.0,0.0,0.0,0.0,,0,,,,,,0,05/15/2019,05/15/2019,20,0,0,0,8.0,9,8,,,0,,,8,8,8.0,95.0,,,96.0,,,8,95,995.0,,,,,,,,,,,,,,,,,,,,,,,,,,,,,,0,0,0,1,0,0,0,0,0,1,0,1,0,0,0,0,1,0,0,0,0,0,0,0,0,0,0,0,0,1,0,1,0,0,0,,0,0,0,0,0,0,0,0,0,0,0,0,0,0,0,0,,,,,,46-50,46-55,City street,U,Sunday,Belt Used,PV,Not Fatal,1,0,0,0,City Street,Municipal/City Police,Seattle Police Department,0,0,0,1,0,,,,,,0.0,0.0,1.0,,,,,,,,,,,98.0,98.0,98.0,0.0,,,,,20.0,,,,,,,,,1.0,0.0,,,,,,,98108
3488,2021,209,EB45224,5.0,07/04/2021,3:11,4,7,,15,Cowlitz,0,10,,2,1,2,1,0,5,3,,,,12,0,2,33.7,1,0,1,1,1,1,1,0,0,0,0,I-5,,-122.8666611,46.061055556,0,1,50,54,3,70,14,0,0,1,2,12,4,1,3,3,14,1,9,99,0,20,404,2006,0,,12,,,,,,1,1,25,1,7.0,,4,7,20,7,11,0,07/04/2021,3:11,53031708.0,31708.0,0.0,0.0,0.0,0.0,1,8,51.0,,,96,,,,,,98,,,,,,97380.0,41,71.0,180.0,0.0,0.0,0.0,7.0,1.0,1.0,,0,,,,,,0,10/15/2017,04/15/2020,8,0,0,0,0.0,9,8,,,0,,,8,8,2.0,695.0,605.0,,1.0,1.0,,2,1,0.123,,,,,,,,,,,,,,,,,,,,,,,,,,,,,,0,0,0,0,1,1,1,1,1,0,0,0,0,1,0,0,0,0,0,1,0,0,0,1,1,0,0,0,0,1,0,0,0,1,0,,1,0,0,0,0,1,1,1,0,0,0,1,0,0,0,1,,,,,,21-25,16-25,Interstate,R,Sunday,Not Used,PV,AIAN,0,0,0,1,State Route,State Patrol,Washington State Patrol,0,1,0,0,0,thc,3.9,carboxy-thc,8.1,,0.0,0.0,11.0,,,,,,,,,,,98.0,98.0,98.0,3.0,,,,,20.0,,,,,,,,nms,1.0,0.0,,,,,,,98609
3489,2021,209,EB45224,5.0,07/04/2021,3:11,4,7,,15,Cowlitz,0,10,,2,1,2,1,0,5,3,,,,12,0,2,33.7,1,0,1,1,1,1,1,0,0,0,0,I-5,,-122.8666611,46.061055556,0,2,51,54,3,70,34,0,0,1,2,12,4,1,3,2,14,2,1,53,0,7,482,2016,0,,12,1.0,,,,,1,1,32,1,0.0,,2,0,3,0,11,0,,,,,0.0,0.0,0.0,3.0,1,0,,,,96,,,,,,98,,,,,,98632.0,53,68.0,195.0,6.0,1.0,0.0,0.0,0.0,1.0,,0,,,,,,0,07/15/2017,07/15/2017,8,0,0,0,8.0,9,8,,,0,,,8,8,0.0,0.0,,,0.0,,,0,0,996.0,,,,,,,,,,,,,,,,,,,,,,,,,,,,,,0,0,0,0,1,1,1,1,1,0,0,0,0,1,0,0,0,0,0,1,0,0,0,1,1,0,0,0,0,1,0,0,0,0,0,,0,0,0,0,0,0,0,0,0,0,0,0,0,0,0,0,,,,,,31-35,26-35,Interstate,R,Sunday,Belt Used,PV,Not Fatal,0,0,0,1,State Route,State Patrol,Washington State Patrol,0,1,0,0,0,,,,,,0.0,0.0,0.0,,,,,,,,,,,98.0,98.0,98.0,0.0,,,,,20.0,,,,,,,,,1.0,0.0,,,,,,,98609