,year,case,par,repjur,crash_dt,crash_tm,accday,accmon,holiday,county,co_char,city,weather,weather2,lightcond,surfcond,surftype,numfatal,nmforms,pforms,vforms,not_tm,arr_tm,hosp_tm,fhevent,hitrun,manncol,milepnt,reljunc,reljuncinter,intersectiontype,funcsystem,landuse,ownership,route,schlbus,spejur,contdev,devfunc,trafid1,trafid2,x,y,wk_zone,vnumber,crashtype,criticalevent,criticaleventcat,spdlim,body,trailer,emerg,hazcargo,leave,mhevent,roadalgn,roadprof,traflane,trafflow,vehmanvr,numoccs,regowner,regstate,spuse,make,model,modelyr,vrf1,vrf2,seqevent1,seqevent2,seqevent3,seqevent4,seqevent5,seqevent6,pnumber,ptype,age,sex,hispanic,race,injury,diedscene,restraint,restraintmisuse,seatpos,takehosp,death_dt,death_tm,cert,cernum_wa,commlic,licendor,licrestrict,liccomp,drivpres,drf1,drf2,drf3,drf4,distract1,distract2,distract3,distract4,distract5,distract6,dricond1,dricond2,dricond3,dricond4,dricond5,dricond6,dzip,licstate,drhgt_in,weight,noncdl,noncdltype,prevdwi,prevoth,prevacc,prevspd,prevsus,driviol1,driviol2,driviol3,driviol4,driviol5,driviol6,spdrel,first_dt,last_dt,airbag,ejection,ejectpath,extricat,injurwrk,methalc,methdrug,nmlocat,strikveh,prf1,prf2,prf3,druginv,alcinvol,drugsts,drugres1,drugres2,drugres3,drugtst1,drugtst2,drugtst3,alcsts,alctst,alcres,nmact1,nmact2,nmact3,nmact4,nmact5,nmact6,nmprior1,nmprior2,nmprior3,nmprior4,nmprior5,nmprior6,nmcond1,nmcond2,nmcond3,nmcond4,nmcond5,nmcond6,nmsafe_helmet,nmsafe_pads,nmsafe_oth,nmprev_ref,nmprev_lgt,nmprev_oth,crashlocation,nmcrashtype,crosswalk,schoolzone,sidewalk,train_inv,wildlife_inv,rotr_fars,intersect_fars,dd_inv,aid_inv,dpd_inv,id_inv,mj_inv,impnm_inv,ainm_inv,dpnm_inv,speed_inv,unlic_inv,unendmc_inv,drowsy_inv,drdist_inv,nmdist_inv,fty_inv,unrestfat_inv,dr1617_inv,dr1820_inv,dr1620_inv,dr2125_inv,dr1625_inv,dr65_inv,dr70_inv,dr75_inv,mc_inv,pv_inv,ht_inv,ped_inv,bike_inv,unrest_fat,mc_fat,unhelmet_mc,pv_fat,ht_fat,ped_fat,bike_fat,dr_alc7,dr_alc8,dr_drug,dr_imp,dr_dist,dr_spd,dr_fty,dr_unlic,dr_alc7only,dr_alc8only,dr_drugonly,dr_drink,nm_imp,nm_alc7,nm_alc8,nm_drug,nm_dist,agegrp1,agegrp2,roadclass,urbrur,dayweek,restuse,vehtype,race_me,intersect,lanedep,oppdir,wrongway,rep_typ,investag,repag_long,rotr,st_rd,cty_rd,city_rd,oth_rd,drug_thc,thc_res,drug_cthc,cthc_res,drug_cann,prevpersemin,prevperse,prevsusoth,drugtst4,drugtst5,drugtst6,drugtst7,drugtst8,drugres4,drugres5,drugres6,drugres7,drugres8,adspresent,adsengaged,adslevel,race1,race2,race3,race4,race5,helmet,helmetmisuse,nmdistract1,nmdistract2,nmdistract3,nmdistract4,nmdistract5,nmdistract6,lab,isedtcase,crf1,crf2,crf3,CoRoadName,CoMP,IntCoRoadName,IntCoMP,zipcode
3565,2021,261,EB53745,146.0,07/29/2021,14:23,29,7,,77,Yakima,0,1,,1,1,2,1,0,3,2,,,,12,0,2,4.1,1,0,1,5,1,2,4,0,0,0,0,CR- YAKIMA VALLEY HWY,,-120.3914861,46.476627778,0,1,50,10,2,55,4,0,0,1,2,12,3,1,2,1,14,1,2,53,0,55,33,2002,0,,68,12.0,,,,,1,1,49,1,6.0,,4,7,3,0,11,0,07/29/2021,14:23,53036697.0,36697.0,0.0,0.0,0.0,0.0,1,28,,,,92,,,,,,98,,,,,,98901.0,53,66.0,190.0,0.0,0.0,0.0,1.0,0.0,0.0,,0,,,,,,0,07/15/2021,07/15/2021,8,0,0,1,0.0,9,8,,,0,,,8,8,2.0,1.0,,,1.0,,,2,1,0.13,,,,,,,,,,,,,,,,,,,,,,,,,,,,,,0,0,0,0,1,1,0,1,0,0,0,0,0,1,0,0,1,0,0,0,0,0,0,0,0,1,1,0,0,1,0,0,0,0,0,,1,0,0,0,0,1,0,1,1,0,0,1,0,1,0,1,,,,,,46-50,46-55,County road,R,Thursday,Belt Used,PV,Hispanic,0,1,1,0,County Road,County Sheriff,Yakima County Sheriff's Office,0,0,1,0,0,,,,,,0.0,0.0,0.0,,,,,,,,,,,98.0,98.0,98.0,98.0,,,,,20.0,,,,,,,,,1.0,0.0,,,YAKIMA VALLEY HIGHWAY,4.07,,,98951
3566,2021,261,EB53745,146.0,07/29/2021,14:23,29,7,,77,Yakima,0,1,,1,1,2,1,0,3,2,,,,12,0,2,4.1,1,0,1,5,1,2,4,0,0,0,0,CR- YAKIMA VALLEY HWY,,-120.3914861,46.476627778,0,2,51,62,4,55,15,0,0,1,2,12,2,1,2,1,14,2,1,53,0,23,421,2005,0,,12,,,,,,1,1,74,1,0.0,,3,0,3,0,11,5,,,,,0.0,0.0,0.0,3.0,1,0,,,,96,,,,,,98,,,,,,98951.0,53,71.0,220.0,6.0,1.0,0.0,0.0,0.0,0.0,,0,,,,,,0,,,8,0,0,0,8.0,9,8,,,0,,,8,8,8.0,95.0,,,96.0,,,8,95,995.0,,,,,,,,,,,,,,,,,,,,,,,,,,,,,,0,0,0,0,1,1,0,1,0,0,0,0,0,1,0,0,1,0,0,0,0,0,0,0,0,1,1,0,0,1,0,0,0,0,0,,0,0,0,0,0,0,0,0,0,0,0,0,0,0,0,0,,,,,,71-75,66-75,County road,R,Thursday,Belt Used,PV,Not Fatal,0,1,1,0,County Road,County Sheriff,Yakima County Sheriff's Office,0,0,1,0,0,,,,,,0.0,0.0,0.0,,,,,,,,,,,98.0,98.0,98.0,0.0,,,,,20.0,,,,,,,,,1.0,0.0,,,YAKIMA VALLEY HIGHWAY,4.07,,,98951
3567,2021,262,EB53787,2.0,07/24/2021,16:24,24,7,,73,Whatcom,0,1,,1,1,2,2,0,7,2,,,,12,0,2,15.8,1,0,1,5,2,1,3,0,0,0,0,SR-11,,-122.4864194,48.665408333,0,1,50,10,2,45,80,0,0,1,5,12,2,2,2,1,14,2,1,53,0,72,706,2016,0,,68,12.0,,,,,1,1,59,1,7.0,,4,0,20,7,11,0,07/24/2021,21:24,11053036771.0,36771.0,6.0,0.0,0.0,3.0,1,28,,,,96,,,,,,98,,,,,,98252.0,53,69.0,200.0,6.0,1.0,0.0,2.0,1.0,3.0,,0,,,,,,0,08/15/2017,03/15/2020,20,8,0,0,0.0,9,8,,,0,,,8,8,2.0,348.0,401.0,417.0,1.0,1.0,1.0,2,1,0.0,,,,,,,,,,,,,,,,,,,,,,,,,,,,,,0,0,0,0,0,0,1,1,0,0,0,0,0,0,0,0,0,0,0,0,0,0,0,0,0,0,0,0,1,1,0,0,0,0,1,0.0,0,0,0,0,0,0,1,1,0,0,0,0,0,0,1,0,,,,,,56-60,56-65,State route,U,Saturday,,MC,White,0,1,1,0,State Route,State Patrol,Washington State Patrol,0,1,0,0,0,,,,,,0.0,0.0,2.0,,,,,,,,,,,0.0,0.0,0.0,1.0,,,,,5.0,,,,,,,,,1.0,0.0,,,,,,,98229
3568,2021,262,EB53787,2.0,07/24/2021,16:24,24,7,,73,Whatcom,0,1,,1,1,2,2,0,7,2,,,,12,0,2,15.8,1,0,1,5,2,1,3,0,0,0,0,SR-11,,-122.4864194,48.665408333,0,2,51,62,4,45,34,0,0,1,5,12,3,2,2,1,14,5,1,53,0,7,482,2003,0,,12,,,,,,1,1,40,1,0.0,,0,0,3,0,11,0,,,,,0.0,0.0,3.0,3.0,1,0,,,,96,,,,,,98,,,,,,98226.0,53,65.0,180.0,6.0,1.0,0.0,0.0,0.0,0.0,,0,,,,,,0,,,20,0,0,0,8.0,9,8,,,0,,,8,8,8.0,95.0,,,96.0,,,8,95,995.0,,,,,,,,,,,,,,,,,,,,,,,,,,,,,,0,0,0,0,0,0,1,1,0,0,0,0,0,0,0,0,0,0,0,0,0,0,0,0,0,0,0,0,1,1,0,0,0,0,0,,0,0,0,0,0,0,0,0,0,0,0,0,0,0,0,0,,,,,,36-40,36-45,State route,U,Saturday,Belt Used,PV,Not Fatal,0,1,1,0,State Route,State Patrol,Washington State Patrol,0,1,0,0,0,,,,,,0.0,0.0,0.0,,,,,,,,,,,98.0,98.0,98.0,0.0,,,,,20.0,,,,,,,,,1.0,0.0,,,,,,,98229
3569,2021,263,EB53645,25.0,07/31/2021,21:22,31,7,,33,King,0,1,,5,1,2,1,0,3,2,,,,12,0,1,4.0,8,0,1,4,1,2,4,0,0,0,0,CR-VASHON HWY SW,,-122.4790639,47.385288889,0,1,24,70,4,98,80,0,0,1,5,12,8,8,2,1,1,1,2,53,0,73,705,2006,0,,12,,,,,,1,1,18,1,7.0,,4,7,20,7,11,0,07/31/2021,21:22,53038665.0,38665.0,0.0,0.0,0.0,2.0,1,0,,,,96,,,,,,98,,,,,,98070.0,53,63.0,150.0,6.0,2.0,0.0,0.0,0.0,0.0,,0,,,,,,4,,,20,8,0,0,0.0,9,8,,,0,,,8,8,2.0,695.0,605.0,,1.0,1.0,,2,1,0.04,,,,,,,,,,,,,,,,,,,,,,,,,,,,,,0,0,0,0,1,0,1,1,1,0,0,0,1,0,1,0,0,0,0,0,0,1,1,0,1,0,0,0,1,1,0,0,0,0,1,0.0,0,0,0,0,1,0,1,1,0,1,0,0,0,0,0,1,,,,,,18-20,16-25,County road,R,Saturday,,MC,White,0,0,0,0,County Road,County Sheriff,King County Police,0,0,1,0,0,thc,4.4,carboxy-thc,95.0,,0.0,0.0,0.0,,,,,,,,,,,0.0,0.0,0.0,1.0,,,,,5.0,,,,,,,,nms,1.0,0.0,,,VASHON HWY SW,4.015,,,98070
3570,2021,263,EB53645,25.0,07/31/2021,21:22,31,7,,33,King,0,1,,5,0,0,1,0,3,2,,,,12,0,1,4.0,8,0,1,4,1,2,4,0,0,0,0,CR-VASHON HWY SW,,-122.4790639,47.385288889,0,2,25,53,3,0,20,0,0,1,5,12,0,0,0,0,10,2,2,53,0,30,441,1989,0,,12,,,,,,1,1,40,2,0.0,,0,0,3,0,11,0,,,,,0.0,0.0,3.0,3.0,1,0,,,,96,,,,,,98,,,,,,98105.0,53,63.0,140.0,6.0,1.0,0.0,0.0,0.0,0.0,,0,,,,,,0,,,20,0,0,0,8.0,3,2,,,0,,,8,8,0.0,0.0,,,0.0,,,0,0,996.0,,,,,,,,,,,,,,,,,,,,,,,,,,,,,,0,0,0,0,1,0,1,1,1,0,0,0,1,0,1,0,0,0,0,0,0,1,1,0,1,0,0,0,1,1,0,0,0,0,0,,0,0,0,0,0,0,0,0,0,0,0,0,0,0,0,0,,,,,,36-40,36-45,County road,R,Saturday,Belt Used,PV,Not Fatal,0,0,0,0,County Road,County Sheriff,King County Police,0,0,1,0,0,,,,,,0.0,0.0,0.0,,,,,,,,,,,0.0,0.0,0.0,0.0,,,,,20.0,,,,,,,,,1.0,0.0,,,VASHON HWY SW,4.015,,,98070
3571,2021,264,EB54177,35.0,08/02/2021,19:40,2,8,,53,Pierce,0,1,,1,1,1,1,0,1,1,,,,38,0,0,0.4,1,0,1,6,1,2,4,0,0,0,0,CR-LEBOR DEVORE RD E,,-122.3199167,46.972225,0,1,6,12,2,35,80,0,0,1,2,38,1,1,2,1,1,1,2,53,0,73,705,2007,0,,68,64.0,38.0,,,,1,1,46,2,7.0,,4,7,20,7,11,0,08/02/2021,19:40,53038254.0,38254.0,0.0,0.0,0.0,2.0,1,0,,,,92,,,,,,9,,,,,,98328.0,53,65.0,141.0,6.0,1.0,0.0,0.0,0.0,2.0,,0,,,,,,0,08/15/2020,01/15/2020,20,8,0,0,0.0,9,8,,,0,,,1,8,2.0,401.0,417.0,,1.0,1.0,,2,1,0.0,,,,,,,,,,,,,,,,,,,,,,,,,,,,,,0,0,1,0,0,0,1,1,0,0,0,0,0,0,1,0,1,0,0,0,0,0,0,0,0,0,0,0,1,0,0,0,0,0,1,1.0,0,0,0,0,0,0,1,1,1,0,0,0,0,0,1,0,,,,,,46-50,46-55,County road,R,Monday,,MC,White,0,1,0,0,County Road,County Sheriff,Law Enforcement Support Agency,1,0,1,0,0,,,,,,0.0,0.0,0.0,,,,,,,,,,,0.0,0.0,0.0,1.0,,,,,17.0,,,,,,,,,1.0,0.0,,,LEBOR DEVORE RD E,0.39,,,98328
3572,2021,265,EB53936,6.0,07/29/2021,15:30,29,7,,47,Okanogan,1600,1,,1,1,2,1,1,1,1,,,,8,0,0,276.3,3,0,3,2,2,1,2,0,3,3,3,US-97,DAYTON ST,-119.5213389,48.403872222,0,1,13,80,5,50,14,0,0,1,5,8,1,1,3,1,1,1,2,53,0,35,401,2005,0,,8,,,,,,1,1,27,1,0.0,,0,0,3,0,11,0,,,,,0.0,0.0,0.0,3.0,1,0,,,,96,,,,,,98,,,,,,98844.0,53,68.0,160.0,6.0,1.0,0.0,1.0,0.0,0.0,,0,,,,,,0,02/15/2020,02/15/2020,20,0,0,0,8.0,9,8,,,0,,,8,8,0.0,0.0,,,0.0,,,0,0,996.0,,,,,,,,,,,,,,,,,,,,,,,,,,,,,,0,0,0,1,0,0,0,0,0,1,0,1,0,0,0,0,0,0,0,0,0,0,0,0,0,0,0,0,0,1,0,1,0,0,0,,0,0,0,0,0,0,0,0,0,0,0,0,0,0,0,0,,,,,,26-30,26-35,US highway,U,Thursday,Belt Used,PV,Not Fatal,1,0,0,0,State Route,State Patrol,Washington State Patrol,0,1,0,0,0,,,,,,0.0,0.0,1.0,,,,,,,,,,,98.0,98.0,98.0,0.0,,,,,20.0,,,,,,,,,1.0,0.0,,,,,,,98841
3573,2021,266,EB54089,277.0,08/02/2021,14:20,2,8,,63,Spokane,2110,1,,1,1,2,1,0,2,2,,,,12,0,6,0.0,2,0,2,3,2,4,6,0,0,20,3,W AIRPORT DR,S Spotted Rd,-117.5184028,47.637305556,0,1,87,17,2,30,34,0,0,1,8,12,1,1,2,1,1,1,1,53,0,7,499,1974,0,,12,,,,,,1,1,52,1,7.0,,4,0,20,7,11,0,08/02/2021,15:30,211053037739.0,37739.0,0.0,0.0,3.0,3.0,1,38,,,,96,,,,,,98,,,,,,99029.0,53,73.0,195.0,6.0,1.0,0.0,5.0,3.0,0.0,,0,,,,,,0,05/15/2017,09/15/2021,20,0,0,0,0.0,9,8,,,0,,,8,8,2.0,1.0,,,1.0,,,2,1,0.0,,,,,,,,,,,,,,,,,,,,,,,,,,,,,,0,0,0,1,0,0,0,0,0,0,0,0,0,0,0,0,0,0,1,1,0,0,0,0,0,0,0,0,0,1,0,0,0,1,0,,1,0,0,0,0,0,0,0,0,0,1,0,0,0,0,0,,,,,,51-55,46-55,City street,U,Monday,Not Used,PV,White,1,0,0,0,City Street,Municipal/City Police,Spokane Airport Police Department,0,0,0,1,0,,,,,,0.0,0.0,1.0,,,,,,,,,,,0.0,0.0,0.0,1.0,,,,,20.0,,,,,,,,,1.0,0.0,,,,,,,99224
3574,2021,266,EB54089,277.0,08/02/2021,14:20,2,8,,63,Spokane,2110,1,,1,1,2,1,0,2,2,,,,12,0,6,0.0,2,0,2,3,2,4,6,0,0,0,0,W AIRPORT DR,S Spotted Rd,-117.5184028,47.637305556,0,2,86,66,4,50,34,0,0,1,8,12,1,1,4,1,1,1,9,99,0,7,482,2017,0,,12,,,,,,1,1,54,1,0.0,,2,0,3,0,11,0,,,,,0.0,0.0,3.0,3.0,1,0,,,,96,,,,,,98,,,,,,83854.0,16,72.0,225.0,6.0,1.0,0.0,0.0,0.0,0.0,,0,,,,,,0,,,8,0,0,0,8.0,9,8,,,0,,,8,8,8.0,95.0,,,96.0,,,8,95,995.0,,,,,,,,,,,,,,,,,,,,,,,,,,,,,,0,0,0,1,0,0,0,0,0,0,0,0,0,0,0,0,0,0,1,1,0,0,0,0,0,0,0,0,0,1,0,0,0,0,0,,0,0,0,0,0,0,0,0,0,0,0,0,0,0,0,0,,,,,,51-55,46-55,City street,U,Monday,Belt Used,PV,Not Fatal,1,0,0,0,City Street,Municipal/City Police,Spokane Airport Police Department,0,0,0,1,0,,,,,,0.0,0.0,0.0,,,,,,,,,,,98.0,98.0,98.0,0.0,,,,,20.0,,,,,,,,,1.0,0.0,,,,,,,99224
3575,2021,267,EB54358,2.0,07/30/2021,15:41,30,7,,29,Island,0,1,,1,1,2,1,0,3,2,,,,12,0,6,,8,0,1,5,1,2,4,0,0,0,0,CR-ENGLE RD,,-122.6861583,48.1988,0,1,98,52,3,35,80,0,0,1,2,12,1,1,2,1,6,2,1,53,0,72,706,1992,0,,68,12.0,,,,,1,1,64,1,7.0,,4,0,20,7,11,5,07/30/2021,16:18,47053037516.0,37516.0,0.0,0.0,0.0,3.0,1,33,,,,96,,,,,,9,,,,,,98257.0,53,71.0,175.0,6.0,1.0,0.0,0.0,0.0,0.0,,0,,,,,,4,,,20,8,0,0,0.0,9,8,,,0,,,1,8,2.0,351.0,695.0,605.0,1.0,1.0,1.0,2,1,0.0,,,,,,,,,,,,,,,,,,,,,,,,,,,,,,0,0,0,0,0,0,1,1,1,0,0,0,1,0,0,0,0,0,0,0,0,0,0,0,0,0,0,0,1,1,0,0,0,0,1,0.0,0,0,0,0,0,0,1,1,0,1,0,0,0,0,1,0,,,,,,61-65,56-65,County road,R,Friday,,MC,White,0,0,0,0,County Road,State Patrol,Washington State Patrol,0,0,1,0,0,thc,6.7,carboxy-thc,12.0,,0.0,0.0,0.0,,,,,,,,,,,0.0,0.0,0.0,1.0,,,,,5.0,,,,,,,,nms,1.0,0.0,,,ENGLE RD,0.87,,,98239
3576,2021,267,EB54358,2.0,07/30/2021,15:41,30,7,,29,Island,0,1,,1,1,2,1,0,3,2,,,,12,0,6,,8,0,1,5,1,2,4,0,0,0,0,CR-ENGLE RD,,-122.6861583,48.1988,0,2,98,60,4,35,34,0,0,1,2,12,1,1,2,1,11,1,2,53,0,7,482,2007,0,,12,,,,,,1,1,41,1,0.0,,0,0,3,0,11,0,,,,,0.0,0.0,0.0,3.0,1,0,,,,96,,,,,,98,,,,,,98249.0,53,74.0,205.0,6.0,1.0,0.0,0.0,0.0,0.0,,0,,,,,,0,,,20,0,0,0,8.0,9,8,,,0,,,8,8,8.0,95.0,,,96.0,,,8,95,995.0,,,,,,,,,,,,,,,,,,,,,,,,,,,,,,0,0,0,0,0,0,1,1,1,0,0,0,1,0,0,0,0,0,0,0,0,0,0,0,0,0,0,0,1,1,0,0,0,0,0,,0,0,0,0,0,0,0,0,0,0,0,0,0,0,0,0,,,,,,41-45,36-45,County road,R,Friday,Belt Used,PV,Not Fatal,0,0,0,0,County Road,State Patrol,Washington State Patrol,0,0,1,0,0,,,,,,0.0,0.0,0.0,,,,,,,,,,,98.0,98.0,98.0,0.0,,,,,20.0,,,,,,,,,1.0,0.0,,,ENGLE RD,0.87,,,98239
3577,2021,268,EB54394,330.0,07/18/2021,20:00,18,7,,77,Yakima,2590,1,,1,1,2,1,1,1,1,,,,9,0,0,0.0,1,0,1,3,2,4,6,0,0,0,0,N 5TH AVE,,-120.5185472,46.60945,0,1,13,83,5,30,34,0,0,1,2,9,1,1,3,5,1,1,2,53,0,12,481,1996,0,,9,,,,,,1,1,17,1,0.0,,0,0,3,0,11,0,,,,,0.0,0.0,3.0,3.0,1,0,,,,96,,,,,,98,,,,,,98902.0,53,76.0,300.0,6.0,2.0,0.0,0.0,0.0,0.0,,0,,,,,,0,,,20,0,0,0,8.0,3,2,,,0,,,8,8,2.0,1.0,,,1.0,,,2,1,0.0,,,,,,,,,,,,,,,,,,,,,,,,,,,,,,0,0,0,0,0,0,0,0,0,0,0,0,0,0,0,0,0,0,0,0,1,0,1,0,1,0,0,0,0,1,0,0,1,0,0,,0,0,0,0,0,0,0,0,0,0,0,0,0,0,0,0,,,,,,16-17,16-25,City street,U,Sunday,Belt Used,PV,Not Fatal,0,0,0,0,City Street,Municipal/City Police,Yakima Police Department,0,0,0,1,0,,,,,,0.0,0.0,0.0,,,,,,,,,,,0.0,0.0,0.0,0.0,,,,,20.0,,,,,,,,,1.0,0.0,,,,,,,98902
3578,2021,269,EB54578,39.0,08/03/2021,1:43,3,8,,61,Snohomish,0,1,,2,1,2,1,2,1,1,,,,8,0,0,0.3,1,0,1,6,1,2,4,0,0,0,0,CR-13TH AVE W,,-122.2513278,47.845097222,0,1,13,80,5,35,34,0,0,1,5,8,1,1,2,1,1,1,2,53,0,35,472,2000,0,,8,8.0,,,,,1,1,64,2,0.0,,0,0,3,0,11,0,,,,,0.0,0.0,0.0,2.0,1,10,,,,0,,,,,,98,,,,,,98037.0,53,61.0,125.0,1.0,1.0,0.0,0.0,1.0,0.0,,97,,,,,,0,04/15/2018,04/15/2018,20,0,0,0,8.0,9,8,,,0,,,8,8,8.0,95.0,,,96.0,,,8,95,995.0,,,,,,,,,,,,,,,,,,,,,,,,,,,,,,0,0,0,0,0,0,0,0,0,1,0,1,0,1,0,0,0,0,0,0,0,0,0,0,0,0,0,0,0,1,0,1,0,0,0,,0,0,0,0,0,0,0,0,0,0,0,1,0,0,0,0,,,,,,61-65,56-65,County road,R,Tuesday,Belt Used,PV,Not Fatal,0,0,0,0,County Road,County Sheriff,Snohomish County Sheriff's Office,0,0,1,0,0,,,,,,0.0,0.0,1.0,,,,,,,,,,,98.0,98.0,98.0,0.0,,,,,20.0,,,,,,,,,1.0,0.0,,,13TH AVE W,0.316,,,98037
3579,2021,270,EB54862,31.0,07/23/2021,4:00,23,7,,45,Mason,0,1,,2,1,7,1,0,1,1,,,,1,0,0,2.7,1,0,1,5,2,2,4,0,0,0,0,CR-E JOHNS PRAIRIE RD,,-123.0665694,47.247663889,0,1,98,6,1,45,3,0,0,1,2,1,3,1,2,1,14,1,1,53,0,35,48,2007,0,,68,1.0,64.0,38.0,42.0,,1,1,40,1,7.0,,4,7,3,0,11,0,07/23/2021,4:00,53037058.0,37058.0,0.0,0.0,3.0,3.0,1,58,,,,96,,,,,,98,,,,,,98584.0,53,73.0,180.0,6.0,1.0,0.0,0.0,0.0,1.0,,0,,,,,,3,05/15/2021,05/15/2021,20,0,0,0,0.0,9,8,,,0,,,8,8,2.0,1.0,,,1.0,,,2,1,0.197,,,,,,,,,,,,,,,,,,,,,,,,,,,,,,0,0,0,0,1,1,0,1,0,0,0,0,1,0,0,0,0,0,0,0,0,0,0,0,0,0,0,0,0,1,0,0,0,0,0,,1,0,0,0,0,1,0,1,0,1,0,0,0,1,0,1,,,,,,36-40,36-45,County road,U,Friday,Belt Used,PV,White,0,0,0,0,County Road,County Sheriff,Mason County Sheriff's Office,0,0,1,0,0,,,,,,0.0,0.0,0.0,,,,,,,,,,,98.0,98.0,98.0,1.0,,,,,20.0,,,,,,,,,1.0,0.0,,,JOHNS PRAIRIE RD,2.703,,,98555
3580,2021,271,EB54942,3.0,07/29/2021,20:10,29,7,,53,Pierce,2230,1,,1,1,1,1,0,1,1,,,,25,0,0,58.0,19,1,1,2,2,1,3,0,0,0,0,SR-7,,-122.428925,47.230372222,0,1,6,12,2,98,80,0,0,1,2,25,2,2,4,3,14,1,1,53,0,72,706,2020,0,,64,25.0,69.0,1.0,,,1,1,53,1,7.0,,4,7,20,7,11,0,07/29/2021,20:31,223053037094.0,37094.0,0.0,0.0,3.0,2.0,1,0,,,,96,,,,,,98,,,,,,98444.0,53,70.0,185.0,6.0,1.0,0.0,0.0,0.0,1.0,,0,,,,,,4,11/15/2019,11/15/2019,20,8,0,0,0.0,9,8,,,0,,,8,8,0.0,0.0,,,0.0,,,0,0,996.0,,,,,,,,,,,,,,,,,,,,,,,,,,,,,,0,0,1,0,0,0,0,0,0,0,0,0,1,0,1,0,0,0,0,0,0,0,0,0,0,0,0,0,1,0,0,0,0,0,1,1.0,0,0,0,0,0,0,0,0,0,1,0,0,0,0,0,0,,,,,,51-55,46-55,State route,U,Thursday,,MC,White,1,0,0,0,State Route,State Patrol,Washington State Patrol,0,1,0,0,0,,,,,,0.0,0.0,0.0,,,,,,,,,,,0.0,0.0,0.0,1.0,,,,,16.0,,,,,,,,,1.0,0.0,,,,,,,98402
3581,2021,272,EB55152,160.0,06/10/2021,20:00,10,6,,33,King,1030,1,,1,1,2,1,0,2,2,,,,5,0,0,0.0,1,0,1,4,2,4,6,0,0,0,0,VETERANS DR,,-122.2843083,47.395169444,0,1,0,98,7,40,61,0,0,1,2,5,1,2,2,2,1,1,2,53,0,20,881,1996,0,,5,64.0,65.0,64.0,30.0,12.0,1,1,42,1,1.0,,4,7,99,7,11,0,06/10/2021,20:00,103053029166.0,29166.0,0.0,0.0,0.0,3.0,1,0,,,,92,,,,,,98,,,,,,98001.0,53,65.0,150.0,6.0,1.0,0.0,1.0,1.0,0.0,,0,,,,,,0,08/15/2018,08/15/2018,20,0,0,0,0.0,9,8,,,0,,,8,8,2.0,996.0,996.0,401.0,1.0,1.0,1.0,2,1,0.0,,,,,,,,,,,,,,,,,,,,,,,,,,,,,,0,0,0,0,0,0,1,1,0,0,0,0,0,0,0,0,1,0,0,0,0,0,0,0,0,0,0,0,0,1,1,0,0,0,0,,0,1,0,0,0,0,1,1,1,0,0,0,0,0,1,0,,,,,,41-45,36-45,City street,U,Thursday,,MHTRUCK,Hispanic,0,0,0,0,City Street,Municipal/City Police,Kent Police Department,0,0,0,1,0,,,,,,0.0,0.0,0.0,1.0,,,,,417.0,,,,,0.0,0.0,0.0,98.0,,,,,20.0,,,,,,,,,1.0,0.0,,,,,,,98089
3582,2021,272,EB55152,160.0,06/10/2021,20:00,10,6,,33,King,1030,1,,1,1,2,1,0,2,2,,,,5,0,0,0.0,1,0,1,4,2,4,6,0,0,20,3,VETERANS DR,,-122.2843083,47.395169444,0,2,98,98,7,98,15,0,0,1,2,12,1,2,3,1,5,1,1,53,0,37,421,2012,0,,12,,,,,,1,1,46,2,0.0,,0,0,3,0,11,0,,,,,0.0,0.0,3.0,3.0,1,0,,,,96,,,,,,98,,,,,,98032.0,53,64.0,188.0,6.0,1.0,0.0,0.0,0.0,0.0,,0,,,,,,0,,,8,0,0,0,8.0,9,8,,,0,,,8,8,0.0,0.0,,,0.0,,,0,0,996.0,,,,,,,,,,,,,,,,,,,,,,,,,,,,,,0,0,0,0,0,0,1,1,0,0,0,0,0,0,0,0,1,0,0,0,0,0,0,0,0,0,0,0,0,1,1,0,0,0,0,,0,0,0,0,0,0,0,0,0,0,0,0,0,0,0,0,,,,,,46-50,46-55,City street,U,Thursday,Belt Used,PV,Not Fatal,0,0,0,0,City Street,Municipal/City Police,Kent Police Department,0,0,0,1,0,,,,,,0.0,0.0,0.0,,,,,,,,,,,98.0,98.0,98.0,0.0,,,,,20.0,,,,,,,,,1.0,0.0,,,,,,,98089