,year,case,par,repjur,crash_dt,crash_tm,accday,accmon,holiday,county,co_char,city,weather,weather2,lightcond,surfcond,surftype,numfatal,nmforms,pforms,vforms,not_tm,arr_tm,hosp_tm,fhevent,hitrun,manncol,milepnt,reljunc,reljuncinter,intersectiontype,funcsystem,landuse,ownership,route,schlbus,spejur,contdev,devfunc,trafid1,trafid2,x,y,wk_zone,vnumber,crashtype,criticalevent,criticaleventcat,spdlim,body,trailer,emerg,hazcargo,leave,mhevent,roadalgn,roadprof,traflane,trafflow,vehmanvr,numoccs,regowner,regstate,spuse,make,model,modelyr,vrf1,vrf2,seqevent1,seqevent2,seqevent3,seqevent4,seqevent5,seqevent6,pnumber,ptype,age,sex,hispanic,race,injury,diedscene,restraint,restraintmisuse,seatpos,takehosp,death_dt,death_tm,cert,cernum_wa,commlic,licendor,licrestrict,liccomp,drivpres,drf1,drf2,drf3,drf4,distract1,distract2,distract3,distract4,distract5,distract6,dricond1,dricond2,dricond3,dricond4,dricond5,dricond6,dzip,licstate,drhgt_in,weight,noncdl,noncdltype,prevdwi,prevoth,prevacc,prevspd,prevsus,driviol1,driviol2,driviol3,driviol4,driviol5,driviol6,spdrel,first_dt,last_dt,airbag,ejection,ejectpath,extricat,injurwrk,methalc,methdrug,nmlocat,strikveh,prf1,prf2,prf3,druginv,alcinvol,drugsts,drugres1,drugres2,drugres3,drugtst1,drugtst2,drugtst3,alcsts,alctst,alcres,nmact1,nmact2,nmact3,nmact4,nmact5,nmact6,nmprior1,nmprior2,nmprior3,nmprior4,nmprior5,nmprior6,nmcond1,nmcond2,nmcond3,nmcond4,nmcond5,nmcond6,nmsafe_helmet,nmsafe_pads,nmsafe_oth,nmprev_ref,nmprev_lgt,nmprev_oth,crashlocation,nmcrashtype,crosswalk,schoolzone,sidewalk,train_inv,wildlife_inv,rotr_fars,intersect_fars,dd_inv,aid_inv,dpd_inv,id_inv,mj_inv,impnm_inv,ainm_inv,dpnm_inv,speed_inv,unlic_inv,unendmc_inv,drowsy_inv,drdist_inv,nmdist_inv,fty_inv,unrestfat_inv,dr1617_inv,dr1820_inv,dr1620_inv,dr2125_inv,dr1625_inv,dr65_inv,dr70_inv,dr75_inv,mc_inv,pv_inv,ht_inv,ped_inv,bike_inv,unrest_fat,mc_fat,unhelmet_mc,pv_fat,ht_fat,ped_fat,bike_fat,dr_alc7,dr_alc8,dr_drug,dr_imp,dr_dist,dr_spd,dr_fty,dr_unlic,dr_alc7only,dr_alc8only,dr_drugonly,dr_drink,nm_imp,nm_alc7,nm_alc8,nm_drug,nm_dist,agegrp1,agegrp2,roadclass,urbrur,dayweek,restuse,vehtype,race_me,intersect,lanedep,oppdir,wrongway,rep_typ,investag,repag_long,rotr,st_rd,cty_rd,city_rd,oth_rd,drug_thc,thc_res,drug_cthc,cthc_res,drug_cann,prevpersemin,prevperse,prevsusoth,drugtst4,drugtst5,drugtst6,drugtst7,drugtst8,drugres4,drugres5,drugres6,drugres7,drugres8,adspresent,adsengaged,adslevel,race1,race2,race3,race4,race5,helmet,helmetmisuse,nmdistract1,nmdistract2,nmdistract3,nmdistract4,nmdistract5,nmdistract6,lab,isedtcase,crf1,crf2,crf3,CoRoadName,CoMP,IntCoRoadName,IntCoMP,zipcode
3602,2021,286,EB56433,6.0,08/08/2021,0:35,8,8,,25,Grant,0,1,,2,1,2,1,0,5,3,,,,12,0,2,10.6,1,0,1,4,1,1,3,0,0,0,0,SR-243,,-119.9138194,46.689861111,0,1,50,10,2,60,34,0,0,1,2,12,1,1,2,1,6,1,1,53,0,23,481,2015,0,,68,12.0,54.0,,,,1,1,21,1,0.0,,3,0,20,7,11,5,,,,,0.0,0.0,0.0,3.0,1,33,,,,96,,,,,,9,,,,,,99349.0,53,73.0,225.0,6.0,1.0,0.0,0.0,0.0,0.0,,1,12.0,,,,,0,,,8,0,0,0,8.0,9,8,,,0,,,8,1,2.0,1.0,,,1.0,,,2,1,0.1,,,,,,,,,,,,,,,,,,,,,,,,,,,,,,0,0,0,0,1,1,0,1,0,0,0,0,0,0,0,0,0,0,0,0,0,0,0,1,1,0,0,0,0,1,0,0,0,0,0,,0,0,0,0,0,1,0,1,0,0,0,0,0,1,0,1,,,,,,21-25,16-25,State route,R,Sunday,Not Used,PV,Not Fatal,0,1,1,0,State Route,State Patrol,Washington State Patrol,0,1,0,0,0,,,,,,0.0,0.0,0.0,,,,,,,,,,,98.0,98.0,98.0,0.0,,,,,20.0,,,,,,,,,1.0,14.0,,,,,,,99349
3603,2021,286,EB56433,6.0,08/08/2021,0:35,8,8,,25,Grant,0,1,,2,1,2,1,0,5,3,,,,12,0,2,10.6,1,0,1,4,1,1,3,0,0,0,0,SR-243,,-119.9138194,46.689861111,0,2,98,98,7,60,15,0,0,1,5,54,1,1,2,1,1,3,1,53,0,20,423,2017,0,,54,,,,,,1,1,45,1,0.0,,0,0,3,0,11,0,,,,,0.0,0.0,3.0,3.0,1,0,,,,96,,,,,,98,,,,,,99301.0,53,64.0,150.0,6.0,1.0,0.0,0.0,0.0,0.0,,0,,,,,,0,,,20,0,0,0,8.0,9,8,,,0,,,8,8,0.0,0.0,,,0.0,,,0,0,996.0,,,,,,,,,,,,,,,,,,,,,,,,,,,,,,0,0,0,0,1,1,0,1,0,0,0,0,0,0,0,0,0,0,0,0,0,0,0,1,1,0,0,0,0,1,0,0,0,0,0,,0,0,0,0,0,0,0,0,0,0,0,0,0,0,0,0,,,,,,41-45,36-45,State route,R,Sunday,Belt Used,PV,Not Fatal,0,1,1,0,State Route,State Patrol,Washington State Patrol,0,1,0,0,0,,,,,,0.0,0.0,0.0,,,,,,,,,,,98.0,98.0,98.0,0.0,,,,,20.0,,,,,,,,,1.0,14.0,,,,,,,99349
3604,2021,286,EB56433,6.0,08/08/2021,0:35,8,8,,25,Grant,0,1,,2,1,2,1,0,5,3,,,,12,0,2,10.6,1,0,1,4,1,1,3,0,0,0,0,SR-243,,-119.9138194,46.689861111,0,3,51,62,4,60,15,0,0,1,5,12,1,1,2,1,1,1,2,41,0,19,421,2007,0,,12,,,,,,1,1,45,1,1.0,,4,7,3,0,11,0,08/08/2021,0:35,53038785.0,38785.0,0.0,0.0,0.0,3.0,1,0,,,,96,,,,,,98,,,,,,99341.0,53,72.0,188.0,6.0,1.0,0.0,3.0,0.0,3.0,,0,,,,,,0,06/15/2017,07/15/2020,20,0,0,0,0.0,9,8,,,0,,,8,8,2.0,1.0,,,1.0,,,2,1,0.0,,,,,,,,,,,,,,,,,,,,,,,,,,,,,,0,0,0,0,1,1,0,1,0,0,0,0,0,0,0,0,0,0,0,0,0,0,0,1,1,0,0,0,0,1,0,0,0,0,0,,1,0,0,0,0,0,0,0,0,0,0,0,0,0,0,0,,,,,,41-45,36-45,State route,R,Sunday,Belt Used,PV,Hispanic,0,1,1,0,State Route,State Patrol,Washington State Patrol,0,1,0,0,0,,,,,,0.0,0.0,0.0,,,,,,,,,,,98.0,98.0,98.0,298.0,,,,,20.0,,,,,,,,,1.0,14.0,,,,,,,99349
3605,2021,287,EB36830,2.0,06/01/2021,21:25,1,6,,73,Whatcom,0,1,,1,1,2,1,0,1,1,,,,39,0,0,,3,0,10,6,1,2,4,0,0,28,3,CR-ROOSEVELT WAY,BAY VIEW RD,-123.0354667,49.002033333,0,1,6,12,2,30,4,0,0,1,2,39,2,1,2,1,14,1,9,95,0,29,5,2019,0,,68,64.0,39.0,2.0,,,1,1,18,1,7.0,,4,0,2,0,11,0,06/02/2021,4:40,11053027262.0,27262.0,0.0,0.0,0.0,3.0,1,8,,,,96,,,,,,98,,,,,,98584.0,53,63.0,95.0,6.0,2.0,0.0,0.0,0.0,0.0,,0,,,,,,3,,,8,0,0,0,0.0,9,8,,,0,,,8,1,2.0,1.0,,,1.0,,,2,1,0.07,,,,,,,,,,,,,,,,,,,,,,,,,,,,,,0,0,1,1,1,0,0,0,0,0,0,0,1,0,0,0,0,0,0,0,0,1,1,0,1,0,0,0,0,1,0,0,0,0,0,,1,0,0,0,1,0,0,0,0,1,0,0,1,0,0,1,,,,,,18-20,16-25,County road,R,Tuesday,Belt Used,PV,White,0,1,0,0,County Road,State Patrol,Washington State Patrol,1,0,1,0,0,,,,,,0.0,0.0,0.0,,,,,,,,,,,98.0,98.0,98.0,1.0,,,,,20.0,,,,,,,,,0.0,0.0,,,ROOSEVELT WY,2.42,BAY VIEW DR,0.41,98281
3606,2021,288,EB36670,4.0,06/02/2021,13:20,2,6,,75,Whitman,0,1,,1,1,2,2,0,2,1,,,,59,0,0,,1,0,1,3,1,1,3,0,0,0,0,SR-26,,-117.6138083,46.812377778,0,1,2,13,2,65,4,0,0,1,2,1,3,1,2,1,14,2,2,53,0,20,20,1992,0,,63,59.0,1.0,,,,1,1,21,1,1.0,,4,0,20,7,11,5,06/02/2021,15:32,211053027149.0,27149.0,0.0,0.0,0.0,0.0,1,0,,,,96,,,,,,9,,,,,,99354.0,53,71.0,155.0,3.0,7.0,0.0,0.0,0.0,1.0,,0,,,,,,0,06/15/2021,06/15/2021,20,1,9,0,0.0,1,8,,,0,,,8,1,8.0,95.0,,,96.0,,,2,1,0.101,,,,,,,,,,,,,,,,,,,,,,,,,,,,,,0,0,0,0,1,1,0,1,0,0,0,0,0,1,0,0,0,0,0,1,0,0,0,1,1,0,0,0,0,1,0,0,0,1,0,,1,0,0,0,0,1,0,1,0,0,0,1,0,1,0,1,,,,,,21-25,16-25,State route,R,Wednesday,Not Used,PV,Hispanic,0,1,0,0,State Route,State Patrol,Washington State Patrol,1,1,0,0,0,,,,,,0.0,0.0,1.0,,,,,,,,,,,0.0,0.0,0.0,201.0,298.0,,,,20.0,,,,,,,,,0.0,0.0,,,,,,,99143
3607,2021,289,EB57005,26.0,08/09/2021,22:42,9,8,,35,Kitsap,0,1,,2,1,2,1,1,1,1,,,,8,1,0,2.9,1,0,1,4,2,2,4,0,0,0,0,CR-CLEAR CREEK RD NW,,-122.6920556,47.705730556,0,1,13,80,5,98,4,0,0,1,5,8,8,2,2,1,1,99,9,99,0,99,399,9999,0,,8,,,,,,1,1,999,9,0.0,,9,0,99,7,11,0,,,,,99.0,9.0,9.0,9.0,1,0,,,,96,,,,,,98,,,,,,99999.0,99,,999.0,9.0,9.0,99.0,99.0,99.0,99.0,,0,,,,,,0,,,99,0,0,0,8.0,9,8,,,0,,,8,8,0.0,0.0,,,0.0,,,0,0,996.0,,,,,,,,,,,,,,,,,,,,,,,,,,,,,,0,0,0,0,0,0,0,0,0,1,1,1,0,0,0,0,0,0,0,0,0,0,0,0,0,0,0,0,0,1,0,1,0,0,0,,0,0,0,0,0,0,0,0,0,0,0,0,0,0,0,0,,,,,,,,County road,U,Monday,Unknown,PV,Not Fatal,0,0,0,0,County Road,County Sheriff,Kitsap County Sheriff's Office,0,0,1,0,0,,,,,,99.0,99.0,99.0,,,,,,,,,,,98.0,98.0,98.0,0.0,,,,,20.0,,,,,,,,,1.0,0.0,,,CLEAR CRK RD NW,2.865,,,98370
3608,2021,290,EB57248,1.0,08/10/2021,17:40,10,8,,23,Garfield,0,1,,1,1,2,1,0,1,1,,,,34,0,0,408.0,1,0,1,3,1,1,2,0,0,0,0,US-12,,-117.45935,46.446244444,0,1,1,13,2,60,80,0,0,1,2,34,3,2,3,1,14,1,1,53,0,72,706,2006,0,,63,34.0,,,,,1,1,64,1,7.0,,4,0,20,7,11,5,08/10/2021,18:51,169053039423.0,39423.0,0.0,0.0,0.0,3.0,1,0,,,,92,,,,,,98,,,,,,98671.0,53,72.0,220.0,6.0,1.0,0.0,0.0,0.0,0.0,,0,,,,,,0,,,20,8,0,0,0.0,9,8,,,0,,,8,8,2.0,1.0,,,1.0,,,2,1,0.032,,,,,,,,,,,,,,,,,,,,,,,,,,,,,,0,0,1,0,1,0,0,0,0,0,0,0,0,0,0,0,1,0,0,0,0,0,0,0,0,0,0,0,1,0,0,0,0,0,1,0.0,0,0,0,0,1,0,0,0,1,0,0,0,1,0,0,1,,,,,,61-65,56-65,US highway,R,Tuesday,,MC,White,0,1,0,0,State Route,State Patrol,Washington State Patrol,1,1,0,0,0,,,,,,0.0,0.0,0.0,,,,,,,,,,,0.0,0.0,0.0,1.0,,,,,5.0,,,,,,,,,1.0,0.0,,,,,,,99347
3609,2021,291,EB57277,5.0,08/12/2021,0:00,12,8,,11,Clark,0,1,,2,1,1,2,0,5,2,,,,12,0,1,8.2,1,0,1,1,2,1,1,0,0,4,3,I-5,,-122.6571056,45.731980556,1,1,32,51,3,60,4,0,0,1,2,12,1,1,4,3,15,4,1,53,0,41,51,2005,0,,12,,,,,,1,1,35,2,7.0,,4,7,3,0,11,0,08/12/2021,0:00,53039491.0,39491.0,0.0,0.0,3.0,2.0,1,0,,,,92,,,,,,98,,,,,,98632.0,53,70.0,130.0,1.0,1.0,0.0,0.0,1.0,0.0,,0,,,,,,0,10/15/2017,10/15/2017,8,0,0,0,0.0,9,8,,,0,,,8,8,2.0,695.0,605.0,401.0,1.0,1.0,1.0,2,1,0.0,,,,,,,,,,,,,,,,,,,,,,,,,,,,,,0,0,0,0,0,0,1,1,1,0,0,0,0,1,0,0,1,0,0,1,0,0,0,0,0,0,0,0,0,1,1,0,0,0,0,,1,0,0,0,0,0,1,1,1,0,0,1,0,0,1,0,,,,,,31-35,26-35,Interstate,U,Thursday,Belt Used,PV,Multiracial,0,0,0,0,State Route,State Patrol,Washington State Patrol,0,1,0,0,0,thc,4.3,carboxy-thc,10.0,,0.0,0.0,3.0,1.0,,,,,417.0,,,,,98.0,98.0,98.0,201.0,202.0,,,,20.0,,,,,,,,nms,1.0,0.0,,,,,,,98642
3610,2021,291,EB57277,5.0,08/12/2021,0:00,12,8,,11,Clark,0,1,,2,1,1,2,0,5,2,,,,12,0,1,8.2,1,0,1,1,2,1,1,0,0,4,3,I-5,,-122.6571056,45.731980556,1,2,32,53,3,60,63,0,0,1,2,12,1,1,4,3,4,1,3,53,0,84,881,2007,0,,12,,,,,,1,1,54,2,0.0,,0,0,3,0,11,0,,,,,6.0,0.0,0.0,3.0,1,0,,,,96,,,,,,98,,,,,,98683.0,53,62.0,185.0,6.0,1.0,0.0,0.0,0.0,0.0,,0,,,,,,0,,,20,0,0,0,8.0,9,8,,,0,,,8,8,0.0,0.0,,,0.0,,,0,0,996.0,,,,,,,,,,,,,,,,,,,,,,,,,,,,,,0,0,0,0,0,0,1,1,1,0,0,0,0,1,0,0,1,0,0,1,0,0,0,0,0,0,0,0,0,1,1,0,0,0,0,,0,0,0,0,0,0,0,0,0,0,0,0,0,0,0,0,,,,,,51-55,46-55,Interstate,U,Thursday,,MHTRUCK,Not Fatal,0,0,0,0,State Route,State Patrol,Washington State Patrol,0,1,0,0,0,,,,,,0.0,0.0,0.0,,,,,,,,,,,98.0,98.0,98.0,0.0,,,,,20.0,,,,,,,,,1.0,0.0,,,,,,,98642
3611,2021,292,EB57524,1.0,08/06/2021,5:08,6,8,,71,Walla Walla,0,1,,2,1,2,1,0,2,2,,,,12,0,2,9.1,1,0,1,4,1,1,3,0,0,0,0,SR-124,,-118.8362278,46.236563889,0,1,50,10,2,65,4,0,0,1,2,12,1,2,2,1,6,1,2,53,0,37,31,2001,0,,68,12.0,,,,,1,1,30,1,1.0,,4,7,3,0,11,0,08/06/2021,5:08,53038738.0,38738.0,99.0,9.0,9.0,9.0,1,33,,,,96,,,,,,98,,,,,,99336.0,99,,999.0,9.0,9.0,99.0,99.0,99.0,99.0,,0,,,,,,0,,,8,0,0,0,0.0,9,8,,,0,,,8,8,0.0,0.0,,,0.0,,,0,0,996.0,,,,,,,,,,,,,,,,,,,,,,,,,,,,,,0,0,0,0,0,0,0,0,0,0,0,0,0,0,0,0,0,0,0,0,0,0,0,0,0,0,0,0,0,1,0,0,0,0,0,,1,0,0,0,0,0,0,0,0,0,0,0,0,0,0,0,,,,,,26-30,26-35,State route,R,Friday,Belt Used,PV,Hispanic,0,1,1,0,State Route,State Patrol,Washington State Patrol,0,1,0,0,0,,,,,,99.0,99.0,99.0,,,,,,,,,,,98.0,98.0,98.0,298.0,,,,,20.0,,,,,,,,,1.0,0.0,,,,,,,99323
3612,2021,292,EB57524,1.0,08/06/2021,5:08,6,8,,71,Walla Walla,0,1,,2,1,2,1,0,2,2,,,,12,0,2,9.1,1,0,1,4,1,1,3,0,0,0,0,SR-124,,-118.8362278,46.236563889,0,2,51,62,4,65,14,0,0,1,2,12,1,2,2,1,1,1,1,53,0,49,402,2000,0,,12,,,,,,1,1,44,1,0.0,,3,0,3,0,11,5,,,,,99.0,9.0,9.0,9.0,1,0,,,,96,,,,,,98,,,,,,99301.0,99,,999.0,9.0,9.0,99.0,99.0,99.0,99.0,,0,,,,,,0,,,8,0,0,0,8.0,9,2,,,0,,,8,8,8.0,95.0,,,96.0,,,0,0,996.0,,,,,,,,,,,,,,,,,,,,,,,,,,,,,,0,0,0,0,0,0,0,0,0,0,0,0,0,0,0,0,0,0,0,0,0,0,0,0,0,0,0,0,0,1,0,0,0,0,0,,0,0,0,0,0,0,0,0,0,0,0,0,0,0,0,0,,,,,,41-45,36-45,State route,R,Friday,Belt Used,PV,Not Fatal,0,1,1,0,State Route,State Patrol,Washington State Patrol,0,1,0,0,0,,,,,,99.0,99.0,99.0,,,,,,,,,,,98.0,98.0,98.0,0.0,,,,,20.0,,,,,,,,,1.0,0.0,,,,,,,99323
3613,2021,293,EB57697,169.0,08/07/2021,3:18,7,8,,67,Thurston,1102,1,,3,1,2,1,0,1,1,,,,1,0,0,0.0,2,0,6,3,2,4,6,0,0,21,3,COLLEGE ST SE,22nd Ave SE,-122.8233194,47.027511111,0,1,98,9,1,35,80,0,0,1,2,1,1,1,3,1,1,1,2,53,0,76,705,2004,0,,1,,,,,,1,1,23,1,7.0,,4,0,20,7,11,5,08/07/2021,5:04,159053038607.0,38607.0,0.0,0.0,0.0,2.0,1,0,,,,96,,,,,,98,,,,,,99338.0,53,71.0,160.0,6.0,1.0,1.0,1.0,1.0,3.0,,0,,,,,,3,10/15/2017,07/15/2020,20,8,0,0,0.0,9,8,,,0,,,8,8,2.0,695.0,605.0,,1.0,1.0,,2,1,0.13,,,,,,,,,,,,,,,,,,,,,,,,,,,,,,0,0,0,1,1,1,1,1,1,0,0,0,1,0,1,0,0,0,0,0,0,0,0,1,1,0,0,0,1,0,0,0,0,0,1,0.0,0,0,0,0,0,1,1,1,0,1,0,0,0,0,0,1,,,,,,21-25,16-25,City street,U,Saturday,,MC,Black,1,0,0,0,City Street,Municipal/City Police,Lacey Police Department,0,0,0,1,0,thc,3.0,carboxy-thc,33.0,,0.0,0.0,1.0,,,,,,,,,,,0.0,0.0,0.0,2.0,,,,,5.0,,,,,,,,nms,1.0,0.0,,,,,,,98503
3614,2021,294,EB57764,8.0,08/02/2021,23:16,2,8,,27,Grays Harbor,0,1,,2,1,2,1,0,2,1,,,,42,0,0,24.3,1,0,1,5,1,1,3,0,0,0,0,SR-109,,-124.1829528,47.155055556,0,1,1,13,2,55,34,0,0,1,2,42,3,1,2,1,14,2,1,53,0,35,471,1995,0,,63,42.0,,,,,1,1,37,2,0.0,,3,0,3,0,11,5,,,,,0.0,0.0,0.0,2.0,1,0,,,,96,,,,,,98,,,,,,98569.0,53,66.0,275.0,1.0,1.0,0.0,1.0,1.0,0.0,,97,,,,,,4,05/15/2017,10/15/2020,20,0,0,0,8.0,9,8,,,0,,,8,8,0.0,0.0,,,0.0,,,0,0,996.0,,,,,,,,,,,,,,,,,,,,,,,,,,,,,,0,0,1,0,0,0,0,0,0,0,0,0,1,1,0,0,0,0,0,0,0,0,0,0,0,0,0,0,0,1,0,0,0,0,0,,0,0,0,0,0,0,0,0,0,1,0,1,0,0,0,0,,,,,,36-40,36-45,State route,R,Monday,Belt Used,PV,Not Fatal,0,1,0,0,State Route,State Patrol,Washington State Patrol,1,1,0,0,0,,,,,,0.0,0.0,0.0,,,,,,,,,,,0.0,0.0,0.0,0.0,,,,,20.0,,,,,,,,,1.0,0.0,,,,,,,98535
3615,2021,296,3835736,263.0,03/31/2021,11:59,31,3,,33,King,1960,1,,1,1,1,1,1,1,1,,,,9,0,0,0.0,2,0,2,5,2,4,6,0,0,20,3,WABASH AVE S,S Cloverdale Pl,-122.2675861,47.527713889,0,1,13,83,5,20,4,0,0,1,5,9,1,1,2,1,4,1,1,53,0,49,40,1996,0,,9,,,,,,1,1,24,1,0.0,,0,0,99,7,11,0,,,,,0.0,0.0,0.0,3.0,1,10,38.0,39.0,,0,,,,,,98,,,,,,98118.0,53,67.0,123.0,6.0,1.0,0.0,0.0,0.0,0.0,,37,,,,,,0,,,20,0,0,0,8.0,9,8,,,0,,,8,8,0.0,0.0,,,0.0,,,0,0,996.0,,,,,,,,,,,,,,,,,,,,,,,,,,,,,,0,0,0,1,0,0,0,0,0,0,0,0,0,0,0,0,0,0,1,0,0,0,0,1,1,0,0,0,0,1,0,0,1,0,0,,0,0,0,0,0,0,0,0,0,0,1,0,0,0,0,0,,,,,,21-25,16-25,City street,U,Wednesday,Unknown,PV,Not Fatal,1,0,0,0,City Street,Municipal/City Police,Seattle Police Department,0,0,0,1,0,,,,,,0.0,0.0,0.0,,,,,,,,,,,0.0,0.0,0.0,0.0,,,,,20.0,,,,,,,,,1.0,0.0,,,,,,,98118
3616,2021,297,EB43891,3.0,06/25/2021,16:06,25,6,,53,Pierce,0,1,,1,1,2,1,0,2,2,,,,1,0,0,22.5,3,0,2,3,2,1,3,0,0,3,3,SR-161,156TH ST,-122.2933139,47.114686111,0,1,98,8,1,45,80,0,0,1,2,1,1,1,6,1,1,1,1,53,0,72,706,2005,0,,1,12.0,,,,,1,1,56,1,7.0,,4,0,20,7,11,5,07/02/2021,13:20,196053034372.0,34372.0,0.0,0.0,0.0,3.0,1,0,,,,96,,,,,,98,,,,,,98375.0,53,72.0,208.0,6.0,1.0,0.0,0.0,1.0,1.0,,0,,,,,,4,12/15/2017,12/15/2017,20,8,0,0,0.0,9,8,,,0,,,8,8,9.0,999.0,,,99.0,,,9,99,999.0,,,,,,,,,,,,,,,,,,,,,,,,,,,,,,0,0,0,1,0,0,0,0,0,0,0,0,1,0,0,0,0,0,0,0,0,0,0,0,0,0,0,0,1,1,0,0,0,0,1,0.0,0,0,0,0,0,0,0,0,0,1,0,0,0,0,0,0,,,,,,56-60,56-65,State route,U,Friday,,MC,White,1,0,0,0,State Route,State Patrol,Washington State Patrol,0,1,0,0,0,,,,,,0.0,0.0,0.0,,,,,,,,,,,0.0,0.0,0.0,1.0,,,,,5.0,,,,,,,,,1.0,0.0,,,,,,,98343
3617,2021,297,EB43891,3.0,06/25/2021,16:06,25,6,,53,Pierce,0,1,,1,1,2,1,0,2,2,,,,1,0,0,22.5,3,0,2,3,2,1,3,0,0,3,3,SR-161,156TH ST,-122.2933139,47.114686111,0,2,98,53,3,45,6,0,0,1,5,12,1,1,6,1,5,1,1,53,0,12,24,2011,0,,12,,,,,,1,1,32,1,0.0,,0,0,3,0,11,0,,,,,0.0,0.0,0.0,3.0,1,0,,,,96,,,,,,98,,,,,,98103.0,53,68.0,176.0,6.0,1.0,0.0,0.0,0.0,0.0,,0,,,,,,0,,,20,0,0,0,8.0,9,8,,,0,,,8,8,8.0,95.0,,,96.0,,,8,95,995.0,,,,,,,,,,,,,,,,,,,,,,,,,,,,,,0,0,0,1,0,0,0,0,0,0,0,0,1,0,0,0,0,0,0,0,0,0,0,0,0,0,0,0,1,1,0,0,0,0,0,,0,0,0,0,0,0,0,0,0,0,0,0,0,0,0,0,,,,,,31-35,26-35,State route,U,Friday,Belt Used,PV,Not Fatal,1,0,0,0,State Route,State Patrol,Washington State Patrol,0,1,0,0,0,,,,,,0.0,0.0,0.0,,,,,,,,,,,98.0,98.0,98.0,0.0,,,,,20.0,,,,,,,,,1.0,0.0,,,,,,,98343
3618,2021,298,EB57701,6.0,08/11/2021,15:34,11,8,,25,Grant,0,1,,1,1,2,2,0,3,2,,,,12,0,6,4.0,2,0,2,4,1,1,3,0,0,20,3,SR-283,ADAMS RD,-119.7688361,47.142788889,0,1,88,17,2,60,62,0,0,1,2,12,1,1,2,1,1,1,3,53,0,98,806,2016,0,,12,,,,,,1,1,37,1,0.0,,0,0,3,0,11,0,,,,,0.0,0.0,3.0,2.0,1,39,,,,96,,,,,,9,,,,,,98024.0,53,72.0,190.0,1.0,1.0,0.0,2.0,0.0,0.0,,1,12.0,,,,,0,10/15/2016,08/15/2020,20,0,0,0,8.0,9,2,,,0,,,8,1,2.0,1.0,,,1.0,,,2,1,0.25,,,,,,,,,,,,,,,,,,,,,,,,,,,,,,0,0,0,1,1,1,0,1,0,0,0,0,0,1,0,0,0,0,0,0,0,0,0,0,0,0,0,0,0,1,1,0,0,0,0,,0,0,0,0,0,1,0,1,0,0,0,1,0,1,0,1,,,,,,36-40,36-45,State route,R,Wednesday,,MHTRUCK,Not Fatal,1,0,0,0,State Route,State Patrol,Washington State Patrol,0,1,0,0,0,,,,,,0.0,0.0,2.0,,,,,,,,,,,98.0,98.0,98.0,0.0,,,,,20.0,,,,,,,,,1.0,0.0,,,,,,,98848
3619,2021,298,EB57701,6.0,08/11/2021,15:34,11,8,,25,Grant,0,1,,1,1,2,2,0,3,2,,,,12,0,6,4.0,2,0,2,4,1,1,3,0,0,0,0,SR-283,ADAMS RD,-119.7688361,47.142788889,0,2,89,66,4,60,34,0,0,1,2,12,1,1,4,1,1,2,2,53,0,20,481,2005,0,,12,,,,,,1,1,31,1,1.0,,4,7,3,0,11,0,08/11/2021,15:34,53041253.0,41253.0,0.0,0.0,0.0,3.0,1,0,,,,96,,,,,,98,,,,,,99357.0,53,70.0,175.0,6.0,1.0,0.0,0.0,0.0,2.0,,0,,,,,,0,05/15/2019,03/15/2019,8,0,0,0,0.0,9,8,,,0,,,8,8,2.0,1.0,,,1.0,,,2,1,0.0,,,,,,,,,,,,,,,,,,,,,,,,,,,,,,0,0,0,1,1,1,0,1,0,0,0,0,0,1,0,0,0,0,0,0,0,0,0,0,0,0,0,0,0,1,1,0,0,0,0,,1,0,0,0,0,0,0,0,0,0,0,0,0,0,0,0,,,,,,31-35,26-35,State route,R,Wednesday,Belt Used,PV,Hispanic,1,0,0,0,State Route,State Patrol,Washington State Patrol,0,1,0,0,0,,,,,,0.0,0.0,0.0,,,,,,,,,,,98.0,98.0,98.0,298.0,,,,,20.0,,,,,,,,,1.0,0.0,,,,,,,98848
3620,2021,299,EB57796,2.0,08/12/2021,0:30,12,8,,61,Snohomish,690,1,,2,1,2,1,0,1,1,,,,24,0,0,194.1,5,1,1,1,2,1,1,0,0,0,0,I-5 RAMP,,-122.1853028,47.982180556,0,1,1,9,1,98,80,0,0,1,5,24,2,1,2,6,14,1,1,53,0,72,706,2017,0,,63,24.0,,,,,1,1,35,1,7.0,,4,7,20,7,11,0,08/12/2021,0:30,69053039738.0,39738.0,0.0,0.0,0.0,3.0,1,0,,,,96,,,,,,9,,,,,,98282.0,53,72.0,195.0,6.0,1.0,0.0,0.0,0.0,0.0,,0,,,,,,4,,,20,8,0,0,0.0,9,8,,,0,,,8,1,2.0,605.0,124.0,996.0,1.0,1.0,1.0,2,1,0.14,,,,,,,,,,,,,,,,,,,,,,,,,,,,,,0,0,1,0,1,1,1,1,1,0,0,0,1,0,0,0,0,0,0,0,0,0,0,0,0,0,0,0,1,0,0,0,0,0,1,0.0,0,0,0,0,0,1,1,1,0,1,0,0,0,0,0,1,,,,,,31-35,26-35,Interstate,U,Thursday,,MC,White,0,1,0,0,State Route,State Patrol,Washington State Patrol,1,1,0,0,0,thc,0.69,,,,0.0,0.0,0.0,,,,,,,,,,,0.0,0.0,0.0,1.0,,,,,5.0,,,,,,,,nms,1.0,0.0,,,,,,,98201