,year,case,par,repjur,crash_dt,crash_tm,accday,accmon,holiday,county,co_char,city,weather,weather2,lightcond,surfcond,surftype,numfatal,nmforms,pforms,vforms,not_tm,arr_tm,hosp_tm,fhevent,hitrun,manncol,milepnt,reljunc,reljuncinter,intersectiontype,funcsystem,landuse,ownership,route,schlbus,spejur,contdev,devfunc,trafid1,trafid2,x,y,wk_zone,vnumber,crashtype,criticalevent,criticaleventcat,spdlim,body,trailer,emerg,hazcargo,leave,mhevent,roadalgn,roadprof,traflane,trafflow,vehmanvr,numoccs,regowner,regstate,spuse,make,model,modelyr,vrf1,vrf2,seqevent1,seqevent2,seqevent3,seqevent4,seqevent5,seqevent6,pnumber,ptype,age,sex,hispanic,race,injury,diedscene,restraint,restraintmisuse,seatpos,takehosp,death_dt,death_tm,cert,cernum_wa,commlic,licendor,licrestrict,liccomp,drivpres,drf1,drf2,drf3,drf4,distract1,distract2,distract3,distract4,distract5,distract6,dricond1,dricond2,dricond3,dricond4,dricond5,dricond6,dzip,licstate,drhgt_in,weight,noncdl,noncdltype,prevdwi,prevoth,prevacc,prevspd,prevsus,driviol1,driviol2,driviol3,driviol4,driviol5,driviol6,spdrel,first_dt,last_dt,airbag,ejection,ejectpath,extricat,injurwrk,methalc,methdrug,nmlocat,strikveh,prf1,prf2,prf3,druginv,alcinvol,drugsts,drugres1,drugres2,drugres3,drugtst1,drugtst2,drugtst3,alcsts,alctst,alcres,nmact1,nmact2,nmact3,nmact4,nmact5,nmact6,nmprior1,nmprior2,nmprior3,nmprior4,nmprior5,nmprior6,nmcond1,nmcond2,nmcond3,nmcond4,nmcond5,nmcond6,nmsafe_helmet,nmsafe_pads,nmsafe_oth,nmprev_ref,nmprev_lgt,nmprev_oth,crashlocation,nmcrashtype,crosswalk,schoolzone,sidewalk,train_inv,wildlife_inv,rotr_fars,intersect_fars,dd_inv,aid_inv,dpd_inv,id_inv,mj_inv,impnm_inv,ainm_inv,dpnm_inv,speed_inv,unlic_inv,unendmc_inv,drowsy_inv,drdist_inv,nmdist_inv,fty_inv,unrestfat_inv,dr1617_inv,dr1820_inv,dr1620_inv,dr2125_inv,dr1625_inv,dr65_inv,dr70_inv,dr75_inv,mc_inv,pv_inv,ht_inv,ped_inv,bike_inv,unrest_fat,mc_fat,unhelmet_mc,pv_fat,ht_fat,ped_fat,bike_fat,dr_alc7,dr_alc8,dr_drug,dr_imp,dr_dist,dr_spd,dr_fty,dr_unlic,dr_alc7only,dr_alc8only,dr_drugonly,dr_drink,nm_imp,nm_alc7,nm_alc8,nm_drug,nm_dist,agegrp1,agegrp2,roadclass,urbrur,dayweek,restuse,vehtype,race_me,intersect,lanedep,oppdir,wrongway,rep_typ,investag,repag_long,rotr,st_rd,cty_rd,city_rd,oth_rd,drug_thc,thc_res,drug_cthc,cthc_res,drug_cann,prevpersemin,prevperse,prevsusoth,drugtst4,drugtst5,drugtst6,drugtst7,drugtst8,drugres4,drugres5,drugres6,drugres7,drugres8,adspresent,adsengaged,adslevel,race1,race2,race3,race4,race5,helmet,helmetmisuse,nmdistract1,nmdistract2,nmdistract3,nmdistract4,nmdistract5,nmdistract6,lab,isedtcase,crf1,crf2,crf3,CoRoadName,CoMP,IntCoRoadName,IntCoMP,zipcode
3621,2021,300,EB58029,35.0,08/14/2021,0:01,14,8,,53,Pierce,0,1,,3,1,2,1,1,1,1,,,,8,0,0,6.0,1,0,1,3,2,2,4,0,0,0,0,CR-CANYON RD E,,-122.3571028,47.165930556,0,1,13,80,5,45,15,0,0,1,5,8,1,1,4,1,1,1,2,53,0,37,421,2003,0,,8,,,,,,1,1,22,2,0.0,,0,0,3,0,11,0,,,,,0.0,0.0,0.0,3.0,1,0,,,,96,,,,,,98,,,,,,98371.0,53,68.0,125.0,6.0,1.0,0.0,0.0,0.0,0.0,,0,,,,,,0,,,20,0,0,0,8.0,9,8,,,0,,,8,8,8.0,95.0,,,96.0,,,8,95,995.0,,,,,,,,,,,,,,,,,,,,,,,,,,,,,,0,0,0,0,0,0,0,0,0,1,0,1,0,0,0,0,0,0,0,0,0,0,0,1,1,0,0,0,0,1,0,1,0,0,0,,0,0,0,0,0,0,0,0,0,0,0,0,0,0,0,0,,,,,,21-25,16-25,County road,U,Saturday,Belt Used,PV,Not Fatal,0,0,0,0,County Road,County Sheriff,Law Enforcement Support Agency,0,0,1,0,0,,,,,,0.0,0.0,0.0,,,,,,,,,,,98.0,98.0,98.0,0.0,,,,,20.0,,,,,,,,,1.0,0.0,,,CANYON RD E,5.97,,,98373
3622,2021,302,EB58353,160.0,08/15/2021,2:39,15,8,,33,King,1030,1,,3,1,2,1,1,1,1,,,,9,1,0,0.0,1,0,1,5,2,4,6,0,0,0,0,W SMITH ST,,-122.2397389,47.383080556,0,1,13,83,5,35,99,0,0,1,5,9,1,1,4,1,1,99,9,99,0,99,999,9999,0,,9,,,,,,1,1,999,9,0.0,,9,0,99,7,11,0,,,,,99.0,9.0,9.0,9.0,1,0,,,,96,,,,,,98,,,,,,99999.0,99,,999.0,9.0,9.0,99.0,99.0,99.0,99.0,,97,,,,,,0,,,99,0,0,0,8.0,9,8,,,0,,,8,8,0.0,0.0,,,0.0,,,0,0,996.0,,,,,,,,,,,,,,,,,,,,,,,,,,,,,,0,0,0,0,0,0,0,0,0,1,0,1,0,0,0,0,0,0,0,0,0,0,0,0,0,0,0,0,0,0,0,0,1,0,0,,0,0,0,0,0,0,0,0,0,0,0,0,0,0,0,0,,,,,,,,City street,U,Sunday,,NR-U,Not Fatal,0,0,0,0,City Street,Municipal/City Police,Kent Police Department,0,0,0,1,0,,,,,,99.0,99.0,99.0,,,,,,,,,,,98.0,98.0,98.0,0.0,,,,,20.0,,,,,,,,,1.0,0.0,,,,,,,98032
3623,2021,303,EB58673,2.0,08/08/2021,15:50,8,8,,61,Snohomish,0,1,,1,1,2,1,0,2,2,,,,12,0,1,196.4,1,0,1,1,2,1,1,0,0,0,0,I-5,,-122.1747583,48.013263889,0,1,24,51,3,60,4,0,0,1,2,1,1,1,3,3,1,1,2,53,0,20,37,2006,0,,12,63.0,1.0,38.0,18.0,18.0,1,1,56,1,7.0,,4,7,20,7,11,0,08/08/2021,15:50,53038893.0,38893.0,0.0,0.0,0.0,0.0,1,0,,,,96,,,,,,98,,,,,,98270.0,53,70.0,200.0,2.0,1.0,0.0,1.0,0.0,0.0,,0,,,,,,0,06/15/2019,06/15/2019,1,1,9,0,0.0,9,8,,,0,,,8,8,2.0,401.0,417.0,,1.0,1.0,,2,1,0.0,,,,,,,,,,,,,,,,,,,,,,,,,,,,,,0,0,0,0,0,0,1,1,0,0,0,0,0,1,0,0,0,0,0,1,0,0,0,0,0,0,0,0,1,1,0,0,0,1,0,,1,0,0,0,0,0,1,1,0,0,0,1,0,0,1,0,,,,,,56-60,56-65,Interstate,U,Sunday,Not Used,PV,White,0,0,0,0,State Route,State Patrol,Washington State Patrol,0,1,0,0,0,,,,,,0.0,0.0,0.0,,,,,,,,,,,98.0,98.0,98.0,1.0,,,,,20.0,,,,,,,,,1.0,0.0,,,,,,,98201
3624,2021,303,EB58673,2.0,08/08/2021,15:50,8,8,,61,Snohomish,0,1,,1,1,2,1,0,2,2,,,,12,0,1,196.4,1,0,1,1,2,1,1,0,0,0,0,I-5,,-122.1747583,48.013263889,0,2,25,53,3,60,80,0,0,1,2,12,1,1,3,3,1,1,1,53,0,76,706,2014,0,,12,,,,,,1,1,64,1,0.0,,3,0,20,7,11,5,,,,,0.0,0.0,3.0,3.0,1,0,,,,96,,,,,,98,,,,,,98271.0,53,75.0,180.0,6.0,1.0,0.0,0.0,0.0,0.0,,0,,,,,,0,,,20,8,0,0,8.0,9,8,,,0,,,8,8,0.0,0.0,,,0.0,,,0,0,996.0,,,,,,,,,,,,,,,,,,,,,,,,,,,,,,0,0,0,0,0,0,1,1,0,0,0,0,0,1,0,0,0,0,0,1,0,0,0,0,0,0,0,0,1,1,0,0,0,0,0,0.0,0,0,0,0,0,0,0,0,0,0,0,0,0,0,0,0,,,,,,61-65,56-65,Interstate,U,Sunday,,MC,Not Fatal,0,0,0,0,State Route,State Patrol,Washington State Patrol,0,1,0,0,0,,,,,,0.0,0.0,0.0,,,,,,,,,,,0.0,0.0,0.0,0.0,,,,,5.0,,,,,,,,,1.0,0.0,,,,,,,98201
3625,2021,304,EB58675,4.0,08/15/2021,16:03,15,8,,1,Adams,0,1,,1,1,2,1,0,4,1,,,,1,0,0,210.4,1,0,1,1,1,1,1,0,0,0,0,I-90,,-118.5603861,47.111211111,0,1,6,12,2,70,20,0,0,1,2,1,1,2,2,2,1,4,1,53,0,12,442,2001,0,,64,1.0,,,,,1,1,36,1,0.0,,0,0,3,0,11,0,,,,,0.0,0.0,0.0,2.0,1,6,,,,96,,,,,,9,,,,,,98837.0,53,69.0,165.0,1.0,1.0,0.0,0.0,0.0,0.0,,1,2.0,,,,,0,,,20,0,0,0,8.0,9,2,,,0,,,1,8,2.0,695.0,605.0,401.0,1.0,1.0,1.0,2,1,0.0,,,,,,,,,,,,,,,,,,,,,,,,,,,,,,0,0,1,0,0,0,1,1,1,0,0,0,0,1,0,0,0,0,0,0,0,0,0,0,0,0,0,0,0,1,0,0,0,0,0,,0,0,0,0,0,0,1,1,0,0,0,1,0,0,1,0,,,,,,36-40,36-45,Interstate,R,Sunday,Belt Used,PV,Not Fatal,0,1,0,0,State Route,State Patrol,Washington State Patrol,1,1,0,0,0,thc,3.6,carboxy-thc,51.0,,0.0,0.0,0.0,1.0,,,,,417.0,,,,,98.0,98.0,98.0,0.0,,,,,20.0,,,,,,,,,1.0,0.0,,,,,,,
3626,2021,305,EB58842,248.0,08/16/2021,17:01,16,8,,33,King,1830,1,,1,1,1,1,0,6,4,,,,12,0,6,0.0,2,0,2,4,2,4,6,0,0,3,3,LIND AVE SW,SW 16th St,-122.2233417,47.466080556,0,1,87,17,2,35,21,0,0,1,2,12,1,1,5,1,1,1,3,53,0,23,461,2014,0,,12,68.0,12.0,12.0,,,1,1,32,1,0.0,,0,0,3,0,11,0,,,,,0.0,0.0,0.0,3.0,1,0,,,,96,,,,,,98,,,,,,98033.0,53,72.0,170.0,6.0,1.0,0.0,1.0,0.0,0.0,,0,,,,,,0,01/15/2019,01/15/2019,20,0,0,0,8.0,9,8,,,0,,,8,8,8.0,95.0,,,96.0,,,8,95,995.0,,,,,,,,,,,,,,,,,,,,,,,,,,,,,,0,0,0,1,0,0,0,0,0,0,0,0,0,0,0,0,0,0,0,0,0,0,0,0,0,1,0,0,0,1,1,0,0,0,0,,0,0,0,0,0,0,0,0,0,0,0,0,0,0,0,0,,,,,,31-35,26-35,City street,U,Monday,Belt Used,PV,Not Fatal,1,0,0,0,City Street,Municipal/City Police,Renton Police Department,0,0,0,1,0,,,,,,0.0,0.0,0.0,,,,,,,,,,,98.0,98.0,98.0,0.0,,,,,20.0,,,,,,,,,1.0,10.0,,,,,,,98057
3627,2021,305,EB58842,248.0,08/16/2021,17:01,16,8,,33,King,1830,1,,1,1,1,1,0,6,4,,,,12,0,6,0.0,2,0,2,4,2,4,6,0,0,3,3,LIND AVE SW,SW 16th St,-122.2233417,47.466080556,0,2,86,66,4,35,63,0,5,1,2,12,1,1,4,1,1,3,3,94,7,98,898,2015,0,,12,,,,,,1,1,55,1,0.0,,0,0,3,0,11,0,,,,,6.0,3.0,0.0,3.0,1,95,,,,96,,,,,,98,,,,,,98391.0,53,69.0,200.0,6.0,1.0,0.0,0.0,0.0,0.0,,0,,,,,,0,,,20,0,0,0,8.0,9,8,,,0,,,8,8,8.0,95.0,,,96.0,,,8,95,995.0,,,,,,,,,,,,,,,,,,,,,,,,,,,,,,0,0,0,1,0,0,0,0,0,0,0,0,0,0,0,0,0,0,0,0,0,0,0,0,0,1,0,0,0,1,1,0,0,0,0,,0,0,0,0,0,0,0,0,0,0,0,0,0,0,0,0,,,,,,51-55,46-55,City street,U,Monday,,MHTRUCK,Not Fatal,1,0,0,0,City Street,Municipal/City Police,Renton Police Department,0,0,0,1,0,,,,,,0.0,0.0,0.0,,,,,,,,,,,98.0,98.0,98.0,0.0,,,,,20.0,,,,,,,,,1.0,10.0,,,,,,,98057
3628,2021,305,EB58842,248.0,08/16/2021,17:01,16,8,,33,King,1830,1,,1,1,1,1,0,6,4,,,,12,0,6,0.0,2,0,2,4,2,4,6,0,0,3,3,LIND AVE SW,SW 16th St,-122.2233417,47.466080556,0,3,98,62,4,35,14,0,0,1,2,12,1,1,5,1,5,1,1,53,0,49,403,2002,0,,12,,,,,,1,1,69,1,7.0,,4,0,3,0,11,4,08/16/2021,18:12,196053040952.0,40952.0,0.0,0.0,3.0,3.0,1,0,,,,0,,,,,,98,,,,,,98008.0,53,64.0,120.0,6.0,1.0,0.0,0.0,0.0,0.0,,0,,,,,,0,,,20,0,0,0,0.0,9,8,,,0,,,8,8,2.0,1.0,,,1.0,,,2,1,0.0,,,,,,,,,,,,,,,,,,,,,,,,,,,,,,0,0,0,1,0,0,0,0,0,0,0,0,0,0,0,0,0,0,0,0,0,0,0,0,0,1,0,0,0,1,1,0,0,0,0,,1,0,0,0,0,0,0,0,0,0,0,0,0,0,0,0,,,,,,66-70,66-75,City street,U,Monday,Belt Used,PV,API,1,0,0,0,City Street,Municipal/City Police,Renton Police Department,0,0,0,1,0,,,,,,0.0,0.0,0.0,,,,,,,,,,,98.0,98.0,98.0,48.0,,,,,20.0,,,,,,,,,1.0,10.0,,,,,,,98057
3629,2021,305,EB58842,248.0,08/16/2021,17:01,16,8,,33,King,1830,1,,1,1,1,1,0,6,4,,,,12,0,6,0.0,2,0,2,4,2,4,6,0,0,3,3,LIND AVE SW,SW 16th St,-122.2233417,47.466080556,0,4,98,62,4,35,14,0,0,1,5,12,1,1,5,1,5,1,2,53,0,37,402,2012,0,,12,,,,,,1,1,29,1,0.0,,0,0,3,0,11,0,,,,,0.0,0.0,0.0,3.0,1,0,,,,0,,,,,,0,,,,,,14424.0,36,71.0,999.0,6.0,1.0,0.0,0.0,0.0,0.0,,0,,,,,,0,,,20,0,0,0,8.0,9,8,,,0,,,8,8,8.0,95.0,,,96.0,,,8,95,995.0,,,,,,,,,,,,,,,,,,,,,,,,,,,,,,0,0,0,1,0,0,0,0,0,0,0,0,0,0,0,0,0,0,0,0,0,0,0,0,0,1,0,0,0,1,1,0,0,0,0,,0,0,0,0,0,0,0,0,0,0,0,0,0,0,0,0,,,,,,26-30,26-35,City street,U,Monday,Belt Used,PV,Not Fatal,1,0,0,0,City Street,Municipal/City Police,Renton Police Department,0,0,0,1,0,,,,,,0.0,0.0,0.0,,,,,,,,,,,98.0,98.0,98.0,0.0,,,,,20.0,,,,,,,,,1.0,10.0,,,,,,,98057
3630,2021,306,EB58947,278.0,08/16/2021,20:53,16,8,,63,Spokane,2110,1,,3,1,2,1,0,2,2,,,,12,0,6,0.0,8,0,1,7,2,4,6,0,0,0,0,W HOLYOKE AVE,,-117.4619611,47.718052778,0,1,83,72,4,35,14,0,0,1,5,12,1,1,4,1,1,1,2,53,0,20,403,2007,0,,12,,,,,,1,1,21,1,0.0,,3,0,3,0,11,5,,,,,0.0,0.0,0.0,3.0,1,38,,,,96,,,,,,98,,,,,,99205.0,53,72.0,230.0,6.0,1.0,0.0,0.0,0.0,0.0,,97,,,,,,3,,,1,9,0,0,8.0,9,8,,,0,,,8,8,2.0,695.0,605.0,,1.0,1.0,,2,1,0.17,,,,,,,,,,,,,,,,,,,,,,,,,,,,,,0,0,0,0,1,1,1,1,1,0,0,0,1,0,0,0,0,0,1,0,0,0,0,1,1,0,0,0,0,1,0,0,0,0,0,,0,0,0,0,0,1,1,1,0,1,1,0,0,0,0,1,,,,,,21-25,16-25,City street,U,Monday,Belt Used,PV,Not Fatal,0,0,0,0,City Street,Municipal/City Police,Spokane Police Department,0,0,0,1,0,thc,1.3,carboxy-thc,7.8,,0.0,0.0,0.0,,,,,,,,,,,98.0,98.0,98.0,0.0,,,,,20.0,,,,,,,,,1.0,0.0,,,,,,,99208
3631,2021,306,EB58947,278.0,08/16/2021,20:53,16,8,,63,Spokane,2110,1,,3,0,0,1,0,2,2,,,,12,0,6,0.0,8,0,1,7,2,4,6,0,0,0,0,W HOLYOKE AVE,,-117.4619611,47.718052778,0,2,82,66,4,0,34,0,0,1,5,12,0,0,0,0,11,1,1,53,0,20,481,2009,0,,12,,,,,,1,1,59,1,7.0,,4,7,3,0,11,0,08/16/2021,20:53,211053042274.0,42274.0,0.0,0.0,3.0,3.0,1,0,,,,96,,,,,,98,,,,,,99208.0,53,73.0,250.0,6.0,1.0,0.0,0.0,0.0,0.0,,0,,,,,,0,,,1,0,0,0,0.0,9,8,,,0,,,8,8,2.0,996.0,,,1.0,,,2,1,0.046,,,,,,,,,,,,,,,,,,,,,,,,,,,,,,0,0,0,0,1,1,1,1,1,0,0,0,1,0,0,0,0,0,1,0,0,0,0,1,1,0,0,0,0,1,0,0,0,0,0,,1,0,0,0,1,0,1,1,0,0,0,0,0,0,0,1,,,,,,56-60,56-65,City street,U,Monday,Belt Used,PV,White,0,0,0,0,City Street,Municipal/City Police,Spokane Police Department,0,0,0,1,0,,,,,,0.0,0.0,0.0,,,,,,,,,,,98.0,98.0,98.0,1.0,,,,,20.0,,,,,,,,,1.0,0.0,,,,,,,99208
3632,2021,307,EB59087,1.0,08/08/2021,20:15,8,8,,5,Benton,0,1,,5,1,2,2,0,2,2,,,,12,0,6,13.4,2,0,2,4,1,1,3,0,0,20,3,SR-221,SELLARDS RD,-119.6016083,46.131077778,0,1,86,66,4,50,34,0,0,1,2,12,1,1,2,1,1,1,1,53,0,23,471,2003,0,,12,,,,,,1,1,71,1,7.0,,4,7,3,0,11,0,08/08/2021,20:15,53038493.0,38493.0,0.0,0.0,0.0,3.0,1,39,,,,96,,,,,,9,,,,,,98236.0,53,68.0,125.0,6.0,1.0,0.0,0.0,0.0,0.0,,0,,,,,,0,,,8,0,0,0,0.0,9,8,,,0,,,1,8,2.0,996.0,401.0,417.0,1.0,1.0,1.0,2,1,0.0,,,,,,,,,,,,,,,,,,,,,,,,,,,,,,0,0,0,1,0,0,1,1,0,0,0,0,0,0,0,0,0,0,0,0,0,0,0,0,0,1,1,0,0,1,0,0,0,0,0,,1,0,0,0,0,0,1,1,0,0,0,0,0,0,1,0,,,,,,71-75,66-75,State route,R,Sunday,Belt Used,PV,White,1,0,0,0,State Route,State Patrol,Washington State Patrol,0,1,0,0,0,,,,,,0.0,0.0,0.0,,,,,,,,,,,98.0,98.0,98.0,1.0,,,,,20.0,,,,,,,,,1.0,0.0,,,,,,,99350
3633,2021,307,EB59087,1.0,08/08/2021,20:15,8,8,,5,Benton,0,1,,5,1,2,2,0,2,2,,,,12,0,6,13.4,2,0,2,4,1,1,3,0,0,0,0,SR-221,SELLARDS RD,-119.6016083,46.131077778,0,2,87,66,4,65,4,0,0,1,2,12,1,1,2,1,1,1,2,53,0,37,32,1996,0,,12,,,,,,1,1,47,1,1.0,,4,7,3,0,11,0,08/08/2021,20:15,53040163.0,40163.0,99.0,9.0,9.0,9.0,1,0,,,,96,,,,,,98,,,,,,99350.0,99,,999.0,9.0,9.0,99.0,99.0,99.0,99.0,,0,,,,,,0,,,8,0,0,0,0.0,9,8,,,0,,,8,8,2.0,1.0,,,1.0,,,2,1,0.0,,,,,,,,,,,,,,,,,,,,,,,,,,,,,,0,0,0,1,0,0,1,1,0,0,0,0,0,0,0,0,0,0,0,0,0,0,0,0,0,1,1,0,0,1,0,0,0,0,0,,1,0,0,0,0,0,0,0,0,0,0,0,0,0,0,0,,,,,,46-50,46-55,State route,R,Sunday,Belt Used,PV,Hispanic,1,0,0,0,State Route,State Patrol,Washington State Patrol,0,1,0,0,0,,,,,,99.0,99.0,99.0,,,,,,,,,,,0.0,0.0,0.0,298.0,,,,,20.0,,,,,,,,,1.0,0.0,,,,,,,99350
3634,2021,308,EB59940,5.0,08/10/2021,20:31,10,8,,15,Cowlitz,0,1,,1,1,2,1,1,1,1,,,,8,0,0,23.3,1,0,1,1,1,1,1,0,0,0,0,I-5,,-122.7638389,45.933808333,0,1,13,80,5,60,66,1,0,1,5,8,1,1,3,3,1,1,3,18,0,82,881,2020,0,,8,,,,,,1,1,51,1,0.0,,0,0,3,0,11,0,,,,,6.0,1.0,0.0,3.0,1,0,,,,96,,,,,,98,,,,,,98465.0,53,76.0,300.0,6.0,1.0,0.0,0.0,0.0,0.0,,0,,,,,,0,,,20,0,0,0,8.0,9,2,,,0,,,8,8,8.0,95.0,,,96.0,,,8,95,995.0,,,,,,,,,,,,,,,,,,,,,,,,,,,,,,0,0,0,0,0,0,0,0,0,0,0,0,0,0,0,0,0,0,0,0,0,0,0,0,0,0,0,0,0,0,1,1,0,0,0,,0,0,0,0,0,0,0,0,0,0,0,0,0,0,0,0,,,,,,51-55,46-55,Interstate,R,Tuesday,,MHTRUCK,Not Fatal,0,0,0,0,State Route,State Patrol,Washington State Patrol,0,1,0,0,0,,,,,,0.0,0.0,0.0,,,,,,,,,,,98.0,98.0,98.0,0.0,,,,,20.0,,,,,,,,,1.0,0.0,,,,,,,98674
3635,2021,309,EB59977,3.0,08/15/2021,0:00,15,8,,67,Thurston,0,1,,2,1,2,1,0,1,1,,,,1,0,0,9.2,1,0,1,4,1,1,3,0,0,0,0,SR-510,,-122.6503917,46.985583333,0,1,1,9,1,50,80,0,0,1,2,1,1,1,2,1,6,1,1,53,0,73,706,2004,0,,68,68.0,63.0,1.0,,,1,1,65,1,7.0,,4,7,20,7,11,0,08/15/2021,0:00,53039861.0,39861.0,0.0,0.0,3.0,3.0,1,8,33.0,,,96,,,,,,98,,,,,,98597.0,53,70.0,190.0,6.0,1.0,1.0,0.0,0.0,0.0,,0,,,,,,4,03/15/2020,03/15/2020,20,8,0,0,0.0,9,8,,,0,,,8,8,2.0,996.0,996.0,,1.0,1.0,,2,1,0.134,,,,,,,,,,,,,,,,,,,,,,,,,,,,,,0,0,1,0,1,1,1,1,0,0,0,0,1,0,0,0,0,0,0,0,0,0,0,0,0,1,0,0,1,0,0,0,0,0,1,0.0,0,0,0,0,0,1,1,1,0,1,0,0,0,0,0,1,,,,,,61-65,56-65,State route,R,Sunday,,MC,White,0,1,0,0,State Route,State Patrol,Washington State Patrol,1,1,0,0,0,,,,,,0.0,1.0,0.0,,,,,,,,,,,0.0,0.0,0.0,1.0,,,,,5.0,,,,,,,,,1.0,0.0,,,,,,,98956
3636,2021,310,EB60039,290.0,08/19/2021,19:56,19,8,,53,Pierce,2230,1,,1,1,2,2,0,10,4,,,,12,0,6,0.0,2,0,3,1,2,1,1,0,0,3,3,I-5 RAMP,S HOSMER ST,-122.4631722,47.179244444,0,1,83,17,2,35,4,0,0,1,2,12,1,1,5,5,6,2,2,53,0,37,31,1999,0,,12,12.0,12.0,,,,1,1,44,1,7.0,,4,7,99,7,11,0,08/19/2021,19:56,223053042392.0,42392.0,0.0,0.0,0.0,2.0,1,38,,,,96,,,,,,98,,,,,,98466.0,53,72.0,190.0,1.0,1.0,0.0,0.0,0.0,0.0,,0,,,,,,4,,,1,0,0,0,0.0,9,8,,,0,,,8,8,2.0,177.0,401.0,417.0,1.0,1.0,1.0,2,1,0.0,,,,,,,,,,,,,,,,,,,,,,,,,,,,,,0,0,0,1,0,0,1,1,0,0,0,0,1,1,0,0,0,0,1,0,0,0,0,0,0,0,0,0,0,1,0,0,0,0,0,,1,0,0,0,0,0,1,1,0,1,1,1,0,0,1,0,,,,,,41-45,36-45,Interstate,U,Thursday,Unknown,PV,White,1,0,0,0,State Route,Municipal/City Police,Tacoma Police Department,0,1,0,0,0,,,,,,0.0,0.0,0.0,1.0,1.0,,,,151.0,996.0,,,,0.0,0.0,0.0,1.0,,,,,20.0,,,,,,,,,1.0,0.0,,,,,,,98408
3637,2021,310,EB60039,290.0,08/19/2021,19:56,19,8,,53,Pierce,2230,1,,1,1,2,2,0,10,4,,,,12,0,6,0.0,2,0,3,1,2,1,1,0,0,3,3,I-5 RAMP,S HOSMER ST,-122.4631722,47.179244444,0,2,82,66,4,30,4,0,0,1,2,12,1,1,2,6,11,4,2,53,0,32,42,2014,0,,12,,,,,,1,1,35,1,0.0,,1,0,3,0,11,0,,,,,0.0,0.0,0.0,2.0,1,0,,,,96,,,,,,98,,,,,,98466.0,53,73.0,150.0,4.0,1.0,0.0,0.0,0.0,0.0,,0,,,,,,0,,,1,0,0,0,8.0,9,8,,,0,,,8,8,8.0,95.0,,,96.0,,,8,95,995.0,,,,,,,,,,,,,,,,,,,,,,,,,,,,,,0,0,0,1,0,0,1,1,0,0,0,0,1,1,0,0,0,0,1,0,0,0,0,0,0,0,0,0,0,1,0,0,0,0,0,,0,0,0,0,0,0,0,0,0,0,0,1,0,0,0,0,,,,,,31-35,26-35,Interstate,U,Thursday,Belt Used,PV,Not Fatal,1,0,0,0,State Route,Municipal/City Police,Tacoma Police Department,0,1,0,0,0,,,,,,0.0,0.0,0.0,,,,,,,,,,,98.0,98.0,98.0,0.0,,,,,20.0,,,,,,,,,1.0,0.0,,,,,,,98408
3638,2021,310,EB60039,290.0,08/19/2021,19:56,19,8,,53,Pierce,2230,1,,1,1,2,2,0,10,4,,,,12,0,6,0.0,2,0,3,1,2,1,1,0,0,3,3,I-5 RAMP,S HOSMER ST,-122.4631722,47.179244444,0,3,98,62,4,35,4,0,0,1,2,12,1,1,5,5,5,3,1,53,0,49,40,1997,0,,12,,,,,,1,1,30,1,0.0,,0,0,3,0,11,0,,,,,0.0,0.0,3.0,3.0,1,0,,,,96,,,,,,98,,,,,,98465.0,53,67.0,148.0,6.0,1.0,0.0,0.0,0.0,0.0,,0,,,,,,0,,,20,0,0,0,8.0,9,8,,,0,,,8,8,8.0,95.0,,,96.0,,,8,95,995.0,,,,,,,,,,,,,,,,,,,,,,,,,,,,,,0,0,0,1,0,0,1,1,0,0,0,0,1,1,0,0,0,0,1,0,0,0,0,0,0,0,0,0,0,1,0,0,0,0,0,,0,0,0,0,0,0,0,0,0,0,0,0,0,0,0,0,,,,,,26-30,26-35,Interstate,U,Thursday,Belt Used,PV,Not Fatal,1,0,0,0,State Route,Municipal/City Police,Tacoma Police Department,0,1,0,0,0,,,,,,0.0,0.0,0.0,,,,,,,,,,,0.0,0.0,0.0,0.0,,,,,20.0,,,,,,,,,1.0,0.0,,,,,,,98408
3639,2021,310,EB60039,290.0,08/19/2021,19:56,19,8,,53,Pierce,2230,1,,1,1,2,2,0,10,4,,,,12,0,6,0.0,2,0,3,1,2,1,1,0,0,3,3,I-5 RAMP,S HOSMER ST,-122.4631722,47.179244444,0,4,98,62,4,35,34,0,0,1,2,12,1,1,5,5,2,1,2,53,0,7,482,2010,0,,12,,,,,,1,1,46,1,0.0,,1,0,3,0,11,5,,,,,0.0,0.0,0.0,3.0,1,0,,,,96,,,,,,98,,,,,,98408.0,53,68.0,225.0,6.0,1.0,0.0,0.0,0.0,0.0,,0,,,,,,0,,,1,0,0,0,8.0,9,8,,,0,,,8,8,8.0,95.0,,,96.0,,,8,95,995.0,,,,,,,,,,,,,,,,,,,,,,,,,,,,,,0,0,0,1,0,0,1,1,0,0,0,0,1,1,0,0,0,0,1,0,0,0,0,0,0,0,0,0,0,1,0,0,0,0,0,,0,0,0,0,0,0,0,0,0,0,0,0,0,0,0,0,,,,,,46-50,46-55,Interstate,U,Thursday,Belt Used,PV,Not Fatal,1,0,0,0,State Route,Municipal/City Police,Tacoma Police Department,0,1,0,0,0,,,,,,0.0,0.0,0.0,,,,,,,,,,,98.0,98.0,98.0,0.0,,,,,20.0,,,,,,,,,1.0,0.0,,,,,,,98408