,year,case,par,repjur,crash_dt,crash_tm,accday,accmon,holiday,county,co_char,city,weather,weather2,lightcond,surfcond,surftype,numfatal,nmforms,pforms,vforms,not_tm,arr_tm,hosp_tm,fhevent,hitrun,manncol,milepnt,reljunc,reljuncinter,intersectiontype,funcsystem,landuse,ownership,route,schlbus,spejur,contdev,devfunc,trafid1,trafid2,x,y,wk_zone,vnumber,crashtype,criticalevent,criticaleventcat,spdlim,body,trailer,emerg,hazcargo,leave,mhevent,roadalgn,roadprof,traflane,trafflow,vehmanvr,numoccs,regowner,regstate,spuse,make,model,modelyr,vrf1,vrf2,seqevent1,seqevent2,seqevent3,seqevent4,seqevent5,seqevent6,pnumber,ptype,age,sex,hispanic,race,injury,diedscene,restraint,restraintmisuse,seatpos,takehosp,death_dt,death_tm,cert,cernum_wa,commlic,licendor,licrestrict,liccomp,drivpres,drf1,drf2,drf3,drf4,distract1,distract2,distract3,distract4,distract5,distract6,dricond1,dricond2,dricond3,dricond4,dricond5,dricond6,dzip,licstate,drhgt_in,weight,noncdl,noncdltype,prevdwi,prevoth,prevacc,prevspd,prevsus,driviol1,driviol2,driviol3,driviol4,driviol5,driviol6,spdrel,first_dt,last_dt,airbag,ejection,ejectpath,extricat,injurwrk,methalc,methdrug,nmlocat,strikveh,prf1,prf2,prf3,druginv,alcinvol,drugsts,drugres1,drugres2,drugres3,drugtst1,drugtst2,drugtst3,alcsts,alctst,alcres,nmact1,nmact2,nmact3,nmact4,nmact5,nmact6,nmprior1,nmprior2,nmprior3,nmprior4,nmprior5,nmprior6,nmcond1,nmcond2,nmcond3,nmcond4,nmcond5,nmcond6,nmsafe_helmet,nmsafe_pads,nmsafe_oth,nmprev_ref,nmprev_lgt,nmprev_oth,crashlocation,nmcrashtype,crosswalk,schoolzone,sidewalk,train_inv,wildlife_inv,rotr_fars,intersect_fars,dd_inv,aid_inv,dpd_inv,id_inv,mj_inv,impnm_inv,ainm_inv,dpnm_inv,speed_inv,unlic_inv,unendmc_inv,drowsy_inv,drdist_inv,nmdist_inv,fty_inv,unrestfat_inv,dr1617_inv,dr1820_inv,dr1620_inv,dr2125_inv,dr1625_inv,dr65_inv,dr70_inv,dr75_inv,mc_inv,pv_inv,ht_inv,ped_inv,bike_inv,unrest_fat,mc_fat,unhelmet_mc,pv_fat,ht_fat,ped_fat,bike_fat,dr_alc7,dr_alc8,dr_drug,dr_imp,dr_dist,dr_spd,dr_fty,dr_unlic,dr_alc7only,dr_alc8only,dr_drugonly,dr_drink,nm_imp,nm_alc7,nm_alc8,nm_drug,nm_dist,agegrp1,agegrp2,roadclass,urbrur,dayweek,restuse,vehtype,race_me,intersect,lanedep,oppdir,wrongway,rep_typ,investag,repag_long,rotr,st_rd,cty_rd,city_rd,oth_rd,drug_thc,thc_res,drug_cthc,cthc_res,drug_cann,prevpersemin,prevperse,prevsusoth,drugtst4,drugtst5,drugtst6,drugtst7,drugtst8,drugres4,drugres5,drugres6,drugres7,drugres8,adspresent,adsengaged,adslevel,race1,race2,race3,race4,race5,helmet,helmetmisuse,nmdistract1,nmdistract2,nmdistract3,nmdistract4,nmdistract5,nmdistract6,lab,isedtcase,crf1,crf2,crf3,CoRoadName,CoMP,IntCoRoadName,IntCoMP,zipcode
3640,2021,311,EB60320,1.0,08/11/2021,9:09,11,8,,77,Yakima,2220,1,,1,1,2,1,0,3,2,,,,12,0,6,69.7,1,0,1,1,2,1,1,0,0,0,0,I-82,,-119.9648361,46.300858333,0,1,47,53,3,70,14,0,0,1,2,12,1,1,2,2,15,2,1,53,0,18,405,2018,0,,12,,,,,,1,1,83,1,7.0,,4,7,3,0,11,0,08/11/2021,9:09,222053039357.0,39357.0,0.0,0.0,3.0,3.0,1,27,,,,96,,,,,,98,,,,,,98938.0,53,69.0,200.0,6.0,1.0,0.0,0.0,0.0,0.0,,0,,,,,,0,,,8,0,0,0,0.0,9,8,,,0,,,8,8,2.0,996.0,,,1.0,,,2,1,0.0,,,,,,,,,,,,,,,,,,,,,,,,,,,,,,0,0,0,0,0,0,1,1,0,0,0,0,0,0,0,0,0,0,0,0,0,0,0,0,0,1,1,1,0,1,1,0,0,0,0,,1,0,0,0,0,0,1,1,0,0,0,0,0,0,1,0,,,,,,81+,76+,Interstate,U,Wednesday,Belt Used,PV,White,0,0,0,0,State Route,State Patrol,Washington State Patrol,0,1,0,0,0,,,,,,0.0,0.0,0.0,,,,,,,,,,,98.0,98.0,98.0,1.0,,,,,20.0,,,,,,,,,1.0,0.0,,,,,,,98944
3641,2021,311,EB60320,1.0,08/11/2021,9:09,11,8,,77,Yakima,2220,1,,1,1,2,1,0,3,2,,,,12,0,6,69.7,1,0,1,1,2,1,1,0,0,0,0,I-82,,-119.9648361,46.300858333,0,2,45,61,4,60,66,1,0,1,2,12,1,1,2,2,1,1,3,18,0,82,881,2019,0,,12,,,,,,1,1,46,2,0.0,,0,0,3,0,11,0,,,,,6.0,1.0,0.0,3.0,1,0,,,,96,,,,,,98,,,,,,98539.0,53,61.0,140.0,6.0,1.0,0.0,0.0,0.0,0.0,,0,,,,,,0,,,20,0,0,0,8.0,9,2,,,0,,,8,8,0.0,0.0,,,0.0,,,0,0,996.0,,,,,,,,,,,,,,,,,,,,,,,,,,,,,,0,0,0,0,0,0,1,1,0,0,0,0,0,0,0,0,0,0,0,0,0,0,0,0,0,1,1,1,0,1,1,0,0,0,0,,0,0,0,0,0,0,0,0,0,0,0,0,0,0,0,0,,,,,,46-50,46-55,Interstate,U,Wednesday,,MHTRUCK,Not Fatal,0,0,0,0,State Route,State Patrol,Washington State Patrol,0,1,0,0,0,,,,,,0.0,0.0,0.0,,,,,,,,,,,98.0,98.0,98.0,0.0,,,,,20.0,,,,,,,,,1.0,0.0,,,,,,,98944
3642,2021,312,EB60816,7.0,08/19/2021,23:39,19,8,,33,King,0,1,,2,1,2,1,0,3,2,,,,12,0,1,25.8,1,0,1,2,2,1,3,0,0,0,0,SR-18,,-121.8979861,47.473933333,0,1,24,51,3,55,80,0,0,1,2,12,1,2,2,3,1,2,1,53,0,72,706,2003,0,,12,,,,,,1,1,39,1,0.0,,1,0,20,7,11,8,,,,,0.0,0.0,0.0,3.0,1,0,,,,96,,,,,,9,,,,,,98022.0,53,75.0,230.0,6.0,1.0,0.0,0.0,0.0,1.0,,1,,,,,,4,11/15/2019,11/15/2019,20,8,0,0,8.0,9,8,,,0,,,8,1,2.0,695.0,605.0,,1.0,1.0,,2,1,0.13,,,,,,,,,,,,,,,,,,,,,,,,,,,,,,0,0,0,0,1,1,1,1,1,0,0,0,1,0,0,0,0,0,0,0,0,0,0,0,0,0,0,0,1,1,0,0,0,0,0,0.0,0,0,0,0,0,1,1,1,0,1,0,0,0,0,0,1,,,,,,36-40,36-45,State route,U,Thursday,,MC,Not Fatal,0,0,0,0,State Route,State Patrol,Washington State Patrol,0,1,0,0,0,thc,2.1,carboxy-thc,6.8,,0.0,0.0,0.0,,,,,,,,,,,0.0,0.0,0.0,0.0,,,,,5.0,,,,,,,,,1.0,0.0,,,,,,,98025
3643,2021,312,EB60816,7.0,08/19/2021,23:39,19,8,,33,King,0,1,,2,1,2,1,0,3,2,,,,12,0,1,25.8,1,0,1,2,2,1,3,0,0,0,0,SR-18,,-121.8979861,47.473933333,0,2,25,53,3,55,14,1,0,1,5,12,1,2,2,3,1,1,1,53,0,2,407,2016,0,,12,,,,,,1,1,37,1,0.0,,0,0,3,0,11,0,,,,,0.0,0.0,0.0,3.0,1,0,,,,96,,,,,,98,,,,,,98346.0,53,70.0,180.0,6.0,1.0,0.0,0.0,0.0,0.0,,0,,,,,,0,,,20,0,0,0,8.0,9,8,,,0,,,8,8,0.0,0.0,,,0.0,,,0,0,996.0,,,,,,,,,,,,,,,,,,,,,,,,,,,,,,0,0,0,0,1,1,1,1,1,0,0,0,1,0,0,0,0,0,0,0,0,0,0,0,0,0,0,0,1,1,0,0,0,0,0,,0,0,0,0,0,0,0,0,0,0,0,0,0,0,0,0,,,,,,36-40,36-45,State route,U,Thursday,Belt Used,PV,Not Fatal,0,0,0,0,State Route,State Patrol,Washington State Patrol,0,1,0,0,0,,,,,,0.0,0.0,0.0,,,,,,,,,,,98.0,98.0,98.0,0.0,,,,,20.0,,,,,,,,,1.0,0.0,,,,,,,98025
3644,2021,314,3835802,263.0,07/14/2021,11:10,14,7,,33,King,1960,1,,1,1,1,1,1,1,1,,,,8,1,0,0.0,1,0,1,7,2,4,6,0,0,0,0,37TH AVE S,,-122.2859333,47.515286111,0,1,13,80,5,20,61,0,0,1,5,8,1,2,8,1,1,1,3,53,0,38,882,2012,0,,8,,,,,,1,1,45,1,0.0,,0,0,99,7,11,0,,,,,0.0,0.0,0.0,3.0,1,0,,,,96,,,,,,98,,,,,,98375.0,53,69.0,250.0,6.0,1.0,0.0,0.0,0.0,0.0,,0,,,,,,0,,,20,0,0,0,8.0,9,8,,,0,,,8,8,8.0,95.0,,,96.0,,,8,95,995.0,,,,,,,,,,,,,,,,,,,,,,,,,,,,,,0,0,0,0,0,0,0,0,0,0,0,0,0,0,0,0,0,1,0,0,0,0,0,0,0,0,0,0,0,0,1,1,0,0,0,,0,0,0,0,0,0,0,0,0,0,0,0,0,0,0,0,,,,,,41-45,36-45,City street,U,Wednesday,,MHTRUCK,Not Fatal,0,0,0,0,City Street,Municipal/City Police,Seattle Police Department,0,0,0,1,0,,,,,,0.0,0.0,0.0,,,,,,,,,,,98.0,98.0,98.0,0.0,,,,,20.0,,,,,,,,,1.0,0.0,,,,,,,98118
3645,2021,315,EB60893,290.0,08/22/2021,13:28,22,8,,53,Pierce,2230,10,,1,1,2,1,0,2,2,,,,12,0,6,0.0,2,0,2,4,2,4,6,0,0,0,0,S 56TH ST,S I St,-122.4458611,47.206386111,0,1,68,15,2,30,4,0,0,1,2,12,1,1,2,1,11,1,2,53,0,42,48,2001,0,,12,,,,,,1,1,36,1,0.0,,0,0,3,0,11,0,,,,,0.0,0.0,3.0,3.0,1,38,,,,96,,,,,,98,,,,,,98404.0,53,71.0,165.0,6.0,1.0,0.0,1.0,0.0,3.0,,97,,,,,,0,08/15/2017,09/15/2021,20,0,0,0,8.0,2,8,,,0,,,8,0,8.0,95.0,,,96.0,,,2,10,0.0,,,,,,,,,,,,,,,,,,,,,,,,,,,,,,0,0,0,1,0,0,0,0,0,0,0,0,0,0,0,0,0,0,1,0,0,0,0,0,0,0,0,0,1,1,0,0,0,0,0,,0,0,0,0,0,0,0,0,0,0,1,0,0,0,0,0,,,,,,36-40,36-45,City street,U,Sunday,Belt Used,PV,Not Fatal,1,0,0,0,City Street,Municipal/City Police,Tacoma Police Department,0,0,0,1,0,,,,,,0.0,0.0,0.0,,,,,,,,,,,98.0,98.0,98.0,0.0,,,,,20.0,,,,,,,,,1.0,0.0,,,,,,,98408
3646,2021,315,EB60893,290.0,08/22/2021,13:28,22,8,,53,Pierce,2230,10,,1,1,2,1,0,2,2,,,,12,0,6,0.0,2,0,2,4,2,4,6,0,0,0,0,S 56TH ST,S I St,-122.4458611,47.206386111,0,2,69,62,4,30,80,0,0,1,2,12,1,1,2,1,1,1,1,53,0,37,705,1989,0,,12,,,,,,1,1,40,1,7.0,,4,7,20,7,11,0,08/22/2021,13:28,223053041925.0,41925.0,0.0,0.0,0.0,3.0,1,0,,,,96,,,,,,98,,,,,,98403.0,53,71.0,200.0,6.0,1.0,0.0,0.0,0.0,0.0,,0,,,,,,0,,,20,8,0,0,0.0,9,8,,,0,,,8,8,2.0,1.0,,,1.0,,,2,1,0.0,,,,,,,,,,,,,,,,,,,,,,,,,,,,,,0,0,0,1,0,0,0,0,0,0,0,0,0,0,0,0,0,0,1,0,0,0,0,0,0,0,0,0,1,1,0,0,0,0,1,0.0,0,0,0,0,0,0,0,0,0,0,0,0,0,0,0,0,,,,,,36-40,36-45,City street,U,Sunday,,MC,White,1,0,0,0,City Street,Municipal/City Police,Tacoma Police Department,0,0,0,1,0,,,,,,0.0,0.0,0.0,,,,,,,,,,,0.0,0.0,0.0,1.0,,,,,5.0,,,,,,,,,1.0,0.0,,,,,,,98408
3647,2021,317,EB61224,3.0,08/02/2021,16:14,2,8,,53,Pierce,2230,1,,1,1,2,1,0,1,1,,,,25,0,0,0.3,5,1,1,1,2,1,1,0,0,0,0,I-5 RAMP,,-122.4632194,47.229113889,0,1,1,12,2,98,4,0,0,1,2,25,2,2,2,6,14,1,1,53,0,37,32,2005,0,,64,69.0,63.0,25.0,1.0,,1,1,34,1,7.0,,4,7,99,7,11,0,08/02/2021,16:14,223053037451.0,37451.0,0.0,0.0,3.0,3.0,1,0,,,,92,,,,,,98,,,,,,98405.0,53,68.0,200.0,6.0,1.0,0.0,4.0,0.0,4.0,,0,,,,,,0,06/15/2017,11/15/2021,8,1,9,0,0.0,9,8,,,0,,,8,8,2.0,402.0,605.0,,1.0,1.0,,2,1,0.156,,,,,,,,,,,,,,,,,,,,,,,,,,,,,,0,0,1,0,1,1,1,1,1,0,0,0,0,0,0,0,1,0,0,0,0,0,0,0,0,0,0,0,0,1,0,0,0,0,0,,1,0,0,0,0,1,1,1,1,0,0,0,0,0,0,1,,,,,,31-35,26-35,Interstate,U,Monday,Unknown,PV,Black,0,1,0,0,State Route,State Patrol,Washington State Patrol,1,1,0,0,0,thc,8.1,,,,0.0,0.0,3.0,,,,,,,,,,,98.0,98.0,98.0,2.0,,,,,20.0,,,,,,,,nms,1.0,0.0,,,,,,,98405
3648,2021,318,EB61237,109.0,08/23/2021,5:27,23,8,,17,Douglas,570,1,,3,1,2,1,0,3,3,,,,12,0,2,3.1,1,0,1,2,2,1,3,0,0,0,0,SR-28,,-120.2975306,47.423113889,0,1,50,54,3,40,34,0,0,1,2,12,1,1,2,2,1,1,2,53,0,12,481,2012,0,,12,12.0,1.0,,,,1,1,18,1,1.0,,4,7,20,7,11,0,08/23/2021,5:27,57053041526.0,41526.0,6.0,0.0,0.0,3.0,1,51,,,,92,,,,,,98,,,,,,98812.0,53,74.0,250.0,6.0,1.0,0.0,1.0,0.0,4.0,,0,,,,,,0,07/15/2020,10/15/2021,8,2,9,0,0.0,9,8,,,0,,,8,8,2.0,1.0,,,1.0,,,2,1,0.02,,,,,,,,,,,,,,,,,,,,,,,,,,,,,,0,0,0,0,1,0,0,0,0,0,0,0,0,0,0,0,1,0,0,1,0,1,1,0,1,0,0,0,0,1,0,0,0,1,0,,1,0,0,0,1,0,0,0,1,0,0,0,1,0,0,1,,,,,,18-20,16-25,State route,U,Monday,Not Used,PV,Hispanic,0,1,1,0,State Route,Municipal/City Police,East Wenatchee Police Department,0,1,0,0,0,,,,,,0.0,0.0,0.0,,,,,,,,,,,98.0,98.0,98.0,1.0,,,,,20.0,,,,,,,,,1.0,0.0,,,,,,,98802
3649,2021,318,EB61237,109.0,08/23/2021,5:27,23,8,,17,Douglas,570,1,,3,1,2,1,0,3,3,,,,12,0,2,3.1,1,0,1,2,2,1,3,0,0,0,0,SR-28,,-120.2975306,47.423113889,0,2,51,54,3,40,14,0,0,1,2,12,1,1,2,2,1,1,1,53,0,35,401,2014,0,,12,,,,,,1,1,48,2,0.0,,2,0,3,0,11,5,,,,,0.0,0.0,0.0,3.0,1,0,,,,92,,,,,,98,,,,,,98802.0,53,61.0,240.0,6.0,1.0,0.0,0.0,0.0,0.0,,0,,,,,,0,,,8,0,0,0,8.0,9,8,,,0,,,8,8,8.0,95.0,,,96.0,,,9,99,999.0,,,,,,,,,,,,,,,,,,,,,,,,,,,,,,0,0,0,0,1,0,0,0,0,0,0,0,0,0,0,0,1,0,0,1,0,1,1,0,1,0,0,0,0,1,0,0,0,0,0,,0,0,0,0,0,0,0,0,1,0,0,0,0,0,0,0,,,,,,46-50,46-55,State route,U,Monday,Belt Used,PV,Not Fatal,0,1,1,0,State Route,Municipal/City Police,East Wenatchee Police Department,0,1,0,0,0,,,,,,0.0,0.0,0.0,,,,,,,,,,,98.0,98.0,98.0,0.0,,,,,20.0,,,,,,,,,1.0,0.0,,,,,,,98802
3650,2021,318,EB61237,109.0,08/23/2021,5:27,23,8,,17,Douglas,570,1,,3,1,2,1,0,3,3,,,,12,0,2,3.1,1,0,1,2,2,1,3,0,0,0,0,SR-28,,-120.2975306,47.423113889,0,3,98,54,3,40,6,0,0,1,2,12,1,1,2,2,1,1,1,53,0,48,38,2001,0,,12,,,,,,1,1,38,1,0.0,,2,0,3,0,11,5,,,,,0.0,0.0,3.0,3.0,1,0,,,,96,,,,,,98,,,,,,98802.0,53,69.0,170.0,6.0,1.0,0.0,0.0,0.0,0.0,,0,,,,,,0,,,20,0,0,0,8.0,9,8,,,0,,,8,8,8.0,95.0,,,96.0,,,9,99,999.0,,,,,,,,,,,,,,,,,,,,,,,,,,,,,,0,0,0,0,1,0,0,0,0,0,0,0,0,0,0,0,1,0,0,1,0,1,1,0,1,0,0,0,0,1,0,0,0,0,0,,0,0,0,0,0,0,0,0,0,0,0,0,0,0,0,0,,,,,,36-40,36-45,State route,U,Monday,Belt Used,PV,Not Fatal,0,1,1,0,State Route,Municipal/City Police,East Wenatchee Police Department,0,1,0,0,0,,,,,,0.0,0.0,0.0,,,,,,,,,,,98.0,98.0,98.0,0.0,,,,,20.0,,,,,,,,,1.0,0.0,,,,,,,98802
3651,2021,319,EB61849,25.0,08/24/2021,13:01,24,8,,33,King,0,1,,1,1,1,1,0,2,2,,,,12,0,6,2.3,1,0,1,4,1,2,4,0,0,0,0,CR-SE AUBURN BLACK DIAM,,-122.1441278,47.316172222,0,1,66,10,2,40,80,0,0,1,2,12,1,2,2,1,6,1,2,53,0,73,705,2009,0,,12,,,,,,1,1,28,1,7.0,,4,7,20,7,11,0,08/24/2021,13:01,53042890.0,42890.0,0.0,0.0,0.0,3.0,1,33,,,,96,,,,,,98,,,,,,98002.0,53,73.0,180.0,6.0,1.0,0.0,1.0,0.0,1.0,,0,,,,,,4,04/15/2017,05/15/2018,20,8,0,0,0.0,9,8,,,0,,,8,8,2.0,605.0,,,1.0,,,2,1,0.0,,,,,,,,,,,,,,,,,,,,,,,,,,,,,,0,0,0,0,0,0,1,1,1,0,0,0,1,1,0,0,0,0,0,0,0,0,0,0,0,0,0,0,1,0,1,0,0,0,1,0.0,0,0,0,0,0,0,1,1,0,1,0,0,0,0,1,0,,,,,,26-30,26-35,County road,R,Tuesday,,MC,Black,0,1,1,0,County Road,County Sheriff,King County Police,0,0,1,0,0,thc,0.62,,,,0.0,0.0,3.0,,,,,,,,,,,0.0,0.0,0.0,2.0,,,,,5.0,,,,,,,,nms,1.0,0.0,,,AUBURN BLACK DIAMOND RD,2.28,,,98092
3652,2021,319,EB61849,25.0,08/24/2021,13:01,24,8,,33,King,0,1,,1,1,1,1,0,2,2,,,,12,0,6,2.3,1,0,1,4,1,2,4,0,0,0,0,CR-SE AUBURN BLACK DIAM,,-122.1441278,47.316172222,0,2,66,62,4,40,61,0,0,1,5,12,1,2,2,1,1,1,3,53,0,12,881,2012,0,,12,,,,,,1,1,40,1,0.0,,0,0,99,7,11,0,,,,,0.0,0.0,0.0,2.0,1,0,,,,96,,,,,,98,,,,,,98506.0,53,66.0,150.0,1.0,1.0,1.0,1.0,0.0,6.0,,0,,,,,,0,04/15/2017,03/15/2021,20,0,0,0,8.0,9,8,,,0,,,8,8,0.0,0.0,,,0.0,,,0,0,996.0,,,,,,,,,,,,,,,,,,,,,,,,,,,,,,0,0,0,0,0,0,1,1,1,0,0,0,1,1,0,0,0,0,0,0,0,0,0,0,0,0,0,0,1,0,1,0,0,0,0,,0,0,0,0,0,0,0,0,0,0,0,1,0,0,0,0,,,,,,36-40,36-45,County road,R,Tuesday,,MHTRUCK,Not Fatal,0,1,1,0,County Road,County Sheriff,King County Police,0,0,1,0,0,,,,,,0.0,1.0,2.0,,,,,,,,,,,98.0,98.0,98.0,0.0,,,,,20.0,,,,,,,,,1.0,0.0,,,AUBURN BLACK DIAMOND RD,2.28,,,98092
3653,2021,320,EB61883,305.0,08/24/2021,16:09,24,8,,11,Clark,2370,1,,1,1,2,1,1,5,3,,,,12,0,6,0.3,3,0,2,3,2,1,6,0,0,3,3,NE FOURTH PLAIN BLVD,NE VANCOUVER MALL DR,-122.5755528,45.657566667,0,1,98,8,1,35,14,0,0,1,2,8,1,1,5,5,1,1,4,41,0,30,403,2021,0,,63,69.0,12.0,68.0,8.0,,1,1,82,1,0.0,,0,0,3,0,11,0,,,,,0.0,0.0,3.0,3.0,1,0,,,,96,,,,,,98,,,,,,98661.0,53,76.0,236.0,6.0,1.0,0.0,0.0,0.0,0.0,,97,,,,,,0,,,20,0,0,0,8.0,9,2,,,0,,,8,8,0.0,0.0,,,0.0,,,0,0,996.0,,,,,,,,,,,,,,,,,,,,,,,,,,,,,,0,0,0,1,0,0,0,0,0,1,0,1,0,0,0,0,0,0,0,0,0,0,0,1,1,1,1,1,0,1,0,1,0,0,0,,0,0,0,0,0,0,0,0,0,0,0,0,0,0,0,0,,,,,,81+,76+,City street,U,Tuesday,Belt Used,PV,Not Fatal,1,0,0,0,State Route,Municipal/City Police,Vancouver Police Department,0,1,0,0,0,,,,,,0.0,0.0,0.0,,,,,,,,,,,98.0,98.0,98.0,0.0,,,,,20.0,,,,,,,,,1.0,0.0,,,,,,,98662
3654,2021,320,EB61883,305.0,08/24/2021,16:09,24,8,,11,Clark,2370,1,,1,1,2,1,1,5,3,,,,12,0,6,0.3,3,0,2,3,2,1,6,0,0,3,3,NE FOURTH PLAIN BLVD,NE VANCOUVER MALL DR,-122.5755528,45.657566667,0,2,98,98,7,35,6,0,0,1,5,12,1,1,5,1,10,2,1,53,0,48,34,2005,0,,12,68.0,12.0,,,,1,1,23,1,0.0,,0,0,3,0,11,0,,,,,0.0,0.0,0.0,3.0,1,0,,,,96,,,,,,98,,,,,,98626.0,53,66.0,120.0,6.0,1.0,0.0,0.0,0.0,0.0,,0,,,,,,0,,,20,0,0,0,8.0,9,8,,,0,,,8,8,8.0,95.0,,,96.0,,,8,95,995.0,,,,,,,,,,,,,,,,,,,,,,,,,,,,,,0,0,0,1,0,0,0,0,0,1,0,1,0,0,0,0,0,0,0,0,0,0,0,1,1,1,1,1,0,1,0,1,0,0,0,,0,0,0,0,0,0,0,0,0,0,0,0,0,0,0,0,,,,,,21-25,16-25,City street,U,Tuesday,Belt Used,PV,Not Fatal,1,0,0,0,State Route,Municipal/City Police,Vancouver Police Department,0,1,0,0,0,,,,,,0.0,0.0,0.0,,,,,,,,,,,98.0,98.0,98.0,0.0,,,,,20.0,,,,,,,,,1.0,0.0,,,,,,,98662
3655,2021,320,EB61883,305.0,08/24/2021,16:09,24,8,,11,Clark,2370,1,,1,1,2,1,1,5,3,,,,12,0,6,0.3,3,0,2,3,2,1,6,0,0,3,3,NE FOURTH PLAIN BLVD,NE VANCOUVER MALL DR,-122.5755528,45.657566667,0,3,98,62,4,35,14,0,0,1,5,12,1,1,5,1,5,2,2,53,0,2,404,2016,0,,12,,,,,,1,1,27,8,0.0,,0,0,3,0,11,0,,,,,0.0,0.0,0.0,3.0,1,0,,,,96,,,,,,98,,,,,,98661.0,53,75.0,245.0,6.0,1.0,0.0,1.0,0.0,0.0,,0,,,,,,0,03/15/2018,10/15/2019,20,0,0,0,8.0,9,8,,,0,,,8,8,8.0,95.0,,,96.0,,,8,95,995.0,,,,,,,,,,,,,,,,,,,,,,,,,,,,,,0,0,0,1,0,0,0,0,0,1,0,1,0,0,0,0,0,0,0,0,0,0,0,1,1,1,1,1,0,1,0,1,0,0,0,,0,0,0,0,0,0,0,0,0,0,0,0,0,0,0,0,,,,,,26-30,26-35,City street,U,Tuesday,Belt Used,PV,Not Fatal,1,0,0,0,State Route,Municipal/City Police,Vancouver Police Department,0,1,0,0,0,,,,,,0.0,0.0,1.0,,,,,,,,,,,98.0,98.0,98.0,0.0,,,,,20.0,,,,,,,,,1.0,0.0,,,,,,,98662
3656,2021,321,3906392,263.0,07/23/2021,22:46,23,7,,33,King,1960,1,,3,1,1,1,0,2,2,,,,12,0,1,34.0,3,0,3,3,2,1,3,0,0,3,3,SR-99,ROOSEVELT WAY N,-122.3450861,47.733577778,0,1,20,50,3,35,4,0,0,1,2,12,1,1,5,5,1,1,1,53,0,37,32,1995,0,,12,,,,,,1,1,21,1,7.0,,4,7,3,0,11,0,07/23/2021,22:46,196053036246.0,36246.0,0.0,0.0,3.0,3.0,1,0,,,,96,,,,,,98,,,,,,98133.0,53,66.0,140.0,6.0,1.0,0.0,0.0,0.0,0.0,,0,,,,,,0,,,1,0,0,0,0.0,9,8,,,0,,,8,8,2.0,1.0,,,1.0,,,2,1,0.0,,,,,,,,,,,,,,,,,,,,,,,,,,,,,,0,0,0,1,0,0,1,1,1,0,0,0,0,0,0,0,0,0,0,0,0,0,0,1,1,0,0,0,0,1,1,0,0,0,0,,1,0,0,0,0,0,0,0,0,0,0,0,0,0,0,0,,,,,,21-25,16-25,State route,U,Friday,Belt Used,PV,White,1,0,0,0,State Route,Municipal/City Police,Seattle Police Department,0,1,0,0,0,,,,,,0.0,0.0,0.0,,,,,,,,,,,0.0,0.0,0.0,1.0,,,,,20.0,,,,,,,,,1.0,0.0,,,,,,,98133
3657,2021,321,3906392,263.0,07/23/2021,22:46,23,7,,33,King,1960,1,,3,1,1,1,0,2,2,,,,12,0,1,34.0,3,0,3,3,2,1,3,0,0,3,3,SR-99,ROOSEVELT WAY N,-122.3450861,47.733577778,0,2,21,53,3,35,66,2,0,1,5,12,1,1,5,5,5,1,3,41,0,82,881,2021,0,,12,,,,,,1,1,38,1,0.0,,0,0,3,0,11,0,,,,,6.0,3.0,0.0,3.0,1,0,,,,96,,,,,,98,,,,,,98372.0,53,75.0,215.0,6.0,1.0,0.0,0.0,0.0,0.0,,0,,,,,,0,,,20,0,0,0,8.0,9,8,,,0,,,8,8,2.0,605.0,,,1.0,,,2,1,0.0,,,,,,,,,,,,,,,,,,,,,,,,,,,,,,0,0,0,1,0,0,1,1,1,0,0,0,0,0,0,0,0,0,0,0,0,0,0,1,1,0,0,0,0,1,1,0,0,0,0,,0,0,0,0,0,0,1,1,0,0,0,0,0,0,1,0,,,,,,36-40,36-45,State route,U,Friday,,MHTRUCK,Not Fatal,1,0,0,0,State Route,Municipal/City Police,Seattle Police Department,0,1,0,0,0,,,,,,0.0,0.0,0.0,,,,,,,,,,,98.0,98.0,98.0,0.0,,,,,20.0,,,,,,,,,1.0,0.0,,,,,,,98133
3658,2021,323,EB62133,21.0,08/05/2021,14:25,5,8,,25,Grant,0,1,,1,1,2,2,0,3,2,,,,12,0,6,12.1,2,0,2,6,1,2,4,0,0,20,3,CR-ROAD 11 SW,RD E SW,-119.6005694,46.928261111,0,1,89,17,2,55,6,0,0,1,2,12,1,1,2,1,4,2,2,53,0,35,49,2004,0,,12,63.0,1.0,,,,1,1,46,1,1.0,,4,7,3,0,11,0,08/05/2021,14:25,53039233.0,39233.0,0.0,0.0,0.0,2.0,1,38,,,,92,,,,,,98,,,,,,99344.0,53,65.0,165.0,1.0,1.0,0.0,0.0,0.0,0.0,,0,,,,,,0,,,8,0,0,0,0.0,9,8,,,0,,,8,8,2.0,1.0,,,1.0,,,2,1,0.0,,,,,,,,,,,,,,,,,,,,,,,,,,,,,,0,0,0,1,0,0,0,0,0,0,0,0,0,1,0,0,1,0,1,0,0,0,0,0,0,0,0,0,0,1,1,0,0,0,0,,1,0,0,0,0,0,0,0,1,0,1,1,0,0,0,0,,,,,,46-50,46-55,County road,R,Thursday,Belt Used,PV,Hispanic,1,0,0,0,County Road,County Sheriff,Grant County Sheriff's Office,0,0,1,0,0,,,,,,0.0,0.0,0.0,,,,,,,,,,,98.0,98.0,98.0,298.0,,,,,20.0,,,,,,,,,1.0,0.0,,,11 SW,12.07,E SW,1.0,99357