,year,case,par,repjur,crash_dt,crash_tm,accday,accmon,holiday,county,co_char,city,weather,weather2,lightcond,surfcond,surftype,numfatal,nmforms,pforms,vforms,not_tm,arr_tm,hosp_tm,fhevent,hitrun,manncol,milepnt,reljunc,reljuncinter,intersectiontype,funcsystem,landuse,ownership,route,schlbus,spejur,contdev,devfunc,trafid1,trafid2,x,y,wk_zone,vnumber,crashtype,criticalevent,criticaleventcat,spdlim,body,trailer,emerg,hazcargo,leave,mhevent,roadalgn,roadprof,traflane,trafflow,vehmanvr,numoccs,regowner,regstate,spuse,make,model,modelyr,vrf1,vrf2,seqevent1,seqevent2,seqevent3,seqevent4,seqevent5,seqevent6,pnumber,ptype,age,sex,hispanic,race,injury,diedscene,restraint,restraintmisuse,seatpos,takehosp,death_dt,death_tm,cert,cernum_wa,commlic,licendor,licrestrict,liccomp,drivpres,drf1,drf2,drf3,drf4,distract1,distract2,distract3,distract4,distract5,distract6,dricond1,dricond2,dricond3,dricond4,dricond5,dricond6,dzip,licstate,drhgt_in,weight,noncdl,noncdltype,prevdwi,prevoth,prevacc,prevspd,prevsus,driviol1,driviol2,driviol3,driviol4,driviol5,driviol6,spdrel,first_dt,last_dt,airbag,ejection,ejectpath,extricat,injurwrk,methalc,methdrug,nmlocat,strikveh,prf1,prf2,prf3,druginv,alcinvol,drugsts,drugres1,drugres2,drugres3,drugtst1,drugtst2,drugtst3,alcsts,alctst,alcres,nmact1,nmact2,nmact3,nmact4,nmact5,nmact6,nmprior1,nmprior2,nmprior3,nmprior4,nmprior5,nmprior6,nmcond1,nmcond2,nmcond3,nmcond4,nmcond5,nmcond6,nmsafe_helmet,nmsafe_pads,nmsafe_oth,nmprev_ref,nmprev_lgt,nmprev_oth,crashlocation,nmcrashtype,crosswalk,schoolzone,sidewalk,train_inv,wildlife_inv,rotr_fars,intersect_fars,dd_inv,aid_inv,dpd_inv,id_inv,mj_inv,impnm_inv,ainm_inv,dpnm_inv,speed_inv,unlic_inv,unendmc_inv,drowsy_inv,drdist_inv,nmdist_inv,fty_inv,unrestfat_inv,dr1617_inv,dr1820_inv,dr1620_inv,dr2125_inv,dr1625_inv,dr65_inv,dr70_inv,dr75_inv,mc_inv,pv_inv,ht_inv,ped_inv,bike_inv,unrest_fat,mc_fat,unhelmet_mc,pv_fat,ht_fat,ped_fat,bike_fat,dr_alc7,dr_alc8,dr_drug,dr_imp,dr_dist,dr_spd,dr_fty,dr_unlic,dr_alc7only,dr_alc8only,dr_drugonly,dr_drink,nm_imp,nm_alc7,nm_alc8,nm_drug,nm_dist,agegrp1,agegrp2,roadclass,urbrur,dayweek,restuse,vehtype,race_me,intersect,lanedep,oppdir,wrongway,rep_typ,investag,repag_long,rotr,st_rd,cty_rd,city_rd,oth_rd,drug_thc,thc_res,drug_cthc,cthc_res,drug_cann,prevpersemin,prevperse,prevsusoth,drugtst4,drugtst5,drugtst6,drugtst7,drugtst8,drugres4,drugres5,drugres6,drugres7,drugres8,adspresent,adsengaged,adslevel,race1,race2,race3,race4,race5,helmet,helmetmisuse,nmdistract1,nmdistract2,nmdistract3,nmdistract4,nmdistract5,nmdistract6,lab,isedtcase,crf1,crf2,crf3,CoRoadName,CoMP,IntCoRoadName,IntCoMP,zipcode
3659,2021,323,EB62133,21.0,08/05/2021,14:25,5,8,,25,Grant,0,1,,1,1,2,2,0,3,2,,,,12,0,6,12.1,2,0,2,6,1,2,4,0,0,0,0,CR-ROAD 11 SW,RD E SW,-119.6005694,46.928261111,0,2,88,66,4,55,66,0,0,1,2,12,1,1,2,1,1,1,3,53,0,82,881,2006,0,,12,,,,,,1,1,57,1,0.0,,0,0,3,0,11,0,,,,,6.0,3.0,3.0,3.0,1,0,,,,96,,,,,,98,,,,,,98922.0,53,69.0,160.0,6.0,1.0,0.0,1.0,0.0,0.0,,0,,,,,,0,04/15/2019,04/15/2019,20,0,0,0,8.0,9,8,,,0,,,8,8,8.0,95.0,,,96.0,,,8,95,995.0,,,,,,,,,,,,,,,,,,,,,,,,,,,,,,0,0,0,1,0,0,0,0,0,0,0,0,0,1,0,0,1,0,1,0,0,0,0,0,0,0,0,0,0,1,1,0,0,0,0,,0,0,0,0,0,0,0,0,0,0,0,0,0,0,0,0,,,,,,56-60,56-65,County road,R,Thursday,,MHTRUCK,Not Fatal,1,0,0,0,County Road,County Sheriff,Grant County Sheriff's Office,0,0,1,0,0,,,,,,0.0,0.0,0.0,,,,,,,,,,,98.0,98.0,98.0,0.0,,,,,20.0,,,,,,,,,1.0,0.0,,,11 SW,12.07,E SW,1.0,99357
3660,2021,324,EB62134,21.0,08/07/2021,6:01,7,8,,25,Grant,0,1,,9,1,4,1,0,2,1,,,,58,0,0,9.5,1,0,1,7,1,2,4,0,0,0,0,CR-ROAD 9 NE,,-119.2617194,47.21915,0,1,6,12,2,50,4,0,0,1,2,58,1,2,8,1,1,2,2,53,0,49,32,2009,0,,64,67.0,58.0,1.0,,,1,1,19,2,1.0,,4,7,3,0,11,0,08/07/2021,6:01,53038978.0,38978.0,0.0,0.0,0.0,0.0,1,0,,,,92,,,,,,98,,,,,,99344.0,53,62.0,115.0,0.0,0.0,0.0,0.0,0.0,0.0,,0,,,,,,4,,,20,0,0,0,0.0,9,8,,,0,,,8,8,2.0,1.0,,,1.0,,,2,1,0.0,,,,,,,,,,,,,,,,,,,,,,,,,,,,,,0,0,1,0,0,0,0,0,0,0,0,0,1,1,0,0,1,0,0,0,0,1,1,0,1,0,0,0,0,1,0,0,0,0,0,,1,0,0,0,0,0,0,0,1,1,0,1,0,0,0,0,,,,,,18-20,16-25,County road,R,Saturday,Belt Used,PV,Hispanic,0,1,0,0,County Road,County Sheriff,Grant County Sheriff's Office,1,0,1,0,0,,,,,,0.0,0.0,0.0,,,,,,,,,,,98.0,98.0,98.0,1.0,,,,,20.0,,,,,,,,,1.0,0.0,,,,9.52,,,98837
3661,2021,325,EB62668,7.0,08/20/2021,7:14,20,8,,33,King,1050,10,,1,1,1,1,0,3,2,,,,25,0,0,17.9,19,1,1,1,2,1,1,0,0,0,0,I-405,,-122.1848,47.676363889,0,1,6,8,1,60,4,0,0,1,2,25,1,1,7,3,1,1,1,53,0,37,31,2006,0,,64,25.0,69.0,12.0,63.0,39.0,1,1,51,2,7.0,,4,0,3,0,11,5,08/20/2021,9:01,196053041350.0,41350.0,0.0,0.0,0.0,3.0,1,0,,,,96,,,,,,1,,,,,,98028.0,53,65.0,135.0,6.0,1.0,0.0,1.0,0.0,0.0,,0,,,,,,0,08/15/2017,08/15/2017,8,0,0,0,0.0,9,8,,,0,,,8,8,2.0,348.0,401.0,,1.0,1.0,,2,1,0.0,,,,,,,,,,,,,,,,,,,,,,,,,,,,,,0,0,1,0,0,0,1,1,0,0,0,0,0,0,0,0,0,0,0,0,0,0,0,0,0,0,0,0,0,1,0,0,0,0,0,,1,0,0,0,0,0,1,1,0,0,0,0,0,0,1,0,,,,,,51-55,46-55,Interstate,U,Friday,Belt Used,PV,White,0,1,0,0,State Route,State Patrol,Washington State Patrol,1,1,0,0,0,,,,,,0.0,0.0,0.0,,,,,,,,,,,98.0,98.0,98.0,1.0,,,,,20.0,,,,,,,,,1.0,0.0,,,,,,,98033
3662,2021,325,EB62668,7.0,08/20/2021,7:14,20,8,,33,King,1050,10,,1,1,1,1,0,3,2,,,,25,0,0,17.9,19,1,1,1,2,1,1,0,0,0,0,I-405,,-122.1848,47.676363889,0,2,98,61,4,60,15,0,0,1,2,12,1,1,7,3,16,2,2,53,0,20,422,2011,0,,12,63.0,39.0,,,,1,1,44,2,0.0,,1,0,3,0,11,5,,,,,0.0,0.0,3.0,3.0,1,0,,,,96,,,,,,98,,,,,,98033.0,53,61.0,110.0,6.0,1.0,0.0,0.0,0.0,0.0,,0,,,,,,0,,,8,0,0,0,8.0,9,8,,,0,,,8,8,0.0,0.0,,,0.0,,,0,0,996.0,,,,,,,,,,,,,,,,,,,,,,,,,,,,,,0,0,1,0,0,0,1,1,0,0,0,0,0,0,0,0,0,0,0,0,0,0,0,0,0,0,0,0,0,1,0,0,0,0,0,,0,0,0,0,0,0,0,0,0,0,0,0,0,0,0,0,,,,,,41-45,36-45,Interstate,U,Friday,Belt Used,PV,Not Fatal,0,1,0,0,State Route,State Patrol,Washington State Patrol,1,1,0,0,0,,,,,,0.0,0.0,0.0,,,,,,,,,,,98.0,98.0,98.0,0.0,,,,,20.0,,,,,,,,,1.0,0.0,,,,,,,98033
3663,2021,326,EB62748,184.0,08/27/2021,12:37,27,8,,61,Snohomish,1215,2,,1,2,2,1,1,2,1,,,,8,0,0,42.1,3,0,3,3,2,1,3,0,0,20,3,SR-99,VALUE VILLAGE,-122.2973028,47.841738889,0,1,13,80,5,98,15,0,0,1,2,8,1,1,3,1,10,2,1,53,0,23,421,2006,0,,8,,,,,,1,1,45,1,0.0,,0,0,3,0,11,0,,,,,0.0,0.0,0.0,3.0,1,38,,,,96,,,,,,98,,,,,,98133.0,53,67.0,180.0,6.0,1.0,0.0,0.0,0.0,0.0,,2,,,,,,0,,,20,0,0,0,8.0,9,8,,,0,,,8,8,8.0,95.0,,,96.0,,,8,95,995.0,,,,,,,,,,,,,,,,,,,,,,,,,,,,,,0,0,0,1,0,0,0,0,0,0,0,0,0,0,0,0,0,0,1,0,0,0,0,0,0,0,0,0,0,1,0,1,0,0,0,,0,0,0,0,0,0,0,0,0,0,1,0,0,0,0,0,,,,,,41-45,36-45,State route,U,Friday,Belt Used,PV,Not Fatal,0,0,0,0,State Route,Municipal/City Police,Lynnwood Police Department,0,1,0,0,0,,,,,,0.0,0.0,0.0,,,,,,,,,,,98.0,98.0,98.0,0.0,,,,,20.0,,,,,,,,,1.0,0.0,,,,,,,98037
3664,2021,327,EB63072,1.0,08/29/2021,10:44,29,8,,77,Yakima,2590,1,,1,1,2,1,0,1,1,,,,21,0,0,31.4,1,0,1,1,2,1,1,0,0,0,0,I-82,,-120.5074,46.626369444,0,1,1,13,2,60,6,0,0,1,2,21,1,1,2,3,1,1,2,53,0,20,23,2008,0,,63,21.0,,,,,1,1,73,1,7.0,,4,7,20,7,11,0,08/29/2021,10:44,259053043686.0,43686.0,0.0,0.0,0.0,3.0,1,0,,,,96,,,,,,98,,,,,,98901.0,53,78.0,280.0,6.0,1.0,0.0,0.0,0.0,0.0,,0,,,,,,0,,,1,0,0,0,0.0,1,1,,,0,,,0,0,2.0,1.0,,,1.0,,,2,1,0.0,,,,,,,,,,,,,,,,,,,,,,,,,,,,,,0,0,1,0,0,0,0,0,0,0,0,0,0,0,0,0,0,0,0,1,0,0,0,0,0,1,1,0,0,1,0,0,0,1,0,,1,0,0,0,0,0,0,0,0,0,0,0,0,0,0,0,,,,,,71-75,66-75,Interstate,U,Sunday,Not Used,PV,White,0,1,0,0,State Route,State Patrol,Washington State Patrol,1,1,0,0,0,,,,,,0.0,0.0,0.0,,,,,,,,,,,98.0,98.0,98.0,1.0,,,,,20.0,,,,,,,,,1.0,0.0,,,,,,,98901
3665,2021,328,EB63125,222.0,08/27/2021,7:45,27,8,,67,Thurston,1590,1,,1,1,2,1,0,1,1,,,,42,0,0,0.0,1,0,1,5,2,4,6,0,0,0,0,WHEELER AVE SE,,-122.8816083,47.035038889,0,1,7,6,1,98,4,0,0,1,2,42,2,4,2,1,14,1,0,41,0,55,35,1999,0,,68,64.0,42.0,,,,1,1,25,1,7.0,,4,7,20,7,11,0,08/27/2021,7:45,159053043282.0,43282.0,0.0,0.0,0.0,0.0,1,0,,,,96,,,,,,98,,,,,,98501.0,53,70.0,145.0,0.0,0.0,0.0,0.0,0.0,0.0,,0,,,,,,4,,,1,0,0,0,0.0,9,8,,,0,,,8,8,2.0,177.0,401.0,417.0,1.0,1.0,1.0,2,1,0.0,,,,,,,,,,,,,,,,,,,,,,,,,,,,,,0,0,0,0,0,0,1,1,0,0,0,0,1,1,0,0,0,0,0,1,0,0,0,1,1,0,0,0,0,1,0,0,0,1,0,,1,0,0,0,0,0,1,1,0,1,0,1,0,0,1,0,,,,,,21-25,16-25,City street,U,Friday,Not Used,PV,AIAN,0,1,0,0,City Street,Municipal/City Police,Olympia Police Department,1,0,0,1,0,,,,,,0.0,0.0,0.0,,,,,,,,,,,0.0,0.0,0.0,3.0,,,,,20.0,,,,,,,,,1.0,0.0,,,,,,,98501
3666,2021,329,EB63186,3.0,08/10/2021,20:54,10,8,,53,Pierce,0,1,,3,1,2,1,0,2,2,,,,12,0,1,44.7,1,0,1,3,2,1,3,0,0,0,0,SR-7,,-122.3981333,47.053497222,0,1,24,51,3,50,4,0,0,1,2,12,1,1,5,5,1,1,1,53,0,20,2,2017,0,,12,63.0,38.0,30.0,1.0,,1,1,48,1,7.0,,4,0,3,0,11,0,08/10/2021,21:53,223053039691.0,39691.0,0.0,0.0,0.0,3.0,1,0,,,,96,,,,,,98,,,,,,39367.0,28,74.0,315.0,6.0,1.0,0.0,0.0,98.0,0.0,,0,,,,,,4,,,8,0,0,0,0.0,9,8,,,0,,,8,8,2.0,1.0,,,1.0,,,2,1,0.185,,,,,,,,,,,,,,,,,,,,,,,,,,,,,,0,0,0,0,1,1,0,1,0,0,0,0,1,1,0,0,0,0,0,0,0,0,0,0,0,0,0,0,0,1,0,0,0,0,0,,1,0,0,0,0,1,0,1,0,1,0,0,0,1,0,1,,,,,,46-50,46-55,State route,U,Tuesday,Belt Used,PV,Multiracial,0,0,0,0,State Route,State Patrol,Washington State Patrol,0,1,0,0,0,,,,,,0.0,0.0,0.0,,,,,,,,,,,98.0,98.0,98.0,201.0,202.0,,,,20.0,,,,,,,,,1.0,0.0,,,,,,,98404
3667,2021,329,EB63186,3.0,08/10/2021,20:54,10,8,,53,Pierce,0,1,,3,1,2,1,0,2,2,,,,12,0,1,44.7,1,0,1,3,2,1,3,0,0,0,0,SR-7,,-122.3981333,47.053497222,0,2,25,53,3,50,4,0,0,1,5,12,1,1,5,5,1,1,9,99,0,41,49,2005,0,,12,,,,,,1,1,38,1,0.0,,0,0,3,0,11,0,,,,,0.0,0.0,0.0,2.0,1,0,,,,96,,,,,,98,,,,,,98445.0,53,72.0,180.0,1.0,1.0,0.0,3.0,0.0,3.0,,0,,,,,,0,12/15/2016,09/15/2017,20,0,0,0,8.0,9,8,,,0,,,8,8,8.0,95.0,,,96.0,,,8,95,995.0,,,,,,,,,,,,,,,,,,,,,,,,,,,,,,0,0,0,0,1,1,0,1,0,0,0,0,1,1,0,0,0,0,0,0,0,0,0,0,0,0,0,0,0,1,0,0,0,0,0,,0,0,0,0,0,0,0,0,0,0,0,1,0,0,0,0,,,,,,36-40,36-45,State route,U,Tuesday,Belt Used,PV,Not Fatal,0,0,0,0,State Route,State Patrol,Washington State Patrol,0,1,0,0,0,,,,,,0.0,0.0,5.0,,,,,,,,,,,98.0,98.0,98.0,0.0,,,,,20.0,,,,,,,,,1.0,0.0,,,,,,,98404
3668,2021,330,3889826,344.0,08/20/2021,20:27,20,8,,77,Yakima,0,1,,2,1,2,2,0,2,1,,,,1,0,0,57.7,1,0,1,3,1,1,2,0,3,0,0,US-97,,-120.3206333,46.321969444,0,1,2,13,2,60,4,0,0,1,2,1,3,1,2,1,14,2,2,41,0,20,22,2006,0,,63,1.0,,,,,1,1,73,1,7.0,,4,0,3,0,11,0,08/21/2021,3:37,259053040650.0,40650.0,0.0,0.0,0.0,0.0,1,58,,,,96,,,,,,9,,,,,,97761.0,41,69.0,160.0,0.0,0.0,0.0,0.0,0.0,0.0,,0,,,,,,0,06/15/2019,06/15/2020,20,0,0,0,0.0,9,8,,,0,,,8,1,2.0,695.0,605.0,,1.0,1.0,,2,1,0.231,,,,,,,,,,,,,,,,,,,,,,,,,,,,,,0,0,0,0,1,1,1,1,1,0,0,0,0,1,0,0,0,0,0,1,0,0,0,0,0,1,1,0,0,1,0,0,0,0,0,,1,0,0,0,0,1,1,1,0,0,0,1,0,0,0,1,,,,,,71-75,66-75,US highway,R,Friday,Belt Used,PV,AIAN,0,1,0,0,State Route,Other Law Enforcement,Yakama Tribal Police Department,1,1,0,0,0,thc,13.0,carboxy-thc,31.0,,0.0,1.0,5.0,,,,,,,,,,,98.0,98.0,98.0,3.0,,,,,20.0,,,,,,,,nms,1.0,0.0,,,,,,,98948
3669,2021,331,EB63518,20.0,08/07/2021,18:30,7,8,,23,Garfield,0,1,,1,1,4,1,0,1,1,,,,30,0,0,,1,0,1,7,1,2,4,0,0,0,0,CR-KESSLER MILL RD,,-117.5132444,46.01025,0,1,1,13,2,50,90,0,0,1,5,30,4,1,8,8,14,1,0,0,0,37,734,2005,0,,63,30.0,,,,,1,1,65,1,7.0,,4,7,20,7,11,0,08/07/2021,18:30,53038429.0,38429.0,0.0,0.0,0.0,1.0,1,0,,,,96,,,,,,98,,,,,,99320.0,53,67.0,190.0,6.0,1.0,0.0,0.0,0.0,1.0,,0,,,,,,0,07/15/2017,07/15/2017,20,9,0,0,0.0,9,8,,,0,,,8,8,2.0,1.0,,,1.0,,,2,1,0.176,,,,,,,,,,,,,,,,,,,,,,,,,,,,,,0,0,1,0,1,1,0,1,0,0,0,0,0,0,0,0,0,0,0,0,0,0,0,0,0,1,0,0,0,0,0,0,0,0,0,,0,0,0,0,0,1,0,1,0,0,0,0,0,1,0,1,,,,,,61-65,56-65,County road,R,Saturday,,OTHVT,White,0,1,0,0,County Road,County Sheriff,Garfield County Sheriff's Office,1,0,1,0,0,,,,,,0.0,0.0,0.0,,,,,,,,,,,0.0,0.0,0.0,1.0,,,,,17.0,,,,,,,,,1.0,0.0,,,KESSLER MILL RD,0.5,,,97828
3670,2021,332,EB63713,25.0,08/26/2021,21:49,26,8,,33,King,0,10,,2,2,2,1,0,1,1,,,,42,0,0,1.1,1,0,1,6,1,2,4,0,0,0,0,CR-244TH AVE SE,,-122.0157917,47.413502778,0,1,2,9,1,35,2,0,0,1,5,42,1,2,2,1,1,1,1,53,0,12,4,1996,0,,63,42.0,53.0,43.0,,,1,1,29,1,7.0,,4,7,20,7,11,0,08/26/2021,21:49,53044009.0,44009.0,0.0,0.0,0.0,3.0,1,0,,,,96,,,,,,98,,,,,,98038.0,53,64.0,110.0,6.0,1.0,0.0,0.0,0.0,0.0,,0,,,,,,4,,,20,0,0,0,0.0,9,8,,,0,,,8,8,2.0,695.0,605.0,,1.0,1.0,,2,1,0.183,,,,,,,,,,,,,,,,,,,,,,,,,,,,,,0,0,0,0,1,1,1,1,1,0,0,0,1,0,0,0,0,0,0,1,0,0,0,0,0,0,0,0,0,1,0,0,0,1,0,,1,0,0,0,0,1,1,1,0,1,0,0,0,0,0,1,,,,,,26-30,26-35,County road,R,Thursday,Not Used,PV,White,0,1,0,0,County Road,County Sheriff,King County Police,1,0,1,0,0,thc,30.0,carboxy-thc,37.0,,0.0,0.0,0.0,,,,,,,,,,,0.0,0.0,0.0,1.0,,,,,20.0,,,,,,,,nms,1.0,0.0,,,244 AVE SE,1.124,,,98038
3671,2021,333,EB63718,1.0,08/28/2021,6:43,28,8,,21,Franklin,0,1,,1,1,2,1,0,1,1,,,,1,0,0,37.4,1,0,1,2,1,1,2,0,0,0,0,US-395,,-119.0838611,46.364944444,0,1,1,13,2,70,4,0,0,1,2,1,3,1,2,2,14,1,2,53,0,12,37,2007,0,,63,1.0,,,,,1,1,19,1,1.0,,4,7,20,7,11,0,08/28/2021,6:43,53042820.0,42820.0,0.0,0.0,0.0,3.0,1,0,,,,92,,,,,,98,,,,,,99336.0,53,71.0,135.0,6.0,1.0,0.0,3.0,1.0,5.0,,0,,,,,,3,07/15/2019,05/15/2021,20,1,9,0,0.0,9,8,,,0,,,8,8,2.0,402.0,407.0,996.0,1.0,1.0,1.0,2,1,0.157,,,,,,,,,,,,,,,,,,,,,,,,,,,,,,0,0,1,0,1,1,1,1,1,0,0,0,1,0,0,0,1,0,0,1,0,1,1,0,1,0,0,0,0,1,0,0,0,1,0,,1,0,0,0,0,1,1,1,1,1,0,0,0,0,0,1,,,,,,18-20,16-25,US highway,R,Saturday,Not Used,PV,Hispanic,0,1,0,0,State Route,State Patrol,Washington State Patrol,1,1,0,0,0,thc,5.4,carboxy-thc,83.0,,0.0,0.0,2.0,1.0,1.0,,,,695.0,605.0,,,,98.0,98.0,98.0,1.0,,,,,20.0,,,,,,,,nms,1.0,0.0,,,,,,,
3672,2021,335,EB64306,3.0,08/14/2021,12:05,14,8,,53,Pierce,0,10,,1,1,2,1,0,1,1,,,,1,0,0,9.8,3,0,2,3,2,1,3,0,0,0,0,SR-410,262ND ST E,-122.0803972,47.162205556,0,1,1,13,2,55,82,0,0,1,2,1,1,1,2,1,11,1,1,53,0,72,706,2010,0,,63,1.0,,,,,1,1,53,2,7.0,,4,7,20,7,11,0,08/14/2021,12:05,53040612.0,40612.0,0.0,0.0,0.0,2.0,1,48,,,,96,,,,,,98,,,,,,98391.0,53,64.0,155.0,6.0,1.0,1.0,1.0,0.0,0.0,,0,,,,,,0,01/15/2017,01/15/2017,20,8,0,0,0.0,9,8,,,0,,,8,8,2.0,1.0,,,1.0,,,2,1,0.127,,,,,,,,,,,,,,,,,,,,,,,,,,,,,,0,0,1,1,1,1,0,1,0,0,0,0,0,0,1,0,0,0,0,0,0,0,0,0,0,0,0,0,1,0,0,0,0,0,1,0.0,0,0,0,0,0,1,0,1,0,0,0,0,0,1,0,1,,,,,,51-55,46-55,State route,U,Saturday,,MC,White,1,0,0,0,State Route,State Patrol,Washington State Patrol,0,1,0,0,0,,,,,,0.0,1.0,1.0,,,,,,,,,,,0.0,0.0,0.0,1.0,,,,,5.0,,,,,,,,,1.0,0.0,,,,,,,98321
3673,2021,336,EB64581,4.0,08/29/2021,20:25,29,8,,63,Spokane,0,1,,5,1,2,1,1,2,2,,,,9,0,0,170.1,2,0,2,3,2,1,2,0,0,3,3,US-395,HAWTHORNE,-117.4108889,47.751172222,0,1,13,83,5,45,14,0,0,1,2,9,1,1,5,1,1,1,1,53,0,37,404,2019,0,,9,,,,,,1,1,55,2,0.0,,0,0,3,0,11,0,,,,,0.0,0.0,0.0,3.0,1,0,,,,96,,,,,,9,,,,,,99218.0,53,64.0,250.0,6.0,1.0,0.0,0.0,0.0,0.0,,12,,,,,,0,,,20,0,0,0,8.0,9,1,,,0,,,1,8,2.0,695.0,605.0,,1.0,1.0,,2,1,0.0,,,,,,,,,,,,,,,,,,,,,,,,,,,,,,0,0,0,1,0,0,1,1,1,1,0,1,0,0,0,0,0,0,0,0,0,1,1,0,1,0,0,0,0,1,0,0,1,0,0,,0,0,0,0,0,0,1,1,0,0,0,0,0,0,1,0,,,,,,51-55,46-55,US highway,U,Sunday,Belt Used,PV,Not Fatal,1,0,0,0,State Route,State Patrol,Washington State Patrol,0,1,0,0,0,thc,1.8,carboxy-thc,29.0,,0.0,0.0,0.0,,,,,,,,,,,98.0,98.0,98.0,0.0,,,,,20.0,,,,,,,,,1.0,0.0,,,,,,,99251
3674,2021,336,EB64581,4.0,08/29/2021,20:25,29,8,,63,Spokane,0,1,,5,1,2,1,1,2,2,,,,9,0,0,170.1,2,0,2,3,2,1,2,0,0,3,3,US-395,HAWTHORNE,-117.4108889,47.751172222,0,2,98,83,5,45,4,0,0,1,5,9,1,1,5,1,1,1,2,53,0,37,31,2015,0,,9,,,,,,1,1,20,2,0.0,,0,0,3,0,11,0,,,,,0.0,0.0,3.0,3.0,1,0,,,,96,,,,,,98,,,,,,99208.0,53,63.0,105.0,6.0,2.0,0.0,0.0,0.0,0.0,,0,,,,,,0,,,20,0,0,0,8.0,9,8,,,0,,,8,8,0.0,0.0,,,0.0,,,0,0,996.0,,,,,,,,,,,,,,,,,,,,,,,,,,,,,,0,0,0,1,0,0,1,1,1,1,0,1,0,0,0,0,0,0,0,0,0,1,1,0,1,0,0,0,0,1,0,0,1,0,0,,0,0,0,0,0,0,0,0,0,0,0,0,0,0,0,0,,,,,,18-20,16-25,US highway,U,Sunday,Belt Used,PV,Not Fatal,1,0,0,0,State Route,State Patrol,Washington State Patrol,0,1,0,0,0,,,,,,0.0,0.0,0.0,,,,,,,,,,,98.0,98.0,98.0,0.0,,,,,20.0,,,,,,,,,1.0,0.0,,,,,,,99251
3675,2021,337,EB64590,127.0,09/02/2021,18:47,2,9,,33,King,735,1,,1,1,1,1,0,2,2,,,,12,0,6,0.0,2,0,3,4,2,4,6,0,0,0,0,SW 320TH ST,43rd Pl SW,-122.3882,47.315177778,0,1,68,15,2,35,61,0,0,1,5,12,1,1,5,5,11,1,3,53,0,7,881,2009,0,,12,,,,,,1,1,24,1,0.0,,1,0,3,0,11,0,,,,,0.0,0.0,0.0,2.0,1,48,,,,96,,,,,,98,,,,,,98023.0,53,71.0,230.0,1.0,1.0,0.0,2.0,1.0,5.0,,97,,,,,,0,11/15/2016,11/15/2020,20,0,0,0,8.0,9,8,,,0,,,8,8,0.0,0.0,,,0.0,,,0,0,996.0,,,,,,,,,,,,,,,,,,,,,,,,,,,,,,0,0,0,1,0,0,0,0,0,0,0,0,0,1,0,0,0,0,0,1,0,0,0,1,1,0,0,0,0,1,1,0,0,0,0,,0,0,0,0,0,0,0,0,0,0,0,1,0,0,0,0,,,,,,21-25,16-25,City street,U,Thursday,,MHTRUCK,Not Fatal,1,0,0,0,City Street,Municipal/City Police,Federal Way Dept of Public Safety,0,0,0,1,0,,,,,,0.0,0.0,2.0,,,,,,,,,,,98.0,98.0,98.0,0.0,,,,,20.0,,,,,,,,,1.0,0.0,,,,,,,98023
3676,2021,337,EB64590,127.0,09/02/2021,18:47,2,9,,33,King,735,1,,1,1,1,1,0,2,2,,,,12,0,6,0.0,2,0,3,4,2,4,6,0,0,0,0,SW 320TH ST,43rd Pl SW,-122.3882,47.315177778,0,2,69,62,4,35,2,0,0,1,2,12,1,1,5,5,1,1,1,53,0,37,31,1994,0,,12,,,,,,1,1,27,1,7.0,,4,7,20,7,11,0,09/02/2021,18:47,73553046545.0,46545.0,0.0,0.0,0.0,3.0,1,0,,,,96,,,,,,98,,,,,,98387.0,53,66.0,260.0,6.0,1.0,0.0,1.0,1.0,0.0,,0,,,,,,0,07/15/2017,09/15/2018,9,0,0,0,0.0,9,8,,,0,,,8,8,2.0,1.0,,,1.0,,,2,1,0.0,,,,,,,,,,,,,,,,,,,,,,,,,,,,,,0,0,0,1,0,0,0,0,0,0,0,0,0,1,0,0,0,0,0,1,0,0,0,1,1,0,0,0,0,1,1,0,0,1,0,,1,0,0,0,0,0,0,0,0,0,0,0,0,0,0,0,,,,,,26-30,26-35,City street,U,Thursday,Not Used,PV,API,1,0,0,0,City Street,Municipal/City Police,Federal Way Dept of Public Safety,0,0,0,1,0,,,,,,0.0,0.0,0.0,,,,,,,,,,,0.0,0.0,0.0,38.0,,,,,20.0,,,,,,,,,1.0,0.0,,,,,,,98023
3677,2021,338,EB64623,5.0,08/29/2021,17:07,29,8,,11,Clark,2370,1,,1,1,2,1,0,1,1,,,,25,0,0,1.0,5,1,1,1,2,1,1,0,0,0,0,I-205 RAMP,,-122.5687556,45.653469444,0,1,6,12,2,98,80,0,0,1,2,25,2,4,1,6,14,1,3,53,0,73,703,2013,0,,64,25.0,,,,,1,1,61,1,7.0,,4,0,20,7,11,5,08/31/2021,20:22,237053044154.0,44154.0,0.0,0.0,0.0,2.0,1,30,,,,96,,,,,,98,,,,,,91977.0,6,71.0,160.0,3.0,1.0,0.0,0.0,0.0,0.0,,0,,,,,,4,,,20,8,0,0,0.0,9,8,,,0,,,8,8,2.0,1.0,,,1.0,,,2,1,0.066,,,,,,,,,,,,,,,,,,,,,,,,,,,,,,0,0,1,0,1,0,0,0,0,0,0,0,1,1,1,0,0,0,0,0,0,0,0,0,0,0,0,0,1,0,0,0,0,0,1,0.0,0,0,0,0,1,0,0,0,0,1,0,1,1,0,0,1,,,,,,61-65,56-65,Interstate,U,Sunday,,MC,White,1,0,0,0,State Route,State Patrol,Washington State Patrol,0,1,0,0,0,,,,,,0.0,0.0,0.0,,,,,,,,,,,0.0,0.0,0.0,1.0,,,,,5.0,,,,,,,,,1.0,0.0,,,,,,,98662