,year,case,par,repjur,crash_dt,crash_tm,accday,accmon,holiday,county,co_char,city,weather,weather2,lightcond,surfcond,surftype,numfatal,nmforms,pforms,vforms,not_tm,arr_tm,hosp_tm,fhevent,hitrun,manncol,milepnt,reljunc,reljuncinter,intersectiontype,funcsystem,landuse,ownership,route,schlbus,spejur,contdev,devfunc,trafid1,trafid2,x,y,wk_zone,vnumber,crashtype,criticalevent,criticaleventcat,spdlim,body,trailer,emerg,hazcargo,leave,mhevent,roadalgn,roadprof,traflane,trafflow,vehmanvr,numoccs,regowner,regstate,spuse,make,model,modelyr,vrf1,vrf2,seqevent1,seqevent2,seqevent3,seqevent4,seqevent5,seqevent6,pnumber,ptype,age,sex,hispanic,race,injury,diedscene,restraint,restraintmisuse,seatpos,takehosp,death_dt,death_tm,cert,cernum_wa,commlic,licendor,licrestrict,liccomp,drivpres,drf1,drf2,drf3,drf4,distract1,distract2,distract3,distract4,distract5,distract6,dricond1,dricond2,dricond3,dricond4,dricond5,dricond6,dzip,licstate,drhgt_in,weight,noncdl,noncdltype,prevdwi,prevoth,prevacc,prevspd,prevsus,driviol1,driviol2,driviol3,driviol4,driviol5,driviol6,spdrel,first_dt,last_dt,airbag,ejection,ejectpath,extricat,injurwrk,methalc,methdrug,nmlocat,strikveh,prf1,prf2,prf3,druginv,alcinvol,drugsts,drugres1,drugres2,drugres3,drugtst1,drugtst2,drugtst3,alcsts,alctst,alcres,nmact1,nmact2,nmact3,nmact4,nmact5,nmact6,nmprior1,nmprior2,nmprior3,nmprior4,nmprior5,nmprior6,nmcond1,nmcond2,nmcond3,nmcond4,nmcond5,nmcond6,nmsafe_helmet,nmsafe_pads,nmsafe_oth,nmprev_ref,nmprev_lgt,nmprev_oth,crashlocation,nmcrashtype,crosswalk,schoolzone,sidewalk,train_inv,wildlife_inv,rotr_fars,intersect_fars,dd_inv,aid_inv,dpd_inv,id_inv,mj_inv,impnm_inv,ainm_inv,dpnm_inv,speed_inv,unlic_inv,unendmc_inv,drowsy_inv,drdist_inv,nmdist_inv,fty_inv,unrestfat_inv,dr1617_inv,dr1820_inv,dr1620_inv,dr2125_inv,dr1625_inv,dr65_inv,dr70_inv,dr75_inv,mc_inv,pv_inv,ht_inv,ped_inv,bike_inv,unrest_fat,mc_fat,unhelmet_mc,pv_fat,ht_fat,ped_fat,bike_fat,dr_alc7,dr_alc8,dr_drug,dr_imp,dr_dist,dr_spd,dr_fty,dr_unlic,dr_alc7only,dr_alc8only,dr_drugonly,dr_drink,nm_imp,nm_alc7,nm_alc8,nm_drug,nm_dist,agegrp1,agegrp2,roadclass,urbrur,dayweek,restuse,vehtype,race_me,intersect,lanedep,oppdir,wrongway,rep_typ,investag,repag_long,rotr,st_rd,cty_rd,city_rd,oth_rd,drug_thc,thc_res,drug_cthc,cthc_res,drug_cann,prevpersemin,prevperse,prevsusoth,drugtst4,drugtst5,drugtst6,drugtst7,drugtst8,drugres4,drugres5,drugres6,drugres7,drugres8,adspresent,adsengaged,adslevel,race1,race2,race3,race4,race5,helmet,helmetmisuse,nmdistract1,nmdistract2,nmdistract3,nmdistract4,nmdistract5,nmdistract6,lab,isedtcase,crf1,crf2,crf3,CoRoadName,CoMP,IntCoRoadName,IntCoMP,zipcode
3678,2021,339,EB64828,330.0,08/29/2021,21:35,29,8,,77,Yakima,2590,1,,2,1,2,1,1,1,1,,,,8,0,0,0.0,1,0,1,3,2,4,6,0,0,0,0,N 16TH AVE,,-120.5303722,46.621119444,0,1,13,80,5,35,34,0,0,1,5,8,1,2,5,5,1,1,1,53,0,12,481,1998,0,,8,,,,,,1,1,79,1,0.0,,0,0,3,0,11,0,,,,,0.0,0.0,0.0,3.0,1,0,,,,96,,,,,,98,,,,,,98948.0,53,68.0,165.0,6.0,1.0,0.0,0.0,2.0,0.0,,0,,,,,,0,02/15/2019,10/15/2021,20,0,0,0,8.0,9,2,,,0,,,8,8,2.0,1.0,,,1.0,,,2,1,0.0,,,,,,,,,,,,,,,,,,,,,,,,,,,,,,0,0,0,0,0,0,0,0,0,1,0,1,0,0,0,0,0,0,0,0,0,0,0,0,0,1,1,1,0,1,0,1,0,0,0,,0,0,0,0,0,0,0,0,0,0,0,0,0,0,0,0,,,,,,76-80,76+,City street,U,Sunday,Belt Used,PV,Not Fatal,0,0,0,0,City Street,Municipal/City Police,Yakima Police Department,0,0,0,1,0,,,,,,0.0,0.0,0.0,,,,,,,,,,,0.0,0.0,0.0,0.0,,,,,20.0,,,,,,,,,1.0,0.0,,,,,,,98902
3679,2021,340,EB64981,31.0,09/03/2021,18:30,3,9,,45,Mason,0,1,,1,1,2,1,0,1,1,,,,42,0,0,2.0,1,0,1,6,1,2,4,0,0,0,0,CR-SE KAMILCHE POINT RD,,-123.0630556,47.139572222,0,1,2,8,1,35,14,0,0,1,2,42,1,3,2,1,1,1,2,53,0,12,401,2002,0,,68,68.0,63.0,42.0,1.0,,1,1,19,1,7.0,,4,7,3,0,11,0,09/03/2021,18:30,53044297.0,44297.0,0.0,0.0,0.0,3.0,1,58,,,,92,,,,,,98,,,,,,98584.0,53,75.0,195.0,6.0,1.0,0.0,0.0,0.0,0.0,,0,,,,,,0,,,8,0,0,0,0.0,9,8,,,0,,,8,8,2.0,1.0,,,1.0,,,2,1,0.0,,,,,,,,,,,,,,,,,,,,,,,,,,,,,,0,0,0,0,0,0,0,0,0,0,0,0,0,0,0,0,1,0,0,0,0,1,1,0,1,0,0,0,0,1,0,0,0,0,0,,1,0,0,0,0,0,0,0,1,0,0,0,0,0,0,0,,,,,,18-20,16-25,County road,R,Friday,Belt Used,PV,White,0,1,0,0,County Road,County Sheriff,Mason County Sheriff's Office,1,0,1,0,0,,,,,,0.0,0.0,0.0,,,,,,,,,,,98.0,98.0,98.0,1.0,,,,,20.0,,,,,,,,,1.0,0.0,,,KAMILCHE POINT RD,1.977,,,98584
3680,2021,341,EB65144,7.0,08/23/2021,11:56,23,8,,33,King,2310,1,,1,1,1,1,0,2,2,,,,12,0,7,154.4,1,0,1,1,2,1,1,0,0,0,0,I-5 RAMP,,-122.2650667,47.461363889,0,1,48,10,2,60,14,0,0,1,2,12,1,1,5,3,16,1,1,53,0,34,402,2013,0,,12,,,,,,1,1,49,2,0.0,,1,0,3,0,11,0,,,,,0.0,0.0,3.0,3.0,1,38,,,,96,,,,,,98,,,,,,98052.0,53,67.0,135.0,6.0,1.0,0.0,0.0,0.0,0.0,,61,,,,,,0,,,20,0,0,0,8.0,9,8,,,0,,,8,8,0.0,0.0,,,0.0,,,0,0,996.0,,,,,,,,,,,,,,,,,,,,,,,,,,,,,,0,0,0,0,0,0,1,1,0,0,0,0,0,0,0,0,0,0,1,0,0,0,0,0,0,0,0,0,0,1,1,0,0,0,0,,0,0,0,0,0,0,0,0,0,0,1,0,0,0,0,0,,,,,,46-50,46-55,Interstate,U,Monday,Belt Used,PV,Not Fatal,1,0,0,0,State Route,State Patrol,Washington State Patrol,0,1,0,0,0,,,,,,0.0,0.0,0.0,,,,,,,,,,,98.0,98.0,98.0,0.0,,,,,20.0,,,,,,,,,1.0,0.0,,,,,,,98188
3681,2021,341,EB65144,7.0,08/23/2021,11:56,23,8,,33,King,2310,1,,1,1,1,1,0,2,2,,,,12,0,7,154.4,1,0,1,1,2,1,1,0,0,0,0,I-5 RAMP,,-122.2650667,47.461363889,0,2,48,61,4,60,66,1,0,1,2,12,1,1,5,3,1,1,3,53,0,85,881,2020,0,,12,63.0,24.0,,,,1,1,64,1,7.0,,4,7,3,0,11,0,08/23/2021,11:56,231053043028.0,43028.0,6.0,1.0,3.0,3.0,1,0,,,,96,,,,,,98,,,,,,98042.0,53,68.0,190.0,6.0,1.0,0.0,0.0,0.0,0.0,,0,,,,,,0,,,20,0,0,0,0.0,9,8,,,0,,,8,8,2.0,996.0,,,1.0,,,2,1,0.0,,,,,,,,,,,,,,,,,,,,,,,,,,,,,,0,0,0,0,0,0,1,1,0,0,0,0,0,0,0,0,0,0,1,0,0,0,0,0,0,0,0,0,0,1,1,0,0,0,0,,0,1,0,0,0,0,1,1,0,0,0,0,0,0,1,0,,,,,,61-65,56-65,Interstate,U,Monday,,MHTRUCK,White,1,0,0,0,State Route,State Patrol,Washington State Patrol,0,1,0,0,0,,,,,,0.0,0.0,0.0,,,,,,,,,,,98.0,98.0,98.0,1.0,,,,,20.0,,,,,,,,,1.0,0.0,,,,,,,98188
3682,2021,342,EB65784,2.0,09/02/2021,2:20,2,9,,57,Skagit,0,1,,2,1,2,1,0,2,1,,,,35,0,0,87.3,1,0,1,4,1,1,3,0,0,0,0,SR-20,,-121.7749139,48.53805,0,1,1,13,2,45,4,0,0,1,5,42,3,1,2,1,14,2,2,53,0,37,31,1999,0,,63,35.0,67.0,42.0,,,1,1,15,1,7.0,,4,7,3,0,11,0,09/02/2021,2:20,53043359.0,43359.0,0.0,0.0,0.0,0.0,1,0,,,,96,,,,,,98,,,,,,99998.0,53,,999.0,0.0,0.0,99.0,99.0,99.0,99.0,,0,,,,,,4,,,20,0,0,0,0.0,9,8,,,0,,,8,8,2.0,1.0,,,1.0,,,2,1,0.192,,,,,,,,,,,,,,,,,,,,,,,,,,,,,,0,0,1,0,1,1,0,1,0,0,0,0,1,1,0,0,0,0,0,0,0,0,0,0,0,0,0,0,0,1,0,0,0,0,0,,1,0,0,0,0,1,0,1,0,1,0,1,0,1,0,1,,,,,,10-15,0-15,State route,R,Thursday,Belt Used,PV,White,0,1,0,0,State Route,State Patrol,Washington State Patrol,1,1,0,0,0,,,,,,99.0,99.0,99.0,,,,,,,,,,,0.0,0.0,0.0,1.0,,,,,20.0,,,,,,,,,1.0,0.0,,,,,,,98237
3683,2021,343,EB66022,330.0,08/31/2021,22:16,31,8,,77,Yakima,2590,1,,3,1,2,3,0,6,2,,,,12,0,6,0.0,2,0,2,5,2,4,6,0,0,3,3,W NOB HILL BLVD,S 48th Ave,-120.5722722,46.585341667,0,1,86,17,2,35,3,0,0,1,2,12,1,1,3,1,1,2,2,53,0,12,13,1994,0,,12,,,,,,1,1,20,1,0.0,,3,0,3,0,11,5,,,,,0.0,0.0,0.0,3.0,1,39,,,,96,,,,,,9,,,,,,98908.0,53,67.0,155.0,6.0,1.0,0.0,1.0,1.0,0.0,,1,99.0,,,,,4,09/15/2017,09/15/2017,1,0,0,0,8.0,9,2,,,0,,,8,1,2.0,1.0,,,1.0,,,2,1,0.15,,,,,,,,,,,,,,,,,,,,,,,,,,,,,,0,0,0,1,1,1,0,1,0,0,0,0,1,1,0,0,0,0,0,1,0,1,1,1,1,0,0,0,0,1,0,0,0,0,0,,0,0,0,0,0,1,0,1,0,1,0,0,0,1,0,1,,,,,,18-20,16-25,City street,U,Tuesday,Belt Used,PV,Not Fatal,1,0,0,0,City Street,Municipal/City Police,Yakima Police Department,0,0,0,1,0,,,,,,0.0,0.0,0.0,,,,,,,,,,,0.0,0.0,0.0,0.0,,,,,20.0,,,,,,,,,1.0,0.0,,,,,,,98908
3684,2021,343,EB66022,330.0,08/31/2021,22:16,31,8,,77,Yakima,2590,1,,3,1,2,3,0,6,2,,,,12,0,6,0.0,2,0,2,5,2,4,6,0,0,3,3,W NOB HILL BLVD,S 48th Ave,-120.5722722,46.585341667,0,2,87,66,4,35,4,0,0,1,2,12,1,1,5,1,1,4,2,53,0,52,34,2007,0,,12,64.0,43.0,,,,1,1,23,2,0.0,,1,0,3,0,11,5,,,,,0.0,0.0,0.0,0.0,1,0,,,,96,,,,,,98,,,,,,98951.0,53,61.0,140.0,0.0,0.0,0.0,1.0,0.0,0.0,,97,,,,,,0,06/15/2020,06/15/2020,1,0,0,0,8.0,9,8,,,0,,,8,8,8.0,95.0,,,96.0,,,8,95,995.0,,,,,,,,,,,,,,,,,,,,,,,,,,,,,,0,0,0,1,1,1,0,1,0,0,0,0,1,1,0,0,0,0,0,1,0,1,1,1,1,0,0,0,0,1,0,0,0,0,0,,0,0,0,0,0,0,0,0,0,0,0,1,0,0,0,0,,,,,,21-25,16-25,City street,U,Tuesday,Belt Used,PV,Not Fatal,1,0,0,0,City Street,Municipal/City Police,Yakima Police Department,0,0,0,1,0,,,,,,0.0,0.0,0.0,,,,,,,,,,,98.0,98.0,98.0,0.0,,,,,20.0,,,,,,,,,1.0,0.0,,,,,,,98908
3685,2021,344,EB66210,48.0,09/08/2021,2:13,8,9,,63,Spokane,22,1,,6,1,2,1,0,1,1,,,,35,0,0,0.0,1,0,1,4,2,4,6,0,0,0,0,S HAYFORD RD,,-117.5607917,47.629369444,0,1,6,11,2,45,14,0,0,1,5,1,1,1,2,1,1,1,1,53,0,55,401,2006,0,,63,69.0,68.0,64.0,35.0,1.0,1,1,41,1,7.0,,4,7,20,7,11,0,09/08/2021,2:13,2253045123.0,45123.0,0.0,0.0,0.0,3.0,1,58,,,,96,,,,,,98,,,,,,99004.0,53,72.0,190.0,6.0,1.0,0.0,0.0,0.0,0.0,,0,,,,,,0,,,1,1,9,0,0.0,9,8,,,0,,,8,8,2.0,1.0,,,1.0,,,2,1,0.229,,,,,,,,,,,,,,,,,,,,,,,,,,,,,,0,0,1,0,1,1,0,1,0,0,0,0,0,0,0,0,0,0,0,1,0,0,0,0,0,0,0,0,0,1,0,0,0,1,0,,1,0,0,0,0,1,0,1,0,0,0,0,0,1,0,1,,,,,,41-45,36-45,City street,U,Wednesday,Not Used,PV,White,0,1,0,0,City Street,Municipal/City Police,Airway Heights Police Department,1,0,0,1,0,,,,,,0.0,0.0,0.0,,,,,,,,,,,98.0,98.0,98.0,1.0,,,,,20.0,,,,,,,,,1.0,0.0,,,,,,,99224
3686,2021,345,EB66223,146.0,09/03/2021,6:54,3,9,,77,Yakima,0,1,,1,1,2,1,0,4,1,,,,1,0,0,2.4,1,0,1,5,1,2,4,0,0,0,0,CR-GLADE RD,,-120.0006861,46.176247222,0,1,2,13,2,50,4,0,0,1,2,1,3,2,2,1,14,4,2,53,0,37,31,2008,0,,63,1.0,,,,,1,1,17,2,0.0,,3,0,3,0,11,5,,,,,0.0,0.0,3.0,3.0,1,58,,,,96,,,,,,98,,,,,,98935.0,53,72.0,195.0,6.0,2.0,0.0,0.0,0.0,0.0,,97,,,,,,3,,,9,0,0,1,8.0,9,8,,,0,,,8,8,2.0,1.0,,,1.0,,,2,1,0.0,,,,,,,,,,,,,,,,,,,,,,,,,,,,,,0,0,0,0,0,0,0,0,0,0,0,0,1,0,0,0,0,0,0,0,1,0,1,0,1,0,0,0,0,1,0,0,0,0,0,,0,0,0,0,0,0,0,0,0,1,0,0,0,0,0,0,,,,,,16-17,16-25,County road,R,Friday,Belt Used,PV,Not Fatal,0,1,0,0,County Road,County Sheriff,Yakima County Sheriff's Office,1,0,1,0,0,,,,,,0.0,0.0,0.0,,,,,,,,,,,98.0,98.0,98.0,0.0,,,,,20.0,,,,,,,,,1.0,0.0,,,GLADE RD.,2.39,,,98935
3687,2021,346,EB66232,6.0,09/06/2021,15:21,6,9,,37,Kittitas,0,5,,1,1,1,1,0,1,1,,,,35,0,0,15.7,1,0,1,1,1,1,1,0,0,0,0,I-82,,-120.359475,46.791363889,0,1,1,13,2,70,14,0,0,1,2,1,3,2,2,2,14,1,2,53,0,2,404,2001,0,,63,35.0,1.0,,,,1,1,43,1,7.0,,4,7,20,7,11,0,09/06/2021,15:21,53044159.0,44159.0,0.0,0.0,0.0,2.0,1,0,,,,96,,,,,,9,,,,,,98841.0,53,67.0,130.0,1.0,1.0,0.0,0.0,0.0,0.0,,0,,,,,,0,,,1,1,9,0,0.0,9,8,,,0,,,1,8,8.0,95.0,,,96.0,,,2,98,997.0,,,,,,,,,,,,,,,,,,,,,,,,,,,,,,0,0,1,0,0,0,0,0,0,0,0,0,0,1,0,0,0,0,0,1,0,0,0,0,0,0,0,0,0,1,0,0,0,1,0,,1,0,0,0,0,0,0,0,0,0,0,1,0,0,0,0,,,,,,41-45,36-45,Interstate,R,Monday,Not Used,PV,White,0,1,0,0,State Route,State Patrol,Washington State Patrol,1,1,0,0,0,,,,,,0.0,0.0,0.0,,,,,,,,,,,98.0,98.0,98.0,1.0,,,,,20.0,,,,,,,,,1.0,0.0,,,,,,,
3688,2021,347,EB66342,238.0,08/28/2021,16:09,28,8,,35,Kitsap,1730,1,,1,1,2,1,0,2,1,,,,43,0,0,11.4,3,0,2,3,2,1,3,0,0,3,3,SR-305,NE HOSTMARK ST,-122.6370778,47.733741667,0,1,1,13,2,40,4,0,0,1,2,43,1,1,5,1,1,2,1,53,0,59,31,2000,0,,63,43.0,,,,,1,1,68,2,7.0,,4,8,3,0,11,1,08/28/2021,17:38,196053043268.0,43268.0,0.0,0.0,3.0,3.0,1,0,,,,96,,,,,,98,,,,,,98370.0,53,63.0,160.0,6.0,1.0,0.0,0.0,0.0,0.0,,0,,,,,,0,,,1,0,0,1,0.0,9,8,,,0,,,8,8,2.0,522.0,996.0,996.0,1.0,1.0,1.0,2,1,0.0,,,,,,,,,,,,,,,,,,,,,,,,,,,,,,0,0,1,1,0,0,1,1,0,0,0,0,0,0,0,0,0,0,0,0,0,0,0,0,0,1,0,0,0,1,0,0,0,0,0,,1,0,0,0,0,0,1,1,0,0,0,0,0,0,1,0,,,,,,66-70,66-75,State route,U,Saturday,Belt Used,PV,White,0,1,0,0,State Route,Municipal/City Police,Poulsbo Police Department,1,1,0,0,0,,,,,,0.0,0.0,0.0,,,,,,,,,,,98.0,98.0,98.0,1.0,,,,,20.0,,,,,,,,,1.0,0.0,,,,,,,98370
3689,2021,348,EB66282,278.0,09/10/2021,3:40,10,9,,63,Spokane,2110,1,,3,1,2,1,1,1,1,,,,8,0,0,0.4,2,0,2,3,2,1,2,0,0,0,0,US-2,S BROWNE ST,-117.4133917,47.655566667,0,1,13,80,5,30,4,0,0,1,5,8,1,1,4,4,1,1,1,53,0,12,17,2007,0,,8,,,,,,1,1,43,2,0.0,,0,0,3,0,11,0,,,,,0.0,0.0,3.0,3.0,1,0,,,,96,,,,,,98,,,,,,99207.0,53,67.0,240.0,6.0,1.0,0.0,0.0,0.0,0.0,,0,,,,,,0,,,20,0,0,0,8.0,9,8,,,0,,,8,8,8.0,95.0,,,96.0,,,8,95,995.0,,,,,,,,,,,,,,,,,,,,,,,,,,,,,,0,0,0,1,0,0,0,0,0,1,0,1,0,0,0,0,0,0,0,0,0,0,0,0,0,0,0,0,0,1,0,1,0,0,0,,0,0,0,0,0,0,0,0,0,0,0,0,0,0,0,0,,,,,,41-45,36-45,US highway,U,Friday,Belt Used,PV,Not Fatal,1,0,0,0,State Route,Municipal/City Police,Spokane Police Department,0,1,0,0,0,,,,,,0.0,0.0,0.0,,,,,,,,,,,98.0,98.0,98.0,0.0,,,,,20.0,,,,,,,,,1.0,0.0,,,,,,,99201
3690,2021,349,EB66917,1.0,09/12/2021,19:33,12,9,,5,Benton,1850,1,,1,1,2,1,0,1,1,,,,1,0,0,0.4,5,1,1,1,2,1,1,0,0,0,0,I-182 RAMP,,-119.258225,46.257308333,0,1,6,12,2,98,15,0,0,1,2,1,2,1,1,6,14,1,1,38,0,20,421,2001,0,,64,1.0,,,,,1,1,35,1,7.0,,4,7,20,7,11,0,09/12/2021,19:33,185053045601.0,45601.0,0.0,0.0,3.0,3.0,1,0,,,,96,,,,,,9,,,,,,99354.0,53,70.0,186.0,6.0,1.0,0.0,0.0,0.0,0.0,,0,,,,,,0,,,20,1,9,0,0.0,9,8,,,0,,,8,1,2.0,1.0,,,1.0,,,2,1,0.284,,,,,,,,,,,,,,,,,,,,,,,,,,,,,,0,0,1,0,1,1,0,1,0,0,0,0,0,0,0,0,0,0,0,1,0,0,0,0,0,0,0,0,0,1,0,0,0,1,0,,1,0,0,0,0,1,0,1,0,0,0,0,0,1,0,1,,,,,,31-35,26-35,Interstate,U,Sunday,Not Used,PV,White,0,1,0,0,State Route,State Patrol,Washington State Patrol,1,1,0,0,0,,,,,,0.0,0.0,0.0,,,,,,,,,,,98.0,98.0,98.0,1.0,,,,,20.0,,,,,,,,,1.0,0.0,,,,,,,99352
3691,2021,350,EB66987,2.0,09/04/2021,14:42,4,9,,57,Skagit,0,10,,1,1,2,1,0,4,3,,,,12,0,6,,2,0,2,5,1,2,4,0,0,20,3,CR-JOSH WILSON RD,FARM TO MARKET RD,-122.4444056,48.486683333,0,1,89,17,2,50,4,0,0,1,2,12,1,2,2,1,1,1,1,53,0,21,2,1998,0,,12,12.0,1.0,,,,1,1,92,1,7.0,,4,7,3,0,11,0,09/04/2021,14:42,53043748.0,43748.0,0.0,0.0,3.0,3.0,1,39,,,,96,,,,,,98,,,,,,98226.0,53,70.0,147.0,6.0,1.0,0.0,0.0,0.0,0.0,,0,,,,,,0,,,1,0,0,0,0.0,9,8,,,0,,,8,8,2.0,996.0,,,1.0,,,2,1,0.0,,,,,,,,,,,,,,,,,,,,,,,,,,,,,,0,0,0,1,0,0,1,1,0,0,0,0,0,0,0,0,0,0,0,0,0,0,0,1,1,1,1,1,0,1,0,0,0,0,0,,1,0,0,0,0,0,1,1,0,0,0,0,0,0,1,0,,,,,,81+,76+,County road,R,Saturday,Belt Used,PV,White,1,0,0,0,County Road,State Patrol,Washington State Patrol,0,0,1,0,0,,,,,,0.0,0.0,0.0,,,,,,,,,,,0.0,0.0,0.0,1.0,,,,,20.0,,,,,,,,,1.0,0.0,,,JOSH WILSON ROAD,4.872,FARM TO MARKET ROAD,2.805,
3692,2021,350,EB66987,2.0,09/04/2021,14:42,4,9,,57,Skagit,0,10,,1,1,2,1,0,4,3,,,,12,0,6,,2,0,2,5,1,2,4,0,0,0,0,CR-JOSH WILSON RD,FARM TO MARKET RD,-122.4444056,48.486683333,0,2,98,66,4,50,14,0,0,1,5,12,1,2,2,1,1,2,2,53,0,49,402,2008,0,,12,,,,,,1,1,71,1,0.0,,3,0,3,0,11,5,,,,,0.0,0.0,3.0,3.0,1,0,,,,96,,,,,,98,,,,,,98244.0,53,74.0,180.0,6.0,1.0,0.0,0.0,0.0,0.0,,0,,,,,,0,,,1,0,0,0,8.0,9,8,,,0,,,8,8,0.0,0.0,,,0.0,,,0,0,996.0,,,,,,,,,,,,,,,,,,,,,,,,,,,,,,0,0,0,1,0,0,1,1,0,0,0,0,0,0,0,0,0,0,0,0,0,0,0,1,1,1,1,1,0,1,0,0,0,0,0,,0,0,0,0,0,0,0,0,0,0,0,0,0,0,0,0,,,,,,71-75,66-75,County road,R,Saturday,Belt Used,PV,Not Fatal,1,0,0,0,County Road,State Patrol,Washington State Patrol,0,0,1,0,0,,,,,,0.0,0.0,0.0,,,,,,,,,,,98.0,98.0,98.0,0.0,,,,,20.0,,,,,,,,,1.0,0.0,,,JOSH WILSON ROAD,4.872,FARM TO MARKET ROAD,2.805,
3693,2021,350,EB66987,2.0,09/04/2021,14:42,4,9,,57,Skagit,0,10,,1,1,2,1,0,4,3,,,,12,0,6,,2,0,2,5,1,2,4,0,0,0,0,CR-JOSH WILSON RD,FARM TO MARKET RD,-122.4444056,48.486683333,0,3,88,66,4,50,4,0,0,1,2,12,1,2,2,1,1,1,2,53,0,37,32,1992,0,,12,,,,,,1,1,22,1,0.0,,1,0,3,0,11,0,,,,,0.0,0.0,0.0,3.0,1,0,,,,96,,,,,,98,,,,,,98233.0,53,72.0,180.0,6.0,1.0,0.0,1.0,0.0,0.0,,0,,,,,,0,08/15/2018,08/15/2018,1,0,0,0,8.0,9,8,,,0,,,8,8,0.0,0.0,,,0.0,,,0,0,996.0,,,,,,,,,,,,,,,,,,,,,,,,,,,,,,0,0,0,1,0,0,1,1,0,0,0,0,0,0,0,0,0,0,0,0,0,0,0,1,1,1,1,1,0,1,0,0,0,0,0,,0,0,0,0,0,0,0,0,0,0,0,0,0,0,0,0,,,,,,21-25,16-25,County road,R,Saturday,Belt Used,PV,Not Fatal,1,0,0,0,County Road,State Patrol,Washington State Patrol,0,0,1,0,0,,,,,,0.0,0.0,0.0,,,,,,,,,,,0.0,0.0,0.0,0.0,,,,,20.0,,,,,,,,,1.0,0.0,,,JOSH WILSON ROAD,4.872,FARM TO MARKET ROAD,2.805,
3694,2021,351,EB67261,7.0,09/12/2021,18:50,12,9,,33,King,2310,10,,1,1,2,1,0,2,2,,,,12,0,7,155.2,1,0,1,1,2,1,1,0,0,0,0,I-5,,-122.268775,47.472338889,0,1,47,10,2,60,34,0,0,1,2,12,3,1,5,3,15,1,2,53,0,12,471,1999,0,,12,,,,,,1,1,41,1,7.0,,4,7,20,7,11,0,09/12/2021,18:50,231053049650.0,49650.0,0.0,0.0,0.0,2.0,1,0,,,,96,,,,,,98,,,,,,98108.0,53,70.0,160.0,1.0,1.0,1.0,0.0,0.0,1.0,,0,,,,,,4,05/15/2021,05/15/2021,20,0,0,0,0.0,9,8,,,0,,,8,8,2.0,695.0,605.0,,1.0,1.0,,2,1,0.223,,,,,,,,,,,,,,,,,,,,,,,,,,,,,,0,0,0,0,1,1,1,1,1,0,0,0,1,1,0,0,0,0,0,1,0,0,0,0,0,0,0,0,0,1,1,0,0,1,0,,1,0,0,0,0,1,1,1,0,1,0,1,0,0,0,1,,,,,,41-45,36-45,Interstate,U,Sunday,Not Used,PV,Black,0,0,0,0,State Route,State Patrol,Washington State Patrol,0,1,0,0,0,thc,3.0,carboxy-thc,11.0,,0.0,1.0,0.0,,,,,,,,,,,0.0,0.0,0.0,2.0,,,,,20.0,,,,,,,,nms,1.0,0.0,,,,,,,98188
3695,2021,351,EB67261,7.0,09/12/2021,18:50,12,9,,33,King,2310,10,,1,1,2,1,0,2,2,,,,12,0,7,155.2,1,0,1,1,2,1,1,0,0,0,0,I-5,,-122.268775,47.472338889,0,2,45,61,4,60,66,1,0,1,2,12,3,1,5,3,14,1,3,18,0,82,881,2020,0,,12,,,,,,1,1,39,1,0.0,,0,0,3,0,11,0,,,,,6.0,3.0,0.0,3.0,1,0,,,,96,,,,,,98,,,,,,22153.0,51,68.0,250.0,6.0,1.0,0.0,0.0,0.0,0.0,,0,,,,,,0,,,20,0,0,0,8.0,9,8,,,0,,,8,8,2.0,1.0,,,1.0,,,2,1,0.0,,,,,,,,,,,,,,,,,,,,,,,,,,,,,,0,0,0,0,1,1,1,1,1,0,0,0,1,1,0,0,0,0,0,1,0,0,0,0,0,0,0,0,0,1,1,0,0,0,0,,0,0,0,0,0,0,0,0,0,0,0,0,0,0,0,0,,,,,,36-40,36-45,Interstate,U,Sunday,,MHTRUCK,Not Fatal,0,0,0,0,State Route,State Patrol,Washington State Patrol,0,1,0,0,0,,,,,,0.0,0.0,0.0,,,,,,,,,,,98.0,98.0,98.0,0.0,,,,,20.0,,,,,,,,,1.0,0.0,,,,,,,98188