,year,case,par,repjur,crash_dt,crash_tm,accday,accmon,holiday,county,co_char,city,weather,weather2,lightcond,surfcond,surftype,numfatal,nmforms,pforms,vforms,not_tm,arr_tm,hosp_tm,fhevent,hitrun,manncol,milepnt,reljunc,reljuncinter,intersectiontype,funcsystem,landuse,ownership,route,schlbus,spejur,contdev,devfunc,trafid1,trafid2,x,y,wk_zone,vnumber,crashtype,criticalevent,criticaleventcat,spdlim,body,trailer,emerg,hazcargo,leave,mhevent,roadalgn,roadprof,traflane,trafflow,vehmanvr,numoccs,regowner,regstate,spuse,make,model,modelyr,vrf1,vrf2,seqevent1,seqevent2,seqevent3,seqevent4,seqevent5,seqevent6,pnumber,ptype,age,sex,hispanic,race,injury,diedscene,restraint,restraintmisuse,seatpos,takehosp,death_dt,death_tm,cert,cernum_wa,commlic,licendor,licrestrict,liccomp,drivpres,drf1,drf2,drf3,drf4,distract1,distract2,distract3,distract4,distract5,distract6,dricond1,dricond2,dricond3,dricond4,dricond5,dricond6,dzip,licstate,drhgt_in,weight,noncdl,noncdltype,prevdwi,prevoth,prevacc,prevspd,prevsus,driviol1,driviol2,driviol3,driviol4,driviol5,driviol6,spdrel,first_dt,last_dt,airbag,ejection,ejectpath,extricat,injurwrk,methalc,methdrug,nmlocat,strikveh,prf1,prf2,prf3,druginv,alcinvol,drugsts,drugres1,drugres2,drugres3,drugtst1,drugtst2,drugtst3,alcsts,alctst,alcres,nmact1,nmact2,nmact3,nmact4,nmact5,nmact6,nmprior1,nmprior2,nmprior3,nmprior4,nmprior5,nmprior6,nmcond1,nmcond2,nmcond3,nmcond4,nmcond5,nmcond6,nmsafe_helmet,nmsafe_pads,nmsafe_oth,nmprev_ref,nmprev_lgt,nmprev_oth,crashlocation,nmcrashtype,crosswalk,schoolzone,sidewalk,train_inv,wildlife_inv,rotr_fars,intersect_fars,dd_inv,aid_inv,dpd_inv,id_inv,mj_inv,impnm_inv,ainm_inv,dpnm_inv,speed_inv,unlic_inv,unendmc_inv,drowsy_inv,drdist_inv,nmdist_inv,fty_inv,unrestfat_inv,dr1617_inv,dr1820_inv,dr1620_inv,dr2125_inv,dr1625_inv,dr65_inv,dr70_inv,dr75_inv,mc_inv,pv_inv,ht_inv,ped_inv,bike_inv,unrest_fat,mc_fat,unhelmet_mc,pv_fat,ht_fat,ped_fat,bike_fat,dr_alc7,dr_alc8,dr_drug,dr_imp,dr_dist,dr_spd,dr_fty,dr_unlic,dr_alc7only,dr_alc8only,dr_drugonly,dr_drink,nm_imp,nm_alc7,nm_alc8,nm_drug,nm_dist,agegrp1,agegrp2,roadclass,urbrur,dayweek,restuse,vehtype,race_me,intersect,lanedep,oppdir,wrongway,rep_typ,investag,repag_long,rotr,st_rd,cty_rd,city_rd,oth_rd,drug_thc,thc_res,drug_cthc,cthc_res,drug_cann,prevpersemin,prevperse,prevsusoth,drugtst4,drugtst5,drugtst6,drugtst7,drugtst8,drugres4,drugres5,drugres6,drugres7,drugres8,adspresent,adsengaged,adslevel,race1,race2,race3,race4,race5,helmet,helmetmisuse,nmdistract1,nmdistract2,nmdistract3,nmdistract4,nmdistract5,nmdistract6,lab,isedtcase,crf1,crf2,crf3,CoRoadName,CoMP,IntCoRoadName,IntCoMP,zipcode
3715,2021,366,EB64509,122.0,09/03/2021,15:26,3,9,,61,Snohomish,690,1,,1,1,2,1,1,1,1,,,,8,0,0,0.0,1,0,1,3,2,4,6,0,0,0,0,EVERGREEN WAY,,-122.22895,47.920986111,0,1,13,80,5,35,14,0,0,1,2,8,1,1,7,5,1,1,1,53,0,2,405,2007,0,,8,,,,,,1,1,67,1,0.0,,0,0,3,0,11,0,,,,,0.0,0.0,0.0,3.0,1,0,,,,96,,,,,,98,,,,,,98204.0,53,68.0,220.0,6.0,1.0,0.0,0.0,0.0,0.0,,0,,,,,,0,,,20,0,0,0,8.0,9,8,,,0,,,8,8,8.0,95.0,,,96.0,,,8,95,995.0,,,,,,,,,,,,,,,,,,,,,,,,,,,,,,0,0,0,0,0,0,0,0,0,0,0,0,0,0,0,0,0,0,0,0,0,0,0,0,0,1,0,0,0,1,0,1,0,0,0,,0,0,0,0,0,0,0,0,0,0,0,0,0,0,0,0,,,,,,66-70,66-75,City street,U,Friday,Belt Used,PV,Not Fatal,0,0,0,0,City Street,Municipal/City Police,Everett Police Department,0,0,0,1,0,,,,,,0.0,0.0,0.0,,,,,,,,,,,98.0,98.0,98.0,0.0,,,,,20.0,,,,,,,,,1.0,0.0,,,,,,,98202
3716,2021,367,EB70644,26.0,09/22/2021,2:52,22,9,,35,Kitsap,0,1,,2,1,2,1,0,1,1,,,,43,0,0,7.7,1,0,1,5,1,2,4,0,0,0,0,CR-SEABECK HWY NW,,-122.7968056,47.653266667,0,1,7,12,2,35,14,0,0,1,2,1,2,2,2,1,14,1,2,4,0,20,404,2020,0,,68,64.0,43.0,1.0,,,1,1,24,1,7.0,,4,0,99,7,11,5,09/26/2021,14:19,196053050048.0,50048.0,0.0,0.0,3.0,3.0,1,0,,,,96,,,,,,9,,,,,,85201.0,4,66.0,165.0,6.0,1.0,0.0,1.0,0.0,0.0,,0,,,,,,3,10/15/2019,10/15/2019,8,0,0,1,0.0,9,8,,,0,,,8,1,0.0,0.0,,,0.0,,,0,0,996.0,,,,,,,,,,,,,,,,,,,,,,,,,,,,,,0,0,0,0,1,0,0,0,0,0,0,0,1,0,0,0,0,0,0,0,0,0,0,1,1,0,0,0,0,1,0,0,0,0,0,,1,0,0,0,0,0,0,0,0,1,0,0,0,0,0,1,,,,,,21-25,16-25,County road,R,Wednesday,Unknown,PV,AIAN,0,1,0,0,County Road,County Sheriff,Kitsap County Sheriff's Office,1,0,1,0,0,,,,,,0.0,0.0,0.0,,,,,,,,,,,98.0,98.0,98.0,3.0,,,,,20.0,,,,,,,,,1.0,0.0,,,SEABECK HIGHWAY NW,7.749,,,98380
3717,2021,368,EB70747,6.0,09/18/2021,13:09,18,9,,25,Grant,0,1,,1,1,2,1,0,1,1,,,,1,0,0,20.2,1,0,1,4,1,1,3,0,0,0,0,SR-155,,-119.0876917,47.885241667,0,1,6,12,2,60,14,0,0,1,2,1,3,2,2,1,14,1,3,53,0,20,401,1997,0,,63,69.0,68.0,64.0,1.0,,1,1,27,2,7.0,,4,0,20,7,11,5,09/18/2021,13:53,83053047131.0,47131.0,0.0,0.0,0.0,3.0,1,58,,,,92,,,,,,98,,,,,,99133.0,53,63.0,160.0,6.0,1.0,0.0,1.0,0.0,0.0,,0,,,,,,0,08/15/2019,08/15/2019,20,1,9,0,0.0,9,8,,,0,,,8,8,2.0,1.0,,,1.0,,,2,1,0.192,,,,,,,,,,,,,,,,,,,,,,,,,,,,,,0,0,1,0,1,1,0,1,0,0,0,0,0,0,0,0,1,0,0,1,0,0,0,0,0,0,0,0,0,1,0,0,0,1,0,,1,0,0,0,0,1,0,1,1,0,0,0,0,1,0,1,,,,,,26-30,26-35,State route,R,Saturday,Not Used,PV,White,0,1,0,0,State Route,State Patrol,Washington State Patrol,1,1,0,0,0,,,,,,0.0,0.0,0.0,,,,,,,,,,,0.0,0.0,0.0,1.0,,,,,20.0,,,,,,,,,1.0,0.0,,,,,,,99123
3718,2021,369,EB70995,8.0,09/20/2021,9:43,20,9,,9,Clallam,0,10,,1,1,2,1,0,2,2,,,,12,0,1,196.5,2,0,3,3,1,1,2,0,0,20,3,US-101,MAXFIELD ROAD,-124.3904028,48.021080556,0,1,76,53,3,60,4,0,0,1,2,12,8,2,8,1,11,1,2,53,0,24,1,2000,0,,12,,,,,,1,1,70,2,7.0,,4,7,3,0,11,0,09/20/2021,9:43,53048267.0,48267.0,0.0,0.0,3.0,3.0,1,38,,,,96,,,,,,98,,,,,,98331.0,53,62.0,220.0,6.0,1.0,0.0,0.0,0.0,0.0,,0,,,,,,0,,,20,0,0,0,0.0,9,8,,,0,,,8,0,2.0,1.0,,,1.0,,,2,1,0.0,,,,,,,,,,,,,,,,,,,,,,,,,,,,,,0,0,0,1,0,0,0,0,0,0,0,0,0,0,0,0,0,0,1,0,0,0,0,1,1,1,1,0,0,1,1,0,0,0,0,,1,0,0,0,0,0,0,0,0,0,1,0,0,0,0,0,,,,,,66-70,66-75,US highway,R,Monday,Belt Used,PV,White,1,0,0,0,State Route,State Patrol,Washington State Patrol,0,1,0,0,0,,,,,,0.0,0.0,0.0,,,,,,,,,,,98.0,98.0,98.0,1.0,,,,,20.0,,,,,,,,,1.0,0.0,,,,,,,98331
3719,2021,369,EB70995,8.0,09/20/2021,9:43,20,9,,9,Clallam,0,10,,1,1,2,1,0,2,2,,,,12,0,1,196.5,2,0,3,3,1,1,2,0,0,0,0,US-101,MAXFIELD ROAD,-124.3904028,48.021080556,0,2,77,65,4,60,63,0,0,1,5,12,3,2,2,1,14,1,3,53,0,85,881,1989,0,,12,,,,,,1,1,21,1,0.0,,0,0,20,7,11,0,,,,,6.0,3.0,0.0,3.0,1,0,,,,96,,,,,,98,,,,,,98331.0,53,75.0,285.0,6.0,1.0,0.0,0.0,0.0,0.0,,0,,,,,,0,,,20,0,0,0,8.0,9,2,,,0,,,8,8,8.0,95.0,,,96.0,,,2,1,997.0,,,,,,,,,,,,,,,,,,,,,,,,,,,,,,0,0,0,1,0,0,0,0,0,0,0,0,0,0,0,0,0,0,1,0,0,0,0,1,1,1,1,0,0,1,1,0,0,0,0,,0,0,0,0,0,0,0,0,0,0,0,0,0,0,0,0,,,,,,21-25,16-25,US highway,R,Monday,,MHTRUCK,Not Fatal,1,0,0,0,State Route,State Patrol,Washington State Patrol,0,1,0,0,0,,,,,,0.0,0.0,0.0,,,,,,,,,,,0.0,0.0,0.0,0.0,,,,,20.0,,,,,,,,,1.0,0.0,,,,,,,98331
3720,2021,370,EB71298,7.0,09/18/2021,15:45,18,9,,33,King,0,2,,1,2,1,3,0,3,2,,,,12,0,6,21.3,1,0,1,1,1,1,1,0,0,0,0,I-90,,-121.9285444,47.520138889,0,1,98,9,1,70,4,0,0,1,2,12,1,2,4,2,1,2,1,53,0,13,13,2016,0,,64,65.0,12.0,,,,1,1,42,1,1.0,,4,7,3,0,11,0,09/18/2021,15:45,53047466.0,47466.0,0.0,0.0,0.0,3.0,1,28,58.0,,,96,,,,,,98,,,,,,98407.0,53,68.0,210.0,6.0,1.0,0.0,0.0,0.0,0.0,,0,,,,,,4,,,99,0,0,0,0.0,9,8,,,0,,,8,8,2.0,124.0,996.0,695.0,1.0,1.0,1.0,2,1,0.0,,,,,,,,,,,,,,,,,,,,,,,,,,,,,,0,0,0,0,0,0,1,1,1,0,0,0,1,0,0,0,0,0,0,0,0,0,0,0,0,0,0,0,0,1,0,0,0,0,0,,1,0,0,0,0,0,1,1,0,1,0,0,0,0,1,0,,,,,,41-45,36-45,Interstate,R,Saturday,Belt Used,PV,Hispanic,0,1,0,0,State Route,State Patrol,Washington State Patrol,1,1,0,0,0,thc,14.0,carboxy-thc,24.0,,0.0,0.0,0.0,1.0,,,,,605.0,,,,,98.0,98.0,98.0,1.0,,,,,20.0,,,,,,,,nms,1.0,0.0,,,,,,,98050
3721,2021,370,EB71298,7.0,09/18/2021,15:45,18,9,,33,King,0,2,,1,2,1,3,0,3,2,,,,12,0,6,21.3,1,0,1,1,1,1,1,0,0,0,0,I-90,,-121.9285444,47.520138889,0,2,98,62,4,60,14,0,0,1,2,12,1,2,4,2,1,1,1,53,0,37,402,2008,0,,12,,,,,,1,1,64,1,7.0,,4,0,3,0,11,4,09/19/2021,2:17,196053047057.0,47057.0,0.0,0.0,0.0,3.0,1,0,,,,96,,,,,,98,,,,,,98058.0,53,72.0,185.0,6.0,1.0,0.0,0.0,0.0,0.0,,0,,,,,,0,,,99,0,0,0,0.0,9,8,,,0,,,8,8,2.0,348.0,155.0,,1.0,1.0,,2,1,0.0,,,,,,,,,,,,,,,,,,,,,,,,,,,,,,0,0,0,0,0,0,1,1,1,0,0,0,1,0,0,0,0,0,0,0,0,0,0,0,0,0,0,0,0,1,0,0,0,0,0,,1,0,0,0,0,0,1,1,0,0,0,0,0,0,1,0,,,,,,61-65,56-65,Interstate,R,Saturday,Belt Used,PV,White,0,1,0,0,State Route,State Patrol,Washington State Patrol,1,1,0,0,0,,,,,,0.0,0.0,0.0,,,,,,,,,,,98.0,98.0,98.0,1.0,,,,,20.0,,,,,,,,,1.0,0.0,,,,,,,98050
3722,2021,371,EB71805,1.0,09/05/2021,9:44,5,9,,77,Yakima,0,1,,1,1,2,1,0,3,2,,,,12,0,6,11.3,2,0,2,5,1,1,3,0,0,20,3,SR-241,ARROWSMITH RD,-119.9790806,46.360722222,0,1,88,17,2,50,3,0,0,1,2,12,1,2,2,1,1,1,1,53,0,36,38,2013,0,,12,2.0,,,,,1,1,38,1,6.0,,4,7,99,7,11,0,09/05/2021,9:44,53046368.0,46368.0,0.0,0.0,0.0,3.0,1,39,,,,96,,,,,,9,,,,,,98930.0,53,65.0,187.0,6.0,1.0,0.0,0.0,0.0,0.0,,0,,,,,,0,,,99,0,0,0,0.0,1,8,,,0,,,8,1,2.0,695.0,605.0,,1.0,1.0,,2,1,0.135,,,,,,,,,,,,,,,,,,,,,,,,,,,,,,0,0,0,1,1,1,1,1,1,0,0,0,0,1,0,0,0,0,0,0,0,0,0,0,0,0,0,0,0,1,1,0,0,0,0,,1,0,0,0,0,1,1,1,0,0,0,0,0,0,0,1,,,,,,36-40,36-45,State route,R,Sunday,Unknown,PV,Hispanic,1,0,0,0,State Route,State Patrol,Washington State Patrol,0,1,0,0,0,thc,18.0,carboxy-thc,110.0,,0.0,0.0,0.0,,,,,,,,,,,98.0,98.0,98.0,298.0,,,,,20.0,,,,,,,,nms,1.0,0.0,,,,,,,98944
3723,2021,371,EB71805,1.0,09/05/2021,9:44,5,9,,77,Yakima,0,1,,1,1,3,1,0,3,2,,,,12,0,6,11.3,2,0,2,5,1,1,3,0,0,0,0,SR-241,ARROWSMITH RD,-119.9790806,46.360722222,0,2,89,66,4,50,66,2,0,1,2,12,1,2,2,1,1,2,3,53,0,85,881,1998,0,,12,1.0,2.0,,,,1,1,59,1,0.0,,0,0,3,0,11,0,,,,,0.0,0.0,0.0,0.0,1,0,,,,96,,,,,,98,,,,,,98932.0,53,69.0,170.0,0.0,0.0,99.0,99.0,99.0,99.0,,97,,,,,,0,,,99,0,0,0,8.0,9,8,,,0,,,8,8,0.0,0.0,,,0.0,,,0,0,996.0,,,,,,,,,,,,,,,,,,,,,,,,,,,,,,0,0,0,1,1,1,1,1,1,0,0,0,0,1,0,0,0,0,0,0,0,0,0,0,0,0,0,0,0,1,1,0,0,0,0,,0,0,0,0,0,0,0,0,0,0,0,1,0,0,0,0,,,,,,56-60,56-65,State route,R,Sunday,,MHTRUCK,Not Fatal,1,0,0,0,State Route,State Patrol,Washington State Patrol,0,1,0,0,0,,,,,,99.0,99.0,99.0,,,,,,,,,,,0.0,0.0,0.0,0.0,,,,,20.0,,,,,,,,,1.0,0.0,,,,,,,98944
3724,2021,372,EB72079,184.0,09/26/2021,0:30,26,9,,61,Snohomish,1215,1,,3,1,2,1,1,1,1,,,,8,0,0,39.8,1,0,1,3,2,1,3,0,0,0,0,SR-99,,-122.3215028,47.813733333,0,1,13,80,5,45,20,0,0,1,2,8,1,1,7,1,1,1,1,53,0,7,442,2017,0,,8,,,,,,1,1,80,1,0.0,,0,0,3,0,11,0,,,,,6.0,0.0,0.0,3.0,1,0,,,,96,,,,,,98,,,,,,98107.0,53,72.0,175.0,6.0,1.0,0.0,0.0,0.0,0.0,,0,,,,,,0,,,20,0,0,0,8.0,9,8,,,0,,,8,8,8.0,95.0,,,96.0,,,8,95,995.0,,,,,,,,,,,,,,,,,,,,,,,,,,,,,,0,0,0,0,0,0,0,0,0,1,0,1,0,0,0,0,0,0,0,0,0,0,0,0,0,1,1,1,0,1,0,1,0,0,0,,0,0,0,0,0,0,0,0,0,0,0,0,0,0,0,0,,,,,,76-80,76+,State route,U,Sunday,Belt Used,PV,Not Fatal,0,0,0,0,State Route,Municipal/City Police,Lynnwood Police Department,0,1,0,0,0,,,,,,0.0,0.0,0.0,,,,,,,,,,,98.0,98.0,98.0,0.0,,,,,20.0,,,,,,,,,1.0,0.0,,,,,,,98026
3725,2021,373,EB72174,290.0,09/27/2021,19:54,27,9,,53,Pierce,2230,2,,3,2,2,1,0,1,1,,,,30,0,0,0.0,3,0,2,3,2,4,6,0,0,3,3,S 72ND ST,S SHERIDAN AVE,-122.4528417,47.192066667,0,1,2,9,1,35,34,0,0,1,2,30,1,2,5,1,1,1,1,53,0,7,482,2005,0,,63,30.0,,,,,1,1,57,2,7.0,,4,7,20,7,11,0,09/27/2021,19:54,223053058896.0,58896.0,0.0,0.0,0.0,3.0,1,39,,,,96,,,,,,98,,,,,,76401.0,48,,999.0,6.0,1.0,0.0,0.0,0.0,0.0,,0,,,,,,0,,,1,0,0,0,0.0,9,8,,,0,,,8,8,2.0,401.0,417.0,,1.0,1.0,,2,1,0.0,,,,,,,,,,,,,,,,,,,,,,,,,,,,,,0,0,0,1,0,0,1,1,0,0,0,0,0,0,0,0,0,0,0,1,0,0,0,0,0,0,0,0,0,1,0,0,0,1,0,,1,0,0,0,0,0,1,1,0,0,0,0,0,0,1,0,,,,,,56-60,56-65,City street,U,Monday,Not Used,PV,White,0,1,0,0,City Street,Municipal/City Police,Tacoma Police Department,1,0,0,1,0,,,,,,0.0,0.0,0.0,,,,,,,,,,,98.0,98.0,98.0,1.0,,,,,20.0,,,,,,,,,1.0,0.0,,,,,,,98408
3726,2021,374,EB72403,122.0,09/20/2021,1:25,20,9,,61,Snohomish,690,10,,2,2,2,1,0,4,2,,,,12,0,1,5.3,1,0,1,2,2,1,3,0,0,4,3,SR-529,,-122.1877972,48.015719444,0,1,28,52,3,55,80,0,0,1,2,3,1,1,2,3,1,1,2,53,0,37,705,2014,0,,12,63.0,3.0,,,,1,1,24,1,7.0,,4,0,20,7,11,0,09/20/2021,2:42,69053047632.0,47632.0,0.0,0.0,0.0,2.0,1,0,,,,96,,,,,,98,,,,,,98271.0,53,75.0,196.0,6.0,1.0,0.0,0.0,0.0,0.0,,0,,,,,,3,,,20,8,0,0,0.0,9,8,,,0,,,8,8,2.0,605.0,,,1.0,,,2,1,0.261,,,,,,,,,,,,,,,,,,,,,,,,,,,,,,0,0,0,0,1,1,1,1,1,0,0,0,1,0,1,0,0,0,0,0,0,0,0,1,1,0,0,0,1,1,0,0,0,0,1,0.0,0,0,0,0,0,1,1,1,0,1,0,0,0,0,0,1,,,,,,21-25,16-25,State route,U,Monday,,MC,White,0,0,0,0,State Route,Municipal/City Police,Everett Police Department,0,1,0,0,0,thc,1.2,,,,0.0,0.0,0.0,,,,,,,,,,,0.0,0.0,0.0,1.0,,,,,19.0,,,,,,,,nms,1.0,0.0,,,,,,,98201
3727,2021,374,EB72403,122.0,09/20/2021,1:25,20,9,,61,Snohomish,690,10,,2,2,2,1,0,4,2,,,,12,0,1,5.3,1,0,1,2,2,1,3,0,0,4,3,SR-529,,-122.1877972,48.015719444,0,2,29,53,3,55,14,0,0,1,2,12,1,1,2,3,2,3,1,53,0,35,402,2000,0,,12,,,,,,1,1,21,2,0.0,,0,0,3,0,11,0,,,,,0.0,0.0,0.0,3.0,1,0,,,,96,,,,,,98,,,,,,98290.0,53,64.0,140.0,6.0,2.0,0.0,0.0,2.0,0.0,,0,,,,,,0,08/15/2017,02/15/2019,20,0,0,0,8.0,9,8,,,0,,,8,8,0.0,0.0,,,0.0,,,0,0,996.0,,,,,,,,,,,,,,,,,,,,,,,,,,,,,,0,0,0,0,1,1,1,1,1,0,0,0,1,0,1,0,0,0,0,0,0,0,0,1,1,0,0,0,1,1,0,0,0,0,0,,0,0,0,0,0,0,0,0,0,0,0,0,0,0,0,0,,,,,,21-25,16-25,State route,U,Monday,Belt Used,PV,Not Fatal,0,0,0,0,State Route,Municipal/City Police,Everett Police Department,0,1,0,0,0,,,,,,0.0,0.0,0.0,,,,,,,,,,,98.0,98.0,98.0,0.0,,,,,20.0,,,,,,,,,1.0,0.0,,,,,,,98201
3728,2021,375,EB72441,39.0,08/31/2021,22:00,31,8,,61,Snohomish,0,1,,3,1,2,1,0,7,2,,,,12,0,6,1.1,2,0,2,5,2,2,4,0,0,20,3,CR-204TH ST SW,28TH AVE,-122.2709667,47.813586111,0,1,86,17,2,35,1,0,0,1,2,12,1,1,2,1,1,3,1,53,0,20,9,2012,0,,12,63.0,30.0,38.0,18.0,,1,1,58,1,7.0,,4,7,20,7,11,0,08/31/2021,22:00,53043093.0,43093.0,0.0,0.0,0.0,3.0,1,8,38.0,39.0,,96,,,,,,98,,,,,,98208.0,53,75.0,225.0,6.0,1.0,0.0,0.0,1.0,0.0,,0,,,,,,4,07/15/2021,07/15/2021,20,0,0,0,0.0,9,8,,,0,,,8,8,2.0,177.0,401.0,417.0,1.0,1.0,1.0,2,1,0.0,,,,,,,,,,,,,,,,,,,,,,,,,,,,,,0,0,0,1,0,0,1,1,0,0,0,0,1,0,0,0,0,0,1,1,0,0,0,0,0,0,0,0,0,1,0,0,0,1,0,,1,0,0,0,0,0,1,1,0,1,1,0,0,0,1,0,,,,,,56-60,56-65,County road,U,Tuesday,Not Used,PV,White,1,0,0,0,County Road,County Sheriff,Snohomish County Sheriff's Office,0,0,1,0,0,,,,,,0.0,0.0,0.0,1.0,1.0,1.0,,,151.0,996.0,996.0,,,98.0,98.0,98.0,1.0,,,,,20.0,,,,,,,,,1.0,0.0,,,204TH ST SW,1.075,28TH AVE W,0.51,98036
3729,2021,375,EB72441,39.0,08/31/2021,22:00,31,8,,61,Snohomish,0,1,,3,1,2,1,0,7,2,,,,12,0,6,1.1,2,0,2,5,2,2,4,0,0,20,3,CR-204TH ST SW,28TH AVE,-122.2709667,47.813586111,0,2,87,66,4,25,15,0,0,1,2,12,1,1,2,1,4,4,1,53,0,42,421,2013,0,,12,,,,,,1,1,50,1,0.0,,1,0,3,0,11,5,,,,,0.0,0.0,0.0,3.0,1,0,,,,96,,,,,,98,,,,,,98002.0,53,71.0,160.0,6.0,1.0,0.0,0.0,0.0,0.0,,0,,,,,,0,,,8,0,0,0,8.0,9,8,,,0,,,8,8,0.0,0.0,,,0.0,,,0,0,996.0,,,,,,,,,,,,,,,,,,,,,,,,,,,,,,0,0,0,1,0,0,1,1,0,0,0,0,1,0,0,0,0,0,1,1,0,0,0,0,0,0,0,0,0,1,0,0,0,0,0,,0,0,0,0,0,0,0,0,0,0,0,0,0,0,0,0,,,,,,46-50,46-55,County road,U,Tuesday,Belt Used,PV,Not Fatal,1,0,0,0,County Road,County Sheriff,Snohomish County Sheriff's Office,0,0,1,0,0,,,,,,0.0,0.0,0.0,,,,,,,,,,,98.0,98.0,98.0,0.0,,,,,20.0,,,,,,,,,1.0,0.0,,,204TH ST SW,1.075,28TH AVE W,0.51,98036
3730,2021,376,EB72444,39.0,09/06/2021,22:24,6,9,,61,Snohomish,0,1,,3,1,2,1,0,4,3,,,,12,0,6,0.7,2,0,2,3,2,2,4,0,0,3,3,CR-164TH ST SW,25TH AVE W,-122.2673333,47.849922222,0,1,69,17,2,40,4,0,0,1,2,12,1,2,5,5,1,2,2,53,0,34,34,2004,0,,12,,,,,,1,1,18,2,0.0,,1,0,3,0,11,5,,,,,0.0,0.0,0.0,2.0,1,0,,,,96,,,,,,98,,,,,,96701.0,15,62.0,127.0,4.0,1.0,0.0,0.0,0.0,0.0,,97,,,,,,2,,,8,0,0,0,8.0,9,8,,,0,,,8,8,0.0,0.0,,,0.0,,,0,0,996.0,,,,,,,,,,,,,,,,,,,,,,,,,,,,,,0,0,0,1,1,1,1,1,0,0,0,0,1,1,0,0,0,0,0,0,0,1,1,0,1,0,0,0,0,1,0,0,0,0,0,,0,0,0,0,0,0,0,0,0,1,0,1,0,0,0,0,,,,,,18-20,16-25,County road,U,Monday,Belt Used,PV,Not Fatal,1,0,0,0,County Road,County Sheriff,Snohomish County Sheriff's Office,0,0,1,0,0,,,,,,0.0,0.0,0.0,,,,,,,,,,,98.0,98.0,98.0,0.0,,,,,20.0,,,,,,,,,1.0,0.0,,,164TH ST SW,0.677,,,98087
3731,2021,376,EB72444,39.0,09/06/2021,22:24,6,9,,61,Snohomish,0,1,,3,1,2,1,0,4,3,,,,12,0,6,0.7,2,0,2,3,2,2,4,0,0,3,3,CR-164TH ST SW,25TH AVE W,-122.2673333,47.849922222,0,2,68,63,4,40,9,0,0,1,2,12,1,2,5,1,11,1,1,53,0,55,42,2014,0,,12,12.0,,,,,1,1,34,2,7.0,,4,7,3,0,11,0,09/06/2021,22:24,53044635.0,44635.0,0.0,0.0,3.0,3.0,1,0,,,,96,,,,,,98,,,,,,98026.0,53,71.0,165.0,6.0,1.0,0.0,1.0,0.0,0.0,,0,,,,,,0,08/15/2018,08/15/2018,8,0,0,0,0.0,9,8,,,0,,,8,8,2.0,996.0,996.0,996.0,1.0,1.0,1.0,2,1,0.294,,,,,,,,,,,,,,,,,,,,,,,,,,,,,,0,0,0,1,1,1,1,1,0,0,0,0,1,1,0,0,0,0,0,0,0,1,1,0,1,0,0,0,0,1,0,0,0,0,0,,1,0,0,0,0,1,1,1,0,0,0,0,0,0,0,1,,,,,,31-35,26-35,County road,U,Monday,Belt Used,PV,White,1,0,0,0,County Road,County Sheriff,Snohomish County Sheriff's Office,0,0,1,0,0,,,,,,0.0,0.0,0.0,1.0,,,,,996.0,,,,,98.0,98.0,98.0,1.0,,,,,20.0,,,,,,,,,1.0,0.0,,,164TH ST SW,0.677,,,98087
3732,2021,376,EB72444,39.0,09/06/2021,22:24,6,9,,61,Snohomish,0,1,,3,1,2,1,0,4,3,,,,12,0,6,0.7,2,0,2,3,2,2,4,0,0,3,3,CR-164TH ST SW,25TH AVE W,-122.2673333,47.849922222,0,3,98,98,7,40,34,0,0,1,2,12,1,2,5,5,1,1,2,53,0,12,471,1993,0,,12,,,,,,1,1,18,1,0.0,,0,0,3,0,11,0,,,,,0.0,0.0,0.0,3.0,1,0,,,,96,,,,,,98,,,,,,98037.0,53,68.0,150.0,6.0,2.0,0.0,0.0,0.0,0.0,,97,,,,,,2,,,20,0,0,0,8.0,9,8,,,0,,,8,8,0.0,0.0,,,0.0,,,0,0,996.0,,,,,,,,,,,,,,,,,,,,,,,,,,,,,,0,0,0,1,1,1,1,1,0,0,0,0,1,1,0,0,0,0,0,0,0,1,1,0,1,0,0,0,0,1,0,0,0,0,0,,0,0,0,0,0,0,0,0,0,1,0,0,0,0,0,0,,,,,,18-20,16-25,County road,U,Monday,Belt Used,PV,Not Fatal,1,0,0,0,County Road,County Sheriff,Snohomish County Sheriff's Office,0,0,1,0,0,,,,,,0.0,0.0,0.0,,,,,,,,,,,0.0,0.0,0.0,0.0,,,,,20.0,,,,,,,,,1.0,0.0,,,164TH ST SW,0.677,,,98087
3733,2021,377,EB69481,14.0,09/18/2021,22:00,18,9,,11,Clark,0,2,,2,2,2,1,0,3,1,,,,42,0,0,,1,0,1,6,1,2,4,0,0,0,0,CR-NE W H GARNER RD,,-122.4538417,45.882972222,0,1,6,6,1,50,4,0,0,1,2,42,3,2,2,1,14,3,2,53,0,37,32,2004,0,,68,64.0,42.0,,,,1,1,16,2,0.0,,0,0,3,0,11,0,,,,,0.0,0.0,2.0,3.0,1,58,73.0,,,96,,,,,,98,,,,,,98675.0,53,63.0,114.0,6.0,2.0,0.0,0.0,0.0,0.0,,97,,,,,,4,,,20,0,0,0,8.0,9,8,,,0,,,8,8,0.0,0.0,,,0.0,,,0,0,996.0,,,,,,,,,,,,,,,,,,,,,,,,,,,,,,0,0,1,0,0,0,0,0,0,0,0,0,1,0,0,0,0,0,0,1,1,0,1,0,1,0,0,0,0,1,0,0,0,0,0,,0,0,0,0,0,0,0,0,0,1,0,0,0,0,0,0,,,,,,16-17,16-25,County road,R,Saturday,Belt Used,PV,Not Fatal,0,1,0,0,County Road,County Sheriff,Clark County Sheriff's Office,1,0,1,0,0,,,,,,0.0,0.0,0.0,,,,,,,,,,,98.0,98.0,98.0,0.0,,,,,20.0,,,,,,,,,1.0,0.0,,,NE W H GARNER RD,3.09,,,98675