,year,case,par,repjur,crash_dt,crash_tm,accday,accmon,holiday,county,co_char,city,weather,weather2,lightcond,surfcond,surftype,numfatal,nmforms,pforms,vforms,not_tm,arr_tm,hosp_tm,fhevent,hitrun,manncol,milepnt,reljunc,reljuncinter,intersectiontype,funcsystem,landuse,ownership,route,schlbus,spejur,contdev,devfunc,trafid1,trafid2,x,y,wk_zone,vnumber,crashtype,criticalevent,criticaleventcat,spdlim,body,trailer,emerg,hazcargo,leave,mhevent,roadalgn,roadprof,traflane,trafflow,vehmanvr,numoccs,regowner,regstate,spuse,make,model,modelyr,vrf1,vrf2,seqevent1,seqevent2,seqevent3,seqevent4,seqevent5,seqevent6,pnumber,ptype,age,sex,hispanic,race,injury,diedscene,restraint,restraintmisuse,seatpos,takehosp,death_dt,death_tm,cert,cernum_wa,commlic,licendor,licrestrict,liccomp,drivpres,drf1,drf2,drf3,drf4,distract1,distract2,distract3,distract4,distract5,distract6,dricond1,dricond2,dricond3,dricond4,dricond5,dricond6,dzip,licstate,drhgt_in,weight,noncdl,noncdltype,prevdwi,prevoth,prevacc,prevspd,prevsus,driviol1,driviol2,driviol3,driviol4,driviol5,driviol6,spdrel,first_dt,last_dt,airbag,ejection,ejectpath,extricat,injurwrk,methalc,methdrug,nmlocat,strikveh,prf1,prf2,prf3,druginv,alcinvol,drugsts,drugres1,drugres2,drugres3,drugtst1,drugtst2,drugtst3,alcsts,alctst,alcres,nmact1,nmact2,nmact3,nmact4,nmact5,nmact6,nmprior1,nmprior2,nmprior3,nmprior4,nmprior5,nmprior6,nmcond1,nmcond2,nmcond3,nmcond4,nmcond5,nmcond6,nmsafe_helmet,nmsafe_pads,nmsafe_oth,nmprev_ref,nmprev_lgt,nmprev_oth,crashlocation,nmcrashtype,crosswalk,schoolzone,sidewalk,train_inv,wildlife_inv,rotr_fars,intersect_fars,dd_inv,aid_inv,dpd_inv,id_inv,mj_inv,impnm_inv,ainm_inv,dpnm_inv,speed_inv,unlic_inv,unendmc_inv,drowsy_inv,drdist_inv,nmdist_inv,fty_inv,unrestfat_inv,dr1617_inv,dr1820_inv,dr1620_inv,dr2125_inv,dr1625_inv,dr65_inv,dr70_inv,dr75_inv,mc_inv,pv_inv,ht_inv,ped_inv,bike_inv,unrest_fat,mc_fat,unhelmet_mc,pv_fat,ht_fat,ped_fat,bike_fat,dr_alc7,dr_alc8,dr_drug,dr_imp,dr_dist,dr_spd,dr_fty,dr_unlic,dr_alc7only,dr_alc8only,dr_drugonly,dr_drink,nm_imp,nm_alc7,nm_alc8,nm_drug,nm_dist,agegrp1,agegrp2,roadclass,urbrur,dayweek,restuse,vehtype,race_me,intersect,lanedep,oppdir,wrongway,rep_typ,investag,repag_long,rotr,st_rd,cty_rd,city_rd,oth_rd,drug_thc,thc_res,drug_cthc,cthc_res,drug_cann,prevpersemin,prevperse,prevsusoth,drugtst4,drugtst5,drugtst6,drugtst7,drugtst8,drugres4,drugres5,drugres6,drugres7,drugres8,adspresent,adsengaged,adslevel,race1,race2,race3,race4,race5,helmet,helmetmisuse,nmdistract1,nmdistract2,nmdistract3,nmdistract4,nmdistract5,nmdistract6,lab,isedtcase,crf1,crf2,crf3,CoRoadName,CoMP,IntCoRoadName,IntCoMP,zipcode
3734,2021,378,EB72915,40.0,09/29/2021,22:14,29,9,,63,Spokane,0,1,,3,1,2,1,1,1,1,,,,8,0,0,1.2,3,0,4,7,1,2,4,0,0,0,0,CR-W WESTBOW BLVD,S SPOTTED RD,-117.5187694,47.611575,0,1,13,80,5,35,4,0,0,1,5,8,8,8,2,1,1,1,1,53,0,48,34,2012,0,,8,,,,,,1,1,31,1,0.0,,0,0,3,0,11,0,,,,,0.0,0.0,3.0,3.0,1,0,,,,12,,,,,,98,,,,,,99224.0,53,69.0,190.0,6.0,1.0,0.0,0.0,0.0,1.0,,0,,,,,,0,03/15/2019,03/15/2019,20,0,0,0,8.0,9,8,,,0,,,8,8,8.0,95.0,,,96.0,,,2,1,997.0,,,,,,,,,,,,,,,,,,,,,,,,,,,,,,0,0,0,1,0,0,0,0,0,1,1,0,0,0,0,0,1,1,0,0,0,0,0,0,0,0,0,0,0,1,0,1,0,0,0,,0,0,0,0,0,0,0,0,1,0,0,0,0,0,0,0,,,,,,31-35,26-35,County road,R,Wednesday,Belt Used,PV,Not Fatal,1,0,0,0,County Road,County Sheriff,Spokane County Sheriff's Office,0,0,1,0,0,,,,,,0.0,0.0,0.0,,,,,,,,,,,98.0,98.0,98.0,0.0,,,,,20.0,,,,,,,,,1.0,0.0,,,WESTBOW BV,1.18,,,99224
3735,2021,379,EB73132,35.0,09/28/2021,6:27,28,9,,53,Pierce,0,10,,4,2,2,1,1,2,2,,,,8,0,0,1.8,1,0,1,4,2,2,4,0,0,0,0,CR-200TH ST E,,-122.3733972,47.075025,0,1,13,80,5,35,99,0,0,1,5,8,1,1,2,1,1,1,9,99,0,99,999,9999,0,,8,,,,,,1,1,998,8,0.0,,9,0,99,7,11,0,,,,,99.0,9.0,9.0,9.0,1,0,,,,96,,,,,,98,,,,,,99999.0,99,,999.0,9.0,9.0,99.0,99.0,99.0,99.0,,97,,,,,,0,,,99,0,0,0,8.0,9,8,,,0,,,8,8,8.0,95.0,,,96.0,,,8,95,995.0,,,,,,,,,,,,,,,,,,,,,,,,,,,,,,0,0,0,0,0,0,0,0,0,1,0,1,0,0,0,0,0,1,0,0,0,0,0,0,0,0,0,0,0,0,0,1,0,0,0,,0,0,0,0,0,0,0,0,0,0,0,0,0,0,0,0,,,,,,,,County road,U,Tuesday,,NR-U,Not Fatal,0,0,0,0,County Road,County Sheriff,Law Enforcement Support Agency,0,0,1,0,0,,,,,,99.0,99.0,99.0,,,,,,,,,,,98.0,98.0,98.0,0.0,,,,,20.0,,,,,,,,,1.0,0.0,,,200 ST E,1.75,,,98387
3736,2021,379,EB73132,35.0,09/28/2021,6:27,28,9,,53,Pierce,0,10,,4,2,8,1,1,2,2,,,,8,1,0,1.8,1,0,1,4,2,2,4,0,0,97,8,CR-200TH ST E,,-122.3733972,47.075025,0,2,98,80,5,35,98,0,0,1,5,8,1,1,2,1,1,99,9,99,0,97,997,9998,0,,8,,,,,,1,1,998,8,0.0,,9,0,98,7,11,0,,,,,99.0,9.0,9.0,9.0,1,0,,,,96,,,,,,98,,,,,,99998.0,98,,999.0,9.0,9.0,99.0,99.0,99.0,99.0,,0,,,,,,0,,,98,7,0,0,8.0,9,8,,,0,,,8,8,8.0,95.0,,,96.0,,,8,95,995.0,,,,,,,,,,,,,,,,,,,,,,,,,,,,,,0,0,0,0,0,0,0,0,0,1,0,1,0,0,0,0,0,1,0,0,0,0,0,0,0,0,0,0,0,0,0,1,0,0,0,,0,0,0,0,0,0,0,0,0,0,0,0,0,0,0,0,,,,,,,,County road,U,Tuesday,,NR-U,Not Fatal,0,0,0,0,County Road,County Sheriff,Law Enforcement Support Agency,0,0,1,0,0,,,,,,99.0,99.0,99.0,,,,,,,,,,,98.0,98.0,98.0,0.0,,,,,20.0,,,,,,,,,1.0,0.0,,,200 ST E,1.75,,,98387
3737,2021,380,EB73152,13.0,09/18/2021,3:00,18,9,,9,Clallam,0,2,,2,2,2,3,0,5,1,,,,42,0,0,9999.8,1,0,1,7,1,64,8,0,0,0,0,SITKUM SOLDUC RD,,-124.3017889,47.965913889,0,1,6,12,2,98,34,0,0,1,2,42,2,2,8,1,14,5,2,53,0,20,481,2016,0,,68,64.0,42.0,,,,1,1,18,1,7.0,,4,7,20,7,11,0,09/18/2021,3:00,53048820.0,48820.0,0.0,0.0,0.0,3.0,1,0,,,,96,,,,,,9,,,,,,98331.0,53,68.0,145.0,6.0,2.0,0.0,1.0,1.0,0.0,,0,,,,,,4,11/15/2019,09/15/2019,8,0,0,0,0.0,9,8,,,0,,,8,1,2.0,996.0,996.0,,1.0,1.0,,2,1,0.165,,,,,,,,,,,,,,,,,,,,,,,,,,,,,,0,0,1,0,1,1,1,1,0,0,0,0,1,0,0,0,0,0,0,1,0,1,1,0,1,0,0,0,0,1,0,0,0,1,0,,1,0,0,0,0,1,1,1,0,1,0,0,0,0,0,1,,,,,,18-20,16-25,Other,R,Saturday,Not Used,PV,White,0,1,0,0,Other,County Sheriff,Clallam County Sheriff's Office,1,0,0,0,1,,,,,,0.0,0.0,0.0,,,,,,,,,,,98.0,98.0,98.0,1.0,,,,,20.0,,,,,,,,,1.0,0.0,,,,,,,
3738,2021,381,3835994,263.0,08/08/2021,3:07,8,8,,33,King,1960,10,,3,2,2,1,0,1,1,,,,25,0,0,26.2,5,1,1,2,2,1,3,0,0,0,0,SR-99,,-122.3456944,47.622130556,0,1,7,12,2,98,3,0,0,1,2,25,2,2,1,6,14,1,2,53,0,10,37,1997,0,,64,25.0,,,,,1,1,34,1,7.0,,4,7,99,7,11,0,08/08/2021,3:07,196053039056.0,39056.0,6.0,0.0,0.0,3.0,1,0,,,,92,,,,,,98,,,,,,98109.0,53,70.0,170.0,6.0,1.0,0.0,0.0,1.0,1.0,,0,,,,,,0,07/15/2019,07/15/2019,1,0,0,0,0.0,9,8,,,0,,,8,8,0.0,0.0,,,0.0,,,0,0,996.0,,,,,,,,,,,,,,,,,,,,,,,,,,,,,,0,0,0,0,0,0,0,0,0,0,0,0,0,0,0,0,1,0,0,0,0,0,0,0,0,0,0,0,0,1,0,0,0,0,0,,1,0,0,0,0,0,0,0,1,0,0,0,0,0,0,0,,,,,,31-35,26-35,State route,U,Sunday,Unknown,PV,API,0,1,0,0,State Route,Municipal/City Police,Seattle Police Department,1,1,0,0,0,,,,,,0.0,0.0,0.0,,,,,,,,,,,0.0,0.0,0.0,7.0,,,,,20.0,,,,,,,,,1.0,0.0,,,,,,,98109
3739,2021,382,3888998,263.0,08/10/2021,13:44,10,8,,33,King,1960,1,,1,1,1,1,1,2,1,,,,8,0,0,0.0,1,0,1,5,2,4,6,0,0,0,0,CALIFORNIA AVE SW,,-122.3868639,47.559047222,0,1,13,80,5,25,34,0,0,1,5,8,1,1,3,1,15,2,1,53,0,12,481,2012,0,,8,,,,,,1,1,78,1,0.0,,0,0,3,0,11,0,,,,,0.0,0.0,0.0,3.0,1,0,,,,96,,,,,,98,,,,,,98312.0,53,73.0,250.0,6.0,1.0,0.0,0.0,1.0,0.0,,0,,,,,,0,07/15/2019,07/15/2019,20,0,0,0,8.0,9,8,,,0,,,8,8,8.0,95.0,,,96.0,,,8,95,995.0,,,,,,,,,,,,,,,,,,,,,,,,,,,,,,0,0,0,0,0,0,0,0,0,0,0,0,0,0,0,0,0,0,0,0,0,0,0,0,0,1,1,1,0,1,0,1,0,0,0,,0,0,0,0,0,0,0,0,0,0,0,0,0,0,0,0,,,,,,76-80,76+,City street,U,Tuesday,Belt Used,PV,Not Fatal,1,0,0,0,City Street,Municipal/City Police,Seattle Police Department,0,0,0,1,0,,,,,,0.0,0.0,0.0,,,,,,,,,,,98.0,98.0,98.0,0.0,,,,,20.0,,,,,,,,,1.0,0.0,,,,,,,98116
3740,2021,383,EB73409,5.0,09/22/2021,9:47,22,9,,11,Clark,2420,1,,1,1,2,1,0,2,2,,,,12,0,2,16.1,2,0,6,2,2,1,3,0,0,28,3,SR-14,WASHOUGAL RIVER RD,-122.3561861,45.57665,0,1,52,17,2,55,4,0,0,1,2,12,2,1,2,1,1,1,1,53,0,37,32,2016,0,,68,64.0,69.0,12.0,,,1,1,60,1,7.0,,4,7,3,0,11,0,09/22/2021,9:47,242053048337.0,48337.0,0.0,0.0,3.0,3.0,1,51,,,,96,,,,,,98,,,,,,98671.0,53,72.0,220.0,6.0,1.0,0.0,0.0,0.0,1.0,,0,,,,,,0,08/15/2018,08/15/2018,20,0,0,0,0.0,9,8,,,0,,,8,8,2.0,996.0,996.0,996.0,1.0,1.0,1.0,2,1,0.0,,,,,,,,,,,,,,,,,,,,,,,,,,,,,,0,0,0,1,0,0,1,1,0,0,0,0,0,0,0,0,0,0,0,0,0,0,0,0,0,0,0,0,0,1,0,0,0,0,0,,1,0,0,0,0,0,1,1,0,0,0,0,0,0,1,0,,,,,,56-60,56-65,State route,U,Wednesday,Belt Used,PV,White,1,0,0,0,State Route,State Patrol,Washington State Patrol,0,1,0,0,0,,,,,,0.0,0.0,0.0,,,,,,,,,,,98.0,98.0,98.0,1.0,,,,,20.0,,,,,,,,,1.0,0.0,,,,,,,
3741,2021,383,EB73409,5.0,09/22/2021,9:47,22,9,,11,Clark,2420,1,,1,1,2,1,0,2,2,,,,12,0,2,16.1,2,0,6,2,2,1,3,0,0,21,3,SR-14,WASHOUGAL RIVER RD,-122.3561861,45.57665,0,2,52,54,3,55,21,1,0,1,2,12,2,1,1,2,16,1,1,41,0,7,461,1998,0,,12,63.0,24.0,59.0,,,1,1,64,1,0.0,,3,0,3,0,11,5,,,,,0.0,0.0,0.0,3.0,1,0,,,,96,,,,,,98,,,,,,97218.0,41,73.0,245.0,6.0,1.0,0.0,0.0,0.0,0.0,,0,,,,,,0,,,8,0,0,0,8.0,9,8,,,0,,,8,8,0.0,0.0,,,0.0,,,0,0,996.0,,,,,,,,,,,,,,,,,,,,,,,,,,,,,,0,0,0,1,0,0,1,1,0,0,0,0,0,0,0,0,0,0,0,0,0,0,0,0,0,0,0,0,0,1,0,0,0,0,0,,0,0,0,0,0,0,0,0,0,0,0,0,0,0,0,0,,,,,,61-65,56-65,State route,U,Wednesday,Belt Used,PV,Not Fatal,1,0,0,0,State Route,State Patrol,Washington State Patrol,0,1,0,0,0,,,,,,0.0,0.0,0.0,,,,,,,,,,,0.0,0.0,0.0,0.0,,,,,20.0,,,,,,,,,1.0,0.0,,,,,,,
3742,2021,384,EB73468,6.0,09/22/2021,15:00,22,9,,7,Chelan,0,1,,1,1,2,2,0,3,2,,,,12,0,6,105.2,2,0,2,2,1,1,2,0,0,20,3,US-2,DEADMAN HILL RD,-120.5819861,47.552886111,0,1,89,17,2,25,2,0,0,1,2,12,1,1,2,1,4,2,1,53,0,20,9,1979,0,,12,,,,,,1,1,60,2,7.0,,4,7,3,0,11,0,09/22/2021,15:00,53048793.0,48793.0,0.0,0.0,0.0,2.0,1,38,,,,96,,,,,,9,,,,,,98847.0,53,62.0,135.0,1.0,1.0,0.0,0.0,0.0,0.0,,0,,,,,,0,,,20,0,0,0,0.0,9,8,,,0,,,1,8,2.0,401.0,417.0,,1.0,1.0,,2,1,0.0,,,,,,,,,,,,,,,,,,,,,,,,,,,,,,0,0,0,1,0,0,1,1,0,0,0,0,0,1,0,0,0,0,1,0,0,0,0,0,0,0,0,0,0,1,0,0,0,0,0,,1,0,0,0,0,0,1,1,0,0,1,1,0,0,1,0,,,,,,56-60,56-65,US highway,R,Wednesday,Belt Used,PV,White,1,0,0,0,State Route,State Patrol,Washington State Patrol,0,1,0,0,0,,,,,,0.0,0.0,0.0,,,,,,,,,,,0.0,0.0,0.0,1.0,,,,,20.0,,,,,,,,,1.0,0.0,,,,,,,98815
3743,2021,384,EB73468,6.0,09/22/2021,15:00,22,9,,7,Chelan,0,1,,1,1,2,2,0,3,2,,,,12,0,6,105.2,2,0,2,2,1,1,2,0,0,0,0,US-2,DEADMAN HILL RD,-120.5819861,47.552886111,0,2,88,66,4,60,34,0,0,1,2,12,1,1,5,1,1,1,1,53,0,23,481,2005,0,,12,,,,,,1,1,47,1,0.0,,0,0,3,0,11,0,,,,,0.0,0.0,0.0,3.0,1,0,,,,96,,,,,,98,,,,,,98801.0,53,74.0,220.0,6.0,1.0,0.0,0.0,0.0,2.0,,0,,,,,,0,10/15/2017,04/15/2018,20,0,0,0,8.0,9,2,,,0,,,8,8,8.0,95.0,,,96.0,,,2,1,997.0,,,,,,,,,,,,,,,,,,,,,,,,,,,,,,0,0,0,1,0,0,1,1,0,0,0,0,0,1,0,0,0,0,1,0,0,0,0,0,0,0,0,0,0,1,0,0,0,0,0,,0,0,0,0,0,0,0,0,0,0,0,0,0,0,0,0,,,,,,46-50,46-55,US highway,R,Wednesday,Belt Used,PV,Not Fatal,1,0,0,0,State Route,State Patrol,Washington State Patrol,0,1,0,0,0,,,,,,0.0,0.0,0.0,,,,,,,,,,,98.0,98.0,98.0,0.0,,,,,20.0,,,,,,,,,1.0,0.0,,,,,,,98815
3744,2021,385,EB73636,29.0,09/25/2021,9:43,25,9,,41,Lewis,0,1,,1,1,2,1,0,2,2,,,,12,0,2,,1,0,1,5,1,2,4,0,0,0,0,CR-TUCKER RD,,-122.7658083,46.496125,0,1,50,10,2,40,80,0,0,1,5,12,2,2,2,1,14,1,1,53,0,73,705,2014,0,,68,12.0,,,,,1,1,26,1,7.0,,4,7,20,7,11,0,09/25/2021,9:43,53050042.0,50042.0,0.0,0.0,0.0,3.0,1,28,,,,96,,,,,,98,,,,,,98387.0,53,61.0,195.0,6.0,1.0,0.0,0.0,0.0,0.0,,0,,,,,,4,,,20,8,0,0,0.0,9,8,,,0,,,8,8,2.0,1.0,,,1.0,,,2,1,0.0,,,,,,,,,,,,,,,,,,,,,,,,,,,,,,0,0,0,0,0,0,0,0,0,0,0,0,1,0,0,0,0,0,0,0,0,0,0,0,0,0,0,0,1,1,0,0,0,0,1,0.0,0,0,0,0,0,0,0,0,0,1,0,0,0,0,0,0,,,,,,26-30,26-35,County road,R,Saturday,,MC,White,0,1,1,0,County Road,County Sheriff,Lewis County Sheriff's Office,0,0,1,0,0,,,,,,0.0,0.0,0.0,,,,,,,,,,,0.0,0.0,0.0,1.0,,,,,5.0,,,,,,,,,1.0,0.0,,,TUCKER RD,3.047,,,98591
3745,2021,385,EB73636,29.0,09/25/2021,9:43,25,9,,41,Lewis,0,1,,1,1,2,1,0,2,2,,,,12,0,2,,1,0,1,5,1,2,4,0,0,0,0,CR-TUCKER RD,,-122.7658083,46.496125,0,2,51,62,4,40,34,0,0,1,2,12,3,2,2,1,14,1,3,41,0,12,481,2011,0,,12,,,,,,1,1,49,2,0.0,,0,0,3,0,11,0,,,,,0.0,0.0,0.0,3.0,1,0,,,,96,,,,,,98,,,,,,98649.0,53,64.0,190.0,6.0,1.0,0.0,0.0,0.0,0.0,,0,,,,,,0,,,8,0,0,0,8.0,9,8,,,0,,,8,8,0.0,0.0,,,0.0,,,0,0,996.0,,,,,,,,,,,,,,,,,,,,,,,,,,,,,,0,0,0,0,0,0,0,0,0,0,0,0,1,0,0,0,0,0,0,0,0,0,0,0,0,0,0,0,1,1,0,0,0,0,0,,0,0,0,0,0,0,0,0,0,0,0,0,0,0,0,0,,,,,,46-50,46-55,County road,R,Saturday,Belt Used,PV,Not Fatal,0,1,1,0,County Road,County Sheriff,Lewis County Sheriff's Office,0,0,1,0,0,,,,,,0.0,0.0,0.0,,,,,,,,,,,98.0,98.0,98.0,0.0,,,,,20.0,,,,,,,,,1.0,0.0,,,TUCKER RD,3.047,,,98591
3746,2021,386,EB73928,7.0,10/01/2021,14:13,1,10,,33,King,735,1,,1,1,1,1,0,2,2,,,,12,0,1,142.1,1,0,1,1,2,1,1,0,0,0,0,I-5,,-122.3060694,47.290438889,0,1,24,6,1,60,80,0,0,1,2,12,1,1,5,3,1,1,1,53,0,37,705,2009,0,,12,,,,,,1,1,47,1,7.0,,4,0,20,7,11,5,10/01/2021,15:37,73553054706.0,54706.0,0.0,0.0,0.0,3.0,1,0,,,,96,,,,,,98,,,,,,98408.0,53,66.0,145.0,6.0,1.0,0.0,0.0,0.0,3.0,,0,,,,,,4,02/15/2017,04/15/2020,20,8,0,0,0.0,9,8,,,0,,,8,8,2.0,996.0,348.0,996.0,1.0,1.0,1.0,2,1,0.0,,,,,,,,,,,,,,,,,,,,,,,,,,,,,,0,0,0,0,0,0,1,1,0,0,0,0,1,0,0,0,0,0,0,0,0,0,0,1,1,0,0,0,1,1,0,0,0,0,1,0.0,0,0,0,0,0,0,1,1,0,1,0,0,0,0,1,0,,,,,,46-50,46-55,Interstate,U,Friday,,MC,Multiracial,0,0,0,0,State Route,State Patrol,Washington State Patrol,0,1,0,0,0,,,,,,0.0,0.0,0.0,1.0,1.0,,,,996.0,151.0,,,,0.0,0.0,0.0,278.0,201.0,204.0,,,5.0,,,,,,,,,1.0,0.0,,,,,,,98003
3747,2021,386,EB73928,7.0,10/01/2021,14:13,1,10,,33,King,735,1,,1,1,1,1,0,2,2,,,,12,0,1,142.1,1,0,1,1,2,1,1,0,0,0,0,I-5,,-122.3060694,47.290438889,0,2,25,53,3,60,34,0,0,1,5,12,1,1,5,3,1,1,1,53,0,7,482,2016,0,,12,,,,,,1,1,22,1,0.0,,0,0,3,0,11,0,,,,,0.0,0.0,0.0,3.0,1,0,,,,96,,,,,,98,,,,,,98001.0,53,72.0,150.0,6.0,1.0,0.0,1.0,1.0,0.0,,0,,,,,,0,11/15/2017,02/15/2017,20,0,0,0,8.0,9,8,,,0,,,8,8,8.0,95.0,,,96.0,,,8,95,995.0,,,,,,,,,,,,,,,,,,,,,,,,,,,,,,0,0,0,0,0,0,1,1,0,0,0,0,1,0,0,0,0,0,0,0,0,0,0,1,1,0,0,0,1,1,0,0,0,0,0,,0,0,0,0,0,0,0,0,0,0,0,0,0,0,0,0,,,,,,21-25,16-25,Interstate,U,Friday,Belt Used,PV,Not Fatal,0,0,0,0,State Route,State Patrol,Washington State Patrol,0,1,0,0,0,,,,,,0.0,0.0,0.0,,,,,,,,,,,98.0,98.0,98.0,0.0,,,,,20.0,,,,,,,,,1.0,0.0,,,,,,,98003
3748,2021,387,EB74003,8.0,10/02/2021,0:48,2,10,,27,Grays Harbor,0,5,,2,1,2,1,1,1,2,,,,8,0,0,14.9,1,0,1,2,2,1,2,0,0,0,0,US-12,,-123.51165,46.994102778,0,1,13,80,5,60,3,0,0,1,2,8,1,1,2,3,1,1,1,53,0,56,31,1987,0,,8,63.0,14.0,,,,1,1,32,1,0.0,,0,0,3,0,11,0,,,,,0.0,0.0,0.0,3.0,1,0,,,,96,,,,,,9,,,,,,98550.0,53,72.0,180.0,6.0,1.0,0.0,1.0,0.0,1.0,,1,,,,,,0,09/15/2018,09/15/2019,20,0,0,0,8.0,9,2,,,0,,,8,1,2.0,695.0,605.0,,1.0,1.0,,2,1,0.18,,,,,,,,,,,,,,,,,,,,,,,,,,,,,,0,0,0,0,1,1,1,1,1,1,0,1,0,0,0,0,0,0,0,0,0,0,0,0,0,0,0,0,0,1,0,1,0,0,0,,0,0,0,0,0,1,1,1,0,0,0,0,0,0,0,1,,,,,,31-35,26-35,US highway,U,Saturday,Belt Used,PV,Not Fatal,0,0,0,0,State Route,State Patrol,Washington State Patrol,0,1,0,0,0,thc,6.1,carboxy-thc,50.0,,0.0,0.0,0.0,,,,,,,,,,,0.0,0.0,0.0,0.0,,,,,20.0,,,,,,,,,1.0,23.0,,,,,,,98583
3749,2021,388,EB74033,229.0,09/04/2021,19:13,4,9,,21,Franklin,1660,1,,1,1,2,1,0,4,2,,,,12,0,6,0.0,2,0,2,4,2,4,6,0,0,20,3,W COURT ST,ROAD 88,-119.2063917,46.249352778,0,1,86,17,2,25,4,0,0,1,2,12,1,1,2,1,4,2,1,53,0,49,40,2004,0,,12,,,,,,1,1,23,2,0.0,,2,0,3,0,11,5,,,,,0.0,0.0,0.0,3.0,1,38,,,,92,,,,,,98,,,,,,99301.0,53,61.0,150.0,6.0,1.0,0.0,0.0,0.0,0.0,,46,75.0,,,,,0,,,8,0,0,0,8.0,1,1,,,0,,,0,0,2.0,1.0,,,1.0,,,2,98,0.0,,,,,,,,,,,,,,,,,,,,,,,,,,,,,,0,0,0,1,1,1,1,1,0,0,0,0,1,0,0,0,1,0,1,1,0,0,0,1,1,0,0,0,0,1,0,0,0,0,0,,0,0,0,0,0,0,0,0,1,0,1,0,0,0,0,0,,,,,,21-25,16-25,City street,U,Saturday,Belt Used,PV,Not Fatal,1,0,0,0,City Street,Municipal/City Police,Pasco Police Department,0,0,0,1,0,,,,,,0.0,0.0,0.0,,,,,,,,,,,98.0,98.0,98.0,0.0,,,,,20.0,,,,,,,,,1.0,0.0,,,,,,,99301
3750,2021,388,EB74033,229.0,09/04/2021,19:13,4,9,,21,Franklin,1660,1,,1,1,2,1,0,4,2,,,,12,0,6,0.0,2,0,2,4,2,4,6,0,0,0,0,W COURT ST,ROAD 88,-119.2063917,46.249352778,0,2,87,66,4,40,49,0,0,1,2,1,1,1,2,1,1,2,2,53,0,2,999,9999,0,,12,1.0,,,,,1,1,63,2,7.0,,4,7,20,7,11,0,09/04/2021,19:13,166053045218.0,45218.0,0.0,0.0,3.0,3.0,1,0,,,,96,,,,,,98,,,,,,99336.0,53,65.0,115.0,6.0,1.0,0.0,0.0,0.0,0.0,,0,,,,,,3,02/15/2019,02/15/2019,20,1,9,0,0.0,9,8,,,0,,,8,8,2.0,996.0,,,1.0,,,2,1,0.184,,,,,,,,,,,,,,,,,,,,,,,,,,,,,,0,0,0,1,1,1,1,1,0,0,0,0,1,0,0,0,1,0,1,1,0,0,0,1,1,0,0,0,0,1,0,0,0,1,0,,1,0,0,0,0,1,1,1,0,1,0,0,0,0,0,1,,,,,,61-65,56-65,City street,U,Saturday,Not Used,PV,White,1,0,0,0,City Street,Municipal/City Police,Pasco Police Department,0,0,0,1,0,,,,,,0.0,0.0,1.0,,,,,,,,,,,0.0,0.0,0.0,1.0,,,,,20.0,,,,,,,,,1.0,0.0,,,,,,,99301
3751,2021,389,EB74082,4.0,10/01/2021,16:55,1,10,,63,Spokane,0,1,,1,1,2,1,0,2,2,,,,12,0,6,291.8,2,0,2,2,2,1,2,0,0,20,3,US-2,COLBERT RD,-117.3471972,47.824458333,0,1,89,17,2,60,15,0,0,1,2,12,8,8,2,1,4,1,1,53,0,20,423,2015,0,,12,,,,,,1,1,81,2,0.0,,2,0,3,0,11,5,,,,,0.0,0.0,3.0,3.0,1,38,,,,96,,,,,,98,,,,,,99005.0,53,65.0,168.0,6.0,1.0,0.0,1.0,1.0,0.0,,46,,,,,,0,12/15/2017,12/15/2017,20,0,0,0,8.0,9,8,,,0,,,8,8,0.0,0.0,,,0.0,,,0,0,996.0,,,,,,,,,,,,,,,,,,,,,,,,,,,,,,0,0,0,1,0,0,1,1,0,0,0,0,0,0,0,0,0,0,1,0,0,0,0,0,0,1,1,1,1,1,0,0,0,0,0,,0,0,0,0,0,0,0,0,0,0,1,0,0,0,0,0,,,,,,81+,76+,US highway,U,Friday,Belt Used,PV,Not Fatal,1,0,0,0,State Route,State Patrol,Washington State Patrol,0,1,0,0,0,,,,,,0.0,0.0,0.0,,,,,,,,,,,98.0,98.0,98.0,0.0,,,,,20.0,,,,,,,,,1.0,0.0,,,,,,,99005
3752,2021,389,EB74082,4.0,10/01/2021,16:55,1,10,,63,Spokane,0,1,,1,1,2,1,0,2,2,,,,12,0,6,291.8,2,0,2,2,2,1,2,0,0,0,0,US-2,COLBERT RD,-117.3471972,47.824458333,0,2,88,66,4,60,80,0,0,1,2,12,3,1,3,2,14,1,1,53,0,72,706,2021,0,,12,,,,,,1,1,58,1,7.0,,4,7,20,7,11,0,10/01/2021,16:55,53050594.0,50594.0,0.0,0.0,0.0,3.0,1,0,,,,96,,,,,,98,,,,,,99003.0,53,72.0,199.0,6.0,1.0,0.0,0.0,0.0,0.0,,0,,,,,,0,,,20,8,0,0,0.0,9,8,,,0,,,8,8,2.0,996.0,996.0,,1.0,1.0,,2,1,0.0,,,,,,,,,,,,,,,,,,,,,,,,,,,,,,0,0,0,1,0,0,1,1,0,0,0,0,0,0,0,0,0,0,1,0,0,0,0,0,0,1,1,1,1,1,0,0,0,0,1,1.0,0,0,0,0,0,0,1,1,0,0,0,0,0,0,1,0,,,,,,56-60,56-65,US highway,U,Friday,,MC,White,1,0,0,0,State Route,State Patrol,Washington State Patrol,0,1,0,0,0,,,,,,0.0,0.0,0.0,,,,,,,,,,,98.0,98.0,98.0,1.0,,,,,16.0,,,,,,,,,1.0,0.0,,,,,,,99005