,year,case,par,repjur,crash_dt,crash_tm,accday,accmon,holiday,county,co_char,city,weather,weather2,lightcond,surfcond,surftype,numfatal,nmforms,pforms,vforms,not_tm,arr_tm,hosp_tm,fhevent,hitrun,manncol,milepnt,reljunc,reljuncinter,intersectiontype,funcsystem,landuse,ownership,route,schlbus,spejur,contdev,devfunc,trafid1,trafid2,x,y,wk_zone,vnumber,crashtype,criticalevent,criticaleventcat,spdlim,body,trailer,emerg,hazcargo,leave,mhevent,roadalgn,roadprof,traflane,trafflow,vehmanvr,numoccs,regowner,regstate,spuse,make,model,modelyr,vrf1,vrf2,seqevent1,seqevent2,seqevent3,seqevent4,seqevent5,seqevent6,pnumber,ptype,age,sex,hispanic,race,injury,diedscene,restraint,restraintmisuse,seatpos,takehosp,death_dt,death_tm,cert,cernum_wa,commlic,licendor,licrestrict,liccomp,drivpres,drf1,drf2,drf3,drf4,distract1,distract2,distract3,distract4,distract5,distract6,dricond1,dricond2,dricond3,dricond4,dricond5,dricond6,dzip,licstate,drhgt_in,weight,noncdl,noncdltype,prevdwi,prevoth,prevacc,prevspd,prevsus,driviol1,driviol2,driviol3,driviol4,driviol5,driviol6,spdrel,first_dt,last_dt,airbag,ejection,ejectpath,extricat,injurwrk,methalc,methdrug,nmlocat,strikveh,prf1,prf2,prf3,druginv,alcinvol,drugsts,drugres1,drugres2,drugres3,drugtst1,drugtst2,drugtst3,alcsts,alctst,alcres,nmact1,nmact2,nmact3,nmact4,nmact5,nmact6,nmprior1,nmprior2,nmprior3,nmprior4,nmprior5,nmprior6,nmcond1,nmcond2,nmcond3,nmcond4,nmcond5,nmcond6,nmsafe_helmet,nmsafe_pads,nmsafe_oth,nmprev_ref,nmprev_lgt,nmprev_oth,crashlocation,nmcrashtype,crosswalk,schoolzone,sidewalk,train_inv,wildlife_inv,rotr_fars,intersect_fars,dd_inv,aid_inv,dpd_inv,id_inv,mj_inv,impnm_inv,ainm_inv,dpnm_inv,speed_inv,unlic_inv,unendmc_inv,drowsy_inv,drdist_inv,nmdist_inv,fty_inv,unrestfat_inv,dr1617_inv,dr1820_inv,dr1620_inv,dr2125_inv,dr1625_inv,dr65_inv,dr70_inv,dr75_inv,mc_inv,pv_inv,ht_inv,ped_inv,bike_inv,unrest_fat,mc_fat,unhelmet_mc,pv_fat,ht_fat,ped_fat,bike_fat,dr_alc7,dr_alc8,dr_drug,dr_imp,dr_dist,dr_spd,dr_fty,dr_unlic,dr_alc7only,dr_alc8only,dr_drugonly,dr_drink,nm_imp,nm_alc7,nm_alc8,nm_drug,nm_dist,agegrp1,agegrp2,roadclass,urbrur,dayweek,restuse,vehtype,race_me,intersect,lanedep,oppdir,wrongway,rep_typ,investag,repag_long,rotr,st_rd,cty_rd,city_rd,oth_rd,drug_thc,thc_res,drug_cthc,cthc_res,drug_cann,prevpersemin,prevperse,prevsusoth,drugtst4,drugtst5,drugtst6,drugtst7,drugtst8,drugres4,drugres5,drugres6,drugres7,drugres8,adspresent,adsengaged,adslevel,race1,race2,race3,race4,race5,helmet,helmetmisuse,nmdistract1,nmdistract2,nmdistract3,nmdistract4,nmdistract5,nmdistract6,lab,isedtcase,crf1,crf2,crf3,CoRoadName,CoMP,IntCoRoadName,IntCoMP,zipcode
3772,2021,402,EB76153,7.0,10/03/2021,20:50,3,10,,33,King,2310,1,,3,1,2,1,1,1,1,,,,8,0,0,158.1,1,0,1,1,2,1,1,0,0,0,0,I-5,,-122.2823944,47.508638889,0,1,13,80,5,60,4,0,0,1,2,8,1,1,5,3,1,1,1,48,0,12,37,2018,0,,8,,,,,,1,1,22,1,0.0,,2,0,3,0,11,0,,,,,0.0,0.0,0.0,3.0,1,0,,,,96,,,,,,98,,,,,,75028.0,48,,999.0,6.0,1.0,0.0,0.0,0.0,0.0,,0,,,,,,0,,,9,0,0,0,8.0,9,8,,,0,,,8,8,0.0,0.0,,,0.0,,,0,0,996.0,,,,,,,,,,,,,,,,,,,,,,,,,,,,,,0,0,0,0,0,0,0,0,0,1,1,1,0,0,0,0,0,0,0,0,0,0,0,1,1,0,0,0,0,1,0,1,0,0,0,,0,0,0,0,0,0,0,0,0,0,0,0,0,0,0,0,,,,,,21-25,16-25,Interstate,U,Sunday,Belt Used,PV,Not Fatal,0,0,0,0,State Route,State Patrol,Washington State Patrol,0,1,0,0,0,,,,,,0.0,0.0,0.0,,,,,,,,,,,98.0,98.0,98.0,0.0,,,,,20.0,,,,,,,,,1.0,23.0,,,,,,,98168
3773,2021,403,EB76274,112.0,10/09/2021,1:58,9,10,,53,Pierce,586,1,,2,1,2,1,1,1,1,,,,8,0,0,33.7,1,0,1,3,2,1,3,0,0,0,0,SR-161,,-122.2938611,47.255080556,0,1,13,80,5,35,4,0,0,1,2,8,1,2,5,5,1,1,2,53,0,59,35,2012,0,,8,,,,,,1,1,18,1,0.0,,0,0,3,0,11,0,,,,,0.0,0.0,0.0,3.0,1,0,,,,92,,,,,,98,,,,,,98003.0,53,69.0,148.0,6.0,1.0,0.0,0.0,0.0,0.0,,0,,,,,,0,,,20,0,0,0,8.0,9,8,,,0,,,8,8,8.0,95.0,,,96.0,,,8,95,995.0,,,,,,,,,,,,,,,,,,,,,,,,,,,,,,0,0,0,0,0,0,0,0,0,1,1,0,0,0,0,0,1,0,0,0,0,1,1,0,1,0,0,0,0,1,0,1,0,0,0,,0,0,0,0,0,0,0,0,1,0,0,0,0,0,0,0,,,,,,18-20,16-25,State route,U,Saturday,Belt Used,PV,Not Fatal,0,0,0,0,State Route,Municipal/City Police,Edgewood Police Department,0,1,0,0,0,,,,,,0.0,0.0,0.0,,,,,,,,,,,98.0,98.0,98.0,0.0,,,,,20.0,,,,,,,,,1.0,0.0,,,,,,,98354
3774,2021,404,EB76600,278.0,10/03/2021,22:52,3,10,,63,Spokane,2110,1,,2,1,2,1,0,1,1,,,,39,0,0,0.0,1,0,1,4,2,4,6,0,0,0,0,S GOVERNMENT WAY,,-117.4574583,47.652161111,0,1,1,13,2,98,80,0,0,1,5,39,3,8,2,1,14,1,2,53,0,71,705,2009,0,,63,39.0,,,,,1,1,34,1,7.0,,4,7,20,7,11,0,10/03/2021,22:52,211053053789.0,53789.0,0.0,0.0,0.0,2.0,1,0,,,,96,,,,,,98,,,,,,99037.0,53,69.0,205.0,6.0,1.0,0.0,1.0,0.0,0.0,,0,,,,,,3,09/15/2018,09/15/2018,20,8,0,0,0.0,9,8,,,0,,,8,8,2.0,155.0,401.0,417.0,1.0,1.0,1.0,2,1,0.0,,,,,,,,,,,,,,,,,,,,,,,,,,,,,,0,0,1,0,0,0,1,1,0,0,0,0,1,0,1,0,0,0,0,0,0,0,0,0,0,0,0,0,1,0,0,0,0,0,1,0.0,0,0,0,0,0,0,1,1,0,1,0,0,0,0,1,0,,,,,,31-35,26-35,City street,U,Sunday,,MC,Black,0,1,0,0,City Street,Municipal/City Police,Spokane Police Department,1,0,0,1,0,,,,,,0.0,0.0,0.0,,,,,,,,,,,0.0,0.0,0.0,2.0,,,,,5.0,,,,,,,,,1.0,0.0,,,,,,,99224
3775,2021,405,EB76827,146.0,10/04/2021,23:06,4,10,,77,Yakima,0,1,,2,1,2,1,0,1,1,,,,34,0,0,8.4,1,0,1,6,1,2,4,0,3,0,0,CR-N TRACK RD,,-120.3619611,46.411952778,0,1,6,11,2,50,34,0,0,1,2,1,1,1,2,1,1,1,1,53,0,20,481,2005,0,,63,69.0,68.0,64.0,34.0,1.0,1,1,24,2,1.0,,4,7,20,7,11,0,10/04/2021,23:06,53051195.0,51195.0,0.0,0.0,3.0,3.0,1,58,,,,96,,,,,,98,,,,,,98947.0,53,63.0,140.0,6.0,1.0,1.0,1.0,2.0,0.0,,0,,,,,,3,09/15/2017,09/15/2017,1,1,9,0,0.0,9,8,,,0,,,8,8,2.0,996.0,401.0,417.0,1.0,1.0,1.0,2,1,0.137,,,,,,,,,,,,,,,,,,,,,,,,,,,,,,0,0,1,0,1,1,1,1,0,0,0,0,1,0,0,0,0,0,0,1,0,0,0,1,1,0,0,0,0,1,0,0,0,1,0,,1,0,0,0,0,1,1,1,0,1,0,0,0,0,0,1,,,,,,21-25,16-25,County road,R,Monday,Not Used,PV,Hispanic,0,1,0,0,County Road,County Sheriff,Yakima County Sheriff's Office,1,0,1,0,0,,,,,,0.0,1.0,0.0,,,,,,,,,,,98.0,98.0,98.0,298.0,,,,,20.0,,,,,,,,,1.0,0.0,,,TRACK RD. N.,8.35,,,98948
3776,2021,406,EB76902,2.0,10/08/2021,10:44,8,10,,57,Skagit,0,1,,1,1,1,1,0,2,2,,,,12,0,6,,2,0,2,5,1,2,4,0,0,20,3,CR-MINKLER RD,HOEN RD,-122.1398389,48.525227778,0,1,89,17,2,35,4,0,0,1,2,12,1,1,2,1,4,1,2,53,0,48,38,2012,0,,12,,,,,,1,1,69,2,7.0,,4,7,3,0,11,0,10/08/2021,10:44,53050961.0,50961.0,0.0,0.0,3.0,3.0,1,38,,,,96,,,,,,98,,,,,,98273.0,53,63.0,160.0,6.0,1.0,0.0,0.0,0.0,0.0,,0,,,,,,0,,,1,0,0,0,0.0,9,8,,,0,,,8,8,2.0,996.0,996.0,,1.0,1.0,,2,1,0.0,,,,,,,,,,,,,,,,,,,,,,,,,,,,,,0,0,0,1,0,0,1,1,0,0,0,0,0,0,0,0,0,0,1,0,0,1,1,0,1,1,0,0,0,1,0,0,0,0,0,,1,0,0,0,0,0,1,1,0,0,1,0,0,0,1,0,,,,,,66-70,66-75,County road,R,Friday,Belt Used,PV,White,1,0,0,0,County Road,State Patrol,Washington State Patrol,0,0,1,0,0,,,,,,0.0,0.0,0.0,,,,,,,,,,,98.0,98.0,98.0,1.0,,,,,20.0,,,,,,,,,1.0,0.0,,,MINKLER ROAD,3.64,HOEHN ROAD,4.553,98284
3777,2021,406,EB76902,2.0,10/08/2021,10:44,8,10,,57,Skagit,0,1,,1,1,1,1,0,2,2,,,,12,0,6,,2,0,2,5,1,2,4,0,0,0,0,CR-MINKLER RD,HOEN RD,-122.1398389,48.525227778,0,2,88,66,4,50,34,0,0,1,2,12,1,1,2,1,1,1,2,53,0,49,482,2007,0,,12,68.0,64.0,31.0,,,1,1,20,2,0.0,,0,0,3,0,11,0,,,,,0.0,0.0,0.0,3.0,1,0,,,,96,,,,,,0,,,,,,98237.0,53,69.0,155.0,6.0,2.0,0.0,0.0,0.0,0.0,,0,,,,,,0,,,1,0,0,0,8.0,9,8,,,0,,,8,8,0.0,0.0,,,0.0,,,0,0,996.0,,,,,,,,,,,,,,,,,,,,,,,,,,,,,,0,0,0,1,0,0,1,1,0,0,0,0,0,0,0,0,0,0,1,0,0,1,1,0,1,1,0,0,0,1,0,0,0,0,0,,0,0,0,0,0,0,0,0,0,0,0,0,0,0,0,0,,,,,,18-20,16-25,County road,R,Friday,Belt Used,PV,Not Fatal,1,0,0,0,County Road,State Patrol,Washington State Patrol,0,0,1,0,0,,,,,,0.0,0.0,0.0,,,,,,,,,,,98.0,98.0,98.0,0.0,,,,,20.0,,,,,,,,,1.0,0.0,,,MINKLER ROAD,3.64,HOEHN ROAD,4.553,98284
3778,2021,407,EB77005,40.0,10/11/2021,21:06,11,10,,63,Spokane,0,1,,3,1,2,1,0,3,2,,,,12,0,8,1.2,8,0,1,3,2,2,4,0,0,0,0,CR-N MARKET ST,,-117.3648,47.732516667,0,1,65,62,4,35,15,0,0,1,5,12,1,1,3,5,5,2,1,53,0,37,421,2010,0,,12,,,,,,1,1,21,2,0.0,,1,0,3,0,11,0,,,,,0.0,0.0,0.0,3.0,1,0,,,,96,,,,,,98,,,,,,99217.0,53,70.0,280.0,6.0,1.0,0.0,0.0,1.0,1.0,,0,,,,,,0,03/15/2017,08/15/2020,8,0,0,0,8.0,9,2,,,0,,,8,8,0.0,0.0,,,0.0,,,0,0,996.0,,,,,,,,,,,,,,,,,,,,,,,,,,,,,,0,0,0,0,1,1,0,1,0,0,0,0,1,1,1,0,0,0,0,0,0,0,0,1,1,0,0,0,1,1,0,0,0,0,0,,0,0,0,0,0,0,0,0,0,0,0,0,0,0,0,0,,,,,,21-25,16-25,County road,U,Monday,Belt Used,PV,Not Fatal,0,0,0,0,County Road,County Sheriff,Spokane County Sheriff's Office,0,0,1,0,0,,,,,,0.0,0.0,0.0,,,,,,,,,,,98.0,98.0,98.0,0.0,,,,,20.0,,,,,,,,,1.0,0.0,,,MARKET ST,1.19,,,99217
3779,2021,407,EB77005,40.0,10/11/2021,21:06,11,10,,63,Spokane,0,1,,3,1,2,1,0,3,2,,,,12,0,8,1.2,8,0,1,3,2,2,4,0,0,0,0,CR-N MARKET ST,,-117.3648,47.732516667,0,2,64,9,1,35,80,0,0,1,5,12,1,1,3,5,1,1,2,53,0,53,705,2001,0,,68,12.0,,,,,1,1,48,1,7.0,,4,7,20,7,11,0,10/11/2021,21:06,53052034.0,52034.0,0.0,0.0,3.0,2.0,1,58,,,,96,,,,,,98,,,,,,99205.0,53,71.0,175.0,1.0,1.0,0.0,4.0,1.0,1.0,,0,,,,,,4,02/15/2017,03/15/2020,20,8,0,0,0.0,9,8,,,0,,,8,8,2.0,1.0,,,1.0,,,2,1,0.233,,,,,,,,,,,,,,,,,,,,,,,,,,,,,,0,0,0,0,1,1,0,1,0,0,0,0,1,1,1,0,0,0,0,0,0,0,0,1,1,0,0,0,1,1,0,0,0,0,1,0.0,0,0,0,0,0,1,0,1,0,1,0,1,0,1,0,1,,,,,,46-50,46-55,County road,U,Monday,,MC,White,0,0,0,0,County Road,County Sheriff,Spokane County Sheriff's Office,0,0,1,0,0,,,,,,0.0,0.0,1.0,,,,,,,,,,,0.0,0.0,0.0,1.0,,,,,19.0,,,,,,,,,1.0,0.0,,,MARKET ST,1.19,,,99217
3780,2021,409,EB77288,5.0,09/30/2021,20:50,30,9,,11,Clark,2370,1,,2,1,1,1,1,1,1,,,,8,1,0,4.2,1,0,1,1,2,1,1,0,0,0,0,I-205,,-122.5694056,45.654913889,0,1,13,80,5,60,99,9,0,1,5,8,1,1,2,3,1,99,9,99,0,99,999,9999,0,,8,,,,,,1,1,999,9,0.0,,9,0,99,7,11,0,,,,,99.0,9.0,9.0,9.0,1,0,,,,96,,,,,,98,,,,,,99999.0,99,,999.0,9.0,9.0,99.0,99.0,99.0,99.0,,97,,,,,,0,,,99,0,0,0,8.0,9,8,,,0,,,8,8,9.0,999.0,,,99.0,,,9,99,999.0,,,,,,,,,,,,,,,,,,,,,,,,,,,,,,0,0,0,0,0,0,0,0,0,1,0,1,0,0,0,0,0,0,0,0,0,0,0,0,0,0,0,0,0,0,0,1,0,0,0,,0,0,0,0,0,0,0,0,0,0,0,0,0,0,0,0,,,,,,,,Interstate,U,Thursday,,NR-U,Not Fatal,0,0,0,0,State Route,State Patrol,Washington State Patrol,0,1,0,0,0,,,,,,99.0,99.0,99.0,,,,,,,,,,,98.0,98.0,98.0,0.0,,,,,20.0,,,,,,,,,1.0,0.0,,,,,,,98662
3781,2021,410,EB77403,11.0,09/18/2021,6:56,18,9,,5,Benton,0,1,,4,1,2,1,0,2,2,,,,12,0,2,,1,0,1,5,1,2,4,0,0,0,0,CR-HANKS RD,,-119.8630611,46.272994444,0,1,50,10,2,50,4,0,0,1,2,12,1,4,2,1,1,1,2,53,0,37,31,1999,0,,68,12.0,,,,,1,1,33,1,1.0,,4,7,20,7,11,0,09/18/2021,6:56,53046470.0,46470.0,0.0,0.0,0.0,0.0,1,28,,,,0,,,,,,2,,,,,,98930.0,53,65.0,220.0,0.0,0.0,0.0,1.0,0.0,1.0,,0,,,,,,3,10/15/2018,06/15/2018,1,0,0,0,0.0,9,8,,,0,,,8,8,2.0,401.0,417.0,,1.0,1.0,,2,1,0.0,,,,,,,,,,,,,,,,,,,,,,,,,,,,,,0,0,0,0,0,0,1,1,0,0,0,0,1,1,0,1,0,0,0,1,0,0,0,0,0,0,0,0,0,1,1,0,0,1,0,,1,0,0,0,0,0,1,1,0,1,0,1,0,0,1,0,,,,,,31-35,26-35,County road,R,Saturday,Not Used,PV,Hispanic,0,1,1,0,County Road,County Sheriff,Benton County Sheriff's Office,0,0,1,0,0,,,,,,0.0,0.0,0.0,,,,,,,,,,,0.0,0.0,0.0,98.0,,,,,20.0,,,,,,,,,1.0,0.0,,,HANKS RD,0.5,,,98930
3782,2021,410,EB77403,11.0,09/18/2021,6:56,18,9,,5,Benton,0,1,,4,1,2,1,0,2,2,,,,12,0,2,,1,0,1,5,1,2,4,0,0,0,0,CR-HANKS RD,,-119.8630611,46.272994444,0,2,51,62,4,50,61,0,0,1,5,12,1,4,2,1,1,1,3,53,0,23,882,2004,0,,12,,,,,,1,1,54,2,0.0,,3,0,3,0,11,5,,,,,0.0,0.0,0.0,3.0,1,0,,,,96,,,,,,98,,,,,,99350.0,53,59.0,140.0,6.0,1.0,0.0,0.0,0.0,0.0,,0,,,,,,0,,,20,0,0,0,8.0,9,8,,,0,,,8,8,0.0,0.0,,,0.0,,,0,0,996.0,,,,,,,,,,,,,,,,,,,,,,,,,,,,,,0,0,0,0,0,0,1,1,0,0,0,0,1,1,0,1,0,0,0,1,0,0,0,0,0,0,0,0,0,1,1,0,0,0,0,,0,0,0,0,0,0,0,0,0,0,0,0,0,0,0,0,,,,,,51-55,46-55,County road,R,Saturday,,MHTRUCK,Not Fatal,0,1,1,0,County Road,County Sheriff,Benton County Sheriff's Office,0,0,1,0,0,,,,,,0.0,0.0,0.0,,,,,,,,,,,98.0,98.0,98.0,0.0,,,,,20.0,,,,,,,,,1.0,0.0,,,HANKS RD,0.5,,,98930
3783,2021,411,EB77458,7.0,10/07/2021,12:43,7,10,,33,King,2310,1,,1,1,2,1,0,2,2,,,,12,0,6,0.8,1,0,1,3,2,1,3,0,0,0,0,SR-900,,-122.2719944,47.498377778,0,1,98,10,2,98,34,0,0,1,2,12,1,2,2,2,12,1,1,53,0,12,471,1996,0,,12,,,,,,1,1,50,2,7.0,,4,7,20,7,11,0,10/07/2021,12:43,231053051253.0,51253.0,0.0,0.0,0.0,3.0,1,48,,,,96,,,,,,98,,,,,,98178.0,53,65.0,120.0,6.0,1.0,0.0,0.0,0.0,0.0,,0,,,,,,0,,,20,0,0,0,0.0,9,8,,,0,,,8,8,2.0,996.0,996.0,401.0,1.0,1.0,1.0,2,1,0.0,,,,,,,,,,,,,,,,,,,,,,,,,,,,,,0,0,0,0,0,0,1,1,0,0,0,0,0,0,0,0,0,0,0,1,0,0,0,0,0,0,0,0,0,1,0,0,0,1,0,,1,0,0,0,0,0,1,1,0,0,0,0,0,0,1,0,,,,,,46-50,46-55,State route,U,Thursday,Not Used,PV,White,0,0,0,0,State Route,State Patrol,Washington State Patrol,0,1,0,0,0,,,,,,0.0,0.0,0.0,1.0,,,,,417.0,,,,,0.0,0.0,0.0,1.0,,,,,20.0,,,,,,,,,1.0,0.0,,,,,,,98178
3784,2021,411,EB77458,7.0,10/07/2021,12:43,7,10,,33,King,2310,1,,1,1,2,1,0,2,2,,,,12,0,6,0.8,1,0,1,3,2,1,3,0,0,0,0,SR-900,,-122.2719944,47.498377778,0,2,98,60,4,60,20,0,0,1,2,12,1,2,2,2,1,1,1,53,0,6,441,2014,0,,12,,,,,,1,1,37,1,0.0,,1,0,3,0,11,8,,,,,0.0,0.0,3.0,3.0,1,0,,,,96,,,,,,98,,,,,,98056.0,53,71.0,270.0,6.0,1.0,0.0,0.0,0.0,0.0,,0,,,,,,0,,,8,0,0,0,8.0,9,8,,,0,,,8,8,8.0,95.0,,,96.0,,,8,95,995.0,,,,,,,,,,,,,,,,,,,,,,,,,,,,,,0,0,0,0,0,0,1,1,0,0,0,0,0,0,0,0,0,0,0,1,0,0,0,0,0,0,0,0,0,1,0,0,0,0,0,,0,0,0,0,0,0,0,0,0,0,0,0,0,0,0,0,,,,,,36-40,36-45,State route,U,Thursday,Belt Used,PV,Not Fatal,0,0,0,0,State Route,State Patrol,Washington State Patrol,0,1,0,0,0,,,,,,0.0,0.0,0.0,,,,,,,,,,,98.0,98.0,98.0,0.0,,,,,20.0,,,,,,,,,1.0,0.0,,,,,,,98178
3785,2021,412,EB77843,222.0,10/06/2021,10:05,6,10,,67,Thurston,1590,1,,1,2,2,2,0,6,4,,,,12,0,6,0.0,2,0,2,4,2,4,6,0,0,3,3,COOPER POINT RD SW,Capitol Mall Dr SW,-122.9391778,47.039919444,0,1,88,17,2,98,14,0,0,1,5,12,8,8,4,1,1,1,1,53,0,18,402,2004,0,,12,12.0,,,,,1,1,41,1,0.0,,9,0,3,0,11,8,,,,,0.0,0.0,0.0,3.0,1,26,,,,96,,,,,,98,,,,,,98513.0,53,67.0,130.0,6.0,1.0,0.0,0.0,1.0,0.0,,97,,,,,,0,08/15/2017,08/15/2017,20,0,0,0,8.0,9,8,,,0,,,8,8,8.0,95.0,,,96.0,,,8,95,995.0,,,,,,,,,,,,,,,,,,,,,,,,,,,,,,0,0,0,1,1,0,1,1,0,0,0,0,0,0,0,0,0,0,0,0,0,0,0,0,0,1,1,1,0,1,0,0,0,0,0,,0,0,0,0,0,0,0,0,0,0,0,0,0,0,0,0,,,,,,41-45,36-45,City street,U,Wednesday,Belt Used,PV,Not Fatal,1,0,0,0,City Street,Municipal/City Police,Olympia Police Department,0,0,0,1,0,,,,,,0.0,0.0,0.0,,,,,,,,,,,98.0,98.0,98.0,0.0,,,,,20.0,,,,,,,,,1.0,0.0,,,,,,,98512
3786,2021,412,EB77843,222.0,10/06/2021,10:05,6,10,,67,Thurston,1590,1,,1,2,2,2,0,6,4,,,,12,0,6,0.0,2,0,2,4,2,4,6,0,0,3,3,COOPER POINT RD SW,Capitol Mall Dr SW,-122.9391778,47.039919444,0,2,89,66,4,98,5,0,0,1,5,12,8,8,5,1,1,2,1,53,0,49,46,2009,0,,12,12.0,,,,,1,1,83,1,7.0,,4,7,3,0,11,0,10/06/2021,10:05,159053051609.0,51609.0,0.0,0.0,0.0,3.0,1,0,,,,96,,,,,,98,,,,,,98586.0,53,55.0,170.0,6.0,1.0,0.0,0.0,0.0,0.0,,0,,,,,,0,,,9,0,0,0,0.0,9,8,,,0,,,8,8,2.0,996.0,,,1.0,,,2,1,0.013,,,,,,,,,,,,,,,,,,,,,,,,,,,,,,0,0,0,1,1,0,1,1,0,0,0,0,0,0,0,0,0,0,0,0,0,0,0,0,0,1,1,1,0,1,0,0,0,0,0,,1,0,0,0,1,0,1,1,0,0,0,0,0,0,0,1,,,,,,81+,76+,City street,U,Wednesday,Belt Used,PV,White,1,0,0,0,City Street,Municipal/City Police,Olympia Police Department,0,0,0,1,0,,,,,,0.0,0.0,0.0,,,,,,,,,,,98.0,98.0,98.0,1.0,,,,,20.0,,,,,,,,,1.0,0.0,,,,,,,98512
3787,2021,412,EB77843,222.0,10/06/2021,10:05,6,10,,67,Thurston,1590,1,,1,2,2,2,0,6,4,,,,12,0,6,0.0,2,0,2,4,2,4,6,0,0,20,3,COOPER POINT RD SW,Capitol Mall Dr SW,-122.9391778,47.039919444,0,3,98,54,3,98,14,0,0,1,5,12,8,8,4,1,5,1,2,53,0,37,402,2008,0,,12,,,,,,1,1,43,2,0.0,,9,0,99,7,11,8,,,,,0.0,0.0,0.0,3.0,1,0,,,,96,,,,,,98,,,,,,98584.0,53,67.0,125.0,6.0,1.0,0.0,0.0,0.0,0.0,,0,,,,,,0,,,1,0,0,0,8.0,9,8,,,0,,,8,8,8.0,95.0,,,96.0,,,8,95,995.0,,,,,,,,,,,,,,,,,,,,,,,,,,,,,,0,0,0,1,1,0,1,1,0,0,0,0,0,0,0,0,0,0,0,0,0,0,0,0,0,1,1,1,0,1,0,0,0,0,0,,0,0,0,0,0,0,0,0,0,0,0,0,0,0,0,0,,,,,,41-45,36-45,City street,U,Wednesday,Unknown,PV,Not Fatal,1,0,0,0,City Street,Municipal/City Police,Olympia Police Department,0,0,0,1,0,,,,,,0.0,0.0,0.0,,,,,,,,,,,98.0,98.0,98.0,0.0,,,,,20.0,,,,,,,,,1.0,0.0,,,,,,,98512
3788,2021,412,EB77843,222.0,10/06/2021,10:05,6,10,,67,Thurston,1590,1,,1,2,2,2,0,6,4,,,,12,0,6,0.0,2,0,2,4,2,4,6,0,0,3,3,COOPER POINT RD SW,Capitol Mall Dr SW,-122.9391778,47.039919444,0,4,98,98,7,98,14,0,0,1,5,12,8,8,4,1,5,2,1,53,0,55,401,2007,0,,12,,,,,,1,1,64,2,0.0,,9,0,99,7,11,8,,,,,0.0,0.0,0.0,3.0,1,0,,,,96,,,,,,98,,,,,,98579.0,53,65.0,170.0,6.0,1.0,0.0,0.0,0.0,0.0,,0,,,,,,0,,,20,0,0,0,8.0,9,8,,,0,,,8,8,8.0,95.0,,,96.0,,,8,95,995.0,,,,,,,,,,,,,,,,,,,,,,,,,,,,,,0,0,0,1,1,0,1,1,0,0,0,0,0,0,0,0,0,0,0,0,0,0,0,0,0,1,1,1,0,1,0,0,0,0,0,,0,0,0,0,0,0,0,0,0,0,0,0,0,0,0,0,,,,,,61-65,56-65,City street,U,Wednesday,Unknown,PV,Not Fatal,1,0,0,0,City Street,Municipal/City Police,Olympia Police Department,0,0,0,1,0,,,,,,0.0,0.0,0.0,,,,,,,,,,,98.0,98.0,98.0,0.0,,,,,20.0,,,,,,,,,1.0,0.0,,,,,,,98512
3789,2021,413,EB77921,4.0,10/09/2021,11:30,9,10,,63,Spokane,0,1,,1,1,2,1,0,3,2,,,,12,0,1,295.2,1,0,1,1,2,1,1,0,0,0,0,I-90,,-117.0856944,47.681683333,0,1,28,52,3,70,80,0,0,1,2,12,1,1,2,3,1,2,1,53,0,72,706,2000,0,,12,,,,,,1,1,43,1,7.0,,4,7,20,7,11,0,10/09/2021,11:30,53051119.0,51119.0,0.0,0.0,3.0,3.0,1,26,,,,96,,,,,,98,,,,,,99207.0,53,71.0,260.0,6.0,1.0,0.0,0.0,1.0,3.0,,0,,,,,,0,10/15/2017,08/15/2020,20,8,0,0,0.0,9,8,,,0,,,8,8,0.0,0.0,,,0.0,,,0,0,996.0,,,,,,,,,,,,,,,,,,,,,,,,,,,,,,0,0,0,0,0,0,0,0,0,0,0,0,0,0,0,0,0,0,0,0,0,0,0,0,0,0,0,0,1,1,0,0,0,0,1,0.0,0,0,0,0,0,0,0,0,0,0,0,0,0,0,0,0,,,,,,41-45,36-45,Interstate,U,Saturday,,MC,White,0,0,0,0,State Route,State Patrol,Washington State Patrol,0,1,0,0,0,,,,,,0.0,0.0,0.0,,,,,,,,,,,0.0,0.0,0.0,1.0,,,,,5.0,,,,,,,,,1.0,0.0,,,,,,,99019
3790,2021,413,EB77921,4.0,10/09/2021,11:30,9,10,,63,Spokane,0,1,,1,1,2,1,0,3,2,,,,12,0,1,295.2,1,0,1,1,2,1,1,0,0,0,0,I-90,,-117.0856944,47.681683333,0,2,29,53,3,70,4,0,0,1,5,12,1,1,2,3,2,1,1,16,0,49,40,2014,0,,12,,,,,,1,1,56,2,0.0,,0,0,3,0,11,0,,,,,0.0,0.0,0.0,3.0,1,0,,,,96,,,,,,98,,,,,,83854.0,16,68.0,170.0,6.0,1.0,0.0,0.0,0.0,0.0,,0,,,,,,0,,,20,0,0,0,8.0,9,2,,,0,,,8,8,0.0,0.0,,,0.0,,,0,0,996.0,,,,,,,,,,,,,,,,,,,,,,,,,,,,,,0,0,0,0,0,0,0,0,0,0,0,0,0,0,0,0,0,0,0,0,0,0,0,0,0,0,0,0,1,1,0,0,0,0,0,,0,0,0,0,0,0,0,0,0,0,0,0,0,0,0,0,,,,,,56-60,56-65,Interstate,U,Saturday,Belt Used,PV,Not Fatal,0,0,0,0,State Route,State Patrol,Washington State Patrol,0,1,0,0,0,,,,,,0.0,0.0,0.0,,,,,,,,,,,98.0,98.0,98.0,0.0,,,,,20.0,,,,,,,,,1.0,0.0,,,,,,,99019