,year,case,par,repjur,crash_dt,crash_tm,accday,accmon,holiday,county,co_char,city,weather,weather2,lightcond,surfcond,surftype,numfatal,nmforms,pforms,vforms,not_tm,arr_tm,hosp_tm,fhevent,hitrun,manncol,milepnt,reljunc,reljuncinter,intersectiontype,funcsystem,landuse,ownership,route,schlbus,spejur,contdev,devfunc,trafid1,trafid2,x,y,wk_zone,vnumber,crashtype,criticalevent,criticaleventcat,spdlim,body,trailer,emerg,hazcargo,leave,mhevent,roadalgn,roadprof,traflane,trafflow,vehmanvr,numoccs,regowner,regstate,spuse,make,model,modelyr,vrf1,vrf2,seqevent1,seqevent2,seqevent3,seqevent4,seqevent5,seqevent6,pnumber,ptype,age,sex,hispanic,race,injury,diedscene,restraint,restraintmisuse,seatpos,takehosp,death_dt,death_tm,cert,cernum_wa,commlic,licendor,licrestrict,liccomp,drivpres,drf1,drf2,drf3,drf4,distract1,distract2,distract3,distract4,distract5,distract6,dricond1,dricond2,dricond3,dricond4,dricond5,dricond6,dzip,licstate,drhgt_in,weight,noncdl,noncdltype,prevdwi,prevoth,prevacc,prevspd,prevsus,driviol1,driviol2,driviol3,driviol4,driviol5,driviol6,spdrel,first_dt,last_dt,airbag,ejection,ejectpath,extricat,injurwrk,methalc,methdrug,nmlocat,strikveh,prf1,prf2,prf3,druginv,alcinvol,drugsts,drugres1,drugres2,drugres3,drugtst1,drugtst2,drugtst3,alcsts,alctst,alcres,nmact1,nmact2,nmact3,nmact4,nmact5,nmact6,nmprior1,nmprior2,nmprior3,nmprior4,nmprior5,nmprior6,nmcond1,nmcond2,nmcond3,nmcond4,nmcond5,nmcond6,nmsafe_helmet,nmsafe_pads,nmsafe_oth,nmprev_ref,nmprev_lgt,nmprev_oth,crashlocation,nmcrashtype,crosswalk,schoolzone,sidewalk,train_inv,wildlife_inv,rotr_fars,intersect_fars,dd_inv,aid_inv,dpd_inv,id_inv,mj_inv,impnm_inv,ainm_inv,dpnm_inv,speed_inv,unlic_inv,unendmc_inv,drowsy_inv,drdist_inv,nmdist_inv,fty_inv,unrestfat_inv,dr1617_inv,dr1820_inv,dr1620_inv,dr2125_inv,dr1625_inv,dr65_inv,dr70_inv,dr75_inv,mc_inv,pv_inv,ht_inv,ped_inv,bike_inv,unrest_fat,mc_fat,unhelmet_mc,pv_fat,ht_fat,ped_fat,bike_fat,dr_alc7,dr_alc8,dr_drug,dr_imp,dr_dist,dr_spd,dr_fty,dr_unlic,dr_alc7only,dr_alc8only,dr_drugonly,dr_drink,nm_imp,nm_alc7,nm_alc8,nm_drug,nm_dist,agegrp1,agegrp2,roadclass,urbrur,dayweek,restuse,vehtype,race_me,intersect,lanedep,oppdir,wrongway,rep_typ,investag,repag_long,rotr,st_rd,cty_rd,city_rd,oth_rd,drug_thc,thc_res,drug_cthc,cthc_res,drug_cann,prevpersemin,prevperse,prevsusoth,drugtst4,drugtst5,drugtst6,drugtst7,drugtst8,drugres4,drugres5,drugres6,drugres7,drugres8,adspresent,adsengaged,adslevel,race1,race2,race3,race4,race5,helmet,helmetmisuse,nmdistract1,nmdistract2,nmdistract3,nmdistract4,nmdistract5,nmdistract6,lab,isedtcase,crf1,crf2,crf3,CoRoadName,CoMP,IntCoRoadName,IntCoMP,zipcode
3791,2021,414,EB78244,3.0,08/14/2021,8:08,14,8,,53,Pierce,2230,1,,1,1,2,1,0,2,2,,,,12,0,6,2.9,2,0,2,2,2,1,3,0,3,3,3,SR-509,ALEXANDER AVE,-122.373025,47.247344444,0,1,88,17,2,50,66,1,0,1,5,12,1,1,3,2,1,1,3,4,0,82,881,2020,0,,12,,,,,,1,1,34,1,0.0,,0,0,3,0,11,0,,,,,6.0,1.0,0.0,3.0,1,39,,,,92,,,,,,98,,,,,,98391.0,53,69.0,257.0,6.0,1.0,0.0,0.0,0.0,0.0,,2,,,,,,0,,,20,0,0,0,8.0,9,2,,,0,,,8,8,2.0,1.0,,,1.0,,,2,1,0.0,,,,,,,,,,,,,,,,,,,,,,,,,,,,,,0,0,0,1,0,0,1,1,0,0,0,0,0,0,0,0,1,0,0,0,0,0,0,0,0,1,1,1,0,1,1,0,0,0,0,,0,0,0,0,0,0,0,0,1,0,0,0,0,0,0,0,,,,,,31-35,26-35,State route,U,Saturday,,MHTRUCK,Not Fatal,1,0,0,0,State Route,State Patrol,Washington State Patrol,0,1,0,0,0,,,,,,0.0,0.0,0.0,,,,,,,,,,,98.0,98.0,98.0,0.0,,,,,20.0,,,,,,,,,1.0,0.0,,,,,,,98424
3792,2021,414,EB78244,3.0,08/14/2021,8:08,14,8,,53,Pierce,2230,1,,1,1,2,1,0,2,2,,,,12,0,6,2.9,2,0,2,2,2,1,3,0,3,3,3,SR-509,ALEXANDER AVE,-122.373025,47.247344444,0,2,89,66,4,35,34,0,0,1,2,12,1,1,3,1,1,1,2,53,0,12,471,1994,0,,12,,,,,,1,1,78,1,7.0,,4,7,3,0,11,0,08/14/2021,8:08,223053040426.0,40426.0,0.0,0.0,0.0,3.0,1,0,,,,96,,,,,,98,,,,,,98404.0,53,65.0,110.0,6.0,1.0,0.0,0.0,0.0,0.0,,0,,,,,,0,,,20,0,0,0,0.0,9,8,,,0,,,8,8,2.0,996.0,,,1.0,,,2,1,0.0,,,,,,,,,,,,,,,,,,,,,,,,,,,,,,0,0,0,1,0,0,1,1,0,0,0,0,0,0,0,0,1,0,0,0,0,0,0,0,0,1,1,1,0,1,1,0,0,0,0,,1,0,0,0,0,0,1,1,0,0,0,0,0,0,1,0,,,,,,76-80,76+,State route,U,Saturday,Belt Used,PV,API,1,0,0,0,State Route,State Patrol,Washington State Patrol,0,1,0,0,0,,,,,,0.0,0.0,0.0,,,,,,,,,,,0.0,0.0,0.0,48.0,,,,,20.0,,,,,,,,,1.0,0.0,,,,,,,98424
3793,2021,415,EB78581,127.0,10/15/2021,20:47,15,10,,33,King,735,1,,2,1,1,1,1,1,1,,,,8,0,0,2.6,1,0,1,3,2,1,3,0,0,0,0,SR-99,,-122.3351528,47.265422222,0,1,13,80,5,45,5,0,0,1,2,8,1,1,4,1,1,1,2,53,0,20,28,2015,0,,8,,,,,,1,1,28,2,0.0,,0,0,3,0,11,0,,,,,0.0,0.0,3.0,3.0,1,0,,,,96,,,,,,98,,,,,,98023.0,53,62.0,130.0,6.0,1.0,0.0,0.0,0.0,0.0,,0,,,,,,0,,,20,0,0,0,8.0,9,8,,,0,,,8,8,2.0,401.0,417.0,,1.0,1.0,,2,1,0.0,,,,,,,,,,,,,,,,,,,,,,,,,,,,,,0,0,0,0,0,0,1,1,0,0,0,0,0,0,0,0,0,0,0,0,0,0,0,0,0,0,0,0,0,1,0,1,0,0,0,,0,0,0,0,0,0,1,1,0,0,0,0,0,0,1,0,,,,,,26-30,26-35,State route,U,Friday,Belt Used,PV,Not Fatal,0,0,0,0,State Route,Municipal/City Police,Federal Way Dept of Public Safety,0,1,0,0,0,,,,,,0.0,0.0,0.0,,,,,,,,,,,98.0,98.0,98.0,0.0,,,,,20.0,,,,,,,,,1.0,0.0,,,,,,,98354
3794,2021,416,EB78749,197.0,10/15/2021,16:45,15,10,,61,Snohomish,1338,2,,1,2,2,1,0,2,2,,,,12,0,8,0.0,1,0,1,4,2,4,6,0,0,0,0,35TH AVE SE,,-122.1854028,47.873927778,0,1,66,10,2,35,34,0,0,1,2,12,1,1,3,5,1,1,1,53,0,49,472,2019,0,,68,64.0,12.0,64.0,38.0,1.0,1,1,60,1,7.0,,4,7,2,0,11,0,10/15/2021,16:45,133853053268.0,53268.0,0.0,0.0,3.0,3.0,1,0,,,,96,,,,,,98,,,,,,98208.0,53,69.0,190.0,6.0,1.0,0.0,1.0,3.0,0.0,,0,,,,,,0,12/15/2019,02/15/2020,1,0,0,0,0.0,9,8,,,0,,,8,8,2.0,1.0,,,1.0,,,2,1,0.0,,,,,,,,,,,,,,,,,,,,,,,,,,,,,,0,0,0,0,0,0,0,0,0,0,0,0,0,0,0,0,0,0,0,0,0,0,0,0,0,0,0,0,0,1,0,0,0,0,0,,1,0,0,0,0,0,0,0,0,0,0,0,0,0,0,0,,,,,,56-60,56-65,City street,U,Friday,Belt Used,PV,API,0,1,1,0,City Street,Municipal/City Police,Mill Creek Police Department,0,0,0,1,0,,,,,,0.0,0.0,0.0,,,,,,,,,,,98.0,98.0,98.0,28.0,,,,,20.0,,,,,,,,,1.0,0.0,,,,,,,98012
3795,2021,416,EB78749,197.0,10/15/2021,16:45,15,10,,61,Snohomish,1338,2,,1,2,2,1,0,2,2,,,,12,0,8,0.0,1,0,1,4,2,4,6,0,0,0,0,35TH AVE SE,,-122.1854028,47.873927778,0,2,66,62,4,35,4,0,0,1,5,12,1,1,3,5,1,1,1,53,0,55,33,2018,0,,63,12.0,,,,,1,1,40,2,0.0,,0,0,2,0,11,0,,,,,0.0,0.0,0.0,3.0,1,0,,,,96,,,,,,98,,,,,,98012.0,53,68.0,140.0,6.0,1.0,0.0,0.0,1.0,0.0,,0,,,,,,0,03/15/2018,03/15/2018,20,0,0,0,8.0,9,8,,,0,,,8,8,8.0,95.0,,,96.0,,,8,95,995.0,,,,,,,,,,,,,,,,,,,,,,,,,,,,,,0,0,0,0,0,0,0,0,0,0,0,0,0,0,0,0,0,0,0,0,0,0,0,0,0,0,0,0,0,1,0,0,0,0,0,,0,0,0,0,0,0,0,0,0,0,0,0,0,0,0,0,,,,,,36-40,36-45,City street,U,Friday,Belt Used,PV,Not Fatal,0,1,1,0,City Street,Municipal/City Police,Mill Creek Police Department,0,0,0,1,0,,,,,,0.0,0.0,0.0,,,,,,,,,,,98.0,98.0,98.0,0.0,,,,,20.0,,,,,,,,,1.0,0.0,,,,,,,98012
3796,2021,417,EB17886,278.0,03/30/2021,8:25,30,3,,63,Spokane,2110,1,,1,1,2,1,1,1,1,,,,8,0,0,0.0,3,0,2,5,2,4,6,0,0,20,3,S REGAL ST,E 53rd Ave,-117.3683778,47.605869444,0,1,13,80,5,98,4,0,0,1,5,8,1,1,2,1,10,1,1,53,0,12,23,2013,0,,8,,,,,,1,1,53,1,0.0,,0,0,3,0,11,0,,,,,0.0,0.0,0.0,3.0,1,38,,,,96,,,,,,98,,,,,,99223.0,53,70.0,190.0,6.0,1.0,0.0,0.0,0.0,0.0,,97,,,,,,0,,,20,0,0,0,8.0,9,8,,,0,,,8,8,9.0,999.0,,,99.0,,,9,99,999.0,,,,,,,,,,,,,,,,,,,,,,,,,,,,,,0,0,0,1,0,0,0,0,0,1,0,1,0,0,0,0,0,0,1,0,0,0,0,0,0,0,0,0,0,1,0,1,0,0,0,,0,0,0,0,0,0,0,0,0,0,1,0,0,0,0,0,,,,,,51-55,46-55,City street,U,Tuesday,Belt Used,PV,Not Fatal,1,0,0,0,City Street,Municipal/City Police,Spokane Police Department,0,0,0,1,0,,,,,,0.0,0.0,0.0,,,,,,,,,,,98.0,98.0,98.0,0.0,,,,,20.0,,,,,,,,,1.0,0.0,,,,,,,99223
3797,2021,418,EB78757,337.0,09/28/2021,20:46,28,9,,73,Whatcom,110,1,,3,1,2,1,0,2,1,,,,33,0,0,0.0,3,0,2,4,2,4,6,0,0,0,0,YEW ST,WOBURN ST,-122.4450306,48.756619444,0,1,1,13,2,98,4,0,0,1,2,42,3,8,2,1,11,2,2,53,0,7,24,2007,0,,63,33.0,42.0,,,,1,1,24,1,0.0,,1,0,1,0,11,5,,,,,0.0,0.0,0.0,2.0,1,48,,,,96,,,,,,9,,,,,,98225.0,53,65.0,150.0,1.0,1.0,1.0,3.0,0.0,3.0,,1,11.0,,,,,0,01/15/2017,10/15/2020,1,0,0,0,8.0,9,8,,,0,,,8,1,9.0,999.0,,,99.0,,,9,99,999.0,,,,,,,,,,,,,,,,,,,,,,,,,,,,,,0,0,1,1,1,0,0,0,0,0,0,0,0,1,0,0,0,0,0,0,0,0,0,1,1,0,0,0,0,1,0,0,0,0,0,,0,0,0,0,0,0,0,0,0,0,0,1,0,0,0,1,,,,,,21-25,16-25,City street,U,Tuesday,Belt Used,PV,Not Fatal,1,0,0,0,City Street,Municipal/City Police,Bellingham Police Department,0,0,0,1,0,,,,,,1.0,0.0,5.0,,,,,,,,,,,98.0,98.0,98.0,0.0,,,,,20.0,,,,,,,,,1.0,0.0,,,,,,,98229
3798,2021,419,EB79155,146.0,10/06/2021,15:08,6,10,,77,Yakima,0,1,,1,1,2,1,0,2,2,,,,12,0,1,5.7,1,0,1,6,1,2,4,0,0,0,0,CR-BETHANY RD,,-119.92665,46.350472222,0,1,24,60,4,50,66,0,0,1,2,12,1,1,2,1,1,1,3,53,0,82,881,1991,0,,63,69.0,12.0,1.0,,,1,1,64,1,0.0,,0,0,99,7,11,0,,,,,0.0,0.0,0.0,2.0,1,0,,,,96,,,,,,98,,,,,,98944.0,53,66.0,150.0,6.0,1.0,0.0,0.0,1.0,0.0,,0,,,,,,0,09/15/2018,09/15/2018,20,0,0,0,8.0,9,8,,,0,,,8,8,0.0,0.0,,,0.0,,,0,0,996.0,,,,,,,,,,,,,,,,,,,,,,,,,,,,,,0,0,0,0,0,0,0,0,0,0,0,0,0,0,0,0,0,0,1,0,0,0,0,0,0,1,1,1,0,0,1,0,0,0,0,,0,0,0,0,0,0,0,0,0,0,0,0,0,0,0,0,,,,,,61-65,56-65,County road,R,Wednesday,,MHTRUCK,Not Fatal,0,0,0,0,County Road,County Sheriff,Yakima County Sheriff's Office,0,0,1,0,0,,,,,,0.0,0.0,0.0,,,,,,,,,,,0.0,0.0,0.0,0.0,,,,,20.0,,,,,,,,,1.0,0.0,,,BETHANY RD.,5.74,,,98944
3799,2021,419,EB79155,146.0,10/06/2021,15:08,6,10,,77,Yakima,0,1,,1,1,2,1,0,2,2,,,,12,0,1,5.7,1,0,1,6,1,2,4,0,0,0,0,CR-BETHANY RD,,-119.92665,46.350472222,0,2,25,54,3,50,90,0,0,1,2,12,1,1,2,1,15,1,0,0,0,37,733,1993,0,,12,1.0,,,,,1,1,86,2,7.0,,4,0,20,7,11,5,10/06/2021,17:19,222053050492.0,50492.0,0.0,0.0,0.0,1.0,1,38,51.0,,,96,,,,,,98,,,,,,98944.0,53,63.0,175.0,6.0,1.0,0.0,0.0,0.0,0.0,,0,,,,,,0,,,20,2,9,0,0.0,9,8,,,0,,,8,8,0.0,0.0,,,0.0,,,0,0,996.0,,,,,,,,,,,,,,,,,,,,,,,,,,,,,,0,0,0,0,0,0,0,0,0,0,0,0,0,0,0,0,0,0,1,0,0,0,0,0,0,1,1,1,0,0,1,0,0,0,0,,0,0,0,0,0,0,0,0,0,0,1,0,0,0,0,0,,,,,,81+,76+,County road,R,Wednesday,,OTHVT,White,0,0,0,0,County Road,County Sheriff,Yakima County Sheriff's Office,0,0,1,0,0,,,,,,0.0,0.0,0.0,,,,,,,,,,,0.0,0.0,0.0,1.0,,,,,17.0,,,,,,,,,1.0,0.0,,,BETHANY RD.,5.74,,,98944
3800,2021,420,EB79189,29.0,10/09/2021,16:21,9,10,,41,Lewis,0,1,,1,1,2,1,0,1,1,,,,24,0,0,0.1,1,0,1,7,1,2,4,0,0,0,0,CR-SUMMERS RD,,-123.0485389,46.748027778,0,1,1,13,2,35,14,0,0,1,2,24,3,2,2,1,14,1,2,53,0,51,401,2010,0,,63,24.0,69.0,1.0,,,1,1,45,1,7.0,,4,7,20,7,11,0,10/09/2021,16:21,53057832.0,57832.0,0.0,0.0,0.0,2.0,1,0,,,,96,,,,,,98,,,,,,98596.0,53,74.0,210.0,1.0,1.0,0.0,0.0,0.0,0.0,,0,,,,,,4,07/15/2017,07/15/2017,9,1,2,0,0.0,9,8,,,0,,,8,8,2.0,605.0,417.0,,1.0,1.0,,2,1,0.096,,,,,,,,,,,,,,,,,,,,,,,,,,,,,,0,0,1,0,1,1,1,1,1,0,0,0,1,1,0,0,0,0,0,1,0,0,0,0,0,0,0,0,0,1,0,0,0,1,0,,1,0,0,0,0,1,1,1,0,1,0,1,0,0,0,1,,,,,,41-45,36-45,County road,R,Saturday,Not Used,PV,White,0,1,0,0,County Road,County Sheriff,Lewis County Sheriff's Office,1,0,1,0,0,thc,3.7,,,,0.0,0.0,1.0,,,,,,,,,,,98.0,98.0,98.0,1.0,,,,,20.0,,,,,,,,nms,1.0,0.0,,,SUMMERS RD,0.1,,,98544
3801,2021,421,EB79210,7.0,10/10/2021,6:36,10,10,,33,King,0,2,,3,2,1,1,1,1,1,,,,8,0,0,41.2,1,0,1,1,1,1,1,0,0,0,0,I-90,,-121.5784694,47.410397222,0,1,13,80,5,60,66,1,0,1,5,8,1,1,3,3,1,1,3,17,0,82,881,2017,0,,8,,,,,,1,1,22,1,0.0,,0,0,3,0,11,0,,,,,6.0,0.0,3.0,3.0,1,10,,,,0,,,,,,98,,,,,,60503.0,17,75.0,220.0,6.0,1.0,0.0,1.0,0.0,0.0,,0,,,,,,0,03/15/2020,03/15/2020,20,0,0,0,8.0,9,8,,,0,,,8,8,0.0,0.0,,,0.0,,,0,0,996.0,,,,,,,,,,,,,,,,,,,,,,,,,,,,,,0,0,0,0,0,0,0,0,0,1,0,1,0,0,0,0,0,0,0,0,0,0,0,1,1,0,0,0,0,0,1,1,0,0,0,,0,0,0,0,0,0,0,0,0,0,0,0,0,0,0,0,,,,,,21-25,16-25,Interstate,R,Sunday,,MHTRUCK,Not Fatal,0,0,0,0,State Route,State Patrol,Washington State Patrol,0,1,0,0,0,,,,,,0.0,0.0,0.0,,,,,,,,,,,98.0,98.0,98.0,0.0,,,,,20.0,,,,,,,,,1.0,0.0,,,,,,,
3802,2021,422,EB79303,7.0,10/11/2021,1:39,11,10,,33,King,1960,2,,3,2,1,1,0,2,2,,,,25,0,0,167.3,1,0,1,1,2,1,1,0,0,0,0,I-5,,-122.3249889,47.631925,0,1,98,98,7,60,4,0,0,1,2,12,1,1,5,3,1,1,2,53,0,48,38,2009,0,,12,,,,,,1,1,35,2,0.0,,2,0,20,7,11,0,,,,,0.0,0.0,0.0,3.0,1,0,,,,96,,,,,,98,,,,,,98133.0,53,76.0,180.0,6.0,1.0,0.0,2.0,0.0,0.0,,0,,,,,,0,04/15/2019,09/15/2021,8,0,0,0,8.0,9,8,,,0,,,8,8,2.0,1.0,,,1.0,,,2,1,0.018,,,,,,,,,,,,,,,,,,,,,,,,,,,,,,0,0,1,0,1,0,1,1,0,0,0,0,1,0,0,0,0,0,0,0,0,0,0,1,1,0,0,0,0,1,0,0,0,0,0,,0,0,0,0,1,0,0,0,0,0,0,0,1,0,0,1,,,,,,31-35,26-35,Interstate,U,Monday,Not Used,PV,Not Fatal,0,1,0,0,State Route,State Patrol,Washington State Patrol,1,1,0,0,0,,,,,,0.0,0.0,0.0,,,,,,,,,,,98.0,98.0,98.0,0.0,,,,,20.0,,,,,,,,,1.0,0.0,,,,,,,98102
3803,2021,422,EB79303,7.0,10/11/2021,1:39,11,10,,33,King,1960,2,,3,2,1,1,0,2,2,,,,25,0,0,167.3,1,0,1,1,2,1,1,0,0,0,0,I-5,,-122.3249889,47.631925,0,2,6,12,2,60,4,0,0,1,2,25,1,1,5,3,1,1,2,53,0,49,40,2005,0,,64,25.0,69.0,12.0,,,1,1,24,1,7.0,,4,7,3,0,11,0,10/11/2021,1:39,196053053542.0,53542.0,0.0,0.0,0.0,3.0,1,0,,,,96,,,,,,9,,,,,,98087.0,53,63.0,95.0,6.0,1.0,0.0,1.0,2.0,1.0,,0,,,,,,4,06/15/2021,04/15/2021,1,0,0,0,0.0,9,8,,,0,,,8,1,2.0,401.0,300.0,348.0,1.0,1.0,1.0,2,1,0.0,,,,,,,,,,,,,,,,,,,,,,,,,,,,,,0,0,1,0,1,0,1,1,0,0,0,0,1,0,0,0,0,0,0,0,0,0,0,1,1,0,0,0,0,1,0,0,0,0,0,,1,0,0,0,0,0,1,1,0,1,0,0,0,0,1,1,,,,,,21-25,16-25,Interstate,U,Monday,Belt Used,PV,White,0,1,0,0,State Route,State Patrol,Washington State Patrol,1,1,0,0,0,,,,,,0.0,0.0,0.0,1.0,,,,,151.0,,,,,98.0,98.0,98.0,1.0,,,,,20.0,,,,,,,,,1.0,0.0,,,,,,,98102
3804,2021,423,EB79313,33.0,09/19/2021,20:11,19,9,,49,Pacific,0,10,,5,2,2,1,0,1,1,,,,42,0,0,,1,0,1,6,1,2,4,0,0,0,0,CR-OLDANI RD,,-123.6880806,46.668505556,0,1,6,12,2,35,34,0,0,1,2,42,8,8,2,1,1,1,1,53,0,7,482,2009,0,,68,64.0,42.0,2.0,,,1,1,37,1,7.0,,4,7,99,7,11,0,09/19/2021,20:11,53046521.0,46521.0,6.0,0.0,3.0,3.0,1,0,,,,92,,,,,,98,,,,,,98577.0,53,70.0,250.0,6.0,1.0,0.0,0.0,0.0,0.0,,0,,,,,,3,,,99,2,9,0,0.0,9,8,,,0,,,8,8,2.0,1.0,,,1.0,,,2,1,0.167,,,,,,,,,,,,,,,,,,,,,,,,,,,,,,0,0,1,0,1,1,0,1,0,0,0,0,1,0,0,0,1,0,0,0,0,0,0,0,0,0,0,0,0,1,0,0,0,0,0,,1,0,0,0,0,1,0,1,1,1,0,0,0,1,0,1,,,,,,36-40,36-45,County road,R,Sunday,Unknown,PV,White,0,1,0,0,County Road,County Sheriff,Pacific County Sheriff's Office,1,0,1,0,0,,,,,,0.0,0.0,0.0,,,,,,,,,,,98.0,98.0,98.0,1.0,,,,,20.0,,,,,,,,,1.0,0.0,,,OLDANI RD,0.28,,,98577
3805,2021,424,EB79411,1.0,10/15/2021,7:06,15,10,,77,Yakima,0,1,,2,1,2,1,0,1,1,,,,1,0,0,18.5,1,0,1,5,1,1,3,0,0,0,0,SR-241,,-119.9383,46.457591667,0,1,2,13,2,55,34,0,0,1,2,1,3,2,2,1,14,1,3,53,0,20,481,1995,0,,63,1.0,38.0,,,,1,1,53,1,7.0,,4,7,20,7,11,0,10/15/2021,7:06,53053542.0,53542.0,0.0,0.0,3.0,3.0,1,0,,,,96,,,,,,98,,,,,,99301.0,53,70.0,230.0,6.0,1.0,0.0,1.0,0.0,2.0,,0,,,,,,4,04/15/2017,07/15/2020,20,1,9,0,0.0,9,8,,,0,,,8,8,2.0,1.0,,,1.0,,,2,1,0.219,,,,,,,,,,,,,,,,,,,,,,,,,,,,,,0,0,0,0,1,1,0,1,0,0,0,0,1,0,0,0,0,0,0,1,0,0,0,0,0,0,0,0,0,1,0,0,0,1,0,,1,0,0,0,0,1,0,1,0,1,0,0,0,1,0,1,,,,,,51-55,46-55,State route,R,Friday,Not Used,PV,White,0,1,0,0,State Route,State Patrol,Washington State Patrol,1,1,0,0,0,,,,,,0.0,0.0,1.0,,,,,,,,,,,0.0,0.0,0.0,1.0,,,,,20.0,,,,,,,,,1.0,0.0,,,,,,,
3806,2021,425,EB79550,1.0,10/15/2021,5:50,15,10,,77,Yakima,0,1,,2,1,2,1,0,4,3,,,,12,0,6,196.4,2,0,2,2,2,1,2,0,0,20,3,US-12,MCCORMICK RD,-120.6138833,46.654608333,0,1,82,15,2,60,34,0,0,1,2,12,1,1,2,1,11,1,1,53,0,7,482,2003,0,,12,,,,,,1,1,59,1,0.0,,1,0,3,0,11,0,,,,,6.0,0.0,0.0,3.0,1,38,,,,96,,,,,,98,,,,,,98937.0,53,70.0,190.0,6.0,1.0,0.0,0.0,0.0,0.0,,2,,,,,,0,,,20,0,0,0,8.0,9,8,,,0,,,8,8,0.0,0.0,,,0.0,,,0,0,996.0,,,,,,,,,,,,,,,,,,,,,,,,,,,,,,0,0,0,1,0,0,0,0,0,0,0,0,0,0,0,0,0,0,1,0,0,0,0,1,1,0,0,0,0,1,0,0,0,0,0,,0,0,0,0,0,0,0,0,0,0,1,0,0,0,0,0,,,,,,56-60,56-65,US highway,U,Friday,Belt Used,PV,Not Fatal,1,0,0,0,State Route,State Patrol,Washington State Patrol,0,1,0,0,0,,,,,,0.0,0.0,0.0,,,,,,,,,,,98.0,98.0,98.0,0.0,,,,,20.0,,,,,,,,,1.0,14.0,,,,,,,
3807,2021,425,EB79550,1.0,10/15/2021,5:50,15,10,,77,Yakima,0,1,,2,1,2,1,0,4,3,,,,12,0,6,196.4,2,0,2,2,2,1,2,0,0,0,0,US-12,MCCORMICK RD,-120.6138833,46.654608333,0,2,83,66,4,60,4,0,0,1,2,12,1,1,3,3,1,2,1,53,0,49,40,2010,0,,12,64.0,1.0,59.0,57.0,54.0,1,1,22,1,0.0,,2,0,3,0,11,5,,,,,0.0,0.0,0.0,3.0,1,0,,,,96,,,,,,98,,,,,,98903.0,53,64.0,164.0,6.0,1.0,0.0,0.0,0.0,0.0,,0,,,,,,0,,,8,0,0,0,8.0,9,8,,,0,,,8,8,0.0,0.0,,,0.0,,,0,0,996.0,,,,,,,,,,,,,,,,,,,,,,,,,,,,,,0,0,0,1,0,0,0,0,0,0,0,0,0,0,0,0,0,0,1,0,0,0,0,1,1,0,0,0,0,1,0,0,0,0,0,,0,0,0,0,0,0,0,0,0,0,0,0,0,0,0,0,,,,,,21-25,16-25,US highway,U,Friday,Belt Used,PV,Not Fatal,1,0,0,0,State Route,State Patrol,Washington State Patrol,0,1,0,0,0,,,,,,0.0,0.0,0.0,,,,,,,,,,,98.0,98.0,98.0,0.0,,,,,20.0,,,,,,,,,1.0,14.0,,,,,,,
3808,2021,425,EB79550,1.0,10/15/2021,5:50,15,10,,77,Yakima,0,1,,2,1,2,1,0,4,3,,,,12,0,6,196.4,2,0,2,2,2,1,2,0,0,0,0,US-12,MCCORMICK RD,-120.6138833,46.654608333,0,3,98,98,7,60,6,0,0,1,2,54,1,1,2,3,1,1,2,53,0,12,24,2011,0,,54,,,,,,1,1,42,2,0.0,,1,0,3,0,11,0,,,,,0.0,0.0,0.0,3.0,1,0,,,,96,,,,,,98,,,,,,98947.0,53,63.0,275.0,6.0,1.0,0.0,0.0,0.0,1.0,,0,,,,,,0,02/15/2017,02/15/2017,1,0,0,0,8.0,9,8,,,0,,,8,8,0.0,0.0,,,0.0,,,0,0,996.0,,,,,,,,,,,,,,,,,,,,,,,,,,,,,,0,0,0,1,0,0,0,0,0,0,0,0,0,0,0,0,0,0,1,0,0,0,0,1,1,0,0,0,0,1,0,0,0,0,0,,0,0,0,0,0,0,0,0,0,0,0,0,0,0,0,0,,,,,,41-45,36-45,US highway,U,Friday,Belt Used,PV,Not Fatal,1,0,0,0,State Route,State Patrol,Washington State Patrol,0,1,0,0,0,,,,,,0.0,0.0,0.0,,,,,,,,,,,98.0,98.0,98.0,0.0,,,,,20.0,,,,,,,,,1.0,14.0,,,,,,,
3809,2021,426,EB79863,40.0,10/19/2021,16:59,19,10,,63,Spokane,0,1,,1,1,2,1,0,1,1,,,,30,0,0,,3,0,2,4,2,2,4,0,0,0,0,CR-E UPRIVER DR,N MARGUERITE RD,-117.2854917,47.69685,0,1,1,9,1,30,80,0,0,1,5,30,3,2,2,1,14,1,2,53,0,73,705,2021,0,,63,30.0,,,,,1,1,43,1,7.0,,4,7,20,7,11,0,10/19/2021,16:59,53053008.0,53008.0,6.0,0.0,0.0,3.0,1,0,,,,96,,,,,,98,,,,,,99223.0,53,69.0,175.0,6.0,1.0,0.0,0.0,0.0,1.0,,0,,,,,,4,04/15/2018,04/15/2018,20,8,0,0,0.0,9,8,,,0,,,8,8,0.0,0.0,,,0.0,,,0,0,996.0,,,,,,,,,,,,,,,,,,,,,,,,,,,,,,0,0,1,1,0,0,0,0,0,0,0,0,1,0,0,0,0,0,0,0,0,0,0,0,0,0,0,0,1,0,0,0,0,0,1,0.0,0,0,0,0,0,0,0,0,0,1,0,0,0,0,0,0,,,,,,41-45,36-45,County road,U,Tuesday,,MC,Black,0,1,0,0,County Road,County Sheriff,Spokane County Sheriff's Office,1,0,1,0,0,,,,,,0.0,0.0,0.0,,,,,,,,,,,98.0,98.0,98.0,2.0,,,,,5.0,,,,,,,,,1.0,0.0,,,UPRIVER DR,1.47,MARGUERITE RD,0.33,99212