,year,case,par,repjur,crash_dt,crash_tm,accday,accmon,holiday,county,co_char,city,weather,weather2,lightcond,surfcond,surftype,numfatal,nmforms,pforms,vforms,not_tm,arr_tm,hosp_tm,fhevent,hitrun,manncol,milepnt,reljunc,reljuncinter,intersectiontype,funcsystem,landuse,ownership,route,schlbus,spejur,contdev,devfunc,trafid1,trafid2,x,y,wk_zone,vnumber,crashtype,criticalevent,criticaleventcat,spdlim,body,trailer,emerg,hazcargo,leave,mhevent,roadalgn,roadprof,traflane,trafflow,vehmanvr,numoccs,regowner,regstate,spuse,make,model,modelyr,vrf1,vrf2,seqevent1,seqevent2,seqevent3,seqevent4,seqevent5,seqevent6,pnumber,ptype,age,sex,hispanic,race,injury,diedscene,restraint,restraintmisuse,seatpos,takehosp,death_dt,death_tm,cert,cernum_wa,commlic,licendor,licrestrict,liccomp,drivpres,drf1,drf2,drf3,drf4,distract1,distract2,distract3,distract4,distract5,distract6,dricond1,dricond2,dricond3,dricond4,dricond5,dricond6,dzip,licstate,drhgt_in,weight,noncdl,noncdltype,prevdwi,prevoth,prevacc,prevspd,prevsus,driviol1,driviol2,driviol3,driviol4,driviol5,driviol6,spdrel,first_dt,last_dt,airbag,ejection,ejectpath,extricat,injurwrk,methalc,methdrug,nmlocat,strikveh,prf1,prf2,prf3,druginv,alcinvol,drugsts,drugres1,drugres2,drugres3,drugtst1,drugtst2,drugtst3,alcsts,alctst,alcres,nmact1,nmact2,nmact3,nmact4,nmact5,nmact6,nmprior1,nmprior2,nmprior3,nmprior4,nmprior5,nmprior6,nmcond1,nmcond2,nmcond3,nmcond4,nmcond5,nmcond6,nmsafe_helmet,nmsafe_pads,nmsafe_oth,nmprev_ref,nmprev_lgt,nmprev_oth,crashlocation,nmcrashtype,crosswalk,schoolzone,sidewalk,train_inv,wildlife_inv,rotr_fars,intersect_fars,dd_inv,aid_inv,dpd_inv,id_inv,mj_inv,impnm_inv,ainm_inv,dpnm_inv,speed_inv,unlic_inv,unendmc_inv,drowsy_inv,drdist_inv,nmdist_inv,fty_inv,unrestfat_inv,dr1617_inv,dr1820_inv,dr1620_inv,dr2125_inv,dr1625_inv,dr65_inv,dr70_inv,dr75_inv,mc_inv,pv_inv,ht_inv,ped_inv,bike_inv,unrest_fat,mc_fat,unhelmet_mc,pv_fat,ht_fat,ped_fat,bike_fat,dr_alc7,dr_alc8,dr_drug,dr_imp,dr_dist,dr_spd,dr_fty,dr_unlic,dr_alc7only,dr_alc8only,dr_drugonly,dr_drink,nm_imp,nm_alc7,nm_alc8,nm_drug,nm_dist,agegrp1,agegrp2,roadclass,urbrur,dayweek,restuse,vehtype,race_me,intersect,lanedep,oppdir,wrongway,rep_typ,investag,repag_long,rotr,st_rd,cty_rd,city_rd,oth_rd,drug_thc,thc_res,drug_cthc,cthc_res,drug_cann,prevpersemin,prevperse,prevsusoth,drugtst4,drugtst5,drugtst6,drugtst7,drugtst8,drugres4,drugres5,drugres6,drugres7,drugres8,adspresent,adsengaged,adslevel,race1,race2,race3,race4,race5,helmet,helmetmisuse,nmdistract1,nmdistract2,nmdistract3,nmdistract4,nmdistract5,nmdistract6,lab,isedtcase,crf1,crf2,crf3,CoRoadName,CoMP,IntCoRoadName,IntCoMP,zipcode
3829,2021,438,EB83265,6.0,10/18/2021,18:17,18,10,,25,Grant,0,1,,5,1,2,1,0,3,3,,,,12,0,6,2.7,2,0,2,2,2,1,3,0,0,0,0,SR-282,AIRPORT RD SE,-119.5110694,47.289508333,0,2,87,66,4,60,4,0,0,1,2,12,1,1,4,1,1,1,9,99,0,20,2,1966,0,,12,68.0,12.0,,,,1,1,22,1,7.0,,4,0,99,7,11,5,10/18/2021,19:55,68053053315.0,53315.0,0.0,0.0,0.0,3.0,1,0,,,,96,,,,,,98,,,,,,98848.0,53,71.0,165.0,6.0,1.0,0.0,3.0,1.0,2.0,,0,,,,,,0,08/15/2017,03/15/2019,20,0,0,0,0.0,9,8,,,0,,,8,8,2.0,695.0,605.0,,1.0,1.0,,2,1,0.0,,,,,,,,,,,,,,,,,,,,,,,,,,,,,,0,0,0,1,0,0,1,1,1,0,0,0,0,0,0,0,0,0,1,0,0,1,1,1,1,1,1,1,0,1,0,0,0,0,0,,1,0,0,0,0,0,1,1,0,0,0,0,0,0,1,0,,,,,,21-25,16-25,State route,U,Monday,Unknown,PV,White,1,0,0,0,State Route,State Patrol,Washington State Patrol,0,1,0,0,0,thc,21.0,carboxy-thc,17.0,,0.0,0.0,0.0,,,,,,,,,,,0.0,0.0,0.0,1.0,,,,,20.0,,,,,,,,nms,1.0,0.0,,,,,,,98823
3830,2021,438,EB83265,6.0,10/18/2021,18:17,18,10,,25,Grant,0,1,,5,1,2,1,0,3,3,,,,12,0,6,2.7,2,0,2,2,2,1,3,0,0,0,0,SR-282,AIRPORT RD SE,-119.5110694,47.289508333,0,3,98,62,4,60,4,0,0,1,2,12,1,1,4,1,1,1,1,53,0,30,40,2021,0,,12,,,,,,1,1,19,1,0.0,,3,0,3,0,11,5,,,,,0.0,0.0,0.0,3.0,1,0,,,,96,,,,,,98,,,,,,98851.0,53,76.0,140.0,6.0,1.0,0.0,0.0,0.0,1.0,,0,,,,,,0,04/15/2021,04/15/2021,8,0,0,0,8.0,9,8,,,0,,,8,8,0.0,0.0,,,0.0,,,0,0,996.0,,,,,,,,,,,,,,,,,,,,,,,,,,,,,,0,0,0,1,0,0,1,1,1,0,0,0,0,0,0,0,0,0,1,0,0,1,1,1,1,1,1,1,0,1,0,0,0,0,0,,0,0,0,0,0,0,0,0,0,0,0,0,0,0,0,0,,,,,,18-20,16-25,State route,U,Monday,Belt Used,PV,Not Fatal,1,0,0,0,State Route,State Patrol,Washington State Patrol,0,1,0,0,0,,,,,,0.0,0.0,0.0,,,,,,,,,,,98.0,98.0,98.0,0.0,,,,,20.0,,,,,,,,,1.0,0.0,,,,,,,98823
3831,2021,439,EB83918,42.0,10/22/2021,18:55,22,10,,67,Thurston,0,10,,2,2,2,1,0,2,2,,,,12,0,6,9.0,2,0,3,5,1,2,4,0,0,20,3,CR-110TH AVE SW,DELPHI RD SW,-123.0130611,46.928566667,0,1,82,15,2,50,34,0,0,1,5,12,1,1,2,1,11,1,2,53,0,12,481,2004,0,,12,,,,,,1,1,16,1,0.0,,0,0,3,0,11,0,,,,,0.0,0.0,1.0,3.0,1,38,,,,96,,,,,,98,,,,,,98501.0,53,72.0,155.0,6.0,2.0,0.0,0.0,0.0,0.0,,97,,,,,,0,,,20,0,0,0,8.0,9,8,,,0,,,8,8,0.0,0.0,,,0.0,,,0,0,996.0,,,,,,,,,,,,,,,,,,,,,,,,,,,,,,0,0,0,1,0,0,1,1,1,0,0,0,0,0,1,0,1,0,1,0,1,0,1,0,1,0,0,0,1,1,0,0,0,0,0,,0,0,0,0,0,0,0,0,0,0,1,0,0,0,0,0,,,,,,16-17,16-25,County road,R,Friday,Belt Used,PV,Not Fatal,1,0,0,0,County Road,County Sheriff,Thurston County Sheriff's Office,0,0,1,0,0,,,,,,0.0,0.0,0.0,,,,,,,,,,,98.0,98.0,98.0,0.0,,,,,20.0,,,,,,,,,1.0,0.0,,,110TH AVE SW,9.0,DELPHI RD SW,0.0,98512
3832,2021,439,EB83918,42.0,10/22/2021,18:55,22,10,,67,Thurston,0,10,,2,2,2,1,0,2,2,,,,12,0,6,9.0,2,0,3,5,1,2,4,0,0,0,0,CR-110TH AVE SW,DELPHI RD SW,-123.0130611,46.928566667,0,2,83,67,4,50,80,0,0,1,5,12,1,1,2,1,1,1,1,53,0,37,706,1994,0,,12,,,,,,1,1,62,1,7.0,,4,0,20,7,11,0,10/22/2021,23:32,223053057395.0,57395.0,0.0,0.0,0.0,2.0,1,0,,,,92,,,,,,98,,,,,,98503.0,53,67.0,125.0,6.0,1.0,0.0,0.0,1.0,0.0,,0,,,,,,0,04/15/2019,04/15/2019,20,8,0,0,0.0,9,8,,,0,,,8,8,2.0,348.0,695.0,605.0,1.0,1.0,1.0,2,1,0.0,,,,,,,,,,,,,,,,,,,,,,,,,,,,,,0,0,0,1,0,0,1,1,1,0,0,0,0,0,1,0,1,0,1,0,1,0,1,0,1,0,0,0,1,1,0,0,0,0,1,1.0,0,0,0,0,0,0,1,1,1,0,0,0,0,0,1,0,,,,,,61-65,56-65,County road,R,Friday,,MC,White,1,0,0,0,County Road,County Sheriff,Thurston County Sheriff's Office,0,0,1,0,0,thc,14.0,carboxy-thc,19.0,,0.0,0.0,0.0,1.0,1.0,,,,401.0,417.0,,,,0.0,0.0,0.0,1.0,,,,,16.0,,,,,,,,nms,1.0,0.0,,,110TH AVE SW,9.0,DELPHI RD SW,0.0,98512
3833,2021,440,EB84228,4.0,10/28/2021,14:25,28,10,,75,Whitman,0,10,,1,1,2,1,0,4,4,,,,12,0,8,2.8,1,0,1,2,2,1,2,0,0,0,0,US-195,,-117.0782083,46.500613889,0,1,64,10,2,60,66,1,0,2,2,12,2,1,2,1,14,1,3,16,0,85,881,2021,0,,68,12.0,12.0,64.0,59.0,38.0,1,1,61,1,0.0,,1,0,3,0,11,0,,,,,1.0,2.0,0.0,2.0,1,28,,,,92,,,,,,98,,,,,,98837.0,53,72.0,220.0,1.0,1.0,0.0,1.0,0.0,1.0,,2,,,,,,0,04/15/2018,02/15/2019,20,0,0,0,8.0,1,2,,,0,,,8,0,2.0,1.0,,,1.0,,,2,1,0.0,,,,,,,,,,,,,,,,,,,,,,,,,,,,,,0,0,0,0,0,0,0,0,0,0,0,0,0,1,0,0,1,0,0,0,0,0,0,0,0,0,0,0,0,1,1,0,0,0,0,,0,0,0,0,0,0,0,0,1,0,0,1,0,0,0,0,,,,,,61-65,56-65,US highway,U,Thursday,,MHTRUCK,Not Fatal,0,1,1,0,State Route,State Patrol,Washington State Patrol,0,1,0,0,0,,,,,,0.0,0.0,0.0,,,,,,,,,,,98.0,98.0,98.0,0.0,,,,,20.0,,,,,,,,,1.0,0.0,,,,,,,99179
3834,2021,440,EB84228,4.0,10/28/2021,14:25,28,10,,75,Whitman,0,10,,1,1,2,1,0,4,4,,,,12,0,8,2.8,1,0,1,2,2,1,2,0,0,0,0,US-195,,-117.0782083,46.500613889,0,2,65,62,4,60,34,0,0,1,2,12,3,1,2,1,14,1,0,53,0,37,471,2006,0,,12,12.0,,,,,1,1,49,1,0.0,,2,0,3,0,11,0,,,,,0.0,0.0,0.0,3.0,1,0,,,,96,,,,,,98,,,,,,99403.0,53,72.0,275.0,6.0,1.0,0.0,0.0,0.0,0.0,,0,,,,,,0,,,8,0,0,0,8.0,9,8,,,0,,,8,8,0.0,0.0,,,0.0,,,0,0,996.0,,,,,,,,,,,,,,,,,,,,,,,,,,,,,,0,0,0,0,0,0,0,0,0,0,0,0,0,1,0,0,1,0,0,0,0,0,0,0,0,0,0,0,0,1,1,0,0,0,0,,0,0,0,0,0,0,0,0,0,0,0,0,0,0,0,0,,,,,,46-50,46-55,US highway,U,Thursday,Belt Used,PV,Not Fatal,0,1,1,0,State Route,State Patrol,Washington State Patrol,0,1,0,0,0,,,,,,0.0,0.0,0.0,,,,,,,,,,,98.0,98.0,98.0,0.0,,,,,20.0,,,,,,,,,1.0,0.0,,,,,,,99179
3835,2021,440,EB84228,4.0,10/28/2021,14:25,28,10,,75,Whitman,0,10,,1,1,2,1,0,4,4,,,,12,0,8,2.8,1,0,1,2,2,1,2,0,0,0,0,US-195,,-117.0782083,46.500613889,0,3,98,62,4,60,34,0,0,1,2,12,2,1,2,1,14,1,3,53,0,7,482,2018,0,,12,,,,,,1,1,27,1,0.0,,0,0,3,0,11,0,,,,,0.0,0.0,3.0,3.0,1,0,,,,96,,,,,,98,,,,,,99206.0,53,70.0,185.0,6.0,1.0,0.0,0.0,0.0,0.0,,0,,,,,,0,,,8,0,0,0,8.0,9,8,,,0,,,8,8,0.0,0.0,,,0.0,,,0,0,996.0,,,,,,,,,,,,,,,,,,,,,,,,,,,,,,0,0,0,0,0,0,0,0,0,0,0,0,0,1,0,0,1,0,0,0,0,0,0,0,0,0,0,0,0,1,1,0,0,0,0,,0,0,0,0,0,0,0,0,0,0,0,0,0,0,0,0,,,,,,26-30,26-35,US highway,U,Thursday,Belt Used,PV,Not Fatal,0,1,1,0,State Route,State Patrol,Washington State Patrol,0,1,0,0,0,,,,,,0.0,0.0,0.0,,,,,,,,,,,98.0,98.0,98.0,0.0,,,,,20.0,,,,,,,,,1.0,0.0,,,,,,,99179
3836,2021,440,EB84228,4.0,10/28/2021,14:25,28,10,,75,Whitman,0,10,,1,1,2,1,0,4,4,,,,12,0,8,2.8,1,0,1,2,2,1,2,0,0,0,0,US-195,,-117.0782083,46.500613889,0,4,98,62,4,60,67,1,0,1,2,12,3,1,2,1,14,1,1,53,0,12,880,2018,0,,12,,,,,,1,1,58,1,7.0,,4,7,3,0,11,0,10/28/2021,14:25,53054970.0,54970.0,6.0,0.0,0.0,3.0,1,0,,,,96,,,,,,98,,,,,,99403.0,53,70.0,190.0,6.0,1.0,1.0,0.0,0.0,0.0,,0,,,,,,0,08/15/2019,08/15/2019,8,1,9,0,0.0,9,8,,,0,,,8,8,2.0,1.0,,,1.0,,,2,1,0.0,,,,,,,,,,,,,,,,,,,,,,,,,,,,,,0,0,0,0,0,0,0,0,0,0,0,0,0,1,0,0,1,0,0,0,0,0,0,0,0,0,0,0,0,1,1,0,0,0,0,,0,1,0,0,0,0,0,0,0,0,0,0,0,0,0,0,,,,,,56-60,56-65,US highway,U,Thursday,,MHTRUCK,White,0,1,1,0,State Route,State Patrol,Washington State Patrol,0,1,0,0,0,,,,,,0.0,1.0,0.0,,,,,,,,,,,98.0,98.0,98.0,1.0,,,,,20.0,,,,,,,,,1.0,0.0,,,,,,,99179
3837,2021,441,EB84527,290.0,11/01/2021,22:19,1,11,,53,Pierce,2230,2,,3,2,2,1,0,2,2,,,,12,1,6,,8,0,1,3,2,4,6,0,3,0,0,E PORTLAND AVE,,-122.4076833,47.216125,0,1,83,72,4,35,34,0,0,1,2,12,1,2,4,1,1,99,9,53,0,2,482,1992,0,,12,,,,,,1,1,999,1,0.0,,9,0,99,7,11,0,,,,,99.0,9.0,9.0,9.0,1,0,,,,96,,,,,,0,,,,,,99999.0,99,,999.0,9.0,9.0,99.0,99.0,99.0,99.0,,0,,,,,,0,,,20,0,0,0,8.0,9,8,,,0,,,8,8,0.0,0.0,,,0.0,,,0,0,996.0,,,,,,,,,,,,,,,,,,,,,,,,,,,,,,0,0,0,0,1,1,0,1,0,0,0,0,0,1,0,0,0,0,0,0,0,0,0,1,1,0,0,0,0,1,0,0,0,0,0,,0,0,0,0,0,0,0,0,0,0,0,0,0,0,0,0,,,,,,,,City street,U,Monday,Unknown,PV,Not Fatal,0,0,0,0,City Street,Municipal/City Police,Tacoma Police Department,0,0,0,1,0,,,,,,99.0,99.0,99.0,,,,,,,,,,,0.0,0.0,0.0,0.0,,,,,20.0,,,,,,,,,1.0,0.0,,,,,,,98443
3838,2021,441,EB84527,290.0,11/01/2021,22:19,1,11,,53,Pierce,2230,2,,3,0,0,1,0,2,2,,,,12,0,6,,8,0,1,3,2,4,6,0,3,0,0,E PORTLAND AVE,,-122.4076833,47.216125,0,2,82,66,4,0,4,0,0,1,2,12,0,0,0,0,11,1,1,53,0,32,43,2014,0,,12,,,,,,1,1,24,1,1.0,,4,7,3,0,11,0,11/01/2021,22:19,223053056490.0,56490.0,0.0,0.0,0.0,0.0,1,0,,,,96,,,,,,0,,,,,,98418.0,53,64.0,200.0,0.0,0.0,0.0,0.0,0.0,0.0,,0,,,,,,0,,,8,0,0,0,0.0,9,8,,,0,,,8,8,2.0,1.0,,,1.0,,,2,1,0.222,,,,,,,,,,,,,,,,,,,,,,,,,,,,,,0,0,0,0,1,1,0,1,0,0,0,0,0,1,0,0,0,0,0,0,0,0,0,1,1,0,0,0,0,1,0,0,0,0,0,,1,0,0,0,0,1,0,1,0,0,0,1,0,1,0,1,,,,,,21-25,16-25,City street,U,Monday,Belt Used,PV,Hispanic,0,0,0,0,City Street,Municipal/City Police,Tacoma Police Department,0,0,0,1,0,,,,,,0.0,0.0,0.0,,,,,,,,,,,98.0,98.0,98.0,298.0,,,,,20.0,,,,,,,,,1.0,0.0,,,,,,,98443
3839,2021,442,EB31997,278.0,05/12/2021,16:24,12,5,,63,Spokane,2110,1,,1,1,2,1,1,1,1,,,,8,0,0,0.0,3,0,2,3,2,4,6,0,0,3,3,N STEVENS ST,W Riverside Ave,-117.41945,47.657947222,0,1,13,80,5,30,34,0,0,1,5,8,1,1,4,4,11,1,1,53,0,7,482,2002,0,,8,,,,,,1,1,40,1,0.0,,0,0,99,7,11,0,,,,,0.0,0.0,0.0,3.0,1,0,,,,92,,,,,,98,,,,,,99205.0,53,74.0,180.0,6.0,1.0,0.0,0.0,0.0,0.0,,97,,,,,,0,06/15/2016,06/15/2016,20,0,0,0,8.0,9,8,,,0,,,8,8,8.0,95.0,,,96.0,,,8,95,995.0,,,,,,,,,,,,,,,,,,,,,,,,,,,,,,0,0,0,1,0,0,0,0,0,0,0,0,0,0,0,0,1,0,0,0,0,0,0,0,0,0,0,0,0,1,0,1,0,0,0,,0,0,0,0,0,0,0,0,1,0,0,0,0,0,0,0,,,,,,36-40,36-45,City street,U,Wednesday,Unknown,PV,Not Fatal,1,0,0,0,City Street,Municipal/City Police,Spokane Police Department,0,0,0,1,0,,,,,,0.0,0.0,1.0,,,,,,,,,,,98.0,98.0,98.0,0.0,,,,,20.0,,,,,,,,,1.0,0.0,,,,,,,99201
3840,2021,443,EB75870,2.0,10/07/2021,10:44,7,10,,57,Skagit,0,1,,1,1,2,1,0,2,2,,,,12,0,6,54.7,2,0,3,3,1,1,3,0,0,0,0,SR-20,SR-536,-122.4312556,48.446286111,0,1,78,16,2,55,80,0,0,1,2,12,2,1,2,1,10,1,1,53,0,73,706,2021,0,,12,,,,,,1,1,27,1,7.0,,4,0,20,7,11,5,11/03/2021,16:06,196053056848.0,56848.0,0.0,0.0,0.0,3.0,1,38,,,,96,,,,,,98,,,,,,98273.0,53,75.0,300.0,6.0,1.0,0.0,1.0,0.0,1.0,,0,,,,,,0,05/15/2018,05/15/2018,20,8,0,0,0.0,9,8,,,0,,,8,8,0.0,0.0,,,0.0,,,0,0,996.0,,,,,,,,,,,,,,,,,,,,,,,,,,,,,,0,0,0,1,1,0,0,0,0,0,0,0,0,1,0,0,0,0,1,0,0,0,0,0,0,1,0,0,1,1,0,0,0,0,1,0.0,0,0,0,0,0,0,0,0,0,0,1,0,0,0,0,0,,,,,,26-30,26-35,State route,R,Thursday,,MC,White,0,0,0,0,State Route,State Patrol,Washington State Patrol,0,1,0,0,0,,,,,,0.0,0.0,0.0,,,,,,,,,,,98.0,98.0,98.0,1.0,,,,,5.0,,,,,,,,,1.0,0.0,,,,,,,
3841,2021,443,EB75870,2.0,10/07/2021,10:44,7,10,,57,Skagit,0,1,,1,1,2,1,0,2,2,,,,12,0,6,54.7,2,0,3,3,1,1,3,0,0,0,0,SR-20,SR-536,-122.4312556,48.446286111,0,2,79,67,4,55,34,0,0,1,2,12,2,1,2,3,15,1,2,53,0,49,472,2006,0,,12,,,,,,1,1,67,1,0.0,,0,0,3,0,11,0,,,,,0.0,0.0,3.0,2.0,1,38,,,,96,,,,,,9,,,,,,98284.0,53,71.0,170.0,3.0,1.0,0.0,0.0,0.0,1.0,,12,,,,,,0,04/15/2019,04/15/2019,20,0,0,0,8.0,9,8,,,0,,,8,1,8.0,95.0,,,96.0,,,2,1,997.0,,,,,,,,,,,,,,,,,,,,,,,,,,,,,,0,0,0,1,1,0,0,0,0,0,0,0,0,1,0,0,0,0,1,0,0,0,0,0,0,1,0,0,1,1,0,0,0,0,0,,0,0,0,0,0,0,0,0,0,0,1,1,0,0,0,1,,,,,,66-70,66-75,State route,R,Thursday,Belt Used,PV,Not Fatal,0,0,0,0,State Route,State Patrol,Washington State Patrol,0,1,0,0,0,,,,,,0.0,0.0,0.0,,,,,,,,,,,98.0,98.0,98.0,0.0,,,,,20.0,,,,,,,,,1.0,0.0,,,,,,,
3842,2021,444,EB78476,3.0,10/11/2021,5:41,11,10,,53,Pierce,0,10,,3,2,2,1,0,2,2,,,,12,0,2,51.9,3,0,3,3,2,1,3,0,0,0,0,SR-7,118TH ST S,-122.434325,47.149677778,0,1,50,10,2,35,4,0,0,1,2,12,1,2,5,5,1,1,1,53,0,12,23,2017,0,,68,12.0,,,,,1,1,56,1,7.0,,4,0,20,7,11,5,10/25/2021,13:10,223053054678.0,54678.0,0.0,0.0,0.0,3.0,1,28,,,,96,,,,,,9,,,,,,98338.0,53,70.0,220.0,6.0,1.0,0.0,1.0,0.0,1.0,,0,,,,,,0,07/15/2019,09/15/2021,8,0,0,0,0.0,9,8,,,0,,,8,1,8.0,95.0,,,96.0,,,2,98,0.34,,,,,,,,,,,,,,,,,,,,,,,,,,,,,,0,0,0,1,1,1,0,1,0,0,0,0,0,0,0,0,0,0,0,1,0,0,0,0,0,0,0,0,0,1,0,0,0,1,0,,1,0,0,0,0,1,0,1,0,0,0,0,0,1,0,1,,,,,,56-60,56-65,State route,U,Monday,Not Used,PV,White,0,1,1,0,State Route,State Patrol,Washington State Patrol,0,1,0,0,0,,,,,,0.0,0.0,0.0,,,,,,,,,,,98.0,98.0,98.0,1.0,,,,,20.0,,,,,,,,,1.0,0.0,,,,,,,98444
3843,2021,444,EB78476,3.0,10/11/2021,5:41,11,10,,53,Pierce,0,10,,3,2,2,1,0,2,2,,,,12,0,2,51.9,3,0,3,3,2,1,3,0,0,0,0,SR-7,118TH ST S,-122.434325,47.149677778,0,2,51,62,4,35,14,0,0,1,2,12,1,2,5,5,1,1,0,53,0,51,401,2020,0,,12,,,,,,1,1,55,2,0.0,,1,0,3,0,11,0,,,,,0.0,0.0,0.0,3.0,1,0,,,,96,,,,,,98,,,,,,98387.0,53,64.0,170.0,6.0,1.0,0.0,0.0,0.0,0.0,,0,,,,,,0,,,8,0,0,0,8.0,9,8,,,0,,,8,8,0.0,0.0,,,0.0,,,0,0,996.0,,,,,,,,,,,,,,,,,,,,,,,,,,,,,,0,0,0,1,1,1,0,1,0,0,0,0,0,0,0,0,0,0,0,1,0,0,0,0,0,0,0,0,0,1,0,0,0,0,0,,0,0,0,0,0,0,0,0,0,0,0,0,0,0,0,0,,,,,,51-55,46-55,State route,U,Monday,Belt Used,PV,Not Fatal,0,1,1,0,State Route,State Patrol,Washington State Patrol,0,1,0,0,0,,,,,,0.0,0.0,0.0,,,,,,,,,,,98.0,98.0,98.0,0.0,,,,,20.0,,,,,,,,,1.0,0.0,,,,,,,98444
3844,2021,445,EB84669,1.0,10/30/2021,3:40,30,10,,71,Walla Walla,0,1,,2,1,2,1,0,2,2,,,,12,0,2,1.0,1,0,1,4,1,1,3,0,0,0,0,SR-730,,-118.9622806,46.010691667,0,1,50,10,2,60,5,0,0,1,2,12,1,1,2,1,1,1,2,53,0,12,37,2015,0,,68,12.0,63.0,68.0,63.0,38.0,1,1,19,1,7.0,,4,7,3,0,11,0,10/30/2021,3:40,53056206.0,56206.0,0.0,0.0,0.0,3.0,1,28,,,,92,,,,,,98,,,,,,99362.0,53,76.0,125.0,6.0,1.0,0.0,0.0,0.0,2.0,,0,,,,,,0,10/15/2021,09/15/2021,8,0,0,0,0.0,9,8,,,0,,,8,8,8.0,95.0,,,96.0,,,9,99,999.0,,,,,,,,,,,,,,,,,,,,,,,,,,,,,,0,0,0,0,0,0,0,0,0,0,0,0,0,0,0,0,1,0,0,0,0,1,1,0,1,0,0,0,0,1,1,0,0,0,0,,1,0,0,0,0,0,0,0,1,0,0,0,0,0,0,0,,,,,,18-20,16-25,State route,R,Saturday,Belt Used,PV,Multiracial,0,1,1,0,State Route,State Patrol,Washington State Patrol,0,1,0,0,0,,,,,,0.0,0.0,0.0,,,,,,,,,,,98.0,98.0,98.0,202.0,201.0,,,,20.0,,,,,,,,,1.0,0.0,,,,,,,99363
3845,2021,445,EB84669,1.0,10/30/2021,3:40,30,10,,71,Walla Walla,0,1,,2,1,2,1,0,2,2,,,,12,0,2,1.0,1,0,1,4,1,1,3,0,0,0,0,SR-730,,-118.9622806,46.010691667,0,2,51,62,4,60,66,2,0,1,2,12,1,1,2,1,1,1,3,18,0,85,881,2019,0,,12,2.0,,,,,1,1,44,1,0.0,,0,0,3,0,11,0,,,,,6.0,3.0,0.0,3.0,1,0,,,,96,,,,,,98,,,,,,83854.0,16,70.0,175.0,6.0,1.0,0.0,0.0,0.0,0.0,,0,,,,,,0,,,20,0,0,0,8.0,9,8,,,0,,,8,8,0.0,0.0,,,0.0,,,0,0,996.0,,,,,,,,,,,,,,,,,,,,,,,,,,,,,,0,0,0,0,0,0,0,0,0,0,0,0,0,0,0,0,1,0,0,0,0,1,1,0,1,0,0,0,0,1,1,0,0,0,0,,0,0,0,0,0,0,0,0,0,0,0,0,0,0,0,0,,,,,,41-45,36-45,State route,R,Saturday,,MHTRUCK,Not Fatal,0,1,1,0,State Route,State Patrol,Washington State Patrol,0,1,0,0,0,,,,,,0.0,0.0,0.0,,,,,,,,,,,98.0,98.0,98.0,0.0,,,,,20.0,,,,,,,,,1.0,0.0,,,,,,,99363
3846,2021,446,EB84744,3.0,10/27/2021,6:39,27,10,,53,Pierce,0,10,,3,2,2,1,0,3,3,,,,14,0,0,121.1,1,0,1,1,2,1,1,0,0,0,0,I-5,,-122.586425,47.104866667,0,1,11,13,2,60,34,0,0,1,2,14,1,1,4,3,15,1,1,41,0,12,481,1975,0,,63,14.0,69.0,12.0,,,1,1,61,1,7.0,,4,7,3,0,11,0,10/27/2021,6:39,53055848.0,55848.0,0.0,0.0,0.0,0.0,1,0,,,,96,,,,,,98,,,,,,99349.0,53,72.0,205.0,3.0,1.0,0.0,0.0,0.0,0.0,,0,,,,,,0,,,20,0,0,0,0.0,9,8,,,0,,,8,8,2.0,401.0,417.0,,1.0,1.0,,2,1,0.0,,,,,,,,,,,,,,,,,,,,,,,,,,,,,,0,0,0,0,0,0,1,1,0,0,0,0,0,1,0,0,0,0,0,0,0,0,0,1,1,0,0,0,0,1,1,0,0,0,0,,1,0,0,0,0,0,1,1,0,0,0,1,0,0,1,0,,,,,,61-65,56-65,Interstate,U,Wednesday,Belt Used,PV,White,0,1,0,0,State Route,State Patrol,Washington State Patrol,1,1,0,0,0,,,,,,0.0,0.0,0.0,,,,,,,,,,,0.0,0.0,0.0,1.0,,,,,20.0,,,,,,,,,1.0,0.0,,,,,,,98433