,year,case,par,repjur,crash_dt,crash_tm,accday,accmon,holiday,county,co_char,city,weather,weather2,lightcond,surfcond,surftype,numfatal,nmforms,pforms,vforms,not_tm,arr_tm,hosp_tm,fhevent,hitrun,manncol,milepnt,reljunc,reljuncinter,intersectiontype,funcsystem,landuse,ownership,route,schlbus,spejur,contdev,devfunc,trafid1,trafid2,x,y,wk_zone,vnumber,crashtype,criticalevent,criticaleventcat,spdlim,body,trailer,emerg,hazcargo,leave,mhevent,roadalgn,roadprof,traflane,trafflow,vehmanvr,numoccs,regowner,regstate,spuse,make,model,modelyr,vrf1,vrf2,seqevent1,seqevent2,seqevent3,seqevent4,seqevent5,seqevent6,pnumber,ptype,age,sex,hispanic,race,injury,diedscene,restraint,restraintmisuse,seatpos,takehosp,death_dt,death_tm,cert,cernum_wa,commlic,licendor,licrestrict,liccomp,drivpres,drf1,drf2,drf3,drf4,distract1,distract2,distract3,distract4,distract5,distract6,dricond1,dricond2,dricond3,dricond4,dricond5,dricond6,dzip,licstate,drhgt_in,weight,noncdl,noncdltype,prevdwi,prevoth,prevacc,prevspd,prevsus,driviol1,driviol2,driviol3,driviol4,driviol5,driviol6,spdrel,first_dt,last_dt,airbag,ejection,ejectpath,extricat,injurwrk,methalc,methdrug,nmlocat,strikveh,prf1,prf2,prf3,druginv,alcinvol,drugsts,drugres1,drugres2,drugres3,drugtst1,drugtst2,drugtst3,alcsts,alctst,alcres,nmact1,nmact2,nmact3,nmact4,nmact5,nmact6,nmprior1,nmprior2,nmprior3,nmprior4,nmprior5,nmprior6,nmcond1,nmcond2,nmcond3,nmcond4,nmcond5,nmcond6,nmsafe_helmet,nmsafe_pads,nmsafe_oth,nmprev_ref,nmprev_lgt,nmprev_oth,crashlocation,nmcrashtype,crosswalk,schoolzone,sidewalk,train_inv,wildlife_inv,rotr_fars,intersect_fars,dd_inv,aid_inv,dpd_inv,id_inv,mj_inv,impnm_inv,ainm_inv,dpnm_inv,speed_inv,unlic_inv,unendmc_inv,drowsy_inv,drdist_inv,nmdist_inv,fty_inv,unrestfat_inv,dr1617_inv,dr1820_inv,dr1620_inv,dr2125_inv,dr1625_inv,dr65_inv,dr70_inv,dr75_inv,mc_inv,pv_inv,ht_inv,ped_inv,bike_inv,unrest_fat,mc_fat,unhelmet_mc,pv_fat,ht_fat,ped_fat,bike_fat,dr_alc7,dr_alc8,dr_drug,dr_imp,dr_dist,dr_spd,dr_fty,dr_unlic,dr_alc7only,dr_alc8only,dr_drugonly,dr_drink,nm_imp,nm_alc7,nm_alc8,nm_drug,nm_dist,agegrp1,agegrp2,roadclass,urbrur,dayweek,restuse,vehtype,race_me,intersect,lanedep,oppdir,wrongway,rep_typ,investag,repag_long,rotr,st_rd,cty_rd,city_rd,oth_rd,drug_thc,thc_res,drug_cthc,cthc_res,drug_cann,prevpersemin,prevperse,prevsusoth,drugtst4,drugtst5,drugtst6,drugtst7,drugtst8,drugres4,drugres5,drugres6,drugres7,drugres8,adspresent,adsengaged,adslevel,race1,race2,race3,race4,race5,helmet,helmetmisuse,nmdistract1,nmdistract2,nmdistract3,nmdistract4,nmdistract5,nmdistract6,lab,isedtcase,crf1,crf2,crf3,CoRoadName,CoMP,IntCoRoadName,IntCoMP,zipcode
3867,2021,461,EB88236,6.0,11/03/2021,17:47,3,11,,17,Douglas,0,10,,5,1,2,1,0,2,2,,,,12,0,6,9.5,1,0,1,2,2,1,3,0,0,0,0,SR-028,,-120.1954806,47.377852778,0,2,66,62,4,60,34,0,0,1,2,12,1,1,3,1,1,1,1,53,0,49,472,2015,0,,12,,,,,,1,1,29,1,0.0,,1,0,3,0,11,0,,,,,0.0,0.0,0.0,3.0,1,0,,,,96,,,,,,0,,,,,,98802.0,53,64.0,165.0,6.0,1.0,0.0,0.0,0.0,2.0,,0,,,,,,0,08/15/2019,03/15/2020,8,0,0,0,8.0,9,2,,,0,,,8,8,8.0,95.0,,,96.0,,,2,1,997.0,,,,,,,,,,,,,,,,,,,,,,,,,,,,,,0,0,0,0,0,0,0,0,0,0,0,0,0,1,0,0,0,0,0,0,0,0,0,0,0,0,0,0,0,1,0,0,0,0,0,,0,0,0,0,0,0,0,0,0,0,0,0,0,0,0,0,,,,,,26-30,26-35,State route,U,Wednesday,Belt Used,PV,Not Fatal,0,1,1,0,State Route,State Patrol,Washington State Patrol,0,1,0,0,0,,,,,,0.0,0.0,0.0,,,,,,,,,,,98.0,98.0,98.0,0.0,,,,,20.0,,,,,,,,,1.0,0.0,,,,,,,98850
3868,2021,462,EB88238,14.0,11/09/2021,2:20,9,11,,11,Clark,0,2,,2,2,2,1,0,3,1,,,,42,0,0,1.8,1,0,1,5,1,2,4,0,0,0,0,CR-NE RISTO RD,,-122.4507528,45.770425,0,1,1,11,2,50,4,0,0,1,2,42,2,2,2,1,14,3,2,41,0,41,50,2003,0,,63,42.0,,,,,1,1,21,1,0.0,,3,0,3,0,11,5,,,,,0.0,0.0,0.0,3.0,1,0,,,,96,,,,,,98,,,,,,98683.0,53,73.0,160.0,6.0,1.0,0.0,0.0,0.0,0.0,,0,,,,,,3,,,1,0,0,0,8.0,9,2,,,0,,,8,8,8.0,95.0,,,96.0,,,8,95,995.0,,,,,,,,,,,,,,,,,,,,,,,,,,,,,,0,0,1,0,0,0,0,0,0,0,0,0,1,0,0,0,0,0,0,0,0,0,0,1,1,0,0,0,0,1,0,0,0,0,0,,0,0,0,0,0,0,0,0,0,1,0,0,0,0,0,0,,,,,,21-25,16-25,County road,R,Tuesday,Belt Used,PV,Not Fatal,0,1,0,0,County Road,County Sheriff,Clark County Sheriff's Office,1,0,1,0,0,,,,,,0.0,0.0,0.0,,,,,,,,,,,98.0,98.0,98.0,0.0,,,,,20.0,,,,,,,,,1.0,0.0,,,NE RISTO RD,1.76,,,98604
3869,2021,463,EB88241,14.0,11/06/2021,17:27,6,11,,11,Clark,0,2,,5,2,2,1,0,1,1,,,,24,0,0,0.6,1,0,1,4,2,2,4,0,0,0,0,CR-NE HAZEL DELL AVE,,-122.6699639,45.663113889,0,1,1,13,2,30,34,0,0,1,2,24,3,2,2,1,14,1,2,41,0,20,481,1992,0,,63,24.0,69.0,64.0,25.0,,1,1,34,1,1.0,,4,7,20,7,11,0,11/06/2021,17:27,53059077.0,59077.0,0.0,0.0,0.0,2.0,1,6,,,,96,,,,,,0,,,,,,99324.0,53,74.0,200.0,1.0,1.0,0.0,0.0,0.0,0.0,,0,,,,,,3,,,20,1,3,0,0.0,9,8,,,0,,,8,8,2.0,401.0,417.0,,1.0,1.0,,2,1,0.0,,,,,,,,,,,,,,,,,,,,,,,,,,,,,,0,0,1,0,0,0,1,1,0,0,0,0,1,1,0,0,0,0,0,1,0,0,0,0,0,0,0,0,0,1,0,0,0,1,0,,1,0,0,0,0,0,1,1,0,1,0,1,0,0,1,0,,,,,,31-35,26-35,County road,U,Saturday,Not Used,PV,Hispanic,0,1,0,0,County Road,County Sheriff,Clark County Sheriff's Office,1,0,1,0,0,,,,,,0.0,0.0,0.0,,,,,,,,,,,0.0,0.0,0.0,298.0,,,,,20.0,,,,,,,,,1.0,0.0,,,NE HAZEL DELL AVE,0.55,,,98663
3870,2021,464,EB88476,8.0,11/03/2021,17:53,3,11,,27,Grays Harbor,0,2,,2,6,2,2,0,6,3,,,,12,0,8,8.3,1,0,1,3,1,1,2,0,0,0,0,US-12,,-123.6441417,46.976558333,0,1,64,8,1,55,34,1,0,1,2,12,1,1,4,1,1,3,3,53,0,12,481,2003,0,,68,12.0,12.0,,,,1,1,29,2,0.0,,0,0,3,0,11,0,,,,,0.0,0.0,0.0,3.0,1,0,,,,96,,,,,,98,,,,,,98632.0,53,68.0,135.0,6.0,1.0,0.0,0.0,1.0,0.0,,0,,,,,,0,06/15/2019,06/15/2019,20,0,0,0,8.0,9,2,,,0,,,8,0,8.0,95.0,,,96.0,,,2,98,0.0,,,,,,,,,,,,,,,,,,,,,,,,,,,,,,0,0,0,0,0,0,0,0,0,0,0,0,0,0,0,0,0,0,0,0,0,0,0,0,0,0,0,0,0,1,0,0,0,0,0,,0,0,0,0,0,0,0,0,0,0,0,0,0,0,0,0,,,,,,26-30,26-35,US highway,R,Wednesday,Belt Used,PV,Not Fatal,0,1,1,0,State Route,State Patrol,Washington State Patrol,0,1,0,0,0,,,,,,0.0,0.0,0.0,,,,,,,,,,,98.0,98.0,98.0,0.0,,,,,20.0,,,,,,,,,1.0,0.0,,,,,,,
3871,2021,464,EB88476,8.0,11/03/2021,17:53,3,11,,27,Grays Harbor,0,2,,2,6,2,2,0,6,3,,,,12,0,8,8.3,1,0,1,3,1,1,2,0,0,0,0,US-12,,-123.6441417,46.976558333,0,2,65,62,4,55,14,0,0,1,2,12,1,1,4,1,1,1,1,53,0,63,402,2019,0,,12,,,,,,1,1,41,1,7.0,,4,7,3,0,11,0,11/03/2021,17:53,53057531.0,57531.0,0.0,0.0,3.0,3.0,1,0,,,,96,,,,,,0,,,,,,98520.0,53,70.0,250.0,6.0,1.0,0.0,0.0,0.0,0.0,,0,,,,,,0,,,1,0,0,0,0.0,9,8,,,0,,,8,8,2.0,1.0,,,1.0,,,2,1,0.0,,,,,,,,,,,,,,,,,,,,,,,,,,,,,,0,0,0,0,0,0,0,0,0,0,0,0,0,0,0,0,0,0,0,0,0,0,0,0,0,0,0,0,0,1,0,0,0,0,0,,1,0,0,0,0,0,0,0,0,0,0,0,0,0,0,0,,,,,,41-45,36-45,US highway,R,Wednesday,Belt Used,PV,White,0,1,1,0,State Route,State Patrol,Washington State Patrol,0,1,0,0,0,,,,,,0.0,0.0,0.0,,,,,,,,,,,98.0,98.0,98.0,1.0,,,,,20.0,,,,,,,,,1.0,0.0,,,,,,,
3872,2021,464,EB88476,8.0,11/03/2021,17:53,3,11,,27,Grays Harbor,0,2,,2,6,2,2,0,6,3,,,,12,0,8,8.3,1,0,1,3,1,1,2,0,0,0,0,US-12,,-123.6441417,46.976558333,0,3,98,62,4,55,14,0,0,1,2,12,1,1,4,1,1,2,1,53,0,35,401,1994,0,,12,,,,,,1,1,33,1,1.0,,4,7,3,0,11,0,11/03/2021,17:53,53058497.0,58497.0,0.0,0.0,0.0,3.0,1,0,,,,96,,,,,,0,,,,,,98520.0,53,70.0,150.0,6.0,1.0,0.0,0.0,0.0,0.0,,0,,,,,,0,,,1,0,0,0,0.0,9,8,,,0,,,8,8,2.0,1.0,,,1.0,,,2,1,0.0,,,,,,,,,,,,,,,,,,,,,,,,,,,,,,0,0,0,0,0,0,0,0,0,0,0,0,0,0,0,0,0,0,0,0,0,0,0,0,0,0,0,0,0,1,0,0,0,0,0,,1,0,0,0,0,0,0,0,0,0,0,0,0,0,0,0,,,,,,31-35,26-35,US highway,R,Wednesday,Belt Used,PV,Hispanic,0,1,1,0,State Route,State Patrol,Washington State Patrol,0,1,0,0,0,,,,,,0.0,0.0,0.0,,,,,,,,,,,0.0,0.0,0.0,298.0,,,,,20.0,,,,,,,,,1.0,0.0,,,,,,,
3873,2021,465,EB89089,21.0,10/23/2021,21:24,23,10,,25,Grant,0,1,,2,1,2,1,0,1,1,,,,1,0,0,,1,0,1,7,1,2,4,0,0,0,0,CR-ROAD 2 SW,,-119.8555611,47.058797222,0,1,6,6,1,50,90,0,0,1,5,1,1,1,2,1,1,1,3,16,0,98,734,2017,0,,68,64.0,1.0,,,,1,1,27,1,7.0,,4,0,20,7,11,1,10/28/2021,14:27,196053055765.0,55765.0,0.0,0.0,0.0,1.0,1,0,,,,96,,,,,,98,,,,,,98856.0,53,71.0,175.0,6.0,1.0,1.0,1.0,1.0,3.0,,0,,,,,,4,06/15/2017,12/15/2021,20,1,9,0,0.0,9,8,,,0,,,8,8,9.0,999.0,,,99.0,,,9,99,999.0,,,,,,,,,,,,,,,,,,,,,,,,,,,,,,0,0,1,0,0,0,0,0,0,0,0,0,1,0,0,0,0,0,0,0,0,0,0,0,0,0,0,0,0,0,0,0,0,0,0,,0,0,0,0,0,0,0,0,0,1,0,0,0,0,0,0,,,,,,26-30,26-35,County road,R,Saturday,,OTHVT,White,0,1,0,0,County Road,County Sheriff,Grant County Sheriff's Office,1,0,1,0,0,,,,,,0.0,1.0,0.0,,,,,,,,,,,0.0,0.0,0.0,1.0,,,,,17.0,,,,,,,,,1.0,0.0,,,2 SW,0.009,,,98848
3874,2021,466,EB89247,3.0,11/06/2021,12:35,6,11,,53,Pierce,0,2,,1,2,2,1,0,2,1,,,,42,0,0,5.5,1,0,1,2,2,1,3,0,0,0,0,SR-512,,-122.3642583,47.158280556,0,1,3,11,2,60,4,0,0,1,2,42,1,1,2,3,1,2,2,53,0,35,47,2005,0,,63,42.0,,,,,1,1,48,2,0.0,,2,0,20,7,11,5,,,,,0.0,0.0,3.0,2.0,1,6,,,,96,,,,,,9,,,,,,98391.0,53,70.0,200.0,1.0,1.0,0.0,1.0,1.0,0.0,,1,,,,,,0,05/15/2017,05/15/2017,8,0,0,0,8.0,9,8,,,0,,,1,8,2.0,300.0,401.0,151.0,1.0,1.0,1.0,2,1,0.0,,,,,,,,,,,,,,,,,,,,,,,,,,,,,,0,0,0,0,0,0,1,1,0,0,0,0,0,1,0,0,0,0,0,1,0,0,0,0,0,0,0,0,0,1,0,0,0,0,0,,0,0,0,0,0,0,1,1,0,0,0,1,0,0,1,0,,,,,,46-50,46-55,State route,U,Saturday,Not Used,PV,Not Fatal,0,1,0,0,State Route,State Patrol,Washington State Patrol,1,1,0,0,0,,,,,,0.0,0.0,0.0,1.0,1.0,1.0,,,996.0,417.0,177.0,351.0,996.0,98.0,98.0,98.0,0.0,,,,,20.0,,,,,,,,,1.0,0.0,,,,,,,98373
3875,2021,467,EB89332,18.0,10/06/2021,18:39,6,10,,19,Ferry,0,1,,1,1,2,1,0,1,1,,,,1,0,0,,1,0,1,5,1,2,4,0,3,0,0,CR-BRIDGE CREEK RD,,-118.243325,48.287158333,0,1,1,13,2,98,66,1,0,1,2,1,1,1,2,1,1,1,1,41,0,82,881,1999,0,,63,1.0,,,,,1,1,61,1,7.0,,4,7,20,7,11,0,10/06/2021,18:39,53050639.0,50639.0,6.0,3.0,0.0,3.0,1,0,,,,96,,,,,,98,,,,,,97374.0,41,74.0,240.0,6.0,1.0,0.0,0.0,0.0,1.0,,0,,,,,,4,01/15/2021,01/15/2021,20,2,9,0,1.0,9,8,,,0,,,8,8,2.0,1.0,,,1.0,,,2,1,0.0,,,,,,,,,,,,,,,,,,,,,,,,,,,,,,0,0,1,0,0,0,0,0,0,0,0,0,1,0,0,0,0,0,0,0,0,0,0,0,0,0,0,0,0,0,1,0,0,0,0,,0,1,0,0,0,0,0,0,0,1,0,0,0,0,0,0,,,,,,61-65,56-65,County road,R,Wednesday,,MHTRUCK,White,0,1,0,0,County Road,County Sheriff,Ferry County Sheriff's Office,1,0,1,0,0,,,,,,0.0,0.0,0.0,,,,,,,,,,,0.0,0.0,0.0,1.0,,,,,20.0,,,,,,,,,1.0,0.0,,,BRIDGE CR RD,23.0,,,99138
3876,2021,468,EB89450,21.0,10/17/2021,16:18,17,10,,25,Grant,0,1,,1,1,7,1,0,5,2,,,,12,0,6,,2,0,2,5,1,2,4,0,0,20,3,CR-RD 4 NE,RD F NE,-119.3630361,47.146238889,0,1,87,17,2,50,6,0,0,1,5,12,1,1,2,1,1,4,2,53,0,6,54,2004,0,,12,68.0,64.0,1.0,,,1,1,27,1,0.0,,2,0,3,0,11,0,,,,,0.0,0.0,0.0,2.0,1,39,,,,92,,,,,,8,,,,,,98837.0,53,75.0,265.0,1.0,1.0,0.0,0.0,0.0,0.0,,97,,,,,,0,11/15/2019,03/15/2019,8,0,0,0,8.0,9,8,,,0,,,8,8,0.0,0.0,,,0.0,,,0,0,996.0,,,,,,,,,,,,,,,,,,,,,,,,,,,,,,0,0,0,1,0,0,1,1,0,0,0,0,0,1,0,0,1,0,0,0,0,0,0,0,0,1,1,1,0,1,0,0,0,0,0,,0,0,0,0,0,0,0,0,1,0,0,1,0,0,0,0,,,,,,26-30,26-35,County road,R,Sunday,Belt Used,PV,Not Fatal,1,0,0,0,County Road,County Sheriff,Grant County Sheriff's Office,0,0,1,0,0,,,,,,0.0,0.0,2.0,,,,,,,,,,,98.0,98.0,98.0,0.0,,,,,20.0,,,,,,,,,1.0,0.0,,,F NE,2.02,4 NE,9.07,98837
3877,2021,468,EB89450,21.0,10/17/2021,16:18,17,10,,25,Grant,0,1,,1,1,2,1,0,5,2,,,,12,0,6,,2,0,2,5,1,2,4,0,0,0,0,CR-RD 4 NE,RD F NE,-119.3630361,47.146238889,0,2,86,66,4,55,14,0,0,1,2,12,1,1,2,1,1,1,1,53,0,55,402,2022,0,,12,63.0,30.0,42.0,,,1,1,81,1,7.0,,4,0,3,0,11,5,10/17/2021,20:20,139053052774.0,52774.0,0.0,0.0,0.0,3.0,1,0,,,,96,,,,,,98,,,,,,98837.0,53,72.0,175.0,6.0,1.0,0.0,0.0,0.0,0.0,,0,,,,,,0,,,8,0,0,0,0.0,9,8,,,0,,,8,8,2.0,996.0,,,1.0,,,2,1,0.0,,,,,,,,,,,,,,,,,,,,,,,,,,,,,,0,0,0,1,0,0,1,1,0,0,0,0,0,1,0,0,1,0,0,0,0,0,0,0,0,1,1,1,0,1,0,0,0,0,0,,1,0,0,0,0,0,1,1,0,0,0,0,0,0,1,0,,,,,,81+,76+,County road,R,Sunday,Belt Used,PV,White,1,0,0,0,County Road,County Sheriff,Grant County Sheriff's Office,0,0,1,0,0,,,,,,0.0,0.0,0.0,,,,,,,,,,,98.0,98.0,98.0,1.0,,,,,20.0,,,,,,,,,1.0,0.0,,,F NE,2.02,4 NE,9.07,98837
3878,2021,469,EB89572,242.0,11/14/2021,2:31,14,11,,53,Pierce,1770,2,,3,2,2,1,1,1,1,,,,8,0,0,25.6,1,0,1,3,2,1,3,0,0,0,0,SR-161,,-122.2933806,47.159972222,0,1,98,13,2,35,4,0,0,1,5,18,3,2,7,2,14,1,1,53,0,24,7,2007,0,,63,8.0,18.0,18.0,,,1,1,24,2,0.0,,0,0,99,7,11,0,,,,,0.0,0.0,0.0,2.0,1,0,,,,96,,,,,,9,,,,,,98418.0,53,64.0,210.0,1.0,1.0,0.0,0.0,0.0,0.0,,1,,,,,,4,,,20,0,0,0,8.0,9,8,,,0,,,8,1,2.0,695.0,605.0,,1.0,1.0,,2,1,0.091,,,,,,,,,,,,,,,,,,,,,,,,,,,,,,0,0,0,0,1,1,1,1,1,1,0,1,1,1,0,0,0,0,0,0,0,0,0,1,1,0,0,0,0,1,0,1,0,0,0,,0,0,0,0,0,1,1,1,0,1,0,1,0,0,0,1,,,,,,21-25,16-25,State route,U,Sunday,Unknown,PV,Not Fatal,0,1,0,0,State Route,Municipal/City Police,Puyallup Police Department,1,1,0,0,0,thc,5.0,carboxy-thc,38.0,,0.0,0.0,0.0,,,,,,,,,,,98.0,98.0,98.0,0.0,,,,,20.0,,,,,,,,,1.0,0.0,,,,,,,98374
3879,2021,470,EB89727,6.0,11/06/2021,15:50,6,11,,7,Chelan,0,10,,1,2,2,1,0,5,3,,,,12,0,6,154.1,1,0,1,3,1,1,2,0,0,0,0,US-097,,-120.60225,47.38725,0,1,98,9,1,60,6,0,0,1,2,12,2,2,3,1,14,1,2,53,0,49,47,2007,0,,68,12.0,63.0,24.0,54.0,,1,1,23,2,7.0,,4,7,3,0,11,0,11/06/2021,15:50,53056830.0,56830.0,0.0,0.0,3.0,3.0,1,0,,,,96,,,,,,98,,,,,,98801.0,53,62.0,115.0,6.0,1.0,0.0,0.0,0.0,0.0,,0,,,,,,0,,,1,0,0,0,0.0,9,8,,,0,,,8,8,2.0,1.0,,,1.0,,,2,1,0.0,,,,,,,,,,,,,,,,,,,,,,,,,,,,,,0,0,0,0,0,0,0,0,0,0,0,0,0,0,0,0,0,0,0,0,0,0,0,1,1,0,0,0,0,1,0,0,0,0,0,,1,0,0,0,0,0,0,0,0,0,0,0,0,0,0,0,,,,,,21-25,16-25,US highway,R,Saturday,Belt Used,PV,White,0,1,1,0,State Route,State Patrol,Washington State Patrol,0,1,0,0,0,,,,,,0.0,0.0,0.0,,,,,,,,,,,98.0,98.0,98.0,1.0,,,,,20.0,,,,,,,,,1.0,14.0,,,,,,,
3880,2021,470,EB89727,6.0,11/06/2021,15:50,6,11,,7,Chelan,0,10,,1,2,2,1,0,5,3,,,,12,0,6,154.1,1,0,1,3,1,1,2,0,0,0,0,US-097,,-120.60225,47.38725,0,2,98,62,4,60,34,0,0,1,2,12,3,2,3,1,14,2,1,53,0,12,481,2014,0,,12,,,,,,1,1,52,1,0.0,,1,0,3,0,11,0,,,,,0.0,0.0,0.0,3.0,1,0,,,,96,,,,,,0,,,,,,98922.0,53,70.0,210.0,6.0,1.0,0.0,0.0,0.0,1.0,,0,,,,,,0,01/15/2019,01/15/2019,1,0,0,0,8.0,9,2,,,0,,,8,8,8.0,95.0,,,96.0,,,0,0,996.0,,,,,,,,,,,,,,,,,,,,,,,,,,,,,,0,0,0,0,0,0,0,0,0,0,0,0,0,0,0,0,0,0,0,0,0,0,0,1,1,0,0,0,0,1,0,0,0,0,0,,0,0,0,0,0,0,0,0,0,0,0,0,0,0,0,0,,,,,,51-55,46-55,US highway,R,Saturday,Belt Used,PV,Not Fatal,0,1,1,0,State Route,State Patrol,Washington State Patrol,0,1,0,0,0,,,,,,0.0,0.0,0.0,,,,,,,,,,,98.0,98.0,98.0,0.0,,,,,20.0,,,,,,,,,1.0,14.0,,,,,,,
3881,2021,470,EB89727,6.0,11/06/2021,15:50,6,11,,7,Chelan,0,10,,1,2,2,1,0,5,3,,,,12,0,6,154.1,1,0,1,3,1,1,2,0,0,0,0,US-097,,-120.60225,47.38725,0,3,98,62,4,60,34,0,0,1,5,54,3,2,3,1,14,2,1,53,0,12,481,2015,0,,54,,,,,,1,1,60,1,0.0,,0,0,3,0,11,0,,,,,0.0,0.0,0.0,3.0,1,0,,,,96,,,,,,0,,,,,,98843.0,53,69.0,185.0,6.0,1.0,0.0,0.0,0.0,1.0,,0,,,,,,0,12/15/2020,12/15/2020,20,0,0,0,8.0,9,8,,,0,,,8,8,8.0,95.0,,,96.0,,,8,95,995.0,,,,,,,,,,,,,,,,,,,,,,,,,,,,,,0,0,0,0,0,0,0,0,0,0,0,0,0,0,0,0,0,0,0,0,0,0,0,1,1,0,0,0,0,1,0,0,0,0,0,,0,0,0,0,0,0,0,0,0,0,0,0,0,0,0,0,,,,,,56-60,56-65,US highway,R,Saturday,Belt Used,PV,Not Fatal,0,1,1,0,State Route,State Patrol,Washington State Patrol,0,1,0,0,0,,,,,,0.0,0.0,0.0,,,,,,,,,,,98.0,98.0,98.0,0.0,,,,,20.0,,,,,,,,,1.0,14.0,,,,,,,
3882,2021,471,EB63721,14.0,08/30/2021,14:16,30,8,,11,Clark,0,10,,1,1,2,1,0,3,2,,,,12,0,6,2.0,2,0,2,5,1,2,4,0,0,20,3,CR-NE 259TH ST,NE 29TH AVE,-122.6408472,45.808783333,0,1,89,17,2,40,4,0,0,1,2,12,1,1,2,1,4,1,2,53,0,55,35,2016,0,,12,,,,,,1,1,72,2,7.0,,4,0,3,0,11,8,08/30/2021,15:59,237053044476.0,44476.0,0.0,0.0,3.0,3.0,1,38,,,,96,,,,,,98,,,,,,98674.0,53,71.0,165.0,6.0,1.0,0.0,0.0,0.0,0.0,,0,,,,,,0,,,1,0,0,0,0.0,9,8,,,0,,,8,8,0.0,0.0,,,0.0,,,0,0,996.0,,,,,,,,,,,,,,,,,,,,,,,,,,,,,,0,0,0,1,0,0,0,0,0,0,0,0,0,0,0,0,0,0,1,0,0,0,0,0,0,1,1,0,0,1,1,0,0,0,0,,1,0,0,0,0,0,0,0,0,0,1,0,0,0,0,0,,,,,,71-75,66-75,County road,R,Monday,Belt Used,PV,White,1,0,0,0,County Road,County Sheriff,Clark County Sheriff's Office,0,0,1,0,0,,,,,,0.0,0.0,0.0,,,,,,,,,,,98.0,98.0,98.0,1.0,,,,,20.0,,,,,,,,,1.0,0.0,,,NE 259TH ST,2.01,NE 29TH AVE,6.27,98642
3883,2021,471,EB63721,14.0,08/30/2021,14:16,30,8,,11,Clark,0,10,,1,1,2,1,0,3,2,,,,12,0,6,2.0,2,0,2,5,1,2,4,0,0,0,0,CR-NE 259TH ST,NE 29TH AVE,-122.6408472,45.808783333,0,2,88,66,4,50,66,0,0,1,5,12,1,1,2,1,1,2,3,53,0,84,881,1999,0,,12,,,,,,1,1,29,1,0.0,,0,0,3,0,11,0,,,,,6.0,1.0,0.0,3.0,1,0,,,,96,,,,,,98,,,,,,98682.0,53,74.0,235.0,6.0,1.0,0.0,0.0,0.0,0.0,,0,,,,,,0,,,20,0,0,0,8.0,9,8,,,0,,,8,8,8.0,95.0,,,96.0,,,8,95,995.0,,,,,,,,,,,,,,,,,,,,,,,,,,,,,,0,0,0,1,0,0,0,0,0,0,0,0,0,0,0,0,0,0,1,0,0,0,0,0,0,1,1,0,0,1,1,0,0,0,0,,0,0,0,0,0,0,0,0,0,0,0,0,0,0,0,0,,,,,,26-30,26-35,County road,R,Monday,,MHTRUCK,Not Fatal,1,0,0,0,County Road,County Sheriff,Clark County Sheriff's Office,0,0,1,0,0,,,,,,0.0,0.0,0.0,,,,,,,,,,,0.0,0.0,0.0,0.0,,,,,20.0,,,,,,,,,1.0,0.0,,,NE 259TH ST,2.01,NE 29TH AVE,6.27,98642
3884,2021,472,EB90180,4.0,11/12/2021,13:00,12,11,,19,Ferry,0,2,,1,2,2,1,0,1,1,,,,1,0,0,251.6,1,0,1,3,1,1,3,0,0,0,0,SR-395,,-118.1248639,48.695419444,0,1,2,6,1,55,4,0,0,1,2,1,1,2,2,2,1,1,1,99,0,35,39,1997,0,,63,1.0,,,,,1,1,42,2,7.0,,4,7,20,7,11,0,11/12/2021,13:00,53058858.0,58858.0,0.0,0.0,0.0,0.0,1,0,,,,96,,,,,,9,,,,,,99114.0,53,64.0,125.0,0.0,0.0,0.0,0.0,0.0,0.0,,0,,,,,,4,,,8,1,9,0,0.0,9,8,,,0,,,1,8,2.0,605.0,996.0,996.0,1.0,1.0,1.0,2,1,0.0,,,,,,,,,,,,,,,,,,,,,,,,,,,,,,0,0,0,0,0,0,1,1,1,0,0,0,1,1,0,0,0,0,0,1,0,0,0,0,0,0,0,0,0,1,0,0,0,1,0,,1,0,0,0,0,0,1,1,0,1,0,1,0,0,1,0,,,,,,41-45,36-45,State route,R,Friday,Not Used,PV,White,0,1,0,0,State Route,State Patrol,Washington State Patrol,1,1,0,0,0,,,carboxy-thc,14.0,,0.0,0.0,0.0,1.0,1.0,,,,401.0,417.0,,,,0.0,0.0,0.0,1.0,,,,,20.0,,,,,,,,nms,1.0,0.0,,,,,,,99151