,year,case,par,repjur,crash_dt,crash_tm,accday,accmon,holiday,county,co_char,city,weather,weather2,lightcond,surfcond,surftype,numfatal,nmforms,pforms,vforms,not_tm,arr_tm,hosp_tm,fhevent,hitrun,manncol,milepnt,reljunc,reljuncinter,intersectiontype,funcsystem,landuse,ownership,route,schlbus,spejur,contdev,devfunc,trafid1,trafid2,x,y,wk_zone,vnumber,crashtype,criticalevent,criticaleventcat,spdlim,body,trailer,emerg,hazcargo,leave,mhevent,roadalgn,roadprof,traflane,trafflow,vehmanvr,numoccs,regowner,regstate,spuse,make,model,modelyr,vrf1,vrf2,seqevent1,seqevent2,seqevent3,seqevent4,seqevent5,seqevent6,pnumber,ptype,age,sex,hispanic,race,injury,diedscene,restraint,restraintmisuse,seatpos,takehosp,death_dt,death_tm,cert,cernum_wa,commlic,licendor,licrestrict,liccomp,drivpres,drf1,drf2,drf3,drf4,distract1,distract2,distract3,distract4,distract5,distract6,dricond1,dricond2,dricond3,dricond4,dricond5,dricond6,dzip,licstate,drhgt_in,weight,noncdl,noncdltype,prevdwi,prevoth,prevacc,prevspd,prevsus,driviol1,driviol2,driviol3,driviol4,driviol5,driviol6,spdrel,first_dt,last_dt,airbag,ejection,ejectpath,extricat,injurwrk,methalc,methdrug,nmlocat,strikveh,prf1,prf2,prf3,druginv,alcinvol,drugsts,drugres1,drugres2,drugres3,drugtst1,drugtst2,drugtst3,alcsts,alctst,alcres,nmact1,nmact2,nmact3,nmact4,nmact5,nmact6,nmprior1,nmprior2,nmprior3,nmprior4,nmprior5,nmprior6,nmcond1,nmcond2,nmcond3,nmcond4,nmcond5,nmcond6,nmsafe_helmet,nmsafe_pads,nmsafe_oth,nmprev_ref,nmprev_lgt,nmprev_oth,crashlocation,nmcrashtype,crosswalk,schoolzone,sidewalk,train_inv,wildlife_inv,rotr_fars,intersect_fars,dd_inv,aid_inv,dpd_inv,id_inv,mj_inv,impnm_inv,ainm_inv,dpnm_inv,speed_inv,unlic_inv,unendmc_inv,drowsy_inv,drdist_inv,nmdist_inv,fty_inv,unrestfat_inv,dr1617_inv,dr1820_inv,dr1620_inv,dr2125_inv,dr1625_inv,dr65_inv,dr70_inv,dr75_inv,mc_inv,pv_inv,ht_inv,ped_inv,bike_inv,unrest_fat,mc_fat,unhelmet_mc,pv_fat,ht_fat,ped_fat,bike_fat,dr_alc7,dr_alc8,dr_drug,dr_imp,dr_dist,dr_spd,dr_fty,dr_unlic,dr_alc7only,dr_alc8only,dr_drugonly,dr_drink,nm_imp,nm_alc7,nm_alc8,nm_drug,nm_dist,agegrp1,agegrp2,roadclass,urbrur,dayweek,restuse,vehtype,race_me,intersect,lanedep,oppdir,wrongway,rep_typ,investag,repag_long,rotr,st_rd,cty_rd,city_rd,oth_rd,drug_thc,thc_res,drug_cthc,cthc_res,drug_cann,prevpersemin,prevperse,prevsusoth,drugtst4,drugtst5,drugtst6,drugtst7,drugtst8,drugres4,drugres5,drugres6,drugres7,drugres8,adspresent,adsengaged,adslevel,race1,race2,race3,race4,race5,helmet,helmetmisuse,nmdistract1,nmdistract2,nmdistract3,nmdistract4,nmdistract5,nmdistract6,lab,isedtcase,crf1,crf2,crf3,CoRoadName,CoMP,IntCoRoadName,IntCoMP,zipcode
3885,2021,473,EB90345,3.0,11/04/2021,23:52,4,11,,53,Pierce,0,10,,2,2,2,1,1,3,1,,,,8,0,0,1.8,1,0,1,3,2,1,3,0,3,0,0,SR-167,,-122.3740611,47.2286,0,1,13,80,5,50,34,0,0,1,2,8,1,1,5,5,1,3,2,53,0,23,481,2017,0,,8,,,,,,1,1,21,2,0.0,,0,0,3,0,11,0,,,,,0.0,0.0,0.0,3.0,1,0,,,,96,,,,,,0,,,,,,98404.0,53,65.0,160.0,6.0,1.0,0.0,0.0,0.0,0.0,,0,,,,,,0,,,8,0,0,0,8.0,9,8,,,0,,,8,8,8.0,95.0,,,96.0,,,8,95,995.0,,,,,,,,,,,,,,,,,,,,,,,,,,,,,,0,0,0,0,0,0,0,0,0,1,0,1,0,0,0,0,0,1,0,0,0,0,0,1,1,0,0,0,0,1,0,1,0,0,0,,0,0,0,0,0,0,0,0,0,0,0,0,0,0,0,0,,,,,,21-25,16-25,State route,U,Thursday,Belt Used,PV,Not Fatal,0,0,0,0,State Route,State Patrol,Washington State Patrol,0,1,0,0,0,,,,,,0.0,0.0,0.0,,,,,,,,,,,98.0,98.0,98.0,0.0,,,,,20.0,,,,,,,,,1.0,0.0,,,,,,,98443
3886,2021,474,EB90445,7.0,10/22/2021,23:23,22,10,,33,King,1960,10,,2,1,1,1,0,3,2,,,,12,0,1,3.0,1,0,1,1,2,1,1,0,0,0,0,I-90,,-122.2739639,47.589672222,0,1,24,51,3,60,80,0,0,1,5,12,1,1,4,3,1,1,1,53,0,72,706,2020,0,,12,,,,,,1,1,31,1,7.0,,4,7,20,7,11,0,10/22/2021,23:23,196053055949.0,55949.0,0.0,0.0,0.0,3.0,1,0,,,,96,,,,,,98,,,,,,98059.0,53,67.0,190.0,6.0,1.0,0.0,0.0,0.0,0.0,,0,,,,,,4,,,20,8,0,0,0.0,9,8,,,0,,,8,8,2.0,1.0,,,1.0,,,2,1,0.163,,,,,,,,,,,,,,,,,,,,,,,,,,,,,,0,0,0,0,1,1,0,1,0,0,0,0,1,0,0,0,0,0,0,0,0,0,0,0,0,0,0,0,1,1,0,0,0,0,1,0.0,0,0,0,0,0,1,0,1,0,1,0,0,0,1,0,1,,,,,,31-35,26-35,Interstate,U,Friday,,MC,White,0,0,0,0,State Route,State Patrol,Washington State Patrol,0,1,0,0,0,,,,,,0.0,0.0,0.0,,,,,,,,,,,0.0,0.0,0.0,1.0,,,,,5.0,,,,,,,,,1.0,0.0,,,,,,,98144
3887,2021,474,EB90445,7.0,10/22/2021,23:23,22,10,,33,King,1960,10,,2,1,1,1,0,3,2,,,,12,0,1,3.0,1,0,1,1,2,1,1,0,0,0,0,I-90,,-122.2739639,47.589672222,0,2,25,53,3,60,14,0,0,1,2,12,1,1,4,3,1,2,1,42,0,49,402,2015,0,,12,63.0,3.0,,,,1,1,34,2,0.0,,0,0,3,0,11,0,,,,,0.0,0.0,0.0,3.0,1,0,,,,96,,,,,,98,,,,,,98006.0,53,64.0,150.0,6.0,1.0,0.0,0.0,0.0,1.0,,0,,,,,,4,08/15/2021,08/15/2021,20,0,0,0,8.0,9,8,,,0,,,8,8,0.0,0.0,,,0.0,,,0,0,996.0,,,,,,,,,,,,,,,,,,,,,,,,,,,,,,0,0,0,0,1,1,0,1,0,0,0,0,1,0,0,0,0,0,0,0,0,0,0,0,0,0,0,0,1,1,0,0,0,0,0,,0,0,0,0,0,0,0,0,0,1,0,0,0,0,0,0,,,,,,31-35,26-35,Interstate,U,Friday,Belt Used,PV,Not Fatal,0,0,0,0,State Route,State Patrol,Washington State Patrol,0,1,0,0,0,,,,,,0.0,0.0,0.0,,,,,,,,,,,98.0,98.0,98.0,0.0,,,,,20.0,,,,,,,,,1.0,0.0,,,,,,,98144
3888,2021,475,EB90887,4.0,11/13/2021,3:03,13,11,,63,Spokane,524,5,,2,2,2,1,0,2,2,,,,12,0,8,183.7,1,0,1,2,1,1,2,0,0,0,0,US-395,,-117.4698639,47.934911111,0,1,66,10,2,60,4,0,0,1,2,12,1,1,2,1,1,1,2,53,0,20,25,2011,0,,12,,,,,,1,1,35,1,1.0,,4,7,20,7,11,0,11/13/2021,3:03,52453059249.0,59249.0,0.0,0.0,3.0,2.0,1,0,,,,96,,,,,,9,,,,,,99207.0,53,70.0,195.0,2.0,1.0,2.0,2.0,1.0,3.0,,0,,,,,,0,09/15/2017,05/15/2020,8,0,0,0,0.0,1,1,,,0,,,1,1,2.0,402.0,407.0,996.0,1.0,1.0,1.0,2,1,0.215,,,,,,,,,,,,,,,,,,,,,,,,,,,,,,0,0,0,0,1,1,1,1,1,0,0,0,0,1,0,0,0,0,0,1,0,1,1,0,1,0,0,0,0,1,0,0,0,1,0,,1,0,0,0,0,1,1,1,0,0,0,1,0,0,0,1,,,,,,31-35,26-35,US highway,R,Saturday,Not Used,PV,Hispanic,0,1,1,0,State Route,State Patrol,Washington State Patrol,0,1,0,0,0,,,,,,3.0,2.0,7.0,1.0,,,,,605.0,,,,,98.0,98.0,98.0,1.0,,,,,20.0,,,,,,,,,1.0,0.0,,,,,,,99006
3889,2021,475,EB90887,4.0,11/13/2021,3:03,13,11,,63,Spokane,524,5,,2,2,2,1,0,2,2,,,,12,0,8,183.7,1,0,1,2,1,1,2,0,0,0,0,US-395,,-117.4698639,47.934911111,0,2,66,10,2,60,6,0,0,1,2,12,1,1,2,1,1,1,2,53,0,48,34,1996,0,,12,,,,,,1,1,20,2,0.0,,3,0,3,0,11,5,,,,,0.0,0.0,0.0,3.0,1,0,,,,96,,,,,,9,,,,,,99114.0,2,62.0,150.0,6.0,1.0,0.0,2.0,1.0,1.0,,0,,,,,,0,01/15/2018,04/15/2019,8,0,0,0,8.0,9,8,,,0,,,1,8,2.0,95.0,,,96.0,,,2,98,0.0,,,,,,,,,,,,,,,,,,,,,,,,,,,,,,0,0,0,0,1,1,1,1,1,0,0,0,0,1,0,0,0,0,0,1,0,1,1,0,1,0,0,0,0,1,0,0,0,0,0,,0,0,0,0,0,0,0,0,0,0,0,0,0,0,0,0,,,,,,18-20,16-25,US highway,R,Saturday,Belt Used,PV,Not Fatal,0,1,1,0,State Route,State Patrol,Washington State Patrol,0,1,0,0,0,thc,0.76,,,,0.0,0.0,0.0,,,,,,,,,,,0.0,0.0,0.0,0.0,,,,,20.0,,,,,,,,nms,1.0,0.0,,,,,,,99006
3890,2021,476,EB91189,7.0,11/09/2021,16:45,9,11,,33,King,1960,2,,1,2,2,1,0,3,3,,,,12,0,8,9.2,1,0,1,2,2,1,3,0,0,0,0,SR-18,,-122.1591722,47.329138889,0,1,66,54,3,60,6,0,0,1,5,12,1,1,2,3,1,1,1,53,0,49,49,2005,0,,12,12.0,,,,,1,1,39,1,7.0,,4,7,3,0,11,0,11/09/2021,16:45,196053058542.0,58542.0,0.0,0.0,3.0,2.0,1,51,,,,92,,,,,,98,,,,,,98499.0,53,72.0,270.0,1.0,1.0,0.0,2.0,3.0,7.0,,0,,,,,,0,05/15/2017,05/15/2020,8,0,0,0,0.0,9,8,,,0,,,8,8,2.0,401.0,417.0,,1.0,1.0,,2,1,0.0,,,,,,,,,,,,,,,,,,,,,,,,,,,,,,0,0,0,0,0,0,1,1,0,0,0,0,0,1,0,0,1,0,0,0,0,0,0,0,0,0,0,0,0,1,0,0,0,0,0,,1,0,0,0,0,0,1,1,1,0,0,1,0,0,1,0,,,,,,36-40,36-45,State route,U,Tuesday,Belt Used,PV,White,0,0,0,1,State Route,State Patrol,Washington State Patrol,0,1,0,0,0,,,,,,0.0,0.0,0.0,,,,,,,,,,,98.0,98.0,98.0,1.0,,,,,20.0,,,,,,,,,1.0,0.0,,,,,,,98027
3891,2021,476,EB91189,7.0,11/09/2021,16:45,9,11,,33,King,1960,2,,1,2,2,1,0,3,3,,,,12,0,8,9.2,1,0,1,2,2,1,3,0,0,0,0,SR-18,,-122.1591722,47.329138889,0,2,66,54,3,60,34,0,0,1,5,12,1,1,2,3,1,1,2,53,0,49,472,1998,0,,12,,,,,,1,1,54,1,0.0,,0,0,3,0,11,0,,,,,0.0,0.0,3.0,3.0,1,0,,,,96,,,,,,0,,,,,,98391.0,53,75.0,280.0,6.0,1.0,0.0,2.0,0.0,0.0,,0,,,,,,0,02/15/2018,02/15/2021,20,0,0,0,8.0,9,8,,,0,,,8,8,8.0,95.0,,,96.0,,,0,0,996.0,,,,,,,,,,,,,,,,,,,,,,,,,,,,,,0,0,0,0,0,0,1,1,0,0,0,0,0,1,0,0,1,0,0,0,0,0,0,0,0,0,0,0,0,1,0,0,0,0,0,,0,0,0,0,0,0,0,0,0,0,0,0,0,0,0,0,,,,,,51-55,46-55,State route,U,Tuesday,Belt Used,PV,Not Fatal,0,0,0,1,State Route,State Patrol,Washington State Patrol,0,1,0,0,0,,,,,,0.0,0.0,0.0,,,,,,,,,,,0.0,0.0,0.0,0.0,,,,,20.0,,,,,,,,,1.0,0.0,,,,,,,98027
3892,2021,476,EB91189,7.0,11/09/2021,16:45,9,11,,33,King,1960,2,,1,2,2,1,0,3,3,,,,12,0,8,9.2,1,0,1,2,2,1,3,0,0,0,0,SR-18,,-122.1591722,47.329138889,0,3,98,54,3,60,34,0,0,1,5,12,1,1,2,3,1,1,1,53,0,7,472,2001,0,,12,,,,,,1,1,54,1,0.0,,2,0,3,0,11,5,,,,,6.0,0.0,0.0,3.0,1,0,,,,96,,,,,,0,,,,,,98354.0,53,70.0,190.0,6.0,1.0,0.0,0.0,0.0,0.0,,0,,,,,,0,,,8,0,0,0,8.0,9,8,,,0,,,8,8,8.0,95.0,,,96.0,,,0,0,996.0,,,,,,,,,,,,,,,,,,,,,,,,,,,,,,0,0,0,0,0,0,1,1,0,0,0,0,0,1,0,0,1,0,0,0,0,0,0,0,0,0,0,0,0,1,0,0,0,0,0,,0,0,0,0,0,0,0,0,0,0,0,0,0,0,0,0,,,,,,51-55,46-55,State route,U,Tuesday,Belt Used,PV,Not Fatal,0,0,0,1,State Route,State Patrol,Washington State Patrol,0,1,0,0,0,,,,,,0.0,0.0,0.0,,,,,,,,,,,98.0,98.0,98.0,0.0,,,,,20.0,,,,,,,,,1.0,0.0,,,,,,,98027
3893,2021,477,EB91089,2.0,11/17/2021,6:03,17,11,,57,Skagit,1970,1,,2,4,2,1,0,2,2,,,,12,0,6,75.2,1,0,1,4,1,1,3,0,0,0,0,SR-20,,-122.028375,48.530166667,0,1,98,10,2,55,34,0,0,1,2,12,1,1,2,2,1,1,1,53,0,49,472,1997,0,,68,12.0,,,,,1,1,59,1,0.0,,3,0,3,0,11,1,,,,,6.0,0.0,3.0,3.0,1,0,,,,96,,,,,,98,,,,,,98237.0,53,70.0,180.0,6.0,1.0,0.0,2.0,0.0,0.0,,0,,,,,,0,05/15/2017,12/15/2018,1,0,0,0,8.0,9,8,,,0,,,8,8,8.0,95.0,,,96.0,,,0,0,996.0,,,,,,,,,,,,,,,,,,,,,,,,,,,,,,0,0,0,0,0,0,0,0,0,0,0,0,0,0,0,0,0,0,0,0,0,0,0,0,0,0,0,0,0,1,0,0,0,0,0,,0,0,0,0,0,0,0,0,0,0,0,0,0,0,0,0,,,,,,56-60,56-65,State route,R,Wednesday,Belt Used,PV,Not Fatal,0,1,1,0,State Route,State Patrol,Washington State Patrol,0,1,0,0,0,,,,,,0.0,0.0,0.0,,,,,,,,,,,0.0,0.0,0.0,0.0,,,,,20.0,,,,,,,,,1.0,0.0,,,,,,,98237
3894,2021,477,EB91089,2.0,11/17/2021,6:03,17,11,,57,Skagit,1970,1,,2,4,2,1,0,2,2,,,,12,0,6,75.2,1,0,1,4,1,1,3,0,0,0,0,SR-20,,-122.028375,48.530166667,0,2,98,62,4,55,34,0,0,1,2,12,1,1,2,2,1,1,1,53,0,35,472,2012,0,,12,,,,,,1,1,43,1,7.0,,4,7,3,0,11,0,11/17/2021,6:03,197053059233.0,59233.0,0.0,0.0,0.0,3.0,1,0,,,,96,,,,,,0,,,,,,98284.0,53,70.0,190.0,6.0,1.0,0.0,0.0,0.0,0.0,,0,,,,,,0,,,8,0,0,0,0.0,9,8,,,0,,,8,8,2.0,1.0,,,1.0,,,2,1,0.0,,,,,,,,,,,,,,,,,,,,,,,,,,,,,,0,0,0,0,0,0,0,0,0,0,0,0,0,0,0,0,0,0,0,0,0,0,0,0,0,0,0,0,0,1,0,0,0,0,0,,1,0,0,0,0,0,0,0,0,0,0,0,0,0,0,0,,,,,,41-45,36-45,State route,R,Wednesday,Belt Used,PV,White,0,1,1,0,State Route,State Patrol,Washington State Patrol,0,1,0,0,0,,,,,,0.0,0.0,0.0,,,,,,,,,,,98.0,98.0,98.0,1.0,,,,,20.0,,,,,,,,,1.0,0.0,,,,,,,98237
3895,2021,478,EB91124,6.0,11/11/2021,22:13,11,11,,37,Kittitas,1060,2,,2,2,2,1,0,3,1,,,,24,0,0,125.0,1,0,1,1,1,1,1,0,0,0,0,I-90,,-120.1865778,46.943938889,0,1,1,13,2,70,2,0,0,1,2,24,1,2,2,3,6,3,2,53,0,37,31,2009,0,,63,24.0,39.0,,,,1,1,23,1,0.0,,0,0,3,0,11,0,,,,,0.0,0.0,0.0,3.0,1,0,,,,96,,,,,,98,,,,,,98851.0,53,69.0,180.0,6.0,1.0,0.0,1.0,0.0,2.0,,23,,,,,,4,06/15/2020,08/15/2021,8,0,0,0,8.0,9,2,,,0,,,8,8,0.0,0.0,,,0.0,,,0,0,996.0,,,,,,,,,,,,,,,,,,,,,,,,,,,,,,0,0,1,0,0,0,0,0,0,0,0,0,1,0,0,0,0,0,0,0,0,0,0,1,1,0,0,0,0,1,0,0,0,0,0,,0,0,0,0,0,0,0,0,0,1,0,0,0,0,0,0,,,,,,21-25,16-25,Interstate,R,Thursday,Belt Used,PV,Not Fatal,0,1,0,0,State Route,State Patrol,Washington State Patrol,1,1,0,0,0,,,,,,0.0,0.0,0.0,,,,,,,,,,,98.0,98.0,98.0,0.0,,,,,20.0,,,,,,,,,1.0,0.0,,,,,,,
3896,2021,479,EB91353,1.0,11/17/2021,5:16,17,11,,77,Yakima,2590,1,,2,1,2,1,1,1,1,,,,8,0,0,35.5,1,0,1,1,2,1,1,0,0,0,0,I-82,,-120.4720389,46.574383333,0,1,13,80,5,60,6,0,0,1,2,8,3,2,2,3,14,1,1,4,0,63,37,2017,0,,8,,,,,,1,1,33,1,0.0,,0,0,3,0,11,0,,,,,0.0,0.0,0.0,3.0,1,0,,,,96,,,,,,0,,,,,,98902.0,53,67.0,180.0,6.0,1.0,0.0,0.0,0.0,0.0,,0,,,,,,0,,,20,0,0,0,8.0,9,2,,,0,,,8,8,0.0,0.0,,,0.0,,,0,0,996.0,,,,,,,,,,,,,,,,,,,,,,,,,,,,,,0,0,0,0,0,0,0,0,0,1,0,1,0,0,0,0,0,1,0,0,0,0,0,0,0,0,0,0,0,1,0,1,0,0,0,,0,0,0,0,0,0,0,0,0,0,0,0,0,0,0,0,,,,,,31-35,26-35,Interstate,U,Wednesday,Belt Used,PV,Not Fatal,0,0,0,0,State Route,State Patrol,Washington State Patrol,0,1,0,0,0,,,,,,0.0,0.0,0.0,,,,,,,,,,,98.0,98.0,98.0,0.0,,,,,20.0,,,,,,,,,1.0,0.0,,,,,,,98901
3897,2021,480,EB91488,146.0,11/07/2021,16:40,7,11,,77,Yakima,0,1,,1,1,2,1,0,3,3,,,,12,0,7,32.3,1,0,1,5,1,2,4,0,0,0,0,CR-YAKIMA VALLEY HWY,,-119.9463806,46.288230556,0,1,47,10,2,55,14,0,0,1,2,12,1,1,2,1,6,1,1,53,0,2,404,1999,0,,63,12.0,69.0,68.0,12.0,,1,1,51,1,0.0,,0,0,99,7,11,0,,,,,0.0,0.0,0.0,2.0,1,8,,,,96,,,,,,9,,,,,,98901.0,53,67.0,220.0,1.0,1.0,0.0,0.0,1.0,0.0,,1,,,,,,0,02/15/2021,02/15/2021,20,0,0,0,8.0,9,2,,,0,,,1,8,2.0,401.0,417.0,,1.0,1.0,,2,1,0.0,,,,,,,,,,,,,,,,,,,,,,,,,,,,,,0,0,0,0,0,0,1,1,0,0,0,0,0,1,0,0,0,0,0,0,0,0,0,0,0,0,0,0,0,1,0,0,0,0,0,,0,0,0,0,0,0,1,1,0,0,0,1,0,0,1,0,,,,,,51-55,46-55,County road,R,Sunday,Unknown,PV,Not Fatal,0,1,1,0,County Road,County Sheriff,Yakima County Sheriff's Office,0,0,1,0,0,,,,,,0.0,0.0,0.0,,,,,,,,,,,0.0,0.0,0.0,0.0,,,,,20.0,,,,,,,,,1.0,0.0,,,YAKIMA VALLEY HIGHWAY,32.31,,,98944
3898,2021,480,EB91488,146.0,11/07/2021,16:40,7,11,,77,Yakima,0,1,,1,1,2,1,0,3,3,,,,12,0,7,32.3,1,0,1,5,1,2,4,0,0,0,0,CR-YAKIMA VALLEY HWY,,-119.9463806,46.288230556,0,2,98,62,4,55,4,0,0,1,2,12,1,1,2,1,1,1,1,53,0,20,25,2015,0,,12,,,,,,1,1,28,1,1.0,,4,7,3,0,11,0,11/07/2021,16:40,53057774.0,57774.0,0.0,0.0,0.0,3.0,1,0,,,,96,,,,,,98,,,,,,98944.0,53,68.0,195.0,6.0,1.0,0.0,0.0,0.0,2.0,,0,,,,,,0,09/15/2018,01/15/2018,8,0,0,0,0.0,9,8,,,0,,,8,8,2.0,996.0,,,1.0,,,2,1,0.0,,,,,,,,,,,,,,,,,,,,,,,,,,,,,,0,0,0,0,0,0,1,1,0,0,0,0,0,1,0,0,0,0,0,0,0,0,0,0,0,0,0,0,0,1,0,0,0,0,0,,1,0,0,0,0,0,1,1,0,0,0,0,0,0,1,0,,,,,,26-30,26-35,County road,R,Sunday,Belt Used,PV,Hispanic,0,1,1,0,County Road,County Sheriff,Yakima County Sheriff's Office,0,0,1,0,0,,,,,,0.0,0.0,0.0,,,,,,,,,,,98.0,98.0,98.0,298.0,,,,,20.0,,,,,,,,,1.0,0.0,,,YAKIMA VALLEY HIGHWAY,32.31,,,98944
3899,2021,480,EB91488,146.0,11/07/2021,16:40,7,11,,77,Yakima,0,1,,1,1,2,1,0,3,3,,,,12,1,7,32.3,1,0,1,5,1,2,4,0,0,0,0,CR-YAKIMA VALLEY HWY,,-119.9463806,46.288230556,0,3,45,61,4,55,98,0,0,1,5,12,1,1,2,1,1,99,9,99,0,97,997,9998,0,,12,,,,,,1,1,998,8,0.0,,0,0,98,7,11,0,,,,,99.0,9.0,9.0,9.0,1,0,,,,96,,,,,,98,,,,,,99998.0,98,,999.0,9.0,9.0,99.0,99.0,99.0,99.0,,0,,,,,,0,,,98,0,0,0,8.0,9,8,,,0,,,8,8,0.0,0.0,,,0.0,,,0,0,996.0,,,,,,,,,,,,,,,,,,,,,,,,,,,,,,0,0,0,0,0,0,1,1,0,0,0,0,0,1,0,0,0,0,0,0,0,0,0,0,0,0,0,0,0,1,0,0,0,0,0,,0,0,0,0,0,0,0,0,0,0,0,0,0,0,0,0,,,,,,,,County road,R,Sunday,,NR-U,Not Fatal,0,1,1,0,County Road,County Sheriff,Yakima County Sheriff's Office,0,0,1,0,0,,,,,,99.0,99.0,99.0,,,,,,,,,,,98.0,98.0,98.0,0.0,,,,,20.0,,,,,,,,,1.0,0.0,,,YAKIMA VALLEY HIGHWAY,32.31,,,98944
3900,2021,481,EB91198,8.0,11/09/2021,15:07,9,11,,45,Mason,2000,2,,1,2,2,2,0,8,3,,,,12,0,1,347.0,1,0,1,2,1,1,2,0,0,0,0,US-101,,-123.1179194,47.192691667,0,1,28,52,3,60,6,0,0,1,2,12,1,2,2,1,1,3,1,53,0,35,49,2017,0,,12,,,,,,1,1,56,2,0.0,,3,0,3,0,11,5,,,,,0.0,0.0,0.0,3.0,1,26,,,,96,,,,,,9,,,,,,98584.0,53,63.0,185.0,6.0,1.0,0.0,0.0,0.0,0.0,,0,,,,,,4,,,8,0,0,0,8.0,9,2,,,0,,,1,8,2.0,157.0,,,1.0,,,2,1,0.0,,,,,,,,,,,,,,,,,,,,,,,,,,,,,,0,0,0,0,0,0,1,1,0,0,0,0,1,1,0,0,0,0,0,1,0,0,0,0,0,0,0,0,0,1,0,0,0,0,0,,0,0,0,0,0,0,1,1,0,1,0,0,0,0,1,0,,,,,,56-60,56-65,US highway,R,Tuesday,Belt Used,PV,Not Fatal,0,0,0,0,State Route,State Patrol,Washington State Patrol,0,1,0,0,0,,,,,,0.0,0.0,0.0,,,,,,,,,,,98.0,98.0,98.0,0.0,,,,,20.0,,,,,,,,,1.0,0.0,,,,,,,98584
3901,2021,481,EB91198,8.0,11/09/2021,15:07,9,11,,45,Mason,2000,2,,1,2,2,2,0,8,3,,,,12,0,1,347.0,1,0,1,2,1,1,2,0,0,0,0,US-101,,-123.1179194,47.192691667,0,2,29,53,3,60,1,0,0,1,2,12,1,2,2,1,2,4,1,41,0,30,47,2013,0,,12,12.0,,,,,1,1,40,2,0.0,,2,0,3,0,11,5,,,,,0.0,0.0,0.0,0.0,1,0,,,,96,,,,,,0,,,,,,97138.0,41,,999.0,0.0,0.0,0.0,0.0,0.0,0.0,,0,,,,,,0,,,8,0,0,0,8.0,9,8,,,0,,,8,8,0.0,0.0,,,0.0,,,0,0,996.0,,,,,,,,,,,,,,,,,,,,,,,,,,,,,,0,0,0,0,0,0,1,1,0,0,0,0,1,1,0,0,0,0,0,1,0,0,0,0,0,0,0,0,0,1,0,0,0,0,0,,0,0,0,0,0,0,0,0,0,0,0,1,0,0,0,0,,,,,,36-40,36-45,US highway,R,Tuesday,Belt Used,PV,Not Fatal,0,0,0,0,State Route,State Patrol,Washington State Patrol,0,1,0,0,0,,,,,,0.0,0.0,0.0,,,,,,,,,,,98.0,98.0,98.0,0.0,,,,,20.0,,,,,,,,,1.0,0.0,,,,,,,98584
3902,2021,481,EB91198,8.0,11/09/2021,15:07,9,11,,45,Mason,2000,2,,1,2,2,2,0,8,3,,,,12,0,1,347.0,1,0,1,2,1,1,2,0,0,0,0,US-101,,-123.1179194,47.192691667,0,3,98,53,3,60,6,0,0,1,2,12,1,2,2,1,2,1,1,53,0,48,34,1998,0,,12,,,,,,1,1,60,1,0.0,,0,0,3,0,11,0,,,,,0.0,0.0,3.0,3.0,1,0,,,,96,,,,,,0,,,,,,98584.0,53,71.0,170.0,6.0,1.0,0.0,0.0,0.0,0.0,,0,,,,,,0,,,8,0,0,0,8.0,9,8,,,0,,,8,8,8.0,95.0,,,96.0,,,0,0,996.0,,,,,,,,,,,,,,,,,,,,,,,,,,,,,,0,0,0,0,0,0,1,1,0,0,0,0,1,1,0,0,0,0,0,1,0,0,0,0,0,0,0,0,0,1,0,0,0,0,0,,0,0,0,0,0,0,0,0,0,0,0,0,0,0,0,0,,,,,,56-60,56-65,US highway,R,Tuesday,Belt Used,PV,Not Fatal,0,0,0,0,State Route,State Patrol,Washington State Patrol,0,1,0,0,0,,,,,,0.0,0.0,0.0,,,,,,,,,,,0.0,0.0,0.0,0.0,,,,,20.0,,,,,,,,,1.0,0.0,,,,,,,98584
3903,2021,482,EB91747,2.0,11/18/2021,12:50,18,11,,61,Snohomish,0,10,,1,1,2,2,0,3,2,,,,12,0,2,17.9,1,0,1,3,2,1,3,0,0,0,0,SR-002,,-121.90815,47.85485,0,1,50,10,2,55,14,0,0,1,2,12,1,1,2,1,1,2,2,53,0,42,401,2011,0,,63,69.0,68.0,12.0,2.0,,1,1,23,2,7.0,,4,7,20,7,11,0,11/18/2021,12:50,53059776.0,59776.0,0.0,0.0,0.0,3.0,1,58,,,,92,,,,,,98,,,,,,98244.0,53,67.0,160.0,6.0,1.0,0.0,3.0,1.0,1.0,,0,,,,,,0,05/15/2017,04/15/2019,99,0,0,0,0.0,9,8,,,0,,,1,8,2.0,996.0,695.0,605.0,1.0,1.0,1.0,2,1,0.0,,,,,,,,,,,,,,,,,,,,,,,,,,,,,,0,0,0,0,0,0,1,1,1,0,0,0,0,0,0,0,1,0,0,1,0,0,0,1,1,0,0,0,0,1,1,0,0,1,0,,1,0,0,0,0,0,1,1,1,0,0,0,0,0,1,0,,,,,,21-25,16-25,State route,U,Thursday,Not Used,PV,White,0,1,1,0,State Route,State Patrol,Washington State Patrol,0,1,0,0,0,thc,4.3,carboxy-thc,21.0,,0.0,0.0,2.0,1.0,1.0,1.0,,,401.0,417.0,151.0,996.0,,98.0,98.0,98.0,1.0,,,,,20.0,,,,,,,,nms,1.0,0.0,,,,,,,98272
3904,2021,482,EB91747,2.0,11/18/2021,12:50,18,11,,61,Snohomish,0,10,,1,1,2,2,0,3,2,,,,12,0,2,17.9,1,0,1,3,2,1,3,0,0,0,0,SR-002,,-121.90815,47.85485,0,2,51,62,4,55,63,1,0,1,2,12,1,1,2,1,1,1,3,53,0,87,881,2022,0,,12,,,,,,1,1,58,1,0.0,,2,0,3,0,11,5,,,,,6.0,1.0,0.0,3.0,1,0,,,,96,,,,,,0,,,,,,98258.0,53,74.0,270.0,6.0,1.0,0.0,0.0,0.0,0.0,,0,,,,,,0,,,20,0,0,0,8.0,9,8,,,0,,,8,8,8.0,95.0,,,96.0,,,2,98,997.0,,,,,,,,,,,,,,,,,,,,,,,,,,,,,,0,0,0,0,0,0,1,1,1,0,0,0,0,0,0,0,1,0,0,1,0,0,0,1,1,0,0,0,0,1,1,0,0,0,0,,0,0,0,0,0,0,0,0,0,0,0,0,0,0,0,0,,,,,,56-60,56-65,State route,U,Thursday,,MHTRUCK,Not Fatal,0,1,1,0,State Route,State Patrol,Washington State Patrol,0,1,0,0,0,,,,,,0.0,0.0,0.0,,,,,,,,,,,98.0,98.0,98.0,0.0,,,,,20.0,,,,,,,,,1.0,0.0,,,,,,,98272