,year,case,par,repjur,crash_dt,crash_tm,accday,accmon,holiday,county,co_char,city,weather,weather2,lightcond,surfcond,surftype,numfatal,nmforms,pforms,vforms,not_tm,arr_tm,hosp_tm,fhevent,hitrun,manncol,milepnt,reljunc,reljuncinter,intersectiontype,funcsystem,landuse,ownership,route,schlbus,spejur,contdev,devfunc,trafid1,trafid2,x,y,wk_zone,vnumber,crashtype,criticalevent,criticaleventcat,spdlim,body,trailer,emerg,hazcargo,leave,mhevent,roadalgn,roadprof,traflane,trafflow,vehmanvr,numoccs,regowner,regstate,spuse,make,model,modelyr,vrf1,vrf2,seqevent1,seqevent2,seqevent3,seqevent4,seqevent5,seqevent6,pnumber,ptype,age,sex,hispanic,race,injury,diedscene,restraint,restraintmisuse,seatpos,takehosp,death_dt,death_tm,cert,cernum_wa,commlic,licendor,licrestrict,liccomp,drivpres,drf1,drf2,drf3,drf4,distract1,distract2,distract3,distract4,distract5,distract6,dricond1,dricond2,dricond3,dricond4,dricond5,dricond6,dzip,licstate,drhgt_in,weight,noncdl,noncdltype,prevdwi,prevoth,prevacc,prevspd,prevsus,driviol1,driviol2,driviol3,driviol4,driviol5,driviol6,spdrel,first_dt,last_dt,airbag,ejection,ejectpath,extricat,injurwrk,methalc,methdrug,nmlocat,strikveh,prf1,prf2,prf3,druginv,alcinvol,drugsts,drugres1,drugres2,drugres3,drugtst1,drugtst2,drugtst3,alcsts,alctst,alcres,nmact1,nmact2,nmact3,nmact4,nmact5,nmact6,nmprior1,nmprior2,nmprior3,nmprior4,nmprior5,nmprior6,nmcond1,nmcond2,nmcond3,nmcond4,nmcond5,nmcond6,nmsafe_helmet,nmsafe_pads,nmsafe_oth,nmprev_ref,nmprev_lgt,nmprev_oth,crashlocation,nmcrashtype,crosswalk,schoolzone,sidewalk,train_inv,wildlife_inv,rotr_fars,intersect_fars,dd_inv,aid_inv,dpd_inv,id_inv,mj_inv,impnm_inv,ainm_inv,dpnm_inv,speed_inv,unlic_inv,unendmc_inv,drowsy_inv,drdist_inv,nmdist_inv,fty_inv,unrestfat_inv,dr1617_inv,dr1820_inv,dr1620_inv,dr2125_inv,dr1625_inv,dr65_inv,dr70_inv,dr75_inv,mc_inv,pv_inv,ht_inv,ped_inv,bike_inv,unrest_fat,mc_fat,unhelmet_mc,pv_fat,ht_fat,ped_fat,bike_fat,dr_alc7,dr_alc8,dr_drug,dr_imp,dr_dist,dr_spd,dr_fty,dr_unlic,dr_alc7only,dr_alc8only,dr_drugonly,dr_drink,nm_imp,nm_alc7,nm_alc8,nm_drug,nm_dist,agegrp1,agegrp2,roadclass,urbrur,dayweek,restuse,vehtype,race_me,intersect,lanedep,oppdir,wrongway,rep_typ,investag,repag_long,rotr,st_rd,cty_rd,city_rd,oth_rd,drug_thc,thc_res,drug_cthc,cthc_res,drug_cann,prevpersemin,prevperse,prevsusoth,drugtst4,drugtst5,drugtst6,drugtst7,drugtst8,drugres4,drugres5,drugres6,drugres7,drugres8,adspresent,adsengaged,adslevel,race1,race2,race3,race4,race5,helmet,helmetmisuse,nmdistract1,nmdistract2,nmdistract3,nmdistract4,nmdistract5,nmdistract6,lab,isedtcase,crf1,crf2,crf3,CoRoadName,CoMP,IntCoRoadName,IntCoMP,zipcode
3943,2021,507,EB96318,278.0,11/29/2021,19:33,29,11,,63,Spokane,2110,1,,3,1,2,1,0,2,2,,,,1,0,0,3.7,8,0,1,3,2,1,3,0,0,0,0,SR-290,,-117.3353667,47.673833333,0,2,98,98,7,35,4,0,0,1,5,54,1,1,4,1,11,1,1,53,0,29,5,2021,0,,54,,,,,,1,1,35,1,0.0,,0,0,3,0,11,0,,,,,0.0,0.0,0.0,3.0,1,0,,,,96,,,,,,0,,,,,,99212.0,53,71.0,175.0,6.0,1.0,0.0,0.0,0.0,0.0,,0,,,,,,0,,,20,0,0,0,8.0,9,8,,,0,,,8,8,0.0,0.0,,,0.0,,,0,0,996.0,,,,,,,,,,,,,,,,,,,,,,,,,,,,,,0,0,0,0,0,0,1,1,0,0,0,0,1,1,1,0,0,0,0,0,0,1,1,0,1,0,0,0,1,1,0,0,0,0,0,,0,0,0,0,0,0,0,0,0,0,0,0,0,0,0,0,,,,,,31-35,26-35,State route,U,Monday,Belt Used,PV,Not Fatal,0,0,0,0,State Route,Municipal/City Police,Spokane Police Department,0,1,0,0,0,,,,,,0.0,0.0,0.0,,,,,,,,,,,98.0,98.0,98.0,0.0,,,,,20.0,,,,,,,,,1.0,14.0,,,,,,,99211
3944,2021,508,EB96488,13.0,11/23/2021,17:03,23,11,,9,Clallam,0,10,,2,2,7,1,1,2,1,,,,8,0,0,,1,0,1,7,1,2,4,0,0,0,0,CR-E SEQUIM BAY RD,,-123.0028,48.071372222,0,1,13,80,5,35,34,0,0,1,5,8,1,2,2,1,1,2,1,53,0,12,471,1996,0,,8,,,,,,1,1,74,1,0.0,,0,0,3,0,11,0,,,,,0.0,0.0,0.0,3.0,1,0,,,,96,,,,,,0,,,,,,98382.0,53,68.0,170.0,6.0,1.0,0.0,0.0,0.0,0.0,,0,,,,,,0,,,20,0,0,0,8.0,9,2,,,0,,,8,8,0.0,0.0,,,0.0,,,0,0,996.0,,,,,,,,,,,,,,,,,,,,,,,,,,,,,,0,0,0,0,0,0,0,0,0,0,0,0,0,0,0,0,0,0,0,0,0,0,0,0,0,1,1,0,0,1,0,1,0,0,0,,0,0,0,0,0,0,0,0,0,0,0,0,0,0,0,0,,,,,,71-75,66-75,County road,R,Tuesday,Belt Used,PV,Not Fatal,0,0,0,0,County Road,County Sheriff,Clallam County Sheriff's Office,0,0,1,0,0,,,,,,0.0,0.0,0.0,,,,,,,,,,,0.0,0.0,0.0,0.0,,,,,20.0,,,,,,,,,1.0,0.0,,,EAST SEQUIM BAY RD.,3.15,,,98382
3945,2021,509,EB96787,3.0,11/25/2021,2:15,25,11,,53,Pierce,2230,2,,3,2,2,1,0,4,2,,,,12,1,1,134.8,1,0,1,1,2,1,1,0,0,0,0,I-5,,-122.4131083,47.238941667,1,1,24,51,3,50,14,0,0,1,2,12,1,2,3,3,1,99,2,53,0,2,403,2019,0,,12,,,,,,1,1,25,2,0.0,,0,0,3,0,11,0,,,,,0.0,0.0,0.0,3.0,1,6,,,,96,,,,,,9,,,,,,98092.0,53,65.0,157.0,6.0,1.0,0.0,2.0,1.0,1.0,,1,3.0,,,,,0,09/15/2017,05/15/2018,1,0,0,0,8.0,9,8,,,0,,,8,1,8.0,95.0,,,96.0,,,0,0,996.0,,,,,,,,,,,,,,,,,,,,,,,,,,,,,,0,0,0,0,1,0,0,0,0,0,0,0,0,0,0,0,0,0,0,0,0,0,0,1,1,1,0,0,0,1,0,0,0,0,0,,0,0,0,0,0,0,0,0,0,0,0,0,0,0,0,1,,,,,,21-25,16-25,Interstate,U,Thursday,Belt Used,PV,Not Fatal,0,0,0,0,State Route,State Patrol,Washington State Patrol,0,1,0,0,0,,,,,,0.0,0.0,0.0,,,,,,,,,,,98.0,98.0,98.0,0.0,,,,,20.0,,,,,,,,,1.0,0.0,,,,,,,98421
3946,2021,509,EB96787,3.0,11/25/2021,2:15,25,11,,53,Pierce,2230,2,,3,2,2,1,0,4,2,,,,12,0,1,134.8,1,0,1,1,2,1,1,0,0,0,0,I-5,,-122.4131083,47.238941667,1,2,25,53,3,50,4,0,0,1,2,12,4,2,3,3,14,3,2,53,0,59,31,2004,0,,12,,,,,,1,1,65,1,0.0,,2,0,3,0,11,5,,,,,0.0,0.0,0.0,3.0,1,0,,,,0,,,,,,0,,,,,,98499.0,53,71.0,160.0,6.0,1.0,0.0,0.0,1.0,0.0,,0,,,,,,0,07/15/2019,07/15/2019,20,0,0,0,8.0,9,8,,,0,,,8,8,8.0,95.0,,,96.0,,,0,0,996.0,,,,,,,,,,,,,,,,,,,,,,,,,,,,,,0,0,0,0,1,0,0,0,0,0,0,0,0,0,0,0,0,0,0,0,0,0,0,1,1,1,0,0,0,1,0,0,0,0,0,,0,0,0,0,0,0,0,0,0,0,0,0,0,0,0,0,,,,,,61-65,56-65,Interstate,U,Thursday,Belt Used,PV,Not Fatal,0,0,0,0,State Route,State Patrol,Washington State Patrol,0,1,0,0,0,,,,,,0.0,0.0,1.0,,,,,,,,,,,98.0,98.0,98.0,0.0,,,,,20.0,,,,,,,,,1.0,0.0,,,,,,,98421
3947,2021,510,EB97526,248.0,12/06/2021,20:50,6,12,,33,King,1830,2,,3,2,2,1,0,2,2,,,,18,0,0,0.0,1,0,1,4,2,4,6,0,0,0,0,BENSON RD S,,-122.2063056,47.467880556,0,1,98,62,4,35,4,0,0,1,2,12,2,2,2,1,14,1,1,53,0,55,41,2012,0,,12,,,,,,1,1,30,1,0.0,,3,0,3,0,11,5,,,,,0.0,0.0,0.0,3.0,1,0,,,,92,,,,,,98,,,,,,98032.0,53,71.0,240.0,6.0,1.0,0.0,1.0,1.0,0.0,,0,,,,,,0,11/15/2018,06/15/2019,8,0,0,1,8.0,9,2,,,0,,,8,8,0.0,0.0,,,0.0,,,0,0,996.0,,,,,,,,,,,,,,,,,,,,,,,,,,,,,,0,0,0,0,1,1,1,1,1,0,0,0,0,0,0,0,1,0,0,1,0,0,0,0,0,0,0,0,0,1,0,0,0,0,0,,0,0,0,0,0,0,0,0,1,0,0,0,0,0,0,0,,,,,,26-30,26-35,City street,U,Monday,Belt Used,PV,Not Fatal,0,1,0,0,City Street,Municipal/City Police,Renton Police Department,1,0,0,1,0,,,,,,0.0,0.0,0.0,,,,,,,,,,,98.0,98.0,98.0,0.0,,,,,20.0,,,,,,,,,1.0,0.0,,,,,,,98057
3948,2021,510,EB97526,248.0,12/06/2021,20:50,6,12,,33,King,1830,2,,3,2,2,1,0,2,2,,,,18,0,0,0.0,1,0,1,4,2,4,6,0,0,0,0,BENSON RD S,,-122.2063056,47.467880556,0,2,12,90,6,35,6,0,0,1,2,30,3,2,2,1,14,1,1,53,0,58,44,2015,0,,18,63.0,30.0,69.0,68.0,12.0,1,1,50,1,7.0,,4,7,20,7,11,0,12/06/2021,20:50,183053063371.0,63371.0,0.0,0.0,3.0,3.0,1,0,,,,92,,,,,,98,,,,,,98055.0,53,73.0,240.0,6.0,1.0,0.0,0.0,0.0,4.0,,0,,,,,,0,11/15/2021,01/15/2021,8,0,0,0,0.0,9,8,,,0,,,8,8,2.0,996.0,996.0,695.0,1.0,1.0,1.0,2,1,0.214,,,,,,,,,,,,,,,,,,,,,,,,,,,,,,0,0,0,0,1,1,1,1,1,0,0,0,0,0,0,0,1,0,0,1,0,0,0,0,0,0,0,0,0,1,0,0,0,1,0,,1,0,0,0,0,1,1,1,1,0,0,0,0,0,0,1,,,,,,46-50,46-55,City street,U,Monday,Not Used,PV,Black,0,1,0,0,City Street,Municipal/City Police,Renton Police Department,1,0,0,1,0,thc,9.8,carboxy-thc,6.8,,0.0,0.0,0.0,1.0,,,,,605.0,,,,,98.0,98.0,98.0,2.0,,,,,20.0,,,,,,,,nms,1.0,0.0,,,,,,,98057
3949,2021,511,EB98166,24.0,11/25/2021,17:47,25,11,,31,Jefferson,0,10,,2,2,2,1,0,1,1,,,,42,0,0,10.4,1,0,1,6,1,2,4,0,0,0,0,CR-OAK BAY RD,,-122.7178944,47.914294444,0,1,1,13,2,45,4,0,0,1,5,42,3,1,2,1,14,1,1,53,0,18,19,2012,0,,63,42.0,42.0,,,,1,1,37,1,7.0,,4,7,3,0,11,0,11/25/2021,18:22,53060564.0,60564.0,0.0,0.0,3.0,3.0,1,0,,,,92,,,,,,98,,,,,,98103.0,53,69.0,170.0,6.0,1.0,0.0,0.0,0.0,0.0,,0,,,,,,0,,,8,0,0,0,0.0,9,8,,,0,,,8,8,8.0,95.0,,,96.0,,,8,95,995.0,,,,,,,,,,,,,,,,,,,,,,,,,,,,,,0,0,1,0,0,0,0,0,0,0,0,0,0,0,0,0,1,0,0,0,0,0,0,0,0,0,0,0,0,1,0,0,0,0,0,,1,0,0,0,0,0,0,0,1,0,0,0,0,0,0,0,,,,,,36-40,36-45,County road,R,Thursday,Belt Used,PV,White,0,1,0,0,County Road,County Sheriff,Jefferson County Sheriff's Office,1,0,1,0,0,,,,,,0.0,0.0,0.0,,,,,,,,,,,98.0,98.0,98.0,1.0,,,,,20.0,,,,,,,,,1.0,0.0,,,OAK BAY RD,10.37,,,98365
3950,2021,512,EB85154,25.0,10/24/2021,15:04,24,10,,33,King,0,6,,1,1,2,2,0,2,1,,,,42,0,0,1.4,1,0,1,4,1,2,4,0,0,0,0,CR-PRESTON FALL CITY RD,,-121.914025,47.536758333,0,1,98,98,7,45,4,0,0,1,2,42,3,2,2,1,14,2,1,53,0,48,38,2012,0,,42,,,,,,1,1,22,1,7.0,,4,7,3,0,11,0,10/24/2021,15:04,53055022.0,55022.0,0.0,0.0,0.0,3.0,1,0,,,,96,,,,,,98,,,,,,98008.0,53,72.0,156.0,6.0,1.0,0.0,1.0,1.0,0.0,,0,,,,,,0,11/15/2017,01/15/2017,8,0,0,0,0.0,9,8,,,0,,,8,8,2.0,1.0,,,1.0,,,2,1,0.0,,,,,,,,,,,,,,,,,,,,,,,,,,,,,,0,0,0,0,0,0,0,0,0,0,0,0,0,0,0,0,0,0,0,0,0,0,0,1,1,0,0,0,0,1,0,0,0,0,0,,1,0,0,0,0,0,0,0,0,0,0,0,0,0,0,0,,,,,,21-25,16-25,County road,R,Sunday,Belt Used,PV,White,0,0,0,0,County Road,County Sheriff,King County Police,0,0,1,0,0,,,,,,0.0,0.0,0.0,,,,,,,,,,,98.0,98.0,98.0,1.0,,,,,20.0,,,,,,,,,1.0,0.0,,,PRESTON-FALL CITY RD SE,1.439,,,98027
3951,2021,513,EB98308,55.0,12/06/2021,18:59,6,12,,33,King,100,2,,3,2,2,1,0,4,2,,,,12,0,6,0.1,2,0,2,2,2,1,3,0,0,3,3,SR-167 RAMP,15TH ST NW,-122.2438056,47.32235,0,1,69,17,2,35,4,0,0,1,2,12,1,1,2,2,1,3,2,53,0,32,43,2015,0,,12,,,,,,1,1,24,1,0.0,,3,0,20,7,11,5,,,,,0.0,0.0,0.0,0.0,1,0,,,,96,,,,,,98,,,,,,95206.0,6,65.0,130.0,0.0,0.0,0.0,0.0,1.0,0.0,,97,,,,,,4,10/15/2019,01/15/2020,8,0,0,0,8.0,9,8,,,0,,,8,8,0.0,0.0,,,0.0,,,0,0,996.0,,,,,,,,,,,,,,,,,,,,,,,,,,,,,,0,0,0,1,0,0,0,0,0,0,0,0,1,1,0,0,0,0,0,1,0,0,0,1,1,0,0,0,0,1,1,0,0,0,0,,0,0,0,0,0,0,0,0,0,1,0,1,0,0,0,0,,,,,,21-25,16-25,State route,U,Monday,Not Used,PV,Not Fatal,1,0,0,0,State Route,Municipal/City Police,Auburn Police Department,0,1,0,0,0,,,,,,0.0,0.0,2.0,,,,,,,,,,,98.0,98.0,98.0,0.0,,,,,20.0,,,,,,,,,1.0,0.0,,,,,,,98071
3952,2021,513,EB98308,55.0,12/06/2021,18:59,6,12,,33,King,100,2,,3,2,2,1,0,4,2,,,,12,0,6,0.1,2,0,2,2,2,1,3,0,0,3,3,SR-167 RAMP,15TH ST NW,-122.2438056,47.32235,0,2,68,15,2,35,66,1,0,1,2,12,1,1,6,1,11,1,3,18,0,82,881,2020,0,,12,,,,,,1,1,37,1,0.0,,0,0,3,0,11,0,,,,,6.0,3.0,3.0,3.0,1,0,,,,96,,,,,,98,,,,,,98031.0,53,66.0,175.0,6.0,1.0,0.0,0.0,1.0,0.0,,0,,,,,,0,07/15/2018,07/15/2018,20,0,0,0,8.0,9,8,,,0,,,8,8,0.0,0.0,,,0.0,,,0,0,996.0,,,,,,,,,,,,,,,,,,,,,,,,,,,,,,0,0,0,1,0,0,0,0,0,0,0,0,1,1,0,0,0,0,0,1,0,0,0,1,1,0,0,0,0,1,1,0,0,0,0,,0,0,0,0,0,0,0,0,0,0,0,0,0,0,0,0,,,,,,36-40,36-45,State route,U,Monday,,MHTRUCK,Not Fatal,1,0,0,0,State Route,Municipal/City Police,Auburn Police Department,0,1,0,0,0,,,,,,0.0,0.0,0.0,,,,,,,,,,,98.0,98.0,98.0,0.0,,,,,20.0,,,,,,,,,1.0,0.0,,,,,,,98071
3953,2021,514,EB98577,1.0,12/02/2021,5:11,2,12,,77,Yakima,0,1,,2,1,2,1,0,2,2,,,,12,0,6,60.4,2,0,2,3,1,1,3,0,3,20,3,SR-97,LARUE RD,-120.3201833,46.360502778,0,1,86,17,2,35,66,1,0,1,2,12,1,1,2,1,1,1,3,40,0,82,881,2020,0,,12,,,,,,1,1,55,2,7.0,,4,0,3,0,11,5,12/02/2021,7:24,259053062320.0,62320.0,6.0,1.0,0.0,3.0,1,39,,,,96,,,,,,98,,,,,,98593.0,53,65.0,195.0,6.0,1.0,0.0,0.0,0.0,0.0,,0,,,,,,0,,,20,0,0,0,1.0,9,2,,,0,,,8,8,2.0,348.0,996.0,522.0,1.0,1.0,1.0,2,1,0.0,,,,,,,,,,,,,,,,,,,,,,,,,,,,,,0,0,0,1,0,0,1,1,0,0,0,0,0,0,0,0,0,0,0,0,0,0,0,0,0,0,0,0,0,0,1,0,0,0,0,,0,1,0,0,0,0,1,1,0,0,0,0,0,0,1,0,,,,,,51-55,46-55,State route,R,Thursday,,MHTRUCK,White,1,0,0,0,State Route,State Patrol,Washington State Patrol,0,1,0,0,0,,,,,,0.0,0.0,0.0,,,,,,,,,,,98.0,98.0,98.0,1.0,,,,,20.0,,,,,,,,,1.0,0.0,,,,,,,98948
3954,2021,514,EB98577,1.0,12/02/2021,5:11,2,12,,77,Yakima,0,1,,2,1,2,1,0,2,2,,,,12,0,6,60.4,2,0,2,3,1,1,3,0,3,0,0,SR-97,LARUE RD,-120.3201833,46.360502778,0,2,87,66,4,55,63,1,0,1,2,12,1,1,2,1,1,1,1,53,0,85,881,2003,0,,12,,,,,,1,1,57,1,0.0,,1,0,3,0,11,0,,,,,6.0,1.0,3.0,3.0,1,0,,,,96,,,,,,98,,,,,,98620.0,53,74.0,265.0,6.0,1.0,0.0,0.0,0.0,1.0,,0,,,,,,0,11/15/2019,11/15/2019,20,0,0,0,8.0,9,2,,,0,,,8,8,0.0,0.0,,,0.0,,,0,0,996.0,,,,,,,,,,,,,,,,,,,,,,,,,,,,,,0,0,0,1,0,0,1,1,0,0,0,0,0,0,0,0,0,0,0,0,0,0,0,0,0,0,0,0,0,0,1,0,0,0,0,,0,0,0,0,0,0,0,0,0,0,0,0,0,0,0,0,,,,,,56-60,56-65,State route,R,Thursday,,MHTRUCK,Not Fatal,1,0,0,0,State Route,State Patrol,Washington State Patrol,0,1,0,0,0,,,,,,0.0,0.0,0.0,,,,,,,,,,,98.0,98.0,98.0,0.0,,,,,20.0,,,,,,,,,1.0,0.0,,,,,,,98948
3955,2021,515,EB98843,25.0,12/06/2021,10:59,6,12,,33,King,0,2,,9,2,1,1,0,1,1,,,,34,0,0,0.5,1,0,1,7,1,2,4,0,0,0,0,CR-415TH WAY SE,,-121.8078694,47.492158333,0,1,92,12,2,98,4,0,0,1,2,2,1,2,2,1,13,1,2,53,0,7,43,2000,0,,68,64.0,34.0,41.0,2.0,,1,1,22,1,7.0,,4,0,99,7,11,5,12/06/2021,21:28,196053062839.0,62839.0,0.0,0.0,0.0,3.0,1,31,,,,96,,,,,,98,,,,,,98072.0,53,71.0,145.0,6.0,1.0,0.0,0.0,0.0,0.0,,0,,,,,,0,,,99,9,0,0,0.0,9,8,,,0,,,8,8,2.0,348.0,996.0,522.0,1.0,1.0,1.0,2,1,0.0,,,,,,,,,,,,,,,,,,,,,,,,,,,,,,0,0,0,0,0,0,1,1,1,0,0,0,0,0,0,0,0,0,0,0,0,0,0,1,1,0,0,0,0,1,0,0,0,0,0,,1,0,0,0,0,0,1,1,0,0,0,0,0,0,1,0,,,,,,21-25,16-25,County road,R,Monday,Unknown,PV,White,0,1,0,0,County Road,County Sheriff,King County Police,1,0,1,0,0,,,carboxy-thc,8.2,,0.0,0.0,0.0,1.0,,,,,605.0,,,,,98.0,98.0,98.0,1.0,,,,,20.0,,,,,,,,nms,1.0,0.0,,,415 WAY SE,0.534,,,98045
3956,2021,516,EB98844,262.0,12/04/2021,18:29,4,12,,33,King,1958,2,,3,2,1,2,0,3,2,,,,12,0,2,0.0,1,0,1,4,2,4,6,0,0,0,0,DES MOINES MEMORIAL DR S,,-122.3146139,47.478541667,0,1,50,10,2,35,4,0,0,1,2,12,1,1,2,1,1,1,2,53,0,54,36,2006,0,,68,12.0,,,,,1,1,65,2,7.0,,4,7,20,7,11,0,12/04/2021,18:29,195853062832.0,62832.0,0.0,0.0,3.0,2.0,1,28,,,,96,,,,,,9,,,,,,98338.0,53,63.0,125.0,1.0,1.0,2.0,2.0,3.0,0.0,,0,,,,,,0,11/15/2016,12/15/2021,8,0,0,0,0.0,9,8,,,0,,,8,1,2.0,189.0,188.0,,1.0,1.0,,2,1,0.188,,,,,,,,,,,,,,,,,,,,,,,,,,,,,,0,0,0,0,1,1,1,1,0,0,0,0,0,1,0,0,0,0,0,1,0,1,1,0,1,1,0,0,0,1,0,0,0,1,0,,1,0,0,0,0,1,1,1,0,0,0,1,0,0,0,1,,,,,,61-65,56-65,City street,U,Saturday,Not Used,PV,White,0,1,1,0,City Street,Municipal/City Police,SeaTac Police Department,0,0,0,1,0,,,,,,0.0,2.0,0.0,,,,,,,,,,,98.0,98.0,98.0,1.0,,,,,20.0,,,,,,,,,1.0,0.0,,,,,,,98168
3957,2021,516,EB98844,262.0,12/04/2021,18:29,4,12,,33,King,1958,2,,3,2,1,2,0,3,2,,,,12,0,2,0.0,1,0,1,4,2,4,6,0,0,0,0,DES MOINES MEMORIAL DR S,,-122.3146139,47.478541667,0,2,51,62,4,35,4,0,0,1,2,12,1,1,2,1,1,2,1,53,0,55,35,2013,0,,12,,,,,,1,1,20,1,0.0,,3,0,20,7,11,8,,,,,0.0,0.0,0.0,3.0,1,0,,,,96,,,,,,98,,,,,,98057.0,53,73.0,130.0,6.0,1.0,0.0,0.0,0.0,2.0,,0,,,,,,0,07/15/2019,07/15/2019,8,0,0,0,8.0,9,8,,,0,,,8,8,0.0,0.0,,,0.0,,,0,0,996.0,,,,,,,,,,,,,,,,,,,,,,,,,,,,,,0,0,0,0,1,1,1,1,0,0,0,0,0,1,0,0,0,0,0,1,0,1,1,0,1,1,0,0,0,1,0,0,0,0,0,,0,0,0,0,0,0,0,0,0,0,0,0,0,0,0,0,,,,,,18-20,16-25,City street,U,Saturday,Not Used,PV,Not Fatal,0,1,1,0,City Street,Municipal/City Police,SeaTac Police Department,0,0,0,1,0,,,,,,0.0,0.0,1.0,,,,,,,,,,,98.0,98.0,98.0,0.0,,,,,20.0,,,,,,,,,1.0,0.0,,,,,,,98168
3958,2021,517,EB98910,146.0,11/24/2021,9:40,24,11,,77,Yakima,0,1,,1,1,2,1,0,1,1,,,,52,0,0,1.1,1,0,1,6,1,2,4,0,3,0,0,CR-STEPHENSON RD,,-120.6913389,46.432127778,0,1,6,12,2,50,4,0,0,1,2,52,1,4,2,1,1,1,2,53,0,12,37,2009,0,,68,64.0,52.0,,,,1,1,28,2,7.0,,4,7,3,0,11,0,11/24/2021,9:40,53061241.0,61241.0,0.0,0.0,0.0,0.0,1,0,,,,96,,,,,,2,,,,,,98903.0,53,64.0,180.0,0.0,0.0,0.0,0.0,0.0,1.0,,0,,,,,,0,05/15/2019,05/15/2019,20,0,0,0,0.0,9,8,,,0,,,8,8,2.0,402.0,407.0,996.0,1.0,1.0,1.0,2,1,0.0,,,,,,,,,,,,,,,,,,,,,,,,,,,,,,0,0,1,0,0,0,1,1,0,0,0,0,0,1,0,1,0,0,0,0,0,0,0,0,0,0,0,0,0,1,0,0,0,0,0,,1,0,0,0,0,0,1,1,0,0,0,1,0,0,1,0,,,,,,26-30,26-35,County road,R,Wednesday,Belt Used,PV,AIAN,0,1,0,0,County Road,County Sheriff,Yakima County Sheriff's Office,1,0,1,0,0,,,,,,0.0,0.0,0.0,1.0,1.0,1.0,,,151.0,996.0,996.0,,,98.0,98.0,98.0,3.0,,,,,20.0,,,,,,,,,1.0,0.0,,,STEPHENSON RD.,1.08,,,98951
3959,2021,518,3835913,263.0,09/24/2021,2:21,24,9,,33,King,1960,1,,3,1,1,1,0,2,3,,,,30,0,0,0.0,1,0,1,3,2,4,6,0,0,0,0,15TH AVE W,,-122.3761444,47.633044444,0,1,6,8,1,25,15,0,0,1,2,30,2,1,4,1,14,2,2,6,0,12,422,2004,0,,68,64.0,30.0,59.0,38.0,30.0,1,1,34,2,6.0,,4,7,3,0,11,0,09/24/2021,2:21,196053049084.0,49084.0,0.0,0.0,0.0,0.0,1,0,,,,92,,,,,,1,,,,,,98043.0,53,60.0,135.0,0.0,0.0,0.0,0.0,0.0,0.0,,0,,,,,,0,,,20,0,0,0,0.0,9,8,,,0,,,8,8,2.0,402.0,407.0,996.0,1.0,1.0,1.0,2,1,0.186,,,,,,,,,,,,,,,,,,,,,,,,,,,,,,0,0,1,0,1,1,1,1,0,0,0,0,0,1,0,0,1,0,0,0,0,0,0,0,0,0,0,0,0,1,0,0,0,0,0,,1,0,0,0,0,1,1,1,1,0,0,1,0,0,0,1,,,,,,31-35,26-35,City street,U,Friday,Belt Used,PV,Hispanic,0,1,0,0,City Street,Municipal/City Police,Seattle Police Department,1,0,0,1,0,,,,,,0.0,0.0,0.0,,,,,,,,,,,98.0,98.0,98.0,298.0,,,,,20.0,,,,,,,,,1.0,0.0,,,,,,,98119
3960,2021,519,EB99501,297.0,12/04/2021,13:16,4,12,,33,King,2310,2,,1,2,2,1,0,7,3,,,,12,0,2,0.0,1,0,1,4,2,4,6,0,0,0,0,S RYAN WAY,,-122.2769556,47.507683333,0,1,50,10,2,35,2,0,0,1,2,12,2,2,4,1,14,1,1,53,0,49,44,1999,0,,68,12.0,12.0,,,,1,1,51,1,7.0,,4,7,20,7,11,0,12/04/2021,13:16,231053062969.0,62969.0,0.0,0.0,3.0,3.0,1,28,,,,96,,,,,,98,,,,,,98168.0,53,69.0,167.0,6.0,1.0,1.0,1.0,0.0,0.0,,0,,,,,,4,07/15/2018,05/15/2018,20,1,9,0,0.0,9,8,,,0,,,8,8,2.0,695.0,605.0,,1.0,1.0,,2,1,0.315,,,,,,,,,,,,,,,,,,,,,,,,,,,,,,0,0,0,0,1,1,1,1,1,0,0,0,1,0,0,0,0,0,0,1,0,0,0,0,0,0,0,0,0,1,0,0,0,1,0,,1,0,0,0,0,1,1,1,0,1,0,0,0,0,0,1,,,,,,51-55,46-55,City street,U,Saturday,Not Used,PV,Black,0,1,1,0,City Street,Municipal/City Police,Tukwila Police Department,0,0,0,1,0,thc,3.6,carboxy-thc,9.3,,0.0,1.0,0.0,,,,,,,,,,,0.0,0.0,0.0,2.0,,,,,20.0,,,,,,,,nms,1.0,0.0,,,,,,,98178