,year,case,par,repjur,crash_dt,crash_tm,accday,accmon,holiday,county,co_char,city,weather,weather2,lightcond,surfcond,surftype,numfatal,nmforms,pforms,vforms,not_tm,arr_tm,hosp_tm,fhevent,hitrun,manncol,milepnt,reljunc,reljuncinter,intersectiontype,funcsystem,landuse,ownership,route,schlbus,spejur,contdev,devfunc,trafid1,trafid2,x,y,wk_zone,vnumber,crashtype,criticalevent,criticaleventcat,spdlim,body,trailer,emerg,hazcargo,leave,mhevent,roadalgn,roadprof,traflane,trafflow,vehmanvr,numoccs,regowner,regstate,spuse,make,model,modelyr,vrf1,vrf2,seqevent1,seqevent2,seqevent3,seqevent4,seqevent5,seqevent6,pnumber,ptype,age,sex,hispanic,race,injury,diedscene,restraint,restraintmisuse,seatpos,takehosp,death_dt,death_tm,cert,cernum_wa,commlic,licendor,licrestrict,liccomp,drivpres,drf1,drf2,drf3,drf4,distract1,distract2,distract3,distract4,distract5,distract6,dricond1,dricond2,dricond3,dricond4,dricond5,dricond6,dzip,licstate,drhgt_in,weight,noncdl,noncdltype,prevdwi,prevoth,prevacc,prevspd,prevsus,driviol1,driviol2,driviol3,driviol4,driviol5,driviol6,spdrel,first_dt,last_dt,airbag,ejection,ejectpath,extricat,injurwrk,methalc,methdrug,nmlocat,strikveh,prf1,prf2,prf3,druginv,alcinvol,drugsts,drugres1,drugres2,drugres3,drugtst1,drugtst2,drugtst3,alcsts,alctst,alcres,nmact1,nmact2,nmact3,nmact4,nmact5,nmact6,nmprior1,nmprior2,nmprior3,nmprior4,nmprior5,nmprior6,nmcond1,nmcond2,nmcond3,nmcond4,nmcond5,nmcond6,nmsafe_helmet,nmsafe_pads,nmsafe_oth,nmprev_ref,nmprev_lgt,nmprev_oth,crashlocation,nmcrashtype,crosswalk,schoolzone,sidewalk,train_inv,wildlife_inv,rotr_fars,intersect_fars,dd_inv,aid_inv,dpd_inv,id_inv,mj_inv,impnm_inv,ainm_inv,dpnm_inv,speed_inv,unlic_inv,unendmc_inv,drowsy_inv,drdist_inv,nmdist_inv,fty_inv,unrestfat_inv,dr1617_inv,dr1820_inv,dr1620_inv,dr2125_inv,dr1625_inv,dr65_inv,dr70_inv,dr75_inv,mc_inv,pv_inv,ht_inv,ped_inv,bike_inv,unrest_fat,mc_fat,unhelmet_mc,pv_fat,ht_fat,ped_fat,bike_fat,dr_alc7,dr_alc8,dr_drug,dr_imp,dr_dist,dr_spd,dr_fty,dr_unlic,dr_alc7only,dr_alc8only,dr_drugonly,dr_drink,nm_imp,nm_alc7,nm_alc8,nm_drug,nm_dist,agegrp1,agegrp2,roadclass,urbrur,dayweek,restuse,vehtype,race_me,intersect,lanedep,oppdir,wrongway,rep_typ,investag,repag_long,rotr,st_rd,cty_rd,city_rd,oth_rd,drug_thc,thc_res,drug_cthc,cthc_res,drug_cann,prevpersemin,prevperse,prevsusoth,drugtst4,drugtst5,drugtst6,drugtst7,drugtst8,drugres4,drugres5,drugres6,drugres7,drugres8,adspresent,adsengaged,adslevel,race1,race2,race3,race4,race5,helmet,helmetmisuse,nmdistract1,nmdistract2,nmdistract3,nmdistract4,nmdistract5,nmdistract6,lab,isedtcase,crf1,crf2,crf3,CoRoadName,CoMP,IntCoRoadName,IntCoMP,zipcode
3961,2021,519,EB99501,297.0,12/04/2021,13:16,4,12,,33,King,2310,2,,1,2,2,1,0,7,3,,,,12,0,2,0.0,1,0,1,4,2,4,6,0,0,0,0,S RYAN WAY,,-122.2769556,47.507683333,0,2,51,62,4,35,15,0,0,1,2,12,3,2,4,1,14,5,2,53,0,54,421,2012,0,,12,,,,,,1,1,44,1,0.0,,1,0,3,0,11,0,,,,,0.0,0.0,0.0,3.0,1,0,,,,96,,,,,,98,,,,,,98004.0,53,74.0,170.0,6.0,1.0,0.0,0.0,0.0,1.0,,0,,,,,,0,08/15/2018,08/15/2018,8,0,0,0,8.0,9,8,,,0,,,8,8,8.0,95.0,,,96.0,,,8,95,995.0,,,,,,,,,,,,,,,,,,,,,,,,,,,,,,0,0,0,0,1,1,1,1,1,0,0,0,1,0,0,0,0,0,0,1,0,0,0,0,0,0,0,0,0,1,0,0,0,0,0,,0,0,0,0,0,0,0,0,0,0,0,0,0,0,0,0,,,,,,41-45,36-45,City street,U,Saturday,Belt Used,PV,Not Fatal,0,1,1,0,City Street,Municipal/City Police,Tukwila Police Department,0,0,0,1,0,,,,,,0.0,0.0,0.0,,,,,,,,,,,98.0,98.0,98.0,0.0,,,,,20.0,,,,,,,,,1.0,0.0,,,,,,,98178
3962,2021,519,EB99501,297.0,12/04/2021,13:16,4,12,,33,King,2310,2,,1,2,2,1,0,7,3,,,,12,0,2,0.0,1,0,1,4,2,4,6,0,0,0,0,S RYAN WAY,,-122.2769556,47.507683333,0,3,98,62,4,35,14,0,0,1,2,12,3,2,4,1,14,1,1,53,0,59,403,2012,0,,12,,,,,,1,1,32,2,0.0,,3,0,3,0,11,5,,,,,0.0,0.0,0.0,3.0,1,0,,,,96,,,,,,98,,,,,,98178.0,53,61.0,115.0,6.0,1.0,0.0,0.0,0.0,0.0,,0,,,,,,0,,,8,0,0,0,8.0,9,8,,,0,,,8,8,8.0,95.0,,,96.0,,,8,95,995.0,,,,,,,,,,,,,,,,,,,,,,,,,,,,,,0,0,0,0,1,1,1,1,1,0,0,0,1,0,0,0,0,0,0,1,0,0,0,0,0,0,0,0,0,1,0,0,0,0,0,,0,0,0,0,0,0,0,0,0,0,0,0,0,0,0,0,,,,,,31-35,26-35,City street,U,Saturday,Belt Used,PV,Not Fatal,0,1,1,0,City Street,Municipal/City Police,Tukwila Police Department,0,0,0,1,0,,,,,,0.0,0.0,0.0,,,,,,,,,,,98.0,98.0,98.0,0.0,,,,,20.0,,,,,,,,,1.0,0.0,,,,,,,98178
3963,2021,520,EB99821,349.0,11/09/2021,11:56,9,11,,53,Pierce,0,10,,1,1,2,1,0,3,2,,,,12,0,6,,2,0,2,5,1,2,4,0,0,20,3,CR-RICE CANDLE RD,8TH AVE E,-122.4217222,47.023597222,0,1,87,17,2,35,4,0,0,1,2,12,1,1,2,1,1,2,2,53,0,49,40,1995,0,,12,,,,,,1,1,18,2,0.0,,2,0,3,0,11,5,,,,,0.0,0.0,0.0,3.0,1,39,,,,92,,,,,,98,,,,,,98580.0,53,71.0,155.0,6.0,1.0,0.0,0.0,0.0,0.0,,99,,,,,,0,,,8,0,0,0,8.0,9,8,,,0,,,8,8,2.0,695.0,,,1.0,,,2,1,0.0,,,,,,,,,,,,,,,,,,,,,,,,,,,,,,0,0,0,1,0,0,1,1,1,0,0,0,0,0,0,0,1,0,0,1,0,1,1,0,1,0,0,0,0,1,0,0,0,0,0,,0,0,0,0,0,0,1,1,1,0,0,0,0,0,1,0,,,,,,18-20,16-25,County road,R,Tuesday,Belt Used,PV,Not Fatal,1,0,0,0,County Road,Municipal/City Police,"Hdqtrs, 1st Military Police Brigade",0,0,1,0,0,,,carboxy-thc,10.0,,0.0,0.0,0.0,,,,,,,,,,,0.0,0.0,0.0,0.0,,,,,20.0,,,,,,,,,1.0,0.0,,,008 AVE E (FT LEWIS),6.23,,,98433
3964,2021,520,EB99821,349.0,11/09/2021,11:56,9,11,,53,Pierce,0,10,,1,1,2,1,0,3,2,,,,12,0,6,,2,0,2,5,1,2,4,0,0,0,0,CR-RICE CANDLE RD,8TH AVE E,-122.4217222,47.023597222,0,2,86,66,4,45,34,0,0,1,2,12,1,1,2,1,1,1,1,53,0,12,471,1995,0,,12,,,,,,1,1,53,1,0.0,,2,0,3,0,11,0,,,,,0.0,0.0,0.0,3.0,1,0,,,,96,,,,,,0,,,,,,98580.0,53,67.0,170.0,6.0,1.0,0.0,0.0,0.0,1.0,,0,,,,,,0,06/15/2017,06/15/2017,8,0,0,0,8.0,9,8,,,0,,,8,8,0.0,0.0,,,0.0,,,0,0,996.0,,,,,,,,,,,,,,,,,,,,,,,,,,,,,,0,0,0,1,0,0,1,1,1,0,0,0,0,0,0,0,1,0,0,1,0,1,1,0,1,0,0,0,0,1,0,0,0,0,0,,0,0,0,0,0,0,0,0,0,0,0,0,0,0,0,0,,,,,,51-55,46-55,County road,R,Tuesday,Belt Used,PV,Not Fatal,1,0,0,0,County Road,Municipal/City Police,"Hdqtrs, 1st Military Police Brigade",0,0,1,0,0,,,,,,0.0,0.0,0.0,,,,,,,,,,,0.0,0.0,0.0,0.0,,,,,20.0,,,,,,,,,1.0,0.0,,,008 AVE E (FT LEWIS),6.23,,,98433
3965,2021,521,EC00006,6.0,12/11/2021,17:01,11,12,,47,Okanogan,0,1,,3,1,2,1,1,2,2,,,,8,0,0,274.7,3,0,2,2,1,1,2,0,3,0,0,US-97,TWELEVE TRIBES RESORT RD,-119.5353389,48.384102778,0,1,13,80,5,60,2,0,0,1,2,8,1,1,4,1,1,1,1,53,0,12,13,1998,0,,8,12.0,,,,,1,1,32,1,0.0,,0,0,3,0,11,0,,,,,0.0,0.0,0.0,3.0,1,0,,,,96,,,,,,98,,,,,,98801.0,53,66.0,250.0,6.0,1.0,1.0,2.0,1.0,2.0,,75,,,,,,0,10/15/2018,03/15/2020,8,0,0,0,8.0,9,8,,,0,,,8,8,0.0,0.0,,,0.0,,,0,0,996.0,,,,,,,,,,,,,,,,,,,,,,,,,,,,,,0,0,0,1,0,0,0,0,0,1,0,1,1,1,0,0,0,0,0,0,0,0,0,0,0,0,0,0,0,1,0,1,0,0,0,,0,0,0,0,0,0,0,0,0,0,0,0,0,0,0,0,,,,,,31-35,26-35,US highway,R,Saturday,Belt Used,PV,Not Fatal,1,0,0,0,State Route,State Patrol,Washington State Patrol,0,1,0,0,0,,,,,,0.0,0.0,1.0,,,,,,,,,,,0.0,0.0,0.0,0.0,,,,,20.0,,,,,,,,,1.0,0.0,,,,,,,98840
3966,2021,521,EC00006,6.0,12/11/2021,17:01,11,12,,47,Okanogan,0,1,,3,1,2,1,1,2,2,,,,8,0,0,274.7,3,0,2,2,1,1,2,0,3,0,0,US-97,TWELEVE TRIBES RESORT RD,-119.5353389,48.384102778,0,2,98,50,3,60,14,0,0,1,2,12,1,1,4,1,1,1,2,53,0,12,401,1996,0,,12,,,,,,1,1,51,1,0.0,,2,0,3,0,11,5,,,,,0.0,0.0,0.0,0.0,1,0,,,,96,,,,,,98,,,,,,98840.0,53,65.0,186.0,0.0,0.0,0.0,0.0,0.0,0.0,,97,,,,,,4,,,8,0,0,0,8.0,9,8,,,0,,,8,8,0.0,0.0,,,0.0,,,0,0,996.0,,,,,,,,,,,,,,,,,,,,,,,,,,,,,,0,0,0,1,0,0,0,0,0,1,0,1,1,1,0,0,0,0,0,0,0,0,0,0,0,0,0,0,0,1,0,1,0,0,0,,0,0,0,0,0,0,0,0,0,1,0,1,0,0,0,0,,,,,,51-55,46-55,US highway,R,Saturday,Belt Used,PV,Not Fatal,1,0,0,0,State Route,State Patrol,Washington State Patrol,0,1,0,0,0,,,,,,0.0,0.0,0.0,,,,,,,,,,,0.0,0.0,0.0,0.0,,,,,20.0,,,,,,,,,1.0,0.0,,,,,,,98840
3967,2021,522,EC00259,7.0,12/10/2021,6:41,10,12,,33,King,735,10,,2,1,1,1,1,1,1,,,,8,0,0,144.8,1,0,1,1,2,1,1,0,0,0,0,I-5,,-122.2937472,47.329005556,0,1,13,80,5,60,21,0,0,1,5,8,1,1,5,3,1,1,2,53,0,12,462,2018,0,,8,,,,,,1,1,46,1,0.0,,0,0,3,0,11,0,,,,,0.0,0.0,0.0,3.0,1,0,,,,96,,,,,,98,,,,,,98499.0,53,74.0,295.0,6.0,1.0,0.0,0.0,0.0,0.0,,0,,,,,,0,,,20,0,0,0,8.0,9,8,,,0,,,8,8,8.0,95.0,,,96.0,,,8,95,995.0,,,,,,,,,,,,,,,,,,,,,,,,,,,,,,0,0,0,0,0,0,0,0,0,1,0,1,0,0,0,0,0,0,0,0,0,0,0,0,0,0,0,0,0,1,0,1,0,0,0,,0,0,0,0,0,0,0,0,0,0,0,0,0,0,0,0,,,,,,46-50,46-55,Interstate,U,Friday,Belt Used,PV,Not Fatal,0,0,0,0,State Route,State Patrol,Washington State Patrol,0,1,0,0,0,,,,,,0.0,0.0,0.0,,,,,,,,,,,98.0,98.0,98.0,0.0,,,,,20.0,,,,,,,,,1.0,0.0,,,,,,,98003
3968,2021,523,EC00427,11.0,12/11/2021,8:15,11,12,,5,Benton,0,6,,1,1,2,1,0,2,1,,,,42,0,0,,1,0,1,5,2,2,4,0,0,0,0,CR-W OLD INLAND EMPIRE,,-119.7685306,46.225891667,0,1,6,13,2,40,4,0,0,1,5,42,1,1,2,1,1,2,2,53,0,49,32,1996,0,,63,69.0,68.0,64.0,42.0,,1,1,45,1,6.0,,4,7,99,7,11,0,12/11/2021,8:17,53064295.0,64295.0,0.0,0.0,3.0,2.0,1,58,,,,96,,,,,,98,,,,,,99350.0,53,68.0,185.0,1.0,1.0,1.0,3.0,1.0,0.0,,0,,,,,,3,12/15/2018,03/15/2018,1,0,0,0,0.0,9,8,,,0,,,8,8,2.0,1.0,,,1.0,,,2,1,0.278,,,,,,,,,,,,,,,,,,,,,,,,,,,,,,0,0,1,0,1,1,0,1,0,0,0,0,1,1,0,0,0,0,0,0,0,0,0,0,0,0,0,0,0,1,0,0,0,0,0,,1,0,0,0,0,1,0,1,0,1,0,1,0,1,0,1,,,,,,41-45,36-45,County road,U,Saturday,Unknown,PV,Hispanic,0,1,0,0,County Road,County Sheriff,Benton County Sheriff's Office,1,0,1,0,0,,,,,,0.0,1.0,4.0,,,,,,,,,,,0.0,0.0,0.0,98.0,,,,,20.0,,,,,,,,,1.0,0.0,,,OLD INLAND EMPIRE HWY,5.92,,,99350
3969,2021,524,EC00562,278.0,12/12/2021,17:04,12,12,,63,Spokane,2110,1,,3,1,2,1,0,9,2,,,,12,0,1,0.0,3,0,2,3,2,4,6,0,0,0,0,N NEVADA ST,E Providence Ave,-117.3952111,47.692322222,0,1,20,10,2,98,14,0,0,1,5,12,1,1,4,1,15,4,2,53,0,49,401,1997,0,,12,63.0,38.0,,,,1,1,19,1,0.0,,3,0,20,7,11,0,,,,,0.0,0.0,3.0,2.0,1,0,,,,96,,,,,,9,,,,,,99119.0,53,71.0,140.0,1.0,1.0,0.0,2.0,1.0,0.0,,97,,,,,,0,12/15/2019,04/15/2021,8,0,0,0,8.0,9,2,,,0,,,1,1,2.0,695.0,605.0,,1.0,1.0,,2,1,0.26,,,,,,,,,,,,,,,,,,,,,,,,,,,,,,0,0,0,1,1,1,1,1,1,0,0,0,0,1,0,0,0,0,0,1,0,1,1,1,1,0,0,0,0,1,0,0,0,0,0,,0,0,0,0,0,1,1,1,0,0,0,1,0,0,0,1,,,,,,18-20,16-25,City street,U,Sunday,Not Used,PV,Not Fatal,1,0,0,0,City Street,Municipal/City Police,Spokane Police Department,0,0,0,1,0,thc,30.0,carboxy-thc,170.0,,0.0,0.0,0.0,,,,,,,,,,,0.0,0.0,0.0,0.0,,,,,20.0,,,,,,,,,1.0,0.0,,,,,,,99207
3970,2021,524,EC00562,278.0,12/12/2021,17:04,12,12,,63,Spokane,2110,1,,3,1,2,1,0,9,2,,,,12,0,1,0.0,3,0,2,3,2,4,6,0,0,0,0,N NEVADA ST,E Providence Ave,-117.3952111,47.692322222,0,2,21,60,4,98,4,0,0,1,5,12,1,1,4,1,5,5,2,53,0,49,40,2009,0,,12,,,,,,1,1,25,2,0.0,,0,0,3,0,11,0,,,,,0.0,0.0,0.0,3.0,1,0,,,,96,,,,,,98,,,,,,99224.0,53,64.0,130.0,6.0,1.0,0.0,0.0,0.0,0.0,,0,,,,,,0,,,20,0,0,0,8.0,9,8,,,0,,,8,8,0.0,0.0,,,0.0,,,0,0,996.0,,,,,,,,,,,,,,,,,,,,,,,,,,,,,,0,0,0,1,1,1,1,1,1,0,0,0,0,1,0,0,0,0,0,1,0,1,1,1,1,0,0,0,0,1,0,0,0,0,0,,0,0,0,0,0,0,0,0,0,0,0,0,0,0,0,0,,,,,,21-25,16-25,City street,U,Sunday,Belt Used,PV,Not Fatal,1,0,0,0,City Street,Municipal/City Police,Spokane Police Department,0,0,0,1,0,,,,,,0.0,0.0,0.0,,,,,,,,,,,98.0,98.0,98.0,0.0,,,,,20.0,,,,,,,,,1.0,0.0,,,,,,,99207
3971,2021,525,EC00695,7.0,12/04/2021,1:44,4,12,,33,King,1030,10,,6,1,1,1,0,5,3,,,,12,0,1,148.1,1,0,1,1,2,1,1,0,0,0,0,I-5,,-122.2921306,47.376069444,0,1,20,50,3,60,20,0,0,1,2,12,1,2,5,3,1,1,2,53,0,7,442,2012,0,,12,12.0,,,,,1,1,43,1,0.0,,0,0,3,0,11,0,,,,,0.0,0.0,3.0,2.0,1,0,,,,96,,,,,,9,,,,,,98032.0,53,67.0,190.0,1.0,1.0,1.0,0.0,0.0,0.0,,1,12.0,,,,,4,01/15/2017,01/15/2017,20,0,0,0,8.0,9,8,,,0,,,8,1,2.0,1.0,,,1.0,,,2,1,0.11,,,,,,,,,,,,,,,,,,,,,,,,,,,,,,0,0,0,0,1,1,0,1,0,0,0,0,1,1,0,0,0,0,0,0,0,0,0,1,1,0,0,0,0,1,0,0,0,0,0,,0,0,0,0,0,1,0,1,0,1,0,1,0,1,0,1,,,,,,41-45,36-45,Interstate,U,Saturday,Belt Used,PV,Not Fatal,0,0,0,0,State Route,State Patrol,Washington State Patrol,0,1,0,0,0,,,,,,0.0,0.0,2.0,,,,,,,,,,,98.0,98.0,98.0,0.0,,,,,20.0,,,,,,,,,1.0,23.0,,,,,,,98089
3972,2021,525,EC00695,7.0,12/04/2021,1:44,4,12,,33,King,1030,10,,6,1,1,1,0,5,3,,,,12,0,1,148.1,1,0,1,1,2,1,1,0,0,0,0,I-5,,-122.2921306,47.376069444,0,2,21,53,3,60,3,0,0,1,2,12,1,2,5,3,5,3,2,53,0,30,42,2007,0,,12,12.0,63.0,25.0,,,1,1,24,2,0.0,,3,0,3,0,11,8,,,,,0.0,0.0,0.0,3.0,1,0,,,,96,,,,,,98,,,,,,98059.0,53,62.0,135.0,6.0,1.0,0.0,0.0,0.0,0.0,,0,,,,,,0,,,8,0,0,0,8.0,9,8,,,0,,,8,8,8.0,95.0,,,96.0,,,8,95,995.0,,,,,,,,,,,,,,,,,,,,,,,,,,,,,,0,0,0,0,1,1,0,1,0,0,0,0,1,1,0,0,0,0,0,0,0,0,0,1,1,0,0,0,0,1,0,0,0,0,0,,0,0,0,0,0,0,0,0,0,0,0,0,0,0,0,0,,,,,,21-25,16-25,Interstate,U,Saturday,Belt Used,PV,Not Fatal,0,0,0,0,State Route,State Patrol,Washington State Patrol,0,1,0,0,0,,,,,,0.0,0.0,0.0,,,,,,,,,,,98.0,98.0,98.0,0.0,,,,,20.0,,,,,,,,,1.0,23.0,,,,,,,98089
3973,2021,525,EC00695,7.0,12/04/2021,1:44,4,12,,33,King,1030,10,,6,1,1,1,0,5,3,,,,12,0,1,148.1,1,0,1,1,2,1,1,0,0,0,0,I-5,,-122.2921306,47.376069444,0,3,98,53,3,60,4,0,0,1,2,12,1,2,5,3,5,1,3,53,0,6,51,2012,0,,12,12.0,,,,,1,1,31,2,0.0,,0,0,3,0,11,0,,,,,0.0,0.0,0.0,3.0,1,0,,,,96,,,,,,98,,,,,,98003.0,53,65.0,168.0,6.0,1.0,0.0,0.0,0.0,0.0,,0,,,,,,0,,,20,0,0,0,8.0,9,8,,,0,,,8,8,8.0,95.0,,,96.0,,,8,95,995.0,,,,,,,,,,,,,,,,,,,,,,,,,,,,,,0,0,0,0,1,1,0,1,0,0,0,0,1,1,0,0,0,0,0,0,0,0,0,1,1,0,0,0,0,1,0,0,0,0,0,,0,0,0,0,0,0,0,0,0,0,0,0,0,0,0,0,,,,,,31-35,26-35,Interstate,U,Saturday,Belt Used,PV,Not Fatal,0,0,0,0,State Route,State Patrol,Washington State Patrol,0,1,0,0,0,,,,,,0.0,0.0,0.0,,,,,,,,,,,98.0,98.0,98.0,0.0,,,,,20.0,,,,,,,,,1.0,23.0,,,,,,,98089
3974,2021,526,EC00697,7.0,12/08/2021,18:51,8,12,,33,King,735,1,,3,1,2,1,0,1,1,,,,24,0,0,141.7,1,0,1,1,2,1,1,0,0,0,0,I-5,,-122.3081444,47.285777778,0,1,2,9,1,60,1,0,0,1,2,1,1,1,5,3,1,1,9,99,0,41,45,2007,0,,63,24.0,1.0,,,,1,1,56,1,7.0,,4,0,20,7,11,5,12/14/2021,13:16,196053064766.0,64766.0,0.0,0.0,3.0,2.0,1,0,,,,96,,,,,,98,,,,,,98005.0,53,72.0,150.0,1.0,1.0,0.0,0.0,0.0,0.0,,0,,,,,,4,,,8,1,9,0,0.0,9,8,,,0,,,8,8,0.0,0.0,,,0.0,,,0,0,996.0,,,,,,,,,,,,,,,,,,,,,,,,,,,,,,0,0,0,0,0,0,0,0,0,0,0,0,1,1,0,0,0,0,0,1,0,0,0,0,0,0,0,0,0,1,0,0,0,1,0,,1,0,0,0,0,0,0,0,0,1,0,1,0,0,0,0,,,,,,56-60,56-65,Interstate,U,Wednesday,Not Used,PV,White,0,1,0,0,State Route,State Patrol,Washington State Patrol,1,1,0,0,0,,,,,,0.0,0.0,0.0,,,,,,,,,,,98.0,98.0,98.0,1.0,,,,,20.0,,,,,,,,,1.0,0.0,,,,,,,98354
3975,2021,528,EC00958,163.0,12/06/2021,9:45,6,12,,33,King,1050,10,,1,0,0,1,1,2,1,,,,8,0,0,0.0,4,0,1,7,2,4,6,0,0,0,0,119TH PL NE,,-122.1815417,47.731822222,0,1,92,20,2,0,14,0,0,1,2,8,0,0,0,0,13,2,1,53,0,34,402,2012,0,,8,,,,,,1,1,73,1,0.0,,0,0,3,0,11,0,,,,,0.0,0.0,3.0,3.0,1,10,38.0,,,0,,,,,,98,,,,,,98034.0,53,69.0,200.0,6.0,1.0,0.0,0.0,0.0,0.0,,97,,,,,,0,,,20,0,0,0,8.0,3,2,,,0,,,8,8,8.0,95.0,,,96.0,,,2,1,0.0,,,,,,,,,,,,,,,,,,,,,,,,,,,,,,0,0,0,0,0,0,0,0,0,0,0,0,0,0,0,0,0,0,1,0,0,0,0,0,0,1,1,0,0,1,0,1,0,0,0,,0,0,0,0,0,0,0,0,0,0,1,0,0,0,0,0,,,,,,71-75,66-75,City street,U,Monday,Belt Used,PV,Not Fatal,0,0,0,0,City Street,Municipal/City Police,Kirkland Police Department,0,0,0,1,0,,,,,,0.0,0.0,0.0,,,,,,,,,,,98.0,98.0,98.0,0.0,,,,,20.0,,,,,,,,,1.0,0.0,,,,,,,98034
3976,2021,529,EB19311,250.0,04/04/2021,18:13,4,4,,5,Benton,1850,1,,1,1,2,1,1,7,1,,,,9,0,0,0.0,3,0,3,3,2,4,6,0,0,3,3,KEENE RD,Queensgate Dr,-119.3029861,46.248066667,0,1,13,83,5,45,15,0,0,1,5,9,1,1,5,1,1,7,1,53,0,12,422,2017,0,,9,,,,,,1,1,35,8,0.0,,0,0,3,0,11,0,,,,,0.0,0.0,0.0,3.0,1,0,,,,96,,,,,,98,,,,,,99353.0,53,70.0,200.0,6.0,1.0,0.0,0.0,0.0,0.0,,0,,,,,,0,,,20,0,0,0,8.0,9,8,,,0,,,8,8,0.0,0.0,,,0.0,,,0,0,996.0,,,,,,,,,,,,,,,,,,,,,,,,,,,,,,0,0,0,1,0,0,0,0,0,0,0,0,0,0,0,0,0,0,0,0,0,0,0,0,0,0,0,0,0,1,0,0,1,0,0,,0,0,0,0,0,0,0,0,0,0,0,0,0,0,0,0,,,,,,31-35,26-35,City street,U,Sunday,Belt Used,PV,Not Fatal,1,0,0,0,City Street,Municipal/City Police,Richland Police Department,0,0,0,1,0,,,,,,0.0,0.0,0.0,,,,,,,,,,,98.0,98.0,98.0,0.0,,,,,20.0,,,,,,,,,1.0,0.0,,,,,,,99352
3977,2021,530,EB46806,8.0,07/05/2021,10:59,5,7,,31,Jefferson,0,1,,1,1,2,1,1,1,1,,,,9,0,0,8.2,1,0,1,3,1,1,3,0,0,0,0,SR-20,,-122.8180083,48.077625,0,1,13,83,5,50,67,1,0,1,5,9,1,1,2,1,1,1,1,53,0,7,880,1996,0,,63,9.0,,,,,1,1,81,1,0.0,,0,0,3,0,11,0,,,,,0.0,0.0,0.0,3.0,1,0,,,,96,,,,,,0,,,,,,98325.0,53,71.0,180.0,6.0,1.0,0.0,1.0,0.0,0.0,,97,,,,,,0,08/15/2018,08/15/2018,20,0,0,0,8.0,9,2,,,0,,,8,8,0.0,0.0,,,0.0,,,0,0,996.0,,,,,,,,,,,,,,,,,,,,,,,,,,,,,,0,0,0,0,0,0,0,0,0,0,0,0,0,0,0,0,0,0,0,0,0,0,0,0,0,1,1,1,0,0,1,0,1,0,0,,0,0,0,0,0,0,0,0,0,0,0,0,0,0,0,0,,,,,,81+,76+,State route,R,Monday,,MHTRUCK,Not Fatal,0,0,0,0,State Route,State Patrol,Washington State Patrol,0,1,0,0,0,,,,,,0.0,0.0,0.0,,,,,,,,,,,0.0,0.0,0.0,0.0,,,,,20.0,,,,,,,,,1.0,0.0,,,,,,,98368
3978,2021,531,EB91021,35.0,11/15/2021,20:45,15,11,,53,Pierce,0,1,,2,2,2,1,0,2,2,,,,12,0,7,0.3,1,0,1,4,2,2,4,0,0,0,0,CR-260TH ST E,,-122.3641583,47.020247222,0,1,48,52,3,35,2,0,0,1,5,12,1,1,2,1,1,1,2,53,0,35,34,1975,0,,12,,,,,,1,1,17,1,0.0,,2,0,99,7,11,5,,,,,0.0,0.0,0.0,3.0,1,0,,,,96,,,,,,98,,,,,,98338.0,53,69.0,220.0,6.0,2.0,0.0,0.0,0.0,0.0,,0,,,,,,3,,,20,0,0,0,8.0,9,8,,,0,,,8,8,9.0,999.0,,,99.0,,,8,95,995.0,,,,,,,,,,,,,,,,,,,,,,,,,,,,,,0,0,0,0,0,0,0,0,0,0,0,0,1,1,1,0,0,0,0,0,1,0,1,0,1,0,0,0,1,1,0,0,0,0,0,,0,0,0,0,0,0,0,0,0,1,0,0,0,0,0,0,,,,,,16-17,16-25,County road,U,Monday,Unknown,PV,Not Fatal,0,0,0,0,County Road,County Sheriff,Law Enforcement Support Agency,0,0,1,0,0,,,,,,0.0,0.0,0.0,,,,,,,,,,,0.0,0.0,0.0,0.0,,,,,20.0,,,,,,,,,1.0,0.0,,,260 ST E,0.25,,,98338
3979,2021,531,EB91021,35.0,11/15/2021,20:45,15,11,,53,Pierce,0,1,,2,2,2,1,0,2,2,,,,12,0,7,0.3,1,0,1,4,2,2,4,0,0,0,0,CR-260TH ST E,,-122.3641583,47.020247222,0,2,48,53,3,35,80,0,0,1,5,12,1,1,2,1,2,1,1,53,0,72,706,2005,0,,12,,,,,,1,1,37,1,7.0,,4,0,20,7,11,5,11/17/2021,14:12,223053060578.0,60578.0,0.0,0.0,0.0,2.0,1,0,,,,96,,,,,,0,,,,,,98387.0,53,71.0,230.0,1.0,1.0,0.0,0.0,0.0,0.0,,0,,,,,,0,,,20,8,0,0,0.0,9,8,,,0,,,8,8,2.0,1.0,,,1.0,,,2,1,0.0,,,,,,,,,,,,,,,,,,,,,,,,,,,,,,0,0,0,0,0,0,0,0,0,0,0,0,1,1,1,0,0,0,0,0,1,0,1,0,1,0,0,0,1,1,0,0,0,0,1,0.0,0,0,0,0,0,0,0,0,0,0,0,1,0,0,0,0,,,,,,36-40,36-45,County road,U,Monday,,MC,White,0,0,0,0,County Road,County Sheriff,Law Enforcement Support Agency,0,0,1,0,0,,,,,,0.0,0.0,0.0,,,,,,,,,,,0.0,0.0,0.0,1.0,,,,,5.0,,,,,,,,,1.0,0.0,,,260 ST E,0.25,,,98338