,year,case,par,repjur,crash_dt,crash_tm,accday,accmon,holiday,county,co_char,city,weather,weather2,lightcond,surfcond,surftype,numfatal,nmforms,pforms,vforms,not_tm,arr_tm,hosp_tm,fhevent,hitrun,manncol,milepnt,reljunc,reljuncinter,intersectiontype,funcsystem,landuse,ownership,route,schlbus,spejur,contdev,devfunc,trafid1,trafid2,x,y,wk_zone,vnumber,crashtype,criticalevent,criticaleventcat,spdlim,body,trailer,emerg,hazcargo,leave,mhevent,roadalgn,roadprof,traflane,trafflow,vehmanvr,numoccs,regowner,regstate,spuse,make,model,modelyr,vrf1,vrf2,seqevent1,seqevent2,seqevent3,seqevent4,seqevent5,seqevent6,pnumber,ptype,age,sex,hispanic,race,injury,diedscene,restraint,restraintmisuse,seatpos,takehosp,death_dt,death_tm,cert,cernum_wa,commlic,licendor,licrestrict,liccomp,drivpres,drf1,drf2,drf3,drf4,distract1,distract2,distract3,distract4,distract5,distract6,dricond1,dricond2,dricond3,dricond4,dricond5,dricond6,dzip,licstate,drhgt_in,weight,noncdl,noncdltype,prevdwi,prevoth,prevacc,prevspd,prevsus,driviol1,driviol2,driviol3,driviol4,driviol5,driviol6,spdrel,first_dt,last_dt,airbag,ejection,ejectpath,extricat,injurwrk,methalc,methdrug,nmlocat,strikveh,prf1,prf2,prf3,druginv,alcinvol,drugsts,drugres1,drugres2,drugres3,drugtst1,drugtst2,drugtst3,alcsts,alctst,alcres,nmact1,nmact2,nmact3,nmact4,nmact5,nmact6,nmprior1,nmprior2,nmprior3,nmprior4,nmprior5,nmprior6,nmcond1,nmcond2,nmcond3,nmcond4,nmcond5,nmcond6,nmsafe_helmet,nmsafe_pads,nmsafe_oth,nmprev_ref,nmprev_lgt,nmprev_oth,crashlocation,nmcrashtype,crosswalk,schoolzone,sidewalk,train_inv,wildlife_inv,rotr_fars,intersect_fars,dd_inv,aid_inv,dpd_inv,id_inv,mj_inv,impnm_inv,ainm_inv,dpnm_inv,speed_inv,unlic_inv,unendmc_inv,drowsy_inv,drdist_inv,nmdist_inv,fty_inv,unrestfat_inv,dr1617_inv,dr1820_inv,dr1620_inv,dr2125_inv,dr1625_inv,dr65_inv,dr70_inv,dr75_inv,mc_inv,pv_inv,ht_inv,ped_inv,bike_inv,unrest_fat,mc_fat,unhelmet_mc,pv_fat,ht_fat,ped_fat,bike_fat,dr_alc7,dr_alc8,dr_drug,dr_imp,dr_dist,dr_spd,dr_fty,dr_unlic,dr_alc7only,dr_alc8only,dr_drugonly,dr_drink,nm_imp,nm_alc7,nm_alc8,nm_drug,nm_dist,agegrp1,agegrp2,roadclass,urbrur,dayweek,restuse,vehtype,race_me,intersect,lanedep,oppdir,wrongway,rep_typ,investag,repag_long,rotr,st_rd,cty_rd,city_rd,oth_rd,drug_thc,thc_res,drug_cthc,cthc_res,drug_cann,prevpersemin,prevperse,prevsusoth,drugtst4,drugtst5,drugtst6,drugtst7,drugtst8,drugres4,drugres5,drugres6,drugres7,drugres8,adspresent,adsengaged,adslevel,race1,race2,race3,race4,race5,helmet,helmetmisuse,nmdistract1,nmdistract2,nmdistract3,nmdistract4,nmdistract5,nmdistract6,lab,isedtcase,crf1,crf2,crf3,CoRoadName,CoMP,IntCoRoadName,IntCoMP,zipcode
3980,2021,532,EC01168,1.0,12/03/2021,16:45,3,12,,77,Yakima,0,1,,5,1,2,1,0,1,1,,,,25,0,0,1.1,1,0,1,3,2,1,3,0,0,0,0,SR-823,,-120.5270917,46.636894444,0,1,1,9,1,45,4,0,0,1,2,25,3,2,2,3,14,1,2,53,0,49,40,2004,0,,63,25.0,25.0,2.0,,,1,1,22,1,1.0,,4,0,20,7,11,5,12/03/2021,22:55,196053062183.0,62183.0,0.0,0.0,0.0,2.0,1,0,,,,96,,,,,,98,,,,,,98942.0,53,66.0,155.0,1.0,1.0,1.0,3.0,2.0,0.0,,0,,,,,,4,11/15/2021,01/15/2021,1,0,0,0,0.0,9,8,,,0,,,8,8,2.0,348.0,605.0,,1.0,1.0,,2,1,0.156,,,,,,,,,,,,,,,,,,,,,,,,,,,,,,0,0,1,0,1,1,1,1,1,0,0,0,1,1,0,0,0,0,0,1,0,0,0,1,1,0,0,0,0,1,0,0,0,1,0,,1,0,0,0,0,1,1,1,0,1,0,1,0,0,0,1,,,,,,21-25,16-25,State route,U,Friday,Not Used,PV,Hispanic,0,1,0,0,State Route,State Patrol,Washington State Patrol,1,1,0,0,0,thc,0.56,,,,0.0,1.0,0.0,,,,,,,,,,,98.0,98.0,98.0,298.0,,,,,20.0,,,,,,,,nms,1.0,0.0,,,,,,,98942
3981,2021,533,EC01176,122.0,12/11/2021,2:12,11,12,,61,Snohomish,690,10,,3,2,2,1,1,1,1,,,,8,0,0,45.9,3,0,2,3,2,1,3,0,0,3,3,SR-99,EVERGREEN WAY,-122.2586167,47.889552778,0,1,13,80,5,45,14,0,0,1,5,8,8,8,6,1,1,1,1,53,0,59,404,2010,0,,8,,,,,,1,1,34,1,0.0,,0,0,3,0,11,0,,,,,0.0,0.0,0.0,3.0,1,0,,,,92,,,,,,98,,,,,,98012.0,53,75.0,220.0,6.0,1.0,0.0,1.0,0.0,2.0,,0,,,,,,0,07/15/2018,06/15/2021,20,0,0,0,8.0,9,8,,,0,,,8,8,8.0,95.0,,,96.0,,,8,95,995.0,,,,,,,,,,,,,,,,,,,,,,,,,,,,,,0,0,0,1,0,0,0,0,0,1,1,1,0,0,0,0,1,0,0,0,0,0,0,0,0,0,0,0,0,1,0,1,0,0,0,,0,0,0,0,0,0,0,0,1,0,0,0,0,0,0,0,,,,,,31-35,26-35,State route,U,Saturday,Belt Used,PV,Not Fatal,1,0,0,0,State Route,Municipal/City Police,Everett Police Department,0,1,0,0,0,,,,,,0.0,0.0,0.0,,,,,,,,,,,98.0,98.0,98.0,0.0,,,,,20.0,,,,,,,,,1.0,0.0,,,,,,,98204
3982,2021,534,EC02885,14.0,12/14/2021,8:13,14,12,,11,Clark,0,1,,1,2,2,1,0,2,1,,,,38,0,0,1.0,1,0,1,5,2,2,4,0,0,0,0,CR-SE NOURSE RD,,-122.3870917,45.610294444,0,1,1,10,2,40,14,0,0,1,2,38,1,2,2,1,1,2,2,53,0,12,401,1996,0,,68,68.0,63.0,38.0,19.0,,1,1,17,1,0.0,,3,0,99,7,11,5,,,,,0.0,0.0,3.0,3.0,1,58,,,,96,,,,,,98,,,,,,98682.0,53,70.0,220.0,6.0,2.0,0.0,0.0,0.0,0.0,,0,,,,,,0,,,1,0,0,0,8.0,9,8,,,0,,,8,8,8.0,95.0,,,96.0,,,8,95,995.0,,,,,,,,,,,,,,,,,,,,,,,,,,,,,,0,0,1,0,0,0,0,0,0,0,0,0,0,0,0,0,0,0,0,0,1,0,1,0,1,0,0,0,0,1,0,0,0,0,0,,0,0,0,0,0,0,0,0,0,0,0,0,0,0,0,0,,,,,,16-17,16-25,County road,U,Tuesday,Unknown,PV,Not Fatal,0,1,0,0,County Road,County Sheriff,Clark County Sheriff's Office,1,0,1,0,0,,,,,,0.0,0.0,0.0,,,,,,,,,,,0.0,0.0,0.0,0.0,,,,,20.0,,,,,,,,,1.0,0.0,,,SE NOURSE RD,0.99,,,98607
3983,2021,535,EC02897,8.0,12/16/2021,20:36,16,12,,27,Grays Harbor,0,5,,2,2,2,1,0,3,2,,,,12,0,8,37.4,1,0,1,3,1,1,2,0,0,0,0,US-12,,-123.1843333,46.829822222,0,1,64,10,2,55,4,0,0,1,2,12,1,1,2,1,1,2,1,53,0,41,35,2002,0,,68,12.0,64.0,42.0,,,1,1,31,2,0.0,,3,0,99,7,11,5,,,,,0.0,0.0,0.0,3.0,1,28,,,,96,,,,,,9,,,,,,98512.0,53,67.0,150.0,6.0,1.0,0.0,0.0,0.0,4.0,,0,,,,,,0,11/15/2019,07/15/2020,20,0,0,0,8.0,9,8,,,0,,,8,1,0.0,0.0,,,0.0,,,0,0,996.0,,,,,,,,,,,,,,,,,,,,,,,,,,,,,,0,0,0,0,1,0,0,0,0,0,0,0,0,1,0,0,0,0,0,0,0,0,0,0,0,0,0,0,0,1,1,0,0,0,0,,0,0,0,0,0,0,0,0,0,0,0,0,0,0,0,1,,,,,,31-35,26-35,US highway,R,Thursday,Unknown,PV,Not Fatal,0,1,1,0,State Route,State Patrol,Washington State Patrol,0,1,0,0,0,,,,,,0.0,0.0,1.0,,,,,,,,,,,98.0,98.0,98.0,0.0,,,,,20.0,,,,,,,,,1.0,0.0,,,,,,,98568
3984,2021,535,EC02897,8.0,12/16/2021,20:36,16,12,,27,Grays Harbor,0,5,,2,2,2,1,0,3,2,,,,12,0,8,37.4,1,0,1,3,1,1,2,0,0,0,0,US-12,,-123.1843333,46.829822222,0,2,65,62,4,55,66,1,0,1,2,12,1,1,2,1,1,1,2,53,0,82,883,1987,0,,12,63.0,42.0,,,,1,1,55,1,0.0,,2,0,99,7,11,5,,,,,0.0,2.0,0.0,2.0,1,0,,,,96,,,,,,98,,,,,,98942.0,53,72.0,170.0,1.0,1.0,0.0,3.0,0.0,0.0,,97,,,,,,0,05/15/2018,09/15/2019,99,0,0,0,8.0,9,8,,,0,,,8,8,0.0,0.0,,,0.0,,,0,0,996.0,,,,,,,,,,,,,,,,,,,,,,,,,,,,,,0,0,0,0,1,0,0,0,0,0,0,0,0,1,0,0,0,0,0,0,0,0,0,0,0,0,0,0,0,1,1,0,0,0,0,,0,0,0,0,0,0,0,0,0,0,0,1,0,0,0,0,,,,,,51-55,46-55,US highway,R,Thursday,,MHTRUCK,Not Fatal,0,1,1,0,State Route,State Patrol,Washington State Patrol,0,1,0,0,0,,,,,,0.0,0.0,1.0,,,,,,,,,,,0.0,0.0,0.0,0.0,,,,,20.0,,,,,,,,,1.0,0.0,,,,,,,98568
3985,2021,536,EC02930,5.0,12/18/2021,21:40,18,12,,11,Clark,0,2,,3,2,1,2,3,1,3,,,,12,0,1,0.2,20,1,1,1,2,1,1,0,0,0,0,I-5 RAMP,,-122.6649694,45.681172222,0,1,98,50,3,98,5,0,0,1,2,12,1,2,1,6,1,1,1,53,0,30,42,2019,0,,12,63.0,14.0,8.0,8.0,8.0,1,1,33,1,0.0,,2,0,99,7,11,0,,,,,0.0,0.0,0.0,3.0,1,0,,,,96,,,,,,9,,,,,,98685.0,53,70.0,170.0,6.0,1.0,0.0,0.0,0.0,1.0,,1,,,,,,0,12/15/2017,12/15/2017,8,0,0,0,8.0,9,8,,,0,,,8,1,2.0,1.0,,,1.0,,,2,1,0.15,,,,,,,,,,,,,,,,,,,,,,,,,,,,,,0,0,0,0,1,1,0,1,0,1,0,1,0,0,0,0,0,0,0,0,0,0,0,0,0,0,0,0,0,1,0,1,0,0,0,,0,0,0,0,0,1,0,1,0,0,0,0,0,1,0,1,,,,,,31-35,26-35,Interstate,U,Saturday,Unknown,PV,Not Fatal,0,0,0,0,State Route,State Patrol,Washington State Patrol,0,1,0,0,0,,,,,,0.0,0.0,0.0,,,,,,,,,,,98.0,98.0,98.0,0.0,,,,,20.0,,,,,,,,,1.0,14.0,15.0,23.0,,,,,98665
3986,2021,537,EC02983,248.0,12/20/2021,18:58,20,12,,33,King,1830,10,,3,2,2,1,1,1,1,,,,8,1,0,5.2,3,0,2,3,2,1,3,0,0,3,3,SR-900,NE 12TH ST,-122.1774306,47.503105556,0,1,13,80,5,35,99,0,0,1,5,8,1,1,5,1,1,99,9,99,0,99,999,9999,0,,8,,,,,,1,1,999,9,0.0,,9,0,99,7,11,0,,,,,99.0,9.0,9.0,9.0,1,0,,,,96,,,,,,98,,,,,,99999.0,99,,999.0,9.0,9.0,99.0,99.0,99.0,99.0,,97,,,,,,0,,,99,0,0,0,8.0,9,8,,,0,,,8,8,0.0,0.0,,,0.0,,,9,99,999.0,,,,,,,,,,,,,,,,,,,,,,,,,,,,,,0,0,0,1,0,0,0,0,0,1,1,1,0,0,0,0,0,0,0,0,0,0,0,0,0,0,0,0,0,0,0,1,0,0,0,,0,0,0,0,0,0,0,0,0,0,0,0,0,0,0,0,,,,,,,,State route,U,Monday,,NR-U,Not Fatal,1,0,0,0,State Route,Municipal/City Police,Renton Police Department,0,1,0,0,0,,,,,,99.0,99.0,99.0,,,,,,,,,,,98.0,98.0,98.0,0.0,,,,,20.0,,,,,,,,,1.0,0.0,,,,,,,98056
3987,2021,538,EC02996,26.0,12/21/2021,0:28,21,12,,35,Kitsap,0,1,,3,1,2,1,0,2,2,,,,12,0,6,0.9,8,0,1,4,2,2,4,0,0,0,0,CR-SE MILE HILL DR,,-122.56865,47.534022222,0,1,68,15,2,45,14,0,0,1,2,12,1,2,4,1,11,1,1,53,0,2,404,1997,0,,12,1.0,,,,,1,1,40,1,0.0,,2,0,3,0,11,5,,,,,0.0,0.0,0.0,3.0,1,0,,,,96,,,,,,98,,,,,,98366.0,53,72.0,200.0,6.0,1.0,0.0,0.0,0.0,0.0,,0,,,,,,0,,,1,0,0,0,8.0,9,8,,,0,,,8,8,8.0,95.0,,,96.0,,,8,95,995.0,,,,,,,,,,,,,,,,,,,,,,,,,,,,,,0,0,0,0,1,1,0,1,0,0,0,0,1,0,0,0,0,0,0,0,0,0,0,0,0,0,0,0,0,1,0,0,0,0,0,,0,0,0,0,0,0,0,0,0,0,0,0,0,0,0,0,,,,,,36-40,36-45,County road,U,Tuesday,Belt Used,PV,Not Fatal,0,0,0,0,County Road,County Sheriff,Kitsap County Sheriff's Office,0,0,1,0,0,,,,,,0.0,0.0,0.0,,,,,,,,,,,0.0,0.0,0.0,0.0,,,,,20.0,,,,,,,,,1.0,0.0,,,MILE HILL DR (SE),0.854,,,98353
3988,2021,538,EC02996,26.0,12/21/2021,0:28,21,12,,35,Kitsap,0,1,,3,1,2,1,0,2,2,,,,12,0,6,0.9,8,0,1,4,2,2,4,0,0,0,0,CR-SE MILE HILL DR,,-122.56865,47.534022222,0,2,69,62,4,45,2,0,0,1,2,12,1,2,4,1,1,1,1,53,0,32,54,2015,0,,12,68.0,64.0,42.0,,,1,1,46,1,7.0,,4,7,3,0,11,0,12/21/2021,0:28,53065996.0,65996.0,0.0,0.0,0.0,3.0,1,0,,,,96,,,,,,98,,,,,,98366.0,53,69.0,195.0,6.0,1.0,0.0,1.0,0.0,0.0,,0,,,,,,4,02/15/2020,02/15/2020,1,0,0,0,0.0,9,8,,,0,,,8,8,2.0,1.0,,,1.0,,,2,1,0.169,,,,,,,,,,,,,,,,,,,,,,,,,,,,,,0,0,0,0,1,1,0,1,0,0,0,0,1,0,0,0,0,0,0,0,0,0,0,0,0,0,0,0,0,1,0,0,0,0,0,,1,0,0,0,0,1,0,1,0,1,0,0,0,1,0,1,,,,,,46-50,46-55,County road,U,Tuesday,Belt Used,PV,White,0,0,0,0,County Road,County Sheriff,Kitsap County Sheriff's Office,0,0,1,0,0,,,,,,0.0,0.0,0.0,,,,,,,,,,,98.0,98.0,98.0,1.0,,,,,20.0,,,,,,,,,1.0,0.0,,,MILE HILL DR (SE),0.854,,,98353
3989,2021,539,EC03270,35.0,12/20/2021,1:47,20,12,,53,Pierce,0,2,,2,2,2,1,0,1,1,,,,42,0,0,7.1,1,0,1,5,1,2,4,0,0,0,0,CR-KEY PENINSULA HWY SW,,-122.7708361,47.241725,0,1,1,13,2,40,8,0,0,1,2,42,1,1,2,1,1,1,1,53,0,12,398,1968,0,,63,42.0,,,,,1,1,51,1,7.0,,4,7,99,7,11,0,12/20/2021,2:15,53066686.0,66686.0,0.0,0.0,0.0,3.0,1,0,,,,92,,,,,,98,,,,,,98349.0,53,75.0,180.0,6.0,1.0,0.0,0.0,0.0,0.0,,0,,,,,,0,,,99,0,0,0,0.0,9,8,,,0,,,8,8,2.0,605.0,,,1.0,,,2,1,0.225,,,,,,,,,,,,,,,,,,,,,,,,,,,,,,0,0,1,0,1,1,1,1,1,0,0,0,0,0,0,0,1,0,0,0,0,0,0,0,0,0,0,0,0,1,0,0,0,0,0,,1,0,0,0,0,1,1,1,1,0,0,0,0,0,0,1,,,,,,51-55,46-55,County road,R,Monday,Unknown,PV,White,0,1,0,0,County Road,County Sheriff,Law Enforcement Support Agency,1,0,1,0,0,thc,1.6,,,,0.0,0.0,0.0,,,,,,,,,,,0.0,0.0,0.0,1.0,,,,,20.0,,,,,,,,nms,1.0,0.0,,,KEY PENINSULA HWY SW,7.14,,,98349
3990,2021,540,EC03319,25.0,12/20/2021,6:22,20,12,,33,King,1958,4,,3,10,2,1,1,1,1,,,,8,0,0,15.8,1,0,1,3,2,1,3,0,0,0,0,SR-99,,-122.296075,47.450111111,0,1,13,80,5,40,6,0,0,1,5,8,1,1,2,2,1,1,1,53,0,52,47,2012,0,,8,,,,,,1,1,75,1,0.0,,0,0,3,0,11,0,,,,,0.0,0.0,0.0,3.0,1,0,,,,96,,,,,,98,,,,,,98032.0,53,66.0,170.0,6.0,1.0,1.0,2.0,0.0,0.0,,0,,,,,,0,11/15/2019,02/15/2019,20,0,0,0,8.0,9,8,,,0,,,8,8,8.0,95.0,,,96.0,,,8,95,995.0,,,,,,,,,,,,,,,,,,,,,,,,,,,,,,0,0,0,0,0,0,0,0,0,0,0,0,0,0,0,0,0,1,0,0,0,0,0,0,0,1,1,1,0,1,0,1,0,0,0,,0,0,0,0,0,0,0,0,0,0,0,0,0,0,0,0,,,,,,71-75,66-75,State route,U,Monday,Belt Used,PV,Not Fatal,1,0,0,0,State Route,County Sheriff,King County Police,0,1,0,0,0,,,,,,0.0,1.0,0.0,,,,,,,,,,,98.0,98.0,98.0,0.0,,,,,20.0,,,,,,,,,1.0,0.0,,,,,,,98158
3991,2021,541,EC03641,278.0,12/10/2021,16:39,10,12,,63,Spokane,2110,1,,3,2,2,1,1,1,1,,,,8,0,0,0.0,3,0,2,4,2,4,6,0,0,0,0,E INDIANA AVE,N Cincinnati St,-117.3983306,47.674733333,0,1,13,80,5,25,15,0,0,1,5,8,1,1,2,1,1,1,1,53,0,54,421,2005,0,,8,,,,,,1,1,30,2,0.0,,9,0,3,0,11,0,,,,,0.0,0.0,0.0,3.0,1,0,,,,92,,,,,,98,,,,,,99205.0,53,62.0,143.0,6.0,1.0,0.0,2.0,0.0,5.0,,0,,,,,,0,09/15/2019,09/15/2020,20,0,0,0,8.0,9,2,,,0,,,8,8,0.0,0.0,,,0.0,,,0,0,996.0,,,,,,,,,,,,,,,,,,,,,,,,,,,,,,0,0,0,1,0,0,0,0,0,1,1,0,0,0,0,0,1,0,0,0,0,0,0,0,0,0,0,0,0,1,0,1,0,0,0,,0,0,0,0,0,0,0,0,1,0,0,0,0,0,0,0,,,,,,26-30,26-35,City street,U,Friday,Belt Used,PV,Not Fatal,0,0,0,0,City Street,Municipal/City Police,Spokane Police Department,0,0,0,1,0,,,,,,0.0,0.0,2.0,,,,,,,,,,,98.0,98.0,98.0,0.0,,,,,20.0,,,,,,,,,1.0,0.0,,,,,,,99207
3992,2021,542,EC03812,2.0,12/18/2021,13:00,18,12,,29,Island,0,2,,1,2,2,2,0,3,2,,,,12,0,2,10.9,1,0,1,3,1,1,3,0,0,0,0,SR-525,,-122.39055,47.985241667,0,1,50,10,2,50,14,0,0,1,2,12,2,2,2,1,14,1,1,53,0,12,401,2017,0,,68,12.0,2.0,,,,1,1,39,2,0.0,,3,0,20,7,11,5,,,,,0.0,0.0,3.0,3.0,1,28,,,,96,,,,,,9,,,,,,98087.0,53,68.0,160.0,6.0,1.0,0.0,0.0,1.0,1.0,,1,,,,,,0,03/15/2019,04/15/2021,1,0,0,0,8.0,9,8,,,0,,,1,8,0.0,0.0,,,0.0,,,0,0,996.0,,,,,,,,,,,,,,,,,,,,,,,,,,,,,,0,0,0,0,0,0,0,0,0,0,0,0,0,0,0,0,0,0,0,0,0,0,0,0,0,1,1,1,0,1,0,0,0,0,0,,0,0,0,0,0,0,0,0,0,0,0,0,0,0,0,0,,,,,,36-40,36-45,State route,R,Saturday,Not Used,PV,Not Fatal,0,1,1,0,State Route,State Patrol,Washington State Patrol,0,1,0,0,0,,,,,,0.0,0.0,0.0,,,,,,,,,,,98.0,98.0,98.0,0.0,,,,,20.0,,,,,,,,,1.0,0.0,,,,,,,98236
3993,2021,542,EC03812,2.0,12/18/2021,13:00,18,12,,29,Island,0,2,,1,2,2,2,0,3,2,,,,12,0,2,10.9,1,0,1,3,1,1,3,0,0,0,0,SR-525,,-122.39055,47.985241667,0,2,51,62,4,55,4,0,0,1,2,12,3,2,2,1,14,2,1,53,0,42,48,2010,0,,12,,,,,,1,1,78,1,7.0,,4,7,3,0,11,0,12/18/2021,13:00,53066537.0,66537.0,0.0,0.0,0.0,3.0,1,0,,,,96,,,,,,98,,,,,,98201.0,53,72.0,175.0,6.0,1.0,0.0,0.0,0.0,0.0,,0,,,,,,0,,,1,0,0,0,0.0,9,8,,,0,,,8,8,2.0,1.0,,,1.0,,,2,1,0.0,,,,,,,,,,,,,,,,,,,,,,,,,,,,,,0,0,0,0,0,0,0,0,0,0,0,0,0,0,0,0,0,0,0,0,0,0,0,0,0,1,1,1,0,1,0,0,0,0,0,,1,0,0,0,0,0,0,0,0,0,0,0,0,0,0,0,,,,,,76-80,76+,State route,R,Saturday,Belt Used,PV,White,0,1,1,0,State Route,State Patrol,Washington State Patrol,0,1,0,0,0,,,,,,0.0,0.0,0.0,,,,,,,,,,,98.0,98.0,98.0,1.0,,,,,20.0,,,,,,,,,1.0,0.0,,,,,,,98236
3994,2021,543,EC04290,2.0,12/21/2021,6:26,21,12,,73,Whatcom,0,10,,2,4,1,1,1,2,3,,,,12,0,7,246.2,1,0,1,1,1,1,1,0,0,0,0,I-5,,-122.3988722,48.687927778,0,1,48,6,1,60,21,0,0,1,2,12,1,2,2,3,1,1,2,53,0,12,461,2003,0,,12,63.0,,,,,1,1,20,2,0.0,,0,0,3,0,11,0,,,,,0.0,0.0,0.0,3.0,1,87,,,,96,,,,,,98,,,,,,98270.0,53,62.0,115.0,6.0,1.0,0.0,0.0,0.0,0.0,,2,,,,,,4,,,20,0,0,0,8.0,9,8,,,0,,,8,8,0.0,0.0,,,0.0,,,0,0,996.0,,,,,,,,,,,,,,,,,,,,,,,,,,,,,,0,0,0,0,0,0,0,0,0,0,0,0,1,0,0,0,0,0,0,0,0,1,1,0,1,0,0,0,0,1,0,1,0,0,0,,0,0,0,0,0,0,0,0,0,1,0,0,0,0,0,0,,,,,,18-20,16-25,Interstate,R,Tuesday,Belt Used,PV,Not Fatal,0,0,0,0,State Route,State Patrol,Washington State Patrol,0,1,0,0,0,,,,,,0.0,0.0,0.0,,,,,,,,,,,98.0,98.0,98.0,0.0,,,,,20.0,,,,,,,,,1.0,15.0,19.0,,,,,,98229
3995,2021,543,EC04290,2.0,12/21/2021,6:26,21,12,,73,Whatcom,0,10,,2,4,1,1,1,2,3,,,,12,0,7,246.2,1,0,1,1,1,1,1,0,0,0,0,I-5,,-122.3988722,48.687927778,0,2,48,61,4,60,34,0,0,1,2,8,1,2,2,3,1,1,1,53,0,49,472,2011,0,,12,63.0,14.0,8.0,,,1,1,29,1,0.0,,0,0,3,0,11,0,,,,,0.0,0.0,3.0,3.0,1,0,,,,96,,,,,,98,,,,,,98284.0,53,69.0,160.0,6.0,1.0,0.0,0.0,0.0,0.0,,0,,,,,,0,,,8,0,0,0,8.0,9,8,,,0,,,8,8,8.0,95.0,,,96.0,,,8,95,995.0,,,,,,,,,,,,,,,,,,,,,,,,,,,,,,0,0,0,0,0,0,0,0,0,0,0,0,1,0,0,0,0,0,0,0,0,1,1,0,1,0,0,0,0,1,0,1,0,0,0,,0,0,0,0,0,0,0,0,0,0,0,0,0,0,0,0,,,,,,26-30,26-35,Interstate,R,Tuesday,Belt Used,PV,Not Fatal,0,0,0,0,State Route,State Patrol,Washington State Patrol,0,1,0,0,0,,,,,,0.0,0.0,0.0,,,,,,,,,,,98.0,98.0,98.0,0.0,,,,,20.0,,,,,,,,,1.0,15.0,19.0,,,,,,98229
3996,2021,544,EC04402,6.0,12/20/2021,9:35,20,12,,17,Douglas,0,4,,1,10,2,1,0,3,2,,,,12,0,1,127.5,1,0,1,3,1,1,2,0,0,0,0,US-2,,-120.2542722,47.54905,0,1,32,6,1,60,4,0,0,1,2,12,2,1,3,1,14,2,2,53,0,37,32,2001,0,,68,12.0,,,,,1,1,39,1,0.0,,3,0,3,0,11,5,,,,,0.0,0.0,0.0,3.0,1,28,87.0,,,96,,,,,,98,,,,,,98802.0,53,64.0,154.0,6.0,1.0,0.0,0.0,0.0,0.0,,52,,,,,,4,,,20,0,0,0,8.0,9,2,,,0,,,8,8,0.0,0.0,,,0.0,,,0,0,996.0,,,,,,,,,,,,,,,,,,,,,,,,,,,,,,0,0,0,0,0,0,0,0,0,0,0,0,1,0,0,0,0,0,0,0,0,0,0,0,0,1,0,0,0,1,0,0,0,0,0,,0,0,0,0,0,0,0,0,0,1,0,0,0,0,0,0,,,,,,36-40,36-45,US highway,R,Monday,Belt Used,PV,Not Fatal,0,1,1,0,State Route,State Patrol,Washington State Patrol,0,1,0,0,0,,,,,,0.0,0.0,0.0,,,,,,,,,,,98.0,98.0,98.0,0.0,,,,,20.0,,,,,,,,,1.0,0.0,,,,,,,98802
3997,2021,544,EC04402,6.0,12/20/2021,9:35,20,12,,17,Douglas,0,4,,1,10,2,1,0,3,2,,,,12,0,1,127.5,1,0,1,3,1,1,2,0,0,0,0,US-2,,-120.2542722,47.54905,0,2,32,62,4,60,14,0,0,1,2,12,3,1,3,1,14,1,1,53,0,12,402,2009,0,,12,,,,,,1,1,68,1,0.0,,3,0,3,0,11,5,,,,,0.0,0.0,0.0,3.0,1,0,,,,96,,,,,,98,,,,,,98802.0,53,68.0,225.0,6.0,1.0,0.0,0.0,0.0,0.0,,0,,,,,,0,,,1,0,0,0,8.0,9,2,,,0,,,8,8,0.0,0.0,,,0.0,,,0,0,996.0,,,,,,,,,,,,,,,,,,,,,,,,,,,,,,0,0,0,0,0,0,0,0,0,0,0,0,1,0,0,0,0,0,0,0,0,0,0,0,0,1,0,0,0,1,0,0,0,0,0,,0,0,0,0,0,0,0,0,0,0,0,0,0,0,0,0,,,,,,66-70,66-75,US highway,R,Monday,Belt Used,PV,Not Fatal,0,1,1,0,State Route,State Patrol,Washington State Patrol,0,1,0,0,0,,,,,,0.0,0.0,0.0,,,,,,,,,,,98.0,98.0,98.0,0.0,,,,,20.0,,,,,,,,,1.0,0.0,,,,,,,98802
3998,2021,545,EC04549,236.0,12/15/2021,18:13,15,12,,35,Kitsap,1710,2,,2,2,2,1,1,1,1,,,,8,0,0,0.0,1,0,1,4,2,4,6,0,0,0,0,BAY ST,,-122.6252361,47.543011111,0,1,13,80,5,25,14,0,0,1,5,8,1,1,2,1,1,1,1,53,0,20,404,2005,0,,8,,,,,,1,1,72,2,0.0,,0,0,3,0,11,0,,,,,0.0,0.0,0.0,3.0,1,0,,,,96,,,,,,98,,,,,,98366.0,53,61.0,105.0,6.0,1.0,0.0,0.0,0.0,0.0,,0,,,,,,0,,,20,0,0,0,8.0,9,2,,,0,,,8,8,0.0,0.0,,,0.0,,,0,0,996.0,,,,,,,,,,,,,,,,,,,,,,,,,,,,,,0,0,0,0,0,0,0,0,0,1,0,1,0,0,0,0,0,1,0,0,0,0,0,0,0,1,1,0,0,1,0,1,0,0,0,,0,0,0,0,0,0,0,0,0,0,0,0,0,0,0,0,,,,,,71-75,66-75,City street,U,Wednesday,Belt Used,PV,Not Fatal,0,0,0,0,City Street,Municipal/City Police,Port Orchard Police Department,0,0,0,1,0,,,,,,0.0,0.0,0.0,,,,,,,,,,,98.0,98.0,98.0,0.0,,,,,20.0,,,,,,,,,1.0,0.0,,,,,,,98366