,year,case,par,repjur,crash_dt,crash_tm,accday,accmon,holiday,county,co_char,city,weather,weather2,lightcond,surfcond,surftype,numfatal,nmforms,pforms,vforms,not_tm,arr_tm,hosp_tm,fhevent,hitrun,manncol,milepnt,reljunc,reljuncinter,intersectiontype,funcsystem,landuse,ownership,route,schlbus,spejur,contdev,devfunc,trafid1,trafid2,x,y,wk_zone,vnumber,crashtype,criticalevent,criticaleventcat,spdlim,body,trailer,emerg,hazcargo,leave,mhevent,roadalgn,roadprof,traflane,trafflow,vehmanvr,numoccs,regowner,regstate,spuse,make,model,modelyr,vrf1,vrf2,seqevent1,seqevent2,seqevent3,seqevent4,seqevent5,seqevent6,pnumber,ptype,age,sex,hispanic,race,injury,diedscene,restraint,restraintmisuse,seatpos,takehosp,death_dt,death_tm,cert,cernum_wa,commlic,licendor,licrestrict,liccomp,drivpres,drf1,drf2,drf3,drf4,distract1,distract2,distract3,distract4,distract5,distract6,dricond1,dricond2,dricond3,dricond4,dricond5,dricond6,dzip,licstate,drhgt_in,weight,noncdl,noncdltype,prevdwi,prevoth,prevacc,prevspd,prevsus,driviol1,driviol2,driviol3,driviol4,driviol5,driviol6,spdrel,first_dt,last_dt,airbag,ejection,ejectpath,extricat,injurwrk,methalc,methdrug,nmlocat,strikveh,prf1,prf2,prf3,druginv,alcinvol,drugsts,drugres1,drugres2,drugres3,drugtst1,drugtst2,drugtst3,alcsts,alctst,alcres,nmact1,nmact2,nmact3,nmact4,nmact5,nmact6,nmprior1,nmprior2,nmprior3,nmprior4,nmprior5,nmprior6,nmcond1,nmcond2,nmcond3,nmcond4,nmcond5,nmcond6,nmsafe_helmet,nmsafe_pads,nmsafe_oth,nmprev_ref,nmprev_lgt,nmprev_oth,crashlocation,nmcrashtype,crosswalk,schoolzone,sidewalk,train_inv,wildlife_inv,rotr_fars,intersect_fars,dd_inv,aid_inv,dpd_inv,id_inv,mj_inv,impnm_inv,ainm_inv,dpnm_inv,speed_inv,unlic_inv,unendmc_inv,drowsy_inv,drdist_inv,nmdist_inv,fty_inv,unrestfat_inv,dr1617_inv,dr1820_inv,dr1620_inv,dr2125_inv,dr1625_inv,dr65_inv,dr70_inv,dr75_inv,mc_inv,pv_inv,ht_inv,ped_inv,bike_inv,unrest_fat,mc_fat,unhelmet_mc,pv_fat,ht_fat,ped_fat,bike_fat,dr_alc7,dr_alc8,dr_drug,dr_imp,dr_dist,dr_spd,dr_fty,dr_unlic,dr_alc7only,dr_alc8only,dr_drugonly,dr_drink,nm_imp,nm_alc7,nm_alc8,nm_drug,nm_dist,agegrp1,agegrp2,roadclass,urbrur,dayweek,restuse,vehtype,race_me,intersect,lanedep,oppdir,wrongway,rep_typ,investag,repag_long,rotr,st_rd,cty_rd,city_rd,oth_rd,drug_thc,thc_res,drug_cthc,cthc_res,drug_cann,prevpersemin,prevperse,prevsusoth,drugtst4,drugtst5,drugtst6,drugtst7,drugtst8,drugres4,drugres5,drugres6,drugres7,drugres8,adspresent,adsengaged,adslevel,race1,race2,race3,race4,race5,helmet,helmetmisuse,nmdistract1,nmdistract2,nmdistract3,nmdistract4,nmdistract5,nmdistract6,lab,isedtcase,crf1,crf2,crf3,CoRoadName,CoMP,IntCoRoadName,IntCoMP,zipcode
3999,2021,546,EC04851,3.0,12/24/2021,19:18,24,12,,53,Pierce,0,2,,3,2,1,1,0,5,3,,,,12,0,6,36.1,2,0,2,4,1,1,3,0,0,3,3,SR-7,SR-702,-122.3573917,46.936638889,0,1,86,17,2,50,34,0,0,1,2,12,1,1,2,1,1,1,1,53,0,12,471,1997,0,,12,,,,,,1,1,21,1,0.0,,2,0,20,7,11,0,,,,,0.0,0.0,0.0,2.0,1,39,,,,96,,,,,,9,,,,,,98466.0,53,70.0,155.0,1.0,1.0,0.0,2.0,2.0,1.0,,12,,,,,,0,04/15/2018,07/15/2021,20,0,0,0,8.0,9,8,,,0,,,1,1,2.0,695.0,605.0,,1.0,1.0,,2,1,0.13,,,,,,,,,,,,,,,,,,,,,,,,,,,,,,0,0,0,1,1,1,1,1,1,0,0,0,0,1,0,0,0,0,0,0,0,0,0,1,1,0,0,0,0,1,0,0,0,0,0,,0,0,0,0,0,1,1,1,0,0,0,1,0,0,0,1,,,,,,21-25,16-25,State route,R,Friday,Not Used,PV,Not Fatal,1,0,0,0,State Route,State Patrol,Washington State Patrol,0,1,0,0,0,thc,11.0,carboxy-thc,85.0,,0.0,0.0,0.0,,,,,,,,,,,0.0,0.0,0.0,0.0,,,,,20.0,,,,,,,,,1.0,0.0,,,,,,,98328
4000,2021,546,EC04851,3.0,12/24/2021,19:18,24,12,,53,Pierce,0,2,,3,2,1,1,0,5,3,,,,12,0,6,36.1,2,0,2,4,1,1,3,0,0,3,3,SR-7,SR-702,-122.3573917,46.936638889,0,2,87,66,4,45,4,0,0,1,2,12,1,1,2,1,1,1,2,53,0,20,20,2001,0,,12,68.0,12.0,,,,1,1,22,2,7.0,,4,7,3,0,11,0,12/24/2021,19:18,53067981.0,67981.0,0.0,0.0,0.0,3.0,1,0,,,,96,,,,,,98,,,,,,98266.0,53,67.0,200.0,6.0,1.0,0.0,0.0,1.0,0.0,,0,,,,,,0,03/15/2021,03/15/2021,8,2,9,0,0.0,9,8,,,0,,,8,8,2.0,695.0,605.0,,1.0,1.0,,2,1,0.0,,,,,,,,,,,,,,,,,,,,,,,,,,,,,,0,0,0,1,1,1,1,1,1,0,0,0,0,1,0,0,0,0,0,0,0,0,0,1,1,0,0,0,0,1,0,0,0,0,0,,1,0,0,0,0,0,1,1,0,0,0,0,0,0,1,0,,,,,,21-25,16-25,State route,R,Friday,Belt Used,PV,White,1,0,0,0,State Route,State Patrol,Washington State Patrol,0,1,0,0,0,thc,7.6,carboxy-thc,100.0,,0.0,0.0,0.0,,,,,,,,,,,98.0,98.0,98.0,1.0,,,,,20.0,,,,,,,,nms,1.0,0.0,,,,,,,98328
4001,2021,546,EC04851,3.0,12/24/2021,19:18,24,12,,53,Pierce,0,2,,3,2,1,1,0,5,3,,,,12,0,6,36.1,2,0,2,4,1,1,3,0,0,3,3,SR-7,SR-702,-122.3573917,46.936638889,0,3,98,62,4,45,14,0,0,1,2,12,1,1,2,1,1,3,1,53,0,2,404,2013,0,,12,,,,,,1,1,57,1,0.0,,1,0,3,0,11,0,,,,,0.0,0.0,3.0,3.0,1,0,,,,96,,,,,,98,,,,,,98328.0,53,73.0,240.0,6.0,1.0,0.0,0.0,0.0,0.0,,0,,,,,,0,,,20,0,0,0,8.0,9,8,,,0,,,8,8,0.0,0.0,,,0.0,,,0,0,996.0,,,,,,,,,,,,,,,,,,,,,,,,,,,,,,0,0,0,1,1,1,1,1,1,0,0,0,0,1,0,0,0,0,0,0,0,0,0,1,1,0,0,0,0,1,0,0,0,0,0,,0,0,0,0,0,0,0,0,0,0,0,0,0,0,0,0,,,,,,56-60,56-65,State route,R,Friday,Belt Used,PV,Not Fatal,1,0,0,0,State Route,State Patrol,Washington State Patrol,0,1,0,0,0,,,,,,0.0,0.0,0.0,,,,,,,,,,,98.0,98.0,98.0,0.0,,,,,20.0,,,,,,,,,1.0,0.0,,,,,,,98328
4002,2021,547,EC06172,337.0,12/24/2021,16:47,24,12,,73,Whatcom,110,1,,3,1,2,1,1,2,1,,,,8,0,0,0.0,1,0,1,4,2,4,6,0,0,0,0,W BAKERVIEW RD,,-122.4880667,48.789744444,0,1,13,80,5,98,5,0,0,1,2,8,8,8,5,5,1,2,1,53,0,42,55,2017,0,,8,,,,,,1,1,58,1,0.0,,0,0,3,0,11,0,,,,,0.0,0.0,3.0,3.0,1,0,,,,96,,,,,,98,,,,,,98188.0,53,64.0,160.0,6.0,1.0,0.0,0.0,0.0,1.0,,76,,,,,,0,02/15/2020,02/15/2020,20,0,0,0,8.0,9,8,,,0,,,8,8,8.0,95.0,,,96.0,,,8,95,995.0,,,,,,,,,,,,,,,,,,,,,,,,,,,,,,0,0,0,0,0,0,0,0,0,0,0,0,0,0,0,0,0,0,0,0,0,0,0,0,0,0,0,0,0,1,0,1,0,0,0,,0,0,0,0,0,0,0,0,0,0,0,0,0,0,0,0,,,,,,56-60,56-65,City street,U,Friday,Belt Used,PV,Not Fatal,0,0,0,0,City Street,Municipal/City Police,Bellingham Police Department,0,0,0,1,0,,,,,,0.0,0.0,0.0,,,,,,,,,,,98.0,98.0,98.0,0.0,,,,,20.0,,,,,,,,,1.0,0.0,,,,,,,98226
4003,2021,548,EC06178,4.0,12/22/2021,13:49,22,12,,1,Adams,0,1,,1,10,2,1,0,2,2,,,,12,0,6,53.4,3,0,3,5,1,1,3,0,0,0,0,SR-261,BENZEL RD,-118.3443917,46.987675,0,1,66,9,1,55,4,0,0,1,2,12,3,1,2,1,14,1,1,53,0,18,22,2006,0,,68,12.0,,,,,1,1,18,1,99.0,,4,0,20,7,11,5,12/24/2021,12:49,211053066211.0,66211.0,0.0,0.0,3.0,3.0,1,28,,,,96,,,,,,98,,,,,,99371.0,53,73.0,280.0,6.0,1.0,0.0,0.0,0.0,0.0,,0,,,,,,4,,,20,0,0,0,0.0,9,8,,,0,,,8,8,2.0,348.0,,,1.0,,,2,1,0.0,,,,,,,,,,,,,,,,,,,,,,,,,,,,,,0,0,0,1,0,0,1,1,0,0,0,0,1,0,0,0,0,0,0,1,0,1,1,0,1,0,0,0,0,1,0,0,0,1,0,,1,0,0,0,0,0,1,1,0,1,0,0,0,0,1,0,,,,,,18-20,16-25,State route,R,Wednesday,Not Used,PV,White,0,0,0,0,State Route,State Patrol,Washington State Patrol,0,1,0,0,0,,,,,,0.0,0.0,0.0,,,,,,,,,,,98.0,98.0,98.0,1.0,,,,,20.0,,,,,,,,,1.0,0.0,,,,,,,99169
4004,2021,548,EC06178,4.0,12/22/2021,13:49,22,12,,1,Adams,0,1,,1,10,2,1,0,2,2,,,,12,0,6,53.4,3,0,3,5,1,1,3,0,0,0,0,SR-261,BENZEL RD,-118.3443917,46.987675,0,2,66,62,4,55,34,0,0,1,2,12,2,1,2,1,14,1,2,53,0,49,482,2008,0,,12,,,,,,1,1,19,1,0.0,,1,0,3,0,11,0,,,,,0.0,0.0,3.0,3.0,1,0,,,,96,,,,,,98,,,,,,99008.0,53,71.0,190.0,6.0,1.0,0.0,0.0,0.0,0.0,,0,,,,,,0,,,1,0,0,0,8.0,9,8,,,0,,,8,8,0.0,0.0,,,0.0,,,0,0,996.0,,,,,,,,,,,,,,,,,,,,,,,,,,,,,,0,0,0,1,0,0,1,1,0,0,0,0,1,0,0,0,0,0,0,1,0,1,1,0,1,0,0,0,0,1,0,0,0,0,0,,0,0,0,0,0,0,0,0,0,0,0,0,0,0,0,0,,,,,,18-20,16-25,State route,R,Wednesday,Belt Used,PV,Not Fatal,0,0,0,0,State Route,State Patrol,Washington State Patrol,0,1,0,0,0,,,,,,0.0,0.0,0.0,,,,,,,,,,,98.0,98.0,98.0,0.0,,,,,20.0,,,,,,,,,1.0,0.0,,,,,,,99169
4005,2021,549,EC06498,330.0,10/02/2021,19:54,2,10,,77,Yakima,2590,1,,3,1,2,1,1,1,1,,,,8,0,0,0.0,1,0,1,4,2,4,6,0,0,0,0,S FAIR AVE,,-120.4881222,46.599116667,0,1,13,80,5,30,80,0,0,1,2,8,1,1,3,5,6,1,1,53,0,72,706,2020,0,,8,,,,,,1,1,27,1,0.0,,2,0,20,7,11,0,,,,,0.0,0.0,0.0,3.0,1,33,,,,96,,,,,,98,,,,,,98902.0,53,71.0,210.0,6.0,1.0,0.0,1.0,2.0,2.0,,1,,,,,,3,04/15/2017,08/15/2020,20,8,0,0,8.0,9,8,,,0,,,8,8,8.0,95.0,,,96.0,,,2,1,997.0,,,,,,,,,,,,,,,,,,,,,,,,,,,,,,0,0,0,0,0,0,0,0,0,1,0,1,1,0,0,0,0,0,0,0,0,0,0,0,0,0,0,0,1,0,0,1,0,0,0,0.0,0,0,0,0,0,0,0,0,0,1,0,0,0,0,0,0,,,,,,26-30,26-35,City street,U,Saturday,,MC,Not Fatal,0,0,0,0,City Street,Municipal/City Police,Yakima Police Department,0,0,0,1,0,,,,,,0.0,0.0,2.0,,,,,,,,,,,0.0,0.0,0.0,0.0,,,,,5.0,,,,,,,,,1.0,0.0,,,,,,,98901
4006,2021,550,EC06619,159.0,12/27/2021,19:19,27,12,,5,Benton,1020,1,,3,1,2,1,0,3,2,,,,12,0,6,0.0,3,0,3,5,2,4,6,0,0,0,0,S ELY ST,S Huntington St,-119.1590194,46.182183333,0,1,66,9,1,35,2,0,0,1,2,12,1,2,3,5,1,1,1,6,0,42,42,2021,0,,68,12.0,,,,,1,1,25,1,1.0,,4,7,3,0,11,0,12/27/2021,19:25,102053066639.0,66639.0,0.0,0.0,3.0,2.0,1,28,,,,96,,,,,,98,,,,,,99337.0,53,68.0,175.0,1.0,1.0,2.0,2.0,1.0,0.0,,0,,,,,,0,11/15/2017,07/15/2019,9,0,0,0,0.0,9,8,,,0,,,8,8,2.0,401.0,,,1.0,,,2,1,0.193,,,,,,,,,,,,,,,,,,,,,,,,,,,,,,0,0,0,1,1,1,1,1,0,0,0,0,0,1,0,0,0,0,0,0,0,0,0,1,1,0,0,0,0,1,0,0,0,0,0,,1,0,0,0,0,1,1,1,0,0,0,1,0,0,0,1,,,,,,21-25,16-25,City street,U,Monday,Belt Used,PV,Hispanic,0,1,1,0,City Street,Municipal/City Police,Kennewick Police Department,0,0,0,1,0,,,,,,1.0,1.0,0.0,,,,,,,,,,,98.0,98.0,98.0,1.0,,,,,20.0,,,,,,,,,1.0,0.0,,,,,,,99337
4007,2021,550,EC06619,159.0,12/27/2021,19:19,27,12,,5,Benton,1020,1,,3,1,2,1,0,3,2,,,,12,0,6,0.0,3,0,3,5,2,4,6,0,0,0,0,S ELY ST,S Huntington St,-119.1590194,46.182183333,0,2,66,62,4,35,14,0,0,1,2,12,1,2,3,5,1,2,2,53,0,2,403,2010,0,,12,,,,,,1,1,38,2,0.0,,3,0,3,0,11,5,,,,,0.0,0.0,0.0,3.0,1,0,,,,96,,,,,,98,,,,,,99301.0,53,62.0,150.0,6.0,1.0,0.0,0.0,0.0,0.0,,0,,,,,,0,,,1,0,0,0,8.0,9,8,,,0,,,8,8,8.0,95.0,,,96.0,,,8,95,995.0,,,,,,,,,,,,,,,,,,,,,,,,,,,,,,0,0,0,1,1,1,1,1,0,0,0,0,0,1,0,0,0,0,0,0,0,0,0,1,1,0,0,0,0,1,0,0,0,0,0,,0,0,0,0,0,0,0,0,0,0,0,0,0,0,0,0,,,,,,36-40,36-45,City street,U,Monday,Belt Used,PV,Not Fatal,0,1,1,0,City Street,Municipal/City Police,Kennewick Police Department,0,0,0,1,0,,,,,,0.0,0.0,0.0,,,,,,,,,,,98.0,98.0,98.0,0.0,,,,,20.0,,,,,,,,,1.0,0.0,,,,,,,99337
4008,2021,551,EC07136,2.0,12/21/2021,16:10,21,12,,73,Whatcom,740,3,,5,4,2,1,0,3,3,,,,12,0,6,262.9,1,0,1,1,2,1,1,0,0,0,0,I-5,,-122.5799417,48.850886111,0,1,66,5,1,70,10,0,0,1,2,12,1,1,2,3,5,1,1,53,0,48,44,2006,0,,12,69.0,12.0,,,,1,1,66,1,7.0,,4,7,20,7,11,0,12/21/2021,16:10,74053065744.0,65744.0,6.0,0.0,0.0,3.0,1,58,87.0,,,12,,,,,,98,,,,,,98244.0,53,72.0,245.0,6.0,1.0,0.0,0.0,0.0,2.0,,0,,,,,,0,04/15/2018,10/15/2019,1,0,0,0,0.0,9,8,,,0,,,8,8,2.0,996.0,996.0,695.0,1.0,1.0,1.0,2,1,0.0,,,,,,,,,,,,,,,,,,,,,,,,,,,,,,0,0,0,0,0,0,1,1,1,0,0,0,1,0,0,0,1,0,0,1,0,0,0,1,1,1,0,0,0,1,0,0,0,1,0,,1,0,0,0,0,0,1,1,1,0,0,0,0,0,1,0,,,,,,66-70,66-75,Interstate,U,Tuesday,Not Used,PV,White,0,0,0,0,State Route,State Patrol,Washington State Patrol,0,1,0,0,0,,,carboxy-thc,100.0,,0.0,0.0,0.0,1.0,1.0,,,,605.0,996.0,,,,98.0,98.0,98.0,1.0,,,,,20.0,,,,,,,,nms,1.0,0.0,,,,,,,98262
4009,2021,551,EC07136,2.0,12/21/2021,16:10,21,12,,73,Whatcom,740,3,,5,4,2,1,0,3,3,,,,12,0,6,262.9,1,0,1,1,2,1,1,0,0,0,0,I-5,,-122.5799417,48.850886111,0,2,66,50,3,70,4,0,0,1,2,12,1,1,2,3,1,1,1,53,0,59,35,2006,0,,12,,,,,,1,1,22,1,0.0,,0,0,3,0,11,0,,,,,0.0,0.0,0.0,3.0,1,87,,,,12,,,,,,98,,,,,,98248.0,53,64.0,154.0,6.0,1.0,0.0,1.0,0.0,1.0,,0,,,,,,4,12/15/2021,06/15/2021,8,0,0,0,8.0,9,2,,,0,,,8,8,0.0,0.0,,,0.0,,,0,0,996.0,,,,,,,,,,,,,,,,,,,,,,,,,,,,,,0,0,0,0,0,0,1,1,1,0,0,0,1,0,0,0,1,0,0,1,0,0,0,1,1,1,0,0,0,1,0,0,0,0,0,,0,0,0,0,0,0,0,0,1,1,0,0,0,0,0,0,,,,,,21-25,16-25,Interstate,U,Tuesday,Belt Used,PV,Not Fatal,0,0,0,0,State Route,State Patrol,Washington State Patrol,0,1,0,0,0,,,,,,0.0,0.0,0.0,,,,,,,,,,,98.0,98.0,98.0,0.0,,,,,20.0,,,,,,,,,1.0,0.0,,,,,,,98262
4010,2021,551,EC07136,2.0,12/21/2021,16:10,21,12,,73,Whatcom,740,3,,5,4,2,1,0,3,3,,,,12,0,6,262.9,1,0,1,1,2,1,1,0,0,0,0,I-5,,-122.5799417,48.850886111,0,3,98,5,1,70,34,0,0,1,2,24,1,1,2,3,1,1,1,53,0,20,473,2005,0,,64,24.0,12.0,,,,1,1,48,1,0.0,,0,0,3,0,11,0,,,,,0.0,0.0,0.0,3.0,1,87,,,,12,,,,,,98,,,,,,98226.0,53,65.0,140.0,6.0,1.0,0.0,1.0,0.0,0.0,,0,,,,,,4,07/15/2018,07/15/2018,1,0,0,0,8.0,9,2,,,0,,,8,8,0.0,0.0,,,0.0,,,0,0,996.0,,,,,,,,,,,,,,,,,,,,,,,,,,,,,,0,0,0,0,0,0,1,1,1,0,0,0,1,0,0,0,1,0,0,1,0,0,0,1,1,1,0,0,0,1,0,0,0,0,0,,0,0,0,0,0,0,0,0,1,1,0,0,0,0,0,0,,,,,,46-50,46-55,Interstate,U,Tuesday,Belt Used,PV,Not Fatal,0,0,0,0,State Route,State Patrol,Washington State Patrol,0,1,0,0,0,,,,,,0.0,0.0,0.0,,,,,,,,,,,98.0,98.0,98.0,0.0,,,,,20.0,,,,,,,,,1.0,0.0,,,,,,,98262
4011,2021,552,3895585,263.0,10/08/2021,21:26,8,10,,33,King,1960,1,,3,1,2,1,1,1,1,,,,15,0,0,0.0,1,0,1,3,2,4,6,0,0,0,0,AIRPORT WAY S,,-122.3232806,47.559538889,0,1,13,83,5,30,4,0,0,1,2,15,1,1,4,1,1,1,1,53,0,12,23,2012,0,,68,15.0,,,,,1,1,28,1,0.0,,0,0,99,7,11,0,,,,,0.0,0.0,0.0,3.0,1,0,,,,96,,,,,,98,,,,,,98444.0,53,75.0,220.0,6.0,1.0,0.0,0.0,0.0,0.0,,0,,,,,,0,,,20,0,0,0,8.0,9,2,,,0,,,8,0,8.0,95.0,,,96.0,,,8,95,995.0,,,,,,,,,,,,,,,,,,,,,,,,,,,,,,0,0,0,0,0,0,0,0,0,1,1,1,0,0,0,0,0,0,0,0,0,0,0,0,0,0,0,0,0,1,0,1,0,0,0,,0,0,0,0,0,0,0,0,0,0,0,0,0,0,0,0,,,,,,26-30,26-35,City street,U,Friday,Unknown,PV,Not Fatal,0,0,0,0,City Street,Municipal/City Police,Seattle Police Department,0,0,0,1,0,,,,,,0.0,0.0,0.0,,,,,,,,,,,98.0,98.0,98.0,0.0,,,,,20.0,,,,,,,,,1.0,0.0,,,,,,,98108
4012,2021,553,EC07769,40.0,12/19/2021,17:43,19,12,,63,Spokane,0,5,,2,4,2,1,1,1,1,,,,8,0,0,0.8,1,0,1,3,2,2,4,0,0,0,0,CR-E HASTINGS RD,,-117.4062722,47.769252778,0,1,13,80,5,35,20,0,0,1,5,8,1,2,4,1,1,1,1,53,0,49,442,2013,0,,8,,,,,,1,1,59,2,0.0,,0,0,3,0,11,0,,,,,0.0,0.0,3.0,3.0,1,0,,,,96,,,,,,98,,,,,,99218.0,53,62.0,162.0,6.0,1.0,0.0,0.0,0.0,0.0,,0,,,,,,0,,,20,0,0,0,8.0,9,2,,,0,,,8,8,9.0,999.0,,,99.0,,,9,99,999.0,,,,,,,,,,,,,,,,,,,,,,,,,,,,,,0,0,0,0,0,0,0,0,0,1,1,0,0,0,0,0,0,0,0,0,0,0,0,0,0,0,0,0,0,1,0,1,0,0,0,,0,0,0,0,0,0,0,0,0,0,0,0,0,0,0,0,,,,,,56-60,56-65,County road,U,Sunday,Belt Used,PV,Not Fatal,0,0,0,0,County Road,County Sheriff,Spokane County Sheriff's Office,0,0,1,0,0,,,,,,0.0,0.0,0.0,,,,,,,,,,,98.0,98.0,98.0,0.0,,,,,20.0,,,,,,,,,1.0,0.0,,,HASTINGS RD,0.8,,,99218
4013,2021,554,EC07968,4.0,12/31/2021,8:27,31,12,,63,Spokane,0,4,,1,8,2,1,0,2,2,,,,12,0,6,271.7,1,0,1,1,2,1,1,0,0,0,0,I-90,,-117.5439694,47.601452778,0,1,48,9,1,70,4,0,0,1,2,12,1,1,2,2,1,1,1,53,0,49,43,2004,0,,64,69.0,12.0,,,,1,1,28,2,7.0,,4,0,99,7,11,5,12/31/2021,10:01,211053067335.0,67335.0,0.0,0.0,3.0,3.0,1,0,,,,96,,,,,,98,,,,,,99336.0,53,63.0,150.0,6.0,1.0,0.0,0.0,0.0,1.0,,0,,,,,,4,02/15/2018,02/15/2018,20,0,0,0,0.0,9,8,,,0,,,8,8,2.0,1.0,,,1.0,,,2,1,0.0,,,,,,,,,,,,,,,,,,,,,,,,,,,,,,0,0,0,0,0,0,0,0,0,0,0,0,1,0,0,0,0,0,0,0,0,0,0,0,0,0,0,0,0,1,1,0,0,0,0,,1,0,0,0,0,0,0,0,0,1,0,0,0,0,0,0,,,,,,26-30,26-35,Interstate,U,Friday,Unknown,PV,White,0,0,0,0,State Route,State Patrol,Washington State Patrol,0,1,0,0,0,,,,,,0.0,0.0,0.0,,,,,,,,,,,98.0,98.0,98.0,1.0,,,,,20.0,,,,,,,,,1.0,0.0,,,,,,,99224
4014,2021,554,EC07968,4.0,12/31/2021,8:27,31,12,,63,Spokane,0,4,,1,8,2,1,0,2,2,,,,12,0,6,271.7,1,0,1,1,2,1,1,0,0,0,0,I-90,,-117.5439694,47.601452778,0,2,48,59,3,60,66,1,0,1,2,12,1,1,2,2,1,1,3,17,0,82,881,2021,0,,12,,,,,,1,1,47,1,0.0,,0,0,3,0,11,0,,,,,6.0,3.0,0.0,3.0,1,0,,,,96,,,,,,98,,,,,,34287.0,12,66.0,999.0,6.0,1.0,0.0,0.0,0.0,0.0,,0,,,,,,0,10/15/2019,10/15/2019,20,0,0,0,8.0,9,2,,,0,,,8,8,0.0,0.0,,,0.0,,,0,0,996.0,,,,,,,,,,,,,,,,,,,,,,,,,,,,,,0,0,0,0,0,0,0,0,0,0,0,0,1,0,0,0,0,0,0,0,0,0,0,0,0,0,0,0,0,1,1,0,0,0,0,,0,0,0,0,0,0,0,0,0,0,0,0,0,0,0,0,,,,,,46-50,46-55,Interstate,U,Friday,,MHTRUCK,Not Fatal,0,0,0,0,State Route,State Patrol,Washington State Patrol,0,1,0,0,0,,,,,,0.0,0.0,1.0,,,,,,,,,,,98.0,98.0,98.0,0.0,,,,,20.0,,,,,,,,,1.0,0.0,,,,,,,99224
4015,2021,555,EC08245,1.0,12/30/2021,9:18,30,12,,5,Benton,0,4,,1,10,2,1,0,1,1,,,,35,0,0,85.1,1,0,1,1,1,1,1,0,0,0,0,I-82,,-119.6914583,46.219355556,0,1,6,9,1,70,34,0,0,1,2,1,1,3,2,2,1,1,1,53,0,49,472,2001,0,,64,35.0,1.0,,,,1,1,23,1,1.0,,4,7,20,7,11,0,12/30/2021,9:18,53067280.0,67280.0,0.0,0.0,3.0,3.0,1,0,,,,96,,,,,,98,,,,,,98948.0,53,69.0,185.0,6.0,1.0,0.0,1.0,1.0,7.0,,0,,,,,,4,05/15/2018,07/15/2021,20,0,0,0,0.0,9,8,,,0,,,8,8,2.0,695.0,605.0,996.0,1.0,1.0,1.0,2,1,0.0,,,,,,,,,,,,,,,,,,,,,,,,,,,,,,0,0,1,0,0,0,1,1,1,0,0,0,1,0,0,0,0,0,0,1,0,0,0,1,1,0,0,0,0,1,0,0,0,1,0,,1,0,0,0,0,0,1,1,0,1,0,0,0,0,1,0,,,,,,21-25,16-25,Interstate,R,Thursday,Not Used,PV,Hispanic,0,1,0,0,State Route,State Patrol,Washington State Patrol,1,1,0,0,0,thc,6.1,carboxy-thc,24.0,,0.0,0.0,3.0,,,,,,,,,,,98.0,98.0,98.0,1.0,,,,,20.0,,,,,,,,nms,1.0,0.0,,,,,,,99350
4016,2021,556,EB76101,278.0,10/04/2021,3:03,4,10,,63,Spokane,2110,1,,2,1,2,1,0,1,1,,,,42,0,0,0.0,1,0,1,5,2,4,6,0,0,0,0,W DOWNRIVER PARK DR,,-117.4544,47.681636111,0,1,1,6,1,30,4,0,0,1,5,42,4,1,2,1,14,1,2,53,0,20,16,2005,0,,63,42.0,1.0,,,,1,1,30,1,7.0,,4,0,3,0,11,5,10/05/2021,11:50,211053056056.0,56056.0,0.0,0.0,0.0,2.0,1,0,,,,96,,,,,,98,,,,,,99217.0,53,69.0,180.0,1.0,1.0,0.0,2.0,0.0,0.0,,0,,,,,,4,07/15/2019,07/15/2019,1,1,9,0,0.0,9,8,,,0,,,8,8,2.0,348.0,401.0,417.0,1.0,1.0,1.0,2,1,0.0,,,,,,,,,,,,,,,,,,,,,,,,,,,,,,0,0,1,0,0,0,1,1,0,0,0,0,1,1,0,0,0,0,0,0,0,0,0,0,0,0,0,0,0,1,0,0,0,0,0,,1,0,0,0,0,0,1,1,0,1,0,1,0,0,1,0,,,,,,26-30,26-35,City street,U,Monday,Belt Used,PV,White,0,1,0,0,City Street,Municipal/City Police,Spokane Police Department,1,0,0,1,0,,,,,,0.0,0.0,0.0,1.0,1.0,,,,151.0,996.0,,,,98.0,98.0,98.0,1.0,,,,,20.0,,,,,,,,,1.0,0.0,,,,,,,99205
4017,2021,557,EC08098,278.0,12/28/2021,19:31,28,12,,63,Spokane,2110,1,,3,4,2,1,1,1,1,,,,8,0,0,,3,0,2,3,2,4,6,0,0,0,0,N HAMILTON ST,E Augusta Ave,-117.3966,47.672775,0,1,13,80,5,30,6,0,0,1,5,8,8,8,5,5,1,1,1,53,0,58,40,2011,0,,8,,,,,,1,1,57,2,0.0,,0,0,3,0,11,0,,,,,0.0,0.0,0.0,3.0,1,0,,,,96,,,,,,0,,,,,,99207.0,53,66.0,186.0,6.0,1.0,0.0,0.0,0.0,0.0,,0,,,,,,0,,,20,0,0,0,8.0,9,2,,,0,,,8,8,0.0,0.0,,,0.0,,,0,0,996.0,,,,,,,,,,,,,,,,,,,,,,,,,,,,,,0,0,0,1,0,0,0,0,0,1,1,1,0,0,0,0,0,1,0,0,0,0,0,0,0,0,0,0,0,1,0,1,0,0,0,,0,0,0,0,0,0,0,0,0,0,0,0,0,0,0,0,,,,,,56-60,56-65,City street,U,Tuesday,Belt Used,PV,Not Fatal,1,0,0,0,City Street,Municipal/City Police,Spokane Police Department,0,0,0,1,0,,,,,,0.0,0.0,0.0,,,,,,,,,,,98.0,98.0,98.0,0.0,,,,,20.0,,,,,,,,,1.0,0.0,,,,,,,99258