,year,case,par,repjur,crash_dt,crash_tm,accday,accmon,holiday,county,co_char,city,weather,weather2,lightcond,surfcond,surftype,numfatal,nmforms,pforms,vforms,not_tm,arr_tm,hosp_tm,fhevent,hitrun,manncol,milepnt,reljunc,reljuncinter,intersectiontype,funcsystem,landuse,ownership,route,schlbus,spejur,contdev,devfunc,trafid1,trafid2,x,y,wk_zone,vnumber,crashtype,criticalevent,criticaleventcat,spdlim,body,trailer,emerg,hazcargo,leave,mhevent,roadalgn,roadprof,traflane,trafflow,vehmanvr,numoccs,regowner,regstate,spuse,make,model,modelyr,vrf1,vrf2,seqevent1,seqevent2,seqevent3,seqevent4,seqevent5,seqevent6,pnumber,ptype,age,sex,hispanic,race,injury,diedscene,restraint,restraintmisuse,seatpos,takehosp,death_dt,death_tm,cert,cernum_wa,commlic,licendor,licrestrict,liccomp,drivpres,drf1,drf2,drf3,drf4,distract1,distract2,distract3,distract4,distract5,distract6,dricond1,dricond2,dricond3,dricond4,dricond5,dricond6,dzip,licstate,drhgt_in,weight,noncdl,noncdltype,prevdwi,prevoth,prevacc,prevspd,prevsus,driviol1,driviol2,driviol3,driviol4,driviol5,driviol6,spdrel,first_dt,last_dt,airbag,ejection,ejectpath,extricat,injurwrk,methalc,methdrug,nmlocat,strikveh,prf1,prf2,prf3,druginv,alcinvol,drugsts,drugres1,drugres2,drugres3,drugtst1,drugtst2,drugtst3,alcsts,alctst,alcres,nmact1,nmact2,nmact3,nmact4,nmact5,nmact6,nmprior1,nmprior2,nmprior3,nmprior4,nmprior5,nmprior6,nmcond1,nmcond2,nmcond3,nmcond4,nmcond5,nmcond6,nmsafe_helmet,nmsafe_pads,nmsafe_oth,nmprev_ref,nmprev_lgt,nmprev_oth,crashlocation,nmcrashtype,crosswalk,schoolzone,sidewalk,train_inv,wildlife_inv,rotr_fars,intersect_fars,dd_inv,aid_inv,dpd_inv,id_inv,mj_inv,impnm_inv,ainm_inv,dpnm_inv,speed_inv,unlic_inv,unendmc_inv,drowsy_inv,drdist_inv,nmdist_inv,fty_inv,unrestfat_inv,dr1617_inv,dr1820_inv,dr1620_inv,dr2125_inv,dr1625_inv,dr65_inv,dr70_inv,dr75_inv,mc_inv,pv_inv,ht_inv,ped_inv,bike_inv,unrest_fat,mc_fat,unhelmet_mc,pv_fat,ht_fat,ped_fat,bike_fat,dr_alc7,dr_alc8,dr_drug,dr_imp,dr_dist,dr_spd,dr_fty,dr_unlic,dr_alc7only,dr_alc8only,dr_drugonly,dr_drink,nm_imp,nm_alc7,nm_alc8,nm_drug,nm_dist,agegrp1,agegrp2,roadclass,urbrur,dayweek,restuse,vehtype,race_me,intersect,lanedep,oppdir,wrongway,rep_typ,investag,repag_long,rotr,st_rd,cty_rd,city_rd,oth_rd,drug_thc,thc_res,drug_cthc,cthc_res,drug_cann,prevpersemin,prevperse,prevsusoth,drugtst4,drugtst5,drugtst6,drugtst7,drugtst8,drugres4,drugres5,drugres6,drugres7,drugres8,adspresent,adsengaged,adslevel,race1,race2,race3,race4,race5,helmet,helmetmisuse,nmdistract1,nmdistract2,nmdistract3,nmdistract4,nmdistract5,nmdistract6,lab,isedtcase,crf1,crf2,crf3,CoRoadName,CoMP,IntCoRoadName,IntCoMP,zipcode
4018,2021,558,EC09139,8.0,12/31/2021,18:36,31,12,,35,Kitsap,0,10,,2,2,2,1,0,2,2,,,,12,0,2,10.3,1,0,1,3,2,1,3,0,0,0,0,SR-305,,-122.6255639,47.721358333,0,1,50,10,2,50,15,0,0,1,2,12,1,1,2,1,1,1,2,53,0,19,421,2004,0,,68,12.0,63.0,24.0,,,1,1,36,2,0.0,,1,0,3,0,11,5,,,,,0.0,0.0,3.0,3.0,1,6,,,,96,,,,,,9,,,,,,98370.0,53,58.0,130.0,6.0,1.0,0.0,0.0,0.0,0.0,,1,,,,,,0,,,1,0,0,0,8.0,1,8,,,0,,,1,1,2.0,1.0,,,1.0,,,2,1,0.0,,,,,,,,,,,,,,,,,,,,,,,,,,,,,,0,0,0,0,1,0,1,1,1,0,0,0,0,0,0,0,0,0,0,0,0,0,0,0,0,0,0,0,0,1,0,0,0,0,0,,0,0,0,0,0,0,0,0,0,0,0,0,0,0,0,1,,,,,,36-40,36-45,State route,U,Friday,Belt Used,PV,Not Fatal,0,1,1,0,State Route,State Patrol,Washington State Patrol,0,1,0,0,0,,,,,,0.0,0.0,0.0,,,,,,,,,,,98.0,98.0,98.0,0.0,,,,,20.0,,,,,,,,,1.0,0.0,,,,,,,98061
4019,2021,558,EC09139,8.0,12/31/2021,18:36,31,12,,35,Kitsap,0,10,,2,2,2,1,0,2,2,,,,12,0,2,10.3,1,0,1,3,2,1,3,0,0,0,0,SR-305,,-122.6255639,47.721358333,0,2,51,62,4,50,5,0,0,1,2,12,1,1,2,1,1,1,2,53,0,49,46,2005,0,,12,63.0,52.0,,,,1,1,50,2,7.0,,4,7,3,0,11,0,12/31/2021,18:36,53068179.0,68179.0,0.0,0.0,0.0,3.0,1,0,,,,96,,,,,,0,,,,,,98337.0,53,61.0,180.0,6.0,1.0,0.0,1.0,1.0,0.0,,0,,,,,,0,10/15/2018,02/15/2018,8,0,0,0,0.0,9,8,,,0,,,8,8,2.0,695.0,605.0,996.0,1.0,1.0,1.0,2,1,0.0,,,,,,,,,,,,,,,,,,,,,,,,,,,,,,0,0,0,0,1,0,1,1,1,0,0,0,0,0,0,0,0,0,0,0,0,0,0,0,0,0,0,0,0,1,0,0,0,0,0,,1,0,0,0,0,0,1,1,0,0,0,0,0,0,1,0,,,,,,46-50,46-55,State route,U,Friday,Belt Used,PV,White,0,1,1,0,State Route,State Patrol,Washington State Patrol,0,1,0,0,0,thc,1.3,carboxy-thc,7.2,,0.0,0.0,0.0,1.0,1.0,1.0,,,996.0,401.0,417.0,,,98.0,98.0,98.0,1.0,,,,,20.0,,,,,,,,nms,1.0,0.0,,,,,,,98061
4020,2021,559,EC10641,3.0,12/20/2021,15:28,20,12,,53,Pierce,1770,2,,5,2,2,1,1,1,1,,,,8,0,0,4.8,1,0,1,3,2,1,3,0,3,0,0,SR-167,,-122.3194056,47.206141667,0,1,13,80,5,45,34,0,0,1,5,8,1,1,5,5,1,1,1,53,0,7,472,2005,0,,8,,,,,,1,1,45,2,0.0,,0,0,20,7,11,0,,,,,0.0,0.0,0.0,3.0,1,0,,,,96,,,,,,98,,,,,,99508.0,2,61.0,195.0,6.0,1.0,0.0,0.0,0.0,0.0,,0,,,,,,0,,,20,0,0,0,8.0,9,8,,,0,,,8,8,0.0,0.0,,,0.0,,,0,0,996.0,,,,,,,,,,,,,,,,,,,,,,,,,,,,,,0,0,0,0,0,0,0,0,0,1,0,1,0,0,0,0,0,0,0,0,0,0,0,0,0,0,0,0,0,1,0,1,0,0,0,,0,0,0,0,0,0,0,0,0,0,0,0,0,0,0,0,,,,,,41-45,36-45,State route,U,Monday,Not Used,PV,Not Fatal,0,0,0,0,State Route,State Patrol,Washington State Patrol,0,1,0,0,0,,,,,,0.0,0.0,0.0,,,,,,,,,,,98.0,98.0,98.0,0.0,,,,,20.0,,,,,,,,,1.0,0.0,,,,,,,98371
4021,2021,560,EB17328,26.0,03/27/2021,23:18,27,3,,35,Kitsap,0,1,,2,1,2,1,1,1,1,,,,8,0,0,2.8,1,0,1,5,1,2,4,0,0,0,0,CR-SIDNEY RD SW,,-122.6611778,47.441941667,0,1,13,80,5,45,14,0,0,1,2,8,1,1,2,1,1,1,2,53,0,7,402,1999,0,,8,,,,,,1,1,39,2,0.0,,0,0,99,7,11,0,,,,,0.0,0.0,0.0,3.0,1,0,,,,96,,,,,,9,,,,,,98367.0,53,64.0,195.0,6.0,1.0,0.0,0.0,0.0,0.0,,97,,,,,,0,,,20,0,0,0,8.0,9,8,,,0,,,8,1,8.0,95.0,,,96.0,,,2,10,0.06,,,,,,,,,,,,,,,,,,,,,,,,,,,,,,0,0,0,0,1,0,0,0,0,1,1,0,0,0,0,0,0,0,0,0,0,0,0,0,0,0,0,0,0,1,0,1,0,0,0,,0,0,0,0,1,0,0,0,0,0,0,0,1,0,0,1,,,,,,36-40,36-45,County road,R,Saturday,Unknown,PV,Not Fatal,0,0,0,0,County Road,County Sheriff,Kitsap County Sheriff's Office,0,0,1,0,0,,,,,,0.0,0.0,0.0,,,,,,,,,,,0.0,0.0,0.0,0.0,,,,,20.0,,,,,,,,,1.0,0.0,,,SIDNEY RD SW,2.803,,,98367
4022,2021,561,EC05450,5.0,12/26/2021,17:34,26,12,,11,Clark,2370,1,,3,2,2,1,1,1,1,,,,8,0,0,7.5,1,0,1,2,2,1,3,0,0,0,0,SR-14,,-122.5235,45.597072222,0,1,13,80,5,60,4,0,0,1,5,8,1,1,2,3,1,1,1,53,0,20,37,2015,0,,8,,,,,,1,1,35,1,0.0,,0,0,99,7,11,0,,,,,0.0,0.0,0.0,3.0,1,0,,,,96,,,,,,98,,,,,,98662.0,53,66.0,160.0,6.0,1.0,0.0,0.0,0.0,1.0,,0,,,,,,0,05/15/2020,05/15/2020,1,0,0,0,8.0,9,8,,,0,,,8,8,0.0,0.0,,,0.0,,,0,0,996.0,,,,,,,,,,,,,,,,,,,,,,,,,,,,,,0,0,0,0,0,0,0,0,0,0,0,0,0,0,0,0,0,0,0,0,0,0,0,0,0,0,0,0,0,1,0,1,0,0,0,,0,0,0,0,0,0,0,0,0,0,0,0,0,0,0,0,,,,,,31-35,26-35,State route,U,Sunday,Unknown,PV,Not Fatal,0,0,0,0,State Route,State Patrol,Washington State Patrol,0,1,0,0,0,,,,,,0.0,0.0,0.0,,,,,,,,,,,98.0,98.0,98.0,0.0,,,,,20.0,,,,,,,,,1.0,23.0,,,,,,,98683
4023,2021,563,3893620,263.0,10/20/2021,3:19,20,10,,33,King,1960,10,,6,1,2,1,1,1,1,,,,8,1,0,30.6,1,0,1,3,2,1,3,0,0,0,0,SR-99,,-122.3444139,47.684202778,0,1,13,80,5,30,8,0,0,1,5,8,1,1,3,2,1,99,9,99,0,99,399,9999,0,,8,,,,,,1,1,999,9,0.0,,9,0,99,7,11,0,,,,,99.0,9.0,9.0,9.0,1,0,,,,96,,,,,,98,,,,,,99999.0,99,,999.0,9.0,9.0,99.0,99.0,99.0,99.0,,97,,,,,,0,,,98,7,0,0,8.0,9,8,,,0,,,8,8,0.0,0.0,,,0.0,,,0,0,996.0,,,,,,,,,,,,,,,,,,,,,,,,,,,,,,0,0,0,0,0,0,0,0,0,1,0,1,0,0,0,0,0,0,0,0,0,0,0,0,0,0,0,0,0,1,0,1,0,0,0,,0,0,0,0,0,0,0,0,0,0,0,0,0,0,0,0,,,,,,,,State route,U,Wednesday,Unknown,PV,Not Fatal,0,0,0,0,State Route,Municipal/City Police,Seattle Police Department,0,1,0,0,0,,,,,,99.0,99.0,99.0,,,,,,,,,,,98.0,98.0,98.0,0.0,,,,,20.0,,,,,,,,,1.0,0.0,,,,,,,98103
4024,2021,565,EB60491,39.0,08/17/2021,19:20,17,8,,61,Snohomish,0,1,,1,1,2,1,1,1,1,,,,15,0,0,,8,0,1,7,1,2,4,0,0,0,0,CR-91ST AVE NE,,-122.1087528,48.046830556,0,1,13,83,5,35,34,1,0,1,5,15,1,2,2,1,1,1,1,53,0,20,481,2000,0,,15,,,,,,1,1,45,1,0.0,,0,0,3,0,11,0,,,,,6.0,0.0,0.0,3.0,1,0,,,,96,,,,,,98,,,,,,98258.0,53,72.0,200.0,6.0,1.0,0.0,1.0,3.0,0.0,,0,,,,,,0,04/15/2018,07/15/2021,20,0,0,0,8.0,9,8,,,0,,,8,8,0.0,0.0,,,0.0,,,0,0,996.0,,,,,,,,,,,,,,,,,,,,,,,,,,,,,,0,0,0,0,0,0,0,0,0,0,0,0,0,0,0,0,0,0,0,0,0,0,0,0,0,0,0,0,0,1,0,1,0,0,0,,0,0,0,0,0,0,0,0,0,0,0,0,0,0,0,0,,,,,,41-45,36-45,County road,R,Tuesday,Belt Used,PV,Not Fatal,0,0,0,0,County Road,County Sheriff,Snohomish County Sheriff's Office,0,0,1,0,0,,,,,,0.0,0.0,0.0,,,,,,,,,,,98.0,98.0,98.0,0.0,,,,,20.0,,,,,,,,,0.0,0.0,,,91ST AVE NE,0.245,,,98258
4025,2021,566,3897805,263.0,10/25/2021,1:54,25,10,,33,King,1960,10,,3,1,2,1,2,1,1,,,,8,1,0,0.0,3,0,3,3,2,4,6,0,0,0,0,CORLISS WAY N,NE 80TH ST,-122.3270556,47.686808333,0,1,13,80,5,25,34,0,0,1,5,8,3,2,1,4,14,99,9,53,0,12,481,2018,0,,8,8.0,,,,,1,1,999,9,0.0,,9,0,98,7,11,0,,,,,99.0,9.0,9.0,9.0,1,0,,,,92,,,,,,98,,,,,,99999.0,99,,999.0,9.0,9.0,99.0,99.0,99.0,99.0,,97,,,,,,0,,,98,0,0,0,8.0,9,8,,,0,,,8,8,0.0,0.0,,,0.0,,,0,0,996.0,,,,,,,,,,,,,,,,,,,,,,,,,,,,,,0,0,0,1,0,0,0,0,0,1,0,1,0,0,0,0,1,0,0,0,0,0,0,0,0,0,0,0,0,1,0,1,0,0,0,,0,0,0,0,0,0,0,0,1,0,0,0,0,0,0,0,,,,,,,,City street,U,Monday,Unknown,PV,Not Fatal,1,0,0,0,State Route,Municipal/City Police,Seattle Police Department,0,1,0,0,0,,,,,,99.0,99.0,99.0,,,,,,,,,,,98.0,98.0,98.0,0.0,,,,,20.0,,,,,,,,,1.0,0.0,,,,,,,98115
4026,2021,567,EB95367,6.0,11/07/2021,11:20,7,11,,25,Grant,680,1,,1,1,2,1,1,1,1,,,,8,0,0,0.0,1,0,1,5,2,4,6,0,0,0,0,D ST NE,,-119.5442361,47.322975,0,1,13,11,2,25,14,0,0,1,5,8,1,1,2,2,1,1,1,53,0,20,404,2011,0,,63,8.0,,,,,1,1,84,2,0.0,,0,0,3,0,11,0,,,,,0.0,0.0,0.0,3.0,1,0,,,,96,,,,,,98,,,,,,98823.0,53,65.0,145.0,6.0,1.0,0.0,0.0,0.0,0.0,,0,,,,,,0,,,20,0,0,0,8.0,9,8,,,0,,,8,8,8.0,95.0,,,96.0,,,8,95,995.0,,,,,,,,,,,,,,,,,,,,,,,,,,,,,,0,0,0,0,0,0,0,0,0,0,0,0,0,0,0,0,0,0,0,0,0,0,0,0,0,1,1,1,0,1,0,1,0,0,0,,0,0,0,0,0,0,0,0,0,0,0,0,0,0,0,0,,,,,,81+,76+,City street,U,Sunday,Belt Used,PV,Not Fatal,0,0,0,0,City Street,State Patrol,Washington State Patrol,0,0,0,1,0,,,,,,0.0,0.0,0.0,,,,,,,,,,,98.0,98.0,98.0,0.0,,,,,20.0,,,,,,,,,1.0,0.0,,,,,,,98823
4027,2021,568,3835763,263.0,11/01/2021,15:36,1,11,,33,King,1960,2,,1,2,1,1,1,1,1,,,,8,0,0,,3,0,2,3,2,4,6,0,0,3,3,MARTIN LUTHER KING JR WAY S,S Thistle St,-122.2802056,47.527875,0,1,13,80,5,35,20,0,0,1,5,8,1,1,2,3,1,1,2,53,0,7,442,2007,0,,8,,,,,,1,1,22,1,0.0,,0,0,99,7,11,0,,,,,0.0,0.0,0.0,3.0,1,0,,,,92,,,,,,98,,,,,,98144.0,53,72.0,165.0,6.0,1.0,0.0,0.0,0.0,0.0,,0,,,,,,0,,,20,0,0,0,8.0,9,8,,,0,,,8,8,9.0,999.0,,,99.0,,,8,95,995.0,,,,,,,,,,,,,,,,,,,,,,,,,,,,,,0,0,0,1,0,0,0,0,0,0,0,0,0,0,0,0,1,1,0,0,0,0,0,1,1,0,0,0,0,1,0,1,0,0,0,,0,0,0,0,0,0,0,0,1,0,0,0,0,0,0,0,,,,,,21-25,16-25,City street,U,Monday,Unknown,PV,Not Fatal,1,0,0,0,City Street,Municipal/City Police,Seattle Police Department,0,0,0,1,0,,,,,,0.0,0.0,0.0,,,,,,,,,,,98.0,98.0,98.0,0.0,,,,,20.0,,,,,,,,,1.0,0.0,,,,,,,98118
4028,2021,569,3876758,263.0,11/03/2021,22:52,3,11,,33,King,1960,2,,3,2,2,1,0,1,1,,,,30,0,0,0.0,1,0,1,4,2,4,6,0,0,0,0,15TH AVE S,,-122.3134222,47.586661111,0,1,1,11,2,25,14,0,0,1,2,30,3,1,2,1,14,1,1,53,0,49,498,2021,0,,63,30.0,69.0,68.0,64.0,42.0,1,1,54,1,7.0,,4,8,3,0,11,4,11/03/2021,23:30,196053058305.0,58305.0,0.0,0.0,0.0,3.0,1,0,,,,96,,,,,,0,,,,,,98108.0,53,67.0,140.0,6.0,1.0,0.0,1.0,2.0,0.0,,0,,,,,,0,12/15/2020,08/15/2020,8,0,0,0,0.0,9,8,,,0,,,8,8,2.0,1.0,,,1.0,,,2,1,0.174,,,,,,,,,,,,,,,,,,,,,,,,,,,,,,0,0,1,0,1,1,0,1,0,0,0,0,0,0,0,0,0,0,0,0,0,0,0,0,0,0,0,0,0,1,0,0,0,0,0,,1,0,0,0,0,1,0,1,0,0,0,0,0,1,0,1,,,,,,51-55,46-55,City street,U,Wednesday,Belt Used,PV,API,0,1,0,0,City Street,Municipal/City Police,Seattle Police Department,1,0,0,1,0,,,,,,0.0,0.0,0.0,,,,,,,,,,,98.0,98.0,98.0,4.0,,,,,20.0,,,,,,,,,1.0,0.0,,,,,,,98144
4029,2021,570,EC04207,278.0,12/23/2021,7:05,23,12,,63,Spokane,2110,10,,4,2,2,1,1,1,1,,,,8,0,0,,1,0,1,3,2,4,6,0,0,0,0,N MARKET ST,,-117.3648306,47.710880556,0,1,13,80,5,30,14,0,0,1,5,8,1,1,4,1,1,1,1,53,0,35,404,2019,0,,8,,,,,,1,1,72,1,0.0,,0,0,3,0,11,0,,,,,0.0,0.0,0.0,3.0,1,0,,,,96,,,,,,0,,,,,,99217.0,53,74.0,215.0,6.0,1.0,0.0,0.0,0.0,0.0,,0,,,,,,0,,,20,0,0,0,8.0,9,2,,,0,,,8,8,0.0,0.0,,,0.0,,,0,0,996.0,,,,,,,,,,,,,,,,,,,,,,,,,,,,,,0,0,0,0,0,0,0,0,0,1,0,1,0,0,0,0,0,0,0,0,0,0,0,0,0,1,1,0,0,1,0,1,0,0,0,,0,0,0,0,0,0,0,0,0,0,0,0,0,0,0,0,,,,,,71-75,66-75,City street,U,Thursday,Belt Used,PV,Not Fatal,0,0,0,0,City Street,Municipal/City Police,Spokane Police Department,0,0,0,1,0,,,,,,0.0,0.0,0.0,,,,,,,,,,,98.0,98.0,98.0,0.0,,,,,20.0,,,,,,,,,1.0,0.0,,,,,,,99021
4030,2021,571,EB44305,290.0,06/28/2021,16:28,28,6,,53,Pierce,2230,1,,1,1,2,1,0,2,2,,,,12,0,1,0.0,3,0,2,7,2,4,6,0,0,20,3,S WASHINGTON ST,6th Ave,-122.4851083,47.255263889,0,1,20,50,3,35,14,0,0,1,2,12,1,1,2,1,10,1,1,53,0,12,401,1996,0,,12,,,,,,1,1,70,1,7.0,,4,0,20,7,11,4,06/28/2021,17:42,223053035598.0,35598.0,0.0,0.0,0.0,0.0,1,26,,,,96,,,,,,9,,,,,,98405.0,53,68.0,220.0,0.0,0.0,0.0,0.0,0.0,0.0,,0,,,,,,0,,,20,0,0,0,0.0,9,8,,,0,,,1,8,2.0,401.0,417.0,151.0,1.0,1.0,1.0,2,1,0.0,,,,,,,,,,,,,,,,,,,,,,,,,,,,,,0,0,0,1,0,0,1,1,0,0,0,0,0,1,0,0,0,0,0,1,0,0,0,0,0,1,1,0,0,1,0,0,0,1,0,,1,0,0,0,0,0,1,1,0,0,0,1,0,0,1,0,,,,,,66-70,66-75,City street,U,Monday,Not Used,PV,White,1,0,0,0,City Street,Municipal/City Police,Tacoma Police Department,0,0,0,1,0,,,,,,0.0,0.0,0.0,,,,,,,,,,,0.0,0.0,0.0,1.0,,,,,20.0,,,,,,,,,1.0,0.0,,,,,,,98405
4031,2021,571,EB44305,290.0,06/28/2021,16:28,28,6,,53,Pierce,2230,1,,1,1,2,1,0,2,2,,,,12,0,1,0.0,3,0,2,7,2,4,6,0,0,97,8,S WASHINGTON ST,6th Ave,-122.4851083,47.255263889,0,2,21,53,3,35,52,0,0,1,5,12,1,1,3,5,5,1,3,53,3,92,988,2010,0,,12,,,,,,1,1,52,1,0.0,,0,0,2,0,11,0,,,,,6.0,1.0,3.0,3.0,1,0,,,,96,,,,,,98,,,,,,98375.0,53,68.0,167.0,6.0,1.0,0.0,0.0,0.0,0.0,,0,,,,,,0,,,20,0,0,0,8.0,9,8,,,0,,,8,8,8.0,95.0,,,96.0,,,8,95,995.0,,,,,,,,,,,,,,,,,,,,,,,,,,,,,,0,0,0,1,0,0,1,1,0,0,0,0,0,1,0,0,0,0,0,1,0,0,0,0,0,1,1,0,0,1,0,0,0,0,0,,0,0,0,0,0,0,0,0,0,0,0,0,0,0,0,0,,,,,,51-55,46-55,City street,U,Monday,,BUS,Not Fatal,1,0,0,0,City Street,Municipal/City Police,Tacoma Police Department,0,0,0,1,0,,,,,,0.0,0.0,0.0,,,,,,,,,,,98.0,98.0,98.0,0.0,,,,,20.0,,,,,,,,,1.0,0.0,,,,,,,98405
4032,2021,572,EB67838,55.0,09/11/2021,0:21,11,9,,33,King,100,1,,2,1,2,2,0,4,2,,,,12,0,6,0.0,1,0,1,3,2,4,6,0,0,0,0,15TH ST NW,,-122.2418861,47.322252778,0,1,64,9,1,35,15,0,0,1,2,12,1,1,5,1,1,2,2,53,0,45,421,2004,0,,68,12.0,,,,,1,1,25,1,0.0,,3,0,20,7,11,5,,,,,0.0,0.0,0.0,3.0,1,6,8.0,,,96,,,,,,98,,,,,,98409.0,53,70.0,203.0,6.0,1.0,0.0,0.0,0.0,0.0,,1,,,,,,3,,,2,9,0,1,8.0,9,8,,,0,,,8,8,9.0,999.0,,,99.0,,,9,99,999.0,,,,,,,,,,,,,,,,,,,,,,,,,,,,,,0,0,0,0,1,0,1,1,1,0,0,0,1,1,0,0,0,0,0,0,0,0,0,1,1,0,0,0,0,1,0,0,0,0,0,,0,0,0,0,0,0,0,0,0,1,0,0,0,0,0,0,,,,,,21-25,16-25,City street,U,Saturday,Not Used,PV,Not Fatal,0,1,1,0,City Street,Municipal/City Police,Auburn Police Department,0,0,0,1,0,,,,,,0.0,0.0,0.0,,,,,,,,,,,98.0,98.0,98.0,0.0,,,,,20.0,,,,,,,,,0.0,0.0,,,,,,,98071
4033,2021,572,EB67838,55.0,09/11/2021,0:21,11,9,,33,King,100,1,,2,1,2,2,0,4,2,,,,12,0,6,0.0,1,0,1,3,2,4,6,0,0,0,0,15TH ST NW,,-122.2418861,47.322252778,0,2,65,62,4,35,4,0,0,1,2,12,1,1,5,1,1,2,1,53,0,37,32,2017,0,,12,,,,,,1,1,26,1,7.0,,4,7,3,0,11,0,09/11/2021,0:21,10053045401.0,45401.0,0.0,0.0,0.0,0.0,1,0,,,,96,,,,,,98,,,,,,98002.0,53,,999.0,0.0,0.0,0.0,1.0,1.0,0.0,,0,,,,,,0,04/15/2017,08/15/2019,9,0,0,0,0.0,9,8,,,0,,,8,8,2.0,695.0,605.0,,1.0,1.0,,2,1,0.019,,,,,,,,,,,,,,,,,,,,,,,,,,,,,,0,0,0,0,1,0,1,1,1,0,0,0,1,1,0,0,0,0,0,0,0,0,0,1,1,0,0,0,0,1,0,0,0,0,0,,1,0,0,0,1,0,1,1,0,0,0,1,0,0,0,1,,,,,,26-30,26-35,City street,U,Saturday,Belt Used,PV,Black,0,1,1,0,City Street,Municipal/City Police,Auburn Police Department,0,0,0,1,0,thc,9.0,carboxy-thc,19.0,,0.0,0.0,5.0,,,,,,,,,,,98.0,98.0,98.0,2.0,,,,,20.0,,,,,,,,nms,0.0,0.0,,,,,,,98071
4034,2021,573,EB67630,2.0,09/13/2021,17:15,13,9,,57,Skagit,0,1,,1,1,2,1,0,1,1,,,,24,0,0,,1,0,1,5,1,2,4,0,0,0,0,CR-S SKAGIT HWY,,-121.8935278,48.508805556,0,1,1,13,2,50,80,0,0,1,2,24,1,1,2,1,1,1,1,53,0,37,705,2011,0,,63,24.0,,,,,1,1,72,1,7.0,,4,7,20,7,11,0,09/13/2021,17:15,53045832.0,45832.0,0.0,0.0,3.0,3.0,1,0,,,,96,,,,,,9,,,,,,98237.0,53,66.0,160.0,6.0,1.0,0.0,0.0,0.0,0.0,,0,,,,,,0,,,20,8,0,0,0.0,1,8,,,0,,,8,1,2.0,1.0,,,1.0,,,2,1,0.115,,,,,,,,,,,,,,,,,,,,,,,,,,,,,,0,0,1,0,1,1,0,1,0,0,0,0,0,0,0,0,0,0,0,0,0,0,0,0,0,1,1,0,1,0,0,0,0,0,1,0.0,0,0,0,0,0,1,0,1,0,0,0,0,0,1,0,1,,,,,,71-75,66-75,County road,R,Monday,,MC,White,0,1,0,0,County Road,State Patrol,Washington State Patrol,1,0,1,0,0,,,,,,0.0,0.0,0.0,,,,,,,,,,,0.0,0.0,0.0,1.0,,,,,5.0,,,,,,,,,0.0,0.0,,,SOUTH SKAGIT HWY,17.5,,,98284
4035,2021,574,EB67844,337.0,09/09/2021,0:11,9,9,,73,Whatcom,110,1,,2,1,2,1,0,2,1,,,,5,0,0,0.0,1,0,1,3,2,4,6,0,0,0,0,MERIDIAN ST,,-122.4860611,48.765536111,0,1,0,98,7,25,80,0,0,1,2,1,1,1,2,1,1,2,1,53,0,76,706,2009,0,,5,1.0,,,,,1,1,32,1,7.0,,4,0,20,7,11,8,09/09/2021,0:48,11053045009.0,45009.0,0.0,0.0,0.0,3.0,1,0,,,,96,,,,,,98,,,,,,98226.0,53,65.0,140.0,6.0,1.0,0.0,1.0,1.0,3.0,,0,,,,,,0,06/15/2019,03/15/2020,20,8,0,0,0.0,9,8,,,0,,,8,8,2.0,348.0,996.0,996.0,1.0,1.0,1.0,2,1,0.115,,,,,,,,,,,,,,,,,,,,,,,,,,,,,,0,0,0,0,1,1,1,1,0,0,0,0,0,0,0,0,0,0,0,0,0,0,0,0,0,0,0,0,1,0,0,0,0,0,1,0.0,0,0,0,0,0,1,1,1,0,0,0,0,0,0,0,1,,,,,,31-35,26-35,City street,U,Thursday,,MC,White,0,0,0,0,City Street,Municipal/City Police,Bellingham Police Department,0,0,0,1,0,,,,,,0.0,0.0,1.0,1.0,1.0,,,,401.0,417.0,,,,0.0,0.0,0.0,1.0,,,,,5.0,,,,,,,,,0.0,0.0,,,,,,,98225
4036,2021,575,0PM0709,199.0,07/09/2021,12:40,9,7,,53,Pierce,1350,98,,8,98,2,1,0,2,2,,,,12,0,6,2.1,8,0,1,3,1,32,3,0,0,0,0,SR-99,,-122.3362833,47.257547222,0,1,83,72,4,45,4,0,0,1,2,12,1,1,5,5,6,1,2,53,0,51,47,2001,0,,12,,,,,,1,1,22,1,0.0,,3,0,98,7,11,5,,,,,0.0,0.0,3.0,3.0,1,33,,,,96,,,,,,9,,,,,,2863.0,44,66.0,140.0,6.0,1.0,0.0,1.0,1.0,0.0,,1,,,,,,3,09/15/2019,09/15/2019,9,0,0,0,8.0,5,3,,,0,,,1,1,2.0,189.0,695.0,605.0,1.0,1.0,1.0,2,1,0.0,,,,,,,,,,,,,,,,,,,,,,,,,,,,,,0,0,0,0,1,0,1,1,1,0,0,0,1,0,0,0,0,0,0,0,0,0,0,1,1,1,0,0,0,1,0,0,0,0,0,,0,0,0,0,0,0,1,1,0,1,0,0,0,0,1,1,,,,,,21-25,16-25,State route,R,Friday,Unknown,PV,Not Fatal,0,0,0,0,State Route,,,0,1,0,0,0,thc,2.8,carboxy-thc,62.0,,0.0,0.0,0.0,,,,,,,,,,,98.0,98.0,98.0,0.0,,,,,20.0,,,,,,,,,0.0,0.0,,,,,,,98422