,year,case,par,repjur,crash_dt,crash_tm,accday,accmon,holiday,county,co_char,city,weather,weather2,lightcond,surfcond,surftype,numfatal,nmforms,pforms,vforms,not_tm,arr_tm,hosp_tm,fhevent,hitrun,manncol,milepnt,reljunc,reljuncinter,intersectiontype,funcsystem,landuse,ownership,route,schlbus,spejur,contdev,devfunc,trafid1,trafid2,x,y,wk_zone,vnumber,crashtype,criticalevent,criticaleventcat,spdlim,body,trailer,emerg,hazcargo,leave,mhevent,roadalgn,roadprof,traflane,trafflow,vehmanvr,numoccs,regowner,regstate,spuse,make,model,modelyr,vrf1,vrf2,seqevent1,seqevent2,seqevent3,seqevent4,seqevent5,seqevent6,pnumber,ptype,age,sex,hispanic,race,injury,diedscene,restraint,restraintmisuse,seatpos,takehosp,death_dt,death_tm,cert,cernum_wa,commlic,licendor,licrestrict,liccomp,drivpres,drf1,drf2,drf3,drf4,distract1,distract2,distract3,distract4,distract5,distract6,dricond1,dricond2,dricond3,dricond4,dricond5,dricond6,dzip,licstate,drhgt_in,weight,noncdl,noncdltype,prevdwi,prevoth,prevacc,prevspd,prevsus,driviol1,driviol2,driviol3,driviol4,driviol5,driviol6,spdrel,first_dt,last_dt,airbag,ejection,ejectpath,extricat,injurwrk,methalc,methdrug,nmlocat,strikveh,prf1,prf2,prf3,druginv,alcinvol,drugsts,drugres1,drugres2,drugres3,drugtst1,drugtst2,drugtst3,alcsts,alctst,alcres,nmact1,nmact2,nmact3,nmact4,nmact5,nmact6,nmprior1,nmprior2,nmprior3,nmprior4,nmprior5,nmprior6,nmcond1,nmcond2,nmcond3,nmcond4,nmcond5,nmcond6,nmsafe_helmet,nmsafe_pads,nmsafe_oth,nmprev_ref,nmprev_lgt,nmprev_oth,crashlocation,nmcrashtype,crosswalk,schoolzone,sidewalk,train_inv,wildlife_inv,rotr_fars,intersect_fars,dd_inv,aid_inv,dpd_inv,id_inv,mj_inv,impnm_inv,ainm_inv,dpnm_inv,speed_inv,unlic_inv,unendmc_inv,drowsy_inv,drdist_inv,nmdist_inv,fty_inv,unrestfat_inv,dr1617_inv,dr1820_inv,dr1620_inv,dr2125_inv,dr1625_inv,dr65_inv,dr70_inv,dr75_inv,mc_inv,pv_inv,ht_inv,ped_inv,bike_inv,unrest_fat,mc_fat,unhelmet_mc,pv_fat,ht_fat,ped_fat,bike_fat,dr_alc7,dr_alc8,dr_drug,dr_imp,dr_dist,dr_spd,dr_fty,dr_unlic,dr_alc7only,dr_alc8only,dr_drugonly,dr_drink,nm_imp,nm_alc7,nm_alc8,nm_drug,nm_dist,agegrp1,agegrp2,roadclass,urbrur,dayweek,restuse,vehtype,race_me,intersect,lanedep,oppdir,wrongway,rep_typ,investag,repag_long,rotr,st_rd,cty_rd,city_rd,oth_rd,drug_thc,thc_res,drug_cthc,cthc_res,drug_cann,prevpersemin,prevperse,prevsusoth,drugtst4,drugtst5,drugtst6,drugtst7,drugtst8,drugres4,drugres5,drugres6,drugres7,drugres8,adspresent,adsengaged,adslevel,race1,race2,race3,race4,race5,helmet,helmetmisuse,nmdistract1,nmdistract2,nmdistract3,nmdistract4,nmdistract5,nmdistract6,lab,isedtcase,crf1,crf2,crf3,CoRoadName,CoMP,IntCoRoadName,IntCoMP,zipcode
4037,2021,575,0PM0709,199.0,07/09/2021,12:40,9,7,,53,Pierce,1350,98,,8,0,0,1,0,2,2,,,,12,0,6,2.1,8,0,1,3,1,32,3,0,0,0,0,SR-99,,-122.3362833,47.257547222,0,2,82,66,4,0,4,0,0,1,2,12,0,0,0,0,11,1,1,53,0,42,42,2009,0,,12,,,,,,1,1,68,1,7.0,,4,7,98,7,11,0,07/09/2021,13:08,135053033549.0,33549.0,0.0,0.0,0.0,3.0,1,0,,,,96,,,,,,98,,,,,,98001.0,53,72.0,210.0,6.0,1.0,0.0,0.0,0.0,0.0,,0,,,,,,0,,,9,0,0,0,0.0,9,8,,,0,,,8,8,2.0,605.0,,,1.0,,,2,1,0.0,,,,,,,,,,,,,,,,,,,,,,,,,,,,,,0,0,0,0,1,0,1,1,1,0,0,0,1,0,0,0,0,0,0,0,0,0,0,1,1,1,0,0,0,1,0,0,0,0,0,,1,0,0,0,0,0,1,1,0,0,0,0,0,0,1,0,,,,,,66-70,66-75,State route,R,Friday,Unknown,PV,White,0,0,0,0,State Route,,,0,1,0,0,0,thc,1.5,,,,0.0,0.0,0.0,,,,,,,,,,,98.0,98.0,98.0,1.0,,,,,20.0,,,,,,,,nms,0.0,0.0,,,,,,,98422
4038,2021,577,3895594,263.0,10/21/2021,14:31,21,10,,33,King,1960,10,,1,0,0,1,1,1,1,,,,8,0,0,0.0,8,0,1,7,2,4,6,0,0,0,0,37AVE S,,-122.2859667,47.530958333,0,1,98,98,7,0,34,1,0,1,5,8,0,0,0,0,11,1,1,53,0,23,481,2019,0,,8,,,,,,1,1,51,1,0.0,,0,0,99,7,11,0,,,,,6.0,0.0,0.0,3.0,1,0,,,,96,,,,,,98,,,,,,98118.0,53,67.0,160.0,6.0,1.0,0.0,0.0,1.0,0.0,,0,,,,,,0,07/15/2017,07/15/2017,20,0,0,0,8.0,9,8,,,0,,,8,8,8.0,95.0,,,96.0,,,8,95,995.0,,,,,,,,,,,,,,,,,,,,,,,,,,,,,,0,0,0,0,0,0,0,0,0,0,0,0,0,0,0,0,0,0,0,0,0,0,0,0,0,0,0,0,0,1,0,1,0,0,0,,0,0,0,0,0,0,0,0,0,0,0,0,0,0,0,0,,,,,,51-55,46-55,City street,U,Thursday,Unknown,PV,Not Fatal,0,0,0,0,City Street,Municipal/City Police,Seattle Police Department,0,0,0,1,0,,,,,,0.0,0.0,0.0,,,,,,,,,,,98.0,98.0,98.0,0.0,,,,,20.0,,,,,,,,,0.0,0.0,,,,,,,98118
4039,2021,578,EC02007,7.0,11/24/2021,19:45,24,11,,33,King,1030,1,,3,1,1,1,1,1,1,,,,8,0,0,25.7,1,0,1,2,2,1,3,0,0,0,0,SR-167,,-122.2175833,47.440541667,0,1,13,80,5,60,66,0,0,1,2,8,1,1,3,3,1,1,3,40,0,82,881,2021,0,,8,,,,,,1,1,61,1,0.0,,0,0,3,0,11,0,,,,,6.0,1.0,3.0,3.0,1,0,,,,96,,,,,,0,,,,,,98444.0,53,69.0,338.0,6.0,1.0,0.0,0.0,0.0,0.0,,0,,,,,,0,,,20,0,0,0,8.0,9,8,,,0,,,8,8,8.0,95.0,,,96.0,,,0,0,996.0,,,,,,,,,,,,,,,,,,,,,,,,,,,,,,0,0,0,0,0,0,0,0,0,1,1,0,0,0,0,0,0,0,0,0,0,0,0,0,0,0,0,0,0,0,1,1,0,0,0,,0,0,0,0,0,0,0,0,0,0,0,0,0,0,0,0,,,,,,61-65,56-65,State route,U,Wednesday,,MHTRUCK,Not Fatal,0,0,0,0,State Route,State Patrol,Washington State Patrol,0,1,0,0,0,,,,,,0.0,0.0,0.0,,,,,,,,,,,98.0,98.0,98.0,0.0,,,,,20.0,,,,,,,,,1.0,0.0,,,,,,,98055
4040,2021,579,EB43931,278.0,06/30/2021,0:20,30,6,,63,Spokane,2110,1,,3,1,2,1,1,1,1,,,,8,0,0,0.0,1,0,1,3,2,4,6,0,0,0,0,W 2ND AVE,,-117.4242083,47.654480556,0,1,13,80,5,98,14,0,0,1,5,8,1,1,3,4,1,1,1,53,0,63,401,2017,0,,8,,,,,,1,1,32,1,0.0,,0,0,3,0,11,0,,,,,0.0,0.0,0.0,3.0,1,0,,,,15,,,,,,98,,,,,,99208.0,53,74.0,230.0,6.0,1.0,0.0,0.0,1.0,1.0,,97,,,,,,0,01/15/2019,12/15/2021,20,0,0,0,8.0,9,2,,,0,,,8,8,8.0,95.0,,,96.0,,,2,1,997.0,,,,,,,,,,,,,,,,,,,,,,,,,,,,,,0,0,0,0,0,0,0,0,0,1,1,0,0,0,0,0,1,0,0,0,0,0,0,0,0,0,0,0,0,1,0,1,0,0,0,,0,0,0,0,0,0,0,0,1,0,0,0,0,0,0,0,,,,,,31-35,26-35,City street,U,Wednesday,Belt Used,PV,Not Fatal,0,0,0,0,City Street,Municipal/City Police,Spokane Police Department,0,0,0,1,0,,,,,,0.0,0.0,0.0,,,,,,,,,,,98.0,98.0,98.0,0.0,,,,,20.0,,,,,,,,,1.0,0.0,,,,,,,99204
4041,2021,580,EB88208,40.0,11/10/2021,7:39,10,11,,63,Spokane,0,1,,4,4,2,1,0,1,1,,,,35,0,0,,3,0,3,5,1,2,4,0,0,0,0,CR-W MEDICAL LK FOUR LAKES RD,SILVER LAKE RD,-117.6063694,47.560761111,0,1,2,6,1,45,34,0,0,1,5,35,1,2,2,2,1,1,1,53,0,12,481,2000,0,,63,35.0,,,,,1,1,21,1,7.0,,4,0,2,0,11,5,11/22/2021,3:29,211053061629.0,61629.0,0.0,0.0,0.0,3.0,1,87,,,,96,,,,,,98,,,,,,99022.0,53,73.0,190.0,6.0,1.0,0.0,0.0,0.0,0.0,,0,,,,,,4,,,20,0,0,0,0.0,9,8,,,0,,,8,8,2.0,996.0,348.0,,1.0,1.0,,2,1,0.0,,,,,,,,,,,,,,,,,,,,,,,,,,,,,,0,0,0,1,0,0,1,1,0,0,0,0,1,0,0,0,0,0,0,0,0,0,0,1,1,0,0,0,0,1,0,0,0,0,0,,1,0,0,0,0,0,1,1,0,1,0,0,0,0,1,0,,,,,,21-25,16-25,County road,R,Wednesday,Belt Used,PV,White,0,1,0,0,County Road,County Sheriff,Spokane County Sheriff's Office,1,0,1,0,0,,,,,,0.0,0.0,0.0,,,,,,,,,,,98.0,98.0,98.0,1.0,,,,,20.0,,,,,,,,,1.0,0.0,,,MEDICAL LAKE-FOUR LAKES RD,3.09,SILVER LAKE RD,0.0,99022
4042,2021,582,3834662,263.0,01/30/2021,17:47,30,1,,33,King,1960,2,,3,2,1,1,0,1,1,,,,30,0,0,0.0,1,0,1,7,2,4,6,0,0,0,0,16TH AVE SW,,-122.3546667,47.579566667,0,1,1,9,1,25,2,0,0,1,2,30,1,1,2,1,1,1,1,53,0,12,3,2007,0,,63,30.0,,,,,1,1,56,1,7.0,,4,8,20,7,11,5,01/30/2021,18:07,196053005043.0,5043.0,6.0,0.0,0.0,3.0,1,0,,,,92,,,,,,98,,,,,,98372.0,53,73.0,250.0,6.0,1.0,0.0,3.0,1.0,2.0,,0,,,,,,0,01/15/2017,02/15/2021,20,0,0,0,0.0,9,8,,,0,,,9,9,2.0,128.0,177.0,401.0,1.0,1.0,1.0,2,1,0.0,,,,,,,,,,,,,,,,,,,,,,,,,,,,,,0,0,1,0,0,0,1,1,0,0,0,0,0,0,0,0,1,0,0,1,0,0,0,0,0,0,0,0,0,1,0,0,0,1,0,,1,0,0,0,0,0,1,1,1,0,0,0,0,0,1,0,,,,,,56-60,56-65,City street,U,Saturday,Not Used,PV,White,0,1,0,0,City Street,Municipal/City Police,Seattle Police Department,1,0,0,1,0,,,,,,0.0,0.0,3.0,1.0,,,,,417.0,,,,,98.0,98.0,98.0,1.0,,,,,20.0,,,,,,,,,1.0,0.0,,,,,,,98134
4043,2021,583,3881736,263.0,04/02/2021,15:22,2,4,,33,King,1960,1,,1,1,2,1,0,2,2,,,,12,0,6,0.0,1,0,1,4,2,4,6,0,0,0,0,BEACH DR SW,,-122.4063639,47.563113889,0,1,48,53,3,25,4,0,0,1,2,12,2,1,2,1,8,1,1,53,0,54,35,2000,0,,12,,,,,,1,1,47,1,0.0,,0,0,3,0,11,0,,,,,0.0,0.0,0.0,3.0,1,10,38.0,,,0,,,,,,98,,,,,,98126.0,53,68.0,200.0,6.0,1.0,0.0,1.0,0.0,0.0,,97,,,,,,0,05/15/2018,05/15/2018,20,0,0,0,8.0,9,8,,,0,,,8,8,8.0,95.0,,,96.0,,,8,95,995.0,,,,,,,,,,,,,,,,,,,,,,,,,,,,,,0,0,0,0,1,0,0,0,0,0,0,0,0,0,0,0,0,0,1,0,0,0,0,0,0,0,0,0,1,1,0,0,0,0,0,,0,0,0,0,0,0,0,0,0,0,1,0,0,0,0,0,,,,,,46-50,46-55,City street,U,Friday,Belt Used,PV,Not Fatal,0,0,0,0,City Street,Municipal/City Police,Seattle Police Department,0,0,0,1,0,,,,,,0.0,0.0,0.0,,,,,,,,,,,98.0,98.0,98.0,0.0,,,,,20.0,,,,,,,,,1.0,0.0,,,,,,,98116
4044,2021,583,3881736,263.0,04/02/2021,15:22,2,4,,33,King,1960,1,,1,1,2,1,0,2,2,,,,12,0,6,0.0,1,0,1,4,2,4,6,0,0,0,0,BEACH DR SW,,-122.4063639,47.563113889,0,2,48,64,4,25,84,0,0,1,2,12,2,1,2,1,14,1,1,53,0,98,703,2019,0,,12,,,,,,1,1,61,1,7.0,,4,7,20,7,11,0,04/02/2021,15:49,196053016309.0,16309.0,0.0,0.0,0.0,3.0,1,0,,,,96,,,,,,98,,,,,,98136.0,53,70.0,180.0,6.0,1.0,0.0,0.0,1.0,0.0,,0,,,,,,0,04/15/2018,04/15/2018,20,8,0,0,0.0,9,8,,,0,,,8,8,2.0,1.0,,,1.0,,,2,1,0.061,,,,,,,,,,,,,,,,,,,,,,,,,,,,,,0,0,0,0,1,0,0,0,0,0,0,0,0,0,0,0,0,0,1,0,0,0,0,0,0,0,0,0,1,1,0,0,0,0,1,0.0,0,0,0,0,1,0,0,0,0,0,0,0,1,0,0,1,,,,,,61-65,56-65,City street,U,Friday,,OTHMC,White,0,0,0,0,City Street,Municipal/City Police,Seattle Police Department,0,0,0,1,0,,,,,,0.0,0.0,0.0,,,,,,,,,,,0.0,0.0,0.0,1.0,,,,,5.0,,,,,,,,,1.0,0.0,,,,,,,98116
4045,2021,584,3857333,263.0,06/03/2021,2:52,3,6,,33,King,1960,1,,2,1,1,1,1,1,1,,,,8,0,0,0.0,1,0,1,3,2,4,6,0,0,0,0,AIRPORT WAY S,,-122.2884444,47.514052778,0,1,13,80,5,45,14,0,0,1,2,8,1,1,4,1,1,1,1,53,0,35,403,2017,0,,8,,,,,,1,1,61,2,0.0,,0,0,3,0,11,0,,,,,0.0,0.0,0.0,3.0,1,10,,,,0,,,,,,98,,,,,,98198.0,53,67.0,220.0,6.0,1.0,0.0,0.0,0.0,0.0,,0,,,,,,0,,,20,0,0,0,8.0,9,2,,,0,,,8,8,0.0,0.0,,,0.0,,,0,0,996.0,,,,,,,,,,,,,,,,,,,,,,,,,,,,,,0,0,0,0,0,0,0,0,0,1,0,1,0,0,0,0,0,1,0,0,0,0,0,0,0,0,0,0,0,1,0,1,0,0,0,,0,0,0,0,0,0,0,0,0,0,0,0,0,0,0,0,,,,,,61-65,56-65,City street,U,Thursday,Belt Used,PV,Not Fatal,0,0,0,0,City Street,Municipal/City Police,Seattle Police Department,0,0,0,1,0,,,,,,0.0,0.0,0.0,,,,,,,,,,,98.0,98.0,98.0,0.0,,,,,20.0,,,,,,,,,1.0,0.0,,,,,,,98108
4046,2021,585,3903526,12.0,09/19/2021,3:54,19,9,,7,Chelan,0,1,,2,1,2,1,0,2,2,,,,14,0,0,,1,0,1,7,1,2,4,0,0,0,0,CR-DIXIE LN,,-120.1942278,47.366108333,0,1,6,50,3,35,4,0,0,1,2,14,1,1,2,1,1,1,1,53,0,59,35,2001,0,,64,14.0,,,,,1,1,23,1,7.0,,4,7,99,7,11,0,09/19/2021,3:54,53047738.0,47738.0,0.0,0.0,3.0,3.0,1,0,,,,96,,,,,,98,,,,,,98802.0,53,72.0,197.0,6.0,1.0,0.0,0.0,0.0,0.0,,0,,,,,,3,,,1,0,0,0,0.0,9,8,,,0,,,8,8,2.0,1.0,,,1.0,,,2,1,0.177,,,,,,,,,,,,,,,,,,,,,,,,,,,,,,0,0,1,0,1,1,0,1,0,0,0,0,1,0,0,0,0,0,0,0,0,0,0,1,1,0,0,0,0,1,0,0,0,0,0,,1,0,0,0,0,1,0,1,0,1,0,0,0,1,0,1,,,,,,21-25,16-25,County road,R,Sunday,Unknown,PV,White,0,0,0,0,County Road,Municipal/City Police,Chelan County Sheriff's Office,0,0,1,0,0,,,,,,0.0,0.0,0.0,,,,,,,,,,,98.0,98.0,98.0,1.0,,,,,20.0,,,,,,,,,1.0,0.0,,,,,,,98828
4047,2021,586,3894008,263.0,11/13/2021,21:48,13,11,,33,King,1960,2,,3,2,2,1,1,2,1,,,,8,0,0,3.5,1,0,1,5,2,1,3,0,0,0,0,SR-522,,-122.2928472,47.723969444,0,1,13,80,5,35,4,0,0,1,5,8,1,1,2,3,1,2,2,53,0,54,35,2004,0,,8,,,,,,1,1,16,2,0.0,,0,0,3,0,11,0,,,,,0.0,0.0,3.0,3.0,1,0,,,,96,,,,,,0,,,,,,98155.0,53,64.0,138.0,6.0,2.0,0.0,0.0,1.0,0.0,,0,,,,,,0,10/15/2021,10/15/2021,20,0,0,0,8.0,9,8,,,0,,,8,8,8.0,95.0,,,96.0,,,8,95,995.0,,,,,,,,,,,,,,,,,,,,,,,,,,,,,,0,0,0,0,0,0,0,0,0,0,0,0,0,0,0,0,0,0,0,0,1,0,1,0,1,0,0,0,0,1,0,1,0,0,0,,0,0,0,0,0,0,0,0,0,0,0,0,0,0,0,0,,,,,,16-17,16-25,State route,U,Saturday,Belt Used,PV,Not Fatal,0,0,0,0,State Route,Municipal/City Police,Seattle Police Department,0,1,0,0,0,,,,,,0.0,0.0,0.0,,,,,,,,,,,98.0,98.0,98.0,0.0,,,,,20.0,,,,,,,,,1.0,0.0,,,,,,,98125
4048,2021,587,3889810,344.0,12/19/2021,19:37,19,12,,77,Yakima,2300,10,,3,2,2,1,1,2,1,,,,8,0,0,3.3,1,0,1,4,2,1,3,0,3,0,0,SR-022,,-120.3195194,46.370033333,0,1,13,80,5,55,6,0,0,1,5,8,1,1,3,1,1,2,1,53,0,35,51,2018,0,,8,,,,,,1,1,43,2,0.0,,0,0,3,0,11,0,,,,,0.0,0.0,0.0,3.0,1,0,,,,96,,,,,,0,,,,,,99320.0,53,65.0,145.0,6.0,1.0,0.0,0.0,3.0,0.0,,0,,,,,,0,07/15/2018,09/15/2019,20,0,0,0,8.0,9,8,,,0,,,8,8,8.0,95.0,,,96.0,,,8,95,995.0,,,,,,,,,,,,,,,,,,,,,,,,,,,,,,0,0,0,0,0,0,0,0,0,0,0,0,0,0,0,0,0,0,0,0,0,0,0,0,0,0,0,0,0,1,0,1,0,0,0,,0,0,0,0,0,0,0,0,0,0,0,0,0,0,0,0,,,,,,41-45,36-45,State route,U,Sunday,Belt Used,PV,Not Fatal,0,0,0,0,State Route,Other Law Enforcement,Yakama Tribal Police Department,0,1,0,0,0,,,,,,0.0,0.0,0.0,,,,,,,,,,,98.0,98.0,98.0,0.0,,,,,20.0,,,,,,,,,1.0,0.0,,,,,,,98948
4049,2021,588,3848049,263.0,01/01/2021,1:00,1,1,,33,King,1960,2,,3,2,2,1,1,1,1,,,,8,1,0,0.2,1,0,1,3,2,1,3,0,0,0,0,SR-513,,-122.3045722,47.646697222,0,1,13,80,5,25,14,0,0,1,2,8,1,1,4,1,1,1,2,53,0,42,405,2017,0,,8,,,,,,1,1,18,1,0.0,,0,0,99,7,11,0,,,,,0.0,0.0,0.0,3.0,1,0,,,,96,,,,,,9,,,,,,98112.0,53,75.0,155.0,6.0,1.0,0.0,0.0,0.0,0.0,,97,,,,,,0,,,99,0,0,0,8.0,9,8,,,0,,,8,1,2.0,1.0,,,1.0,,,2,1,0.16,,,,,,,,,,,,,,,,,,,,,,,,,,,,,,0,0,0,0,1,1,0,1,0,1,1,1,0,0,0,0,0,0,0,0,0,1,1,0,1,0,0,0,0,1,0,1,0,0,0,,0,0,0,0,0,1,0,1,0,0,0,0,0,1,0,1,,,,,,18-20,16-25,State route,U,Friday,Unknown,PV,Not Fatal,0,0,0,0,State Route,Municipal/City Police,Seattle Police Department,0,1,0,0,0,,,,,,0.0,0.0,0.0,,,,,,,,,,,98.0,98.0,98.0,0.0,,,,,20.0,,,,,,,,,1.0,0.0,,,,,,,98112
4050,2021,589,EB37894,135.0,06/02/2021,13:05,2,6,,53,Pierce,800,1,,1,1,2,1,0,4,3,,,,12,0,1,0.0,3,0,3,4,2,4,6,0,0,3,3,PIONEER WAY,Kimball Dr,-122.5885389,47.322613889,0,1,20,50,3,25,2,0,0,1,2,12,8,8,4,1,1,1,1,53,0,37,32,2015,0,,12,,,,,,1,1,77,1,7.0,,4,0,3,0,11,0,06/22/2021,18:31,195853029789.0,29789.0,0.0,0.0,3.0,3.0,1,0,,,,96,,,,,,1,,,,,,98446.0,53,71.0,215.0,6.0,1.0,0.0,0.0,0.0,1.0,,0,,,,,,0,06/15/2017,06/15/2017,1,0,0,0,0.0,9,8,,,0,,,8,8,8.0,95.0,,,96.0,,,8,95,995.0,,,,,,,,,,,,,,,,,,,,,,,,,,,,,,0,0,0,1,0,0,0,0,0,0,0,0,0,0,0,0,0,0,0,0,0,0,0,0,0,1,1,1,0,1,0,0,0,0,0,,1,0,0,0,0,0,0,0,0,0,0,0,0,0,0,0,,,,,,76-80,76+,City street,U,Wednesday,Belt Used,PV,White,1,0,0,0,City Street,Municipal/City Police,Gig Harbor Police Department,0,0,0,1,0,,,,,,0.0,0.0,0.0,,,,,,,,,,,98.0,98.0,98.0,1.0,,,,,20.0,,,,,,,,,1.0,0.0,,,,,,,98335
4051,2021,589,EB37894,135.0,06/02/2021,13:05,2,6,,53,Pierce,800,1,,1,1,2,1,0,4,3,,,,12,0,1,0.0,3,0,3,4,2,4,6,0,0,3,3,PIONEER WAY,Kimball Dr,-122.5885389,47.322613889,0,2,21,53,3,25,14,0,0,1,2,12,8,8,4,1,5,1,1,53,0,37,402,2015,0,,12,12.0,,,,,1,1,39,2,0.0,,1,0,3,0,11,8,,,,,0.0,0.0,0.0,3.0,1,0,,,,96,,,,,,98,,,,,,98335.0,53,63.0,120.0,6.0,1.0,0.0,0.0,0.0,0.0,,0,,,,,,0,,,20,0,0,0,8.0,9,8,,,0,,,8,8,8.0,95.0,,,96.0,,,8,95,995.0,,,,,,,,,,,,,,,,,,,,,,,,,,,,,,0,0,0,1,0,0,0,0,0,0,0,0,0,0,0,0,0,0,0,0,0,0,0,0,0,1,1,1,0,1,0,0,0,0,0,,0,0,0,0,0,0,0,0,0,0,0,0,0,0,0,0,,,,,,36-40,36-45,City street,U,Wednesday,Belt Used,PV,Not Fatal,1,0,0,0,City Street,Municipal/City Police,Gig Harbor Police Department,0,0,0,1,0,,,,,,0.0,0.0,0.0,,,,,,,,,,,98.0,98.0,98.0,0.0,,,,,20.0,,,,,,,,,1.0,0.0,,,,,,,98335
4052,2021,589,EB37894,135.0,06/02/2021,13:05,2,6,,53,Pierce,800,1,,1,1,2,1,0,4,3,,,,12,0,1,0.0,3,0,3,4,2,4,6,0,0,3,3,PIONEER WAY,Kimball Dr,-122.5885389,47.322613889,0,3,98,98,7,25,6,0,0,1,5,12,8,8,4,1,11,2,1,53,0,48,34,2002,0,,12,,,,,,1,1,31,2,0.0,,0,0,3,0,11,0,,,,,0.0,0.0,0.0,3.0,1,0,,,,96,,,,,,98,,,,,,98329.0,53,67.0,125.0,6.0,1.0,0.0,0.0,0.0,0.0,,0,,,,,,0,,,20,0,0,0,8.0,9,8,,,0,,,8,8,8.0,95.0,,,96.0,,,8,95,995.0,,,,,,,,,,,,,,,,,,,,,,,,,,,,,,0,0,0,1,0,0,0,0,0,0,0,0,0,0,0,0,0,0,0,0,0,0,0,0,0,1,1,1,0,1,0,0,0,0,0,,0,0,0,0,0,0,0,0,0,0,0,0,0,0,0,0,,,,,,31-35,26-35,City street,U,Wednesday,Belt Used,PV,Not Fatal,1,0,0,0,City Street,Municipal/City Police,Gig Harbor Police Department,0,0,0,1,0,,,,,,0.0,0.0,0.0,,,,,,,,,,,98.0,98.0,98.0,0.0,,,,,20.0,,,,,,,,,1.0,0.0,,,,,,,98335
4053,2021,590,EB42775,19.0,06/22/2021,14:19,22,6,,21,Franklin,0,1,,1,1,2,1,0,1,1,,,,1,0,0,2.6,1,0,1,6,1,2,4,0,0,0,0,CR-COLUMBIA RIVER RD,,-119.2267139,46.3297,0,1,98,12,2,50,14,0,0,1,5,1,1,1,2,1,1,1,2,53,0,23,401,2005,0,,68,64.0,1.0,,,,1,1,56,2,7.0,,4,0,20,7,11,8,06/22/2021,15:12,185053031209.0,31209.0,0.0,0.0,0.0,0.0,1,0,,,,96,,,,,,98,,,,,,99338.0,53,62.0,110.0,0.0,0.0,0.0,0.0,0.0,0.0,,0,,,,,,4,,,8,1,9,0,0.0,9,8,,,0,,,8,8,2.0,996.0,996.0,996.0,1.0,1.0,1.0,2,1,0.163,,,,,,,,,,,,,,,,,,,,,,,,,,,,,,0,0,0,0,1,1,1,1,1,0,0,0,1,1,0,0,0,0,0,1,0,0,0,0,0,0,0,0,0,1,0,0,0,1,0,,1,0,0,0,0,1,1,1,0,1,0,1,0,0,0,1,,,,,,56-60,56-65,County road,R,Tuesday,Not Used,PV,White,0,0,0,0,County Road,County Sheriff,Franklin County Sheriff's Office,0,0,1,0,0,thc,0.98,,,,0.0,0.0,0.0,1.0,1.0,1.0,,,996.0,996.0,996.0,605.0,996.0,98.0,98.0,98.0,1.0,,,,,20.0,,,,,,,,nms,1.0,0.0,,,COLUMBIA RIVER ROAD,2.57,,,99301
4054,2021,591,EB56434,290.0,08/09/2021,9:51,9,8,,53,Pierce,2230,1,,1,1,2,1,0,3,2,,,,12,0,6,0.0,2,1,2,4,2,1,6,0,3,3,3,E 27TH ST,PORTLAND AVE,-122.4106306,47.239627778,0,1,87,17,2,35,4,0,0,1,2,12,1,1,6,1,1,1,2,53,0,12,17,2005,0,,12,,,,,,1,1,54,1,7.0,,4,0,99,7,11,5,08/17/2021,9:40,223053041263.0,41263.0,0.0,0.0,0.0,0.0,1,39,,,,96,,,,,,98,,,,,,98422.0,53,73.0,190.0,0.0,0.0,0.0,0.0,0.0,0.0,,39,,,,,,0,,,20,0,0,0,0.0,9,8,,,0,,,8,8,8.0,95.0,,,96.0,,,8,95,995.0,,,,,,,,,,,,,,,,,,,,,,,,,,,,,,0,0,0,1,0,0,0,0,0,0,0,0,0,1,0,0,0,0,0,0,0,0,0,0,0,1,1,0,0,1,0,0,0,0,0,,1,0,0,0,0,0,0,0,0,0,0,1,0,0,0,0,,,,,,51-55,46-55,City street,U,Monday,Unknown,PV,AIAN,1,0,0,0,State Route,Municipal/City Police,Tacoma Police Department,0,1,0,0,0,,,,,,0.0,0.0,0.0,,,,,,,,,,,98.0,98.0,98.0,3.0,,,,,20.0,,,,,,,,,1.0,0.0,,,,,,,98421
4055,2021,591,EB56434,290.0,08/09/2021,9:51,9,8,,53,Pierce,2230,1,,1,1,2,1,0,3,2,,,,12,0,6,0.0,2,1,2,4,2,1,6,0,3,3,3,E 27TH ST,PORTLAND AVE,-122.4106306,47.239627778,0,2,86,66,4,35,34,0,0,1,2,12,1,1,3,4,1,2,1,53,0,7,482,2013,0,,12,,,,,,1,1,71,1,0.0,,0,0,2,0,11,0,,,,,0.0,0.0,0.0,3.0,1,0,,,,96,,,,,,98,,,,,,99004.0,53,68.0,143.0,6.0,1.0,0.0,0.0,0.0,0.0,,0,,,,,,0,,,20,0,0,0,8.0,9,8,,,0,,,8,8,8.0,95.0,,,96.0,,,8,95,995.0,,,,,,,,,,,,,,,,,,,,,,,,,,,,,,0,0,0,1,0,0,0,0,0,0,0,0,0,1,0,0,0,0,0,0,0,0,0,0,0,1,1,0,0,1,0,0,0,0,0,,0,0,0,0,0,0,0,0,0,0,0,0,0,0,0,0,,,,,,71-75,66-75,City street,U,Monday,Belt Used,PV,Not Fatal,1,0,0,0,State Route,Municipal/City Police,Tacoma Police Department,0,1,0,0,0,,,,,,0.0,0.0,0.0,,,,,,,,,,,98.0,98.0,98.0,0.0,,,,,20.0,,,,,,,,,1.0,0.0,,,,,,,98421