,year,case,par,repjur,crash_dt,crash_tm,accday,accmon,holiday,county,co_char,city,weather,weather2,lightcond,surfcond,surftype,numfatal,nmforms,pforms,vforms,not_tm,arr_tm,hosp_tm,fhevent,hitrun,manncol,milepnt,reljunc,reljuncinter,intersectiontype,funcsystem,landuse,ownership,route,schlbus,spejur,contdev,devfunc,trafid1,trafid2,x,y,wk_zone,vnumber,crashtype,criticalevent,criticaleventcat,spdlim,body,trailer,emerg,hazcargo,leave,mhevent,roadalgn,roadprof,traflane,trafflow,vehmanvr,numoccs,regowner,regstate,spuse,make,model,modelyr,vrf1,vrf2,seqevent1,seqevent2,seqevent3,seqevent4,seqevent5,seqevent6,pnumber,ptype,age,sex,hispanic,race,injury,diedscene,restraint,restraintmisuse,seatpos,takehosp,death_dt,death_tm,cert,cernum_wa,commlic,licendor,licrestrict,liccomp,drivpres,drf1,drf2,drf3,drf4,distract1,distract2,distract3,distract4,distract5,distract6,dricond1,dricond2,dricond3,dricond4,dricond5,dricond6,dzip,licstate,drhgt_in,weight,noncdl,noncdltype,prevdwi,prevoth,prevacc,prevspd,prevsus,driviol1,driviol2,driviol3,driviol4,driviol5,driviol6,spdrel,first_dt,last_dt,airbag,ejection,ejectpath,extricat,injurwrk,methalc,methdrug,nmlocat,strikveh,prf1,prf2,prf3,druginv,alcinvol,drugsts,drugres1,drugres2,drugres3,drugtst1,drugtst2,drugtst3,alcsts,alctst,alcres,nmact1,nmact2,nmact3,nmact4,nmact5,nmact6,nmprior1,nmprior2,nmprior3,nmprior4,nmprior5,nmprior6,nmcond1,nmcond2,nmcond3,nmcond4,nmcond5,nmcond6,nmsafe_helmet,nmsafe_pads,nmsafe_oth,nmprev_ref,nmprev_lgt,nmprev_oth,crashlocation,nmcrashtype,crosswalk,schoolzone,sidewalk,train_inv,wildlife_inv,rotr_fars,intersect_fars,dd_inv,aid_inv,dpd_inv,id_inv,mj_inv,impnm_inv,ainm_inv,dpnm_inv,speed_inv,unlic_inv,unendmc_inv,drowsy_inv,drdist_inv,nmdist_inv,fty_inv,unrestfat_inv,dr1617_inv,dr1820_inv,dr1620_inv,dr2125_inv,dr1625_inv,dr65_inv,dr70_inv,dr75_inv,mc_inv,pv_inv,ht_inv,ped_inv,bike_inv,unrest_fat,mc_fat,unhelmet_mc,pv_fat,ht_fat,ped_fat,bike_fat,dr_alc7,dr_alc8,dr_drug,dr_imp,dr_dist,dr_spd,dr_fty,dr_unlic,dr_alc7only,dr_alc8only,dr_drugonly,dr_drink,nm_imp,nm_alc7,nm_alc8,nm_drug,nm_dist,agegrp1,agegrp2,roadclass,urbrur,dayweek,restuse,vehtype,race_me,intersect,lanedep,oppdir,wrongway,rep_typ,investag,repag_long,rotr,st_rd,cty_rd,city_rd,oth_rd,drug_thc,thc_res,drug_cthc,cthc_res,drug_cann,prevpersemin,prevperse,prevsusoth,drugtst4,drugtst5,drugtst6,drugtst7,drugtst8,drugres4,drugres5,drugres6,drugres7,drugres8,adspresent,adsengaged,adslevel,race1,race2,race3,race4,race5,helmet,helmetmisuse,nmdistract1,nmdistract2,nmdistract3,nmdistract4,nmdistract5,nmdistract6,lab,isedtcase,crf1,crf2,crf3,CoRoadName,CoMP,IntCoRoadName,IntCoMP,zipcode
4056,2021,592,EB64300,34.0,08/17/2021,18:27,17,8,,51,Pend Oreille,0,10,,1,1,2,1,0,1,1,,,,42,0,0,9.5,1,0,1,5,1,2,4,0,0,0,0,CR-LECLERC RD S,,-117.2107,48.248,0,1,6,12,2,50,1,0,0,1,2,42,1,1,2,1,1,1,2,53,0,35,48,2012,0,,68,64.0,42.0,,,,1,1,68,8,7.0,,4,0,1,0,11,4,08/17/2021,20:25,148053040755.0,40755.0,0.0,0.0,3.0,3.0,1,0,,,,92,,,,,,98,,,,,,99180.0,53,69.0,231.0,6.0,1.0,0.0,0.0,1.0,0.0,,0,,,,,,0,12/15/2020,12/15/2020,8,0,0,0,0.0,9,8,,,0,,,8,8,2.0,996.0,996.0,387.0,1.0,1.0,1.0,2,1,0.092,,,,,,,,,,,,,,,,,,,,,,,,,,,,,,0,0,1,0,1,1,1,1,0,0,0,0,0,0,0,0,1,0,0,0,0,0,0,0,0,1,0,0,0,1,0,0,0,0,0,,1,0,0,0,0,1,1,1,1,0,0,0,0,0,0,1,,,,,,66-70,66-75,County road,R,Tuesday,Belt Used,PV,White,0,1,0,0,County Road,County Sheriff,Pend Oreille County Sheriff's Offic,1,0,1,0,0,,,,,,0.0,0.0,0.0,,,,,,,,,,,98.0,98.0,98.0,1.0,,,,,20.0,,,,,,,,,1.0,0.0,,,LECLERC RD S,9.5,,,99156
4057,2021,593,EB83137,262.0,10/24/2021,0:42,24,10,,33,King,1958,10,,3,2,2,1,1,2,1,,,,8,0,0,14.8,1,0,1,3,2,1,3,0,0,0,0,SR-99,,-122.2956778,47.435547222,0,1,13,80,5,40,4,0,0,1,5,8,1,1,5,2,1,2,2,53,0,35,47,2014,0,,8,,,,,,1,1,24,1,0.0,,0,0,2,0,11,0,,,,,0.0,0.0,3.0,3.0,1,0,,,,96,,,,,,98,,,,,,98198.0,53,70.0,230.0,6.0,1.0,0.0,0.0,0.0,0.0,,0,,,,,,0,,,20,0,0,0,8.0,9,2,,,0,,,8,8,0.0,0.0,,,0.0,,,0,0,996.0,,,,,,,,,,,,,,,,,,,,,,,,,,,,,,0,0,0,0,0,0,0,0,0,0,0,0,0,0,0,0,0,0,0,0,0,0,0,1,1,0,0,0,0,1,0,1,0,0,0,,0,0,0,0,0,0,0,0,0,0,0,0,0,0,0,0,,,,,,21-25,16-25,State route,U,Sunday,Belt Used,PV,Not Fatal,0,0,0,0,State Route,Municipal/City Police,SeaTac Police Department,0,1,0,0,0,,,,,,0.0,0.0,0.0,,,,,,,,,,,98.0,98.0,98.0,0.0,,,,,20.0,,,,,,,,,1.0,0.0,,,,,,,98188
4058,2021,594,EB84557,35.0,10/31/2021,4:09,31,10,,53,Pierce,0,1,,2,1,1,1,0,1,1,,,,18,0,0,2.3,1,0,1,5,2,2,4,0,0,0,0,CR-MATHIAS RD E,,-122.3424389,47.042397222,0,1,12,90,6,35,80,0,0,1,2,18,1,1,2,1,1,1,2,53,0,37,706,2001,0,,18,,,,,,1,1,38,1,7.0,,4,0,20,7,11,5,11/08/2021,7:44,223053057919.0,57919.0,0.0,0.0,0.0,2.0,1,0,,,,96,,,,,,98,,,,,,98387.0,53,73.0,320.0,1.0,1.0,0.0,5.0,1.0,6.0,,0,,,,,,3,08/15/2018,10/15/2021,20,8,0,0,0.0,9,8,,,0,,,8,8,0.0,0.0,,,0.0,,,0,0,996.0,,,,,,,,,,,,,,,,,,,,,,,,,,,,,,0,0,0,0,0,0,0,0,0,0,0,0,1,1,1,0,0,0,0,0,0,0,0,0,0,0,0,0,1,0,0,0,0,0,1,0.0,0,0,0,0,0,0,0,0,0,1,0,1,0,0,0,0,,,,,,36-40,36-45,County road,U,Sunday,,MC,White,0,0,0,0,County Road,County Sheriff,Law Enforcement Support Agency,0,0,1,0,0,,,,,,0.0,0.0,6.0,,,,,,,,,,,0.0,0.0,0.0,1.0,,,,,19.0,,,,,,,,,1.0,0.0,,,MATHIAS RD E,2.28,066 AVE CT E,0.0,98338
4059,2021,595,3890588,263.0,10/21/2021,19:00,21,10,,33,King,1960,2,,3,2,1,1,1,1,1,,,,8,0,0,0.0,3,0,2,3,2,4,6,0,0,3,3,4TH AVE S,S Lander St,-122.3290944,47.579802778,0,1,13,80,5,25,5,0,0,1,5,8,1,1,5,1,1,1,1,53,0,49,46,2014,0,,8,,,,,,1,1,55,1,0.0,,0,0,3,0,11,0,,,,,0.0,0.0,0.0,3.0,1,0,,,,96,,,,,,98,,,,,,98168.0,53,67.0,180.0,6.0,1.0,0.0,0.0,3.0,1.0,,0,,,,,,0,01/15/2019,08/15/2020,20,0,0,0,8.0,9,8,,,0,,,8,8,8.0,95.0,,,96.0,,,8,95,995.0,,,,,,,,,,,,,,,,,,,,,,,,,,,,,,0,0,0,1,0,0,0,0,0,1,0,1,0,0,0,0,0,0,0,0,0,0,0,0,0,0,0,0,0,1,0,1,0,0,0,,0,0,0,0,0,0,0,0,0,0,0,0,0,0,0,0,,,,,,51-55,46-55,City street,U,Thursday,Belt Used,PV,Not Fatal,1,0,0,0,City Street,Municipal/City Police,Seattle Police Department,0,0,0,1,0,,,,,,0.0,0.0,0.0,,,,,,,,,,,98.0,98.0,98.0,0.0,,,,,20.0,,,,,,,,,1.0,0.0,,,,,,,98134
4060,2021,596,EB48009,277.0,07/12/2021,0:25,12,7,,63,Spokane,2110,1,,3,1,2,1,0,1,1,,,,31,0,0,0.0,1,0,1,3,2,4,6,0,0,0,0,W AIRPORT DR,,-117.5370639,47.627083333,0,1,1,13,2,20,61,0,0,1,2,42,4,1,2,4,14,1,3,53,0,12,870,2013,0,,63,31.0,31.0,42.0,,,1,1,59,1,7.0,,4,0,3,0,11,5,07/14/2021,21:09,211053035213.0,35213.0,0.0,0.0,0.0,3.0,1,0,,,,96,,,,,,1,,,,,,99202.0,53,72.0,200.0,6.0,1.0,0.0,0.0,1.0,0.0,,0,,,,,,0,07/15/2020,07/15/2020,1,0,0,0,1.0,1,1,,,0,,,0,0,2.0,1.0,,,1.0,,,2,1,0.0,,,,,,,,,,,,,,,,,,,,,,,,,,,,,,0,0,1,0,0,0,0,0,0,0,0,0,0,0,0,0,0,0,0,0,0,0,0,0,0,0,0,0,0,0,1,0,0,0,0,,0,1,0,0,0,0,0,0,0,0,0,0,0,0,0,0,,,,,,56-60,56-65,City street,U,Monday,,MHTRUCK,White,0,1,0,0,City Street,Municipal/City Police,Spokane Airport Police Department,1,0,0,1,0,,,,,,0.0,0.0,0.0,,,,,,,,,,,98.0,98.0,98.0,1.0,,,,,20.0,,,,,,,,,1.0,0.0,,,,,,,99219
4061,2021,597,3889903,344.0,12/27/2021,23:02,27,12,,77,Yakima,0,10,,2,1,1,1,0,2,1,,,,1,0,0,,1,0,1,6,1,2,4,0,3,0,0,CR-PROGRESSIVE RD,,-120.4599222,46.419216667,0,1,1,13,2,50,4,0,0,1,2,1,1,1,2,1,1,2,2,53,0,63,32,2016,0,,63,1.0,,,,,1,1,36,2,7.0,,4,0,99,7,11,5,12/31/2021,19:20,230053067181.0,67181.0,0.0,0.0,0.0,3.0,1,0,,,,15,,,,,,9,,,,,,98951.0,53,64.0,270.0,6.0,1.0,0.0,0.0,0.0,0.0,,0,,,,,,0,,,20,0,0,0,0.0,9,8,,,0,,,8,1,0.0,0.0,,,0.0,,,0,0,996.0,,,,,,,,,,,,,,,,,,,,,,,,,,,,,,0,0,1,0,1,0,0,0,0,0,0,0,0,0,0,0,1,0,0,0,0,0,0,0,0,0,0,0,0,1,0,0,0,0,0,,1,0,0,0,0,0,0,0,1,0,0,0,0,0,0,1,,,,,,36-40,36-45,County road,R,Monday,Unknown,PV,AIAN,0,1,0,0,County Road,Other Law Enforcement,Yakama Tribal Police Department,1,0,1,0,0,,,,,,0.0,0.0,0.0,,,,,,,,,,,98.0,98.0,98.0,3.0,,,,,20.0,,,,,,,,,1.0,0.0,,,,,,,98951
4062,2021,598,EB56571,290.0,08/05/2021,5:54,5,8,,53,Pierce,2230,1,,1,0,0,1,0,2,2,,,,12,0,2,0.0,8,0,1,3,2,4,6,0,0,0,0,E PORTLAND AVE,,-122.4082056,47.229155556,0,1,82,15,2,0,34,0,0,1,5,12,0,0,0,0,11,1,1,53,0,20,481,2013,0,,12,,,,,,1,1,52,1,0.0,,0,0,3,0,11,0,,,,,0.0,0.0,0.0,0.0,1,38,,,,96,,,,,,98,,,,,,98404.0,53,66.0,165.0,0.0,0.0,0.0,0.0,0.0,0.0,,46,,,,,,0,,,20,0,0,0,8.0,9,8,,,0,,,8,8,8.0,95.0,,,96.0,,,8,95,995.0,,,,,,,,,,,,,,,,,,,,,,,,,,,,,,0,0,0,0,0,0,0,0,0,0,0,0,0,1,0,0,0,0,1,0,0,0,0,0,0,0,0,0,1,1,0,0,0,0,0,,0,0,0,0,0,0,0,0,0,0,1,1,0,0,0,0,,,,,,51-55,46-55,City street,U,Thursday,Belt Used,PV,Not Fatal,0,0,0,0,City Street,Municipal/City Police,Tacoma Police Department,0,0,0,1,0,,,,,,0.0,0.0,0.0,,,,,,,,,,,98.0,98.0,98.0,0.0,,,,,20.0,,,,,,,,,0.0,0.0,,,,,,,98404
4063,2021,598,EB56571,290.0,08/05/2021,5:54,5,8,,53,Pierce,2230,1,,1,1,2,1,0,2,2,,,,12,0,2,0.0,8,0,1,3,2,4,6,0,0,0,0,E PORTLAND AVE,,-122.4082056,47.229155556,0,2,83,72,4,35,80,0,0,1,5,12,1,1,5,5,1,1,1,53,0,37,706,2004,0,,12,,,,,,1,1,38,1,7.0,,4,0,20,7,11,0,08/06/2021,14:35,223053038838.0,38838.0,0.0,0.0,0.0,3.0,1,0,,,,96,,,,,,98,,,,,,98445.0,53,72.0,165.0,6.0,1.0,0.0,0.0,0.0,3.0,,0,,,,,,0,02/15/2016,09/15/2020,20,8,0,0,0.0,9,8,,,0,,,8,8,2.0,1.0,,,1.0,,,2,1,0.0,,,,,,,,,,,,,,,,,,,,,,,,,,,,,,0,0,0,0,0,0,0,0,0,0,0,0,0,1,0,0,0,0,1,0,0,0,0,0,0,0,0,0,1,1,0,0,0,0,1,0.0,0,0,0,0,0,0,0,0,0,0,0,0,0,0,0,0,,,,,,36-40,36-45,City street,U,Thursday,,MC,White,0,0,0,0,City Street,Municipal/City Police,Tacoma Police Department,0,0,0,1,0,,,,,,0.0,0.0,2.0,,,,,,,,,,,0.0,0.0,0.0,1.0,,,,,5.0,,,,,,,,,0.0,0.0,,,,,,,98404
4064,2021,599,EB09646,45.0,02/25/2021,15:50,25,2,,73,Whatcom,0,10,,1,1,2,1,0,2,2,,,,12,0,6,5.8,8,0,1,5,1,2,4,0,0,0,0,CR-HANNEGAN RD,,-122.4427417,48.861558333,0,1,68,15,2,50,34,0,0,1,2,12,1,1,2,1,11,1,1,53,0,49,472,2004,0,,12,,,,,,1,1,86,2,7.0,,4,0,3,0,11,8,03/19/2021,3:58,196053013813.0,13813.0,0.0,0.0,3.0,3.0,1,38,,,,96,,,,,,98,,,,,,98226.0,53,65.0,140.0,6.0,1.0,0.0,0.0,0.0,0.0,,46,,,,,,0,,,1,0,0,0,0.0,9,8,,,0,,,8,8,0.0,0.0,,,0.0,,,0,0,996.0,,,,,,,,,,,,,,,,,,,,,,,,,,,,,,0,0,0,0,0,0,0,0,0,0,0,0,0,0,0,0,0,0,1,0,0,0,0,0,0,1,1,1,0,1,0,0,0,0,0,,1,0,0,0,0,0,0,0,0,0,1,0,0,0,0,0,,,,,,81+,76+,County road,R,Thursday,Belt Used,PV,White,0,0,0,0,County Road,County Sheriff,Whatcom County Sheriff's Office,0,0,1,0,0,,,,,,0.0,0.0,0.0,,,,,,,,,,,98.0,98.0,98.0,1.0,,,,,20.0,,,,,,,,,1.0,0.0,,,HANNEGAN RD,5.8,,,98264
4065,2021,599,EB09646,45.0,02/25/2021,15:50,25,2,,73,Whatcom,0,10,,1,1,2,1,0,2,2,,,,12,0,6,5.8,8,0,1,5,1,2,4,0,0,0,0,CR-HANNEGAN RD,,-122.4427417,48.861558333,0,2,69,62,4,50,6,0,0,1,2,12,1,1,2,1,1,1,1,53,0,12,13,1994,0,,12,,,,,,1,1,31,1,0.0,,1,0,3,0,11,8,,,,,0.0,0.0,0.0,3.0,1,0,,,,96,,,,,,98,,,,,,98226.0,53,71.0,245.0,6.0,1.0,0.0,0.0,0.0,0.0,,0,,,,,,0,,,20,0,0,0,8.0,9,8,,,0,,,8,8,0.0,0.0,,,0.0,,,0,0,996.0,,,,,,,,,,,,,,,,,,,,,,,,,,,,,,0,0,0,0,0,0,0,0,0,0,0,0,0,0,0,0,0,0,1,0,0,0,0,0,0,1,1,1,0,1,0,0,0,0,0,,0,0,0,0,0,0,0,0,0,0,0,0,0,0,0,0,,,,,,31-35,26-35,County road,R,Thursday,Belt Used,PV,Not Fatal,0,0,0,0,County Road,County Sheriff,Whatcom County Sheriff's Office,0,0,1,0,0,,,,,,0.0,0.0,0.0,,,,,,,,,,,0.0,0.0,0.0,0.0,,,,,20.0,,,,,,,,,1.0,0.0,,,HANNEGAN RD,5.8,,,98264
4066,2021,600,EB35608,346.0,06/01/2021,15:26,1,6,,63,Spokane,1165,1,,1,1,2,1,1,1,1,,,,8,0,0,0.0,1,0,1,4,2,4,6,0,0,0,0,N LIBERTY LAKE RD,,-117.1068778,47.668758333,0,1,13,80,5,98,14,0,0,1,5,8,1,1,2,1,11,1,2,53,0,49,405,2020,0,,8,,,,,,1,1,18,2,0.0,,0,0,99,7,11,0,,,,,0.0,0.0,3.0,3.0,1,0,,,,96,,,,,,98,,,,,,99019.0,53,67.0,127.0,6.0,2.0,0.0,0.0,0.0,0.0,,2,,,,,,4,,,20,0,0,0,8.0,9,8,,,0,,,8,8,0.0,0.0,,,0.0,,,0,0,996.0,,,,,,,,,,,,,,,,,,,,,,,,,,,,,,0,0,0,0,0,0,0,0,0,0,0,0,1,0,0,0,0,0,0,0,0,1,1,0,1,0,0,0,0,1,0,1,0,0,0,,0,0,0,0,0,0,0,0,0,1,0,0,0,0,0,0,,,,,,18-20,16-25,City street,U,Tuesday,Unknown,PV,Not Fatal,0,0,0,0,City Street,Municipal/City Police,LIBERTY LAKE POLICE DEPT,0,0,0,1,0,,,,,,0.0,0.0,0.0,,,,,,,,,,,98.0,98.0,98.0,0.0,,,,,20.0,,,,,,,,,1.0,0.0,,,,,,,99019
4067,2021,601,EB60921,35.0,08/23/2021,21:39,23,8,,53,Pierce,0,1,,2,1,1,1,0,1,1,,,,42,0,0,0.3,1,0,1,6,1,2,4,0,0,0,0,CR-TIEDMAN ROAD KP N,,-122.7964694,47.257713889,0,1,1,9,1,35,14,0,0,1,2,42,1,1,2,1,1,1,2,53,0,23,401,2007,0,,63,42.0,,,,,1,1,41,1,7.0,,4,0,3,0,11,5,09/09/2021,20:11,223053045564.0,45564.0,0.0,0.0,0.0,2.0,1,0,,,,96,,,,,,98,,,,,,98349.0,53,70.0,157.0,1.0,1.0,0.0,5.0,0.0,0.0,,0,,,,,,0,10/15/2016,12/15/2017,1,0,0,0,0.0,9,8,,,0,,,8,8,8.0,95.0,,,96.0,,,8,95,995.0,,,,,,,,,,,,,,,,,,,,,,,,,,,,,,0,0,1,0,0,0,0,0,0,0,0,0,0,1,0,0,0,0,0,0,0,0,0,0,0,0,0,0,0,1,0,0,0,0,0,,1,0,0,0,0,0,0,0,0,0,0,1,0,0,0,0,,,,,,41-45,36-45,County road,R,Monday,Belt Used,PV,White,0,1,0,0,County Road,County Sheriff,Law Enforcement Support Agency,1,0,1,0,0,,,,,,0.0,0.0,1.0,,,,,,,,,,,98.0,98.0,98.0,1.0,,,,,20.0,,,,,,,,,1.0,0.0,,,TIEDEMAN RD NW,0.3,,,98349
4068,2021,602,EB97839,248.0,12/06/2021,9:22,6,12,,33,King,1830,10,,1,2,2,1,1,1,1,,,,8,0,0,,1,0,1,3,2,4,6,0,0,0,0,S GRADY WAY,,-122.2123028,47.471,0,1,13,80,5,98,61,0,0,1,2,8,8,8,2,1,11,1,3,53,0,12,870,2010,0,,8,,,,,,1,1,59,1,0.0,,0,0,3,0,11,0,,,,,0.0,0.0,3.0,3.0,1,0,,,,92,,,,,,98,,,,,,98338.0,53,75.0,228.0,6.0,1.0,0.0,0.0,0.0,0.0,,0,,,,,,0,,,20,0,0,0,8.0,9,8,,,0,,,8,8,8.0,95.0,,,96.0,,,8,95,995.0,,,,,,,,,,,,,,,,,,,,,,,,,,,,,,0,0,0,0,0,0,0,0,0,0,0,0,0,0,0,0,1,0,0,0,0,0,0,0,0,0,0,0,0,0,1,1,0,0,0,,0,0,0,0,0,0,0,0,1,0,0,0,0,0,0,0,,,,,,56-60,56-65,City street,U,Monday,,MHTRUCK,Not Fatal,1,0,0,0,City Street,Municipal/City Police,Renton Police Department,0,0,0,1,0,,,,,,0.0,0.0,0.0,,,,,,,,,,,98.0,98.0,98.0,0.0,,,,,20.0,,,,,,,,,1.0,0.0,,,,,,,98057
4069,2021,603,EB04005,278.0,02/06/2021,20:00,6,2,,63,Spokane,2110,10,,3,1,2,1,1,1,1,,,,8,0,0,0.0,1,0,1,3,2,4,6,0,0,0,0,E FRANCIS AVE,,-117.3980417,47.715011111,0,1,13,80,5,98,2,0,0,1,5,8,8,8,5,5,1,1,2,53,0,37,32,2001,0,,8,,,,,,1,1,29,1,0.0,,0,0,3,0,11,0,,,,,0.0,0.0,0.0,3.0,1,0,,,,92,,,,,,98,,,,,,99218.0,53,73.0,150.0,6.0,1.0,0.0,0.0,0.0,0.0,,0,,,,,,0,06/15/2016,04/15/2016,20,0,0,0,8.0,9,8,,,0,,,8,8,8.0,95.0,,,96.0,,,2,98,0.0,,,,,,,,,,,,,,,,,,,,,,,,,,,,,,0,0,0,0,0,0,0,0,0,0,0,0,0,0,0,0,1,0,0,0,0,0,0,0,0,0,0,0,0,1,0,1,0,0,0,,0,0,0,0,0,0,0,0,1,0,0,0,0,0,0,0,,,,,,26-30,26-35,City street,U,Saturday,Belt Used,PV,Not Fatal,1,0,0,0,City Street,Municipal/City Police,Spokane Police Department,0,0,0,1,0,,,,,,0.0,0.0,2.0,,,,,,,,,,,98.0,98.0,98.0,0.0,,,,,20.0,,,,,,,,,1.0,0.0,,,,,,,99208
4070,2021,604,EB17396,40.0,03/16/2021,22:08,16,3,,63,Spokane,0,1,,2,1,2,1,0,1,1,,,,1,0,0,8.6,1,0,1,5,1,2,4,0,0,0,0,CR-N MONROE RD,,-117.4983222,47.917725,0,1,1,13,2,45,2,0,0,1,2,1,1,1,2,1,1,1,9,99,0,37,31,1999,0,,63,1.0,,,,,1,1,45,1,7.0,,4,0,99,7,11,0,03/18/2021,20:40,211053014071.0,14071.0,0.0,0.0,0.0,0.0,1,0,,,,96,,,,,,98,,,,,,98207.0,53,71.0,160.0,0.0,0.0,0.0,0.0,0.0,0.0,,0,,,,,,4,,,20,1,9,0,0.0,9,8,,,0,,,9,9,2.0,605.0,401.0,417.0,1.0,1.0,1.0,2,1,0.01,,,,,,,,,,,,,,,,,,,,,,,,,,,,,,0,0,1,0,1,0,1,1,1,0,0,0,1,1,0,0,0,0,0,0,0,0,0,0,0,0,0,0,0,1,0,0,0,0,0,,1,0,0,0,1,0,1,1,0,1,0,1,0,0,0,1,,,,,,41-45,36-45,County road,R,Tuesday,Unknown,PV,White,0,1,0,0,County Road,County Sheriff,Spokane County Sheriff's Office,1,0,1,0,0,thc,1.4,,,,0.0,0.0,0.0,,,,,,,,,,,0.0,0.0,0.0,1.0,,,,,20.0,,,,,,,,nms,1.0,0.0,,,MONROE RD,8.55,,,99006
4071,2021,605,EB20278,63.0,04/07/2021,17:28,7,4,,33,King,146,2,,1,2,2,1,0,3,2,,,,12,0,6,7.7,2,0,3,3,2,1,3,0,0,20,3,SR-169,BAKER ST,-122.0036167,47.309458333,0,1,82,15,2,35,6,0,0,1,2,12,1,1,2,1,11,1,1,53,0,48,45,2014,0,,12,71.0,38.0,,,,1,1,86,1,7.0,,4,0,3,0,11,1,04/16/2021,19:38,196053018812.0,18812.0,0.0,0.0,3.0,2.0,1,38,39.0,,,96,,,,,,98,,,,,,98010.0,53,70.0,210.0,1.0,1.0,0.0,1.0,0.0,0.0,,37,,,,,,0,04/15/2020,02/15/2021,8,0,0,1,0.0,9,8,,,0,,,9,8,0.0,0.0,,,0.0,,,0,0,996.0,,,,,,,,,,,,,,,,,,,,,,,,,,,,,,0,0,0,1,0,0,0,0,0,0,0,0,0,1,0,0,0,0,1,0,0,0,0,0,0,1,1,1,0,1,0,0,0,0,0,,1,0,0,0,0,0,0,0,0,0,1,1,0,0,0,0,,,,,,81+,76+,State route,U,Wednesday,Belt Used,PV,White,1,0,0,0,State Route,Municipal/City Police,Black Diamond Police Department,0,1,0,0,0,,,,,,0.0,0.0,4.0,,,,,,,,,,,98.0,98.0,98.0,1.0,,,,,20.0,,,,,,,,,1.0,0.0,,,,,,,98010
4072,2021,605,EB20278,63.0,04/07/2021,17:28,7,4,,33,King,146,2,,1,2,2,1,0,3,2,,,,12,0,6,7.7,2,0,3,3,2,1,3,0,0,0,0,SR-169,BAKER ST,-122.0036167,47.309458333,0,2,83,67,4,35,34,1,0,1,2,12,1,1,2,1,1,2,1,53,0,7,482,2001,0,,12,,,,,,1,1,81,1,0.0,,1,0,3,0,11,0,,,,,0.0,0.0,0.0,3.0,1,0,,,,96,,,,,,98,,,,,,98022.0,53,70.0,210.0,6.0,1.0,0.0,0.0,0.0,0.0,,0,,,,,,0,,,20,0,0,0,8.0,9,8,,,0,,,8,8,0.0,0.0,,,0.0,,,0,0,996.0,,,,,,,,,,,,,,,,,,,,,,,,,,,,,,0,0,0,1,0,0,0,0,0,0,0,0,0,1,0,0,0,0,1,0,0,0,0,0,0,1,1,1,0,1,0,0,0,0,0,,0,0,0,0,0,0,0,0,0,0,0,0,0,0,0,0,,,,,,81+,76+,State route,U,Wednesday,Belt Used,PV,Not Fatal,1,0,0,0,State Route,Municipal/City Police,Black Diamond Police Department,0,1,0,0,0,,,,,,0.0,0.0,0.0,,,,,,,,,,,98.0,98.0,98.0,0.0,,,,,20.0,,,,,,,,,1.0,0.0,,,,,,,98010
4073,2021,606,EB24863,35.0,04/24/2021,23:33,24,4,,53,Pierce,0,2,,2,2,2,1,1,2,1,,,,8,0,0,4.0,1,0,1,3,2,2,4,0,0,0,0,CR-BROOKDALE RD E,,-122.3633111,47.112594444,0,1,13,80,5,35,6,0,0,1,2,8,1,1,2,1,1,2,2,53,0,51,43,2004,0,,8,,,,,,1,1,40,1,0.0,,0,0,3,0,11,0,,,,,0.0,0.0,3.0,3.0,1,0,,,,96,,,,,,98,,,,,,98439.0,53,71.0,165.0,6.0,1.0,0.0,0.0,0.0,0.0,,0,,,,,,0,,,20,0,0,0,8.0,9,8,,,0,,,8,8,8.0,95.0,,,96.0,,,8,95,995.0,,,,,,,,,,,,,,,,,,,,,,,,,,,,,,0,0,0,0,0,0,0,0,0,0,0,0,0,0,0,0,0,0,0,0,0,0,0,0,0,0,0,0,0,1,0,1,0,0,0,,0,0,0,0,0,0,0,0,0,0,0,0,0,0,0,0,,,,,,36-40,36-45,County road,U,Saturday,Belt Used,PV,Not Fatal,0,0,0,0,County Road,County Sheriff,Law Enforcement Support Agency,0,0,1,0,0,,,,,,0.0,0.0,0.0,,,,,,,,,,,98.0,98.0,98.0,0.0,,,,,20.0,,,,,,,,,1.0,0.0,,,BROOKDALE RD E,4.0,,,98446
4074,2021,607,EB28406,35.0,05/07/2021,22:50,7,5,,53,Pierce,0,1,,3,1,1,1,1,3,1,,,,8,0,0,5.0,1,0,1,3,2,2,4,0,0,0,0,CR-176TH ST E,,-122.3302222,47.096522222,0,1,13,80,5,45,4,0,0,1,2,8,1,1,2,2,1,3,2,53,0,55,33,2007,0,,8,,,,,,1,1,34,1,0.0,,0,0,3,0,11,0,,,,,0.0,0.0,0.0,3.0,1,0,,,,96,,,,,,98,,,,,,98446.0,53,72.0,155.0,6.0,1.0,0.0,0.0,0.0,0.0,,0,,,,,,0,,,20,0,0,0,8.0,9,8,,,0,,,8,8,8.0,95.0,,,96.0,,,8,95,995.0,,,,,,,,,,,,,,,,,,,,,,,,,,,,,,0,0,0,0,0,0,0,0,0,1,0,1,0,0,0,0,0,0,0,0,0,0,0,0,0,0,0,0,0,1,0,1,0,0,0,,0,0,0,0,0,0,0,0,0,0,0,0,0,0,0,0,,,,,,31-35,26-35,County road,U,Friday,Belt Used,PV,Not Fatal,0,0,0,0,County Road,County Sheriff,Law Enforcement Support Agency,0,0,1,0,0,,,,,,0.0,0.0,0.0,,,,,,,,,,,98.0,98.0,98.0,0.0,,,,,20.0,,,,,,,,,1.0,0.0,,,176 ST E,4.95,,,98375