,year,case,par,repjur,crash_dt,crash_tm,accday,accmon,holiday,county,co_char,city,weather,weather2,lightcond,surfcond,surftype,numfatal,nmforms,pforms,vforms,not_tm,arr_tm,hosp_tm,fhevent,hitrun,manncol,milepnt,reljunc,reljuncinter,intersectiontype,funcsystem,landuse,ownership,route,schlbus,spejur,contdev,devfunc,trafid1,trafid2,x,y,wk_zone,vnumber,crashtype,criticalevent,criticaleventcat,spdlim,body,trailer,emerg,hazcargo,leave,mhevent,roadalgn,roadprof,traflane,trafflow,vehmanvr,numoccs,regowner,regstate,spuse,make,model,modelyr,vrf1,vrf2,seqevent1,seqevent2,seqevent3,seqevent4,seqevent5,seqevent6,pnumber,ptype,age,sex,hispanic,race,injury,diedscene,restraint,restraintmisuse,seatpos,takehosp,death_dt,death_tm,cert,cernum_wa,commlic,licendor,licrestrict,liccomp,drivpres,drf1,drf2,drf3,drf4,distract1,distract2,distract3,distract4,distract5,distract6,dricond1,dricond2,dricond3,dricond4,dricond5,dricond6,dzip,licstate,drhgt_in,weight,noncdl,noncdltype,prevdwi,prevoth,prevacc,prevspd,prevsus,driviol1,driviol2,driviol3,driviol4,driviol5,driviol6,spdrel,first_dt,last_dt,airbag,ejection,ejectpath,extricat,injurwrk,methalc,methdrug,nmlocat,strikveh,prf1,prf2,prf3,druginv,alcinvol,drugsts,drugres1,drugres2,drugres3,drugtst1,drugtst2,drugtst3,alcsts,alctst,alcres,nmact1,nmact2,nmact3,nmact4,nmact5,nmact6,nmprior1,nmprior2,nmprior3,nmprior4,nmprior5,nmprior6,nmcond1,nmcond2,nmcond3,nmcond4,nmcond5,nmcond6,nmsafe_helmet,nmsafe_pads,nmsafe_oth,nmprev_ref,nmprev_lgt,nmprev_oth,crashlocation,nmcrashtype,crosswalk,schoolzone,sidewalk,train_inv,wildlife_inv,rotr_fars,intersect_fars,dd_inv,aid_inv,dpd_inv,id_inv,mj_inv,impnm_inv,ainm_inv,dpnm_inv,speed_inv,unlic_inv,unendmc_inv,drowsy_inv,drdist_inv,nmdist_inv,fty_inv,unrestfat_inv,dr1617_inv,dr1820_inv,dr1620_inv,dr2125_inv,dr1625_inv,dr65_inv,dr70_inv,dr75_inv,mc_inv,pv_inv,ht_inv,ped_inv,bike_inv,unrest_fat,mc_fat,unhelmet_mc,pv_fat,ht_fat,ped_fat,bike_fat,dr_alc7,dr_alc8,dr_drug,dr_imp,dr_dist,dr_spd,dr_fty,dr_unlic,dr_alc7only,dr_alc8only,dr_drugonly,dr_drink,nm_imp,nm_alc7,nm_alc8,nm_drug,nm_dist,agegrp1,agegrp2,roadclass,urbrur,dayweek,restuse,vehtype,race_me,intersect,lanedep,oppdir,wrongway,rep_typ,investag,repag_long,rotr,st_rd,cty_rd,city_rd,oth_rd,drug_thc,thc_res,drug_cthc,cthc_res,drug_cann,prevpersemin,prevperse,prevsusoth,drugtst4,drugtst5,drugtst6,drugtst7,drugtst8,drugres4,drugres5,drugres6,drugres7,drugres8,adspresent,adsengaged,adslevel,race1,race2,race3,race4,race5,helmet,helmetmisuse,nmdistract1,nmdistract2,nmdistract3,nmdistract4,nmdistract5,nmdistract6,lab,isedtcase,crf1,crf2,crf3,CoRoadName,CoMP,IntCoRoadName,IntCoMP,zipcode
4113,2021,631,EB98551,1.0,11/24/2021,6:15,24,11,,77,Yakima,0,1,,3,4,1,1,0,18,10,,,,25,0,0,58.8,5,1,1,1,1,1,1,0,0,0,0,I-82 RAMP,,-120.1734778,46.342741667,0,2,98,5,1,70,34,0,0,1,2,12,3,1,2,3,14,1,1,53,0,20,481,2015,0,,12,12.0,,,,,1,1,48,1,0.0,,0,0,3,0,11,0,,,,,0.0,0.0,0.0,3.0,1,87,,,,96,,,,,,98,,,,,,98953.0,53,71.0,190.0,6.0,1.0,0.0,0.0,0.0,0.0,,0,,,,,,0,,,8,0,0,0,8.0,9,8,,,0,,,0,0,0.0,0.0,,,0.0,,,0,0,996.0,,,,,,,,,,,,,,,,,,,,,,,,,,,,,,0,0,0,0,0,0,0,0,0,0,0,0,0,1,0,0,0,0,0,0,0,0,0,1,1,1,0,0,0,1,1,0,0,0,0,,0,0,0,0,0,0,0,0,0,0,0,0,0,0,0,0,,,,,,46-50,46-55,Interstate,R,Wednesday,Belt Used,PV,Not Fatal,0,0,0,0,State Route,State Patrol,Washington State Patrol,0,1,0,0,0,,,,,,0.0,0.0,0.0,,,,,,,,,,,98.0,98.0,98.0,0.0,,,,,20.0,,,,,,,,,1.0,19.0,,,,,,,98932
4114,2021,631,EB98551,1.0,11/24/2021,6:15,24,11,,77,Yakima,0,1,,3,4,1,1,0,18,10,,,,25,0,0,58.8,5,1,1,1,1,1,1,0,0,0,0,I-82 RAMP,,-120.1734778,46.342741667,0,3,98,5,1,70,20,0,0,1,2,12,3,1,2,3,14,7,1,53,0,37,441,2011,0,,12,,,,,,1,1,44,2,0.0,,0,0,3,0,11,0,,,,,0.0,0.0,0.0,3.0,1,87,,,,96,,,,,,98,,,,,,98942.0,53,67.0,185.0,6.0,1.0,0.0,0.0,1.0,0.0,,0,,,,,,0,11/15/2017,11/15/2017,1,0,0,0,8.0,9,8,,,0,,,0,0,0.0,0.0,,,0.0,,,0,0,996.0,,,,,,,,,,,,,,,,,,,,,,,,,,,,,,0,0,0,0,0,0,0,0,0,0,0,0,0,1,0,0,0,0,0,0,0,0,0,1,1,1,0,0,0,1,1,0,0,0,0,,0,0,0,0,0,0,0,0,0,0,0,0,0,0,0,0,,,,,,41-45,36-45,Interstate,R,Wednesday,Belt Used,PV,Not Fatal,0,0,0,0,State Route,State Patrol,Washington State Patrol,0,1,0,0,0,,,,,,0.0,0.0,0.0,,,,,,,,,,,98.0,98.0,98.0,0.0,,,,,20.0,,,,,,,,,1.0,19.0,,,,,,,98932
4115,2021,631,EB98551,1.0,11/24/2021,6:15,24,11,,77,Yakima,0,1,,3,4,1,1,0,18,10,,,,25,0,0,58.8,5,1,1,1,1,1,1,0,0,0,0,I-82 RAMP,,-120.1734778,46.342741667,0,4,98,5,1,70,14,0,0,1,2,12,3,1,2,3,14,1,1,53,0,37,402,2010,0,,12,12.0,12.0,64.0,25.0,,1,1,65,1,0.0,,2,0,3,0,11,5,,,,,0.0,0.0,0.0,3.0,1,87,,,,96,,,,,,98,,,,,,98948.0,53,65.0,205.0,6.0,1.0,0.0,0.0,1.0,2.0,,0,,,,,,0,07/15/2017,04/15/2018,8,0,0,0,8.0,9,8,,,0,,,0,0,0.0,0.0,,,0.0,,,0,0,996.0,,,,,,,,,,,,,,,,,,,,,,,,,,,,,,0,0,0,0,0,0,0,0,0,0,0,0,0,1,0,0,0,0,0,0,0,0,0,1,1,1,0,0,0,1,1,0,0,0,0,,0,0,0,0,0,0,0,0,0,0,0,0,0,0,0,0,,,,,,61-65,56-65,Interstate,R,Wednesday,Belt Used,PV,Not Fatal,0,0,0,0,State Route,State Patrol,Washington State Patrol,0,1,0,0,0,,,,,,0.0,0.0,0.0,,,,,,,,,,,98.0,98.0,98.0,0.0,,,,,20.0,,,,,,,,,1.0,19.0,,,,,,,98932
4116,2021,631,EB98551,1.0,11/24/2021,6:15,24,11,,77,Yakima,0,1,,3,4,1,1,0,18,10,,,,25,0,0,58.8,5,1,1,1,1,1,1,0,0,0,0,I-82 RAMP,,-120.1734778,46.342741667,0,5,7,6,1,70,34,0,0,1,2,12,3,1,1,6,16,2,1,53,0,12,481,2005,0,,64,25.0,12.0,12.0,12.0,,1,1,43,1,0.0,,3,0,3,0,11,5,,,,,0.0,0.0,0.0,3.0,1,87,,,,96,,,,,,98,,,,,,99350.0,53,66.0,180.0,6.0,1.0,0.0,0.0,0.0,0.0,,0,,,,,,0,,,8,0,0,0,8.0,9,8,,,0,,,0,0,0.0,0.0,,,0.0,,,0,0,996.0,,,,,,,,,,,,,,,,,,,,,,,,,,,,,,0,0,0,0,0,0,0,0,0,0,0,0,0,1,0,0,0,0,0,0,0,0,0,1,1,1,0,0,0,1,1,0,0,0,0,,0,0,0,0,0,0,0,0,0,0,0,0,0,0,0,0,,,,,,41-45,36-45,Interstate,R,Wednesday,Belt Used,PV,Not Fatal,0,0,0,0,State Route,State Patrol,Washington State Patrol,0,1,0,0,0,,,,,,0.0,0.0,0.0,,,,,,,,,,,98.0,98.0,98.0,0.0,,,,,20.0,,,,,,,,,1.0,19.0,,,,,,,98932
4117,2021,631,EB98551,1.0,11/24/2021,6:15,24,11,,77,Yakima,0,1,,3,4,1,1,0,18,10,,,,25,0,0,58.8,5,1,1,1,1,1,1,0,0,0,0,I-82 RAMP,,-120.1734778,46.342741667,0,6,98,5,1,70,4,0,0,1,2,12,3,1,2,3,16,1,1,53,0,37,32,2011,0,,12,12.0,,,,,1,1,46,2,0.0,,0,0,3,0,11,0,,,,,0.0,0.0,0.0,3.0,1,87,,,,96,,,,,,98,,,,,,98951.0,53,58.0,130.0,6.0,1.0,0.0,0.0,0.0,1.0,,0,,,,,,0,09/15/2019,09/15/2019,8,0,0,0,8.0,9,8,,,0,,,0,0,0.0,0.0,,,0.0,,,0,0,996.0,,,,,,,,,,,,,,,,,,,,,,,,,,,,,,0,0,0,0,0,0,0,0,0,0,0,0,0,1,0,0,0,0,0,0,0,0,0,1,1,1,0,0,0,1,1,0,0,0,0,,0,0,0,0,0,0,0,0,0,0,0,0,0,0,0,0,,,,,,46-50,46-55,Interstate,R,Wednesday,Belt Used,PV,Not Fatal,0,0,0,0,State Route,State Patrol,Washington State Patrol,0,1,0,0,0,,,,,,0.0,0.0,0.0,,,,,,,,,,,98.0,98.0,98.0,0.0,,,,,20.0,,,,,,,,,1.0,19.0,,,,,,,98932
4118,2021,631,EB98551,1.0,11/24/2021,6:15,24,11,,77,Yakima,0,1,,3,4,1,1,0,18,10,,,,25,0,0,58.8,5,1,1,1,1,1,1,0,0,0,0,I-82 RAMP,,-120.1734778,46.342741667,0,7,98,5,1,70,4,0,0,1,2,12,3,1,2,3,14,1,2,53,0,48,34,1999,0,,12,12.0,,,,,1,1,56,1,0.0,,2,0,3,0,11,0,,,,,0.0,0.0,0.0,0.0,1,0,,,,96,,,,,,98,,,,,,98948.0,53,64.0,150.0,0.0,0.0,0.0,3.0,0.0,0.0,,0,,,,,,0,05/15/2019,01/15/2019,20,0,0,0,8.0,9,8,,,0,,,0,0,0.0,0.0,,,0.0,,,0,0,996.0,,,,,,,,,,,,,,,,,,,,,,,,,,,,,,0,0,0,0,0,0,0,0,0,0,0,0,0,1,0,0,0,0,0,0,0,0,0,1,1,1,0,0,0,1,1,0,0,0,0,,0,0,0,0,0,0,0,0,0,0,0,1,0,0,0,0,,,,,,56-60,56-65,Interstate,R,Wednesday,Belt Used,PV,Not Fatal,0,0,0,0,State Route,State Patrol,Washington State Patrol,0,1,0,0,0,,,,,,0.0,0.0,0.0,,,,,,,,,,,0.0,0.0,0.0,0.0,,,,,20.0,,,,,,,,,1.0,19.0,,,,,,,98932
4119,2021,631,EB98551,1.0,11/24/2021,6:15,24,11,,77,Yakima,0,1,,3,4,1,1,0,18,10,,,,25,0,0,58.8,5,1,1,1,1,1,1,0,0,0,0,I-82 RAMP,,-120.1734778,46.342741667,0,8,98,5,1,70,61,0,0,1,2,12,3,1,2,3,14,2,3,53,0,20,881,2007,0,,12,,,,,,1,1,65,1,0.0,,0,0,3,0,11,0,,,,,0.0,0.0,3.0,3.0,1,0,,,,96,,,,,,98,,,,,,98902.0,53,71.0,220.0,6.0,1.0,0.0,0.0,0.0,0.0,,0,,,,,,0,,,1,0,0,0,8.0,9,8,,,0,,,0,0,0.0,0.0,,,0.0,,,0,0,996.0,,,,,,,,,,,,,,,,,,,,,,,,,,,,,,0,0,0,0,0,0,0,0,0,0,0,0,0,1,0,0,0,0,0,0,0,0,0,1,1,1,0,0,0,1,1,0,0,0,0,,0,0,0,0,0,0,0,0,0,0,0,0,0,0,0,0,,,,,,61-65,56-65,Interstate,R,Wednesday,,MHTRUCK,Not Fatal,0,0,0,0,State Route,State Patrol,Washington State Patrol,0,1,0,0,0,,,,,,0.0,0.0,0.0,,,,,,,,,,,98.0,98.0,98.0,0.0,,,,,20.0,,,,,,,,,1.0,19.0,,,,,,,98932
4120,2021,631,EB98551,1.0,11/24/2021,6:15,24,11,,77,Yakima,0,1,,3,4,1,1,0,18,10,,,,25,0,0,58.8,5,1,1,1,1,1,1,0,0,0,0,I-82 RAMP,,-120.1734778,46.342741667,0,9,98,5,1,70,4,0,0,1,2,12,3,1,2,3,14,1,1,53,0,30,40,2014,0,,12,12.0,,,,,1,1,21,1,7.0,,4,7,99,7,11,0,11/24/2021,6:15,53060569.0,60569.0,0.0,0.0,3.0,3.0,1,0,,,,96,,,,,,98,,,,,,98936.0,53,69.0,113.0,6.0,1.0,0.0,0.0,0.0,1.0,,0,,,,,,0,06/15/2020,06/15/2020,8,0,0,0,0.0,9,8,,,0,,,9,9,2.0,1.0,,,1.0,,,2,1,0.0,,,,,,,,,,,,,,,,,,,,,,,,,,,,,,0,0,0,0,0,0,0,0,0,0,0,0,0,1,0,0,0,0,0,0,0,0,0,1,1,1,0,0,0,1,1,0,0,0,0,,1,0,0,0,0,0,0,0,0,0,0,0,0,0,0,0,,,,,,21-25,16-25,Interstate,R,Wednesday,Unknown,PV,White,0,0,0,0,State Route,State Patrol,Washington State Patrol,0,1,0,0,0,,,,,,0.0,0.0,0.0,,,,,,,,,,,98.0,98.0,98.0,1.0,,,,,20.0,,,,,,,,,1.0,19.0,,,,,,,98932
4121,2021,631,EB98551,1.0,11/24/2021,6:15,24,11,,77,Yakima,0,1,,3,4,1,1,0,18,10,,,,25,0,0,58.8,5,1,1,1,1,1,1,0,0,0,0,I-82 RAMP,,-120.1734778,46.342741667,0,10,98,5,1,70,34,0,0,1,2,12,3,1,2,3,14,1,1,53,0,23,481,2011,0,,12,,,,,,1,1,32,1,0.0,,0,0,3,0,11,0,,,,,0.0,0.0,0.0,2.0,1,0,,,,96,,,,,,98,,,,,,98901.0,53,68.0,220.0,1.0,1.0,1.0,0.0,0.0,0.0,,0,,,,,,0,09/15/2021,09/15/2021,1,0,0,0,8.0,9,8,,,0,,,0,0,0.0,0.0,,,0.0,,,0,0,996.0,,,,,,,,,,,,,,,,,,,,,,,,,,,,,,0,0,0,0,0,0,0,0,0,0,0,0,0,1,0,0,0,0,0,0,0,0,0,1,1,1,0,0,0,1,1,0,0,0,0,,0,0,0,0,0,0,0,0,0,0,0,1,0,0,0,0,,,,,,31-35,26-35,Interstate,R,Wednesday,Belt Used,PV,Not Fatal,0,0,0,0,State Route,State Patrol,Washington State Patrol,0,1,0,0,0,,,,,,0.0,1.0,0.0,,,,,,,,,,,98.0,98.0,98.0,0.0,,,,,20.0,,,,,,,,,1.0,19.0,,,,,,,98932
4122,2021,632,TECH080,32.0,08/08/2021,22:50,8,8,,47,Okanogan,1580,98,,8,98,2,1,1,1,1,,,,8,1,0,2.7,1,0,1,4,2,1,3,0,0,0,0,SR-215,,-119.5559694,48.385641667,0,1,13,80,5,98,34,0,0,1,5,8,1,1,3,5,1,99,9,99,0,99,499,9999,0,,8,,,,,,1,1,999,9,0.0,,0,0,98,7,11,0,,,,,99.0,9.0,9.0,9.0,1,0,,,,96,,,,,,98,,,,,,99999.0,99,,999.0,9.0,9.0,99.0,99.0,99.0,99.0,,97,,,,,,0,,,98,0,0,0,8.0,9,8,,,0,,,8,8,0.0,0.0,,,0.0,,,0,0,996.0,,,,,,,,,,,,,,,,,,,,,,,,,,,,,,0,0,0,0,0,0,0,0,0,0,0,0,0,0,0,0,0,0,0,0,0,0,0,0,0,0,0,0,0,1,0,1,0,0,0,,0,0,0,0,0,0,0,0,0,0,0,0,0,0,0,0,,,,,,,,State route,U,Sunday,Unknown,PV,Not Fatal,0,0,0,0,State Route,,,0,1,0,0,0,,,,,,99.0,99.0,99.0,,,,,,,,,,,98.0,98.0,98.0,0.0,,,,,20.0,,,,,,,,,0.0,0.0,,,,,,,98840
4123,2021,633,TECH031,32.0,03/11/2021,3:15,11,3,,47,Okanogan,1600,98,,8,98,2,1,0,1,1,,,,1,0,0,,1,0,1,6,1,2,4,0,3,0,0,CR-OMAK-RIVERSIDE EASTSIDE RD,,-119.4717944,48.467591667,0,1,98,9,1,98,6,0,0,1,2,1,1,8,2,1,1,1,1,53,0,52,47,2003,0,,1,,,,,,1,1,38,1,7.0,,4,7,98,7,11,0,03/11/2021,3:15,160053013280.0,13280.0,0.0,0.0,3.0,2.0,1,0,,,,96,,,,,,98,,,,,,98841.0,53,72.0,190.0,1.0,1.0,1.0,1.0,0.0,2.0,,0,,,,,,0,07/15/2017,09/15/2020,9,1,9,0,0.0,9,8,,,0,,,8,8,2.0,695.0,605.0,,1.0,1.0,,2,1,0.135,,,,,,,,,,,,,,,,,,,,,,,,,,,,,,0,0,0,0,1,1,1,1,1,0,0,0,0,1,0,0,0,0,0,0,0,0,0,0,0,0,0,0,0,1,0,0,0,0,0,,1,0,0,0,0,1,1,1,0,0,0,1,0,0,0,1,,,,,,36-40,36-45,County road,R,Thursday,Unknown,PV,Multiracial,0,0,0,0,County Road,,,0,0,1,0,0,thc,6.6,carboxy-thc,22.0,,1.0,0.0,0.0,,,,,,,,,,,98.0,98.0,98.0,202.0,298.0,,,,20.0,,,,,,,,nms,0.0,0.0,,,,,,,98841
4124,2021,634,EB30534,303.0,05/15/2021,21:04,15,5,,53,Pierce,2337,1,,3,1,1,1,0,5,1,,,,39,0,0,0.0,3,0,6,4,2,4,6,0,0,0,0,GRANDVIEW DR W,Olympic Blvd W,-122.557925,47.222044444,0,1,1,9,1,25,4,0,0,1,2,39,1,1,2,1,1,5,2,53,0,19,21,2007,0,,64,69.0,63.0,39.0,2.0,,1,1,29,1,0.0,,3,0,20,7,11,0,,,,,0.0,0.0,0.0,0.0,1,0,,,,96,,,,,,98,,,,,,98404.0,53,69.0,192.0,0.0,0.0,0.0,0.0,0.0,0.0,,97,,,,,,3,,,8,0,0,0,8.0,9,8,,,0,,,8,8,2.0,1.0,,,1.0,,,2,1,0.13,,,,,,,,,,,,,,,,,,,,,,,,,,,,,,0,0,1,1,1,1,0,1,0,0,0,0,1,1,0,0,0,0,0,1,0,0,0,0,0,0,0,0,0,1,0,0,0,0,0,,0,0,0,0,0,1,0,1,0,1,0,1,0,1,0,1,,,,,,26-30,26-35,City street,U,Saturday,Not Used,PV,Not Fatal,0,0,0,0,City Street,Municipal/City Police,University Place Police Department,0,0,0,1,0,,,,,,0.0,0.0,0.0,,,,,,,,,,,98.0,98.0,98.0,0.0,,,,,20.0,,,,,,,,,1.0,0.0,,,,,,,98466
4125,2021,635,,344.0,11/11/2021,7:00,11,11,,77,Yakima,890,98,,8,98,2,1,1,1,1,,,,8,1,0,,1,0,1,5,1,2,4,0,3,0,0,CR-BRANCH RD,,-120.5723389,46.404533333,0,1,13,80,5,98,98,9,0,1,5,8,8,2,2,1,1,99,9,99,0,97,997,9998,0,,8,,,,,,1,1,998,8,0.0,,0,0,98,7,11,0,,,,,99.0,9.0,9.0,9.0,1,0,,,,96,,,,,,98,,,,,,99999.0,98,,999.0,9.0,9.0,99.0,99.0,99.0,99.0,,97,,,,,,0,,,98,0,0,0,8.0,9,8,,,0,,,8,8,8.0,95.0,,,96.0,,,8,95,995.0,,,,,,,,,,,,,,,,,,,,,,,,,,,,,,0,0,0,0,0,0,0,0,0,1,1,0,0,0,0,0,0,0,0,0,0,0,0,0,0,0,0,0,0,0,0,1,0,0,0,,0,0,0,0,0,0,0,0,0,0,0,0,0,0,0,0,,,,,,,,County road,R,Thursday,,NR-U,Not Fatal,0,0,0,0,County Road,,,0,0,1,0,0,,,,,,99.0,99.0,99.0,,,,,,,,,,,98.0,98.0,98.0,0.0,,,,,20.0,,,,,,,,,0.0,0.0,,,,,,,98933
4126,2021,636,Incid08,334.0,08/08/2021,9:38,8,8,,47,Okanogan,0,98,,8,98,2,1,0,2,2,,,,12,0,1,41.9,8,0,1,4,1,1,3,0,0,0,0,SR-155,,-118.9767944,48.142938889,0,1,28,52,3,98,4,0,0,1,5,12,1,2,2,1,1,1,1,53,0,49,32,2010,0,,12,,,,,,1,1,48,2,7.0,,4,0,98,7,11,5,08/08/2021,14:07,211053038544.0,38544.0,0.0,0.0,3.0,2.0,1,0,,,,96,,,,,,98,,,,,,98840.0,53,62.0,150.0,1.0,1.0,1.0,2.0,0.0,0.0,,0,,,,,,0,05/15/2017,06/15/2021,98,0,0,1,0.0,9,8,,,0,,,8,8,2.0,401.0,417.0,,1.0,1.0,,2,1,0.177,,,,,,,,,,,,,,,,,,,,,,,,,,,,,,0,0,0,0,1,1,1,1,0,0,0,0,0,1,0,0,0,0,0,0,0,1,1,0,1,0,0,0,0,1,0,0,0,0,0,,1,0,0,0,0,1,1,1,0,0,0,1,0,0,0,1,,,,,,46-50,46-55,State route,R,Sunday,Unknown,PV,AIAN,0,0,0,0,State Route,,,0,1,0,0,0,,,,,,0.0,1.0,5.0,,,,,,,,,,,98.0,98.0,98.0,3.0,,,,,20.0,,,,,,,,,0.0,0.0,,,,,,,99155
4127,2021,636,Incid08,334.0,08/08/2021,9:38,8,8,,47,Okanogan,0,98,,8,98,2,1,0,2,2,,,,12,0,1,41.9,8,0,1,4,1,1,3,0,0,0,0,SR-155,,-118.9767944,48.142938889,0,2,29,53,3,98,4,0,0,1,5,12,1,2,2,1,2,1,2,53,0,49,40,2017,0,,12,,,,,,1,1,18,1,0.0,,0,0,98,7,11,0,,,,,0.0,0.0,0.0,0.0,1,0,,,,96,,,,,,98,,,,,,99155.0,53,67.0,140.0,0.0,0.0,0.0,0.0,0.0,0.0,,97,,,,,,0,,,20,0,0,0,8.0,9,8,,,0,,,8,8,8.0,95.0,,,96.0,,,8,95,995.0,,,,,,,,,,,,,,,,,,,,,,,,,,,,,,0,0,0,0,1,1,1,1,0,0,0,0,0,1,0,0,0,0,0,0,0,1,1,0,1,0,0,0,0,1,0,0,0,0,0,,0,0,0,0,0,0,0,0,0,0,0,1,0,0,0,0,,,,,,18-20,16-25,State route,R,Sunday,Unknown,PV,Not Fatal,0,0,0,0,State Route,,,0,1,0,0,0,,,,,,0.0,0.0,0.0,,,,,,,,,,,98.0,98.0,98.0,0.0,,,,,20.0,,,,,,,,,0.0,0.0,,,,,,,99155
4128,2021,638,Incid09,334.0,09/05/2021,1:36,5,9,,19,Ferry,0,98,,6,98,8,1,0,1,1,,,,42,0,0,9999.8,1,0,1,96,6,96,8,0,3,0,0,BRIDGE CREEK RD,,-778.3049361,78.304936111,0,1,98,19,2,98,34,0,0,1,5,42,8,8,8,8,99,1,0,53,0,20,481,1992,0,,79,42.0,42.0,,,,1,1,48,1,7.0,,4,7,98,7,11,0,09/05/2021,1:36,53044585.0,44585.0,0.0,0.0,0.0,3.0,1,0,,,,96,,,,,,98,,,,,,99138.0,53,68.0,190.0,6.0,1.0,0.0,0.0,0.0,1.0,,0,,,,,,0,10/15/2017,10/15/2017,98,0,0,0,9.0,9,8,,,0,,,8,8,2.0,1.0,,,1.0,,,2,1,0.19,,,,,,,,,,,,,,,,,,,,,,,,,,,,,,0,0,0,0,1,1,0,1,0,0,0,0,0,0,0,0,0,0,0,0,0,0,0,0,0,0,0,0,0,1,0,0,0,0,0,,1,0,0,0,0,1,0,1,0,0,0,0,0,1,0,1,,,,,,46-50,46-55,Other,,Sunday,Unknown,PV,AIAN,0,0,0,0,Other,,,0,0,0,0,1,,,,,,0.0,0.0,0.0,,,,,,,,,,,0.0,0.0,0.0,3.0,,,,,20.0,,,,,,,,,0.0,0.0,,,,,,,3971
4129,2021,639,EB48605,263.0,04/21/2021,17:32,21,4,,33,King,1960,1,,1,1,2,1,0,2,2,,,,12,0,1,0.0,3,0,2,3,2,4,6,0,0,0,0,RAINER AVE S,S GRAND ST,-122.3048944,47.587086111,0,1,20,50,3,98,4,0,0,1,5,12,8,8,5,5,1,1,3,53,0,37,31,2005,0,,12,63.0,30.0,,,,1,1,87,1,7.0,,4,0,20,7,11,4,05/20/2021,1:10,110253024910.0,24910.0,0.0,0.0,3.0,3.0,1,0,,,,96,,,,,,1,,,,,,98503.0,53,68.0,210.0,6.0,1.0,0.0,0.0,0.0,0.0,,0,,,,,,0,,,8,0,0,0,0.0,9,8,,,0,,,8,8,8.0,95.0,,,96.0,,,8,95,995.0,,,,,,,,,,,,,,,,,,,,,,,,,,,,,,0,0,0,1,0,0,0,0,0,0,0,0,0,0,0,0,0,0,0,1,0,0,0,0,0,1,1,1,0,1,0,0,0,1,0,,1,0,0,0,0,0,0,0,0,0,0,0,0,0,0,0,,,,,,81+,76+,City street,U,Wednesday,Not Used,PV,White,0,0,0,0,City Street,Municipal/City Police,Seattle Police Department,0,0,0,1,0,,,,,,0.0,0.0,0.0,,,,,,,,,,,98.0,98.0,98.0,1.0,,,,,20.0,,,,,,,,,0.0,0.0,,,,,,,98144
4130,2021,639,EB48605,263.0,04/21/2021,17:32,21,4,,33,King,1960,1,,1,1,2,1,0,2,2,,,,12,0,1,0.0,3,0,2,3,2,4,6,0,0,0,0,RAINER AVE S,S GRAND ST,-122.3048944,47.587086111,0,2,21,53,3,98,4,0,0,1,5,12,8,8,5,5,5,1,1,53,0,55,36,2017,0,,12,,,,,,1,1,50,1,0.0,,0,0,3,0,11,0,,,,,0.0,0.0,0.0,3.0,1,0,,,,96,,,,,,98,,,,,,98144.0,53,66.0,137.0,6.0,1.0,0.0,0.0,0.0,0.0,,0,,,,,,0,,,20,0,0,0,8.0,9,8,,,0,,,8,8,8.0,95.0,,,96.0,,,8,95,995.0,,,,,,,,,,,,,,,,,,,,,,,,,,,,,,0,0,0,1,0,0,0,0,0,0,0,0,0,0,0,0,0,0,0,1,0,0,0,0,0,1,1,1,0,1,0,0,0,0,0,,0,0,0,0,0,0,0,0,0,0,0,0,0,0,0,0,,,,,,46-50,46-55,City street,U,Wednesday,Belt Used,PV,Not Fatal,0,0,0,0,City Street,Municipal/City Police,Seattle Police Department,0,0,0,1,0,,,,,,0.0,0.0,0.0,,,,,,,,,,,98.0,98.0,98.0,0.0,,,,,20.0,,,,,,,,,0.0,0.0,,,,,,,98144
4131,2021,640,Inciden,42.0,10/15/2021,14:55,15,10,,67,Thurston,0,10,,1,1,2,1,0,1,1,,,,42,0,0,,1,0,1,5,1,2,4,0,0,0,0,CR-STEAMBOAT ISLAND RD NW,,-123.0058917,47.110469444,0,1,6,8,1,50,14,0,0,1,2,42,1,8,2,1,1,1,1,53,0,55,402,2007,0,,68,64.0,42.0,1.0,2.0,,1,1,87,1,7.0,,4,0,3,0,11,1,10/15/2021,16:42,196053053325.0,53325.0,0.0,0.0,0.0,3.0,1,0,,,,96,,,,,,1,,,,,,98502.0,53,69.0,160.0,6.0,1.0,0.0,0.0,0.0,0.0,,0,,,,,,0,,,98,0,0,0,0.0,5,8,,,0,,,8,0,2.0,996.0,522.0,,1.0,1.0,,2,1,0.0,,,,,,,,,,,,,,,,,,,,,,,,,,,,,,0,0,1,0,0,0,1,1,0,0,0,0,0,0,0,0,0,0,0,0,0,0,0,0,0,1,1,1,0,1,0,0,0,0,0,,1,0,0,0,0,0,1,1,0,0,0,0,0,0,1,0,,,,,,81+,76+,County road,R,Friday,Belt Used,PV,White,0,0,0,0,County Road,,,0,0,1,0,0,,,,,,0.0,0.0,0.0,,,,,,,,,,,98.0,98.0,98.0,1.0,,,,,20.0,,,,,,,,,0.0,0.0,,,,,,,98502